2026-04-27 08:40:56,325 - datasetFactory - INFO - 15572 - cifar10
2026-04-27 08:40:56,325 - datasetFactory - INFO - 22652 - cifar10
2026-04-27 08:40:56,325 - datasetFactory - INFO - 25788 - cifar10
2026-04-27 08:40:56,325 - datasetFactory - INFO - 16632 - cifar10
2026-04-27 08:40:56,325 - datasetFactory - INFO - 24884 - cifar10
2026-04-27 08:40:56,398 - TorchvisionDatasetController - INFO - 22652 - <bound method DataPartitioner.hetero of <datasets.Partition_Data.DataPartitioner object at 0x0000026D9A35EF30>>
2026-04-27 08:40:56,398 - DataPartitioner - INFO - 22652 - hetero
2026-04-27 08:40:56,398 - TorchvisionDatasetController - INFO - 22652 - F:\phd\Split-Experiments\Split-Framework\datasets\downloads
2026-04-27 08:40:56,399 - TorchvisionDatasetController - INFO - 24884 - <bound method DataPartitioner.hetero of <datasets.Partition_Data.DataPartitioner object at 0x000002D8E0217EF0>>
2026-04-27 08:40:56,399 - DataPartitioner - INFO - 24884 - hetero
2026-04-27 08:40:56,399 - TorchvisionDatasetController - INFO - 24884 - F:\phd\Split-Experiments\Split-Framework\datasets\downloads
2026-04-27 08:40:56,399 - main - INFO - 25788 - Process 4 initialized with device: cpu
2026-04-27 08:40:56,400 - SplitNN_distributed - INFO - 25788 - process_id == fed_server_rank : 4
2026-04-27 08:40:56,400 - TorchvisionDatasetController - INFO - 16632 - <bound method DataPartitioner.hetero of <datasets.Partition_Data.DataPartitioner object at 0x0000019C4D41D250>>
2026-04-27 08:40:56,400 - DataPartitioner - INFO - 16632 - hetero
2026-04-27 08:40:56,400 - TorchvisionDatasetController - INFO - 16632 - F:\phd\Split-Experiments\Split-Framework\datasets\downloads
2026-04-27 08:40:56,416 - init_fed_server - INFO - 25788 - FedServer run begin SplitFed
2026-04-27 08:40:56,478 - TorchvisionDatasetController - INFO - 15572 - <bound method DataPartitioner.hetero of <datasets.Partition_Data.DataPartitioner object at 0x00000235D0C4EF30>>
2026-04-27 08:40:56,478 - DataPartitioner - INFO - 15572 - hetero
2026-04-27 08:40:56,478 - TorchvisionDatasetController - INFO - 15572 - F:\phd\Split-Experiments\Split-Framework\datasets\downloads
2026-04-27 08:40:57,519 - DataPartitioner - INFO - 16632 - traindata_cls_counts: {0: {0: 4873, 1: 261, 2: 1161, 3: 4184, 4: 1683, 5: 230, 6: 106, 7: 1919, 8: 3849, 9: 3232}, 1: {0: 82, 1: 906, 2: 423, 3: 672, 4: 2128, 5: 313, 6: 4072, 7: 370, 8: 213, 9: 1505}, 2: {0: 45, 1: 3833, 2: 3416, 3: 144, 4: 1189, 5: 4457, 6: 822, 7: 2711, 8: 938, 9: 263}}
2026-04-27 08:40:57,520 - DataPartitioner - INFO - 24884 - traindata_cls_counts: {0: {0: 4873, 1: 261, 2: 1161, 3: 4184, 4: 1683, 5: 230, 6: 106, 7: 1919, 8: 3849, 9: 3232}, 1: {0: 82, 1: 906, 2: 423, 3: 672, 4: 2128, 5: 313, 6: 4072, 7: 370, 8: 213, 9: 1505}, 2: {0: 45, 1: 3833, 2: 3416, 3: 144, 4: 1189, 5: 4457, 6: 822, 7: 2711, 8: 938, 9: 263}}
2026-04-27 08:40:57,520 - TorchvisionDatasetController - INFO - 16632 - rank = 2, local_sample_number = 10684
2026-04-27 08:40:57,520 - TorchvisionDatasetController - INFO - 24884 - rank = 3, local_sample_number = 17818
2026-04-27 08:40:57,520 - DataPartitioner - INFO - 22652 - traindata_cls_counts: {0: {0: 4873, 1: 261, 2: 1161, 3: 4184, 4: 1683, 5: 230, 6: 106, 7: 1919, 8: 3849, 9: 3232}, 1: {0: 82, 1: 906, 2: 423, 3: 672, 4: 2128, 5: 313, 6: 4072, 7: 370, 8: 213, 9: 1505}, 2: {0: 45, 1: 3833, 2: 3416, 3: 144, 4: 1189, 5: 4457, 6: 822, 7: 2711, 8: 938, 9: 263}}
2026-04-27 08:40:57,521 - TorchvisionDatasetController - INFO - 22652 - rank = 1, local_sample_number = 21498
2026-04-27 08:40:57,557 - DataPartitioner - INFO - 15572 - traindata_cls_counts: {0: {0: 4873, 1: 261, 2: 1161, 3: 4184, 4: 1683, 5: 230, 6: 106, 7: 1919, 8: 3849, 9: 3232}, 1: {0: 82, 1: 906, 2: 423, 3: 672, 4: 2128, 5: 313, 6: 4072, 7: 370, 8: 213, 9: 1505}, 2: {0: 45, 1: 3833, 2: 3416, 3: 144, 4: 1189, 5: 4457, 6: 822, 7: 2711, 8: 938, 9: 263}}
2026-04-27 08:40:58,734 - TorchvisionDatasetController - INFO - 16632 - process_id = 2, batch_num_train_local = 83, batch_num_test_local = 79
2026-04-27 08:40:58,735 - TorchvisionDatasetController - INFO - 22652 - process_id = 1, batch_num_train_local = 167, batch_num_test_local = 79
2026-04-27 08:40:58,735 - TorchvisionDatasetController - INFO - 24884 - process_id = 3, batch_num_train_local = 139, batch_num_test_local = 79
2026-04-27 08:40:58,746 - main - INFO - 22652 - Process 1 initialized with device: cpu
2026-04-27 08:40:58,747 - main - INFO - 16632 - Process 2 initialized with device: cpu
2026-04-27 08:40:58,747 - main - INFO - 24884 - Process 3 initialized with device: cpu
2026-04-27 08:40:58,747 - SplitNN_distributed - INFO - 22652 - process_id == client_rank : 1
2026-04-27 08:40:58,747 - SplitNN_distributed - INFO - 16632 - process_id == client_rank : 2
2026-04-27 08:40:58,747 - SplitNN_distributed - INFO - 24884 - process_id == client_rank : 3
2026-04-27 08:40:58,747 - TorchvisionDatasetController - INFO - 15572 - train_dl_global number = 390
2026-04-27 08:40:58,747 - TorchvisionDatasetController - INFO - 15572 - test_dl_global number = 79
2026-04-27 08:40:58,755 - main - INFO - 15572 - Process 0 initialized with device: cuda:0
2026-04-27 08:40:58,755 - SplitNN_distributed - INFO - 15572 - process_id == server_rank : 0
2026-04-27 08:40:58,764 - init_client - INFO - 22652 - Client 1 run begin
2026-04-27 08:40:58,764 - init_client - INFO - 24884 - Client 3 run begin
2026-04-27 08:40:58,764 - init_client - INFO - 16632 - Client 2 run begin
2026-04-27 08:40:58,770 - init_server - INFO - 15572 - Server run begin SplitFed
2026-04-27 08:40:59,695 - CommBreakdown - INFO - 16632 - tensor_distribution rank=2 node_type=client phase=train epoch=0 sample=early tensor=activations[0] shape=(128, 64, 16, 16) mean=0.863582 std=1.08571 min=0 max=14.4978 mean_abs=0.863582 max_abs=14.4978 p95_abs=3.03469 p99_abs=4.68549 skewness=1.91114 kurtosis=8.25239 mean_channel_std=1.07521 std_channel_std=0.145173 max_channel_scale_over_min_channel_scale=2.31671 spread=high spread_score=1.25722 outliers=medium outlier_score=2.02995 near_zero=medium near_zero_fraction=0.350717
2026-04-27 08:40:59,713 - CommBreakdown - INFO - 24884 - tensor_distribution rank=3 node_type=client phase=train epoch=0 sample=early tensor=activations[0] shape=(128, 64, 16, 16) mean=0.868457 std=1.08258 min=0 max=13.8834 mean_abs=0.868457 max_abs=13.8834 p95_abs=3.04574 p99_abs=4.66893 skewness=1.82911 kurtosis=7.54114 mean_channel_std=1.07293 std_channel_std=0.138529 max_channel_scale_over_min_channel_scale=2.42515 spread=medium spread_score=1.24655 outliers=medium outlier_score=2.00948 near_zero=medium near_zero_fraction=0.350053
2026-04-27 08:40:59,733 - CommBreakdown - INFO - 22652 - tensor_distribution rank=1 node_type=client phase=train epoch=0 sample=early tensor=activations[0] shape=(128, 64, 16, 16) mean=0.866268 std=1.08482 min=0 max=13.1405 mean_abs=0.866268 max_abs=13.1405 p95_abs=3.04915 p99_abs=4.67243 skewness=1.86371 kurtosis=7.85754 mean_channel_std=1.07515 std_channel_std=0.138627 max_channel_scale_over_min_channel_scale=2.06962 spread=high spread_score=1.25229 outliers=medium outlier_score=2.01052 near_zero=medium near_zero_fraction=0.350371
2026-04-27 08:41:01,127 - CommBreakdown - INFO - 15572 - tensor_distribution rank=0 node_type=server phase=train epoch=0 sample=early tensor=activation_grads shape=(128, 64, 16, 16) mean=1.65078e-09 std=5.47416e-05 min=-0.00049476 max=0.000463605 mean_abs=3.98008e-05 max_abs=0.00049476 p95_abs=0.000114195 p99_abs=0.000174134 skewness=0.000403017 kurtosis=4.88256e-05 mean_channel_std=5.47191e-05 std_channel_std=1.57084e-06 max_channel_scale_over_min_channel_scale=1.60628 spread=high spread_score=1.37539 outliers=medium outlier_score=1.96133 near_zero=low near_zero_fraction=0.0801873
2026-04-27 08:41:33,958 - SplitNNClient - INFO - 16632 - phase=train acc=0.3421875 loss=28.88146138191223 epoch=0 and step=10
2026-04-27 08:41:35,258 - SplitNNClient - INFO - 24884 - phase=train acc=0.23125 loss=34.813666343688965 epoch=0 and step=10
2026-04-27 08:41:36,433 - SplitNNClient - INFO - 22652 - phase=train acc=0.1796875 loss=30.330772399902344 epoch=0 and step=10
2026-04-27 08:42:10,818 - SplitNNClient - INFO - 16632 - phase=train acc=0.353515625 loss=49.31112515926361 epoch=0 and step=20
2026-04-27 08:42:11,998 - SplitNNClient - INFO - 24884 - phase=train acc=0.234765625 loss=55.59190821647644 epoch=0 and step=20
2026-04-27 08:42:13,274 - SplitNNClient - INFO - 22652 - phase=train acc=0.198828125 loss=51.58086061477661 epoch=0 and step=20
2026-04-27 08:42:47,394 - SplitNNClient - INFO - 16632 - phase=train acc=0.36666666666666664 loss=68.18145799636841 epoch=0 and step=30
2026-04-27 08:42:48,572 - SplitNNClient - INFO - 24884 - phase=train acc=0.24348958333333334 loss=76.85119450092316 epoch=0 and step=30
2026-04-27 08:42:49,785 - SplitNNClient - INFO - 22652 - phase=train acc=0.21848958333333332 loss=72.09617030620575 epoch=0 and step=30
2026-04-27 08:43:23,877 - SplitNNClient - INFO - 16632 - phase=train acc=0.374609375 loss=86.52163791656494 epoch=0 and step=40
2026-04-27 08:43:25,089 - SplitNNClient - INFO - 24884 - phase=train acc=0.248046875 loss=96.70218586921692 epoch=0 and step=40
2026-04-27 08:43:26,264 - SplitNNClient - INFO - 22652 - phase=train acc=0.241015625 loss=91.36288142204285 epoch=0 and step=40
2026-04-27 08:44:00,472 - SplitNNClient - INFO - 16632 - phase=train acc=0.38671875 loss=103.36559867858887 epoch=0 and step=50
2026-04-27 08:44:01,652 - SplitNNClient - INFO - 24884 - phase=train acc=0.25296875 loss=116.00753843784332 epoch=0 and step=50
2026-04-27 08:44:02,862 - SplitNNClient - INFO - 22652 - phase=train acc=0.25734375 loss=109.46714758872986 epoch=0 and step=50
2026-04-27 08:44:36,909 - SplitNNClient - INFO - 16632 - phase=train acc=0.394921875 loss=120.2540819644928 epoch=0 and step=60
2026-04-27 08:44:38,124 - SplitNNClient - INFO - 24884 - phase=train acc=0.25611979166666665 loss=134.98142528533936 epoch=0 and step=60
2026-04-27 08:44:39,369 - SplitNNClient - INFO - 22652 - phase=train acc=0.26848958333333334 loss=127.4422836303711 epoch=0 and step=60
2026-04-27 08:45:13,268 - SplitNNClient - INFO - 16632 - phase=train acc=0.40234375 loss=136.0987490415573 epoch=0 and step=70
2026-04-27 08:45:14,481 - SplitNNClient - INFO - 24884 - phase=train acc=0.26004464285714285 loss=153.36698949337006 epoch=0 and step=70
2026-04-27 08:45:15,719 - SplitNNClient - INFO - 22652 - phase=train acc=0.27700892857142856 loss=145.69883286952972 epoch=0 and step=70
2026-04-27 08:45:49,982 - SplitNNClient - INFO - 16632 - phase=train acc=0.40927734375 loss=152.14081168174744 epoch=0 and step=80
2026-04-27 08:45:51,218 - SplitNNClient - INFO - 24884 - phase=train acc=0.26572265625 loss=171.60644495487213 epoch=0 and step=80
2026-04-27 08:45:52,465 - SplitNNClient - INFO - 22652 - phase=train acc=0.28779296875 loss=163.24605655670166 epoch=0 and step=80
2026-04-27 08:46:19,126 - SplitNNClient - INFO - 24884 - phase=train acc=0.27621527777777777 loss=188.96385753154755 epoch=0 and step=90
2026-04-27 08:46:20,365 - SplitNNClient - INFO - 22652 - phase=train acc=0.2894965277777778 loss=181.56045305728912 epoch=0 and step=90
2026-04-27 08:46:43,543 - SplitNNClient - INFO - 24884 - phase=train acc=0.28890625 loss=205.4865597486496 epoch=0 and step=100
2026-04-27 08:46:44,752 - SplitNNClient - INFO - 22652 - phase=train acc=0.29453125 loss=199.0295763015747 epoch=0 and step=100
2026-04-27 08:47:07,921 - SplitNNClient - INFO - 24884 - phase=train acc=0.2995028409090909 loss=222.1185985803604 epoch=0 and step=110
2026-04-27 08:47:09,099 - SplitNNClient - INFO - 22652 - phase=train acc=0.3 loss=215.97453010082245 epoch=0 and step=110
2026-04-27 08:47:31,945 - SplitNNClient - INFO - 24884 - phase=train acc=0.3089192708333333 loss=238.35529839992523 epoch=0 and step=120
2026-04-27 08:47:33,090 - SplitNNClient - INFO - 22652 - phase=train acc=0.3068359375 loss=231.99722409248352 epoch=0 and step=120
2026-04-27 08:47:56,264 - SplitNNClient - INFO - 24884 - phase=train acc=0.3183894230769231 loss=254.47067153453827 epoch=0 and step=130
2026-04-27 08:47:57,440 - SplitNNClient - INFO - 22652 - phase=train acc=0.3108173076923077 loss=249.35125148296356 epoch=0 and step=130
2026-04-27 08:48:21,142 - SplitNNClient - INFO - 22652 - phase=train acc=0.31534598214285714 loss=265.95712745189667 epoch=0 and step=140
2026-04-27 08:48:41,313 - SplitNNClient - INFO - 22652 - phase=train acc=0.3194270833333333 loss=282.67895352840424 epoch=0 and step=150
2026-04-27 08:49:01,582 - SplitNNClient - INFO - 22652 - phase=train acc=0.322314453125 loss=299.5029385089874 epoch=0 and step=160
2026-04-27 08:49:15,585 - FedServerManager - INFO - 25788 - get all model params ---- from rank fed_server
2026-04-27 08:49:27,074 - SplitNNClient - INFO - 24884 - phase=validation acc=0.1 loss=184.65816807746887 epoch=0 and step=79
2026-04-27 08:49:27,120 - SplitNNClient - INFO - 16632 - phase=validation acc=0.1 loss=184.65816807746887 epoch=0 and step=79
2026-04-27 08:49:27,167 - SplitNNClient - INFO - 22652 - phase=validation acc=0.1 loss=184.65816807746887 epoch=0 and step=79
2026-04-27 08:49:29,533 - SplitNNClient - INFO - 24884 - phase=train acc=0.31015625 loss=19.080780625343323 epoch=1 and step=10
2026-04-27 08:49:29,603 - SplitNNClient - INFO - 22652 - phase=train acc=0.2765625 loss=19.651955604553223 epoch=1 and step=10
2026-04-27 08:49:29,703 - SplitNNClient - INFO - 16632 - phase=train acc=0.3703125 loss=18.91514229774475 epoch=1 and step=10
2026-04-27 08:49:31,956 - SplitNNClient - INFO - 24884 - phase=train acc=0.334765625 loss=36.67700266838074 epoch=1 and step=20
2026-04-27 08:49:32,025 - SplitNNClient - INFO - 22652 - phase=train acc=0.2953125 loss=37.422762751579285 epoch=1 and step=20
2026-04-27 08:49:32,092 - SplitNNClient - INFO - 16632 - phase=train acc=0.41875 loss=34.751750230789185 epoch=1 and step=20
2026-04-27 08:49:34,357 - SplitNNClient - INFO - 24884 - phase=train acc=0.35963541666666665 loss=53.36394464969635 epoch=1 and step=30
2026-04-27 08:49:34,451 - SplitNNClient - INFO - 22652 - phase=train acc=0.30911458333333336 loss=54.71219837665558 epoch=1 and step=30
2026-04-27 08:49:34,495 - SplitNNClient - INFO - 16632 - phase=train acc=0.4317708333333333 loss=50.592405557632446 epoch=1 and step=30
2026-04-27 08:49:36,745 - SplitNNClient - INFO - 24884 - phase=train acc=0.3724609375 loss=69.69431960582733 epoch=1 and step=40
2026-04-27 08:49:36,814 - SplitNNClient - INFO - 22652 - phase=train acc=0.3208984375 loss=71.35998916625977 epoch=1 and step=40
2026-04-27 08:49:36,913 - SplitNNClient - INFO - 16632 - phase=train acc=0.437890625 loss=66.46838235855103 epoch=1 and step=40
2026-04-27 08:49:39,203 - SplitNNClient - INFO - 22652 - phase=train acc=0.33046875 loss=87.74845051765442 epoch=1 and step=50
2026-04-27 08:49:39,239 - SplitNNClient - INFO - 24884 - phase=train acc=0.38296875 loss=85.28905415534973 epoch=1 and step=50
2026-04-27 08:49:39,302 - SplitNNClient - INFO - 16632 - phase=train acc=0.44125 loss=82.25445699691772 epoch=1 and step=50
2026-04-27 08:49:41,567 - SplitNNClient - INFO - 22652 - phase=train acc=0.3390625 loss=104.24965071678162 epoch=1 and step=60
2026-04-27 08:49:41,688 - SplitNNClient - INFO - 24884 - phase=train acc=0.3966145833333333 loss=100.95597338676453 epoch=1 and step=60
2026-04-27 08:49:41,752 - SplitNNClient - INFO - 16632 - phase=train acc=0.44427083333333334 loss=97.89889931678772 epoch=1 and step=60
2026-04-27 08:49:44,052 - SplitNNClient - INFO - 22652 - phase=train acc=0.34475446428571427 loss=120.4502124786377 epoch=1 and step=70
2026-04-27 08:49:44,124 - SplitNNClient - INFO - 24884 - phase=train acc=0.40591517857142856 loss=116.29181444644928 epoch=1 and step=70
2026-04-27 08:49:44,220 - SplitNNClient - INFO - 16632 - phase=train acc=0.4494419642857143 loss=112.76402962207794 epoch=1 and step=70
2026-04-27 08:49:46,436 - SplitNNClient - INFO - 22652 - phase=train acc=0.35185546875 loss=136.75253820419312 epoch=1 and step=80
2026-04-27 08:49:46,539 - SplitNNClient - INFO - 24884 - phase=train acc=0.4125 loss=131.47642517089844 epoch=1 and step=80
2026-04-27 08:49:46,582 - SplitNNClient - INFO - 16632 - phase=train acc=0.45166015625 loss=127.88041830062866 epoch=1 and step=80
2026-04-27 08:49:48,689 - SplitNNClient - INFO - 22652 - phase=train acc=0.35651041666666666 loss=152.96904742717743 epoch=1 and step=90
2026-04-27 08:49:48,816 - SplitNNClient - INFO - 24884 - phase=train acc=0.4204861111111111 loss=146.06852626800537 epoch=1 and step=90
2026-04-27 08:49:50,738 - SplitNNClient - INFO - 22652 - phase=train acc=0.359921875 loss=169.00979149341583 epoch=1 and step=100
2026-04-27 08:49:50,898 - SplitNNClient - INFO - 24884 - phase=train acc=0.428359375 loss=160.37249326705933 epoch=1 and step=100
2026-04-27 08:49:52,785 - SplitNNClient - INFO - 22652 - phase=train acc=0.3639204545454545 loss=184.55923056602478 epoch=1 and step=110
2026-04-27 08:49:52,944 - SplitNNClient - INFO - 24884 - phase=train acc=0.4336647727272727 loss=174.99750649929047 epoch=1 and step=110
2026-04-27 08:49:54,825 - SplitNNClient - INFO - 22652 - phase=train acc=0.3689453125 loss=200.18678903579712 epoch=1 and step=120
2026-04-27 08:49:55,150 - SplitNNClient - INFO - 24884 - phase=train acc=0.4392578125 loss=189.3308436870575 epoch=1 and step=120
2026-04-27 08:49:56,850 - SplitNNClient - INFO - 22652 - phase=train acc=0.3721754807692308 loss=215.78807175159454 epoch=1 and step=130
2026-04-27 08:49:57,235 - SplitNNClient - INFO - 24884 - phase=train acc=0.44356971153846153 loss=203.327294588089 epoch=1 and step=130
2026-04-27 08:49:58,946 - SplitNNClient - INFO - 22652 - phase=train acc=0.3763392857142857 loss=231.29415929317474 epoch=1 and step=140
2026-04-27 08:50:00,600 - SplitNNClient - INFO - 22652 - phase=train acc=0.38015625 loss=246.51453852653503 epoch=1 and step=150
2026-04-27 08:50:02,184 - SplitNNClient - INFO - 22652 - phase=train acc=0.384326171875 loss=261.59181928634644 epoch=1 and step=160
2026-04-27 08:50:03,394 - FedServerManager - INFO - 25788 - get all model params ---- from rank fed_server
2026-04-27 08:50:14,867 - SplitNNClient - INFO - 16632 - phase=validation acc=0.1642 loss=168.63725590705872 epoch=1 and step=79
2026-04-27 08:50:14,918 - SplitNNClient - INFO - 24884 - phase=validation acc=0.1642 loss=168.63725590705872 epoch=1 and step=79
2026-04-27 08:50:14,966 - SplitNNClient - INFO - 22652 - phase=validation acc=0.1642 loss=168.63725590705872 epoch=1 and step=79
2026-04-27 08:50:17,427 - SplitNNClient - INFO - 22652 - phase=train acc=0.3765625 loss=16.489064812660217 epoch=2 and step=10
2026-04-27 08:50:17,587 - SplitNNClient - INFO - 24884 - phase=train acc=0.4109375 loss=16.44268560409546 epoch=2 and step=10
2026-04-27 08:50:17,626 - SplitNNClient - INFO - 16632 - phase=train acc=0.39453125 loss=17.553053379058838 epoch=2 and step=10
2026-04-27 08:50:20,010 - SplitNNClient - INFO - 22652 - phase=train acc=0.406640625 loss=31.914442896842957 epoch=2 and step=20
2026-04-27 08:50:20,133 - SplitNNClient - INFO - 24884 - phase=train acc=0.43203125 loss=31.38567554950714 epoch=2 and step=20
2026-04-27 08:50:20,201 - SplitNNClient - INFO - 16632 - phase=train acc=0.421875 loss=33.053972363471985 epoch=2 and step=20
2026-04-27 08:50:22,624 - SplitNNClient - INFO - 22652 - phase=train acc=0.41432291666666665 loss=47.35599100589752 epoch=2 and step=30
2026-04-27 08:50:22,686 - SplitNNClient - INFO - 24884 - phase=train acc=0.44921875 loss=46.15233540534973 epoch=2 and step=30
2026-04-27 08:50:22,750 - SplitNNClient - INFO - 16632 - phase=train acc=0.4434895833333333 loss=47.692904114723206 epoch=2 and step=30
2026-04-27 08:50:25,186 - SplitNNClient - INFO - 22652 - phase=train acc=0.4177734375 loss=62.62638831138611 epoch=2 and step=40
2026-04-27 08:50:25,227 - SplitNNClient - INFO - 24884 - phase=train acc=0.4501953125 loss=61.331098318099976 epoch=2 and step=40
2026-04-27 08:50:25,290 - SplitNNClient - INFO - 16632 - phase=train acc=0.453515625 loss=62.56918728351593 epoch=2 and step=40
2026-04-27 08:50:27,709 - SplitNNClient - INFO - 22652 - phase=train acc=0.42375 loss=77.59079921245575 epoch=2 and step=50
2026-04-27 08:50:27,808 - SplitNNClient - INFO - 24884 - phase=train acc=0.460625 loss=75.67637932300568 epoch=2 and step=50
2026-04-27 08:50:27,876 - SplitNNClient - INFO - 16632 - phase=train acc=0.4578125 loss=77.08742547035217 epoch=2 and step=50
2026-04-27 08:50:30,239 - SplitNNClient - INFO - 22652 - phase=train acc=0.42330729166666664 loss=93.40640020370483 epoch=2 and step=60
2026-04-27 08:50:30,331 - SplitNNClient - INFO - 24884 - phase=train acc=0.4649739583333333 loss=90.28974604606628 epoch=2 and step=60
2026-04-27 08:50:30,430 - SplitNNClient - INFO - 16632 - phase=train acc=0.46197916666666666 loss=91.96552181243896 epoch=2 and step=60
2026-04-27 08:50:32,800 - SplitNNClient - INFO - 22652 - phase=train acc=0.42924107142857143 loss=108.30806958675385 epoch=2 and step=70
2026-04-27 08:50:32,898 - SplitNNClient - INFO - 24884 - phase=train acc=0.4714285714285714 loss=104.44664943218231 epoch=2 and step=70
2026-04-27 08:50:32,969 - SplitNNClient - INFO - 16632 - phase=train acc=0.46517857142857144 loss=106.15176796913147 epoch=2 and step=70
2026-04-27 08:50:35,324 - SplitNNClient - INFO - 22652 - phase=train acc=0.43291015625 loss=122.94583141803741 epoch=2 and step=80
2026-04-27 08:50:35,494 - SplitNNClient - INFO - 24884 - phase=train acc=0.47646484375 loss=118.7488352060318 epoch=2 and step=80
2026-04-27 08:50:35,655 - SplitNNClient - INFO - 16632 - phase=train acc=0.4662109375 loss=120.44049191474915 epoch=2 and step=80
2026-04-27 08:50:37,659 - SplitNNClient - INFO - 22652 - phase=train acc=0.43854166666666666 loss=137.5093423128128 epoch=2 and step=90
2026-04-27 08:50:37,752 - SplitNNClient - INFO - 24884 - phase=train acc=0.48203125 loss=132.56580245494843 epoch=2 and step=90
2026-04-27 08:50:39,719 - SplitNNClient - INFO - 22652 - phase=train acc=0.441171875 loss=152.00020694732666 epoch=2 and step=100
2026-04-27 08:50:39,814 - SplitNNClient - INFO - 24884 - phase=train acc=0.485703125 loss=146.17238092422485 epoch=2 and step=100
2026-04-27 08:50:41,764 - SplitNNClient - INFO - 22652 - phase=train acc=0.4447443181818182 loss=166.5063350200653 epoch=2 and step=110
2026-04-27 08:50:41,896 - SplitNNClient - INFO - 24884 - phase=train acc=0.48742897727272727 loss=160.18945467472076 epoch=2 and step=110
2026-04-27 08:50:43,819 - SplitNNClient - INFO - 22652 - phase=train acc=0.446875 loss=180.46094167232513 epoch=2 and step=120
2026-04-27 08:50:43,973 - SplitNNClient - INFO - 24884 - phase=train acc=0.48821614583333334 loss=174.18977427482605 epoch=2 and step=120
2026-04-27 08:50:45,905 - SplitNNClient - INFO - 22652 - phase=train acc=0.44939903846153845 loss=194.55739951133728 epoch=2 and step=130
2026-04-27 08:50:46,160 - SplitNNClient - INFO - 24884 - phase=train acc=0.4913461538461538 loss=187.69844448566437 epoch=2 and step=130
2026-04-27 08:50:47,964 - SplitNNClient - INFO - 22652 - phase=train acc=0.44972098214285716 loss=209.58414793014526 epoch=2 and step=140
2026-04-27 08:50:49,684 - SplitNNClient - INFO - 22652 - phase=train acc=0.45125 loss=223.96383726596832 epoch=2 and step=150
2026-04-27 08:50:51,295 - SplitNNClient - INFO - 22652 - phase=train acc=0.4521484375 loss=238.45228564739227 epoch=2 and step=160
2026-04-27 08:50:52,430 - FedServerManager - INFO - 25788 - get all model params ---- from rank fed_server
2026-04-27 08:51:03,953 - SplitNNClient - INFO - 22652 - phase=validation acc=0.3045 loss=141.7827309370041 epoch=2 and step=79
2026-04-27 08:51:03,998 - SplitNNClient - INFO - 16632 - phase=validation acc=0.3045 loss=141.7827309370041 epoch=2 and step=79
2026-04-27 08:51:04,040 - SplitNNClient - INFO - 24884 - phase=validation acc=0.3045 loss=141.7827309370041 epoch=2 and step=79
2026-04-27 08:51:06,517 - SplitNNClient - INFO - 16632 - phase=train acc=0.4359375 loss=15.788865327835083 epoch=3 and step=10
2026-04-27 08:51:06,589 - SplitNNClient - INFO - 22652 - phase=train acc=0.4328125 loss=15.004132509231567 epoch=3 and step=10
2026-04-27 08:51:06,685 - SplitNNClient - INFO - 24884 - phase=train acc=0.47734375 loss=14.623112201690674 epoch=3 and step=10
2026-04-27 08:51:08,991 - SplitNNClient - INFO - 16632 - phase=train acc=0.453515625 loss=30.133492469787598 epoch=3 and step=20
2026-04-27 08:51:09,089 - SplitNNClient - INFO - 22652 - phase=train acc=0.451953125 loss=29.312405109405518 epoch=3 and step=20
2026-04-27 08:51:09,163 - SplitNNClient - INFO - 24884 - phase=train acc=0.49375 loss=28.656349778175354 epoch=3 and step=20
2026-04-27 08:51:11,559 - SplitNNClient - INFO - 16632 - phase=train acc=0.4635416666666667 loss=44.25072252750397 epoch=3 and step=30
2026-04-27 08:51:11,626 - SplitNNClient - INFO - 22652 - phase=train acc=0.46640625 loss=43.49917685985565 epoch=3 and step=30
2026-04-27 08:51:11,726 - SplitNNClient - INFO - 24884 - phase=train acc=0.49921875 loss=42.57661771774292 epoch=3 and step=30
2026-04-27 08:51:14,074 - SplitNNClient - INFO - 16632 - phase=train acc=0.469921875 loss=57.95344150066376 epoch=3 and step=40
2026-04-27 08:51:14,138 - SplitNNClient - INFO - 22652 - phase=train acc=0.4689453125 loss=58.068989515304565 epoch=3 and step=40
2026-04-27 08:51:14,301 - SplitNNClient - INFO - 24884 - phase=train acc=0.508984375 loss=55.67847168445587 epoch=3 and step=40
2026-04-27 08:51:16,646 - SplitNNClient - INFO - 16632 - phase=train acc=0.48 loss=71.533456325531 epoch=3 and step=50
2026-04-27 08:51:16,742 - SplitNNClient - INFO - 22652 - phase=train acc=0.47796875 loss=71.76382946968079 epoch=3 and step=50
2026-04-27 08:51:16,786 - SplitNNClient - INFO - 24884 - phase=train acc=0.514375 loss=68.85463213920593 epoch=3 and step=50
2026-04-27 08:51:19,190 - SplitNNClient - INFO - 16632 - phase=train acc=0.4890625 loss=85.05730485916138 epoch=3 and step=60
2026-04-27 08:51:19,256 - SplitNNClient - INFO - 22652 - phase=train acc=0.47890625 loss=85.83582282066345 epoch=3 and step=60
2026-04-27 08:51:19,382 - SplitNNClient - INFO - 24884 - phase=train acc=0.5170572916666667 loss=81.83347773551941 epoch=3 and step=60
2026-04-27 08:51:21,721 - SplitNNClient - INFO - 16632 - phase=train acc=0.49464285714285716 loss=98.01965725421906 epoch=3 and step=70
2026-04-27 08:51:21,823 - SplitNNClient - INFO - 22652 - phase=train acc=0.4831473214285714 loss=99.89351463317871 epoch=3 and step=70
2026-04-27 08:51:21,920 - SplitNNClient - INFO - 24884 - phase=train acc=0.5197544642857143 loss=95.50606381893158 epoch=3 and step=70
2026-04-27 08:51:24,344 - SplitNNClient - INFO - 22652 - phase=train acc=0.48583984375 loss=113.59157311916351 epoch=3 and step=80
2026-04-27 08:51:24,381 - SplitNNClient - INFO - 16632 - phase=train acc=0.494140625 loss=112.05030906200409 epoch=3 and step=80
2026-04-27 08:51:24,543 - SplitNNClient - INFO - 24884 - phase=train acc=0.51943359375 loss=109.12703955173492 epoch=3 and step=80
2026-04-27 08:51:26,635 - SplitNNClient - INFO - 22652 - phase=train acc=0.4864583333333333 loss=127.6401777267456 epoch=3 and step=90
2026-04-27 08:51:26,760 - SplitNNClient - INFO - 24884 - phase=train acc=0.5178819444444445 loss=123.07561230659485 epoch=3 and step=90
2026-04-27 08:51:28,734 - SplitNNClient - INFO - 22652 - phase=train acc=0.488359375 loss=141.7200801372528 epoch=3 and step=100
2026-04-27 08:51:28,826 - SplitNNClient - INFO - 24884 - phase=train acc=0.51671875 loss=136.8011326789856 epoch=3 and step=100
2026-04-27 08:51:30,851 - SplitNNClient - INFO - 22652 - phase=train acc=0.48970170454545453 loss=155.79929089546204 epoch=3 and step=110
2026-04-27 08:51:30,924 - SplitNNClient - INFO - 24884 - phase=train acc=0.5186079545454545 loss=150.0274682044983 epoch=3 and step=110
2026-04-27 08:51:33,022 - SplitNNClient - INFO - 22652 - phase=train acc=0.4916015625 loss=169.26177036762238 epoch=3 and step=120
2026-04-27 08:51:33,059 - SplitNNClient - INFO - 24884 - phase=train acc=0.5194010416666667 loss=163.59880661964417 epoch=3 and step=120
2026-04-27 08:51:35,119 - SplitNNClient - INFO - 22652 - phase=train acc=0.4947716346153846 loss=183.12056374549866 epoch=3 and step=130
2026-04-27 08:51:35,185 - SplitNNClient - INFO - 24884 - phase=train acc=0.5200120192307692 loss=177.2249836921692 epoch=3 and step=130
2026-04-27 08:51:37,167 - SplitNNClient - INFO - 22652 - phase=train acc=0.49598214285714287 loss=196.65626347064972 epoch=3 and step=140
2026-04-27 08:51:38,720 - SplitNNClient - INFO - 22652 - phase=train acc=0.49765625 loss=210.35734856128693 epoch=3 and step=150
2026-04-27 08:51:40,273 - SplitNNClient - INFO - 22652 - phase=train acc=0.4998046875 loss=223.8491530418396 epoch=3 and step=160
2026-04-27 08:51:41,402 - FedServerManager - INFO - 25788 - get all model params ---- from rank fed_server
2026-04-27 08:51:52,919 - SplitNNClient - INFO - 16632 - phase=validation acc=0.3503 loss=130.01079440116882 epoch=3 and step=79
2026-04-27 08:51:52,969 - SplitNNClient - INFO - 22652 - phase=validation acc=0.3503 loss=130.01079440116882 epoch=3 and step=79
2026-04-27 08:51:53,021 - SplitNNClient - INFO - 24884 - phase=validation acc=0.3503 loss=130.01079440116882 epoch=3 and step=79
2026-04-27 08:51:55,374 - SplitNNClient - INFO - 22652 - phase=train acc=0.4875 loss=14.415812730789185 epoch=4 and step=10
2026-04-27 08:51:55,443 - SplitNNClient - INFO - 24884 - phase=train acc=0.5015625 loss=14.417002320289612 epoch=4 and step=10
2026-04-27 08:51:55,513 - SplitNNClient - INFO - 16632 - phase=train acc=0.45625 loss=15.03762686252594 epoch=4 and step=10
2026-04-27 08:51:57,858 - SplitNNClient - INFO - 22652 - phase=train acc=0.494921875 loss=28.085222840309143 epoch=4 and step=20
2026-04-27 08:51:57,922 - SplitNNClient - INFO - 24884 - phase=train acc=0.515234375 loss=27.40291953086853 epoch=4 and step=20
2026-04-27 08:51:57,991 - SplitNNClient - INFO - 16632 - phase=train acc=0.479296875 loss=28.98529350757599 epoch=4 and step=20
2026-04-27 08:52:00,320 - SplitNNClient - INFO - 22652 - phase=train acc=0.5098958333333333 loss=41.534817695617676 epoch=4 and step=30
2026-04-27 08:52:00,388 - SplitNNClient - INFO - 24884 - phase=train acc=0.5203125 loss=40.76637244224548 epoch=4 and step=30
2026-04-27 08:52:00,491 - SplitNNClient - INFO - 16632 - phase=train acc=0.48541666666666666 loss=42.94950270652771 epoch=4 and step=30
2026-04-27 08:52:02,799 - SplitNNClient - INFO - 22652 - phase=train acc=0.511328125 loss=55.13409376144409 epoch=4 and step=40
2026-04-27 08:52:02,904 - SplitNNClient - INFO - 24884 - phase=train acc=0.527734375 loss=53.68154275417328 epoch=4 and step=40
2026-04-27 08:52:02,970 - SplitNNClient - INFO - 16632 - phase=train acc=0.5025390625 loss=55.50080752372742 epoch=4 and step=40
2026-04-27 08:52:05,249 - SplitNNClient - INFO - 22652 - phase=train acc=0.51484375 loss=68.67764985561371 epoch=4 and step=50
2026-04-27 08:52:05,319 - SplitNNClient - INFO - 24884 - phase=train acc=0.52984375 loss=67.07539868354797 epoch=4 and step=50
2026-04-27 08:52:05,424 - SplitNNClient - INFO - 16632 - phase=train acc=0.50921875 loss=68.52480387687683 epoch=4 and step=50
2026-04-27 08:52:07,687 - SplitNNClient - INFO - 22652 - phase=train acc=0.5174479166666667 loss=81.6717619895935 epoch=4 and step=60
2026-04-27 08:52:07,756 - SplitNNClient - INFO - 24884 - phase=train acc=0.537109375 loss=79.93096160888672 epoch=4 and step=60
2026-04-27 08:52:07,829 - SplitNNClient - INFO - 16632 - phase=train acc=0.5127604166666667 loss=81.49271869659424 epoch=4 and step=60
2026-04-27 08:52:10,054 - SplitNNClient - INFO - 22652 - phase=train acc=0.5200892857142857 loss=94.62282466888428 epoch=4 and step=70
2026-04-27 08:52:10,207 - SplitNNClient - INFO - 24884 - phase=train acc=0.53984375 loss=92.63415563106537 epoch=4 and step=70
2026-04-27 08:52:10,246 - SplitNNClient - INFO - 16632 - phase=train acc=0.5169642857142858 loss=94.04669904708862 epoch=4 and step=70
2026-04-27 08:52:12,560 - SplitNNClient - INFO - 22652 - phase=train acc=0.51982421875 loss=108.47998559474945 epoch=4 and step=80
2026-04-27 08:52:12,630 - SplitNNClient - INFO - 24884 - phase=train acc=0.54287109375 loss=105.46587061882019 epoch=4 and step=80
2026-04-27 08:52:12,699 - SplitNNClient - INFO - 16632 - phase=train acc=0.52236328125 loss=106.84790098667145 epoch=4 and step=80
2026-04-27 08:52:14,831 - SplitNNClient - INFO - 22652 - phase=train acc=0.5236111111111111 loss=121.35729193687439 epoch=4 and step=90
2026-04-27 08:52:14,989 - SplitNNClient - INFO - 24884 - phase=train acc=0.5411458333333333 loss=118.82951319217682 epoch=4 and step=90
2026-04-27 08:52:16,925 - SplitNNClient - INFO - 22652 - phase=train acc=0.5265625 loss=134.2727905511856 epoch=4 and step=100
2026-04-27 08:52:17,179 - SplitNNClient - INFO - 24884 - phase=train acc=0.544453125 loss=131.23986649513245 epoch=4 and step=100
2026-04-27 08:52:18,938 - SplitNNClient - INFO - 22652 - phase=train acc=0.5257102272727273 loss=147.62357771396637 epoch=4 and step=110
2026-04-27 08:52:19,321 - SplitNNClient - INFO - 24884 - phase=train acc=0.5449573863636363 loss=144.507821559906 epoch=4 and step=110
2026-04-27 08:52:21,089 - SplitNNClient - INFO - 22652 - phase=train acc=0.5278645833333333 loss=160.51717031002045 epoch=4 and step=120
2026-04-27 08:52:21,358 - SplitNNClient - INFO - 24884 - phase=train acc=0.5475911458333333 loss=156.47801673412323 epoch=4 and step=120
2026-04-27 08:52:23,203 - SplitNNClient - INFO - 22652 - phase=train acc=0.5297475961538461 loss=173.24917793273926 epoch=4 and step=130
2026-04-27 08:52:23,473 - SplitNNClient - INFO - 24884 - phase=train acc=0.5486177884615384 loss=169.01094901561737 epoch=4 and step=130
2026-04-27 08:52:25,281 - SplitNNClient - INFO - 22652 - phase=train acc=0.53203125 loss=186.18315494060516 epoch=4 and step=140
2026-04-27 08:52:27,150 - SplitNNClient - INFO - 22652 - phase=train acc=0.5340104166666667 loss=198.47596144676208 epoch=4 and step=150
2026-04-27 08:52:28,951 - SplitNNClient - INFO - 22652 - phase=train acc=0.5337890625 loss=211.74219703674316 epoch=4 and step=160
2026-04-27 08:52:30,262 - FedServerManager - INFO - 25788 - get all model params ---- from rank fed_server
2026-04-27 08:52:41,868 - SplitNNClient - INFO - 16632 - phase=validation acc=0.3686 loss=126.72370672225952 epoch=4 and step=79
2026-04-27 08:52:41,916 - SplitNNClient - INFO - 24884 - phase=validation acc=0.3686 loss=126.72370672225952 epoch=4 and step=79
2026-04-27 08:52:41,972 - SplitNNClient - INFO - 22652 - phase=validation acc=0.3686 loss=126.72370672225952 epoch=4 and step=79
2026-04-27 08:52:44,406 - SplitNNClient - INFO - 22652 - phase=train acc=0.5140625 loss=13.771205306053162 epoch=5 and step=10
2026-04-27 08:52:44,444 - SplitNNClient - INFO - 24884 - phase=train acc=0.509375 loss=13.91573452949524 epoch=5 and step=10
2026-04-27 08:52:44,601 - SplitNNClient - INFO - 16632 - phase=train acc=0.471875 loss=15.095675826072693 epoch=5 and step=10
2026-04-27 08:52:46,781 - SplitNNClient - INFO - 22652 - phase=train acc=0.512890625 loss=27.344030380249023 epoch=5 and step=20
2026-04-27 08:52:46,969 - SplitNNClient - INFO - 24884 - phase=train acc=0.526171875 loss=26.443159461021423 epoch=5 and step=20
2026-04-27 08:52:47,146 - SplitNNClient - INFO - 16632 - phase=train acc=0.491015625 loss=29.048349380493164 epoch=5 and step=20
2026-04-27 08:52:49,418 - SplitNNClient - INFO - 22652 - phase=train acc=0.52421875 loss=40.17982339859009 epoch=5 and step=30
2026-04-27 08:52:49,617 - SplitNNClient - INFO - 24884 - phase=train acc=0.5434895833333333 loss=38.66416084766388 epoch=5 and step=30
2026-04-27 08:52:49,878 - SplitNNClient - INFO - 16632 - phase=train acc=0.50703125 loss=42.04416120052338 epoch=5 and step=30
2026-04-27 08:52:52,115 - SplitNNClient - INFO - 22652 - phase=train acc=0.5353515625 loss=52.788466572761536 epoch=5 and step=40
2026-04-27 08:52:52,225 - SplitNNClient - INFO - 24884 - phase=train acc=0.5474609375 loss=51.155393242836 epoch=5 and step=40
2026-04-27 08:52:52,814 - SplitNNClient - INFO - 16632 - phase=train acc=0.521484375 loss=54.209172785282135 epoch=5 and step=40
2026-04-27 08:52:54,657 - SplitNNClient - INFO - 22652 - phase=train acc=0.53640625 loss=65.69739985466003 epoch=5 and step=50
2026-04-27 08:52:54,855 - SplitNNClient - INFO - 24884 - phase=train acc=0.5546875 loss=63.213008522987366 epoch=5 and step=50
2026-04-27 08:52:55,766 - SplitNNClient - INFO - 16632 - phase=train acc=0.524375 loss=66.97224551439285 epoch=5 and step=50
2026-04-27 08:52:57,260 - SplitNNClient - INFO - 22652 - phase=train acc=0.5416666666666666 loss=78.45677411556244 epoch=5 and step=60
2026-04-27 08:52:57,478 - SplitNNClient - INFO - 24884 - phase=train acc=0.5579427083333334 loss=75.67319583892822 epoch=5 and step=60
2026-04-27 08:52:58,428 - SplitNNClient - INFO - 16632 - phase=train acc=0.5259114583333333 loss=79.57817548513412 epoch=5 and step=60
2026-04-27 08:52:59,919 - SplitNNClient - INFO - 22652 - phase=train acc=0.5421875 loss=91.10043275356293 epoch=5 and step=70
2026-04-27 08:53:00,146 - SplitNNClient - INFO - 24884 - phase=train acc=0.5573660714285714 loss=88.21924841403961 epoch=5 and step=70
2026-04-27 08:53:01,081 - SplitNNClient - INFO - 16632 - phase=train acc=0.5329241071428571 loss=91.71403163671494 epoch=5 and step=70
2026-04-27 08:53:02,583 - SplitNNClient - INFO - 22652 - phase=train acc=0.544921875 loss=103.89856970310211 epoch=5 and step=80
2026-04-27 08:53:02,624 - SplitNNClient - INFO - 24884 - phase=train acc=0.5572265625 loss=100.76232039928436 epoch=5 and step=80
2026-04-27 08:53:03,858 - SplitNNClient - INFO - 16632 - phase=train acc=0.53701171875 loss=103.99005168676376 epoch=5 and step=80
2026-04-27 08:53:05,173 - SplitNNClient - INFO - 24884 - phase=train acc=0.5559895833333334 loss=113.20557248592377 epoch=5 and step=90
2026-04-27 08:53:05,244 - SplitNNClient - INFO - 22652 - phase=train acc=0.5482638888888889 loss=116.27315270900726 epoch=5 and step=90
2026-04-27 08:53:07,391 - SplitNNClient - INFO - 24884 - phase=train acc=0.559296875 loss=125.29137849807739 epoch=5 and step=100
2026-04-27 08:53:07,485 - SplitNNClient - INFO - 22652 - phase=train acc=0.54875 loss=128.86547601222992 epoch=5 and step=100
2026-04-27 08:53:09,518 - SplitNNClient - INFO - 24884 - phase=train acc=0.5614346590909091 loss=137.25783324241638 epoch=5 and step=110
2026-04-27 08:53:09,613 - SplitNNClient - INFO - 22652 - phase=train acc=0.5505681818181818 loss=141.20600008964539 epoch=5 and step=110
2026-04-27 08:53:11,595 - SplitNNClient - INFO - 24884 - phase=train acc=0.5645833333333333 loss=149.27214241027832 epoch=5 and step=120
2026-04-27 08:53:11,720 - SplitNNClient - INFO - 22652 - phase=train acc=0.5503255208333333 loss=153.84169566631317 epoch=5 and step=120
2026-04-27 08:53:13,667 - SplitNNClient - INFO - 24884 - phase=train acc=0.5661658653846153 loss=161.29069340229034 epoch=5 and step=130
2026-04-27 08:53:13,739 - SplitNNClient - INFO - 22652 - phase=train acc=0.551923076923077 loss=165.94531953334808 epoch=5 and step=130
2026-04-27 08:53:15,854 - SplitNNClient - INFO - 22652 - phase=train acc=0.5534598214285714 loss=178.7039042711258 epoch=5 and step=140
2026-04-27 08:53:17,617 - SplitNNClient - INFO - 22652 - phase=train acc=0.5544270833333333 loss=190.9417518377304 epoch=5 and step=150
2026-04-27 08:53:19,167 - SplitNNClient - INFO - 22652 - phase=train acc=0.55615234375 loss=202.94691288471222 epoch=5 and step=160
2026-04-27 08:53:20,340 - FedServerManager - INFO - 25788 - get all model params ---- from rank fed_server
2026-04-27 08:53:31,890 - SplitNNClient - INFO - 24884 - phase=validation acc=0.4167 loss=117.84054958820343 epoch=5 and step=79
2026-04-27 08:53:31,937 - SplitNNClient - INFO - 16632 - phase=validation acc=0.4167 loss=117.84054958820343 epoch=5 and step=79
2026-04-27 08:53:31,990 - SplitNNClient - INFO - 22652 - phase=validation acc=0.4167 loss=117.84054958820343 epoch=5 and step=79
2026-04-27 08:53:34,418 - SplitNNClient - INFO - 22652 - phase=train acc=0.51015625 loss=13.835332989692688 epoch=6 and step=10
2026-04-27 08:53:34,482 - SplitNNClient - INFO - 16632 - phase=train acc=0.45703125 loss=14.78637945652008 epoch=6 and step=10
2026-04-27 08:53:34,643 - SplitNNClient - INFO - 24884 - phase=train acc=0.5578125 loss=12.727778434753418 epoch=6 and step=10
2026-04-27 08:53:37,003 - SplitNNClient - INFO - 22652 - phase=train acc=0.53671875 loss=26.15770733356476 epoch=6 and step=20
2026-04-27 08:53:37,043 - SplitNNClient - INFO - 16632 - phase=train acc=0.51015625 loss=27.094178795814514 epoch=6 and step=20
2026-04-27 08:53:37,167 - SplitNNClient - INFO - 24884 - phase=train acc=0.563671875 loss=24.882608652114868 epoch=6 and step=20
2026-04-27 08:53:39,440 - SplitNNClient - INFO - 22652 - phase=train acc=0.5434895833333333 loss=38.488906025886536 epoch=6 and step=30
2026-04-27 08:53:39,750 - SplitNNClient - INFO - 16632 - phase=train acc=0.525 loss=39.28982853889465 epoch=6 and step=30
2026-04-27 08:53:39,819 - SplitNNClient - INFO - 24884 - phase=train acc=0.5622395833333333 loss=36.98499298095703 epoch=6 and step=30
2026-04-27 08:53:41,925 - SplitNNClient - INFO - 22652 - phase=train acc=0.5423828125 loss=51.20567500591278 epoch=6 and step=40
2026-04-27 08:53:42,266 - SplitNNClient - INFO - 16632 - phase=train acc=0.537109375 loss=51.42953372001648 epoch=6 and step=40
2026-04-27 08:53:42,341 - SplitNNClient - INFO - 24884 - phase=train acc=0.5673828125 loss=48.80969846248627 epoch=6 and step=40
2026-04-27 08:53:44,410 - SplitNNClient - INFO - 22652 - phase=train acc=0.5471875 loss=63.4378696680069 epoch=6 and step=50
2026-04-27 08:53:44,748 - SplitNNClient - INFO - 16632 - phase=train acc=0.54890625 loss=63.03894293308258 epoch=6 and step=50
2026-04-27 08:53:44,873 - SplitNNClient - INFO - 24884 - phase=train acc=0.573125 loss=60.5518684387207 epoch=6 and step=50
2026-04-27 08:53:46,966 - SplitNNClient - INFO - 22652 - phase=train acc=0.5552083333333333 loss=75.22962307929993 epoch=6 and step=60
2026-04-27 08:53:47,252 - SplitNNClient - INFO - 16632 - phase=train acc=0.55546875 loss=74.57956957817078 epoch=6 and step=60
2026-04-27 08:53:47,351 - SplitNNClient - INFO - 24884 - phase=train acc=0.5811197916666667 loss=71.83267670869827 epoch=6 and step=60
2026-04-27 08:53:49,448 - SplitNNClient - INFO - 22652 - phase=train acc=0.5578125 loss=87.5361317396164 epoch=6 and step=70
2026-04-27 08:53:49,816 - SplitNNClient - INFO - 16632 - phase=train acc=0.5572544642857142 loss=86.80506551265717 epoch=6 and step=70
2026-04-27 08:53:49,853 - SplitNNClient - INFO - 24884 - phase=train acc=0.5814732142857143 loss=83.8011993765831 epoch=6 and step=70
2026-04-27 08:53:51,990 - SplitNNClient - INFO - 22652 - phase=train acc=0.56142578125 loss=99.27519130706787 epoch=6 and step=80
2026-04-27 08:53:52,300 - SplitNNClient - INFO - 16632 - phase=train acc=0.5603515625 loss=98.644890666008 epoch=6 and step=80
2026-04-27 08:53:52,437 - SplitNNClient - INFO - 24884 - phase=train acc=0.582421875 loss=95.40502727031708 epoch=6 and step=80
2026-04-27 08:53:54,187 - SplitNNClient - INFO - 22652 - phase=train acc=0.5670138888888889 loss=110.84457337856293 epoch=6 and step=90
2026-04-27 08:53:54,737 - SplitNNClient - INFO - 24884 - phase=train acc=0.58359375 loss=107.09487098455429 epoch=6 and step=90
2026-04-27 08:53:56,239 - SplitNNClient - INFO - 22652 - phase=train acc=0.566015625 loss=123.04395771026611 epoch=6 and step=100
2026-04-27 08:53:56,819 - SplitNNClient - INFO - 24884 - phase=train acc=0.584921875 loss=118.93381470441818 epoch=6 and step=100
2026-04-27 08:53:58,448 - SplitNNClient - INFO - 22652 - phase=train acc=0.5697443181818181 loss=134.63873505592346 epoch=6 and step=110
2026-04-27 08:53:58,913 - SplitNNClient - INFO - 24884 - phase=train acc=0.5860795454545454 loss=130.53583258390427 epoch=6 and step=110
2026-04-27 08:54:00,501 - SplitNNClient - INFO - 22652 - phase=train acc=0.5694010416666667 loss=146.84229373931885 epoch=6 and step=120
2026-04-27 08:54:01,053 - SplitNNClient - INFO - 24884 - phase=train acc=0.5889322916666667 loss=141.77704387903214 epoch=6 and step=120
2026-04-27 08:54:02,546 - SplitNNClient - INFO - 22652 - phase=train acc=0.5735576923076923 loss=157.64024358987808 epoch=6 and step=130
2026-04-27 08:54:03,063 - SplitNNClient - INFO - 24884 - phase=train acc=0.5908653846153846 loss=153.18910598754883 epoch=6 and step=130
2026-04-27 08:54:04,627 - SplitNNClient - INFO - 22652 - phase=train acc=0.576171875 loss=169.22819542884827 epoch=6 and step=140
2026-04-27 08:54:06,481 - SplitNNClient - INFO - 22652 - phase=train acc=0.5760416666666667 loss=181.67557895183563 epoch=6 and step=150
2026-04-27 08:54:08,067 - SplitNNClient - INFO - 22652 - phase=train acc=0.57607421875 loss=193.7761194705963 epoch=6 and step=160
2026-04-27 08:54:09,333 - FedServerManager - INFO - 25788 - get all model params ---- from rank fed_server
2026-04-27 08:54:21,133 - SplitNNClient - INFO - 16632 - phase=validation acc=0.4544 loss=109.32770478725433 epoch=6 and step=79
2026-04-27 08:54:21,173 - SplitNNClient - INFO - 24884 - phase=validation acc=0.4544 loss=109.32770478725433 epoch=6 and step=79
2026-04-27 08:54:21,232 - SplitNNClient - INFO - 22652 - phase=validation acc=0.4544 loss=109.32770478725433 epoch=6 and step=79
2026-04-27 08:54:23,566 - SplitNNClient - INFO - 22652 - phase=train acc=0.54296875 loss=12.88167941570282 epoch=7 and step=10
2026-04-27 08:54:23,660 - SplitNNClient - INFO - 24884 - phase=train acc=0.58359375 loss=12.467824101448059 epoch=7 and step=10
2026-04-27 08:54:23,731 - SplitNNClient - INFO - 16632 - phase=train acc=0.48125 loss=14.506476521492004 epoch=7 and step=10
2026-04-27 08:54:25,988 - SplitNNClient - INFO - 22652 - phase=train acc=0.553515625 loss=25.19076442718506 epoch=7 and step=20
2026-04-27 08:54:26,053 - SplitNNClient - INFO - 24884 - phase=train acc=0.591796875 loss=23.897008776664734 epoch=7 and step=20
2026-04-27 08:54:26,152 - SplitNNClient - INFO - 16632 - phase=train acc=0.515234375 loss=27.33732521533966 epoch=7 and step=20
2026-04-27 08:54:28,426 - SplitNNClient - INFO - 22652 - phase=train acc=0.5635416666666667 loss=37.09438991546631 epoch=7 and step=30
2026-04-27 08:54:28,520 - SplitNNClient - INFO - 24884 - phase=train acc=0.5955729166666667 loss=35.09854453802109 epoch=7 and step=30
2026-04-27 08:54:28,591 - SplitNNClient - INFO - 16632 - phase=train acc=0.5359375 loss=39.48875570297241 epoch=7 and step=30
2026-04-27 08:54:30,862 - SplitNNClient - INFO - 22652 - phase=train acc=0.5708984375 loss=48.368605852127075 epoch=7 and step=40
2026-04-27 08:54:30,965 - SplitNNClient - INFO - 24884 - phase=train acc=0.59609375 loss=46.68368190526962 epoch=7 and step=40
2026-04-27 08:54:31,029 - SplitNNClient - INFO - 16632 - phase=train acc=0.5533203125 loss=51.02003288269043 epoch=7 and step=40
2026-04-27 08:54:33,311 - SplitNNClient - INFO - 22652 - phase=train acc=0.5771875 loss=60.032723903656006 epoch=7 and step=50
2026-04-27 08:54:33,410 - SplitNNClient - INFO - 24884 - phase=train acc=0.59765625 loss=58.30899542570114 epoch=7 and step=50
2026-04-27 08:54:33,478 - SplitNNClient - INFO - 16632 - phase=train acc=0.5603125 loss=62.37962865829468 epoch=7 and step=50
2026-04-27 08:54:35,749 - SplitNNClient - INFO - 22652 - phase=train acc=0.578125 loss=71.50509631633759 epoch=7 and step=60
2026-04-27 08:54:35,877 - SplitNNClient - INFO - 24884 - phase=train acc=0.6041666666666666 loss=69.26422137022018 epoch=7 and step=60
2026-04-27 08:54:35,914 - SplitNNClient - INFO - 16632 - phase=train acc=0.5651041666666666 loss=73.70668148994446 epoch=7 and step=60
2026-04-27 08:54:38,282 - SplitNNClient - INFO - 22652 - phase=train acc=0.5823660714285714 loss=82.91605758666992 epoch=7 and step=70
2026-04-27 08:54:38,324 - SplitNNClient - INFO - 24884 - phase=train acc=0.6089285714285714 loss=79.91964346170425 epoch=7 and step=70
2026-04-27 08:54:38,389 - SplitNNClient - INFO - 16632 - phase=train acc=0.5734375 loss=84.4357938170433 epoch=7 and step=70
2026-04-27 08:54:40,728 - SplitNNClient - INFO - 22652 - phase=train acc=0.58359375 loss=94.40404009819031 epoch=7 and step=80
2026-04-27 08:54:40,830 - SplitNNClient - INFO - 24884 - phase=train acc=0.60712890625 loss=91.11971181631088 epoch=7 and step=80
2026-04-27 08:54:40,897 - SplitNNClient - INFO - 16632 - phase=train acc=0.578125 loss=95.66518378257751 epoch=7 and step=80
2026-04-27 08:54:42,987 - SplitNNClient - INFO - 22652 - phase=train acc=0.5885416666666666 loss=105.35278701782227 epoch=7 and step=90
2026-04-27 08:54:43,021 - SplitNNClient - INFO - 24884 - phase=train acc=0.6053819444444445 loss=102.89913660287857 epoch=7 and step=90
2026-04-27 08:54:44,999 - SplitNNClient - INFO - 22652 - phase=train acc=0.58875 loss=117.25342738628387 epoch=7 and step=100
2026-04-27 08:54:45,153 - SplitNNClient - INFO - 24884 - phase=train acc=0.60734375 loss=113.92247253656387 epoch=7 and step=100
2026-04-27 08:54:47,055 - SplitNNClient - INFO - 22652 - phase=train acc=0.5914772727272727 loss=128.40555942058563 epoch=7 and step=110
2026-04-27 08:54:47,211 - SplitNNClient - INFO - 24884 - phase=train acc=0.6090198863636364 loss=124.7506633400917 epoch=7 and step=110
2026-04-27 08:54:49,213 - SplitNNClient - INFO - 22652 - phase=train acc=0.5938802083333333 loss=139.46285569667816 epoch=7 and step=120
2026-04-27 08:54:49,370 - SplitNNClient - INFO - 24884 - phase=train acc=0.6076822916666667 loss=136.09590369462967 epoch=7 and step=120
2026-04-27 08:54:51,362 - SplitNNClient - INFO - 22652 - phase=train acc=0.5954326923076924 loss=150.65420079231262 epoch=7 and step=130
2026-04-27 08:54:51,399 - SplitNNClient - INFO - 24884 - phase=train acc=0.6084735576923077 loss=146.99686926603317 epoch=7 and step=130
2026-04-27 08:54:53,483 - SplitNNClient - INFO - 22652 - phase=train acc=0.59609375 loss=162.1366304755211 epoch=7 and step=140
2026-04-27 08:54:55,309 - SplitNNClient - INFO - 22652 - phase=train acc=0.5959375 loss=174.05930238962173 epoch=7 and step=150
2026-04-27 08:54:56,896 - SplitNNClient - INFO - 22652 - phase=train acc=0.59814453125 loss=184.91840732097626 epoch=7 and step=160
2026-04-27 08:54:58,057 - FedServerManager - INFO - 25788 - get all model params ---- from rank fed_server
2026-04-27 08:55:09,673 - SplitNNClient - INFO - 16632 - phase=validation acc=0.4898 loss=104.56527137756348 epoch=7 and step=79
2026-04-27 08:55:09,777 - SplitNNClient - INFO - 24884 - phase=validation acc=0.4898 loss=104.56527137756348 epoch=7 and step=79
2026-04-27 08:55:09,860 - SplitNNClient - INFO - 22652 - phase=validation acc=0.4898 loss=104.56527137756348 epoch=7 and step=79
2026-04-27 08:55:12,109 - SplitNNClient - INFO - 22652 - phase=train acc=0.55859375 loss=12.526031136512756 epoch=8 and step=10
2026-04-27 08:55:12,212 - SplitNNClient - INFO - 24884 - phase=train acc=0.57578125 loss=12.183298647403717 epoch=8 and step=10
2026-04-27 08:55:12,273 - SplitNNClient - INFO - 16632 - phase=train acc=0.5328125 loss=13.213024854660034 epoch=8 and step=10
2026-04-27 08:55:14,435 - SplitNNClient - INFO - 22652 - phase=train acc=0.586328125 loss=23.943007349967957 epoch=8 and step=20
2026-04-27 08:55:14,560 - SplitNNClient - INFO - 24884 - phase=train acc=0.5921875 loss=23.3316712975502 epoch=8 and step=20
2026-04-27 08:55:14,627 - SplitNNClient - INFO - 16632 - phase=train acc=0.569140625 loss=24.448686838150024 epoch=8 and step=20
2026-04-27 08:55:16,812 - SplitNNClient - INFO - 22652 - phase=train acc=0.5830729166666667 loss=36.04935073852539 epoch=8 and step=30
2026-04-27 08:55:16,884 - SplitNNClient - INFO - 24884 - phase=train acc=0.5940104166666667 loss=34.49260687828064 epoch=8 and step=30
2026-04-27 08:55:16,987 - SplitNNClient - INFO - 16632 - phase=train acc=0.58125 loss=35.43609380722046 epoch=8 and step=30
2026-04-27 08:55:19,145 - SplitNNClient - INFO - 22652 - phase=train acc=0.5865234375 loss=47.72072100639343 epoch=8 and step=40
2026-04-27 08:55:19,250 - SplitNNClient - INFO - 24884 - phase=train acc=0.5970703125 loss=45.2033429145813 epoch=8 and step=40
2026-04-27 08:55:19,290 - SplitNNClient - INFO - 16632 - phase=train acc=0.5966796875 loss=45.946718633174896 epoch=8 and step=40
2026-04-27 08:55:21,522 - SplitNNClient - INFO - 22652 - phase=train acc=0.59296875 loss=58.77414083480835 epoch=8 and step=50
2026-04-27 08:55:21,625 - SplitNNClient - INFO - 24884 - phase=train acc=0.59640625 loss=56.679845213890076 epoch=8 and step=50
2026-04-27 08:55:21,691 - SplitNNClient - INFO - 16632 - phase=train acc=0.60140625 loss=56.48798805475235 epoch=8 and step=50
2026-04-27 08:55:23,922 - SplitNNClient - INFO - 22652 - phase=train acc=0.598046875 loss=69.93045955896378 epoch=8 and step=60
2026-04-27 08:55:23,993 - SplitNNClient - INFO - 24884 - phase=train acc=0.6018229166666667 loss=67.4723054766655 epoch=8 and step=60
2026-04-27 08:55:24,060 - SplitNNClient - INFO - 16632 - phase=train acc=0.6084635416666667 loss=67.00963008403778 epoch=8 and step=60
2026-04-27 08:55:26,286 - SplitNNClient - INFO - 22652 - phase=train acc=0.5998883928571429 loss=80.7697234749794 epoch=8 and step=70
2026-04-27 08:55:26,359 - SplitNNClient - INFO - 24884 - phase=train acc=0.6042410714285714 loss=78.45350760221481 epoch=8 and step=70
2026-04-27 08:55:26,429 - SplitNNClient - INFO - 16632 - phase=train acc=0.6125 loss=77.70845305919647 epoch=8 and step=70
2026-04-27 08:55:28,726 - SplitNNClient - INFO - 22652 - phase=train acc=0.60458984375 loss=91.38461643457413 epoch=8 and step=80
2026-04-27 08:55:28,798 - SplitNNClient - INFO - 24884 - phase=train acc=0.61064453125 loss=88.39882439374924 epoch=8 and step=80
2026-04-27 08:55:28,841 - SplitNNClient - INFO - 16632 - phase=train acc=0.61689453125 loss=87.74421310424805 epoch=8 and step=80
2026-04-27 08:55:30,889 - SplitNNClient - INFO - 22652 - phase=train acc=0.6103298611111111 loss=101.51787596940994 epoch=8 and step=90
2026-04-27 08:55:30,987 - SplitNNClient - INFO - 24884 - phase=train acc=0.6133680555555555 loss=99.00696808099747 epoch=8 and step=90
2026-04-27 08:55:32,959 - SplitNNClient - INFO - 22652 - phase=train acc=0.612265625 loss=112.35716623067856 epoch=8 and step=100
2026-04-27 08:55:33,024 - SplitNNClient - INFO - 24884 - phase=train acc=0.61796875 loss=109.11791908740997 epoch=8 and step=100
2026-04-27 08:55:34,998 - SplitNNClient - INFO - 22652 - phase=train acc=0.6143465909090909 loss=123.19611668586731 epoch=8 and step=110
2026-04-27 08:55:35,164 - SplitNNClient - INFO - 24884 - phase=train acc=0.6191051136363637 loss=119.83211672306061 epoch=8 and step=110
2026-04-27 08:55:37,059 - SplitNNClient - INFO - 22652 - phase=train acc=0.6172526041666667 loss=133.1993606686592 epoch=8 and step=120
2026-04-27 08:55:37,214 - SplitNNClient - INFO - 24884 - phase=train acc=0.6204427083333334 loss=130.47907066345215 epoch=8 and step=120
2026-04-27 08:55:39,149 - SplitNNClient - INFO - 22652 - phase=train acc=0.6191706730769231 loss=144.1081275343895 epoch=8 and step=130
2026-04-27 08:55:39,280 - SplitNNClient - INFO - 24884 - phase=train acc=0.6206730769230769 loss=140.93309766054153 epoch=8 and step=130
2026-04-27 08:55:41,369 - SplitNNClient - INFO - 22652 - phase=train acc=0.61953125 loss=155.0849176645279 epoch=8 and step=140
2026-04-27 08:55:43,044 - SplitNNClient - INFO - 22652 - phase=train acc=0.6215625 loss=165.52177220582962 epoch=8 and step=150
2026-04-27 08:55:44,807 - SplitNNClient - INFO - 22652 - phase=train acc=0.62392578125 loss=175.6808050274849 epoch=8 and step=160
2026-04-27 08:55:46,175 - FedServerManager - INFO - 25788 - get all model params ---- from rank fed_server
2026-04-27 08:55:57,754 - SplitNNClient - INFO - 16632 - phase=validation acc=0.5455 loss=98.17217648029327 epoch=8 and step=79
2026-04-27 08:55:57,797 - SplitNNClient - INFO - 22652 - phase=validation acc=0.5455 loss=98.17217648029327 epoch=8 and step=79
2026-04-27 08:55:57,854 - SplitNNClient - INFO - 24884 - phase=validation acc=0.5455 loss=98.17217648029327 epoch=8 and step=79
2026-04-27 08:56:00,147 - SplitNNClient - INFO - 22652 - phase=train acc=0.59765625 loss=12.239155530929565 epoch=9 and step=10
2026-04-27 08:56:00,210 - SplitNNClient - INFO - 24884 - phase=train acc=0.634375 loss=10.912179827690125 epoch=9 and step=10
2026-04-27 08:56:00,308 - SplitNNClient - INFO - 16632 - phase=train acc=0.55 loss=12.498013973236084 epoch=9 and step=10
2026-04-27 08:56:02,509 - SplitNNClient - INFO - 22652 - phase=train acc=0.615625 loss=23.24878191947937 epoch=9 and step=20
2026-04-27 08:56:02,576 - SplitNNClient - INFO - 24884 - phase=train acc=0.6453125 loss=21.312372386455536 epoch=9 and step=20
2026-04-27 08:56:02,641 - SplitNNClient - INFO - 16632 - phase=train acc=0.573828125 loss=23.987445175647736 epoch=9 and step=20
2026-04-27 08:56:04,893 - SplitNNClient - INFO - 22652 - phase=train acc=0.6265625 loss=33.5404098033905 epoch=9 and step=30
2026-04-27 08:56:04,957 - SplitNNClient - INFO - 24884 - phase=train acc=0.6421875 loss=31.67726105451584 epoch=9 and step=30
2026-04-27 08:56:05,027 - SplitNNClient - INFO - 16632 - phase=train acc=0.59609375 loss=34.29938060045242 epoch=9 and step=30
2026-04-27 08:56:07,282 - SplitNNClient - INFO - 22652 - phase=train acc=0.6234375 loss=44.61652195453644 epoch=9 and step=40
2026-04-27 08:56:07,388 - SplitNNClient - INFO - 24884 - phase=train acc=0.6458984375 loss=41.98125600814819 epoch=9 and step=40
2026-04-27 08:56:07,451 - SplitNNClient - INFO - 16632 - phase=train acc=0.6033203125 loss=44.62113183736801 epoch=9 and step=40
2026-04-27 08:56:09,696 - SplitNNClient - INFO - 22652 - phase=train acc=0.62578125 loss=55.349976897239685 epoch=9 and step=50
2026-04-27 08:56:09,792 - SplitNNClient - INFO - 24884 - phase=train acc=0.646875 loss=51.87112581729889 epoch=9 and step=50
2026-04-27 08:56:09,864 - SplitNNClient - INFO - 16632 - phase=train acc=0.608125 loss=55.3816699385643 epoch=9 and step=50
2026-04-27 08:56:12,114 - SplitNNClient - INFO - 22652 - phase=train acc=0.629296875 loss=65.45647728443146 epoch=9 and step=60
2026-04-27 08:56:12,217 - SplitNNClient - INFO - 24884 - phase=train acc=0.6498697916666667 loss=61.653374791145325 epoch=9 and step=60
2026-04-27 08:56:12,259 - SplitNNClient - INFO - 16632 - phase=train acc=0.6151041666666667 loss=65.60203725099564 epoch=9 and step=60
2026-04-27 08:56:14,511 - SplitNNClient - INFO - 22652 - phase=train acc=0.6301339285714286 loss=76.41020560264587 epoch=9 and step=70
2026-04-27 08:56:14,615 - SplitNNClient - INFO - 24884 - phase=train acc=0.6508928571428572 loss=71.50272399187088 epoch=9 and step=70
2026-04-27 08:56:14,683 - SplitNNClient - INFO - 16632 - phase=train acc=0.61875 loss=75.90759921073914 epoch=9 and step=70
2026-04-27 08:56:16,909 - SplitNNClient - INFO - 22652 - phase=train acc=0.63046875 loss=87.12133288383484 epoch=9 and step=80
2026-04-27 08:56:17,042 - SplitNNClient - INFO - 24884 - phase=train acc=0.65205078125 loss=81.58384424448013 epoch=9 and step=80
2026-04-27 08:56:17,082 - SplitNNClient - INFO - 16632 - phase=train acc=0.621484375 loss=85.97211933135986 epoch=9 and step=80
2026-04-27 08:56:19,072 - SplitNNClient - INFO - 22652 - phase=train acc=0.6322048611111111 loss=97.61778336763382 epoch=9 and step=90
2026-04-27 08:56:19,297 - SplitNNClient - INFO - 24884 - phase=train acc=0.6489583333333333 loss=92.42271226644516 epoch=9 and step=90
2026-04-27 08:56:21,112 - SplitNNClient - INFO - 22652 - phase=train acc=0.63078125 loss=108.32944053411484 epoch=9 and step=100
2026-04-27 08:56:21,376 - SplitNNClient - INFO - 24884 - phase=train acc=0.649140625 loss=102.50768023729324 epoch=9 and step=100
2026-04-27 08:56:23,170 - SplitNNClient - INFO - 22652 - phase=train acc=0.6308238636363637 loss=118.59414744377136 epoch=9 and step=110
2026-04-27 08:56:23,459 - SplitNNClient - INFO - 24884 - phase=train acc=0.6487926136363636 loss=112.88839942216873 epoch=9 and step=110
2026-04-27 08:56:25,296 - SplitNNClient - INFO - 22652 - phase=train acc=0.6341145833333334 loss=128.37938541173935 epoch=9 and step=120
2026-04-27 08:56:25,564 - SplitNNClient - INFO - 24884 - phase=train acc=0.6495442708333333 loss=122.90463024377823 epoch=9 and step=120
2026-04-27 08:56:27,356 - SplitNNClient - INFO - 22652 - phase=train acc=0.6344350961538462 loss=138.58416652679443 epoch=9 and step=130
2026-04-27 08:56:27,651 - SplitNNClient - INFO - 24884 - phase=train acc=0.651201923076923 loss=132.56161177158356 epoch=9 and step=130
2026-04-27 08:56:29,373 - SplitNNClient - INFO - 22652 - phase=train acc=0.6342075892857143 loss=148.91935247182846 epoch=9 and step=140
2026-04-27 08:56:31,056 - SplitNNClient - INFO - 22652 - phase=train acc=0.6360416666666666 loss=159.3702667951584 epoch=9 and step=150
2026-04-27 08:56:32,713 - SplitNNClient - INFO - 22652 - phase=train acc=0.637646484375 loss=169.42416298389435 epoch=9 and step=160
2026-04-27 08:56:34,004 - FedServerManager - INFO - 25788 - get all model params ---- from rank fed_server
2026-04-27 08:56:45,521 - SplitNNClient - INFO - 24884 - phase=validation acc=0.5654 loss=92.02569878101349 epoch=9 and step=79
2026-04-27 08:56:45,567 - SplitNNClient - INFO - 16632 - phase=validation acc=0.5654 loss=92.02569878101349 epoch=9 and step=79
2026-04-27 08:56:45,616 - SplitNNClient - INFO - 22652 - phase=validation acc=0.5654 loss=92.02569878101349 epoch=9 and step=79
2026-04-27 08:56:47,919 - SplitNNClient - INFO - 16632 - phase=train acc=0.5671875 loss=12.119708776473999 epoch=10 and step=10
2026-04-27 08:56:48,017 - SplitNNClient - INFO - 22652 - phase=train acc=0.6078125 loss=11.493152797222137 epoch=10 and step=10
2026-04-27 08:56:48,113 - SplitNNClient - INFO - 24884 - phase=train acc=0.63125 loss=11.092108964920044 epoch=10 and step=10
2026-04-27 08:56:50,343 - SplitNNClient - INFO - 16632 - phase=train acc=0.5828125 loss=23.288901329040527 epoch=10 and step=20
2026-04-27 08:56:50,413 - SplitNNClient - INFO - 22652 - phase=train acc=0.61875 loss=22.02507174015045 epoch=10 and step=20
2026-04-27 08:56:50,506 - SplitNNClient - INFO - 24884 - phase=train acc=0.655078125 loss=21.04001921415329 epoch=10 and step=20
2026-04-27 08:56:52,768 - SplitNNClient - INFO - 16632 - phase=train acc=0.60234375 loss=33.565152049064636 epoch=10 and step=30
2026-04-27 08:56:52,837 - SplitNNClient - INFO - 22652 - phase=train acc=0.6252604166666667 loss=32.380689442157745 epoch=10 and step=30
2026-04-27 08:56:52,941 - SplitNNClient - INFO - 24884 - phase=train acc=0.65 loss=31.41451805830002 epoch=10 and step=30
2026-04-27 08:56:55,168 - SplitNNClient - INFO - 16632 - phase=train acc=0.6123046875 loss=43.454579293727875 epoch=10 and step=40
2026-04-27 08:56:55,238 - SplitNNClient - INFO - 22652 - phase=train acc=0.626953125 loss=42.9700853228569 epoch=10 and step=40
2026-04-27 08:56:55,340 - SplitNNClient - INFO - 24884 - phase=train acc=0.659375 loss=40.44869029521942 epoch=10 and step=40
2026-04-27 08:56:57,558 - SplitNNClient - INFO - 16632 - phase=train acc=0.61765625 loss=53.909435629844666 epoch=10 and step=50
2026-04-27 08:56:57,658 - SplitNNClient - INFO - 22652 - phase=train acc=0.6315625 loss=53.22720545530319 epoch=10 and step=50
2026-04-27 08:56:57,726 - SplitNNClient - INFO - 24884 - phase=train acc=0.66171875 loss=50.13113605976105 epoch=10 and step=50
2026-04-27 08:57:00,006 - SplitNNClient - INFO - 16632 - phase=train acc=0.6252604166666667 loss=63.39371818304062 epoch=10 and step=60
2026-04-27 08:57:00,075 - SplitNNClient - INFO - 22652 - phase=train acc=0.6326822916666667 loss=63.57300215959549 epoch=10 and step=60
2026-04-27 08:57:00,173 - SplitNNClient - INFO - 24884 - phase=train acc=0.6606770833333333 loss=60.168424010276794 epoch=10 and step=60
2026-04-27 08:57:02,434 - SplitNNClient - INFO - 16632 - phase=train acc=0.6319196428571429 loss=72.97270929813385 epoch=10 and step=70
2026-04-27 08:57:02,501 - SplitNNClient - INFO - 22652 - phase=train acc=0.6357142857142857 loss=73.73561871051788 epoch=10 and step=70
2026-04-27 08:57:02,602 - SplitNNClient - INFO - 24884 - phase=train acc=0.6635044642857143 loss=69.67159700393677 epoch=10 and step=70
2026-04-27 08:57:04,937 - SplitNNClient - INFO - 16632 - phase=train acc=0.634375 loss=82.83013260364532 epoch=10 and step=80
2026-04-27 08:57:04,998 - SplitNNClient - INFO - 22652 - phase=train acc=0.63544921875 loss=84.64045357704163 epoch=10 and step=80
2026-04-27 08:57:05,158 - SplitNNClient - INFO - 24884 - phase=train acc=0.66416015625 loss=79.38237541913986 epoch=10 and step=80
2026-04-27 08:57:07,215 - SplitNNClient - INFO - 22652 - phase=train acc=0.6362847222222222 loss=95.31653940677643 epoch=10 and step=90
2026-04-27 08:57:07,254 - SplitNNClient - INFO - 24884 - phase=train acc=0.6649305555555556 loss=89.27154332399368 epoch=10 and step=90
2026-04-27 08:57:09,253 - SplitNNClient - INFO - 22652 - phase=train acc=0.63609375 loss=105.88123804330826 epoch=10 and step=100
2026-04-27 08:57:09,355 - SplitNNClient - INFO - 24884 - phase=train acc=0.664921875 loss=99.32295787334442 epoch=10 and step=100
2026-04-27 08:57:11,335 - SplitNNClient - INFO - 22652 - phase=train acc=0.6387073863636363 loss=115.92302882671356 epoch=10 and step=110
2026-04-27 08:57:11,437 - SplitNNClient - INFO - 24884 - phase=train acc=0.6658380681818182 loss=109.13364320993423 epoch=10 and step=110
2026-04-27 08:57:13,408 - SplitNNClient - INFO - 22652 - phase=train acc=0.6400390625 loss=125.92790573835373 epoch=10 and step=120
2026-04-27 08:57:13,472 - SplitNNClient - INFO - 24884 - phase=train acc=0.6671875 loss=118.61268788576126 epoch=10 and step=120
2026-04-27 08:57:15,516 - SplitNNClient - INFO - 22652 - phase=train acc=0.6427884615384616 loss=135.8649092912674 epoch=10 and step=130
2026-04-27 08:57:15,588 - SplitNNClient - INFO - 24884 - phase=train acc=0.6677283653846153 loss=127.68360835313797 epoch=10 and step=130
2026-04-27 08:57:17,604 - SplitNNClient - INFO - 22652 - phase=train acc=0.644140625 loss=145.5966705083847 epoch=10 and step=140
2026-04-27 08:57:19,243 - SplitNNClient - INFO - 22652 - phase=train acc=0.6461458333333333 loss=155.22843432426453 epoch=10 and step=150
2026-04-27 08:57:20,832 - SplitNNClient - INFO - 22652 - phase=train acc=0.64873046875 loss=164.58470475673676 epoch=10 and step=160
2026-04-27 08:57:22,169 - FedServerManager - INFO - 25788 - get all model params ---- from rank fed_server
2026-04-27 08:57:33,750 - SplitNNClient - INFO - 16632 - phase=validation acc=0.5699 loss=91.82713210582733 epoch=10 and step=79
2026-04-27 08:57:33,790 - SplitNNClient - INFO - 22652 - phase=validation acc=0.5699 loss=91.82713210582733 epoch=10 and step=79
2026-04-27 08:57:33,851 - SplitNNClient - INFO - 24884 - phase=validation acc=0.5699 loss=91.82713210582733 epoch=10 and step=79
2026-04-27 08:57:36,328 - SplitNNClient - INFO - 22652 - phase=train acc=0.615625 loss=11.220757842063904 epoch=11 and step=10
2026-04-27 08:57:36,370 - SplitNNClient - INFO - 24884 - phase=train acc=0.63984375 loss=10.394790947437286 epoch=11 and step=10
2026-04-27 08:57:36,442 - SplitNNClient - INFO - 16632 - phase=train acc=0.596875 loss=11.522105515003204 epoch=11 and step=10
2026-04-27 08:57:38,815 - SplitNNClient - INFO - 22652 - phase=train acc=0.63203125 loss=21.822117865085602 epoch=11 and step=20
2026-04-27 08:57:38,852 - SplitNNClient - INFO - 24884 - phase=train acc=0.6546875 loss=20.22239750623703 epoch=11 and step=20
2026-04-27 08:57:38,917 - SplitNNClient - INFO - 16632 - phase=train acc=0.61171875 loss=21.965086460113525 epoch=11 and step=20
2026-04-27 08:57:41,257 - SplitNNClient - INFO - 22652 - phase=train acc=0.6471354166666666 loss=31.76171237230301 epoch=11 and step=30
2026-04-27 08:57:41,329 - SplitNNClient - INFO - 24884 - phase=train acc=0.6575520833333334 loss=30.12040090560913 epoch=11 and step=30
2026-04-27 08:57:41,399 - SplitNNClient - INFO - 16632 - phase=train acc=0.6268229166666667 loss=31.789112508296967 epoch=11 and step=30
2026-04-27 08:57:43,706 - SplitNNClient - INFO - 22652 - phase=train acc=0.6505859375 loss=41.493647277355194 epoch=11 and step=40
2026-04-27 08:57:43,772 - SplitNNClient - INFO - 24884 - phase=train acc=0.6607421875 loss=39.388503193855286 epoch=11 and step=40
2026-04-27 08:57:43,875 - SplitNNClient - INFO - 16632 - phase=train acc=0.6357421875 loss=41.37469643354416 epoch=11 and step=40
2026-04-27 08:57:46,142 - SplitNNClient - INFO - 22652 - phase=train acc=0.65421875 loss=51.63142120838165 epoch=11 and step=50
2026-04-27 08:57:46,214 - SplitNNClient - INFO - 24884 - phase=train acc=0.66234375 loss=49.00325518846512 epoch=11 and step=50
2026-04-27 08:57:46,280 - SplitNNClient - INFO - 16632 - phase=train acc=0.6378125 loss=51.16442930698395 epoch=11 and step=50
2026-04-27 08:57:48,641 - SplitNNClient - INFO - 22652 - phase=train acc=0.6536458333333334 loss=61.56585747003555 epoch=11 and step=60
2026-04-27 08:57:48,715 - SplitNNClient - INFO - 24884 - phase=train acc=0.6618489583333333 loss=58.89356654882431 epoch=11 and step=60
2026-04-27 08:57:48,753 - SplitNNClient - INFO - 16632 - phase=train acc=0.6451822916666666 loss=60.362209022045135 epoch=11 and step=60
2026-04-27 08:57:51,065 - SplitNNClient - INFO - 22652 - phase=train acc=0.6541294642857143 loss=71.63433057069778 epoch=11 and step=70
2026-04-27 08:57:51,138 - SplitNNClient - INFO - 24884 - phase=train acc=0.6628348214285714 loss=68.6080134510994 epoch=11 and step=70
2026-04-27 08:57:51,205 - SplitNNClient - INFO - 16632 - phase=train acc=0.6466517857142857 loss=69.94287669658661 epoch=11 and step=70
2026-04-27 08:57:53,470 - SplitNNClient - INFO - 22652 - phase=train acc=0.65634765625 loss=81.30476242303848 epoch=11 and step=80
2026-04-27 08:57:53,572 - SplitNNClient - INFO - 24884 - phase=train acc=0.662890625 loss=78.27397686243057 epoch=11 and step=80
2026-04-27 08:57:53,640 - SplitNNClient - INFO - 16632 - phase=train acc=0.65107421875 loss=79.28004330396652 epoch=11 and step=80
2026-04-27 08:57:55,730 - SplitNNClient - INFO - 22652 - phase=train acc=0.6592013888888889 loss=90.542285323143 epoch=11 and step=90
2026-04-27 08:57:55,859 - SplitNNClient - INFO - 24884 - phase=train acc=0.6640625 loss=87.31678366661072 epoch=11 and step=90
2026-04-27 08:57:57,785 - SplitNNClient - INFO - 22652 - phase=train acc=0.661875 loss=99.89682024717331 epoch=11 and step=100
2026-04-27 08:57:57,942 - SplitNNClient - INFO - 24884 - phase=train acc=0.665703125 loss=96.6550840139389 epoch=11 and step=100
2026-04-27 08:57:59,965 - SplitNNClient - INFO - 22652 - phase=train acc=0.6615056818181818 loss=109.75871855020523 epoch=11 and step=110
2026-04-27 08:58:00,089 - SplitNNClient - INFO - 24884 - phase=train acc=0.6657670454545455 loss=106.37632745504379 epoch=11 and step=110
2026-04-27 08:58:02,061 - SplitNNClient - INFO - 22652 - phase=train acc=0.66171875 loss=119.53949928283691 epoch=11 and step=120
2026-04-27 08:58:02,157 - SplitNNClient - INFO - 24884 - phase=train acc=0.66796875 loss=115.59597134590149 epoch=11 and step=120
2026-04-27 08:58:04,172 - SplitNNClient - INFO - 22652 - phase=train acc=0.6622596153846154 loss=129.440380692482 epoch=11 and step=130
2026-04-27 08:58:04,213 - SplitNNClient - INFO - 24884 - phase=train acc=0.6692908653846154 loss=125.07927650213242 epoch=11 and step=130
2026-04-27 08:58:06,233 - SplitNNClient - INFO - 22652 - phase=train acc=0.6631138392857143 loss=139.05449974536896 epoch=11 and step=140
2026-04-27 08:58:07,889 - SplitNNClient - INFO - 22652 - phase=train acc=0.6641145833333333 loss=148.4663506746292 epoch=11 and step=150
2026-04-27 08:58:09,440 - SplitNNClient - INFO - 22652 - phase=train acc=0.66396484375 loss=157.99387913942337 epoch=11 and step=160
2026-04-27 08:58:10,603 - FedServerManager - INFO - 25788 - get all model params ---- from rank fed_server
2026-04-27 08:58:22,067 - SplitNNClient - INFO - 16632 - phase=validation acc=0.5975 loss=86.53798681497574 epoch=11 and step=79
2026-04-27 08:58:22,106 - SplitNNClient - INFO - 22652 - phase=validation acc=0.5975 loss=86.53798681497574 epoch=11 and step=79
2026-04-27 08:58:22,167 - SplitNNClient - INFO - 24884 - phase=validation acc=0.5975 loss=86.53798681497574 epoch=11 and step=79
2026-04-27 08:58:24,480 - SplitNNClient - INFO - 24884 - phase=train acc=0.67109375 loss=9.972444117069244 epoch=12 and step=10
2026-04-27 08:58:24,707 - SplitNNClient - INFO - 22652 - phase=train acc=0.65859375 loss=10.256102979183197 epoch=12 and step=10
2026-04-27 08:58:24,772 - SplitNNClient - INFO - 16632 - phase=train acc=0.59140625 loss=11.9535693526268 epoch=12 and step=10
2026-04-27 08:58:27,073 - SplitNNClient - INFO - 24884 - phase=train acc=0.66875 loss=19.61664569377899 epoch=12 and step=20
2026-04-27 08:58:27,140 - SplitNNClient - INFO - 22652 - phase=train acc=0.661328125 loss=19.98039209842682 epoch=12 and step=20
2026-04-27 08:58:27,212 - SplitNNClient - INFO - 16632 - phase=train acc=0.619921875 loss=21.845210552215576 epoch=12 and step=20
2026-04-27 08:58:29,563 - SplitNNClient - INFO - 24884 - phase=train acc=0.6768229166666667 loss=28.55445510149002 epoch=12 and step=30
2026-04-27 08:58:29,627 - SplitNNClient - INFO - 22652 - phase=train acc=0.6565104166666667 loss=29.864447951316833 epoch=12 and step=30
2026-04-27 08:58:29,669 - SplitNNClient - INFO - 16632 - phase=train acc=0.6361979166666667 loss=30.915066599845886 epoch=12 and step=30
2026-04-27 08:58:31,975 - SplitNNClient - INFO - 24884 - phase=train acc=0.6755859375 loss=38.07043343782425 epoch=12 and step=40
2026-04-27 08:58:32,130 - SplitNNClient - INFO - 22652 - phase=train acc=0.6607421875 loss=39.37351614236832 epoch=12 and step=40
2026-04-27 08:58:32,173 - SplitNNClient - INFO - 16632 - phase=train acc=0.6439453125 loss=40.733829855918884 epoch=12 and step=40
2026-04-27 08:58:34,451 - SplitNNClient - INFO - 24884 - phase=train acc=0.67484375 loss=47.374831557273865 epoch=12 and step=50
2026-04-27 08:58:34,523 - SplitNNClient - INFO - 22652 - phase=train acc=0.66640625 loss=48.82314741611481 epoch=12 and step=50
2026-04-27 08:58:34,620 - SplitNNClient - INFO - 16632 - phase=train acc=0.64625 loss=50.397929549217224 epoch=12 and step=50
2026-04-27 08:58:36,899 - SplitNNClient - INFO - 24884 - phase=train acc=0.6782552083333333 loss=56.552035450935364 epoch=12 and step=60
2026-04-27 08:58:36,969 - SplitNNClient - INFO - 22652 - phase=train acc=0.6686197916666666 loss=58.3181608915329 epoch=12 and step=60
2026-04-27 08:58:37,070 - SplitNNClient - INFO - 16632 - phase=train acc=0.6497395833333334 loss=59.945724070072174 epoch=12 and step=60
2026-04-27 08:58:39,337 - SplitNNClient - INFO - 24884 - phase=train acc=0.6782366071428572 loss=65.92320841550827 epoch=12 and step=70
2026-04-27 08:58:39,431 - SplitNNClient - INFO - 22652 - phase=train acc=0.6660714285714285 loss=68.19217497110367 epoch=12 and step=70
2026-04-27 08:58:39,504 - SplitNNClient - INFO - 16632 - phase=train acc=0.6551339285714286 loss=69.06001859903336 epoch=12 and step=70
2026-04-27 08:58:41,810 - SplitNNClient - INFO - 24884 - phase=train acc=0.6794921875 loss=75.13882076740265 epoch=12 and step=80
2026-04-27 08:58:41,938 - SplitNNClient - INFO - 22652 - phase=train acc=0.66796875 loss=77.48242038488388 epoch=12 and step=80
2026-04-27 08:58:42,010 - SplitNNClient - INFO - 16632 - phase=train acc=0.65673828125 loss=78.26211738586426 epoch=12 and step=80
2026-04-27 08:58:44,045 - SplitNNClient - INFO - 24884 - phase=train acc=0.6814236111111112 loss=83.97208952903748 epoch=12 and step=90
2026-04-27 08:58:44,169 - SplitNNClient - INFO - 22652 - phase=train acc=0.6683159722222223 loss=87.02100986242294 epoch=12 and step=90
2026-04-27 08:58:46,126 - SplitNNClient - INFO - 24884 - phase=train acc=0.684375 loss=92.7419683933258 epoch=12 and step=100
2026-04-27 08:58:46,226 - SplitNNClient - INFO - 22652 - phase=train acc=0.669609375 loss=96.48665523529053 epoch=12 and step=100
2026-04-27 08:58:48,234 - SplitNNClient - INFO - 24884 - phase=train acc=0.6858664772727273 loss=101.56119632720947 epoch=12 and step=110
2026-04-27 08:58:48,297 - SplitNNClient - INFO - 22652 - phase=train acc=0.6705255681818182 loss=105.9338401556015 epoch=12 and step=110
2026-04-27 08:58:50,306 - SplitNNClient - INFO - 24884 - phase=train acc=0.6853515625 loss=111.03630709648132 epoch=12 and step=120
2026-04-27 08:58:50,431 - SplitNNClient - INFO - 22652 - phase=train acc=0.6702473958333334 loss=115.79556387662888 epoch=12 and step=120
2026-04-27 08:58:52,423 - SplitNNClient - INFO - 24884 - phase=train acc=0.6860576923076923 loss=120.18038445711136 epoch=12 and step=130
2026-04-27 08:58:52,517 - SplitNNClient - INFO - 22652 - phase=train acc=0.6699519230769231 loss=125.68368476629257 epoch=12 and step=130
2026-04-27 08:58:54,521 - SplitNNClient - INFO - 22652 - phase=train acc=0.671875 loss=135.1835378408432 epoch=12 and step=140
2026-04-27 08:58:56,314 - SplitNNClient - INFO - 22652 - phase=train acc=0.6719791666666667 loss=144.87770038843155 epoch=12 and step=150
2026-04-27 08:58:57,864 - SplitNNClient - INFO - 22652 - phase=train acc=0.673193359375 loss=154.0770604610443 epoch=12 and step=160
2026-04-27 08:58:59,033 - FedServerManager - INFO - 25788 - get all model params ---- from rank fed_server
2026-04-27 08:59:10,670 - SplitNNClient - INFO - 16632 - phase=validation acc=0.6062 loss=84.37385207414627 epoch=12 and step=79
2026-04-27 08:59:10,722 - SplitNNClient - INFO - 22652 - phase=validation acc=0.6062 loss=84.37385207414627 epoch=12 and step=79
2026-04-27 08:59:10,773 - SplitNNClient - INFO - 24884 - phase=validation acc=0.6062 loss=84.37385207414627 epoch=12 and step=79
2026-04-27 08:59:13,090 - SplitNNClient - INFO - 22652 - phase=train acc=0.6546875 loss=10.057271957397461 epoch=13 and step=10
2026-04-27 08:59:13,139 - SplitNNClient - INFO - 16632 - phase=train acc=0.62265625 loss=11.241124987602234 epoch=13 and step=10
2026-04-27 08:59:13,269 - SplitNNClient - INFO - 24884 - phase=train acc=0.6703125 loss=9.51467752456665 epoch=13 and step=10
2026-04-27 08:59:15,539 - SplitNNClient - INFO - 22652 - phase=train acc=0.665625 loss=19.58150488138199 epoch=13 and step=20
2026-04-27 08:59:15,603 - SplitNNClient - INFO - 16632 - phase=train acc=0.6375 loss=21.049087941646576 epoch=13 and step=20
2026-04-27 08:59:15,701 - SplitNNClient - INFO - 24884 - phase=train acc=0.684765625 loss=18.85767638683319 epoch=13 and step=20
2026-04-27 08:59:18,067 - SplitNNClient - INFO - 22652 - phase=train acc=0.67421875 loss=28.546244382858276 epoch=13 and step=30
2026-04-27 08:59:18,114 - SplitNNClient - INFO - 16632 - phase=train acc=0.64921875 loss=30.26079821586609 epoch=13 and step=30
2026-04-27 08:59:18,211 - SplitNNClient - INFO - 24884 - phase=train acc=0.6809895833333334 loss=28.045870780944824 epoch=13 and step=30
2026-04-27 08:59:20,473 - SplitNNClient - INFO - 22652 - phase=train acc=0.676953125 loss=37.63459634780884 epoch=13 and step=40
2026-04-27 08:59:20,539 - SplitNNClient - INFO - 16632 - phase=train acc=0.6587890625 loss=39.140762865543365 epoch=13 and step=40
2026-04-27 08:59:20,642 - SplitNNClient - INFO - 24884 - phase=train acc=0.6787109375 loss=37.396652817726135 epoch=13 and step=40
2026-04-27 08:59:22,889 - SplitNNClient - INFO - 22652 - phase=train acc=0.67921875 loss=47.14418834447861 epoch=13 and step=50
2026-04-27 08:59:22,962 - SplitNNClient - INFO - 16632 - phase=train acc=0.6646875 loss=48.230954110622406 epoch=13 and step=50
2026-04-27 08:59:23,063 - SplitNNClient - INFO - 24884 - phase=train acc=0.68390625 loss=45.94654822349548 epoch=13 and step=50
2026-04-27 08:59:25,360 - SplitNNClient - INFO - 22652 - phase=train acc=0.6796875 loss=56.3098840713501 epoch=13 and step=60
2026-04-27 08:59:25,432 - SplitNNClient - INFO - 16632 - phase=train acc=0.66796875 loss=57.31132918596268 epoch=13 and step=60
2026-04-27 08:59:25,529 - SplitNNClient - INFO - 24884 - phase=train acc=0.6859375 loss=55.1940051317215 epoch=13 and step=60
2026-04-27 08:59:27,839 - SplitNNClient - INFO - 22652 - phase=train acc=0.6811383928571428 loss=65.37771677970886 epoch=13 and step=70
2026-04-27 08:59:27,909 - SplitNNClient - INFO - 16632 - phase=train acc=0.6683035714285714 loss=66.51673638820648 epoch=13 and step=70
2026-04-27 08:59:28,002 - SplitNNClient - INFO - 24884 - phase=train acc=0.6881696428571429 loss=63.87290930747986 epoch=13 and step=70
2026-04-27 08:59:30,292 - SplitNNClient - INFO - 22652 - phase=train acc=0.68271484375 loss=74.45690566301346 epoch=13 and step=80
2026-04-27 08:59:30,363 - SplitNNClient - INFO - 16632 - phase=train acc=0.67177734375 loss=75.30864650011063 epoch=13 and step=80
2026-04-27 08:59:30,431 - SplitNNClient - INFO - 24884 - phase=train acc=0.68916015625 loss=72.82399433851242 epoch=13 and step=80
2026-04-27 08:59:32,524 - SplitNNClient - INFO - 22652 - phase=train acc=0.6826388888888889 loss=83.67459154129028 epoch=13 and step=90
2026-04-27 08:59:32,617 - SplitNNClient - INFO - 24884 - phase=train acc=0.6904513888888889 loss=81.30152577161789 epoch=13 and step=90
2026-04-27 08:59:34,610 - SplitNNClient - INFO - 22652 - phase=train acc=0.683671875 loss=92.85597288608551 epoch=13 and step=100
2026-04-27 08:59:34,682 - SplitNNClient - INFO - 24884 - phase=train acc=0.692265625 loss=89.82831871509552 epoch=13 and step=100
2026-04-27 08:59:36,707 - SplitNNClient - INFO - 22652 - phase=train acc=0.68671875 loss=101.7297927737236 epoch=13 and step=110
2026-04-27 08:59:36,741 - SplitNNClient - INFO - 24884 - phase=train acc=0.6936079545454545 loss=98.52606326341629 epoch=13 and step=110
2026-04-27 08:59:38,773 - SplitNNClient - INFO - 22652 - phase=train acc=0.686328125 loss=111.00274032354355 epoch=13 and step=120
2026-04-27 08:59:38,846 - SplitNNClient - INFO - 24884 - phase=train acc=0.69296875 loss=107.85264593362808 epoch=13 and step=120
2026-04-27 08:59:40,861 - SplitNNClient - INFO - 22652 - phase=train acc=0.6850961538461539 loss=120.72405469417572 epoch=13 and step=130
2026-04-27 08:59:40,928 - SplitNNClient - INFO - 24884 - phase=train acc=0.6920673076923077 loss=116.82753270864487 epoch=13 and step=130
2026-04-27 08:59:42,905 - SplitNNClient - INFO - 22652 - phase=train acc=0.6878348214285714 loss=128.95924639701843 epoch=13 and step=140
2026-04-27 08:59:44,514 - SplitNNClient - INFO - 22652 - phase=train acc=0.68796875 loss=138.485396027565 epoch=13 and step=150
2026-04-27 08:59:46,351 - SplitNNClient - INFO - 22652 - phase=train acc=0.688916015625 loss=147.12042784690857 epoch=13 and step=160
2026-04-27 08:59:47,560 - FedServerManager - INFO - 25788 - get all model params ---- from rank fed_server
2026-04-27 08:59:59,097 - SplitNNClient - INFO - 16632 - phase=validation acc=0.6223 loss=82.63139986991882 epoch=13 and step=79
2026-04-27 08:59:59,139 - SplitNNClient - INFO - 22652 - phase=validation acc=0.6223 loss=82.63139986991882 epoch=13 and step=79
2026-04-27 08:59:59,198 - SplitNNClient - INFO - 24884 - phase=validation acc=0.6223 loss=82.63139986991882 epoch=13 and step=79
2026-04-27 09:00:01,563 - SplitNNClient - INFO - 16632 - phase=train acc=0.6234375 loss=11.059511363506317 epoch=14 and step=10
2026-04-27 09:00:01,722 - SplitNNClient - INFO - 22652 - phase=train acc=0.6640625 loss=9.93645590543747 epoch=14 and step=10
2026-04-27 09:00:01,786 - SplitNNClient - INFO - 24884 - phase=train acc=0.67421875 loss=9.445549607276917 epoch=14 and step=10
2026-04-27 09:00:04,137 - SplitNNClient - INFO - 16632 - phase=train acc=0.6484375 loss=20.3080877661705 epoch=14 and step=20
2026-04-27 09:00:04,230 - SplitNNClient - INFO - 22652 - phase=train acc=0.673828125 loss=19.56576520204544 epoch=14 and step=20
2026-04-27 09:00:04,331 - SplitNNClient - INFO - 24884 - phase=train acc=0.691796875 loss=18.498630821704865 epoch=14 and step=20
2026-04-27 09:00:06,706 - SplitNNClient - INFO - 16632 - phase=train acc=0.65625 loss=29.207736372947693 epoch=14 and step=30
2026-04-27 09:00:06,769 - SplitNNClient - INFO - 22652 - phase=train acc=0.67421875 loss=28.893358290195465 epoch=14 and step=30
2026-04-27 09:00:06,865 - SplitNNClient - INFO - 24884 - phase=train acc=0.6958333333333333 loss=27.012156903743744 epoch=14 and step=30
2026-04-27 09:00:09,119 - SplitNNClient - INFO - 16632 - phase=train acc=0.65703125 loss=38.947366535663605 epoch=14 and step=40
2026-04-27 09:00:09,186 - SplitNNClient - INFO - 22652 - phase=train acc=0.6828125 loss=37.39727437496185 epoch=14 and step=40
2026-04-27 09:00:09,287 - SplitNNClient - INFO - 24884 - phase=train acc=0.6947265625 loss=36.06873708963394 epoch=14 and step=40
2026-04-27 09:00:11,538 - SplitNNClient - INFO - 16632 - phase=train acc=0.66140625 loss=47.829969465732574 epoch=14 and step=50
2026-04-27 09:00:11,699 - SplitNNClient - INFO - 22652 - phase=train acc=0.6865625 loss=46.10164988040924 epoch=14 and step=50
2026-04-27 09:00:11,742 - SplitNNClient - INFO - 24884 - phase=train acc=0.69796875 loss=44.84069985151291 epoch=14 and step=50
2026-04-27 09:00:14,018 - SplitNNClient - INFO - 16632 - phase=train acc=0.66484375 loss=56.610964357852936 epoch=14 and step=60
2026-04-27 09:00:14,118 - SplitNNClient - INFO - 22652 - phase=train acc=0.6884114583333333 loss=54.991303861141205 epoch=14 and step=60
2026-04-27 09:00:14,214 - SplitNNClient - INFO - 24884 - phase=train acc=0.6973958333333333 loss=53.367591083049774 epoch=14 and step=60
2026-04-27 09:00:16,437 - SplitNNClient - INFO - 16632 - phase=train acc=0.6696428571428571 loss=65.28508394956589 epoch=14 and step=70
2026-04-27 09:00:16,480 - SplitNNClient - INFO - 22652 - phase=train acc=0.6905133928571429 loss=63.532407999038696 epoch=14 and step=70
2026-04-27 09:00:16,607 - SplitNNClient - INFO - 24884 - phase=train acc=0.69609375 loss=62.32311075925827 epoch=14 and step=70
2026-04-27 09:00:18,832 - SplitNNClient - INFO - 16632 - phase=train acc=0.678125 loss=73.04911589622498 epoch=14 and step=80
2026-04-27 09:00:18,960 - SplitNNClient - INFO - 22652 - phase=train acc=0.6908203125 loss=72.4289858341217 epoch=14 and step=80
2026-04-27 09:00:19,033 - SplitNNClient - INFO - 24884 - phase=train acc=0.696875 loss=70.73921942710876 epoch=14 and step=80
2026-04-27 09:00:21,128 - SplitNNClient - INFO - 22652 - phase=train acc=0.6900173611111111 loss=81.54588729143143 epoch=14 and step=90
2026-04-27 09:00:21,237 - SplitNNClient - INFO - 24884 - phase=train acc=0.6985243055555556 loss=79.04054480791092 epoch=14 and step=90
2026-04-27 09:00:23,198 - SplitNNClient - INFO - 22652 - phase=train acc=0.688671875 loss=90.99914163351059 epoch=14 and step=100
2026-04-27 09:00:23,355 - SplitNNClient - INFO - 24884 - phase=train acc=0.699609375 loss=87.34742885828018 epoch=14 and step=100
2026-04-27 09:00:25,294 - SplitNNClient - INFO - 22652 - phase=train acc=0.6889204545454546 loss=100.12327444553375 epoch=14 and step=110
2026-04-27 09:00:25,396 - SplitNNClient - INFO - 24884 - phase=train acc=0.7028409090909091 loss=95.40633809566498 epoch=14 and step=110
2026-04-27 09:00:27,361 - SplitNNClient - INFO - 22652 - phase=train acc=0.6899739583333333 loss=108.92296826839447 epoch=14 and step=120
2026-04-27 09:00:27,425 - SplitNNClient - INFO - 24884 - phase=train acc=0.702734375 loss=103.981918156147 epoch=14 and step=120
2026-04-27 09:00:29,429 - SplitNNClient - INFO - 22652 - phase=train acc=0.6915264423076923 loss=117.67104244232178 epoch=14 and step=130
2026-04-27 09:00:29,471 - SplitNNClient - INFO - 24884 - phase=train acc=0.7020432692307692 loss=112.68514174222946 epoch=14 and step=130
2026-04-27 09:00:31,463 - SplitNNClient - INFO - 22652 - phase=train acc=0.6928571428571428 loss=125.92241168022156 epoch=14 and step=140
2026-04-27 09:00:33,321 - SplitNNClient - INFO - 22652 - phase=train acc=0.6928645833333333 loss=134.9597426056862 epoch=14 and step=150
2026-04-27 09:00:34,906 - SplitNNClient - INFO - 22652 - phase=train acc=0.693603515625 loss=143.82506787776947 epoch=14 and step=160
2026-04-27 09:00:36,039 - FedServerManager - INFO - 25788 - get all model params ---- from rank fed_server
2026-04-27 09:00:47,554 - SplitNNClient - INFO - 16632 - phase=validation acc=0.6363 loss=79.1482322216034 epoch=14 and step=79
2026-04-27 09:00:47,595 - SplitNNClient - INFO - 24884 - phase=validation acc=0.6363 loss=79.1482322216034 epoch=14 and step=79
2026-04-27 09:00:47,654 - SplitNNClient - INFO - 22652 - phase=validation acc=0.6363 loss=79.1482322216034 epoch=14 and step=79
2026-04-27 09:00:50,074 - SplitNNClient - INFO - 16632 - phase=train acc=0.63359375 loss=10.243769824504852 epoch=15 and step=10
2026-04-27 09:00:50,175 - SplitNNClient - INFO - 24884 - phase=train acc=0.67421875 loss=9.459421873092651 epoch=15 and step=10
2026-04-27 09:00:50,271 - SplitNNClient - INFO - 22652 - phase=train acc=0.66875 loss=9.871571660041809 epoch=15 and step=10
2026-04-27 09:00:52,586 - SplitNNClient - INFO - 16632 - phase=train acc=0.66171875 loss=18.893619000911713 epoch=15 and step=20
2026-04-27 09:00:52,716 - SplitNNClient - INFO - 24884 - phase=train acc=0.68359375 loss=18.479503333568573 epoch=15 and step=20
2026-04-27 09:00:52,787 - SplitNNClient - INFO - 22652 - phase=train acc=0.691796875 loss=18.41465300321579 epoch=15 and step=20
2026-04-27 09:00:55,227 - SplitNNClient - INFO - 16632 - phase=train acc=0.6734375 loss=27.08860945701599 epoch=15 and step=30
2026-04-27 09:00:55,382 - SplitNNClient - INFO - 24884 - phase=train acc=0.6973958333333333 loss=26.49966561794281 epoch=15 and step=30
2026-04-27 09:00:55,424 - SplitNNClient - INFO - 22652 - phase=train acc=0.6908854166666667 loss=27.432481467723846 epoch=15 and step=30
2026-04-27 09:00:57,724 - SplitNNClient - INFO - 16632 - phase=train acc=0.68515625 loss=35.62155324220657 epoch=15 and step=40
2026-04-27 09:00:57,827 - SplitNNClient - INFO - 24884 - phase=train acc=0.6994140625 loss=35.05738991498947 epoch=15 and step=40
2026-04-27 09:00:57,895 - SplitNNClient - INFO - 22652 - phase=train acc=0.6970703125 loss=36.073011696338654 epoch=15 and step=40
2026-04-27 09:01:00,313 - SplitNNClient - INFO - 16632 - phase=train acc=0.6865625 loss=44.41259628534317 epoch=15 and step=50
2026-04-27 09:01:00,418 - SplitNNClient - INFO - 24884 - phase=train acc=0.70421875 loss=43.30776518583298 epoch=15 and step=50
2026-04-27 09:01:00,510 - SplitNNClient - INFO - 22652 - phase=train acc=0.7 loss=44.470167458057404 epoch=15 and step=50
2026-04-27 09:01:02,786 - SplitNNClient - INFO - 16632 - phase=train acc=0.6865885416666667 loss=53.398518204689026 epoch=15 and step=60
2026-04-27 09:01:02,952 - SplitNNClient - INFO - 24884 - phase=train acc=0.7041666666666667 loss=52.08974927663803 epoch=15 and step=60
2026-04-27 09:01:03,127 - SplitNNClient - INFO - 22652 - phase=train acc=0.702734375 loss=52.85203808546066 epoch=15 and step=60
2026-04-27 09:01:05,359 - SplitNNClient - INFO - 16632 - phase=train acc=0.6875 loss=62.03013056516647 epoch=15 and step=70
2026-04-27 09:01:05,525 - SplitNNClient - INFO - 24884 - phase=train acc=0.70625 loss=60.222124218940735 epoch=15 and step=70
2026-04-27 09:01:05,701 - SplitNNClient - INFO - 22652 - phase=train acc=0.7063616071428571 loss=61.0658318400383 epoch=15 and step=70
2026-04-27 09:01:07,880 - SplitNNClient - INFO - 16632 - phase=train acc=0.68759765625 loss=70.7929237484932 epoch=15 and step=80
2026-04-27 09:01:08,103 - SplitNNClient - INFO - 24884 - phase=train acc=0.70927734375 loss=68.19405919313431 epoch=15 and step=80
2026-04-27 09:01:08,209 - SplitNNClient - INFO - 22652 - phase=train acc=0.7052734375 loss=69.87450039386749 epoch=15 and step=80
2026-04-27 09:01:10,271 - SplitNNClient - INFO - 24884 - phase=train acc=0.7098958333333333 loss=76.55510419607162 epoch=15 and step=90
2026-04-27 09:01:10,397 - SplitNNClient - INFO - 22652 - phase=train acc=0.7039930555555556 loss=78.84715616703033 epoch=15 and step=90
2026-04-27 09:01:12,370 - SplitNNClient - INFO - 24884 - phase=train acc=0.710078125 loss=84.98161429166794 epoch=15 and step=100
2026-04-27 09:01:12,432 - SplitNNClient - INFO - 22652 - phase=train acc=0.700546875 loss=88.15843212604523 epoch=15 and step=100
2026-04-27 09:01:14,416 - SplitNNClient - INFO - 24884 - phase=train acc=0.7107244318181818 loss=93.16814118623734 epoch=15 and step=110
2026-04-27 09:01:14,570 - SplitNNClient - INFO - 22652 - phase=train acc=0.7017045454545454 loss=96.70251131057739 epoch=15 and step=110
2026-04-27 09:01:16,541 - SplitNNClient - INFO - 24884 - phase=train acc=0.711328125 loss=101.41509926319122 epoch=15 and step=120
2026-04-27 09:01:16,667 - SplitNNClient - INFO - 22652 - phase=train acc=0.7016927083333333 loss=106.1581797003746 epoch=15 and step=120
2026-04-27 09:01:18,683 - SplitNNClient - INFO - 24884 - phase=train acc=0.7118389423076923 loss=109.73807561397552 epoch=15 and step=130
2026-04-27 09:01:18,747 - SplitNNClient - INFO - 22652 - phase=train acc=0.7015024038461538 loss=114.84736204147339 epoch=15 and step=130
2026-04-27 09:01:20,760 - SplitNNClient - INFO - 22652 - phase=train acc=0.7032924107142857 loss=123.16330349445343 epoch=15 and step=140
2026-04-27 09:01:22,313 - SplitNNClient - INFO - 22652 - phase=train acc=0.7049479166666667 loss=131.2007257938385 epoch=15 and step=150
2026-04-27 09:01:23,923 - SplitNNClient - INFO - 22652 - phase=train acc=0.7048828125 loss=140.13829505443573 epoch=15 and step=160
2026-04-27 09:01:25,250 - FedServerManager - INFO - 25788 - get all model params ---- from rank fed_server
2026-04-27 09:01:36,803 - SplitNNClient - INFO - 16632 - phase=validation acc=0.6504 loss=74.60219007730484 epoch=15 and step=79
2026-04-27 09:01:36,847 - SplitNNClient - INFO - 22652 - phase=validation acc=0.6504 loss=74.60219007730484 epoch=15 and step=79
2026-04-27 09:01:36,901 - SplitNNClient - INFO - 24884 - phase=validation acc=0.6504 loss=74.60219007730484 epoch=15 and step=79
2026-04-27 09:01:39,290 - SplitNNClient - INFO - 24884 - phase=train acc=0.7015625 loss=8.751358568668365 epoch=16 and step=10
2026-04-27 09:01:39,385 - SplitNNClient - INFO - 22652 - phase=train acc=0.68828125 loss=9.70925635099411 epoch=16 and step=10
2026-04-27 09:01:39,448 - SplitNNClient - INFO - 16632 - phase=train acc=0.6109375 loss=11.154891550540924 epoch=16 and step=10
2026-04-27 09:01:41,765 - SplitNNClient - INFO - 24884 - phase=train acc=0.717578125 loss=16.35422259569168 epoch=16 and step=20
2026-04-27 09:01:41,864 - SplitNNClient - INFO - 22652 - phase=train acc=0.69921875 loss=18.245284259319305 epoch=16 and step=20
2026-04-27 09:01:41,930 - SplitNNClient - INFO - 16632 - phase=train acc=0.646875 loss=19.674281179904938 epoch=16 and step=20
2026-04-27 09:01:44,178 - SplitNNClient - INFO - 24884 - phase=train acc=0.71796875 loss=24.237212240695953 epoch=16 and step=30
2026-04-27 09:01:44,275 - SplitNNClient - INFO - 22652 - phase=train acc=0.70390625 loss=27.021396100521088 epoch=16 and step=30
2026-04-27 09:01:44,374 - SplitNNClient - INFO - 16632 - phase=train acc=0.6630208333333333 loss=28.39650386571884 epoch=16 and step=30
2026-04-27 09:01:46,677 - SplitNNClient - INFO - 22652 - phase=train acc=0.703515625 loss=35.55268859863281 epoch=16 and step=40
2026-04-27 09:01:46,775 - SplitNNClient - INFO - 24884 - phase=train acc=0.7125 loss=32.63593548536301 epoch=16 and step=40
2026-04-27 09:01:46,871 - SplitNNClient - INFO - 16632 - phase=train acc=0.6728515625 loss=36.96958273649216 epoch=16 and step=40
2026-04-27 09:01:49,167 - SplitNNClient - INFO - 22652 - phase=train acc=0.7028125 loss=44.3260498046875 epoch=16 and step=50
2026-04-27 09:01:49,237 - SplitNNClient - INFO - 24884 - phase=train acc=0.7125 loss=41.523004949092865 epoch=16 and step=50
2026-04-27 09:01:49,340 - SplitNNClient - INFO - 16632 - phase=train acc=0.68015625 loss=45.55946213006973 epoch=16 and step=50
2026-04-27 09:01:51,676 - SplitNNClient - INFO - 22652 - phase=train acc=0.7048177083333333 loss=52.734173119068146 epoch=16 and step=60
2026-04-27 09:01:51,741 - SplitNNClient - INFO - 24884 - phase=train acc=0.7161458333333334 loss=49.663732409477234 epoch=16 and step=60
2026-04-27 09:01:51,786 - SplitNNClient - INFO - 16632 - phase=train acc=0.6869791666666667 loss=53.370191395282745 epoch=16 and step=60
2026-04-27 09:01:54,070 - SplitNNClient - INFO - 22652 - phase=train acc=0.7065848214285714 loss=61.20649337768555 epoch=16 and step=70
2026-04-27 09:01:54,134 - SplitNNClient - INFO - 24884 - phase=train acc=0.7165178571428571 loss=57.97498816251755 epoch=16 and step=70
2026-04-27 09:01:54,230 - SplitNNClient - INFO - 16632 - phase=train acc=0.6880580357142857 loss=62.255659103393555 epoch=16 and step=70
2026-04-27 09:01:56,545 - SplitNNClient - INFO - 22652 - phase=train acc=0.70732421875 loss=69.75941669940948 epoch=16 and step=80
2026-04-27 09:01:56,617 - SplitNNClient - INFO - 24884 - phase=train acc=0.71669921875 loss=66.09873867034912 epoch=16 and step=80
2026-04-27 09:01:56,681 - SplitNNClient - INFO - 16632 - phase=train acc=0.69248046875 loss=70.18207120895386 epoch=16 and step=80
2026-04-27 09:01:58,828 - SplitNNClient - INFO - 22652 - phase=train acc=0.7089409722222222 loss=77.91702514886856 epoch=16 and step=90
2026-04-27 09:01:58,894 - SplitNNClient - INFO - 24884 - phase=train acc=0.7177951388888889 loss=74.0680565237999 epoch=16 and step=90
2026-04-27 09:02:00,917 - SplitNNClient - INFO - 22652 - phase=train acc=0.71234375 loss=86.04804509878159 epoch=16 and step=100
2026-04-27 09:02:00,989 - SplitNNClient - INFO - 24884 - phase=train acc=0.7175 loss=82.57372730970383 epoch=16 and step=100
2026-04-27 09:02:02,958 - SplitNNClient - INFO - 22652 - phase=train acc=0.7122869318181818 loss=94.69656473398209 epoch=16 and step=110
2026-04-27 09:02:03,085 - SplitNNClient - INFO - 24884 - phase=train acc=0.71953125 loss=90.57142007350922 epoch=16 and step=110
2026-04-27 09:02:05,029 - SplitNNClient - INFO - 22652 - phase=train acc=0.7092447916666667 loss=104.30812209844589 epoch=16 and step=120
2026-04-27 09:02:05,101 - SplitNNClient - INFO - 24884 - phase=train acc=0.7207682291666667 loss=98.7107589840889 epoch=16 and step=120
2026-04-27 09:02:07,163 - SplitNNClient - INFO - 22652 - phase=train acc=0.7075721153846154 loss=113.6174219250679 epoch=16 and step=130
2026-04-27 09:02:07,231 - SplitNNClient - INFO - 24884 - phase=train acc=0.7200721153846154 loss=107.00840449333191 epoch=16 and step=130
2026-04-27 09:02:09,262 - SplitNNClient - INFO - 22652 - phase=train acc=0.7061941964285714 loss=123.10875737667084 epoch=16 and step=140
2026-04-27 09:02:11,026 - SplitNNClient - INFO - 22652 - phase=train acc=0.7061979166666666 loss=132.07358092069626 epoch=16 and step=150
2026-04-27 09:02:12,583 - SplitNNClient - INFO - 22652 - phase=train acc=0.7064453125 loss=140.85920536518097 epoch=16 and step=160
2026-04-27 09:02:13,715 - FedServerManager - INFO - 25788 - get all model params ---- from rank fed_server
2026-04-27 09:02:25,199 - SplitNNClient - INFO - 16632 - phase=validation acc=0.6442 loss=77.05461549758911 epoch=16 and step=79
2026-04-27 09:02:25,240 - SplitNNClient - INFO - 22652 - phase=validation acc=0.6442 loss=77.05461549758911 epoch=16 and step=79
2026-04-27 09:02:25,298 - SplitNNClient - INFO - 24884 - phase=validation acc=0.6442 loss=77.05461549758911 epoch=16 and step=79
2026-04-27 09:02:27,668 - SplitNNClient - INFO - 22652 - phase=train acc=0.69765625 loss=9.12071579694748 epoch=17 and step=10
2026-04-27 09:02:27,726 - SplitNNClient - INFO - 24884 - phase=train acc=0.66640625 loss=9.787501811981201 epoch=17 and step=10
2026-04-27 09:02:27,823 - SplitNNClient - INFO - 16632 - phase=train acc=0.65859375 loss=9.971589505672455 epoch=17 and step=10
2026-04-27 09:02:30,063 - SplitNNClient - INFO - 22652 - phase=train acc=0.709765625 loss=17.61186569929123 epoch=17 and step=20
2026-04-27 09:02:30,125 - SplitNNClient - INFO - 24884 - phase=train acc=0.69375 loss=18.08700704574585 epoch=17 and step=20
2026-04-27 09:02:30,195 - SplitNNClient - INFO - 16632 - phase=train acc=0.67265625 loss=19.025124609470367 epoch=17 and step=20
2026-04-27 09:02:32,455 - SplitNNClient - INFO - 22652 - phase=train acc=0.7080729166666667 loss=26.271947264671326 epoch=17 and step=30
2026-04-27 09:02:32,552 - SplitNNClient - INFO - 24884 - phase=train acc=0.7072916666666667 loss=26.22010886669159 epoch=17 and step=30
2026-04-27 09:02:32,623 - SplitNNClient - INFO - 16632 - phase=train acc=0.6854166666666667 loss=26.988406717777252 epoch=17 and step=30
2026-04-27 09:02:34,865 - SplitNNClient - INFO - 22652 - phase=train acc=0.709375 loss=34.65989190340042 epoch=17 and step=40
2026-04-27 09:02:34,967 - SplitNNClient - INFO - 24884 - phase=train acc=0.7123046875 loss=34.08651065826416 epoch=17 and step=40
2026-04-27 09:02:35,070 - SplitNNClient - INFO - 16632 - phase=train acc=0.6904296875 loss=35.29830080270767 epoch=17 and step=40
2026-04-27 09:02:37,434 - SplitNNClient - INFO - 22652 - phase=train acc=0.71515625 loss=42.68209260702133 epoch=17 and step=50
2026-04-27 09:02:37,536 - SplitNNClient - INFO - 24884 - phase=train acc=0.7109375 loss=42.32952159643173 epoch=17 and step=50
2026-04-27 09:02:37,604 - SplitNNClient - INFO - 16632 - phase=train acc=0.69359375 loss=43.54831022024155 epoch=17 and step=50
2026-04-27 09:02:39,964 - SplitNNClient - INFO - 24884 - phase=train acc=0.714453125 loss=50.04745763540268 epoch=17 and step=60
2026-04-27 09:02:40,056 - SplitNNClient - INFO - 22652 - phase=train acc=0.71796875 loss=50.84335780143738 epoch=17 and step=60
2026-04-27 09:02:40,151 - SplitNNClient - INFO - 16632 - phase=train acc=0.695703125 loss=51.695506393909454 epoch=17 and step=60
2026-04-27 09:02:42,451 - SplitNNClient - INFO - 24884 - phase=train acc=0.7167410714285715 loss=58.29086685180664 epoch=17 and step=70
2026-04-27 09:02:42,522 - SplitNNClient - INFO - 22652 - phase=train acc=0.7198660714285714 loss=58.85911548137665 epoch=17 and step=70
2026-04-27 09:02:42,617 - SplitNNClient - INFO - 16632 - phase=train acc=0.6978794642857142 loss=59.91835081577301 epoch=17 and step=70
2026-04-27 09:02:44,989 - SplitNNClient - INFO - 24884 - phase=train acc=0.71982421875 loss=65.8746926188469 epoch=17 and step=80
2026-04-27 09:02:45,053 - SplitNNClient - INFO - 22652 - phase=train acc=0.7203125 loss=66.89127159118652 epoch=17 and step=80
2026-04-27 09:02:45,089 - SplitNNClient - INFO - 16632 - phase=train acc=0.69873046875 loss=68.35170233249664 epoch=17 and step=80
2026-04-27 09:02:47,177 - SplitNNClient - INFO - 24884 - phase=train acc=0.7197048611111111 loss=73.87169820070267 epoch=17 and step=90
2026-04-27 09:02:47,306 - SplitNNClient - INFO - 22652 - phase=train acc=0.71796875 loss=75.59226614236832 epoch=17 and step=90
2026-04-27 09:02:49,280 - SplitNNClient - INFO - 22652 - phase=train acc=0.718046875 loss=83.85303902626038 epoch=17 and step=100
2026-04-27 09:02:49,320 - SplitNNClient - INFO - 24884 - phase=train acc=0.71984375 loss=81.94863563776016 epoch=17 and step=100
2026-04-27 09:02:51,356 - SplitNNClient - INFO - 22652 - phase=train acc=0.7181107954545455 loss=92.24995571374893 epoch=17 and step=110
2026-04-27 09:02:51,456 - SplitNNClient - INFO - 24884 - phase=train acc=0.7216619318181818 loss=89.74413561820984 epoch=17 and step=110
2026-04-27 09:02:53,436 - SplitNNClient - INFO - 22652 - phase=train acc=0.7194010416666666 loss=100.33226668834686 epoch=17 and step=120
2026-04-27 09:02:53,685 - SplitNNClient - INFO - 24884 - phase=train acc=0.7229166666666667 loss=97.7562386393547 epoch=17 and step=120
2026-04-27 09:02:55,484 - SplitNNClient - INFO - 22652 - phase=train acc=0.71875 loss=108.60896360874176 epoch=17 and step=130
2026-04-27 09:02:55,786 - SplitNNClient - INFO - 24884 - phase=train acc=0.72265625 loss=105.80074214935303 epoch=17 and step=130
2026-04-27 09:02:57,569 - SplitNNClient - INFO - 22652 - phase=train acc=0.7188616071428572 loss=116.89234405755997 epoch=17 and step=140
2026-04-27 09:02:59,317 - SplitNNClient - INFO - 22652 - phase=train acc=0.7194791666666667 loss=124.7721357345581 epoch=17 and step=150
2026-04-27 09:03:01,143 - SplitNNClient - INFO - 22652 - phase=train acc=0.719482421875 loss=132.91665774583817 epoch=17 and step=160
2026-04-27 09:03:02,393 - FedServerManager - INFO - 25788 - get all model params ---- from rank fed_server
2026-04-27 09:03:14,073 - SplitNNClient - INFO - 16632 - phase=validation acc=0.6602 loss=72.91530805826187 epoch=17 and step=79
2026-04-27 09:03:14,120 - SplitNNClient - INFO - 22652 - phase=validation acc=0.6602 loss=72.91530805826187 epoch=17 and step=79
2026-04-27 09:03:14,173 - SplitNNClient - INFO - 24884 - phase=validation acc=0.6602 loss=72.91530805826187 epoch=17 and step=79
2026-04-27 09:03:16,486 - SplitNNClient - INFO - 22652 - phase=train acc=0.6921875 loss=8.88935112953186 epoch=18 and step=10
2026-04-27 09:03:16,561 - SplitNNClient - INFO - 24884 - phase=train acc=0.7015625 loss=9.063605844974518 epoch=18 and step=10
2026-04-27 09:03:16,655 - SplitNNClient - INFO - 16632 - phase=train acc=0.6671875 loss=9.74122965335846 epoch=18 and step=10
2026-04-27 09:03:18,883 - SplitNNClient - INFO - 22652 - phase=train acc=0.705859375 loss=16.890892684459686 epoch=18 and step=20
2026-04-27 09:03:18,980 - SplitNNClient - INFO - 24884 - phase=train acc=0.713671875 loss=17.17804330587387 epoch=18 and step=20
2026-04-27 09:03:19,050 - SplitNNClient - INFO - 16632 - phase=train acc=0.689453125 loss=17.933085024356842 epoch=18 and step=20
2026-04-27 09:03:21,269 - SplitNNClient - INFO - 22652 - phase=train acc=0.7190104166666667 loss=24.700548827648163 epoch=18 and step=30
2026-04-27 09:03:21,369 - SplitNNClient - INFO - 24884 - phase=train acc=0.7252604166666666 loss=24.696050345897675 epoch=18 and step=30
2026-04-27 09:03:21,439 - SplitNNClient - INFO - 16632 - phase=train acc=0.7010416666666667 loss=26.128004670143127 epoch=18 and step=30
2026-04-27 09:03:23,679 - SplitNNClient - INFO - 22652 - phase=train acc=0.721484375 loss=32.82298332452774 epoch=18 and step=40
2026-04-27 09:03:23,751 - SplitNNClient - INFO - 24884 - phase=train acc=0.7265625 loss=32.68602430820465 epoch=18 and step=40
2026-04-27 09:03:23,815 - SplitNNClient - INFO - 16632 - phase=train acc=0.709765625 loss=33.84670299291611 epoch=18 and step=40
2026-04-27 09:03:26,078 - SplitNNClient - INFO - 22652 - phase=train acc=0.72015625 loss=41.17168939113617 epoch=18 and step=50
2026-04-27 09:03:26,372 - SplitNNClient - INFO - 24884 - phase=train acc=0.73046875 loss=39.89643657207489 epoch=18 and step=50
2026-04-27 09:03:26,409 - SplitNNClient - INFO - 16632 - phase=train acc=0.71203125 loss=41.65697944164276 epoch=18 and step=50
2026-04-27 09:03:28,419 - SplitNNClient - INFO - 22652 - phase=train acc=0.719140625 loss=49.29106289148331 epoch=18 and step=60
2026-04-27 09:03:28,837 - SplitNNClient - INFO - 24884 - phase=train acc=0.72890625 loss=47.777865409851074 epoch=18 and step=60
2026-04-27 09:03:28,905 - SplitNNClient - INFO - 16632 - phase=train acc=0.713671875 loss=49.407571375370026 epoch=18 and step=60
2026-04-27 09:03:30,932 - SplitNNClient - INFO - 22652 - phase=train acc=0.7222098214285714 loss=57.2699881196022 epoch=18 and step=70
2026-04-27 09:03:31,239 - SplitNNClient - INFO - 24884 - phase=train acc=0.7318080357142858 loss=55.255311012268066 epoch=18 and step=70
2026-04-27 09:03:31,313 - SplitNNClient - INFO - 16632 - phase=train acc=0.7104910714285714 loss=57.87374150753021 epoch=18 and step=70
2026-04-27 09:03:33,330 - SplitNNClient - INFO - 22652 - phase=train acc=0.7248046875 loss=64.97218555212021 epoch=18 and step=80
2026-04-27 09:03:33,669 - SplitNNClient - INFO - 24884 - phase=train acc=0.7333984375 loss=62.561103105545044 epoch=18 and step=80
2026-04-27 09:03:33,736 - SplitNNClient - INFO - 16632 - phase=train acc=0.71279296875 loss=65.68004202842712 epoch=18 and step=80
2026-04-27 09:03:35,589 - SplitNNClient - INFO - 22652 - phase=train acc=0.7256944444444444 loss=72.8511204123497 epoch=18 and step=90
2026-04-27 09:03:35,941 - SplitNNClient - INFO - 24884 - phase=train acc=0.7338541666666667 loss=70.37587642669678 epoch=18 and step=90
2026-04-27 09:03:37,678 - SplitNNClient - INFO - 22652 - phase=train acc=0.724609375 loss=81.26285237073898 epoch=18 and step=100
2026-04-27 09:03:37,968 - SplitNNClient - INFO - 24884 - phase=train acc=0.733671875 loss=78.51588916778564 epoch=18 and step=100
2026-04-27 09:03:39,763 - SplitNNClient - INFO - 22652 - phase=train acc=0.7252130681818182 loss=89.05806708335876 epoch=18 and step=110
2026-04-27 09:03:40,057 - SplitNNClient - INFO - 24884 - phase=train acc=0.7329545454545454 loss=86.44740462303162 epoch=18 and step=110
2026-04-27 09:03:41,846 - SplitNNClient - INFO - 22652 - phase=train acc=0.7251953125 loss=97.29665797948837 epoch=18 and step=120
2026-04-27 09:03:42,141 - SplitNNClient - INFO - 24884 - phase=train acc=0.7329427083333333 loss=93.95405697822571 epoch=18 and step=120
2026-04-27 09:03:43,945 - SplitNNClient - INFO - 22652 - phase=train acc=0.7262019230769231 loss=105.03401744365692 epoch=18 and step=130
2026-04-27 09:03:44,183 - SplitNNClient - INFO - 24884 - phase=train acc=0.7323317307692307 loss=101.75839483737946 epoch=18 and step=130
2026-04-27 09:03:45,997 - SplitNNClient - INFO - 22652 - phase=train acc=0.7266741071428572 loss=112.81713259220123 epoch=18 and step=140
2026-04-27 09:03:47,822 - SplitNNClient - INFO - 22652 - phase=train acc=0.7259895833333333 loss=121.08613938093185 epoch=18 and step=150
2026-04-27 09:03:49,379 - SplitNNClient - INFO - 22652 - phase=train acc=0.725439453125 loss=129.38835102319717 epoch=18 and step=160
2026-04-27 09:03:50,567 - FedServerManager - INFO - 25788 - get all model params ---- from rank fed_server
2026-04-27 09:04:02,129 - SplitNNClient - INFO - 16632 - phase=validation acc=0.687 loss=68.68831998109818 epoch=18 and step=79
2026-04-27 09:04:02,179 - SplitNNClient - INFO - 24884 - phase=validation acc=0.687 loss=68.68831998109818 epoch=18 and step=79
2026-04-27 09:04:02,229 - SplitNNClient - INFO - 22652 - phase=validation acc=0.687 loss=68.68831998109818 epoch=18 and step=79
2026-04-27 09:04:04,495 - SplitNNClient - INFO - 24884 - phase=train acc=0.69765625 loss=8.822092592716217 epoch=19 and step=10
2026-04-27 09:04:04,590 - SplitNNClient - INFO - 22652 - phase=train acc=0.703125 loss=8.865971684455872 epoch=19 and step=10
2026-04-27 09:04:04,650 - SplitNNClient - INFO - 16632 - phase=train acc=0.6578125 loss=9.748387932777405 epoch=19 and step=10
2026-04-27 09:04:06,905 - SplitNNClient - INFO - 24884 - phase=train acc=0.716015625 loss=16.681848526000977 epoch=19 and step=20
2026-04-27 09:04:07,001 - SplitNNClient - INFO - 22652 - phase=train acc=0.716796875 loss=17.113137245178223 epoch=19 and step=20
2026-04-27 09:04:07,044 - SplitNNClient - INFO - 16632 - phase=train acc=0.6828125 loss=18.2402201294899 epoch=19 and step=20
2026-04-27 09:04:09,309 - SplitNNClient - INFO - 24884 - phase=train acc=0.7158854166666667 loss=24.69014137983322 epoch=19 and step=30
2026-04-27 09:04:09,467 - SplitNNClient - INFO - 22652 - phase=train acc=0.7247395833333333 loss=25.021597504615784 epoch=19 and step=30
2026-04-27 09:04:09,505 - SplitNNClient - INFO - 16632 - phase=train acc=0.6932291666666667 loss=26.110958695411682 epoch=19 and step=30
2026-04-27 09:04:11,745 - SplitNNClient - INFO - 24884 - phase=train acc=0.722265625 loss=31.98307716846466 epoch=19 and step=40
2026-04-27 09:04:11,816 - SplitNNClient - INFO - 22652 - phase=train acc=0.7259765625 loss=32.845202684402466 epoch=19 and step=40
2026-04-27 09:04:11,853 - SplitNNClient - INFO - 16632 - phase=train acc=0.7029296875 loss=33.768546879291534 epoch=19 and step=40
2026-04-27 09:04:14,046 - SplitNNClient - INFO - 24884 - phase=train acc=0.7303125 loss=39.014107048511505 epoch=19 and step=50
2026-04-27 09:04:14,265 - SplitNNClient - INFO - 22652 - phase=train acc=0.7315625 loss=40.32791292667389 epoch=19 and step=50
2026-04-27 09:04:14,370 - SplitNNClient - INFO - 16632 - phase=train acc=0.70828125 loss=41.81438899040222 epoch=19 and step=50
2026-04-27 09:04:16,595 - SplitNNClient - INFO - 24884 - phase=train acc=0.7317708333333334 loss=46.5201798081398 epoch=19 and step=60
2026-04-27 09:04:16,690 - SplitNNClient - INFO - 22652 - phase=train acc=0.7321614583333333 loss=48.05932855606079 epoch=19 and step=60
2026-04-27 09:04:16,989 - SplitNNClient - INFO - 16632 - phase=train acc=0.7151041666666667 loss=48.98635947704315 epoch=19 and step=60
2026-04-27 09:04:19,087 - SplitNNClient - INFO - 24884 - phase=train acc=0.7314732142857143 loss=54.31301420927048 epoch=19 and step=70
2026-04-27 09:04:19,184 - SplitNNClient - INFO - 22652 - phase=train acc=0.73359375 loss=56.1132208108902 epoch=19 and step=70
2026-04-27 09:04:19,465 - SplitNNClient - INFO - 16632 - phase=train acc=0.7197544642857143 loss=56.5920644402504 epoch=19 and step=70
2026-04-27 09:04:21,578 - SplitNNClient - INFO - 24884 - phase=train acc=0.73251953125 loss=62.02839767932892 epoch=19 and step=80
2026-04-27 09:04:21,621 - SplitNNClient - INFO - 22652 - phase=train acc=0.7330078125 loss=64.33929061889648 epoch=19 and step=80
2026-04-27 09:04:22,015 - SplitNNClient - INFO - 16632 - phase=train acc=0.7197265625 loss=64.46396273374557 epoch=19 and step=80
2026-04-27 09:04:23,929 - SplitNNClient - INFO - 24884 - phase=train acc=0.7316840277777777 loss=70.03159177303314 epoch=19 and step=90
2026-04-27 09:04:23,965 - SplitNNClient - INFO - 22652 - phase=train acc=0.7332465277777778 loss=72.02112776041031 epoch=19 and step=90
2026-04-27 09:04:25,989 - SplitNNClient - INFO - 24884 - phase=train acc=0.73203125 loss=77.61878043413162 epoch=19 and step=100
2026-04-27 09:04:26,181 - SplitNNClient - INFO - 22652 - phase=train acc=0.734453125 loss=79.55748307704926 epoch=19 and step=100
2026-04-27 09:04:28,112 - SplitNNClient - INFO - 24884 - phase=train acc=0.7333096590909091 loss=85.14368671178818 epoch=19 and step=110
2026-04-27 09:04:28,265 - SplitNNClient - INFO - 22652 - phase=train acc=0.7349431818181819 loss=87.66681826114655 epoch=19 and step=110
2026-04-27 09:04:30,182 - SplitNNClient - INFO - 24884 - phase=train acc=0.7350260416666666 loss=92.77448749542236 epoch=19 and step=120
2026-04-27 09:04:30,345 - SplitNNClient - INFO - 22652 - phase=train acc=0.734765625 loss=95.35722571611404 epoch=19 and step=120
2026-04-27 09:04:32,228 - SplitNNClient - INFO - 24884 - phase=train acc=0.735516826923077 loss=100.37319898605347 epoch=19 and step=130
2026-04-27 09:04:32,382 - SplitNNClient - INFO - 22652 - phase=train acc=0.7330528846153846 loss=103.55790448188782 epoch=19 and step=130
2026-04-27 09:04:34,368 - SplitNNClient - INFO - 22652 - phase=train acc=0.7313058035714286 loss=111.78657859563828 epoch=19 and step=140
2026-04-27 09:04:36,226 - SplitNNClient - INFO - 22652 - phase=train acc=0.730625 loss=119.83832895755768 epoch=19 and step=150
2026-04-27 09:04:38,082 - SplitNNClient - INFO - 22652 - phase=train acc=0.73056640625 loss=127.57772356271744 epoch=19 and step=160
2026-04-27 09:04:39,416 - FedServerManager - INFO - 25788 - get all model params ---- from rank fed_server
2026-04-27 09:04:51,091 - SplitNNClient - INFO - 16632 - phase=validation acc=0.6762 loss=71.1480810046196 epoch=19 and step=79
2026-04-27 09:04:51,188 - SplitNNClient - INFO - 22652 - phase=validation acc=0.6762 loss=71.1480810046196 epoch=19 and step=79
2026-04-27 09:04:51,288 - SplitNNClient - INFO - 24884 - phase=validation acc=0.6762 loss=71.1480810046196 epoch=19 and step=79
2026-04-27 09:04:53,601 - SplitNNClient - INFO - 22652 - phase=train acc=0.70390625 loss=8.72333699464798 epoch=20 and step=10
2026-04-27 09:04:53,672 - SplitNNClient - INFO - 16632 - phase=train acc=0.66015625 loss=9.746567964553833 epoch=20 and step=10
2026-04-27 09:04:53,775 - SplitNNClient - INFO - 24884 - phase=train acc=0.71640625 loss=8.48858767747879 epoch=20 and step=10
2026-04-27 09:04:56,063 - SplitNNClient - INFO - 22652 - phase=train acc=0.723046875 loss=16.637507915496826 epoch=20 and step=20
2026-04-27 09:04:56,105 - SplitNNClient - INFO - 16632 - phase=train acc=0.689453125 loss=17.81391853094101 epoch=20 and step=20
2026-04-27 09:04:56,259 - SplitNNClient - INFO - 24884 - phase=train acc=0.7296875 loss=15.904722929000854 epoch=20 and step=20
2026-04-27 09:04:58,495 - SplitNNClient - INFO - 22652 - phase=train acc=0.7263020833333333 loss=24.398617923259735 epoch=20 and step=30
2026-04-27 09:04:58,631 - SplitNNClient - INFO - 16632 - phase=train acc=0.6994791666666667 loss=26.224816143512726 epoch=20 and step=30
2026-04-27 09:04:58,827 - SplitNNClient - INFO - 24884 - phase=train acc=0.7356770833333334 loss=23.07563406229019 epoch=20 and step=30
2026-04-27 09:05:01,001 - SplitNNClient - INFO - 22652 - phase=train acc=0.7310546875 loss=32.097632586956024 epoch=20 and step=40
2026-04-27 09:05:01,142 - SplitNNClient - INFO - 16632 - phase=train acc=0.70703125 loss=34.005093455314636 epoch=20 and step=40
2026-04-27 09:05:01,345 - SplitNNClient - INFO - 24884 - phase=train acc=0.7404296875 loss=30.328156173229218 epoch=20 and step=40
2026-04-27 09:05:03,419 - SplitNNClient - INFO - 22652 - phase=train acc=0.72734375 loss=40.727542757987976 epoch=20 and step=50
2026-04-27 09:05:03,564 - SplitNNClient - INFO - 16632 - phase=train acc=0.7103125 loss=41.69048249721527 epoch=20 and step=50
2026-04-27 09:05:03,765 - SplitNNClient - INFO - 24884 - phase=train acc=0.7415625 loss=37.760520815849304 epoch=20 and step=50
2026-04-27 09:05:05,817 - SplitNNClient - INFO - 22652 - phase=train acc=0.7279947916666667 loss=48.36121755838394 epoch=20 and step=60
2026-04-27 09:05:05,985 - SplitNNClient - INFO - 16632 - phase=train acc=0.7165364583333333 loss=48.93595069646835 epoch=20 and step=60
2026-04-27 09:05:06,239 - SplitNNClient - INFO - 24884 - phase=train acc=0.7462239583333333 loss=44.84717285633087 epoch=20 and step=60
2026-04-27 09:05:08,245 - SplitNNClient - INFO - 22652 - phase=train acc=0.7333705357142857 loss=55.352159798145294 epoch=20 and step=70
2026-04-27 09:05:08,551 - SplitNNClient - INFO - 16632 - phase=train acc=0.72109375 loss=56.09203153848648 epoch=20 and step=70
2026-04-27 09:05:08,653 - SplitNNClient - INFO - 24884 - phase=train acc=0.7484375 loss=52.048731327056885 epoch=20 and step=70
2026-04-27 09:05:10,643 - SplitNNClient - INFO - 22652 - phase=train acc=0.73193359375 loss=63.67151367664337 epoch=20 and step=80
2026-04-27 09:05:10,955 - SplitNNClient - INFO - 16632 - phase=train acc=0.72373046875 loss=63.73839092254639 epoch=20 and step=80
2026-04-27 09:05:11,022 - SplitNNClient - INFO - 24884 - phase=train acc=0.747265625 loss=60.019647896289825 epoch=20 and step=80
2026-04-27 09:05:12,882 - SplitNNClient - INFO - 22652 - phase=train acc=0.7318576388888889 loss=71.52383714914322 epoch=20 and step=90
2026-04-27 09:05:13,203 - SplitNNClient - INFO - 24884 - phase=train acc=0.7459201388888889 loss=67.72829759120941 epoch=20 and step=90
2026-04-27 09:05:14,937 - SplitNNClient - INFO - 22652 - phase=train acc=0.731015625 loss=79.51747184991837 epoch=20 and step=100
2026-04-27 09:05:15,289 - SplitNNClient - INFO - 24884 - phase=train acc=0.743828125 loss=75.33427035808563 epoch=20 and step=100
2026-04-27 09:05:16,951 - SplitNNClient - INFO - 22652 - phase=train acc=0.7313210227272727 loss=87.68138611316681 epoch=20 and step=110
2026-04-27 09:05:17,458 - SplitNNClient - INFO - 24884 - phase=train acc=0.7452414772727273 loss=82.44267958402634 epoch=20 and step=110
2026-04-27 09:05:18,981 - SplitNNClient - INFO - 22652 - phase=train acc=0.7328125 loss=94.90911465883255 epoch=20 and step=120
2026-04-27 09:05:19,531 - SplitNNClient - INFO - 24884 - phase=train acc=0.7460286458333333 loss=89.400534927845 epoch=20 and step=120
2026-04-27 09:05:21,096 - SplitNNClient - INFO - 22652 - phase=train acc=0.7340144230769231 loss=102.49814361333847 epoch=20 and step=130
2026-04-27 09:05:21,603 - SplitNNClient - INFO - 24884 - phase=train acc=0.7466947115384616 loss=96.66718584299088 epoch=20 and step=130
2026-04-27 09:05:23,096 - SplitNNClient - INFO - 22652 - phase=train acc=0.7345424107142857 loss=109.97428387403488 epoch=20 and step=140
2026-04-27 09:05:24,787 - SplitNNClient - INFO - 22652 - phase=train acc=0.7346875 loss=117.54876828193665 epoch=20 and step=150
2026-04-27 09:05:26,433 - SplitNNClient - INFO - 22652 - phase=train acc=0.73564453125 loss=125.14586251974106 epoch=20 and step=160
2026-04-27 09:05:27,768 - FedServerManager - INFO - 25788 - get all model params ---- from rank fed_server
2026-04-27 09:05:39,299 - SplitNNClient - INFO - 16632 - phase=validation acc=0.6986 loss=67.29037427902222 epoch=20 and step=79
2026-04-27 09:05:39,350 - SplitNNClient - INFO - 22652 - phase=validation acc=0.6986 loss=67.29037427902222 epoch=20 and step=79
2026-04-27 09:05:39,395 - SplitNNClient - INFO - 24884 - phase=validation acc=0.6986 loss=67.29037427902222 epoch=20 and step=79
2026-04-27 09:05:41,703 - SplitNNClient - INFO - 16632 - phase=train acc=0.67578125 loss=9.161162674427032 epoch=21 and step=10
2026-04-27 09:05:41,775 - SplitNNClient - INFO - 22652 - phase=train acc=0.74921875 loss=7.856733858585358 epoch=21 and step=10
2026-04-27 09:05:41,846 - SplitNNClient - INFO - 24884 - phase=train acc=0.74375 loss=7.847039759159088 epoch=21 and step=10
2026-04-27 09:05:44,087 - SplitNNClient - INFO - 16632 - phase=train acc=0.711328125 loss=16.84189200401306 epoch=21 and step=20
2026-04-27 09:05:44,182 - SplitNNClient - INFO - 22652 - phase=train acc=0.75859375 loss=15.178451955318451 epoch=21 and step=20
2026-04-27 09:05:44,246 - SplitNNClient - INFO - 24884 - phase=train acc=0.744921875 loss=15.057256937026978 epoch=21 and step=20
2026-04-27 09:05:46,445 - SplitNNClient - INFO - 16632 - phase=train acc=0.7169270833333333 loss=24.250202476978302 epoch=21 and step=30
2026-04-27 09:05:46,545 - SplitNNClient - INFO - 22652 - phase=train acc=0.7473958333333334 loss=23.52877628803253 epoch=21 and step=30
2026-04-27 09:05:46,616 - SplitNNClient - INFO - 24884 - phase=train acc=0.74765625 loss=22.412161231040955 epoch=21 and step=30
2026-04-27 09:05:48,827 - SplitNNClient - INFO - 16632 - phase=train acc=0.7267578125 loss=31.508902966976166 epoch=21 and step=40
2026-04-27 09:05:48,955 - SplitNNClient - INFO - 22652 - phase=train acc=0.743359375 loss=31.355853378772736 epoch=21 and step=40
2026-04-27 09:05:48,995 - SplitNNClient - INFO - 24884 - phase=train acc=0.7439453125 loss=30.298801243305206 epoch=21 and step=40
2026-04-27 09:05:51,232 - SplitNNClient - INFO - 16632 - phase=train acc=0.72671875 loss=39.19510692358017 epoch=21 and step=50
2026-04-27 09:05:51,356 - SplitNNClient - INFO - 22652 - phase=train acc=0.74234375 loss=39.069070518016815 epoch=21 and step=50
2026-04-27 09:05:51,425 - SplitNNClient - INFO - 24884 - phase=train acc=0.74234375 loss=38.02803897857666 epoch=21 and step=50
2026-04-27 09:05:53,705 - SplitNNClient - INFO - 16632 - phase=train acc=0.7279947916666667 loss=46.631634056568146 epoch=21 and step=60
2026-04-27 09:05:53,773 - SplitNNClient - INFO - 22652 - phase=train acc=0.7466145833333333 loss=46.11904722452164 epoch=21 and step=60
2026-04-27 09:05:53,877 - SplitNNClient - INFO - 24884 - phase=train acc=0.744140625 loss=45.315443992614746 epoch=21 and step=60
2026-04-27 09:05:56,197 - SplitNNClient - INFO - 16632 - phase=train acc=0.73046875 loss=53.76338088512421 epoch=21 and step=70
2026-04-27 09:05:56,262 - SplitNNClient - INFO - 22652 - phase=train acc=0.7452008928571429 loss=53.81903713941574 epoch=21 and step=70
2026-04-27 09:05:56,415 - SplitNNClient - INFO - 24884 - phase=train acc=0.7427455357142857 loss=53.1991765499115 epoch=21 and step=70
2026-04-27 09:05:58,637 - SplitNNClient - INFO - 16632 - phase=train acc=0.7330078125 loss=60.883485317230225 epoch=21 and step=80
2026-04-27 09:05:58,702 - SplitNNClient - INFO - 22652 - phase=train acc=0.7447265625 loss=61.22074943780899 epoch=21 and step=80
2026-04-27 09:05:58,805 - SplitNNClient - INFO - 24884 - phase=train acc=0.74521484375 loss=59.94238018989563 epoch=21 and step=80
2026-04-27 09:06:00,874 - SplitNNClient - INFO - 22652 - phase=train acc=0.74375 loss=69.00118273496628 epoch=21 and step=90
2026-04-27 09:06:01,031 - SplitNNClient - INFO - 24884 - phase=train acc=0.7458333333333333 loss=67.36612397432327 epoch=21 and step=90
2026-04-27 09:06:02,957 - SplitNNClient - INFO - 22652 - phase=train acc=0.7434375 loss=76.64530795812607 epoch=21 and step=100
2026-04-27 09:06:03,117 - SplitNNClient - INFO - 24884 - phase=train acc=0.74625 loss=74.73505997657776 epoch=21 and step=100
2026-04-27 09:06:05,078 - SplitNNClient - INFO - 22652 - phase=train acc=0.7447443181818182 loss=83.63464617729187 epoch=21 and step=110
2026-04-27 09:06:05,234 - SplitNNClient - INFO - 24884 - phase=train acc=0.7477272727272727 loss=81.85687553882599 epoch=21 and step=110
2026-04-27 09:06:07,111 - SplitNNClient - INFO - 22652 - phase=train acc=0.7442057291666667 loss=91.43981462717056 epoch=21 and step=120
2026-04-27 09:06:07,267 - SplitNNClient - INFO - 24884 - phase=train acc=0.7478515625 loss=89.1396751999855 epoch=21 and step=120
2026-04-27 09:06:09,143 - SplitNNClient - INFO - 22652 - phase=train acc=0.7435697115384615 loss=98.9861416220665 epoch=21 and step=130
2026-04-27 09:06:09,433 - SplitNNClient - INFO - 24884 - phase=train acc=0.7480769230769231 loss=96.4866492152214 epoch=21 and step=130
2026-04-27 09:06:11,256 - SplitNNClient - INFO - 22652 - phase=train acc=0.7421316964285715 loss=106.86601960659027 epoch=21 and step=140
2026-04-27 09:06:13,059 - SplitNNClient - INFO - 22652 - phase=train acc=0.7427083333333333 loss=114.07650381326675 epoch=21 and step=150
2026-04-27 09:06:14,738 - SplitNNClient - INFO - 22652 - phase=train acc=0.743115234375 loss=121.70289349555969 epoch=21 and step=160
2026-04-27 09:06:15,865 - FedServerManager - INFO - 25788 - get all model params ---- from rank fed_server
2026-04-27 09:06:27,452 - SplitNNClient - INFO - 16632 - phase=validation acc=0.7028 loss=64.29057210683823 epoch=21 and step=79
2026-04-27 09:06:27,500 - SplitNNClient - INFO - 22652 - phase=validation acc=0.7028 loss=64.29057210683823 epoch=21 and step=79
2026-04-27 09:06:27,553 - SplitNNClient - INFO - 24884 - phase=validation acc=0.7028 loss=64.29057210683823 epoch=21 and step=79
2026-04-27 09:06:30,002 - SplitNNClient - INFO - 22652 - phase=train acc=0.71015625 loss=8.358652710914612 epoch=22 and step=10
2026-04-27 09:06:30,095 - SplitNNClient - INFO - 24884 - phase=train acc=0.7546875 loss=7.497769355773926 epoch=22 and step=10
2026-04-27 09:06:30,165 - SplitNNClient - INFO - 16632 - phase=train acc=0.67734375 loss=9.381509125232697 epoch=22 and step=10
2026-04-27 09:06:32,497 - SplitNNClient - INFO - 22652 - phase=train acc=0.729296875 loss=15.965927362442017 epoch=22 and step=20
2026-04-27 09:06:32,567 - SplitNNClient - INFO - 24884 - phase=train acc=0.749609375 loss=14.976111710071564 epoch=22 and step=20
2026-04-27 09:06:32,638 - SplitNNClient - INFO - 16632 - phase=train acc=0.704296875 loss=16.885999977588654 epoch=22 and step=20
2026-04-27 09:06:34,981 - SplitNNClient - INFO - 22652 - phase=train acc=0.73359375 loss=23.56223613023758 epoch=22 and step=30
2026-04-27 09:06:35,047 - SplitNNClient - INFO - 24884 - phase=train acc=0.7591145833333334 loss=21.541906893253326 epoch=22 and step=30
2026-04-27 09:06:35,148 - SplitNNClient - INFO - 16632 - phase=train acc=0.71015625 loss=24.700709462165833 epoch=22 and step=30
2026-04-27 09:06:37,436 - SplitNNClient - INFO - 22652 - phase=train acc=0.7388671875 loss=30.950756430625916 epoch=22 and step=40
2026-04-27 09:06:37,479 - SplitNNClient - INFO - 24884 - phase=train acc=0.757421875 loss=28.71110498905182 epoch=22 and step=40
2026-04-27 09:06:37,609 - SplitNNClient - INFO - 16632 - phase=train acc=0.72109375 loss=31.62150114774704 epoch=22 and step=40
2026-04-27 09:06:39,907 - SplitNNClient - INFO - 22652 - phase=train acc=0.74 loss=38.42739623785019 epoch=22 and step=50
2026-04-27 09:06:39,948 - SplitNNClient - INFO - 24884 - phase=train acc=0.76078125 loss=35.68272203207016 epoch=22 and step=50
2026-04-27 09:06:40,013 - SplitNNClient - INFO - 16632 - phase=train acc=0.724375 loss=39.134470105171204 epoch=22 and step=50
2026-04-27 09:06:42,379 - SplitNNClient - INFO - 22652 - phase=train acc=0.7419270833333333 loss=45.59189027547836 epoch=22 and step=60
2026-04-27 09:06:42,448 - SplitNNClient - INFO - 24884 - phase=train acc=0.7596354166666667 loss=43.00375437736511 epoch=22 and step=60
2026-04-27 09:06:42,493 - SplitNNClient - INFO - 16632 - phase=train acc=0.73046875 loss=46.20327174663544 epoch=22 and step=60
2026-04-27 09:06:44,825 - SplitNNClient - INFO - 22652 - phase=train acc=0.7430803571428571 loss=52.91669088602066 epoch=22 and step=70
2026-04-27 09:06:44,919 - SplitNNClient - INFO - 24884 - phase=train acc=0.7621651785714286 loss=50.0917871594429 epoch=22 and step=70
2026-04-27 09:06:44,991 - SplitNNClient - INFO - 16632 - phase=train acc=0.7341517857142857 loss=53.39116072654724 epoch=22 and step=70
2026-04-27 09:06:47,331 - SplitNNClient - INFO - 22652 - phase=train acc=0.744140625 loss=60.17944812774658 epoch=22 and step=80
2026-04-27 09:06:47,396 - SplitNNClient - INFO - 24884 - phase=train acc=0.7625 loss=56.958518266677856 epoch=22 and step=80
2026-04-27 09:06:47,468 - SplitNNClient - INFO - 16632 - phase=train acc=0.7328125 loss=61.26942574977875 epoch=22 and step=80
2026-04-27 09:06:49,508 - SplitNNClient - INFO - 22652 - phase=train acc=0.7434027777777777 loss=67.70017766952515 epoch=22 and step=90
2026-04-27 09:06:49,571 - SplitNNClient - INFO - 24884 - phase=train acc=0.7592881944444444 loss=64.725879073143 epoch=22 and step=90
2026-04-27 09:06:51,539 - SplitNNClient - INFO - 22652 - phase=train acc=0.742109375 loss=75.6152845621109 epoch=22 and step=100
2026-04-27 09:06:51,702 - SplitNNClient - INFO - 24884 - phase=train acc=0.75828125 loss=71.76803630590439 epoch=22 and step=100
2026-04-27 09:06:53,617 - SplitNNClient - INFO - 22652 - phase=train acc=0.7421164772727272 loss=83.13285875320435 epoch=22 and step=110
2026-04-27 09:06:53,720 - SplitNNClient - INFO - 24884 - phase=train acc=0.7588068181818182 loss=78.92932707071304 epoch=22 and step=110
2026-04-27 09:06:55,703 - SplitNNClient - INFO - 22652 - phase=train acc=0.7439453125 loss=90.25702404975891 epoch=22 and step=120
2026-04-27 09:06:55,770 - SplitNNClient - INFO - 24884 - phase=train acc=0.7572265625 loss=86.6227878332138 epoch=22 and step=120
2026-04-27 09:06:57,787 - SplitNNClient - INFO - 22652 - phase=train acc=0.7444110576923076 loss=97.38805419206619 epoch=22 and step=130
2026-04-27 09:06:57,918 - SplitNNClient - INFO - 24884 - phase=train acc=0.7555288461538462 loss=94.1013475060463 epoch=22 and step=130
2026-04-27 09:06:59,862 - SplitNNClient - INFO - 22652 - phase=train acc=0.7431919642857143 loss=105.18848723173141 epoch=22 and step=140
2026-04-27 09:07:01,629 - SplitNNClient - INFO - 22652 - phase=train acc=0.7440625 loss=112.53939843177795 epoch=22 and step=150
2026-04-27 09:07:03,482 - SplitNNClient - INFO - 22652 - phase=train acc=0.745458984375 loss=119.62690097093582 epoch=22 and step=160
2026-04-27 09:07:04,732 - FedServerManager - INFO - 25788 - get all model params ---- from rank fed_server
2026-04-27 09:07:16,446 - SplitNNClient - INFO - 16632 - phase=validation acc=0.684 loss=69.11749255657196 epoch=22 and step=79
2026-04-27 09:07:16,502 - SplitNNClient - INFO - 24884 - phase=validation acc=0.684 loss=69.11749255657196 epoch=22 and step=79
2026-04-27 09:07:16,546 - SplitNNClient - INFO - 22652 - phase=validation acc=0.684 loss=69.11749255657196 epoch=22 and step=79
2026-04-27 09:07:18,993 - SplitNNClient - INFO - 24884 - phase=train acc=0.7484375 loss=7.49945592880249 epoch=23 and step=10
2026-04-27 09:07:19,027 - SplitNNClient - INFO - 16632 - phase=train acc=0.68046875 loss=8.858845472335815 epoch=23 and step=10
2026-04-27 09:07:19,099 - SplitNNClient - INFO - 22652 - phase=train acc=0.72578125 loss=8.105243146419525 epoch=23 and step=10
2026-04-27 09:07:21,433 - SplitNNClient - INFO - 24884 - phase=train acc=0.7515625 loss=14.71803617477417 epoch=23 and step=20
2026-04-27 09:07:21,496 - SplitNNClient - INFO - 16632 - phase=train acc=0.705859375 loss=16.33630096912384 epoch=23 and step=20
2026-04-27 09:07:21,599 - SplitNNClient - INFO - 22652 - phase=train acc=0.753125 loss=15.236703097820282 epoch=23 and step=20
2026-04-27 09:07:23,869 - SplitNNClient - INFO - 24884 - phase=train acc=0.7515625 loss=22.09431803226471 epoch=23 and step=30
2026-04-27 09:07:23,939 - SplitNNClient - INFO - 16632 - phase=train acc=0.71015625 loss=23.9638769030571 epoch=23 and step=30
2026-04-27 09:07:24,037 - SplitNNClient - INFO - 22652 - phase=train acc=0.7557291666666667 loss=22.682349681854248 epoch=23 and step=30
2026-04-27 09:07:26,300 - SplitNNClient - INFO - 24884 - phase=train acc=0.7529296875 loss=29.269056499004364 epoch=23 and step=40
2026-04-27 09:07:26,397 - SplitNNClient - INFO - 16632 - phase=train acc=0.7169921875 loss=31.49862450361252 epoch=23 and step=40
2026-04-27 09:07:26,468 - SplitNNClient - INFO - 22652 - phase=train acc=0.754296875 loss=30.091961979866028 epoch=23 and step=40
2026-04-27 09:07:28,829 - SplitNNClient - INFO - 24884 - phase=train acc=0.75421875 loss=36.39315003156662 epoch=23 and step=50
2026-04-27 09:07:28,868 - SplitNNClient - INFO - 16632 - phase=train acc=0.72421875 loss=38.86881738901138 epoch=23 and step=50
2026-04-27 09:07:28,932 - SplitNNClient - INFO - 22652 - phase=train acc=0.7578125 loss=37.124914705753326 epoch=23 and step=50
2026-04-27 09:07:31,284 - SplitNNClient - INFO - 24884 - phase=train acc=0.7546875 loss=43.615100026130676 epoch=23 and step=60
2026-04-27 09:07:31,349 - SplitNNClient - INFO - 16632 - phase=train acc=0.7268229166666667 loss=46.081947803497314 epoch=23 and step=60
2026-04-27 09:07:31,486 - SplitNNClient - INFO - 22652 - phase=train acc=0.756640625 loss=44.4272603392601 epoch=23 and step=60
2026-04-27 09:07:33,682 - SplitNNClient - INFO - 24884 - phase=train acc=0.7561383928571429 loss=50.60021770000458 epoch=23 and step=70
2026-04-27 09:07:33,783 - SplitNNClient - INFO - 16632 - phase=train acc=0.7301339285714286 loss=53.2828066945076 epoch=23 and step=70
2026-04-27 09:07:33,854 - SplitNNClient - INFO - 22652 - phase=train acc=0.7578125 loss=51.532792150974274 epoch=23 and step=70
2026-04-27 09:07:36,312 - SplitNNClient - INFO - 24884 - phase=train acc=0.7568359375 loss=57.452576637268066 epoch=23 and step=80
2026-04-27 09:07:36,351 - SplitNNClient - INFO - 16632 - phase=train acc=0.73330078125 loss=60.44089889526367 epoch=23 and step=80
2026-04-27 09:07:36,418 - SplitNNClient - INFO - 22652 - phase=train acc=0.7576171875 loss=58.64960736036301 epoch=23 and step=80
2026-04-27 09:07:38,605 - SplitNNClient - INFO - 24884 - phase=train acc=0.7592013888888889 loss=63.837229669094086 epoch=23 and step=90
2026-04-27 09:07:38,709 - SplitNNClient - INFO - 22652 - phase=train acc=0.7580729166666667 loss=65.99013096094131 epoch=23 and step=90
2026-04-27 09:07:40,652 - SplitNNClient - INFO - 24884 - phase=train acc=0.75921875 loss=70.76376378536224 epoch=23 and step=100
2026-04-27 09:07:40,725 - SplitNNClient - INFO - 22652 - phase=train acc=0.756484375 loss=73.347747027874 epoch=23 and step=100
2026-04-27 09:07:42,770 - SplitNNClient - INFO - 24884 - phase=train acc=0.7591619318181818 loss=77.58268344402313 epoch=23 and step=110
2026-04-27 09:07:42,807 - SplitNNClient - INFO - 22652 - phase=train acc=0.75703125 loss=80.49656450748444 epoch=23 and step=110
2026-04-27 09:07:44,844 - SplitNNClient - INFO - 24884 - phase=train acc=0.758984375 loss=84.81733405590057 epoch=23 and step=120
2026-04-27 09:07:44,949 - SplitNNClient - INFO - 22652 - phase=train acc=0.7569661458333333 loss=87.46974396705627 epoch=23 and step=120
2026-04-27 09:07:46,847 - SplitNNClient - INFO - 24884 - phase=train acc=0.7604567307692308 loss=91.43777179718018 epoch=23 and step=130
2026-04-27 09:07:47,002 - SplitNNClient - INFO - 22652 - phase=train acc=0.7569711538461539 loss=94.86811828613281 epoch=23 and step=130
2026-04-27 09:07:49,007 - SplitNNClient - INFO - 22652 - phase=train acc=0.7571428571428571 loss=101.99101537466049 epoch=23 and step=140
2026-04-27 09:07:50,712 - SplitNNClient - INFO - 22652 - phase=train acc=0.7590625 loss=109.05108666419983 epoch=23 and step=150
2026-04-27 09:07:52,567 - SplitNNClient - INFO - 22652 - phase=train acc=0.758642578125 loss=116.48086556792259 epoch=23 and step=160
2026-04-27 09:07:53,727 - FedServerManager - INFO - 25788 - get all model params ---- from rank fed_server
2026-04-27 09:08:05,277 - SplitNNClient - INFO - 16632 - phase=validation acc=0.6945 loss=66.84186089038849 epoch=23 and step=79
2026-04-27 09:08:05,316 - SplitNNClient - INFO - 24884 - phase=validation acc=0.6945 loss=66.84186089038849 epoch=23 and step=79
2026-04-27 09:08:05,376 - SplitNNClient - INFO - 22652 - phase=validation acc=0.6945 loss=66.84186089038849 epoch=23 and step=79
2026-04-27 09:08:07,663 - SplitNNClient - INFO - 24884 - phase=train acc=0.7359375 loss=7.55831652879715 epoch=24 and step=10
2026-04-27 09:08:07,737 - SplitNNClient - INFO - 16632 - phase=train acc=0.70390625 loss=9.023791253566742 epoch=24 and step=10
2026-04-27 09:08:07,841 - SplitNNClient - INFO - 22652 - phase=train acc=0.7453125 loss=7.825010120868683 epoch=24 and step=10
2026-04-27 09:08:10,076 - SplitNNClient - INFO - 24884 - phase=train acc=0.755078125 loss=14.128350257873535 epoch=24 and step=20
2026-04-27 09:08:10,147 - SplitNNClient - INFO - 16632 - phase=train acc=0.715625 loss=16.790444552898407 epoch=24 and step=20
2026-04-27 09:08:10,218 - SplitNNClient - INFO - 22652 - phase=train acc=0.76484375 loss=14.288616061210632 epoch=24 and step=20
2026-04-27 09:08:12,459 - SplitNNClient - INFO - 24884 - phase=train acc=0.75078125 loss=21.607846319675446 epoch=24 and step=30
2026-04-27 09:08:12,555 - SplitNNClient - INFO - 16632 - phase=train acc=0.728125 loss=23.997405111789703 epoch=24 and step=30
2026-04-27 09:08:12,648 - SplitNNClient - INFO - 22652 - phase=train acc=0.7606770833333333 loss=21.217416167259216 epoch=24 and step=30
2026-04-27 09:08:14,891 - SplitNNClient - INFO - 24884 - phase=train acc=0.755078125 loss=28.608672857284546 epoch=24 and step=40
2026-04-27 09:08:14,958 - SplitNNClient - INFO - 16632 - phase=train acc=0.7357421875 loss=31.163070797920227 epoch=24 and step=40
2026-04-27 09:08:15,057 - SplitNNClient - INFO - 22652 - phase=train acc=0.7615234375 loss=28.484497368335724 epoch=24 and step=40
2026-04-27 09:08:17,274 - SplitNNClient - INFO - 24884 - phase=train acc=0.75515625 loss=35.66467696428299 epoch=24 and step=50
2026-04-27 09:08:17,346 - SplitNNClient - INFO - 16632 - phase=train acc=0.73796875 loss=38.349523067474365 epoch=24 and step=50
2026-04-27 09:08:17,476 - SplitNNClient - INFO - 22652 - phase=train acc=0.76734375 loss=34.84614232182503 epoch=24 and step=50
2026-04-27 09:08:19,719 - SplitNNClient - INFO - 24884 - phase=train acc=0.7579427083333333 loss=42.43295079469681 epoch=24 and step=60
2026-04-27 09:08:19,820 - SplitNNClient - INFO - 16632 - phase=train acc=0.7372395833333333 loss=45.979617178440094 epoch=24 and step=60
2026-04-27 09:08:19,921 - SplitNNClient - INFO - 22652 - phase=train acc=0.7630208333333334 loss=42.69598099589348 epoch=24 and step=60
2026-04-27 09:08:22,208 - SplitNNClient - INFO - 24884 - phase=train acc=0.7566964285714286 loss=49.41096809506416 epoch=24 and step=70
2026-04-27 09:08:22,311 - SplitNNClient - INFO - 16632 - phase=train acc=0.7399553571428571 loss=52.98784852027893 epoch=24 and step=70
2026-04-27 09:08:22,406 - SplitNNClient - INFO - 22652 - phase=train acc=0.7600446428571429 loss=50.27235046029091 epoch=24 and step=70
2026-04-27 09:08:24,678 - SplitNNClient - INFO - 24884 - phase=train acc=0.75673828125 loss=56.347841054201126 epoch=24 and step=80
2026-04-27 09:08:24,746 - SplitNNClient - INFO - 16632 - phase=train acc=0.74423828125 loss=59.76601988077164 epoch=24 and step=80
2026-04-27 09:08:24,817 - SplitNNClient - INFO - 22652 - phase=train acc=0.7599609375 loss=57.29293575882912 epoch=24 and step=80
2026-04-27 09:08:26,955 - SplitNNClient - INFO - 24884 - phase=train acc=0.7563368055555556 loss=63.42820933461189 epoch=24 and step=90
2026-04-27 09:08:27,057 - SplitNNClient - INFO - 22652 - phase=train acc=0.7579861111111111 loss=64.75780084729195 epoch=24 and step=90
2026-04-27 09:08:29,005 - SplitNNClient - INFO - 24884 - phase=train acc=0.75765625 loss=70.33902117609978 epoch=24 and step=100
2026-04-27 09:08:29,161 - SplitNNClient - INFO - 22652 - phase=train acc=0.760234375 loss=71.48440718650818 epoch=24 and step=100
2026-04-27 09:08:31,018 - SplitNNClient - INFO - 24884 - phase=train acc=0.7573153409090909 loss=77.58971133828163 epoch=24 and step=110
2026-04-27 09:08:31,375 - SplitNNClient - INFO - 22652 - phase=train acc=0.7580965909090909 loss=79.29497742652893 epoch=24 and step=110
2026-04-27 09:08:33,140 - SplitNNClient - INFO - 24884 - phase=train acc=0.7573567708333333 loss=84.54530918598175 epoch=24 and step=120
2026-04-27 09:08:33,430 - SplitNNClient - INFO - 22652 - phase=train acc=0.7563151041666667 loss=87.0290556550026 epoch=24 and step=120
2026-04-27 09:08:35,159 - SplitNNClient - INFO - 24884 - phase=train acc=0.7569711538461539 loss=91.58670610189438 epoch=24 and step=130
2026-04-27 09:08:35,490 - SplitNNClient - INFO - 22652 - phase=train acc=0.7572716346153846 loss=93.93340796232224 epoch=24 and step=130
2026-04-27 09:08:37,555 - SplitNNClient - INFO - 22652 - phase=train acc=0.7584263392857142 loss=100.92186403274536 epoch=24 and step=140
2026-04-27 09:08:39,385 - SplitNNClient - INFO - 22652 - phase=train acc=0.759375 loss=107.75149822235107 epoch=24 and step=150
2026-04-27 09:08:40,996 - SplitNNClient - INFO - 22652 - phase=train acc=0.758984375 loss=115.06429088115692 epoch=24 and step=160
2026-04-27 09:08:42,159 - FedServerManager - INFO - 25788 - get all model params ---- from rank fed_server
2026-04-27 09:08:53,831 - SplitNNClient - INFO - 16632 - phase=validation acc=0.7279 loss=60.08800286054611 epoch=24 and step=79
2026-04-27 09:08:53,873 - SplitNNClient - INFO - 22652 - phase=validation acc=0.7279 loss=60.08800286054611 epoch=24 and step=79
2026-04-27 09:08:53,926 - SplitNNClient - INFO - 24884 - phase=validation acc=0.7279 loss=60.08800286054611 epoch=24 and step=79
2026-04-27 09:08:54,696 - CommBreakdown - INFO - 24884 - tensor_distribution rank=3 node_type=client phase=train epoch=25 sample=middle tensor=activations[0] shape=(128, 64, 16, 16) mean=0.493053 std=0.94726 min=0 max=20.7142 mean_abs=0.493053 max_abs=20.7142 p95_abs=2.35007 p99_abs=4.39646 skewness=3.4516 kurtosis=22.4146 mean_channel_std=0.864938 std_channel_std=0.303716 max_channel_scale_over_min_channel_scale=4.94155 spread=high spread_score=1.92121 outliers=medium outlier_score=2.73984 near_zero=medium near_zero_fraction=0.556416
2026-04-27 09:08:54,732 - CommBreakdown - INFO - 16632 - tensor_distribution rank=2 node_type=client phase=train epoch=25 sample=middle tensor=activations[0] shape=(128, 64, 16, 16) mean=0.486113 std=0.939796 min=0 max=23.6994 mean_abs=0.486113 max_abs=23.6994 p95_abs=2.31105 p99_abs=4.40458 skewness=3.51498 kurtosis=23.398 mean_channel_std=0.856343 std_channel_std=0.305023 max_channel_scale_over_min_channel_scale=5.50956 spread=high spread_score=1.93329 outliers=medium outlier_score=2.80352 near_zero=medium near_zero_fraction=0.555743
2026-04-27 09:08:54,739 - CommBreakdown - INFO - 22652 - tensor_distribution rank=1 node_type=client phase=train epoch=25 sample=middle tensor=activations[0] shape=(128, 64, 16, 16) mean=0.488839 std=0.93518 min=0 max=20.7653 mean_abs=0.488839 max_abs=20.7653 p95_abs=2.32357 p99_abs=4.34582 skewness=3.42218 kurtosis=22.0857 mean_channel_std=0.853304 std_channel_std=0.300549 max_channel_scale_over_min_channel_scale=6.12937 spread=high spread_score=1.91306 outliers=medium outlier_score=2.73678 near_zero=medium near_zero_fraction=0.55254
2026-04-27 09:08:55,821 - CommBreakdown - INFO - 15572 - tensor_distribution rank=0 node_type=server phase=train epoch=25 sample=middle tensor=activation_grads shape=(128, 64, 16, 16) mean=-1.35147e-09 std=2.04542e-05 min=-0.000864142 max=0.000824218 mean_abs=9.4626e-06 max_abs=0.000864142 p95_abs=3.88653e-05 p99_abs=8.67922e-05 skewness=0.00103824 kurtosis=9.91053e-06 mean_channel_std=2.01165e-05 std_channel_std=3.70158e-06 max_channel_scale_over_min_channel_scale=4.17122 spread=high spread_score=2.16158 outliers=high outlier_score=3.61491 near_zero=medium near_zero_fraction=0.228386
2026-04-27 09:09:27,281 - SplitNNClient - INFO - 24884 - phase=train acc=0.73671875 loss=7.670143187046051 epoch=25 and step=10
2026-04-27 09:09:28,490 - SplitNNClient - INFO - 22652 - phase=train acc=0.75234375 loss=7.66801917552948 epoch=25 and step=10
2026-04-27 09:09:29,608 - SplitNNClient - INFO - 16632 - phase=train acc=0.715625 loss=8.648906707763672 epoch=25 and step=10
2026-04-27 09:10:02,051 - SplitNNClient - INFO - 24884 - phase=train acc=0.753125 loss=14.21824836730957 epoch=25 and step=20
2026-04-27 09:10:03,169 - SplitNNClient - INFO - 22652 - phase=train acc=0.757421875 loss=14.571584820747375 epoch=25 and step=20
2026-04-27 09:10:04,295 - SplitNNClient - INFO - 16632 - phase=train acc=0.71875 loss=16.646912336349487 epoch=25 and step=20
2026-04-27 09:10:37,029 - SplitNNClient - INFO - 24884 - phase=train acc=0.75078125 loss=21.91427356004715 epoch=25 and step=30
2026-04-27 09:10:38,147 - SplitNNClient - INFO - 22652 - phase=train acc=0.7619791666666667 loss=21.398763239383698 epoch=25 and step=30
2026-04-27 09:10:39,331 - SplitNNClient - INFO - 16632 - phase=train acc=0.7278645833333334 loss=23.99573254585266 epoch=25 and step=30
2026-04-27 09:11:11,829 - SplitNNClient - INFO - 24884 - phase=train acc=0.7578125 loss=28.487232476472855 epoch=25 and step=40
2026-04-27 09:11:12,985 - SplitNNClient - INFO - 22652 - phase=train acc=0.76171875 loss=28.68891316652298 epoch=25 and step=40
2026-04-27 09:11:14,104 - SplitNNClient - INFO - 16632 - phase=train acc=0.73203125 loss=31.511927008628845 epoch=25 and step=40
2026-04-27 09:11:46,780 - SplitNNClient - INFO - 24884 - phase=train acc=0.761875 loss=35.061519116163254 epoch=25 and step=50
2026-04-27 09:11:47,932 - SplitNNClient - INFO - 22652 - phase=train acc=0.7628125 loss=35.43973386287689 epoch=25 and step=50
2026-04-27 09:11:49,088 - SplitNNClient - INFO - 16632 - phase=train acc=0.7371875 loss=38.13338142633438 epoch=25 and step=50
2026-04-27 09:12:21,562 - SplitNNClient - INFO - 24884 - phase=train acc=0.763671875 loss=41.73544034361839 epoch=25 and step=60
2026-04-27 09:12:22,713 - SplitNNClient - INFO - 22652 - phase=train acc=0.7614583333333333 loss=42.64178392291069 epoch=25 and step=60
2026-04-27 09:12:23,949 - SplitNNClient - INFO - 16632 - phase=train acc=0.7395833333333334 loss=45.008119225502014 epoch=25 and step=60
2026-04-27 09:12:56,621 - SplitNNClient - INFO - 24884 - phase=train acc=0.7641741071428572 loss=48.5113665163517 epoch=25 and step=70
2026-04-27 09:12:57,743 - SplitNNClient - INFO - 22652 - phase=train acc=0.7622767857142857 loss=49.66341349482536 epoch=25 and step=70
2026-04-27 09:12:58,897 - SplitNNClient - INFO - 16632 - phase=train acc=0.7396205357142858 loss=52.056786715984344 epoch=25 and step=70
2026-04-27 09:13:31,350 - SplitNNClient - INFO - 24884 - phase=train acc=0.76630859375 loss=55.02726790308952 epoch=25 and step=80
2026-04-27 09:13:32,470 - SplitNNClient - INFO - 22652 - phase=train acc=0.76220703125 loss=56.73778137564659 epoch=25 and step=80
2026-04-27 09:13:33,618 - SplitNNClient - INFO - 16632 - phase=train acc=0.740625 loss=59.13405513763428 epoch=25 and step=80
2026-04-27 09:13:59,117 - SplitNNClient - INFO - 24884 - phase=train acc=0.7677951388888888 loss=61.54349264502525 epoch=25 and step=90
2026-04-27 09:14:00,266 - SplitNNClient - INFO - 22652 - phase=train acc=0.7633680555555555 loss=63.28770908713341 epoch=25 and step=90
2026-04-27 09:14:22,557 - SplitNNClient - INFO - 24884 - phase=train acc=0.7665625 loss=68.74527856707573 epoch=25 and step=100
2026-04-27 09:14:23,705 - SplitNNClient - INFO - 22652 - phase=train acc=0.7646875 loss=69.81274804472923 epoch=25 and step=100
2026-04-27 09:14:45,831 - SplitNNClient - INFO - 24884 - phase=train acc=0.7661931818181819 loss=75.83619299530983 epoch=25 and step=110
2026-04-27 09:14:46,957 - SplitNNClient - INFO - 22652 - phase=train acc=0.76640625 loss=76.43603500723839 epoch=25 and step=110
2026-04-27 09:15:08,862 - SplitNNClient - INFO - 24884 - phase=train acc=0.7679036458333334 loss=82.25153639912605 epoch=25 and step=120
2026-04-27 09:15:10,049 - SplitNNClient - INFO - 22652 - phase=train acc=0.7655598958333333 loss=83.90000435709953 epoch=25 and step=120
2026-04-27 09:15:31,974 - SplitNNClient - INFO - 24884 - phase=train acc=0.7686899038461539 loss=88.79696217179298 epoch=25 and step=130
2026-04-27 09:15:33,125 - SplitNNClient - INFO - 22652 - phase=train acc=0.7643629807692308 loss=91.13529053330421 epoch=25 and step=130
2026-04-27 09:15:55,523 - SplitNNClient - INFO - 22652 - phase=train acc=0.7645089285714286 loss=98.23291131854057 epoch=25 and step=140
2026-04-27 09:16:12,604 - SplitNNClient - INFO - 22652 - phase=train acc=0.76375 loss=105.17559590935707 epoch=25 and step=150
2026-04-27 09:16:29,661 - SplitNNClient - INFO - 22652 - phase=train acc=0.764306640625 loss=111.64190828800201 epoch=25 and step=160
2026-04-27 09:16:41,745 - FedServerManager - INFO - 25788 - get all model params ---- from rank fed_server
2026-04-27 09:16:53,383 - SplitNNClient - INFO - 24884 - phase=validation acc=0.734 loss=58.35246294736862 epoch=25 and step=79
2026-04-27 09:16:53,432 - SplitNNClient - INFO - 22652 - phase=validation acc=0.734 loss=58.35246294736862 epoch=25 and step=79
2026-04-27 09:16:53,475 - SplitNNClient - INFO - 16632 - phase=validation acc=0.734 loss=58.35246294736862 epoch=25 and step=79
2026-04-27 09:16:55,942 - SplitNNClient - INFO - 22652 - phase=train acc=0.7546875 loss=7.377902626991272 epoch=26 and step=10
2026-04-27 09:16:55,985 - SplitNNClient - INFO - 24884 - phase=train acc=0.76875 loss=7.067897856235504 epoch=26 and step=10
2026-04-27 09:16:56,090 - SplitNNClient - INFO - 16632 - phase=train acc=0.6796875 loss=9.162289381027222 epoch=26 and step=10
2026-04-27 09:16:58,403 - SplitNNClient - INFO - 22652 - phase=train acc=0.7640625 loss=14.246127367019653 epoch=26 and step=20
2026-04-27 09:16:58,472 - SplitNNClient - INFO - 24884 - phase=train acc=0.7625 loss=14.115931808948517 epoch=26 and step=20
2026-04-27 09:16:58,562 - SplitNNClient - INFO - 16632 - phase=train acc=0.711328125 loss=16.61957186460495 epoch=26 and step=20
2026-04-27 09:17:00,914 - SplitNNClient - INFO - 22652 - phase=train acc=0.77421875 loss=20.706788063049316 epoch=26 and step=30
2026-04-27 09:17:00,991 - SplitNNClient - INFO - 24884 - phase=train acc=0.7630208333333334 loss=21.02485704421997 epoch=26 and step=30
2026-04-27 09:17:01,092 - SplitNNClient - INFO - 16632 - phase=train acc=0.7270833333333333 loss=23.186535120010376 epoch=26 and step=30
2026-04-27 09:17:03,402 - SplitNNClient - INFO - 22652 - phase=train acc=0.7759765625 loss=27.119993269443512 epoch=26 and step=40
2026-04-27 09:17:03,442 - SplitNNClient - INFO - 24884 - phase=train acc=0.76484375 loss=27.57834804058075 epoch=26 and step=40
2026-04-27 09:17:03,601 - SplitNNClient - INFO - 16632 - phase=train acc=0.7328125 loss=30.32199662923813 epoch=26 and step=40
2026-04-27 09:17:05,863 - SplitNNClient - INFO - 22652 - phase=train acc=0.76953125 loss=34.31954497098923 epoch=26 and step=50
2026-04-27 09:17:05,906 - SplitNNClient - INFO - 24884 - phase=train acc=0.76984375 loss=33.925635159015656 epoch=26 and step=50
2026-04-27 09:17:06,063 - SplitNNClient - INFO - 16632 - phase=train acc=0.74234375 loss=36.826271176338196 epoch=26 and step=50
2026-04-27 09:17:08,339 - SplitNNClient - INFO - 22652 - phase=train acc=0.770703125 loss=40.7083979845047 epoch=26 and step=60
2026-04-27 09:17:08,443 - SplitNNClient - INFO - 24884 - phase=train acc=0.7717447916666667 loss=40.469246089458466 epoch=26 and step=60
2026-04-27 09:17:08,505 - SplitNNClient - INFO - 16632 - phase=train acc=0.7411458333333333 loss=44.6135978102684 epoch=26 and step=60
2026-04-27 09:17:10,779 - SplitNNClient - INFO - 22652 - phase=train acc=0.7729910714285714 loss=46.973998963832855 epoch=26 and step=70
2026-04-27 09:17:10,851 - SplitNNClient - INFO - 24884 - phase=train acc=0.7736607142857143 loss=46.864008009433746 epoch=26 and step=70
2026-04-27 09:17:10,918 - SplitNNClient - INFO - 16632 - phase=train acc=0.7399553571428571 loss=52.32665491104126 epoch=26 and step=70
2026-04-27 09:17:13,146 - SplitNNClient - INFO - 22652 - phase=train acc=0.77197265625 loss=53.792707324028015 epoch=26 and step=80
2026-04-27 09:17:13,211 - SplitNNClient - INFO - 24884 - phase=train acc=0.7720703125 loss=53.523622155189514 epoch=26 and step=80
2026-04-27 09:17:13,281 - SplitNNClient - INFO - 16632 - phase=train acc=0.73916015625 loss=59.92249423265457 epoch=26 and step=80
2026-04-27 09:17:15,320 - SplitNNClient - INFO - 22652 - phase=train acc=0.77265625 loss=60.87530034780502 epoch=26 and step=90
2026-04-27 09:17:15,393 - SplitNNClient - INFO - 24884 - phase=train acc=0.7747395833333334 loss=59.778884053230286 epoch=26 and step=90
2026-04-27 09:17:17,339 - SplitNNClient - INFO - 22652 - phase=train acc=0.771015625 loss=68.10135746002197 epoch=26 and step=100
2026-04-27 09:17:17,401 - SplitNNClient - INFO - 24884 - phase=train acc=0.77484375 loss=66.50488871335983 epoch=26 and step=100
2026-04-27 09:17:19,418 - SplitNNClient - INFO - 22652 - phase=train acc=0.7701704545454545 loss=75.06833475828171 epoch=26 and step=110
2026-04-27 09:17:19,489 - SplitNNClient - INFO - 24884 - phase=train acc=0.7729403409090909 loss=73.3544716835022 epoch=26 and step=110
2026-04-27 09:17:21,465 - SplitNNClient - INFO - 22652 - phase=train acc=0.7712239583333333 loss=81.78005462884903 epoch=26 and step=120
2026-04-27 09:17:21,536 - SplitNNClient - INFO - 24884 - phase=train acc=0.7736979166666667 loss=79.77422747015953 epoch=26 and step=120
2026-04-27 09:17:23,517 - SplitNNClient - INFO - 22652 - phase=train acc=0.7719951923076923 loss=88.4124174118042 epoch=26 and step=130
2026-04-27 09:17:23,621 - SplitNNClient - INFO - 24884 - phase=train acc=0.7730769230769231 loss=86.68993744254112 epoch=26 and step=130
2026-04-27 09:17:25,614 - SplitNNClient - INFO - 22652 - phase=train acc=0.7723214285714286 loss=95.3735466003418 epoch=26 and step=140
2026-04-27 09:17:27,222 - SplitNNClient - INFO - 22652 - phase=train acc=0.7722916666666667 loss=102.2314595580101 epoch=26 and step=150
2026-04-27 09:17:28,826 - SplitNNClient - INFO - 22652 - phase=train acc=0.772119140625 loss=108.81895679235458 epoch=26 and step=160
2026-04-27 09:17:30,194 - FedServerManager - INFO - 25788 - get all model params ---- from rank fed_server
2026-04-27 09:17:41,912 - SplitNNClient - INFO - 16632 - phase=validation acc=0.7225 loss=60.46426147222519 epoch=26 and step=79
2026-04-27 09:17:42,013 - SplitNNClient - INFO - 24884 - phase=validation acc=0.7225 loss=60.46426147222519 epoch=26 and step=79
2026-04-27 09:17:42,101 - SplitNNClient - INFO - 22652 - phase=validation acc=0.7225 loss=60.46426147222519 epoch=26 and step=79
2026-04-27 09:17:44,397 - SplitNNClient - INFO - 16632 - phase=train acc=0.6859375 loss=9.112293124198914 epoch=27 and step=10
2026-04-27 09:17:44,465 - SplitNNClient - INFO - 22652 - phase=train acc=0.75625 loss=7.5482335686683655 epoch=27 and step=10
2026-04-27 09:17:44,567 - SplitNNClient - INFO - 24884 - phase=train acc=0.7390625 loss=7.817503988742828 epoch=27 and step=10
2026-04-27 09:17:46,807 - SplitNNClient - INFO - 16632 - phase=train acc=0.71796875 loss=16.139670073986053 epoch=27 and step=20
2026-04-27 09:17:46,908 - SplitNNClient - INFO - 22652 - phase=train acc=0.7671875 loss=14.041840076446533 epoch=27 and step=20
2026-04-27 09:17:46,947 - SplitNNClient - INFO - 24884 - phase=train acc=0.7515625 loss=14.417808651924133 epoch=27 and step=20
2026-04-27 09:17:49,165 - SplitNNClient - INFO - 16632 - phase=train acc=0.7294270833333333 loss=23.26264899969101 epoch=27 and step=30
2026-04-27 09:17:49,319 - SplitNNClient - INFO - 22652 - phase=train acc=0.7671875 loss=20.968336522579193 epoch=27 and step=30
2026-04-27 09:17:49,389 - SplitNNClient - INFO - 24884 - phase=train acc=0.7596354166666667 loss=20.741636514663696 epoch=27 and step=30
2026-04-27 09:17:51,679 - SplitNNClient - INFO - 16632 - phase=train acc=0.7376953125 loss=30.212730407714844 epoch=27 and step=40
2026-04-27 09:17:51,771 - SplitNNClient - INFO - 22652 - phase=train acc=0.765234375 loss=27.872566640377045 epoch=27 and step=40
2026-04-27 09:17:51,868 - SplitNNClient - INFO - 24884 - phase=train acc=0.764453125 loss=27.262189745903015 epoch=27 and step=40
2026-04-27 09:17:54,138 - SplitNNClient - INFO - 16632 - phase=train acc=0.744375 loss=36.77198874950409 epoch=27 and step=50
2026-04-27 09:17:54,237 - SplitNNClient - INFO - 22652 - phase=train acc=0.77 loss=34.39763927459717 epoch=27 and step=50
2026-04-27 09:17:54,306 - SplitNNClient - INFO - 24884 - phase=train acc=0.76953125 loss=33.647296756505966 epoch=27 and step=50
2026-04-27 09:17:56,550 - SplitNNClient - INFO - 16632 - phase=train acc=0.7453125 loss=44.24590224027634 epoch=27 and step=60
2026-04-27 09:17:56,673 - SplitNNClient - INFO - 22652 - phase=train acc=0.7716145833333333 loss=41.23771512508392 epoch=27 and step=60
2026-04-27 09:17:56,707 - SplitNNClient - INFO - 24884 - phase=train acc=0.7686197916666667 loss=40.53896388411522 epoch=27 and step=60
2026-04-27 09:17:58,967 - SplitNNClient - INFO - 16632 - phase=train acc=0.7487723214285714 loss=51.15064251422882 epoch=27 and step=70
2026-04-27 09:17:59,029 - SplitNNClient - INFO - 22652 - phase=train acc=0.7707589285714286 loss=48.32997155189514 epoch=27 and step=70
2026-04-27 09:17:59,160 - SplitNNClient - INFO - 24884 - phase=train acc=0.7714285714285715 loss=46.90787371993065 epoch=27 and step=70
2026-04-27 09:18:01,473 - SplitNNClient - INFO - 22652 - phase=train acc=0.7671875 loss=55.443235039711 epoch=27 and step=80
2026-04-27 09:18:01,539 - SplitNNClient - INFO - 16632 - phase=train acc=0.75263671875 loss=57.427576303482056 epoch=27 and step=80
2026-04-27 09:18:01,574 - SplitNNClient - INFO - 24884 - phase=train acc=0.7728515625 loss=53.495083689689636 epoch=27 and step=80
2026-04-27 09:18:03,714 - SplitNNClient - INFO - 22652 - phase=train acc=0.7680555555555556 loss=62.12272572517395 epoch=27 and step=90
2026-04-27 09:18:03,751 - SplitNNClient - INFO - 24884 - phase=train acc=0.7753472222222222 loss=59.59216430783272 epoch=27 and step=90
2026-04-27 09:18:05,798 - SplitNNClient - INFO - 22652 - phase=train acc=0.769296875 loss=68.81071817874908 epoch=27 and step=100
2026-04-27 09:18:05,865 - SplitNNClient - INFO - 24884 - phase=train acc=0.774140625 loss=66.11031052470207 epoch=27 and step=100
2026-04-27 09:18:07,820 - SplitNNClient - INFO - 22652 - phase=train acc=0.7715909090909091 loss=75.03882223367691 epoch=27 and step=110
2026-04-27 09:18:07,952 - SplitNNClient - INFO - 24884 - phase=train acc=0.7751420454545455 loss=72.4484301507473 epoch=27 and step=110
2026-04-27 09:18:09,907 - SplitNNClient - INFO - 22652 - phase=train acc=0.7718098958333334 loss=81.58394944667816 epoch=27 and step=120
2026-04-27 09:18:10,036 - SplitNNClient - INFO - 24884 - phase=train acc=0.7745442708333333 loss=79.30696585774422 epoch=27 and step=120
2026-04-27 09:18:12,057 - SplitNNClient - INFO - 22652 - phase=train acc=0.7721153846153846 loss=88.2930046916008 epoch=27 and step=130
2026-04-27 09:18:12,091 - SplitNNClient - INFO - 24884 - phase=train acc=0.7753004807692307 loss=85.88017445802689 epoch=27 and step=130
2026-04-27 09:18:14,086 - SplitNNClient - INFO - 22652 - phase=train acc=0.7727678571428571 loss=94.73464328050613 epoch=27 and step=140
2026-04-27 09:18:15,849 - SplitNNClient - INFO - 22652 - phase=train acc=0.7721875 loss=101.65862250328064 epoch=27 and step=150
2026-04-27 09:18:17,406 - SplitNNClient - INFO - 22652 - phase=train acc=0.773046875 loss=108.16421151161194 epoch=27 and step=160
2026-04-27 09:18:18,532 - FedServerManager - INFO - 25788 - get all model params ---- from rank fed_server
2026-04-27 09:18:30,046 - SplitNNClient - INFO - 16632 - phase=validation acc=0.7402 loss=57.26989695429802 epoch=27 and step=79
2026-04-27 09:18:30,094 - SplitNNClient - INFO - 24884 - phase=validation acc=0.7402 loss=57.26989695429802 epoch=27 and step=79
2026-04-27 09:18:30,138 - SplitNNClient - INFO - 22652 - phase=validation acc=0.7402 loss=57.26989695429802 epoch=27 and step=79
2026-04-27 09:18:32,543 - SplitNNClient - INFO - 24884 - phase=train acc=0.7671875 loss=7.225135385990143 epoch=28 and step=10
2026-04-27 09:18:32,642 - SplitNNClient - INFO - 22652 - phase=train acc=0.7625 loss=7.252981603145599 epoch=28 and step=10
2026-04-27 09:18:32,712 - SplitNNClient - INFO - 16632 - phase=train acc=0.73671875 loss=7.923547029495239 epoch=28 and step=10
2026-04-27 09:18:34,943 - SplitNNClient - INFO - 24884 - phase=train acc=0.763671875 loss=14.012695074081421 epoch=28 and step=20
2026-04-27 09:18:35,015 - SplitNNClient - INFO - 22652 - phase=train acc=0.776171875 loss=13.412505060434341 epoch=28 and step=20
2026-04-27 09:18:35,116 - SplitNNClient - INFO - 16632 - phase=train acc=0.741015625 loss=15.003902912139893 epoch=28 and step=20
2026-04-27 09:18:37,400 - SplitNNClient - INFO - 24884 - phase=train acc=0.7721354166666666 loss=20.355471670627594 epoch=28 and step=30
2026-04-27 09:18:37,474 - SplitNNClient - INFO - 22652 - phase=train acc=0.7752604166666667 loss=20.18803232908249 epoch=28 and step=30
2026-04-27 09:18:37,578 - SplitNNClient - INFO - 16632 - phase=train acc=0.75234375 loss=21.468315303325653 epoch=28 and step=30
2026-04-27 09:18:39,742 - SplitNNClient - INFO - 24884 - phase=train acc=0.7763671875 loss=26.575247704982758 epoch=28 and step=40
2026-04-27 09:18:39,941 - SplitNNClient - INFO - 22652 - phase=train acc=0.7716796875 loss=27.394350945949554 epoch=28 and step=40
2026-04-27 09:18:40,141 - SplitNNClient - INFO - 16632 - phase=train acc=0.7509765625 loss=28.841805815696716 epoch=28 and step=40
2026-04-27 09:18:42,277 - SplitNNClient - INFO - 24884 - phase=train acc=0.78046875 loss=32.271215349435806 epoch=28 and step=50
2026-04-27 09:18:42,420 - SplitNNClient - INFO - 22652 - phase=train acc=0.771875 loss=34.085196912288666 epoch=28 and step=50
2026-04-27 09:18:42,586 - SplitNNClient - INFO - 16632 - phase=train acc=0.75125 loss=35.67783886194229 epoch=28 and step=50
2026-04-27 09:18:44,696 - SplitNNClient - INFO - 24884 - phase=train acc=0.7796875 loss=39.208976715803146 epoch=28 and step=60
2026-04-27 09:18:44,896 - SplitNNClient - INFO - 22652 - phase=train acc=0.7716145833333333 loss=41.14553815126419 epoch=28 and step=60
2026-04-27 09:18:45,032 - SplitNNClient - INFO - 16632 - phase=train acc=0.756640625 loss=42.02979761362076 epoch=28 and step=60
2026-04-27 09:18:47,125 - SplitNNClient - INFO - 24884 - phase=train acc=0.78046875 loss=45.97866353392601 epoch=28 and step=70
2026-04-27 09:18:47,314 - SplitNNClient - INFO - 22652 - phase=train acc=0.7693080357142857 loss=48.60229575634003 epoch=28 and step=70
2026-04-27 09:18:47,552 - SplitNNClient - INFO - 16632 - phase=train acc=0.7573660714285714 loss=48.88600605726242 epoch=28 and step=70
2026-04-27 09:18:49,646 - SplitNNClient - INFO - 24884 - phase=train acc=0.78095703125 loss=52.40080210566521 epoch=28 and step=80
2026-04-27 09:18:49,782 - SplitNNClient - INFO - 22652 - phase=train acc=0.77001953125 loss=55.496852457523346 epoch=28 and step=80
2026-04-27 09:18:49,955 - SplitNNClient - INFO - 16632 - phase=train acc=0.75478515625 loss=56.13955157995224 epoch=28 and step=80
2026-04-27 09:18:51,898 - SplitNNClient - INFO - 24884 - phase=train acc=0.7819444444444444 loss=58.94820258021355 epoch=28 and step=90
2026-04-27 09:18:52,060 - SplitNNClient - INFO - 22652 - phase=train acc=0.7703125 loss=62.06745207309723 epoch=28 and step=90
2026-04-27 09:18:53,932 - SplitNNClient - INFO - 24884 - phase=train acc=0.78453125 loss=64.6027327477932 epoch=28 and step=100
2026-04-27 09:18:54,096 - SplitNNClient - INFO - 22652 - phase=train acc=0.7721875 loss=68.15874284505844 epoch=28 and step=100
2026-04-27 09:18:56,021 - SplitNNClient - INFO - 24884 - phase=train acc=0.7853693181818182 loss=70.91134536266327 epoch=28 and step=110
2026-04-27 09:18:56,149 - SplitNNClient - INFO - 22652 - phase=train acc=0.7732954545454546 loss=74.55018538236618 epoch=28 and step=110
2026-04-27 09:18:58,139 - SplitNNClient - INFO - 24884 - phase=train acc=0.7832682291666667 loss=77.64325088262558 epoch=28 and step=120
2026-04-27 09:18:58,176 - SplitNNClient - INFO - 22652 - phase=train acc=0.7742838541666667 loss=80.92478537559509 epoch=28 and step=120
2026-04-27 09:19:00,219 - SplitNNClient - INFO - 24884 - phase=train acc=0.7822115384615385 loss=84.53989142179489 epoch=28 and step=130
2026-04-27 09:19:00,322 - SplitNNClient - INFO - 22652 - phase=train acc=0.7736177884615385 loss=87.66924977302551 epoch=28 and step=130
2026-04-27 09:19:02,333 - SplitNNClient - INFO - 22652 - phase=train acc=0.7756696428571429 loss=93.8893310725689 epoch=28 and step=140
2026-04-27 09:19:03,951 - SplitNNClient - INFO - 22652 - phase=train acc=0.7752604166666667 loss=100.55187085270882 epoch=28 and step=150
2026-04-27 09:19:05,504 - SplitNNClient - INFO - 22652 - phase=train acc=0.77431640625 loss=107.6724639236927 epoch=28 and step=160
2026-04-27 09:19:06,676 - FedServerManager - INFO - 25788 - get all model params ---- from rank fed_server
2026-04-27 09:19:18,381 - SplitNNClient - INFO - 22652 - phase=validation acc=0.7315 loss=58.251233994960785 epoch=28 and step=79
2026-04-27 09:19:18,422 - SplitNNClient - INFO - 16632 - phase=validation acc=0.7315 loss=58.251233994960785 epoch=28 and step=79
2026-04-27 09:19:18,471 - SplitNNClient - INFO - 24884 - phase=validation acc=0.7315 loss=58.251233994960785 epoch=28 and step=79
2026-04-27 09:19:20,904 - SplitNNClient - INFO - 24884 - phase=train acc=0.7796875 loss=6.435132563114166 epoch=29 and step=10
2026-04-27 09:19:20,976 - SplitNNClient - INFO - 22652 - phase=train acc=0.76171875 loss=6.867884278297424 epoch=29 and step=10
2026-04-27 09:19:21,070 - SplitNNClient - INFO - 16632 - phase=train acc=0.7296875 loss=8.148976862430573 epoch=29 and step=10
2026-04-27 09:19:23,497 - SplitNNClient - INFO - 22652 - phase=train acc=0.778125 loss=12.80259320139885 epoch=29 and step=20
2026-04-27 09:19:23,565 - SplitNNClient - INFO - 24884 - phase=train acc=0.779296875 loss=13.202179789543152 epoch=29 and step=20
2026-04-27 09:19:23,630 - SplitNNClient - INFO - 16632 - phase=train acc=0.744140625 loss=15.09059751033783 epoch=29 and step=20
2026-04-27 09:19:25,938 - SplitNNClient - INFO - 22652 - phase=train acc=0.7723958333333333 loss=19.791886895895004 epoch=29 and step=30
2026-04-27 09:19:26,037 - SplitNNClient - INFO - 24884 - phase=train acc=0.7776041666666667 loss=19.83469659090042 epoch=29 and step=30
2026-04-27 09:19:26,136 - SplitNNClient - INFO - 16632 - phase=train acc=0.7559895833333333 loss=21.633854180574417 epoch=29 and step=30
2026-04-27 09:19:28,447 - SplitNNClient - INFO - 22652 - phase=train acc=0.7720703125 loss=26.334932416677475 epoch=29 and step=40
2026-04-27 09:19:28,540 - SplitNNClient - INFO - 24884 - phase=train acc=0.77578125 loss=26.321257710456848 epoch=29 and step=40
2026-04-27 09:19:28,610 - SplitNNClient - INFO - 16632 - phase=train acc=0.7619140625 loss=28.12312623858452 epoch=29 and step=40
2026-04-27 09:19:30,907 - SplitNNClient - INFO - 22652 - phase=train acc=0.770625 loss=33.47173252701759 epoch=29 and step=50
2026-04-27 09:19:30,975 - SplitNNClient - INFO - 24884 - phase=train acc=0.776875 loss=32.38252401351929 epoch=29 and step=50
2026-04-27 09:19:31,108 - SplitNNClient - INFO - 16632 - phase=train acc=0.760625 loss=35.21359273791313 epoch=29 and step=50
2026-04-27 09:19:33,384 - SplitNNClient - INFO - 24884 - phase=train acc=0.7807291666666667 loss=38.517297863960266 epoch=29 and step=60
2026-04-27 09:19:33,450 - SplitNNClient - INFO - 22652 - phase=train acc=0.7727864583333334 loss=39.87108966708183 epoch=29 and step=60
2026-04-27 09:19:33,581 - SplitNNClient - INFO - 16632 - phase=train acc=0.7635416666666667 loss=41.689894527196884 epoch=29 and step=60
2026-04-27 09:19:35,952 - SplitNNClient - INFO - 24884 - phase=train acc=0.7828125 loss=44.58284854888916 epoch=29 and step=70
2026-04-27 09:19:36,051 - SplitNNClient - INFO - 22652 - phase=train acc=0.7738839285714286 loss=46.043241411447525 epoch=29 and step=70
2026-04-27 09:19:36,094 - SplitNNClient - INFO - 16632 - phase=train acc=0.7633928571428571 loss=48.35533753037453 epoch=29 and step=70
2026-04-27 09:19:38,442 - SplitNNClient - INFO - 24884 - phase=train acc=0.785546875 loss=50.41373908519745 epoch=29 and step=80
2026-04-27 09:19:38,575 - SplitNNClient - INFO - 22652 - phase=train acc=0.77724609375 loss=52.21074429154396 epoch=29 and step=80
2026-04-27 09:19:38,643 - SplitNNClient - INFO - 16632 - phase=train acc=0.7673828125 loss=54.461913019418716 epoch=29 and step=80
2026-04-27 09:19:40,787 - SplitNNClient - INFO - 24884 - phase=train acc=0.7845486111111111 loss=56.94449359178543 epoch=29 and step=90
2026-04-27 09:19:40,823 - SplitNNClient - INFO - 22652 - phase=train acc=0.7767361111111111 loss=58.86062005162239 epoch=29 and step=90
2026-04-27 09:19:42,915 - SplitNNClient - INFO - 22652 - phase=train acc=0.77640625 loss=65.45764783024788 epoch=29 and step=100
2026-04-27 09:19:43,050 - SplitNNClient - INFO - 24884 - phase=train acc=0.785234375 loss=63.34900227189064 epoch=29 and step=100
2026-04-27 09:19:45,059 - SplitNNClient - INFO - 22652 - phase=train acc=0.7754261363636363 loss=72.4348569214344 epoch=29 and step=110
2026-04-27 09:19:45,151 - SplitNNClient - INFO - 24884 - phase=train acc=0.7852272727272728 loss=69.82316878437996 epoch=29 and step=110
2026-04-27 09:19:47,188 - SplitNNClient - INFO - 22652 - phase=train acc=0.7755859375 loss=78.83850213885307 epoch=29 and step=120
2026-04-27 09:19:47,382 - SplitNNClient - INFO - 24884 - phase=train acc=0.7869791666666667 loss=75.78286656737328 epoch=29 and step=120
2026-04-27 09:19:49,356 - SplitNNClient - INFO - 22652 - phase=train acc=0.776201923076923 loss=85.45426693558693 epoch=29 and step=130
2026-04-27 09:19:49,540 - SplitNNClient - INFO - 24884 - phase=train acc=0.7863581730769231 loss=82.33854016661644 epoch=29 and step=130
2026-04-27 09:19:51,556 - SplitNNClient - INFO - 22652 - phase=train acc=0.7781808035714286 loss=91.30575403571129 epoch=29 and step=140
2026-04-27 09:19:53,319 - SplitNNClient - INFO - 22652 - phase=train acc=0.7772395833333333 loss=98.17747017741203 epoch=29 and step=150
2026-04-27 09:19:55,113 - SplitNNClient - INFO - 22652 - phase=train acc=0.7779296875 loss=104.51070374250412 epoch=29 and step=160
2026-04-27 09:19:56,363 - FedServerManager - INFO - 25788 - get all model params ---- from rank fed_server
2026-04-27 09:20:08,101 - SplitNNClient - INFO - 16632 - phase=validation acc=0.7497 loss=55.66250568628311 epoch=29 and step=79
2026-04-27 09:20:08,157 - SplitNNClient - INFO - 22652 - phase=validation acc=0.7497 loss=55.66250568628311 epoch=29 and step=79
2026-04-27 09:20:08,203 - SplitNNClient - INFO - 24884 - phase=validation acc=0.7497 loss=55.66250568628311 epoch=29 and step=79
2026-04-27 09:20:10,620 - SplitNNClient - INFO - 22652 - phase=train acc=0.7765625 loss=6.718282878398895 epoch=30 and step=10
2026-04-27 09:20:10,725 - SplitNNClient - INFO - 24884 - phase=train acc=0.7625 loss=6.714083164930344 epoch=30 and step=10
2026-04-27 09:20:10,795 - SplitNNClient - INFO - 16632 - phase=train acc=0.72734375 loss=8.037467300891876 epoch=30 and step=10
2026-04-27 09:20:13,076 - SplitNNClient - INFO - 22652 - phase=train acc=0.77890625 loss=13.206342935562134 epoch=30 and step=20
2026-04-27 09:20:13,142 - SplitNNClient - INFO - 24884 - phase=train acc=0.769921875 loss=13.06944853067398 epoch=30 and step=20
2026-04-27 09:20:13,237 - SplitNNClient - INFO - 16632 - phase=train acc=0.75078125 loss=14.776612937450409 epoch=30 and step=20
2026-04-27 09:20:15,517 - SplitNNClient - INFO - 22652 - phase=train acc=0.78046875 loss=19.60843324661255 epoch=30 and step=30
2026-04-27 09:20:15,583 - SplitNNClient - INFO - 24884 - phase=train acc=0.77421875 loss=19.431396901607513 epoch=30 and step=30
2026-04-27 09:20:15,658 - SplitNNClient - INFO - 16632 - phase=train acc=0.7614583333333333 loss=20.90439537167549 epoch=30 and step=30
2026-04-27 09:20:17,970 - SplitNNClient - INFO - 22652 - phase=train acc=0.7822265625 loss=25.73167645931244 epoch=30 and step=40
2026-04-27 09:20:18,042 - SplitNNClient - INFO - 24884 - phase=train acc=0.7783203125 loss=25.60297539830208 epoch=30 and step=40
2026-04-27 09:20:18,148 - SplitNNClient - INFO - 16632 - phase=train acc=0.7693359375 loss=27.186855226755142 epoch=30 and step=40
2026-04-27 09:20:20,368 - SplitNNClient - INFO - 22652 - phase=train acc=0.78484375 loss=31.878126621246338 epoch=30 and step=50
2026-04-27 09:20:20,470 - SplitNNClient - INFO - 24884 - phase=train acc=0.77953125 loss=31.885303288698196 epoch=30 and step=50
2026-04-27 09:20:20,534 - SplitNNClient - INFO - 16632 - phase=train acc=0.76875 loss=33.91069117188454 epoch=30 and step=50
2026-04-27 09:20:22,830 - SplitNNClient - INFO - 22652 - phase=train acc=0.7822916666666667 loss=38.531174659729004 epoch=30 and step=60
2026-04-27 09:20:22,964 - SplitNNClient - INFO - 24884 - phase=train acc=0.7821614583333333 loss=38.23840710520744 epoch=30 and step=60
2026-04-27 09:20:23,028 - SplitNNClient - INFO - 16632 - phase=train acc=0.7682291666666666 loss=40.72471937537193 epoch=30 and step=60
2026-04-27 09:20:25,389 - SplitNNClient - INFO - 22652 - phase=train acc=0.7816964285714286 loss=44.927979707717896 epoch=30 and step=70
2026-04-27 09:20:25,431 - SplitNNClient - INFO - 24884 - phase=train acc=0.7832589285714285 loss=44.20992386341095 epoch=30 and step=70
2026-04-27 09:20:25,493 - SplitNNClient - INFO - 16632 - phase=train acc=0.7676339285714285 loss=47.41738912463188 epoch=30 and step=70
2026-04-27 09:20:27,910 - SplitNNClient - INFO - 22652 - phase=train acc=0.77783203125 loss=51.855025589466095 epoch=30 and step=80
2026-04-27 09:20:28,013 - SplitNNClient - INFO - 24884 - phase=train acc=0.78212890625 loss=50.72937282919884 epoch=30 and step=80
2026-04-27 09:20:28,046 - SplitNNClient - INFO - 16632 - phase=train acc=0.7666015625 loss=54.2626328766346 epoch=30 and step=80
2026-04-27 09:20:30,201 - SplitNNClient - INFO - 22652 - phase=train acc=0.7768229166666667 loss=58.81971740722656 epoch=30 and step=90
2026-04-27 09:20:30,355 - SplitNNClient - INFO - 24884 - phase=train acc=0.7831597222222222 loss=56.90414837002754 epoch=30 and step=90
2026-04-27 09:20:32,450 - SplitNNClient - INFO - 22652 - phase=train acc=0.778984375 loss=64.7339751124382 epoch=30 and step=100
2026-04-27 09:20:32,572 - SplitNNClient - INFO - 24884 - phase=train acc=0.783125 loss=63.08735153079033 epoch=30 and step=100
2026-04-27 09:20:34,657 - SplitNNClient - INFO - 22652 - phase=train acc=0.7789772727272727 loss=71.36556333303452 epoch=30 and step=110
2026-04-27 09:20:34,721 - SplitNNClient - INFO - 24884 - phase=train acc=0.7845880681818181 loss=69.11194768548012 epoch=30 and step=110
2026-04-27 09:20:36,834 - SplitNNClient - INFO - 22652 - phase=train acc=0.7788411458333333 loss=78.04047894477844 epoch=30 and step=120
2026-04-27 09:20:36,905 - SplitNNClient - INFO - 24884 - phase=train acc=0.7857421875 loss=75.41378447413445 epoch=30 and step=120
2026-04-27 09:20:39,060 - SplitNNClient - INFO - 22652 - phase=train acc=0.7790865384615384 loss=84.72889423370361 epoch=30 and step=130
2026-04-27 09:20:39,128 - SplitNNClient - INFO - 24884 - phase=train acc=0.7861177884615385 loss=81.48471269011497 epoch=30 and step=130
2026-04-27 09:20:41,148 - SplitNNClient - INFO - 22652 - phase=train acc=0.7806361607142858 loss=90.54651308059692 epoch=30 and step=140
2026-04-27 09:20:43,004 - SplitNNClient - INFO - 22652 - phase=train acc=0.7810416666666666 loss=96.8315150141716 epoch=30 and step=150
2026-04-27 09:20:44,770 - SplitNNClient - INFO - 22652 - phase=train acc=0.78154296875 loss=102.95538938045502 epoch=30 and step=160
2026-04-27 09:20:45,904 - FedServerManager - INFO - 25788 - get all model params ---- from rank fed_server
2026-04-27 09:20:57,432 - SplitNNClient - INFO - 16632 - phase=validation acc=0.7529 loss=54.13982483744621 epoch=30 and step=79
2026-04-27 09:20:57,475 - SplitNNClient - INFO - 22652 - phase=validation acc=0.7529 loss=54.13982483744621 epoch=30 and step=79
2026-04-27 09:20:57,531 - SplitNNClient - INFO - 24884 - phase=validation acc=0.7529 loss=54.13982483744621 epoch=30 and step=79
2026-04-27 09:20:59,957 - SplitNNClient - INFO - 24884 - phase=train acc=0.76015625 loss=6.9048261642456055 epoch=31 and step=10
2026-04-27 09:21:00,024 - SplitNNClient - INFO - 22652 - phase=train acc=0.790625 loss=6.633542150259018 epoch=31 and step=10
2026-04-27 09:21:00,098 - SplitNNClient - INFO - 16632 - phase=train acc=0.73359375 loss=7.753990530967712 epoch=31 and step=10
2026-04-27 09:21:02,311 - SplitNNClient - INFO - 24884 - phase=train acc=0.786328125 loss=12.692324876785278 epoch=31 and step=20
2026-04-27 09:21:02,413 - SplitNNClient - INFO - 22652 - phase=train acc=0.783203125 loss=13.1759914457798 epoch=31 and step=20
2026-04-27 09:21:02,478 - SplitNNClient - INFO - 16632 - phase=train acc=0.7375 loss=15.489319086074829 epoch=31 and step=20
2026-04-27 09:21:04,726 - SplitNNClient - INFO - 24884 - phase=train acc=0.79296875 loss=18.798713326454163 epoch=31 and step=30
2026-04-27 09:21:04,821 - SplitNNClient - INFO - 22652 - phase=train acc=0.7893229166666667 loss=19.220279425382614 epoch=31 and step=30
2026-04-27 09:21:04,920 - SplitNNClient - INFO - 16632 - phase=train acc=0.746875 loss=22.364207446575165 epoch=31 and step=30
2026-04-27 09:21:07,127 - SplitNNClient - INFO - 24884 - phase=train acc=0.7955078125 loss=24.47159034013748 epoch=31 and step=40
2026-04-27 09:21:07,232 - SplitNNClient - INFO - 22652 - phase=train acc=0.7873046875 loss=25.66125550866127 epoch=31 and step=40
2026-04-27 09:21:07,295 - SplitNNClient - INFO - 16632 - phase=train acc=0.75390625 loss=29.011052548885345 epoch=31 and step=40
2026-04-27 09:21:09,557 - SplitNNClient - INFO - 24884 - phase=train acc=0.79671875 loss=30.43802535533905 epoch=31 and step=50
2026-04-27 09:21:09,628 - SplitNNClient - INFO - 22652 - phase=train acc=0.7871875 loss=31.999801605939865 epoch=31 and step=50
2026-04-27 09:21:09,696 - SplitNNClient - INFO - 16632 - phase=train acc=0.76453125 loss=34.59185400605202 epoch=31 and step=50
2026-04-27 09:21:11,939 - SplitNNClient - INFO - 24884 - phase=train acc=0.7951822916666667 loss=36.78161507844925 epoch=31 and step=60
2026-04-27 09:21:12,009 - SplitNNClient - INFO - 22652 - phase=train acc=0.786328125 loss=38.54895028471947 epoch=31 and step=60
2026-04-27 09:21:12,075 - SplitNNClient - INFO - 16632 - phase=train acc=0.76875 loss=40.769694209098816 epoch=31 and step=60
2026-04-27 09:21:14,314 - SplitNNClient - INFO - 24884 - phase=train acc=0.7944196428571428 loss=42.775979071855545 epoch=31 and step=70
2026-04-27 09:21:14,417 - SplitNNClient - INFO - 22652 - phase=train acc=0.784375 loss=45.04435893893242 epoch=31 and step=70
2026-04-27 09:21:14,488 - SplitNNClient - INFO - 16632 - phase=train acc=0.7723214285714286 loss=46.92003855109215 epoch=31 and step=70
2026-04-27 09:21:16,757 - SplitNNClient - INFO - 24884 - phase=train acc=0.795703125 loss=48.67848402261734 epoch=31 and step=80
2026-04-27 09:21:16,799 - SplitNNClient - INFO - 22652 - phase=train acc=0.78427734375 loss=51.23355481028557 epoch=31 and step=80
2026-04-27 09:21:16,834 - SplitNNClient - INFO - 16632 - phase=train acc=0.77138671875 loss=53.45575174689293 epoch=31 and step=80
2026-04-27 09:21:18,878 - SplitNNClient - INFO - 24884 - phase=train acc=0.7951388888888888 loss=54.85206151008606 epoch=31 and step=90
2026-04-27 09:21:19,040 - SplitNNClient - INFO - 22652 - phase=train acc=0.7874131944444445 loss=57.10528007149696 epoch=31 and step=90
2026-04-27 09:21:20,964 - SplitNNClient - INFO - 24884 - phase=train acc=0.79546875 loss=60.924056112766266 epoch=31 and step=100
2026-04-27 09:21:21,118 - SplitNNClient - INFO - 22652 - phase=train acc=0.78765625 loss=63.2592793405056 epoch=31 and step=100
2026-04-27 09:21:23,130 - SplitNNClient - INFO - 24884 - phase=train acc=0.7958806818181818 loss=67.06730058789253 epoch=31 and step=110
2026-04-27 09:21:23,256 - SplitNNClient - INFO - 22652 - phase=train acc=0.7871448863636363 loss=69.50605502724648 epoch=31 and step=110
2026-04-27 09:21:25,195 - SplitNNClient - INFO - 24884 - phase=train acc=0.7951171875 loss=73.28583890199661 epoch=31 and step=120
2026-04-27 09:21:25,294 - SplitNNClient - INFO - 22652 - phase=train acc=0.787109375 loss=75.72742304205894 epoch=31 and step=120
2026-04-27 09:21:27,252 - SplitNNClient - INFO - 24884 - phase=train acc=0.7929086538461538 loss=79.91051226854324 epoch=31 and step=130
2026-04-27 09:21:27,376 - SplitNNClient - INFO - 22652 - phase=train acc=0.7879807692307692 loss=82.06488671898842 epoch=31 and step=130
2026-04-27 09:21:29,432 - SplitNNClient - INFO - 22652 - phase=train acc=0.7881696428571429 loss=88.48170253634453 epoch=31 and step=140
2026-04-27 09:21:31,047 - SplitNNClient - INFO - 22652 - phase=train acc=0.78859375 loss=94.53283461928368 epoch=31 and step=150
2026-04-27 09:21:32,627 - SplitNNClient - INFO - 22652 - phase=train acc=0.78916015625 loss=100.61742630600929 epoch=31 and step=160
2026-04-27 09:21:33,896 - FedServerManager - INFO - 25788 - get all model params ---- from rank fed_server
2026-04-27 09:21:45,500 - SplitNNClient - INFO - 16632 - phase=validation acc=0.7607 loss=52.79967251420021 epoch=31 and step=79
2026-04-27 09:21:45,537 - SplitNNClient - INFO - 24884 - phase=validation acc=0.7607 loss=52.79967251420021 epoch=31 and step=79
2026-04-27 09:21:45,604 - SplitNNClient - INFO - 22652 - phase=validation acc=0.7607 loss=52.79967251420021 epoch=31 and step=79
2026-04-27 09:21:48,051 - SplitNNClient - INFO - 22652 - phase=train acc=0.7921875 loss=6.247525751590729 epoch=32 and step=10
2026-04-27 09:21:48,121 - SplitNNClient - INFO - 24884 - phase=train acc=0.7828125 loss=6.382945775985718 epoch=32 and step=10
2026-04-27 09:21:48,222 - SplitNNClient - INFO - 16632 - phase=train acc=0.7296875 loss=8.2793670296669 epoch=32 and step=10
2026-04-27 09:21:50,519 - SplitNNClient - INFO - 22652 - phase=train acc=0.786328125 loss=13.094975173473358 epoch=32 and step=20
2026-04-27 09:21:50,613 - SplitNNClient - INFO - 24884 - phase=train acc=0.7984375 loss=12.051099479198456 epoch=32 and step=20
2026-04-27 09:21:50,706 - SplitNNClient - INFO - 16632 - phase=train acc=0.755859375 loss=14.821218609809875 epoch=32 and step=20
2026-04-27 09:21:53,002 - SplitNNClient - INFO - 22652 - phase=train acc=0.7890625 loss=19.13505655527115 epoch=32 and step=30
2026-04-27 09:21:53,107 - SplitNNClient - INFO - 24884 - phase=train acc=0.7973958333333333 loss=18.082668960094452 epoch=32 and step=30
2026-04-27 09:21:53,145 - SplitNNClient - INFO - 16632 - phase=train acc=0.7739583333333333 loss=20.49364075064659 epoch=32 and step=30
2026-04-27 09:21:55,544 - SplitNNClient - INFO - 22652 - phase=train acc=0.790234375 loss=24.94114789366722 epoch=32 and step=40
2026-04-27 09:21:55,610 - SplitNNClient - INFO - 24884 - phase=train acc=0.79296875 loss=24.3491108417511 epoch=32 and step=40
2026-04-27 09:21:55,680 - SplitNNClient - INFO - 16632 - phase=train acc=0.775 loss=26.510566145181656 epoch=32 and step=40
2026-04-27 09:21:57,959 - SplitNNClient - INFO - 22652 - phase=train acc=0.791875 loss=30.872332394123077 epoch=32 and step=50
2026-04-27 09:21:58,023 - SplitNNClient - INFO - 24884 - phase=train acc=0.79359375 loss=30.347128301858902 epoch=32 and step=50
2026-04-27 09:21:58,121 - SplitNNClient - INFO - 16632 - phase=train acc=0.77578125 loss=32.956763595342636 epoch=32 and step=50
2026-04-27 09:22:00,404 - SplitNNClient - INFO - 22652 - phase=train acc=0.7907552083333333 loss=37.226642072200775 epoch=32 and step=60
2026-04-27 09:22:00,558 - SplitNNClient - INFO - 24884 - phase=train acc=0.7930989583333333 loss=36.26966354250908 epoch=32 and step=60
2026-04-27 09:22:00,625 - SplitNNClient - INFO - 16632 - phase=train acc=0.7747395833333334 loss=39.26024177670479 epoch=32 and step=60
2026-04-27 09:22:02,843 - SplitNNClient - INFO - 22652 - phase=train acc=0.7909598214285715 loss=43.159385085105896 epoch=32 and step=70
2026-04-27 09:22:02,994 - SplitNNClient - INFO - 24884 - phase=train acc=0.7944196428571428 loss=42.1002753674984 epoch=32 and step=70
2026-04-27 09:22:03,065 - SplitNNClient - INFO - 16632 - phase=train acc=0.7751116071428571 loss=45.74234101176262 epoch=32 and step=70
2026-04-27 09:22:05,386 - SplitNNClient - INFO - 22652 - phase=train acc=0.79140625 loss=49.1185844540596 epoch=32 and step=80
2026-04-27 09:22:05,435 - SplitNNClient - INFO - 24884 - phase=train acc=0.79482421875 loss=48.09752744436264 epoch=32 and step=80
2026-04-27 09:22:05,529 - SplitNNClient - INFO - 16632 - phase=train acc=0.77353515625 loss=52.52894577383995 epoch=32 and step=80
2026-04-27 09:22:07,581 - SplitNNClient - INFO - 22652 - phase=train acc=0.7897569444444444 loss=55.57433444261551 epoch=32 and step=90
2026-04-27 09:22:07,677 - SplitNNClient - INFO - 24884 - phase=train acc=0.79609375 loss=53.33609661459923 epoch=32 and step=90
2026-04-27 09:22:09,634 - SplitNNClient - INFO - 22652 - phase=train acc=0.791171875 loss=61.50300216674805 epoch=32 and step=100
2026-04-27 09:22:09,791 - SplitNNClient - INFO - 24884 - phase=train acc=0.79640625 loss=59.404512614011765 epoch=32 and step=100
2026-04-27 09:22:11,779 - SplitNNClient - INFO - 22652 - phase=train acc=0.7922585227272727 loss=67.5922063589096 epoch=32 and step=110
2026-04-27 09:22:11,850 - SplitNNClient - INFO - 24884 - phase=train acc=0.7961647727272727 loss=65.68989399075508 epoch=32 and step=110
2026-04-27 09:22:13,898 - SplitNNClient - INFO - 22652 - phase=train acc=0.7920572916666667 loss=74.00318831205368 epoch=32 and step=120
2026-04-27 09:22:14,021 - SplitNNClient - INFO - 24884 - phase=train acc=0.796484375 loss=71.39923849701881 epoch=32 and step=120
2026-04-27 09:22:15,931 - SplitNNClient - INFO - 22652 - phase=train acc=0.7917067307692308 loss=80.19985163211823 epoch=32 and step=130
2026-04-27 09:22:16,086 - SplitNNClient - INFO - 24884 - phase=train acc=0.7979567307692308 loss=76.8456018269062 epoch=32 and step=130
2026-04-27 09:22:17,958 - SplitNNClient - INFO - 22652 - phase=train acc=0.7911830357142857 loss=86.38295090198517 epoch=32 and step=140
2026-04-27 09:22:19,663 - SplitNNClient - INFO - 22652 - phase=train acc=0.7915104166666667 loss=92.3513218164444 epoch=32 and step=150
2026-04-27 09:22:21,525 - SplitNNClient - INFO - 22652 - phase=train acc=0.79189453125 loss=98.35574153065681 epoch=32 and step=160
2026-04-27 09:22:22,885 - FedServerManager - INFO - 25788 - get all model params ---- from rank fed_server
2026-04-27 09:22:34,585 - SplitNNClient - INFO - 16632 - phase=validation acc=0.7669 loss=52.033486038446426 epoch=32 and step=79
2026-04-27 09:22:34,646 - SplitNNClient - INFO - 22652 - phase=validation acc=0.7669 loss=52.033486038446426 epoch=32 and step=79
2026-04-27 09:22:34,688 - SplitNNClient - INFO - 24884 - phase=validation acc=0.7669 loss=52.033486038446426 epoch=32 and step=79
2026-04-27 09:22:37,099 - SplitNNClient - INFO - 16632 - phase=train acc=0.75078125 loss=7.345931768417358 epoch=33 and step=10
2026-04-27 09:22:37,198 - SplitNNClient - INFO - 22652 - phase=train acc=0.77890625 loss=6.72840279340744 epoch=33 and step=10
2026-04-27 09:22:37,268 - SplitNNClient - INFO - 24884 - phase=train acc=0.76953125 loss=6.5549372136592865 epoch=33 and step=10
2026-04-27 09:22:39,700 - SplitNNClient - INFO - 16632 - phase=train acc=0.753125 loss=14.245235562324524 epoch=33 and step=20
2026-04-27 09:22:39,772 - SplitNNClient - INFO - 22652 - phase=train acc=0.7765625 loss=13.709431111812592 epoch=33 and step=20
2026-04-27 09:22:39,843 - SplitNNClient - INFO - 24884 - phase=train acc=0.7765625 loss=13.133492678403854 epoch=33 and step=20
2026-04-27 09:22:42,147 - SplitNNClient - INFO - 16632 - phase=train acc=0.76171875 loss=20.591719448566437 epoch=33 and step=30
2026-04-27 09:22:42,217 - SplitNNClient - INFO - 22652 - phase=train acc=0.78203125 loss=19.933824628591537 epoch=33 and step=30
2026-04-27 09:22:42,322 - SplitNNClient - INFO - 24884 - phase=train acc=0.7838541666666666 loss=19.10145178437233 epoch=33 and step=30
2026-04-27 09:22:44,600 - SplitNNClient - INFO - 16632 - phase=train acc=0.765234375 loss=26.75614082813263 epoch=33 and step=40
2026-04-27 09:22:44,728 - SplitNNClient - INFO - 22652 - phase=train acc=0.7814453125 loss=26.11432832479477 epoch=33 and step=40
2026-04-27 09:22:44,772 - SplitNNClient - INFO - 24884 - phase=train acc=0.787890625 loss=24.783632189035416 epoch=33 and step=40
2026-04-27 09:22:47,018 - SplitNNClient - INFO - 16632 - phase=train acc=0.76828125 loss=33.19066607952118 epoch=33 and step=50
2026-04-27 09:22:47,185 - SplitNNClient - INFO - 22652 - phase=train acc=0.78625 loss=32.25693890452385 epoch=33 and step=50
2026-04-27 09:22:47,350 - SplitNNClient - INFO - 24884 - phase=train acc=0.7896875 loss=30.642355114221573 epoch=33 and step=50
2026-04-27 09:22:49,499 - SplitNNClient - INFO - 16632 - phase=train acc=0.7692708333333333 loss=39.59158331155777 epoch=33 and step=60
2026-04-27 09:22:49,642 - SplitNNClient - INFO - 22652 - phase=train acc=0.790234375 loss=37.86222305893898 epoch=33 and step=60
2026-04-27 09:22:49,836 - SplitNNClient - INFO - 24884 - phase=train acc=0.793359375 loss=36.306010752916336 epoch=33 and step=60
2026-04-27 09:22:52,013 - SplitNNClient - INFO - 16632 - phase=train acc=0.7722098214285714 loss=45.561964601278305 epoch=33 and step=70
2026-04-27 09:22:52,241 - SplitNNClient - INFO - 22652 - phase=train acc=0.78828125 loss=44.272087782621384 epoch=33 and step=70
2026-04-27 09:22:52,346 - SplitNNClient - INFO - 24884 - phase=train acc=0.7948660714285715 loss=42.08677563071251 epoch=33 and step=70
2026-04-27 09:22:54,494 - SplitNNClient - INFO - 16632 - phase=train acc=0.77373046875 loss=51.8632877767086 epoch=33 and step=80
2026-04-27 09:22:54,725 - SplitNNClient - INFO - 22652 - phase=train acc=0.7875 loss=50.53116312623024 epoch=33 and step=80
2026-04-27 09:22:54,859 - SplitNNClient - INFO - 24884 - phase=train acc=0.79541015625 loss=48.080851674079895 epoch=33 and step=80
2026-04-27 09:22:56,844 - SplitNNClient - INFO - 22652 - phase=train acc=0.7890625 loss=56.51678889989853 epoch=33 and step=90
2026-04-27 09:22:57,110 - SplitNNClient - INFO - 24884 - phase=train acc=0.7979166666666667 loss=53.430340230464935 epoch=33 and step=90
2026-04-27 09:22:58,929 - SplitNNClient - INFO - 22652 - phase=train acc=0.792109375 loss=62.26596516370773 epoch=33 and step=100
2026-04-27 09:22:59,218 - SplitNNClient - INFO - 24884 - phase=train acc=0.7996875 loss=58.85027414560318 epoch=33 and step=100
2026-04-27 09:23:01,076 - SplitNNClient - INFO - 22652 - phase=train acc=0.7930397727272728 loss=67.99136254191399 epoch=33 and step=110
2026-04-27 09:23:01,372 - SplitNNClient - INFO - 24884 - phase=train acc=0.8 loss=64.50086498260498 epoch=33 and step=110
2026-04-27 09:23:03,156 - SplitNNClient - INFO - 22652 - phase=train acc=0.7923177083333334 loss=73.97332283854485 epoch=33 and step=120
2026-04-27 09:23:03,505 - SplitNNClient - INFO - 24884 - phase=train acc=0.799609375 loss=70.71775984764099 epoch=33 and step=120
2026-04-27 09:23:05,290 - SplitNNClient - INFO - 22652 - phase=train acc=0.7923677884615384 loss=79.96658021211624 epoch=33 and step=130
2026-04-27 09:23:05,616 - SplitNNClient - INFO - 24884 - phase=train acc=0.7978365384615385 loss=76.73907285928726 epoch=33 and step=130
2026-04-27 09:23:07,374 - SplitNNClient - INFO - 22652 - phase=train acc=0.792578125 loss=86.06759560108185 epoch=33 and step=140
2026-04-27 09:23:09,121 - SplitNNClient - INFO - 22652 - phase=train acc=0.7927604166666666 loss=92.22651225328445 epoch=33 and step=150
2026-04-27 09:23:10,667 - SplitNNClient - INFO - 22652 - phase=train acc=0.79365234375 loss=98.0387830734253 epoch=33 and step=160
2026-04-27 09:23:11,897 - FedServerManager - INFO - 25788 - get all model params ---- from rank fed_server
2026-04-27 09:23:23,452 - SplitNNClient - INFO - 24884 - phase=validation acc=0.7664 loss=51.6515237390995 epoch=33 and step=79
2026-04-27 09:23:23,495 - SplitNNClient - INFO - 16632 - phase=validation acc=0.7664 loss=51.6515237390995 epoch=33 and step=79
2026-04-27 09:23:23,544 - SplitNNClient - INFO - 22652 - phase=validation acc=0.7664 loss=51.6515237390995 epoch=33 and step=79
2026-04-27 09:23:25,880 - SplitNNClient - INFO - 22652 - phase=train acc=0.796875 loss=6.1096475422382355 epoch=34 and step=10
2026-04-27 09:23:25,953 - SplitNNClient - INFO - 24884 - phase=train acc=0.7796875 loss=6.372620671987534 epoch=34 and step=10
2026-04-27 09:23:26,052 - SplitNNClient - INFO - 16632 - phase=train acc=0.74765625 loss=7.648782193660736 epoch=34 and step=10
2026-04-27 09:23:28,255 - SplitNNClient - INFO - 22652 - phase=train acc=0.807421875 loss=11.559404462575912 epoch=34 and step=20
2026-04-27 09:23:28,321 - SplitNNClient - INFO - 24884 - phase=train acc=0.795703125 loss=11.56607648730278 epoch=34 and step=20
2026-04-27 09:23:28,392 - SplitNNClient - INFO - 16632 - phase=train acc=0.765625 loss=13.855938851833344 epoch=34 and step=20
2026-04-27 09:23:30,726 - SplitNNClient - INFO - 22652 - phase=train acc=0.8104166666666667 loss=17.43442952632904 epoch=34 and step=30
2026-04-27 09:23:30,789 - SplitNNClient - INFO - 24884 - phase=train acc=0.7953125 loss=17.578210443258286 epoch=34 and step=30
2026-04-27 09:23:30,859 - SplitNNClient - INFO - 16632 - phase=train acc=0.7692708333333333 loss=20.628565669059753 epoch=34 and step=30
2026-04-27 09:23:33,134 - SplitNNClient - INFO - 22652 - phase=train acc=0.8025390625 loss=23.85575497150421 epoch=34 and step=40
2026-04-27 09:23:33,232 - SplitNNClient - INFO - 24884 - phase=train acc=0.7966796875 loss=23.422104686498642 epoch=34 and step=40
2026-04-27 09:23:33,266 - SplitNNClient - INFO - 16632 - phase=train acc=0.7716796875 loss=26.881403505802155 epoch=34 and step=40
2026-04-27 09:23:35,494 - SplitNNClient - INFO - 22652 - phase=train acc=0.8021875 loss=29.87675040960312 epoch=34 and step=50
2026-04-27 09:23:35,594 - SplitNNClient - INFO - 24884 - phase=train acc=0.79734375 loss=29.100792407989502 epoch=34 and step=50
2026-04-27 09:23:35,635 - SplitNNClient - INFO - 16632 - phase=train acc=0.775625 loss=33.07989937067032 epoch=34 and step=50
2026-04-27 09:23:37,899 - SplitNNClient - INFO - 22652 - phase=train acc=0.802734375 loss=35.75669273734093 epoch=34 and step=60
2026-04-27 09:23:37,963 - SplitNNClient - INFO - 24884 - phase=train acc=0.80078125 loss=34.75017210841179 epoch=34 and step=60
2026-04-27 09:23:38,094 - SplitNNClient - INFO - 16632 - phase=train acc=0.7782552083333333 loss=39.197294652462006 epoch=34 and step=60
2026-04-27 09:23:40,280 - SplitNNClient - INFO - 22652 - phase=train acc=0.8010044642857143 loss=42.071114271879196 epoch=34 and step=70
2026-04-27 09:23:40,350 - SplitNNClient - INFO - 24884 - phase=train acc=0.8 loss=40.5716697871685 epoch=34 and step=70
2026-04-27 09:23:40,445 - SplitNNClient - INFO - 16632 - phase=train acc=0.7814732142857143 loss=45.00666186213493 epoch=34 and step=70
2026-04-27 09:23:42,658 - SplitNNClient - INFO - 22652 - phase=train acc=0.8005859375 loss=48.21747225522995 epoch=34 and step=80
2026-04-27 09:23:42,761 - SplitNNClient - INFO - 24884 - phase=train acc=0.800390625 loss=46.25953543186188 epoch=34 and step=80
2026-04-27 09:23:42,828 - SplitNNClient - INFO - 16632 - phase=train acc=0.78046875 loss=51.494858771562576 epoch=34 and step=80
2026-04-27 09:23:44,816 - SplitNNClient - INFO - 22652 - phase=train acc=0.8006944444444445 loss=54.10902976989746 epoch=34 and step=90
2026-04-27 09:23:44,939 - SplitNNClient - INFO - 24884 - phase=train acc=0.7991319444444445 loss=52.44431921839714 epoch=34 and step=90
2026-04-27 09:23:46,841 - SplitNNClient - INFO - 22652 - phase=train acc=0.801875 loss=59.73356577754021 epoch=34 and step=100
2026-04-27 09:23:46,966 - SplitNNClient - INFO - 24884 - phase=train acc=0.798359375 loss=58.5178807079792 epoch=34 and step=100
2026-04-27 09:23:48,961 - SplitNNClient - INFO - 22652 - phase=train acc=0.8018465909090909 loss=65.69101816415787 epoch=34 and step=110
2026-04-27 09:23:49,056 - SplitNNClient - INFO - 24884 - phase=train acc=0.7988636363636363 loss=64.24372762441635 epoch=34 and step=110
2026-04-27 09:23:51,027 - SplitNNClient - INFO - 22652 - phase=train acc=0.8024739583333333 loss=71.58640938997269 epoch=34 and step=120
2026-04-27 09:23:51,093 - SplitNNClient - INFO - 24884 - phase=train acc=0.7990234375 loss=70.22012189030647 epoch=34 and step=120
2026-04-27 09:23:53,129 - SplitNNClient - INFO - 22652 - phase=train acc=0.8024038461538462 loss=77.80999782681465 epoch=34 and step=130
2026-04-27 09:23:53,223 - SplitNNClient - INFO - 24884 - phase=train acc=0.7974759615384616 loss=76.76123788952827 epoch=34 and step=130
2026-04-27 09:23:55,210 - SplitNNClient - INFO - 22652 - phase=train acc=0.8017857142857143 loss=83.91604289412498 epoch=34 and step=140
2026-04-27 09:23:56,795 - SplitNNClient - INFO - 22652 - phase=train acc=0.8021354166666667 loss=89.71204403042793 epoch=34 and step=150
2026-04-27 09:23:58,378 - SplitNNClient - INFO - 22652 - phase=train acc=0.80185546875 loss=95.39723938703537 epoch=34 and step=160
2026-04-27 09:23:59,515 - FedServerManager - INFO - 25788 - get all model params ---- from rank fed_server
2026-04-27 09:24:11,169 - SplitNNClient - INFO - 16632 - phase=validation acc=0.7763 loss=48.67186480760574 epoch=34 and step=79
2026-04-27 09:24:11,272 - SplitNNClient - INFO - 24884 - phase=validation acc=0.7763 loss=48.67186480760574 epoch=34 and step=79
2026-04-27 09:24:11,373 - SplitNNClient - INFO - 22652 - phase=validation acc=0.7763 loss=48.67186480760574 epoch=34 and step=79
2026-04-27 09:24:13,681 - SplitNNClient - INFO - 24884 - phase=train acc=0.78671875 loss=5.996347546577454 epoch=35 and step=10
2026-04-27 09:24:13,753 - SplitNNClient - INFO - 16632 - phase=train acc=0.753125 loss=7.154109746217728 epoch=35 and step=10
2026-04-27 09:24:13,856 - SplitNNClient - INFO - 22652 - phase=train acc=0.80625 loss=6.130956798791885 epoch=35 and step=10
2026-04-27 09:24:16,056 - SplitNNClient - INFO - 24884 - phase=train acc=0.802734375 loss=11.288445204496384 epoch=35 and step=20
2026-04-27 09:24:16,156 - SplitNNClient - INFO - 16632 - phase=train acc=0.75390625 loss=14.216653496026993 epoch=35 and step=20
2026-04-27 09:24:16,227 - SplitNNClient - INFO - 22652 - phase=train acc=0.79609375 loss=12.485614776611328 epoch=35 and step=20
2026-04-27 09:24:18,585 - SplitNNClient - INFO - 24884 - phase=train acc=0.7984375 loss=17.554186552762985 epoch=35 and step=30
2026-04-27 09:24:18,628 - SplitNNClient - INFO - 16632 - phase=train acc=0.765625 loss=20.392784029245377 epoch=35 and step=30
2026-04-27 09:24:18,789 - SplitNNClient - INFO - 22652 - phase=train acc=0.7869791666666667 loss=18.818748235702515 epoch=35 and step=30
2026-04-27 09:24:21,064 - SplitNNClient - INFO - 24884 - phase=train acc=0.7984375 loss=23.43912982940674 epoch=35 and step=40
2026-04-27 09:24:21,130 - SplitNNClient - INFO - 16632 - phase=train acc=0.771875 loss=26.4184111058712 epoch=35 and step=40
2026-04-27 09:24:21,229 - SplitNNClient - INFO - 22652 - phase=train acc=0.7884765625 loss=24.875613778829575 epoch=35 and step=40
2026-04-27 09:24:23,475 - SplitNNClient - INFO - 24884 - phase=train acc=0.80390625 loss=28.800511747598648 epoch=35 and step=50
2026-04-27 09:24:23,574 - SplitNNClient - INFO - 16632 - phase=train acc=0.7759375 loss=32.45033547282219 epoch=35 and step=50
2026-04-27 09:24:23,639 - SplitNNClient - INFO - 22652 - phase=train acc=0.7925 loss=30.500392019748688 epoch=35 and step=50
2026-04-27 09:24:25,969 - SplitNNClient - INFO - 24884 - phase=train acc=0.8067708333333333 loss=34.386421263217926 epoch=35 and step=60
2026-04-27 09:24:26,043 - SplitNNClient - INFO - 16632 - phase=train acc=0.7794270833333333 loss=38.354276925325394 epoch=35 and step=60
2026-04-27 09:24:26,086 - SplitNNClient - INFO - 22652 - phase=train acc=0.7947916666666667 loss=36.172546952962875 epoch=35 and step=60
2026-04-27 09:24:28,370 - SplitNNClient - INFO - 24884 - phase=train acc=0.8090401785714286 loss=39.72319304943085 epoch=35 and step=70
2026-04-27 09:24:28,472 - SplitNNClient - INFO - 16632 - phase=train acc=0.7833705357142857 loss=43.847295701503754 epoch=35 and step=70
2026-04-27 09:24:28,511 - SplitNNClient - INFO - 22652 - phase=train acc=0.79453125 loss=42.474277943372726 epoch=35 and step=70
2026-04-27 09:24:30,794 - SplitNNClient - INFO - 24884 - phase=train acc=0.81220703125 loss=44.78351202607155 epoch=35 and step=80
2026-04-27 09:24:30,886 - SplitNNClient - INFO - 16632 - phase=train acc=0.78603515625 loss=49.49339973926544 epoch=35 and step=80
2026-04-27 09:24:30,959 - SplitNNClient - INFO - 22652 - phase=train acc=0.79521484375 loss=48.2350369989872 epoch=35 and step=80
2026-04-27 09:24:32,987 - SplitNNClient - INFO - 24884 - phase=train acc=0.8121527777777777 loss=50.111861795187 epoch=35 and step=90
2026-04-27 09:24:33,121 - SplitNNClient - INFO - 22652 - phase=train acc=0.7951388888888888 loss=54.03465220332146 epoch=35 and step=90
2026-04-27 09:24:35,058 - SplitNNClient - INFO - 24884 - phase=train acc=0.812421875 loss=55.895799577236176 epoch=35 and step=100
2026-04-27 09:24:35,154 - SplitNNClient - INFO - 22652 - phase=train acc=0.795703125 loss=59.70781967043877 epoch=35 and step=100
2026-04-27 09:24:37,167 - SplitNNClient - INFO - 24884 - phase=train acc=0.8119318181818181 loss=61.68147853016853 epoch=35 and step=110
2026-04-27 09:24:37,261 - SplitNNClient - INFO - 22652 - phase=train acc=0.7949573863636363 loss=66.0824684202671 epoch=35 and step=110
2026-04-27 09:24:39,284 - SplitNNClient - INFO - 24884 - phase=train acc=0.8102864583333333 loss=67.53127327561378 epoch=35 and step=120
2026-04-27 09:24:39,327 - SplitNNClient - INFO - 22652 - phase=train acc=0.79375 loss=72.64015874266624 epoch=35 and step=120
2026-04-27 09:24:41,341 - SplitNNClient - INFO - 24884 - phase=train acc=0.8107572115384616 loss=73.15358275175095 epoch=35 and step=130
2026-04-27 09:24:41,382 - SplitNNClient - INFO - 22652 - phase=train acc=0.7939302884615385 loss=78.73410329222679 epoch=35 and step=130
2026-04-27 09:24:43,390 - SplitNNClient - INFO - 22652 - phase=train acc=0.7940290178571429 loss=84.98358178138733 epoch=35 and step=140
2026-04-27 09:24:45,062 - SplitNNClient - INFO - 22652 - phase=train acc=0.7927604166666666 loss=91.41859447956085 epoch=35 and step=150
2026-04-27 09:24:46,763 - SplitNNClient - INFO - 22652 - phase=train acc=0.793408203125 loss=97.20974430441856 epoch=35 and step=160
2026-04-27 09:24:48,065 - FedServerManager - INFO - 25788 - get all model params ---- from rank fed_server
2026-04-27 09:24:59,636 - SplitNNClient - INFO - 22652 - phase=validation acc=0.7764 loss=50.11844205856323 epoch=35 and step=79
2026-04-27 09:24:59,679 - SplitNNClient - INFO - 16632 - phase=validation acc=0.7764 loss=50.11844205856323 epoch=35 and step=79
2026-04-27 09:24:59,736 - SplitNNClient - INFO - 24884 - phase=validation acc=0.7764 loss=50.11844205856323 epoch=35 and step=79
2026-04-27 09:25:02,032 - SplitNNClient - INFO - 22652 - phase=train acc=0.7796875 loss=6.553013771772385 epoch=36 and step=10
2026-04-27 09:25:02,132 - SplitNNClient - INFO - 24884 - phase=train acc=0.80546875 loss=5.6819232404232025 epoch=36 and step=10
2026-04-27 09:25:02,228 - SplitNNClient - INFO - 16632 - phase=train acc=0.73984375 loss=7.525227427482605 epoch=36 and step=10
2026-04-27 09:25:04,480 - SplitNNClient - INFO - 22652 - phase=train acc=0.792578125 loss=12.19083622097969 epoch=36 and step=20
2026-04-27 09:25:04,582 - SplitNNClient - INFO - 24884 - phase=train acc=0.7953125 loss=11.818598121404648 epoch=36 and step=20
2026-04-27 09:25:04,648 - SplitNNClient - INFO - 16632 - phase=train acc=0.762890625 loss=14.129069179296494 epoch=36 and step=20
2026-04-27 09:25:06,938 - SplitNNClient - INFO - 22652 - phase=train acc=0.7927083333333333 loss=18.04279586672783 epoch=36 and step=30
2026-04-27 09:25:07,005 - SplitNNClient - INFO - 24884 - phase=train acc=0.8028645833333333 loss=17.3521631360054 epoch=36 and step=30
2026-04-27 09:25:07,107 - SplitNNClient - INFO - 16632 - phase=train acc=0.7744791666666667 loss=20.228601545095444 epoch=36 and step=30
2026-04-27 09:25:09,426 - SplitNNClient - INFO - 22652 - phase=train acc=0.7974609375 loss=23.7313911318779 epoch=36 and step=40
2026-04-27 09:25:09,468 - SplitNNClient - INFO - 24884 - phase=train acc=0.79921875 loss=23.452859342098236 epoch=36 and step=40
2026-04-27 09:25:09,535 - SplitNNClient - INFO - 16632 - phase=train acc=0.7861328125 loss=25.420707285404205 epoch=36 and step=40
2026-04-27 09:25:11,841 - SplitNNClient - INFO - 22652 - phase=train acc=0.79859375 loss=29.414219558238983 epoch=36 and step=50
2026-04-27 09:25:11,943 - SplitNNClient - INFO - 24884 - phase=train acc=0.79890625 loss=29.516446143388748 epoch=36 and step=50
2026-04-27 09:25:12,015 - SplitNNClient - INFO - 16632 - phase=train acc=0.78890625 loss=31.371580004692078 epoch=36 and step=50
2026-04-27 09:25:14,283 - SplitNNClient - INFO - 22652 - phase=train acc=0.8036458333333333 loss=34.49736604094505 epoch=36 and step=60
2026-04-27 09:25:14,326 - SplitNNClient - INFO - 24884 - phase=train acc=0.8024739583333333 loss=35.057457119226456 epoch=36 and step=60
2026-04-27 09:25:14,398 - SplitNNClient - INFO - 16632 - phase=train acc=0.7864583333333334 loss=37.71407198905945 epoch=36 and step=60
2026-04-27 09:25:16,766 - SplitNNClient - INFO - 22652 - phase=train acc=0.8033482142857142 loss=39.98837819695473 epoch=36 and step=70
2026-04-27 09:25:16,837 - SplitNNClient - INFO - 16632 - phase=train acc=0.7885044642857143 loss=43.621555387973785 epoch=36 and step=70
2026-04-27 09:25:16,913 - SplitNNClient - INFO - 24884 - phase=train acc=0.8050223214285714 loss=40.52719023823738 epoch=36 and step=70
2026-04-27 09:25:19,263 - SplitNNClient - INFO - 22652 - phase=train acc=0.802734375 loss=45.90567925572395 epoch=36 and step=80
2026-04-27 09:25:19,333 - SplitNNClient - INFO - 16632 - phase=train acc=0.7880859375 loss=49.70389527082443 epoch=36 and step=80
2026-04-27 09:25:19,429 - SplitNNClient - INFO - 24884 - phase=train acc=0.806640625 loss=45.65301635861397 epoch=36 and step=80
2026-04-27 09:25:21,389 - SplitNNClient - INFO - 22652 - phase=train acc=0.8040798611111111 loss=51.46267285943031 epoch=36 and step=90
2026-04-27 09:25:21,657 - SplitNNClient - INFO - 24884 - phase=train acc=0.8076388888888889 loss=51.08759704232216 epoch=36 and step=90
2026-04-27 09:25:23,418 - SplitNNClient - INFO - 22652 - phase=train acc=0.80359375 loss=57.273047894239426 epoch=36 and step=100
2026-04-27 09:25:23,686 - SplitNNClient - INFO - 24884 - phase=train acc=0.807734375 loss=56.66113206744194 epoch=36 and step=100
2026-04-27 09:25:25,591 - SplitNNClient - INFO - 22652 - phase=train acc=0.8036221590909091 loss=63.106025487184525 epoch=36 and step=110
2026-04-27 09:25:25,890 - SplitNNClient - INFO - 24884 - phase=train acc=0.8096590909090909 loss=61.850671619176865 epoch=36 and step=110
2026-04-27 09:25:27,760 - SplitNNClient - INFO - 22652 - phase=train acc=0.8027994791666667 loss=69.19171729683876 epoch=36 and step=120
2026-04-27 09:25:28,049 - SplitNNClient - INFO - 24884 - phase=train acc=0.8108072916666667 loss=67.35705479979515 epoch=36 and step=120
2026-04-27 09:25:29,868 - SplitNNClient - INFO - 22652 - phase=train acc=0.8036057692307692 loss=74.94957134127617 epoch=36 and step=130
2026-04-27 09:25:30,098 - SplitNNClient - INFO - 24884 - phase=train acc=0.8094951923076923 loss=73.24860492348671 epoch=36 and step=130
2026-04-27 09:25:31,931 - SplitNNClient - INFO - 22652 - phase=train acc=0.80546875 loss=80.16267195343971 epoch=36 and step=140
2026-04-27 09:25:33,605 - SplitNNClient - INFO - 22652 - phase=train acc=0.80625 loss=85.76098677515984 epoch=36 and step=150
2026-04-27 09:25:35,160 - SplitNNClient - INFO - 22652 - phase=train acc=0.80556640625 loss=91.78860852122307 epoch=36 and step=160
2026-04-27 09:25:36,428 - FedServerManager - INFO - 25788 - get all model params ---- from rank fed_server
2026-04-27 09:25:48,053 - SplitNNClient - INFO - 16632 - phase=validation acc=0.775 loss=49.03412425518036 epoch=36 and step=79
2026-04-27 09:25:48,096 - SplitNNClient - INFO - 22652 - phase=validation acc=0.775 loss=49.03412425518036 epoch=36 and step=79
2026-04-27 09:25:48,155 - SplitNNClient - INFO - 24884 - phase=validation acc=0.775 loss=49.03412425518036 epoch=36 and step=79
2026-04-27 09:25:50,536 - SplitNNClient - INFO - 24884 - phase=train acc=0.8015625 loss=6.044628322124481 epoch=37 and step=10
2026-04-27 09:25:50,605 - SplitNNClient - INFO - 16632 - phase=train acc=0.746875 loss=7.530803799629211 epoch=37 and step=10
2026-04-27 09:25:50,672 - SplitNNClient - INFO - 22652 - phase=train acc=0.79140625 loss=6.092398226261139 epoch=37 and step=10
2026-04-27 09:25:52,954 - SplitNNClient - INFO - 24884 - phase=train acc=0.802734375 loss=11.986093521118164 epoch=37 and step=20
2026-04-27 09:25:53,026 - SplitNNClient - INFO - 16632 - phase=train acc=0.768359375 loss=13.690671980381012 epoch=37 and step=20
2026-04-27 09:25:53,152 - SplitNNClient - INFO - 22652 - phase=train acc=0.809375 loss=11.187419652938843 epoch=37 and step=20
2026-04-27 09:25:55,385 - SplitNNClient - INFO - 24884 - phase=train acc=0.8059895833333334 loss=17.9590123295784 epoch=37 and step=30
2026-04-27 09:25:55,421 - SplitNNClient - INFO - 16632 - phase=train acc=0.7783854166666667 loss=19.737427800893784 epoch=37 and step=30
2026-04-27 09:25:55,578 - SplitNNClient - INFO - 22652 - phase=train acc=0.8114583333333333 loss=16.51167392730713 epoch=37 and step=30
2026-04-27 09:25:57,840 - SplitNNClient - INFO - 24884 - phase=train acc=0.8103515625 loss=23.24859881401062 epoch=37 and step=40
2026-04-27 09:25:58,014 - SplitNNClient - INFO - 16632 - phase=train acc=0.786328125 loss=25.3524808883667 epoch=37 and step=40
2026-04-27 09:25:58,089 - SplitNNClient - INFO - 22652 - phase=train acc=0.812109375 loss=22.20081651210785 epoch=37 and step=40
2026-04-27 09:26:00,404 - SplitNNClient - INFO - 24884 - phase=train acc=0.81046875 loss=28.898243844509125 epoch=37 and step=50
2026-04-27 09:26:00,470 - SplitNNClient - INFO - 16632 - phase=train acc=0.789375 loss=31.268803894519806 epoch=37 and step=50
2026-04-27 09:26:00,537 - SplitNNClient - INFO - 22652 - phase=train acc=0.80984375 loss=28.402160733938217 epoch=37 and step=50
2026-04-27 09:26:02,854 - SplitNNClient - INFO - 24884 - phase=train acc=0.8134114583333333 loss=34.032171845436096 epoch=37 and step=60
2026-04-27 09:26:02,923 - SplitNNClient - INFO - 16632 - phase=train acc=0.788671875 loss=37.42841029167175 epoch=37 and step=60
2026-04-27 09:26:02,960 - SplitNNClient - INFO - 22652 - phase=train acc=0.8143229166666667 loss=33.53205183148384 epoch=37 and step=60
2026-04-27 09:26:05,302 - SplitNNClient - INFO - 24884 - phase=train acc=0.8143973214285715 loss=39.31521278619766 epoch=37 and step=70
2026-04-27 09:26:05,370 - SplitNNClient - INFO - 16632 - phase=train acc=0.7891741071428572 loss=43.376477897167206 epoch=37 and step=70
2026-04-27 09:26:05,470 - SplitNNClient - INFO - 22652 - phase=train acc=0.8131696428571429 loss=39.16400530934334 epoch=37 and step=70
2026-04-27 09:26:07,702 - SplitNNClient - INFO - 24884 - phase=train acc=0.81630859375 loss=44.472014248371124 epoch=37 and step=80
2026-04-27 09:26:07,816 - SplitNNClient - INFO - 16632 - phase=train acc=0.79345703125 loss=48.75515776872635 epoch=37 and step=80
2026-04-27 09:26:07,980 - SplitNNClient - INFO - 22652 - phase=train acc=0.81171875 loss=45.19186380505562 epoch=37 and step=80
2026-04-27 09:26:09,939 - SplitNNClient - INFO - 24884 - phase=train acc=0.8140625 loss=50.18903824687004 epoch=37 and step=90
2026-04-27 09:26:10,264 - SplitNNClient - INFO - 22652 - phase=train acc=0.8114583333333333 loss=50.76411536335945 epoch=37 and step=90
2026-04-27 09:26:11,994 - SplitNNClient - INFO - 24884 - phase=train acc=0.813984375 loss=55.7645024061203 epoch=37 and step=100
2026-04-27 09:26:12,347 - SplitNNClient - INFO - 22652 - phase=train acc=0.812578125 loss=56.37480774521828 epoch=37 and step=100
2026-04-27 09:26:14,143 - SplitNNClient - INFO - 24884 - phase=train acc=0.8134232954545455 loss=61.264931350946426 epoch=37 and step=110
2026-04-27 09:26:14,376 - SplitNNClient - INFO - 22652 - phase=train acc=0.8115056818181818 loss=62.046637773513794 epoch=37 and step=110
2026-04-27 09:26:16,287 - SplitNNClient - INFO - 24884 - phase=train acc=0.8137369791666667 loss=66.75783833861351 epoch=37 and step=120
2026-04-27 09:26:16,446 - SplitNNClient - INFO - 22652 - phase=train acc=0.8106770833333333 loss=68.00302881002426 epoch=37 and step=120
2026-04-27 09:26:18,376 - SplitNNClient - INFO - 24884 - phase=train acc=0.8131610576923077 loss=72.22736522555351 epoch=37 and step=130
2026-04-27 09:26:18,447 - SplitNNClient - INFO - 22652 - phase=train acc=0.8091947115384616 loss=73.90180569887161 epoch=37 and step=130
2026-04-27 09:26:20,487 - SplitNNClient - INFO - 22652 - phase=train acc=0.8084821428571428 loss=79.99287593364716 epoch=37 and step=140
2026-04-27 09:26:22,103 - SplitNNClient - INFO - 22652 - phase=train acc=0.8081770833333334 loss=85.32805383205414 epoch=37 and step=150
2026-04-27 09:26:23,773 - SplitNNClient - INFO - 22652 - phase=train acc=0.807470703125 loss=91.07725057005882 epoch=37 and step=160
2026-04-27 09:26:25,132 - FedServerManager - INFO - 25788 - get all model params ---- from rank fed_server
2026-04-27 09:26:36,693 - SplitNNClient - INFO - 16632 - phase=validation acc=0.7834 loss=48.229771822690964 epoch=37 and step=79
2026-04-27 09:26:36,747 - SplitNNClient - INFO - 22652 - phase=validation acc=0.7834 loss=48.229771822690964 epoch=37 and step=79
2026-04-27 09:26:36,790 - SplitNNClient - INFO - 24884 - phase=validation acc=0.7834 loss=48.229771822690964 epoch=37 and step=79
2026-04-27 09:26:39,077 - SplitNNClient - INFO - 24884 - phase=train acc=0.7734375 loss=6.330669581890106 epoch=38 and step=10
2026-04-27 09:26:39,173 - SplitNNClient - INFO - 22652 - phase=train acc=0.79296875 loss=6.184097856283188 epoch=38 and step=10
2026-04-27 09:26:39,243 - SplitNNClient - INFO - 16632 - phase=train acc=0.7625 loss=6.932237058877945 epoch=38 and step=10
2026-04-27 09:26:41,496 - SplitNNClient - INFO - 24884 - phase=train acc=0.794921875 loss=11.833109140396118 epoch=38 and step=20
2026-04-27 09:26:41,591 - SplitNNClient - INFO - 22652 - phase=train acc=0.7984375 loss=12.089924454689026 epoch=38 and step=20
2026-04-27 09:26:41,659 - SplitNNClient - INFO - 16632 - phase=train acc=0.772265625 loss=13.106028407812119 epoch=38 and step=20
2026-04-27 09:26:43,900 - SplitNNClient - INFO - 24884 - phase=train acc=0.8 loss=17.32755810022354 epoch=38 and step=30
2026-04-27 09:26:43,996 - SplitNNClient - INFO - 22652 - phase=train acc=0.803125 loss=17.722775638103485 epoch=38 and step=30
2026-04-27 09:26:44,064 - SplitNNClient - INFO - 16632 - phase=train acc=0.7755208333333333 loss=19.353581219911575 epoch=38 and step=30
2026-04-27 09:26:46,302 - SplitNNClient - INFO - 24884 - phase=train acc=0.801171875 loss=23.063053727149963 epoch=38 and step=40
2026-04-27 09:26:46,401 - SplitNNClient - INFO - 22652 - phase=train acc=0.8025390625 loss=23.458073794841766 epoch=38 and step=40
2026-04-27 09:26:46,469 - SplitNNClient - INFO - 16632 - phase=train acc=0.7853515625 loss=24.84894585609436 epoch=38 and step=40
2026-04-27 09:26:48,763 - SplitNNClient - INFO - 24884 - phase=train acc=0.80546875 loss=28.70854389667511 epoch=38 and step=50
2026-04-27 09:26:48,832 - SplitNNClient - INFO - 22652 - phase=train acc=0.80609375 loss=28.92386046051979 epoch=38 and step=50
2026-04-27 09:26:48,929 - SplitNNClient - INFO - 16632 - phase=train acc=0.78625 loss=30.863655775785446 epoch=38 and step=50
2026-04-27 09:26:51,113 - SplitNNClient - INFO - 24884 - phase=train acc=0.8126302083333333 loss=33.648800909519196 epoch=38 and step=60
2026-04-27 09:26:51,208 - SplitNNClient - INFO - 22652 - phase=train acc=0.8080729166666667 loss=34.304057866334915 epoch=38 and step=60
2026-04-27 09:26:51,304 - SplitNNClient - INFO - 16632 - phase=train acc=0.787890625 loss=36.75653088092804 epoch=38 and step=60
2026-04-27 09:26:53,519 - SplitNNClient - INFO - 24884 - phase=train acc=0.8143973214285715 loss=38.888508170843124 epoch=38 and step=70
2026-04-27 09:26:53,556 - SplitNNClient - INFO - 22652 - phase=train acc=0.8094866071428571 loss=39.82716557383537 epoch=38 and step=70
2026-04-27 09:26:53,653 - SplitNNClient - INFO - 16632 - phase=train acc=0.7935267857142857 loss=41.717365860939026 epoch=38 and step=70
2026-04-27 09:26:55,867 - SplitNNClient - INFO - 22652 - phase=train acc=0.81064453125 loss=45.22762969136238 epoch=38 and step=80
2026-04-27 09:26:55,936 - SplitNNClient - INFO - 24884 - phase=train acc=0.81484375 loss=44.347666680812836 epoch=38 and step=80
2026-04-27 09:26:56,007 - SplitNNClient - INFO - 16632 - phase=train acc=0.79609375 loss=47.15960705280304 epoch=38 and step=80
2026-04-27 09:26:58,052 - SplitNNClient - INFO - 22652 - phase=train acc=0.8086805555555555 loss=51.437097400426865 epoch=38 and step=90
2026-04-27 09:26:58,155 - SplitNNClient - INFO - 24884 - phase=train acc=0.8168402777777778 loss=49.37442788481712 epoch=38 and step=90
2026-04-27 09:27:00,122 - SplitNNClient - INFO - 22652 - phase=train acc=0.8075 loss=57.34760940074921 epoch=38 and step=100
2026-04-27 09:27:00,193 - SplitNNClient - INFO - 24884 - phase=train acc=0.8171875 loss=54.57767143845558 epoch=38 and step=100
2026-04-27 09:27:02,173 - SplitNNClient - INFO - 22652 - phase=train acc=0.8074573863636364 loss=63.133643716573715 epoch=38 and step=110
2026-04-27 09:27:02,210 - SplitNNClient - INFO - 24884 - phase=train acc=0.8171164772727273 loss=59.764652878046036 epoch=38 and step=110
2026-04-27 09:27:04,199 - SplitNNClient - INFO - 22652 - phase=train acc=0.8095703125 loss=68.11017373204231 epoch=38 and step=120
2026-04-27 09:27:04,237 - SplitNNClient - INFO - 24884 - phase=train acc=0.8163411458333333 loss=65.31233555078506 epoch=38 and step=120
2026-04-27 09:27:06,257 - SplitNNClient - INFO - 22652 - phase=train acc=0.8080528846153846 loss=74.47818917036057 epoch=38 and step=130
2026-04-27 09:27:06,293 - SplitNNClient - INFO - 24884 - phase=train acc=0.8165264423076923 loss=70.70614856481552 epoch=38 and step=130
2026-04-27 09:27:08,247 - SplitNNClient - INFO - 22652 - phase=train acc=0.807421875 loss=80.04268461465836 epoch=38 and step=140
2026-04-27 09:27:10,086 - SplitNNClient - INFO - 22652 - phase=train acc=0.8066666666666666 loss=85.94113633036613 epoch=38 and step=150
2026-04-27 09:27:11,667 - SplitNNClient - INFO - 22652 - phase=train acc=0.807421875 loss=91.24342820048332 epoch=38 and step=160
2026-04-27 09:27:12,940 - FedServerManager - INFO - 25788 - get all model params ---- from rank fed_server
2026-04-27 09:27:24,601 - SplitNNClient - INFO - 16632 - phase=validation acc=0.7791 loss=49.72637063264847 epoch=38 and step=79
2026-04-27 09:27:24,644 - SplitNNClient - INFO - 24884 - phase=validation acc=0.7791 loss=49.72637063264847 epoch=38 and step=79
2026-04-27 09:27:24,695 - SplitNNClient - INFO - 22652 - phase=validation acc=0.7791 loss=49.72637063264847 epoch=38 and step=79
2026-04-27 09:27:26,993 - SplitNNClient - INFO - 16632 - phase=train acc=0.77421875 loss=6.663223594427109 epoch=39 and step=10
2026-04-27 09:27:27,094 - SplitNNClient - INFO - 22652 - phase=train acc=0.79921875 loss=5.716314107179642 epoch=39 and step=10
2026-04-27 09:27:27,164 - SplitNNClient - INFO - 24884 - phase=train acc=0.7953125 loss=6.047133356332779 epoch=39 and step=10
2026-04-27 09:27:29,453 - SplitNNClient - INFO - 22652 - phase=train acc=0.816015625 loss=10.895828604698181 epoch=39 and step=20
2026-04-27 09:27:29,493 - SplitNNClient - INFO - 16632 - phase=train acc=0.787890625 loss=12.569156169891357 epoch=39 and step=20
2026-04-27 09:27:29,555 - SplitNNClient - INFO - 24884 - phase=train acc=0.80625 loss=11.308738350868225 epoch=39 and step=20
2026-04-27 09:27:31,850 - SplitNNClient - INFO - 22652 - phase=train acc=0.8171875 loss=16.421692192554474 epoch=39 and step=30
2026-04-27 09:27:31,917 - SplitNNClient - INFO - 16632 - phase=train acc=0.79140625 loss=18.610784590244293 epoch=39 and step=30
2026-04-27 09:27:31,984 - SplitNNClient - INFO - 24884 - phase=train acc=0.8122395833333333 loss=16.71457549929619 epoch=39 and step=30
2026-04-27 09:27:34,246 - SplitNNClient - INFO - 22652 - phase=train acc=0.817578125 loss=22.00270602107048 epoch=39 and step=40
2026-04-27 09:27:34,318 - SplitNNClient - INFO - 24884 - phase=train acc=0.81484375 loss=22.12001097202301 epoch=39 and step=40
2026-04-27 09:27:34,411 - SplitNNClient - INFO - 16632 - phase=train acc=0.7943359375 loss=24.49731433391571 epoch=39 and step=40
2026-04-27 09:27:36,651 - SplitNNClient - INFO - 22652 - phase=train acc=0.8146875 loss=27.820287495851517 epoch=39 and step=50
2026-04-27 09:27:36,720 - SplitNNClient - INFO - 24884 - phase=train acc=0.81359375 loss=27.439255595207214 epoch=39 and step=50
2026-04-27 09:27:36,789 - SplitNNClient - INFO - 16632 - phase=train acc=0.7971875 loss=29.944098353385925 epoch=39 and step=50
2026-04-27 09:27:39,137 - SplitNNClient - INFO - 22652 - phase=train acc=0.810546875 loss=33.67536583542824 epoch=39 and step=60
2026-04-27 09:27:39,180 - SplitNNClient - INFO - 24884 - phase=train acc=0.8162760416666667 loss=32.7281976044178 epoch=39 and step=60
2026-04-27 09:27:39,215 - SplitNNClient - INFO - 16632 - phase=train acc=0.8022135416666667 loss=35.0403191447258 epoch=39 and step=60
2026-04-27 09:27:41,521 - SplitNNClient - INFO - 22652 - phase=train acc=0.8114955357142857 loss=39.081218510866165 epoch=39 and step=70
2026-04-27 09:27:41,625 - SplitNNClient - INFO - 24884 - phase=train acc=0.8185267857142857 loss=37.807783365249634 epoch=39 and step=70
2026-04-27 09:27:41,661 - SplitNNClient - INFO - 16632 - phase=train acc=0.8040178571428571 loss=40.34667158126831 epoch=39 and step=70
2026-04-27 09:27:43,957 - SplitNNClient - INFO - 22652 - phase=train acc=0.81396484375 loss=44.05977648496628 epoch=39 and step=80
2026-04-27 09:27:44,028 - SplitNNClient - INFO - 24884 - phase=train acc=0.8189453125 loss=43.27257490158081 epoch=39 and step=80
2026-04-27 09:27:44,129 - SplitNNClient - INFO - 16632 - phase=train acc=0.803125 loss=46.31276822090149 epoch=39 and step=80
2026-04-27 09:27:46,174 - SplitNNClient - INFO - 22652 - phase=train acc=0.8139756944444444 loss=49.48527270555496 epoch=39 and step=90
2026-04-27 09:27:46,334 - SplitNNClient - INFO - 24884 - phase=train acc=0.8152777777777778 loss=49.41077196598053 epoch=39 and step=90
2026-04-27 09:27:48,259 - SplitNNClient - INFO - 22652 - phase=train acc=0.8153125 loss=54.79502612352371 epoch=39 and step=100
2026-04-27 09:27:48,393 - SplitNNClient - INFO - 24884 - phase=train acc=0.816015625 loss=54.60636419057846 epoch=39 and step=100
2026-04-27 09:27:50,342 - SplitNNClient - INFO - 22652 - phase=train acc=0.8156960227272727 loss=59.99521788954735 epoch=39 and step=110
2026-04-27 09:27:50,383 - SplitNNClient - INFO - 24884 - phase=train acc=0.8159090909090909 loss=60.32807555794716 epoch=39 and step=110
2026-04-27 09:27:52,462 - SplitNNClient - INFO - 22652 - phase=train acc=0.8149088541666667 loss=65.62400472164154 epoch=39 and step=120
2026-04-27 09:27:52,525 - SplitNNClient - INFO - 24884 - phase=train acc=0.81640625 loss=65.6175104379654 epoch=39 and step=120
2026-04-27 09:27:54,635 - SplitNNClient - INFO - 22652 - phase=train acc=0.8141826923076924 loss=71.14855986833572 epoch=39 and step=130
2026-04-27 09:27:54,708 - SplitNNClient - INFO - 24884 - phase=train acc=0.8165264423076923 loss=70.81177186965942 epoch=39 and step=130
2026-04-27 09:27:56,695 - SplitNNClient - INFO - 22652 - phase=train acc=0.8140625 loss=76.41568857431412 epoch=39 and step=140
2026-04-27 09:27:58,528 - SplitNNClient - INFO - 22652 - phase=train acc=0.81234375 loss=82.52090182900429 epoch=39 and step=150
2026-04-27 09:28:00,233 - SplitNNClient - INFO - 22652 - phase=train acc=0.81171875 loss=88.23305815458298 epoch=39 and step=160
2026-04-27 09:28:01,565 - FedServerManager - INFO - 25788 - get all model params ---- from rank fed_server
2026-04-27 09:28:13,064 - SplitNNClient - INFO - 22652 - phase=validation acc=0.7827 loss=48.339796990156174 epoch=39 and step=79
2026-04-27 09:28:13,119 - SplitNNClient - INFO - 16632 - phase=validation acc=0.7827 loss=48.339796990156174 epoch=39 and step=79
2026-04-27 09:28:13,162 - SplitNNClient - INFO - 24884 - phase=validation acc=0.7827 loss=48.339796990156174 epoch=39 and step=79
2026-04-27 09:28:15,689 - SplitNNClient - INFO - 22652 - phase=train acc=0.821875 loss=5.643907934427261 epoch=40 and step=10
2026-04-27 09:28:15,761 - SplitNNClient - INFO - 24884 - phase=train acc=0.79453125 loss=5.879935324192047 epoch=40 and step=10
2026-04-27 09:28:15,862 - SplitNNClient - INFO - 16632 - phase=train acc=0.7625 loss=6.9474164843559265 epoch=40 and step=10
2026-04-27 09:28:18,310 - SplitNNClient - INFO - 22652 - phase=train acc=0.824609375 loss=10.939880192279816 epoch=40 and step=20
2026-04-27 09:28:18,407 - SplitNNClient - INFO - 24884 - phase=train acc=0.81015625 loss=11.045398950576782 epoch=40 and step=20
2026-04-27 09:28:18,452 - SplitNNClient - INFO - 16632 - phase=train acc=0.776171875 loss=13.08372288942337 epoch=40 and step=20
2026-04-27 09:28:20,892 - SplitNNClient - INFO - 22652 - phase=train acc=0.8197916666666667 loss=16.32602894306183 epoch=40 and step=30
2026-04-27 09:28:20,960 - SplitNNClient - INFO - 24884 - phase=train acc=0.8122395833333333 loss=16.572096437215805 epoch=40 and step=30
2026-04-27 09:28:21,085 - SplitNNClient - INFO - 16632 - phase=train acc=0.78671875 loss=18.786584824323654 epoch=40 and step=30
2026-04-27 09:28:23,486 - SplitNNClient - INFO - 22652 - phase=train acc=0.8208984375 loss=21.74939340353012 epoch=40 and step=40
2026-04-27 09:28:23,547 - SplitNNClient - INFO - 24884 - phase=train acc=0.8095703125 loss=22.224546432495117 epoch=40 and step=40
2026-04-27 09:28:23,619 - SplitNNClient - INFO - 16632 - phase=train acc=0.794140625 loss=24.161008596420288 epoch=40 and step=40
2026-04-27 09:28:26,085 - SplitNNClient - INFO - 22652 - phase=train acc=0.82125 loss=26.886135280132294 epoch=40 and step=50
2026-04-27 09:28:26,185 - SplitNNClient - INFO - 24884 - phase=train acc=0.8109375 loss=27.706387609243393 epoch=40 and step=50
2026-04-27 09:28:26,281 - SplitNNClient - INFO - 16632 - phase=train acc=0.795625 loss=29.83036831021309 epoch=40 and step=50
2026-04-27 09:28:28,639 - SplitNNClient - INFO - 22652 - phase=train acc=0.8194010416666667 loss=32.3410747051239 epoch=40 and step=60
2026-04-27 09:28:28,840 - SplitNNClient - INFO - 24884 - phase=train acc=0.8118489583333334 loss=32.88694989681244 epoch=40 and step=60
2026-04-27 09:28:28,944 - SplitNNClient - INFO - 16632 - phase=train acc=0.79453125 loss=35.59663671255112 epoch=40 and step=60
2026-04-27 09:28:31,070 - SplitNNClient - INFO - 22652 - phase=train acc=0.8199776785714286 loss=37.42226102948189 epoch=40 and step=70
2026-04-27 09:28:31,179 - SplitNNClient - INFO - 24884 - phase=train acc=0.8121651785714286 loss=38.18126359581947 epoch=40 and step=70
2026-04-27 09:28:31,383 - SplitNNClient - INFO - 16632 - phase=train acc=0.7938616071428571 loss=41.39627683162689 epoch=40 and step=70
2026-04-27 09:28:33,486 - SplitNNClient - INFO - 22652 - phase=train acc=0.8193359375 loss=42.84949243068695 epoch=40 and step=80
2026-04-27 09:28:33,627 - SplitNNClient - INFO - 24884 - phase=train acc=0.812890625 loss=43.657979518175125 epoch=40 and step=80
2026-04-27 09:28:33,764 - SplitNNClient - INFO - 16632 - phase=train acc=0.79755859375 loss=46.633398592472076 epoch=40 and step=80
2026-04-27 09:28:35,632 - SplitNNClient - INFO - 22652 - phase=train acc=0.8180555555555555 loss=48.42348873615265 epoch=40 and step=90
2026-04-27 09:28:35,856 - SplitNNClient - INFO - 24884 - phase=train acc=0.8145833333333333 loss=48.75522917509079 epoch=40 and step=90
2026-04-27 09:28:37,638 - SplitNNClient - INFO - 22652 - phase=train acc=0.817109375 loss=53.999879628419876 epoch=40 and step=100
2026-04-27 09:28:37,968 - SplitNNClient - INFO - 24884 - phase=train acc=0.817578125 loss=53.78421500325203 epoch=40 and step=100
2026-04-27 09:28:39,703 - SplitNNClient - INFO - 22652 - phase=train acc=0.81875 loss=59.322291910648346 epoch=40 and step=110
2026-04-27 09:28:40,000 - SplitNNClient - INFO - 24884 - phase=train acc=0.8166193181818182 loss=59.291026562452316 epoch=40 and step=110
2026-04-27 09:28:41,795 - SplitNNClient - INFO - 22652 - phase=train acc=0.8184895833333333 loss=64.62529376149178 epoch=40 and step=120
2026-04-27 09:28:42,116 - SplitNNClient - INFO - 24884 - phase=train acc=0.8184244791666667 loss=64.21129125356674 epoch=40 and step=120
2026-04-27 09:28:43,809 - SplitNNClient - INFO - 22652 - phase=train acc=0.8194110576923077 loss=69.96167021989822 epoch=40 and step=130
2026-04-27 09:28:44,396 - SplitNNClient - INFO - 24884 - phase=train acc=0.819170673076923 loss=69.64073517918587 epoch=40 and step=130
2026-04-27 09:28:45,852 - SplitNNClient - INFO - 22652 - phase=train acc=0.8186383928571429 loss=75.41509920358658 epoch=40 and step=140
2026-04-27 09:28:47,741 - SplitNNClient - INFO - 22652 - phase=train acc=0.81828125 loss=80.95667013525963 epoch=40 and step=150
2026-04-27 09:28:49,353 - SplitNNClient - INFO - 22652 - phase=train acc=0.817724609375 loss=86.75851312279701 epoch=40 and step=160
2026-04-27 09:28:50,527 - FedServerManager - INFO - 25788 - get all model params ---- from rank fed_server
2026-04-27 09:29:02,167 - SplitNNClient - INFO - 24884 - phase=validation acc=0.7931 loss=45.982994079589844 epoch=40 and step=79
2026-04-27 09:29:02,208 - SplitNNClient - INFO - 16632 - phase=validation acc=0.7931 loss=45.982994079589844 epoch=40 and step=79
2026-04-27 09:29:02,262 - SplitNNClient - INFO - 22652 - phase=validation acc=0.7931 loss=45.982994079589844 epoch=40 and step=79
2026-04-27 09:29:04,578 - SplitNNClient - INFO - 16632 - phase=train acc=0.79609375 loss=6.246416509151459 epoch=41 and step=10
2026-04-27 09:29:04,644 - SplitNNClient - INFO - 24884 - phase=train acc=0.7953125 loss=5.9774627685546875 epoch=41 and step=10
2026-04-27 09:29:04,740 - SplitNNClient - INFO - 22652 - phase=train acc=0.80390625 loss=6.137300074100494 epoch=41 and step=10
2026-04-27 09:29:06,959 - SplitNNClient - INFO - 16632 - phase=train acc=0.7921875 loss=12.393484652042389 epoch=41 and step=20
2026-04-27 09:29:07,023 - SplitNNClient - INFO - 24884 - phase=train acc=0.805859375 loss=11.306633651256561 epoch=41 and step=20
2026-04-27 09:29:07,094 - SplitNNClient - INFO - 22652 - phase=train acc=0.815234375 loss=11.492339462041855 epoch=41 and step=20
2026-04-27 09:29:09,324 - SplitNNClient - INFO - 16632 - phase=train acc=0.8020833333333334 loss=17.720909357070923 epoch=41 and step=30
2026-04-27 09:29:09,394 - SplitNNClient - INFO - 24884 - phase=train acc=0.8109375 loss=16.425676465034485 epoch=41 and step=30
2026-04-27 09:29:09,439 - SplitNNClient - INFO - 22652 - phase=train acc=0.8244791666666667 loss=16.107702523469925 epoch=41 and step=30
2026-04-27 09:29:11,668 - SplitNNClient - INFO - 16632 - phase=train acc=0.798828125 loss=23.485655516386032 epoch=41 and step=40
2026-04-27 09:29:11,769 - SplitNNClient - INFO - 24884 - phase=train acc=0.8109375 loss=21.786851406097412 epoch=41 and step=40
2026-04-27 09:29:11,836 - SplitNNClient - INFO - 22652 - phase=train acc=0.8240234375 loss=21.39426127076149 epoch=41 and step=40
2026-04-27 09:29:14,067 - SplitNNClient - INFO - 16632 - phase=train acc=0.79734375 loss=29.3048258125782 epoch=41 and step=50
2026-04-27 09:29:14,132 - SplitNNClient - INFO - 24884 - phase=train acc=0.81125 loss=26.89343425631523 epoch=41 and step=50
2026-04-27 09:29:14,203 - SplitNNClient - INFO - 22652 - phase=train acc=0.8221875 loss=26.769045382738113 epoch=41 and step=50
2026-04-27 09:29:16,410 - SplitNNClient - INFO - 16632 - phase=train acc=0.80078125 loss=34.61326375603676 epoch=41 and step=60
2026-04-27 09:29:16,509 - SplitNNClient - INFO - 24884 - phase=train acc=0.8123697916666667 loss=32.789324045181274 epoch=41 and step=60
2026-04-27 09:29:16,577 - SplitNNClient - INFO - 22652 - phase=train acc=0.8235677083333334 loss=32.01999270915985 epoch=41 and step=60
2026-04-27 09:29:18,924 - SplitNNClient - INFO - 16632 - phase=train acc=0.80078125 loss=40.2781021296978 epoch=41 and step=70
2026-04-27 09:29:19,024 - SplitNNClient - INFO - 24884 - phase=train acc=0.81015625 loss=38.62700688838959 epoch=41 and step=70
2026-04-27 09:29:19,087 - SplitNNClient - INFO - 22652 - phase=train acc=0.8224330357142857 loss=37.26303359866142 epoch=41 and step=70
2026-04-27 09:29:21,373 - SplitNNClient - INFO - 16632 - phase=train acc=0.8015625 loss=45.674117892980576 epoch=41 and step=80
2026-04-27 09:29:21,438 - SplitNNClient - INFO - 24884 - phase=train acc=0.80771484375 loss=44.79914006590843 epoch=41 and step=80
2026-04-27 09:29:21,510 - SplitNNClient - INFO - 22652 - phase=train acc=0.821484375 loss=42.718792498111725 epoch=41 and step=80
2026-04-27 09:29:23,651 - SplitNNClient - INFO - 24884 - phase=train acc=0.8095486111111111 loss=50.20013377070427 epoch=41 and step=90
2026-04-27 09:29:23,724 - SplitNNClient - INFO - 22652 - phase=train acc=0.8193576388888889 loss=48.554228723049164 epoch=41 and step=90
2026-04-27 09:29:25,776 - SplitNNClient - INFO - 24884 - phase=train acc=0.813359375 loss=54.882651060819626 epoch=41 and step=100
2026-04-27 09:29:25,848 - SplitNNClient - INFO - 22652 - phase=train acc=0.818515625 loss=54.22099334001541 epoch=41 and step=100
2026-04-27 09:29:27,937 - SplitNNClient - INFO - 24884 - phase=train acc=0.8159090909090909 loss=59.59149178862572 epoch=41 and step=110
2026-04-27 09:29:27,978 - SplitNNClient - INFO - 22652 - phase=train acc=0.8189630681818182 loss=59.46405076980591 epoch=41 and step=110
2026-04-27 09:29:30,053 - SplitNNClient - INFO - 24884 - phase=train acc=0.8159505208333333 loss=65.47760546207428 epoch=41 and step=120
2026-04-27 09:29:30,093 - SplitNNClient - INFO - 22652 - phase=train acc=0.8143880208333333 loss=66.81394618749619 epoch=41 and step=120
2026-04-27 09:29:32,036 - SplitNNClient - INFO - 24884 - phase=train acc=0.8166466346153847 loss=70.93094962835312 epoch=41 and step=130
2026-04-27 09:29:32,191 - SplitNNClient - INFO - 22652 - phase=train acc=0.8091346153846154 loss=74.48150438070297 epoch=41 and step=130
2026-04-27 09:29:34,219 - SplitNNClient - INFO - 22652 - phase=train acc=0.8063616071428571 loss=81.17085921764374 epoch=41 and step=140
2026-04-27 09:29:35,957 - SplitNNClient - INFO - 22652 - phase=train acc=0.804375 loss=87.57904151082039 epoch=41 and step=150
2026-04-27 09:29:37,519 - SplitNNClient - INFO - 22652 - phase=train acc=0.80419921875 loss=93.91660144925117 epoch=41 and step=160
2026-04-27 09:29:38,687 - FedServerManager - INFO - 25788 - get all model params ---- from rank fed_server
2026-04-27 09:29:50,214 - SplitNNClient - INFO - 24884 - phase=validation acc=0.7732 loss=50.07800954580307 epoch=41 and step=79
2026-04-27 09:29:50,257 - SplitNNClient - INFO - 16632 - phase=validation acc=0.7732 loss=50.07800954580307 epoch=41 and step=79
2026-04-27 09:29:50,314 - SplitNNClient - INFO - 22652 - phase=validation acc=0.7732 loss=50.07800954580307 epoch=41 and step=79
2026-04-27 09:29:52,669 - SplitNNClient - INFO - 24884 - phase=train acc=0.78203125 loss=6.093948394060135 epoch=42 and step=10
2026-04-27 09:29:52,739 - SplitNNClient - INFO - 16632 - phase=train acc=0.740625 loss=7.680458724498749 epoch=42 and step=10
2026-04-27 09:29:52,805 - SplitNNClient - INFO - 22652 - phase=train acc=0.81328125 loss=5.547292530536652 epoch=42 and step=10
2026-04-27 09:29:55,023 - SplitNNClient - INFO - 24884 - phase=train acc=0.798828125 loss=11.589548617601395 epoch=42 and step=20
2026-04-27 09:29:55,118 - SplitNNClient - INFO - 16632 - phase=train acc=0.760546875 loss=13.990748226642609 epoch=42 and step=20
2026-04-27 09:29:55,190 - SplitNNClient - INFO - 22652 - phase=train acc=0.81484375 loss=11.255270630121231 epoch=42 and step=20
2026-04-27 09:29:57,410 - SplitNNClient - INFO - 24884 - phase=train acc=0.809375 loss=16.72060975432396 epoch=42 and step=30
2026-04-27 09:29:57,448 - SplitNNClient - INFO - 16632 - phase=train acc=0.7721354166666666 loss=19.837330251932144 epoch=42 and step=30
2026-04-27 09:29:57,611 - SplitNNClient - INFO - 22652 - phase=train acc=0.8231770833333333 loss=16.185803949832916 epoch=42 and step=30
2026-04-27 09:29:59,855 - SplitNNClient - INFO - 24884 - phase=train acc=0.81640625 loss=21.722653061151505 epoch=42 and step=40
2026-04-27 09:29:59,901 - SplitNNClient - INFO - 16632 - phase=train acc=0.78125 loss=25.37119647860527 epoch=42 and step=40
2026-04-27 09:30:00,024 - SplitNNClient - INFO - 22652 - phase=train acc=0.8296875 loss=21.086967676877975 epoch=42 and step=40
2026-04-27 09:30:02,215 - SplitNNClient - INFO - 24884 - phase=train acc=0.81734375 loss=27.17922830581665 epoch=42 and step=50
2026-04-27 09:30:02,346 - SplitNNClient - INFO - 16632 - phase=train acc=0.7878125 loss=30.790320932865143 epoch=42 and step=50
2026-04-27 09:30:02,382 - SplitNNClient - INFO - 22652 - phase=train acc=0.8246875 loss=26.5882371366024 epoch=42 and step=50
2026-04-27 09:30:04,636 - SplitNNClient - INFO - 24884 - phase=train acc=0.8165364583333333 loss=32.72359189391136 epoch=42 and step=60
2026-04-27 09:30:04,736 - SplitNNClient - INFO - 16632 - phase=train acc=0.7912760416666667 loss=36.19262394309044 epoch=42 and step=60
2026-04-27 09:30:04,805 - SplitNNClient - INFO - 22652 - phase=train acc=0.8240885416666667 loss=31.96287515759468 epoch=42 and step=60
2026-04-27 09:30:07,080 - SplitNNClient - INFO - 24884 - phase=train acc=0.8160714285714286 loss=38.364837259054184 epoch=42 and step=70
2026-04-27 09:30:07,146 - SplitNNClient - INFO - 16632 - phase=train acc=0.7921875 loss=41.745001167058945 epoch=42 and step=70
2026-04-27 09:30:07,279 - SplitNNClient - INFO - 22652 - phase=train acc=0.8209821428571429 loss=37.16057279706001 epoch=42 and step=70
2026-04-27 09:30:09,585 - SplitNNClient - INFO - 24884 - phase=train acc=0.816796875 loss=43.56421607732773 epoch=42 and step=80
2026-04-27 09:30:09,648 - SplitNNClient - INFO - 16632 - phase=train acc=0.7958984375 loss=46.86140340566635 epoch=42 and step=80
2026-04-27 09:30:09,713 - SplitNNClient - INFO - 22652 - phase=train acc=0.818359375 loss=42.88898578286171 epoch=42 and step=80
2026-04-27 09:30:11,765 - SplitNNClient - INFO - 24884 - phase=train acc=0.81484375 loss=49.23247295618057 epoch=42 and step=90
2026-04-27 09:30:12,027 - SplitNNClient - INFO - 22652 - phase=train acc=0.8182291666666667 loss=48.21161091327667 epoch=42 and step=90
2026-04-27 09:30:13,856 - SplitNNClient - INFO - 24884 - phase=train acc=0.814765625 loss=54.550497621297836 epoch=42 and step=100
2026-04-27 09:30:14,209 - SplitNNClient - INFO - 22652 - phase=train acc=0.818828125 loss=53.66863510012627 epoch=42 and step=100
2026-04-27 09:30:15,982 - SplitNNClient - INFO - 24884 - phase=train acc=0.8134232954545455 loss=59.957391917705536 epoch=42 and step=110
2026-04-27 09:30:16,303 - SplitNNClient - INFO - 22652 - phase=train acc=0.8191051136363636 loss=58.72639662027359 epoch=42 and step=110
2026-04-27 09:30:18,095 - SplitNNClient - INFO - 24884 - phase=train acc=0.8154947916666667 loss=64.51827105879784 epoch=42 and step=120
2026-04-27 09:30:18,422 - SplitNNClient - INFO - 22652 - phase=train acc=0.8189453125 loss=63.915835440158844 epoch=42 and step=120
2026-04-27 09:30:20,124 - SplitNNClient - INFO - 24884 - phase=train acc=0.8160456730769231 loss=69.97954648733139 epoch=42 and step=130
2026-04-27 09:30:20,488 - SplitNNClient - INFO - 22652 - phase=train acc=0.8192307692307692 loss=69.07106101512909 epoch=42 and step=130
2026-04-27 09:30:22,557 - SplitNNClient - INFO - 22652 - phase=train acc=0.8188616071428572 loss=74.29893904924393 epoch=42 and step=140
2026-04-27 09:30:24,362 - SplitNNClient - INFO - 22652 - phase=train acc=0.8182291666666667 loss=79.97265863418579 epoch=42 and step=150
2026-04-27 09:30:25,932 - SplitNNClient - INFO - 22652 - phase=train acc=0.81904296875 loss=85.1594135761261 epoch=42 and step=160
2026-04-27 09:30:27,133 - FedServerManager - INFO - 25788 - get all model params ---- from rank fed_server
2026-04-27 09:30:38,719 - SplitNNClient - INFO - 16632 - phase=validation acc=0.8055 loss=43.675121650099754 epoch=42 and step=79
2026-04-27 09:30:38,777 - SplitNNClient - INFO - 24884 - phase=validation acc=0.8055 loss=43.675121650099754 epoch=42 and step=79
2026-04-27 09:30:38,817 - SplitNNClient - INFO - 22652 - phase=validation acc=0.8055 loss=43.675121650099754 epoch=42 and step=79
2026-04-27 09:30:41,204 - SplitNNClient - INFO - 24884 - phase=train acc=0.81640625 loss=5.5269632041454315 epoch=43 and step=10
2026-04-27 09:30:41,243 - SplitNNClient - INFO - 16632 - phase=train acc=0.790625 loss=6.341754078865051 epoch=43 and step=10
2026-04-27 09:30:41,365 - SplitNNClient - INFO - 22652 - phase=train acc=0.8078125 loss=5.37052196264267 epoch=43 and step=10
2026-04-27 09:30:43,573 - SplitNNClient - INFO - 24884 - phase=train acc=0.821875 loss=10.885152041912079 epoch=43 and step=20
2026-04-27 09:30:43,643 - SplitNNClient - INFO - 16632 - phase=train acc=0.795703125 loss=12.19700288772583 epoch=43 and step=20
2026-04-27 09:30:43,748 - SplitNNClient - INFO - 22652 - phase=train acc=0.8140625 loss=10.66865161061287 epoch=43 and step=20
2026-04-27 09:30:45,935 - SplitNNClient - INFO - 24884 - phase=train acc=0.82421875 loss=15.68042516708374 epoch=43 and step=30
2026-04-27 09:30:46,005 - SplitNNClient - INFO - 16632 - phase=train acc=0.8015625 loss=17.636373549699783 epoch=43 and step=30
2026-04-27 09:30:46,106 - SplitNNClient - INFO - 22652 - phase=train acc=0.8153645833333333 loss=16.301597714424133 epoch=43 and step=30
2026-04-27 09:30:48,333 - SplitNNClient - INFO - 24884 - phase=train acc=0.8322265625 loss=20.007202833890915 epoch=43 and step=40
2026-04-27 09:30:48,400 - SplitNNClient - INFO - 16632 - phase=train acc=0.8013671875 loss=23.42031964659691 epoch=43 and step=40
2026-04-27 09:30:48,469 - SplitNNClient - INFO - 22652 - phase=train acc=0.8203125 loss=21.07555592060089 epoch=43 and step=40
2026-04-27 09:30:50,690 - SplitNNClient - INFO - 16632 - phase=train acc=0.808125 loss=28.314958333969116 epoch=43 and step=50
2026-04-27 09:30:50,791 - SplitNNClient - INFO - 24884 - phase=train acc=0.83171875 loss=25.343174636363983 epoch=43 and step=50
2026-04-27 09:30:50,860 - SplitNNClient - INFO - 22652 - phase=train acc=0.821875 loss=25.974976748228073 epoch=43 and step=50
2026-04-27 09:30:53,124 - SplitNNClient - INFO - 16632 - phase=train acc=0.809375 loss=33.75117149949074 epoch=43 and step=60
2026-04-27 09:30:53,194 - SplitNNClient - INFO - 24884 - phase=train acc=0.8307291666666666 loss=30.6882101893425 epoch=43 and step=60
2026-04-27 09:30:53,235 - SplitNNClient - INFO - 22652 - phase=train acc=0.82265625 loss=31.265149265527725 epoch=43 and step=60
2026-04-27 09:30:55,478 - SplitNNClient - INFO - 16632 - phase=train acc=0.8095982142857143 loss=39.017756938934326 epoch=43 and step=70
2026-04-27 09:30:55,576 - SplitNNClient - INFO - 24884 - phase=train acc=0.8306919642857142 loss=35.79300847649574 epoch=43 and step=70
2026-04-27 09:30:55,646 - SplitNNClient - INFO - 22652 - phase=train acc=0.8233258928571429 loss=36.6119159758091 epoch=43 and step=70
2026-04-27 09:30:57,941 - SplitNNClient - INFO - 16632 - phase=train acc=0.80830078125 loss=44.674716621637344 epoch=43 and step=80
2026-04-27 09:30:58,067 - SplitNNClient - INFO - 22652 - phase=train acc=0.823046875 loss=41.98199683427811 epoch=43 and step=80
2026-04-27 09:30:58,138 - SplitNNClient - INFO - 24884 - phase=train acc=0.83076171875 loss=40.63769257068634 epoch=43 and step=80
2026-04-27 09:31:00,236 - SplitNNClient - INFO - 22652 - phase=train acc=0.8243923611111111 loss=47.13763499259949 epoch=43 and step=90
2026-04-27 09:31:00,362 - SplitNNClient - INFO - 24884 - phase=train acc=0.8302951388888888 loss=45.87481439113617 epoch=43 and step=90
2026-04-27 09:31:02,338 - SplitNNClient - INFO - 22652 - phase=train acc=0.824453125 loss=52.23585122823715 epoch=43 and step=100
2026-04-27 09:31:02,434 - SplitNNClient - INFO - 24884 - phase=train acc=0.829296875 loss=51.147883743047714 epoch=43 and step=100
2026-04-27 09:31:04,415 - SplitNNClient - INFO - 22652 - phase=train acc=0.8252130681818182 loss=57.38754245638847 epoch=43 and step=110
2026-04-27 09:31:04,452 - SplitNNClient - INFO - 24884 - phase=train acc=0.8276988636363637 loss=56.53039735555649 epoch=43 and step=110
2026-04-27 09:31:06,388 - SplitNNClient - INFO - 22652 - phase=train acc=0.8268880208333333 loss=62.181043326854706 epoch=43 and step=120
2026-04-27 09:31:06,541 - SplitNNClient - INFO - 24884 - phase=train acc=0.8259765625 loss=62.00784260034561 epoch=43 and step=120
2026-04-27 09:31:08,532 - SplitNNClient - INFO - 22652 - phase=train acc=0.82734375 loss=67.64964762330055 epoch=43 and step=130
2026-04-27 09:31:08,596 - SplitNNClient - INFO - 24884 - phase=train acc=0.8260817307692307 loss=67.44389387965202 epoch=43 and step=130
2026-04-27 09:31:10,622 - SplitNNClient - INFO - 22652 - phase=train acc=0.8275111607142858 loss=72.58821159601212 epoch=43 and step=140
2026-04-27 09:31:12,327 - SplitNNClient - INFO - 22652 - phase=train acc=0.8269270833333333 loss=77.85000282526016 epoch=43 and step=150
2026-04-27 09:31:14,094 - SplitNNClient - INFO - 22652 - phase=train acc=0.826806640625 loss=83.09770664572716 epoch=43 and step=160
2026-04-27 09:31:15,254 - FedServerManager - INFO - 25788 - get all model params ---- from rank fed_server
2026-04-27 09:31:26,989 - SplitNNClient - INFO - 16632 - phase=validation acc=0.8007 loss=44.49509832262993 epoch=43 and step=79
2026-04-27 09:31:27,046 - SplitNNClient - INFO - 24884 - phase=validation acc=0.8007 loss=44.49509832262993 epoch=43 and step=79
2026-04-27 09:31:27,091 - SplitNNClient - INFO - 22652 - phase=validation acc=0.8007 loss=44.49509832262993 epoch=43 and step=79
2026-04-27 09:31:29,490 - SplitNNClient - INFO - 22652 - phase=train acc=0.81953125 loss=5.4708389937877655 epoch=44 and step=10
2026-04-27 09:31:29,530 - SplitNNClient - INFO - 16632 - phase=train acc=0.78359375 loss=6.64979162812233 epoch=44 and step=10
2026-04-27 09:31:29,596 - SplitNNClient - INFO - 24884 - phase=train acc=0.82890625 loss=5.2944114208221436 epoch=44 and step=10
2026-04-27 09:31:31,909 - SplitNNClient - INFO - 22652 - phase=train acc=0.83125 loss=10.249993950128555 epoch=44 and step=20
2026-04-27 09:31:31,980 - SplitNNClient - INFO - 16632 - phase=train acc=0.791796875 loss=12.313801020383835 epoch=44 and step=20
2026-04-27 09:31:32,026 - SplitNNClient - INFO - 24884 - phase=train acc=0.826953125 loss=10.194453358650208 epoch=44 and step=20
2026-04-27 09:31:34,246 - SplitNNClient - INFO - 22652 - phase=train acc=0.82578125 loss=15.741969376802444 epoch=44 and step=30
2026-04-27 09:31:34,318 - SplitNNClient - INFO - 16632 - phase=train acc=0.79765625 loss=17.660686552524567 epoch=44 and step=30
2026-04-27 09:31:34,415 - SplitNNClient - INFO - 24884 - phase=train acc=0.8296875 loss=14.977041333913803 epoch=44 and step=30
2026-04-27 09:31:36,641 - SplitNNClient - INFO - 22652 - phase=train acc=0.8244140625 loss=20.863942116498947 epoch=44 and step=40
2026-04-27 09:31:36,706 - SplitNNClient - INFO - 16632 - phase=train acc=0.8025390625 loss=23.087994664907455 epoch=44 and step=40
2026-04-27 09:31:36,776 - SplitNNClient - INFO - 24884 - phase=train acc=0.830078125 loss=19.884839236736298 epoch=44 and step=40
2026-04-27 09:31:38,996 - SplitNNClient - INFO - 22652 - phase=train acc=0.82734375 loss=25.909722805023193 epoch=44 and step=50
2026-04-27 09:31:39,060 - SplitNNClient - INFO - 16632 - phase=train acc=0.80390625 loss=28.649629801511765 epoch=44 and step=50
2026-04-27 09:31:39,187 - SplitNNClient - INFO - 24884 - phase=train acc=0.8309375 loss=24.987874627113342 epoch=44 and step=50
2026-04-27 09:31:41,374 - SplitNNClient - INFO - 22652 - phase=train acc=0.829296875 loss=30.85460928082466 epoch=44 and step=60
2026-04-27 09:31:41,500 - SplitNNClient - INFO - 16632 - phase=train acc=0.80859375 loss=33.6437591612339 epoch=44 and step=60
2026-04-27 09:31:41,539 - SplitNNClient - INFO - 24884 - phase=train acc=0.830859375 loss=30.267520785331726 epoch=44 and step=60
2026-04-27 09:31:43,794 - SplitNNClient - INFO - 22652 - phase=train acc=0.8280133928571428 loss=35.9450087249279 epoch=44 and step=70
2026-04-27 09:31:43,897 - SplitNNClient - INFO - 16632 - phase=train acc=0.8107142857142857 loss=38.98515868186951 epoch=44 and step=70
2026-04-27 09:31:43,967 - SplitNNClient - INFO - 24884 - phase=train acc=0.8296875 loss=35.423214465379715 epoch=44 and step=70
2026-04-27 09:31:46,190 - SplitNNClient - INFO - 22652 - phase=train acc=0.830859375 loss=40.38118517398834 epoch=44 and step=80
2026-04-27 09:31:46,321 - SplitNNClient - INFO - 16632 - phase=train acc=0.81171875 loss=44.148899257183075 epoch=44 and step=80
2026-04-27 09:31:46,358 - SplitNNClient - INFO - 24884 - phase=train acc=0.8306640625 loss=40.16740718483925 epoch=44 and step=80
2026-04-27 09:31:48,445 - SplitNNClient - INFO - 22652 - phase=train acc=0.8296006944444444 loss=45.54246914386749 epoch=44 and step=90
2026-04-27 09:31:48,570 - SplitNNClient - INFO - 24884 - phase=train acc=0.8308159722222223 loss=45.280277758836746 epoch=44 and step=90
2026-04-27 09:31:50,482 - SplitNNClient - INFO - 22652 - phase=train acc=0.8290625 loss=51.233035415410995 epoch=44 and step=100
2026-04-27 09:31:50,585 - SplitNNClient - INFO - 24884 - phase=train acc=0.82875 loss=50.62976396083832 epoch=44 and step=100
2026-04-27 09:31:52,583 - SplitNNClient - INFO - 22652 - phase=train acc=0.80390625 loss=66.80608966946602 epoch=44 and step=110
2026-04-27 09:31:52,646 - SplitNNClient - INFO - 24884 - phase=train acc=0.8299005681818182 loss=55.44197458028793 epoch=44 and step=110
2026-04-27 09:31:54,634 - SplitNNClient - INFO - 22652 - phase=train acc=0.7774088541666667 loss=82.00397816300392 epoch=44 and step=120
2026-04-27 09:31:54,767 - SplitNNClient - INFO - 24884 - phase=train acc=0.8293619791666667 loss=60.70879817008972 epoch=44 and step=120
2026-04-27 09:31:56,764 - SplitNNClient - INFO - 22652 - phase=train acc=0.7571514423076923 loss=96.1212606728077 epoch=44 and step=130
2026-04-27 09:31:56,927 - SplitNNClient - INFO - 24884 - phase=train acc=0.8280649038461538 loss=66.05713748931885 epoch=44 and step=130
2026-04-27 09:31:58,815 - SplitNNClient - INFO - 22652 - phase=train acc=0.7423549107142857 loss=108.78380754590034 epoch=44 and step=140
2026-04-27 09:32:00,547 - SplitNNClient - INFO - 22652 - phase=train acc=0.73109375 loss=121.40340128540993 epoch=44 and step=150
2026-04-27 09:32:02,113 - SplitNNClient - INFO - 22652 - phase=train acc=0.72138671875 loss=132.95855322480202 epoch=44 and step=160
2026-04-27 09:32:03,285 - FedServerManager - INFO - 25788 - get all model params ---- from rank fed_server
2026-04-27 09:32:15,010 - SplitNNClient - INFO - 22652 - phase=validation acc=0.5078 loss=114.72235631942749 epoch=44 and step=79
2026-04-27 09:32:15,051 - SplitNNClient - INFO - 16632 - phase=validation acc=0.5078 loss=114.72235631942749 epoch=44 and step=79
2026-04-27 09:32:15,094 - SplitNNClient - INFO - 24884 - phase=validation acc=0.5078 loss=114.72235631942749 epoch=44 and step=79
2026-04-27 09:32:17,538 - SplitNNClient - INFO - 22652 - phase=train acc=0.67265625 loss=9.434195041656494 epoch=45 and step=10
2026-04-27 09:32:17,640 - SplitNNClient - INFO - 24884 - phase=train acc=0.65234375 loss=10.493398368358612 epoch=45 and step=10
2026-04-27 09:32:17,710 - SplitNNClient - INFO - 16632 - phase=train acc=0.58125 loss=12.278931319713593 epoch=45 and step=10
2026-04-27 09:32:20,114 - SplitNNClient - INFO - 22652 - phase=train acc=0.69609375 loss=17.94719886779785 epoch=45 and step=20
2026-04-27 09:32:20,216 - SplitNNClient - INFO - 24884 - phase=train acc=0.683203125 loss=18.748820662498474 epoch=45 and step=20
2026-04-27 09:32:20,283 - SplitNNClient - INFO - 16632 - phase=train acc=0.651171875 loss=20.760120928287506 epoch=45 and step=20
2026-04-27 09:32:22,682 - SplitNNClient - INFO - 22652 - phase=train acc=0.7098958333333333 loss=25.81633299589157 epoch=45 and step=30
2026-04-27 09:32:22,754 - SplitNNClient - INFO - 24884 - phase=train acc=0.7130208333333333 loss=25.46831950545311 epoch=45 and step=30
2026-04-27 09:32:22,852 - SplitNNClient - INFO - 16632 - phase=train acc=0.6833333333333333 loss=28.08497405052185 epoch=45 and step=30
2026-04-27 09:32:25,229 - SplitNNClient - INFO - 22652 - phase=train acc=0.7205078125 loss=33.06612330675125 epoch=45 and step=40
2026-04-27 09:32:25,298 - SplitNNClient - INFO - 24884 - phase=train acc=0.730078125 loss=31.720245093107224 epoch=45 and step=40
2026-04-27 09:32:25,399 - SplitNNClient - INFO - 16632 - phase=train acc=0.7005859375 loss=35.17352259159088 epoch=45 and step=40
2026-04-27 09:32:27,840 - SplitNNClient - INFO - 22652 - phase=train acc=0.7284375 loss=40.29441940784454 epoch=45 and step=50
2026-04-27 09:32:27,933 - SplitNNClient - INFO - 24884 - phase=train acc=0.74109375 loss=38.017908185720444 epoch=45 and step=50
2026-04-27 09:32:28,001 - SplitNNClient - INFO - 16632 - phase=train acc=0.71828125 loss=41.12475299835205 epoch=45 and step=50
2026-04-27 09:32:30,425 - SplitNNClient - INFO - 22652 - phase=train acc=0.7346354166666667 loss=47.14158436655998 epoch=45 and step=60
2026-04-27 09:32:30,492 - SplitNNClient - INFO - 24884 - phase=train acc=0.74921875 loss=44.01572319865227 epoch=45 and step=60
2026-04-27 09:32:30,585 - SplitNNClient - INFO - 16632 - phase=train acc=0.7322916666666667 loss=46.79717227816582 epoch=45 and step=60
2026-04-27 09:32:32,968 - SplitNNClient - INFO - 22652 - phase=train acc=0.7416294642857143 loss=53.71521791815758 epoch=45 and step=70
2026-04-27 09:32:33,070 - SplitNNClient - INFO - 24884 - phase=train acc=0.7560267857142857 loss=50.04483303427696 epoch=45 and step=70
2026-04-27 09:32:33,140 - SplitNNClient - INFO - 16632 - phase=train acc=0.7427455357142857 loss=52.75213152170181 epoch=45 and step=70
2026-04-27 09:32:35,567 - SplitNNClient - INFO - 22652 - phase=train acc=0.747265625 loss=60.0709008872509 epoch=45 and step=80
2026-04-27 09:32:35,631 - SplitNNClient - INFO - 24884 - phase=train acc=0.76318359375 loss=55.53751668334007 epoch=45 and step=80
2026-04-27 09:32:35,734 - SplitNNClient - INFO - 16632 - phase=train acc=0.7513671875 loss=57.94054260849953 epoch=45 and step=80
2026-04-27 09:32:37,853 - SplitNNClient - INFO - 22652 - phase=train acc=0.75 loss=66.82997569441795 epoch=45 and step=90
2026-04-27 09:32:37,916 - SplitNNClient - INFO - 24884 - phase=train acc=0.7708333333333334 loss=60.60967466235161 epoch=45 and step=90
2026-04-27 09:32:39,932 - SplitNNClient - INFO - 22652 - phase=train acc=0.7540625 loss=73.21183049678802 epoch=45 and step=100
2026-04-27 09:32:40,087 - SplitNNClient - INFO - 24884 - phase=train acc=0.775859375 loss=65.86560818552971 epoch=45 and step=100
2026-04-27 09:32:42,155 - SplitNNClient - INFO - 22652 - phase=train acc=0.7578125 loss=79.39098107814789 epoch=45 and step=110
2026-04-27 09:32:42,196 - SplitNNClient - INFO - 24884 - phase=train acc=0.7808948863636364 loss=70.93073442578316 epoch=45 and step=110
2026-04-27 09:32:44,173 - SplitNNClient - INFO - 22652 - phase=train acc=0.7597005208333333 loss=85.5758346915245 epoch=45 and step=120
2026-04-27 09:32:44,235 - SplitNNClient - INFO - 24884 - phase=train acc=0.7848307291666666 loss=75.80871278047562 epoch=45 and step=120
2026-04-27 09:32:46,256 - SplitNNClient - INFO - 22652 - phase=train acc=0.7626802884615385 loss=91.55440175533295 epoch=45 and step=130
2026-04-27 09:32:46,297 - SplitNNClient - INFO - 24884 - phase=train acc=0.7881009615384615 loss=80.92661759257317 epoch=45 and step=130
2026-04-27 09:32:48,330 - SplitNNClient - INFO - 22652 - phase=train acc=0.7654017857142857 loss=97.4523871243 epoch=45 and step=140
2026-04-27 09:32:49,911 - SplitNNClient - INFO - 22652 - phase=train acc=0.768125 loss=102.93590041995049 epoch=45 and step=150
2026-04-27 09:32:51,644 - SplitNNClient - INFO - 22652 - phase=train acc=0.771533203125 loss=108.04030415415764 epoch=45 and step=160
2026-04-27 09:32:53,004 - FedServerManager - INFO - 25788 - get all model params ---- from rank fed_server
2026-04-27 09:33:04,586 - SplitNNClient - INFO - 24884 - phase=validation acc=0.7723 loss=49.8197717666626 epoch=45 and step=79
2026-04-27 09:33:04,635 - SplitNNClient - INFO - 16632 - phase=validation acc=0.7723 loss=49.8197717666626 epoch=45 and step=79
2026-04-27 09:33:04,686 - SplitNNClient - INFO - 22652 - phase=validation acc=0.7723 loss=49.8197717666626 epoch=45 and step=79
2026-04-27 09:33:07,088 - SplitNNClient - INFO - 16632 - phase=train acc=0.765625 loss=6.660476088523865 epoch=46 and step=10
2026-04-27 09:33:07,158 - SplitNNClient - INFO - 22652 - phase=train acc=0.790625 loss=5.907008707523346 epoch=46 and step=10
2026-04-27 09:33:07,258 - SplitNNClient - INFO - 24884 - phase=train acc=0.8 loss=5.87288361787796 epoch=46 and step=10
2026-04-27 09:33:09,559 - SplitNNClient - INFO - 16632 - phase=train acc=0.790234375 loss=12.150500535964966 epoch=46 and step=20
2026-04-27 09:33:09,626 - SplitNNClient - INFO - 22652 - phase=train acc=0.809765625 loss=10.77089375257492 epoch=46 and step=20
2026-04-27 09:33:09,788 - SplitNNClient - INFO - 24884 - phase=train acc=0.80859375 loss=11.193717420101166 epoch=46 and step=20
2026-04-27 09:33:12,070 - SplitNNClient - INFO - 16632 - phase=train acc=0.7903645833333334 loss=18.20040464401245 epoch=46 and step=30
2026-04-27 09:33:12,196 - SplitNNClient - INFO - 22652 - phase=train acc=0.8109375 loss=16.199730843305588 epoch=46 and step=30
2026-04-27 09:33:12,236 - SplitNNClient - INFO - 24884 - phase=train acc=0.8125 loss=16.47389268875122 epoch=46 and step=30
2026-04-27 09:33:14,649 - SplitNNClient - INFO - 16632 - phase=train acc=0.79453125 loss=23.93882840871811 epoch=46 and step=40
2026-04-27 09:33:14,776 - SplitNNClient - INFO - 22652 - phase=train acc=0.8158203125 loss=21.486636698246002 epoch=46 and step=40
2026-04-27 09:33:14,848 - SplitNNClient - INFO - 24884 - phase=train acc=0.8197265625 loss=21.242026031017303 epoch=46 and step=40
2026-04-27 09:33:17,227 - SplitNNClient - INFO - 16632 - phase=train acc=0.79328125 loss=30.019190728664398 epoch=46 and step=50
2026-04-27 09:33:17,295 - SplitNNClient - INFO - 22652 - phase=train acc=0.82015625 loss=26.24238795042038 epoch=46 and step=50
2026-04-27 09:33:17,461 - SplitNNClient - INFO - 24884 - phase=train acc=0.82578125 loss=25.682559549808502 epoch=46 and step=50
2026-04-27 09:33:19,763 - SplitNNClient - INFO - 16632 - phase=train acc=0.7962239583333334 loss=35.46465313434601 epoch=46 and step=60
2026-04-27 09:33:19,922 - SplitNNClient - INFO - 22652 - phase=train acc=0.82109375 loss=31.27812260389328 epoch=46 and step=60
2026-04-27 09:33:19,960 - SplitNNClient - INFO - 24884 - phase=train acc=0.82890625 loss=30.558008939027786 epoch=46 and step=60
2026-04-27 09:33:22,351 - SplitNNClient - INFO - 16632 - phase=train acc=0.7974330357142857 loss=41.038031965494156 epoch=46 and step=70
2026-04-27 09:33:22,450 - SplitNNClient - INFO - 22652 - phase=train acc=0.82265625 loss=36.44881024956703 epoch=46 and step=70
2026-04-27 09:33:22,516 - SplitNNClient - INFO - 24884 - phase=train acc=0.8287946428571429 loss=35.60680201649666 epoch=46 and step=70
2026-04-27 09:33:24,825 - SplitNNClient - INFO - 16632 - phase=train acc=0.79921875 loss=46.544418185949326 epoch=46 and step=80
2026-04-27 09:33:24,951 - SplitNNClient - INFO - 22652 - phase=train acc=0.82353515625 loss=41.471003979444504 epoch=46 and step=80
2026-04-27 09:33:25,023 - SplitNNClient - INFO - 24884 - phase=train acc=0.82626953125 loss=41.06589591503143 epoch=46 and step=80
2026-04-27 09:33:27,239 - SplitNNClient - INFO - 22652 - phase=train acc=0.8245659722222223 loss=46.54257228970528 epoch=46 and step=90
2026-04-27 09:33:27,341 - SplitNNClient - INFO - 24884 - phase=train acc=0.825 loss=46.28357142210007 epoch=46 and step=90
2026-04-27 09:33:29,308 - SplitNNClient - INFO - 22652 - phase=train acc=0.825078125 loss=51.66200280189514 epoch=46 and step=100
2026-04-27 09:33:29,463 - SplitNNClient - INFO - 24884 - phase=train acc=0.825234375 loss=51.5399512052536 epoch=46 and step=100
2026-04-27 09:33:31,517 - SplitNNClient - INFO - 22652 - phase=train acc=0.8258522727272727 loss=56.45419380068779 epoch=46 and step=110
2026-04-27 09:33:31,553 - SplitNNClient - INFO - 24884 - phase=train acc=0.8247869318181819 loss=56.796012341976166 epoch=46 and step=110
2026-04-27 09:33:33,621 - SplitNNClient - INFO - 22652 - phase=train acc=0.8248046875 loss=61.92045655846596 epoch=46 and step=120
2026-04-27 09:33:33,721 - SplitNNClient - INFO - 24884 - phase=train acc=0.825390625 loss=61.746363550424576 epoch=46 and step=120
2026-04-27 09:33:35,822 - SplitNNClient - INFO - 22652 - phase=train acc=0.8247596153846154 loss=67.21618646383286 epoch=46 and step=130
2026-04-27 09:33:35,865 - SplitNNClient - INFO - 24884 - phase=train acc=0.82578125 loss=66.81124570965767 epoch=46 and step=130
2026-04-27 09:33:37,888 - SplitNNClient - INFO - 22652 - phase=train acc=0.8259486607142857 loss=72.06666666269302 epoch=46 and step=140
2026-04-27 09:33:39,537 - SplitNNClient - INFO - 22652 - phase=train acc=0.8266666666666667 loss=76.91263192892075 epoch=46 and step=150
2026-04-27 09:33:41,085 - SplitNNClient - INFO - 22652 - phase=train acc=0.82626953125 loss=82.37852576375008 epoch=46 and step=160
2026-04-27 09:33:42,226 - FedServerManager - INFO - 25788 - get all model params ---- from rank fed_server
2026-04-27 09:33:53,785 - SplitNNClient - INFO - 22652 - phase=validation acc=0.8047 loss=44.20835688710213 epoch=46 and step=79
2026-04-27 09:33:53,831 - SplitNNClient - INFO - 16632 - phase=validation acc=0.8047 loss=44.20835688710213 epoch=46 and step=79
2026-04-27 09:33:53,883 - SplitNNClient - INFO - 24884 - phase=validation acc=0.8047 loss=44.20835688710213 epoch=46 and step=79
2026-04-27 09:33:56,318 - SplitNNClient - INFO - 22652 - phase=train acc=0.8234375 loss=5.163664877414703 epoch=47 and step=10
2026-04-27 09:33:56,438 - SplitNNClient - INFO - 24884 - phase=train acc=0.79609375 loss=5.960240423679352 epoch=47 and step=10
2026-04-27 09:33:56,503 - SplitNNClient - INFO - 16632 - phase=train acc=0.79140625 loss=6.313218355178833 epoch=47 and step=10
2026-04-27 09:33:58,841 - SplitNNClient - INFO - 22652 - phase=train acc=0.823828125 loss=10.263212382793427 epoch=47 and step=20
2026-04-27 09:33:58,936 - SplitNNClient - INFO - 24884 - phase=train acc=0.813671875 loss=10.917759954929352 epoch=47 and step=20
2026-04-27 09:33:59,007 - SplitNNClient - INFO - 16632 - phase=train acc=0.799609375 loss=11.688019871711731 epoch=47 and step=20
2026-04-27 09:34:01,326 - SplitNNClient - INFO - 22652 - phase=train acc=0.8244791666666667 loss=15.435435771942139 epoch=47 and step=30
2026-04-27 09:34:01,396 - SplitNNClient - INFO - 24884 - phase=train acc=0.8252604166666667 loss=15.383524656295776 epoch=47 and step=30
2026-04-27 09:34:01,497 - SplitNNClient - INFO - 16632 - phase=train acc=0.7989583333333333 loss=17.524275183677673 epoch=47 and step=30
2026-04-27 09:34:03,782 - SplitNNClient - INFO - 22652 - phase=train acc=0.8287109375 loss=20.23357990384102 epoch=47 and step=40
2026-04-27 09:34:03,876 - SplitNNClient - INFO - 24884 - phase=train acc=0.824609375 loss=20.633237659931183 epoch=47 and step=40
2026-04-27 09:34:03,915 - SplitNNClient - INFO - 16632 - phase=train acc=0.8025390625 loss=23.01595214009285 epoch=47 and step=40
2026-04-27 09:34:06,256 - SplitNNClient - INFO - 22652 - phase=train acc=0.8315625 loss=25.010637372732162 epoch=47 and step=50
2026-04-27 09:34:06,387 - SplitNNClient - INFO - 24884 - phase=train acc=0.82375 loss=25.824539005756378 epoch=47 and step=50
2026-04-27 09:34:06,421 - SplitNNClient - INFO - 16632 - phase=train acc=0.80140625 loss=28.652586609125137 epoch=47 and step=50
2026-04-27 09:34:08,801 - SplitNNClient - INFO - 22652 - phase=train acc=0.8342447916666667 loss=29.953273445367813 epoch=47 and step=60
2026-04-27 09:34:08,905 - SplitNNClient - INFO - 24884 - phase=train acc=0.8278645833333333 loss=30.56267559528351 epoch=47 and step=60
2026-04-27 09:34:08,974 - SplitNNClient - INFO - 16632 - phase=train acc=0.8052083333333333 loss=33.94861254096031 epoch=47 and step=60
2026-04-27 09:34:11,317 - SplitNNClient - INFO - 22652 - phase=train acc=0.8375 loss=34.39789256453514 epoch=47 and step=70
2026-04-27 09:34:11,443 - SplitNNClient - INFO - 24884 - phase=train acc=0.8276785714285714 loss=35.80214902758598 epoch=47 and step=70
2026-04-27 09:34:11,513 - SplitNNClient - INFO - 16632 - phase=train acc=0.8072544642857142 loss=38.94759824872017 epoch=47 and step=70
2026-04-27 09:34:13,847 - SplitNNClient - INFO - 22652 - phase=train acc=0.83740234375 loss=38.848904341459274 epoch=47 and step=80
2026-04-27 09:34:13,944 - SplitNNClient - INFO - 24884 - phase=train acc=0.82900390625 loss=40.688919216394424 epoch=47 and step=80
2026-04-27 09:34:14,009 - SplitNNClient - INFO - 16632 - phase=train acc=0.80888671875 loss=44.155192494392395 epoch=47 and step=80
2026-04-27 09:34:16,062 - SplitNNClient - INFO - 22652 - phase=train acc=0.8364583333333333 loss=44.06533882021904 epoch=47 and step=90
2026-04-27 09:34:16,165 - SplitNNClient - INFO - 24884 - phase=train acc=0.8276909722222222 loss=45.89583417773247 epoch=47 and step=90
2026-04-27 09:34:18,164 - SplitNNClient - INFO - 22652 - phase=train acc=0.837578125 loss=48.79155269265175 epoch=47 and step=100
2026-04-27 09:34:18,227 - SplitNNClient - INFO - 24884 - phase=train acc=0.827578125 loss=50.78034135699272 epoch=47 and step=100
2026-04-27 09:34:20,272 - SplitNNClient - INFO - 22652 - phase=train acc=0.8383522727272728 loss=53.62031000852585 epoch=47 and step=110
2026-04-27 09:34:20,307 - SplitNNClient - INFO - 24884 - phase=train acc=0.8278409090909091 loss=55.832089602947235 epoch=47 and step=110
2026-04-27 09:34:22,305 - SplitNNClient - INFO - 22652 - phase=train acc=0.837890625 loss=58.658105939626694 epoch=47 and step=120
2026-04-27 09:34:22,343 - SplitNNClient - INFO - 24884 - phase=train acc=0.8293619791666667 loss=60.402368396520615 epoch=47 and step=120
2026-04-27 09:34:24,351 - SplitNNClient - INFO - 22652 - phase=train acc=0.8368990384615385 loss=63.77967831492424 epoch=47 and step=130
2026-04-27 09:34:24,506 - SplitNNClient - INFO - 24884 - phase=train acc=0.8291466346153846 loss=65.6188693344593 epoch=47 and step=130
2026-04-27 09:34:26,469 - SplitNNClient - INFO - 22652 - phase=train acc=0.8360491071428572 loss=68.80012694001198 epoch=47 and step=140
2026-04-27 09:34:28,149 - SplitNNClient - INFO - 22652 - phase=train acc=0.83609375 loss=73.76456245779991 epoch=47 and step=150
2026-04-27 09:34:29,701 - SplitNNClient - INFO - 22652 - phase=train acc=0.836865234375 loss=78.57715818285942 epoch=47 and step=160
2026-04-27 09:34:30,868 - FedServerManager - INFO - 25788 - get all model params ---- from rank fed_server
2026-04-27 09:34:42,394 - SplitNNClient - INFO - 16632 - phase=validation acc=0.8026 loss=44.593611776828766 epoch=47 and step=79
2026-04-27 09:34:42,442 - SplitNNClient - INFO - 24884 - phase=validation acc=0.8026 loss=44.593611776828766 epoch=47 and step=79
2026-04-27 09:34:42,488 - SplitNNClient - INFO - 22652 - phase=validation acc=0.8026 loss=44.593611776828766 epoch=47 and step=79
2026-04-27 09:34:44,788 - SplitNNClient - INFO - 24884 - phase=train acc=0.81171875 loss=5.346577823162079 epoch=48 and step=10
2026-04-27 09:34:44,833 - SplitNNClient - INFO - 22652 - phase=train acc=0.81953125 loss=5.329058855772018 epoch=48 and step=10
2026-04-27 09:34:44,961 - SplitNNClient - INFO - 16632 - phase=train acc=0.7796875 loss=6.64048245549202 epoch=48 and step=10
2026-04-27 09:34:47,132 - SplitNNClient - INFO - 24884 - phase=train acc=0.82578125 loss=10.12566289305687 epoch=48 and step=20
2026-04-27 09:34:47,225 - SplitNNClient - INFO - 22652 - phase=train acc=0.826171875 loss=10.32358494400978 epoch=48 and step=20
2026-04-27 09:34:47,318 - SplitNNClient - INFO - 16632 - phase=train acc=0.797265625 loss=12.108713120222092 epoch=48 and step=20
2026-04-27 09:34:49,493 - SplitNNClient - INFO - 24884 - phase=train acc=0.82421875 loss=15.261007368564606 epoch=48 and step=30
2026-04-27 09:34:49,646 - SplitNNClient - INFO - 22652 - phase=train acc=0.8315104166666667 loss=14.948123812675476 epoch=48 and step=30
2026-04-27 09:34:49,680 - SplitNNClient - INFO - 16632 - phase=train acc=0.8010416666666667 loss=17.88985538482666 epoch=48 and step=30
2026-04-27 09:34:51,957 - SplitNNClient - INFO - 24884 - phase=train acc=0.8306640625 loss=19.732205271720886 epoch=48 and step=40
2026-04-27 09:34:52,030 - SplitNNClient - INFO - 22652 - phase=train acc=0.8294921875 loss=19.850415349006653 epoch=48 and step=40
2026-04-27 09:34:52,136 - SplitNNClient - INFO - 16632 - phase=train acc=0.805859375 loss=22.92637550830841 epoch=48 and step=40
2026-04-27 09:34:54,361 - SplitNNClient - INFO - 24884 - phase=train acc=0.83265625 loss=24.45575115084648 epoch=48 and step=50
2026-04-27 09:34:54,425 - SplitNNClient - INFO - 22652 - phase=train acc=0.8278125 loss=24.934573650360107 epoch=48 and step=50
2026-04-27 09:34:54,494 - SplitNNClient - INFO - 16632 - phase=train acc=0.80734375 loss=28.076030015945435 epoch=48 and step=50
2026-04-27 09:34:56,685 - SplitNNClient - INFO - 24884 - phase=train acc=0.8348958333333333 loss=29.24613329768181 epoch=48 and step=60
2026-04-27 09:34:56,814 - SplitNNClient - INFO - 22652 - phase=train acc=0.8287760416666666 loss=29.839977860450745 epoch=48 and step=60
2026-04-27 09:34:56,881 - SplitNNClient - INFO - 16632 - phase=train acc=0.8111979166666666 loss=33.23262041807175 epoch=48 and step=60
2026-04-27 09:34:59,103 - SplitNNClient - INFO - 24884 - phase=train acc=0.8322544642857143 loss=34.45167940855026 epoch=48 and step=70
2026-04-27 09:34:59,173 - SplitNNClient - INFO - 22652 - phase=train acc=0.8325892857142857 loss=34.19366097450256 epoch=48 and step=70
2026-04-27 09:34:59,212 - SplitNNClient - INFO - 16632 - phase=train acc=0.8146205357142857 loss=38.16893896460533 epoch=48 and step=70
2026-04-27 09:35:01,513 - SplitNNClient - INFO - 24884 - phase=train acc=0.8306640625 loss=39.60259139537811 epoch=48 and step=80
2026-04-27 09:35:01,584 - SplitNNClient - INFO - 22652 - phase=train acc=0.83408203125 loss=38.66739708185196 epoch=48 and step=80
2026-04-27 09:35:01,625 - SplitNNClient - INFO - 16632 - phase=train acc=0.81630859375 loss=43.06109157204628 epoch=48 and step=80
2026-04-27 09:35:03,743 - SplitNNClient - INFO - 24884 - phase=train acc=0.8311631944444444 loss=44.48516321182251 epoch=48 and step=90
2026-04-27 09:35:03,840 - SplitNNClient - INFO - 22652 - phase=train acc=0.8364583333333333 loss=42.9134284555912 epoch=48 and step=90
2026-04-27 09:35:05,776 - SplitNNClient - INFO - 24884 - phase=train acc=0.830078125 loss=49.74445742368698 epoch=48 and step=100
2026-04-27 09:35:05,934 - SplitNNClient - INFO - 22652 - phase=train acc=0.835625 loss=47.92954885959625 epoch=48 and step=100
2026-04-27 09:35:07,825 - SplitNNClient - INFO - 24884 - phase=train acc=0.8311789772727273 loss=54.36766338348389 epoch=48 and step=110
2026-04-27 09:35:07,979 - SplitNNClient - INFO - 22652 - phase=train acc=0.8355113636363637 loss=52.55932638049126 epoch=48 and step=110
2026-04-27 09:35:09,910 - SplitNNClient - INFO - 24884 - phase=train acc=0.832421875 loss=58.90922677516937 epoch=48 and step=120
2026-04-27 09:35:10,074 - SplitNNClient - INFO - 22652 - phase=train acc=0.8358072916666667 loss=57.32793155312538 epoch=48 and step=120
2026-04-27 09:35:11,982 - SplitNNClient - INFO - 24884 - phase=train acc=0.8334735576923077 loss=63.5580176115036 epoch=48 and step=130
2026-04-27 09:35:12,044 - SplitNNClient - INFO - 22652 - phase=train acc=0.8335336538461539 loss=63.07905438542366 epoch=48 and step=130
2026-04-27 09:35:14,168 - SplitNNClient - INFO - 22652 - phase=train acc=0.8335379464285714 loss=68.00664511322975 epoch=48 and step=140
2026-04-27 09:35:15,903 - SplitNNClient - INFO - 22652 - phase=train acc=0.8339583333333334 loss=72.84685015678406 epoch=48 and step=150
2026-04-27 09:35:17,455 - SplitNNClient - INFO - 22652 - phase=train acc=0.834326171875 loss=77.68808114528656 epoch=48 and step=160
2026-04-27 09:35:18,729 - FedServerManager - INFO - 25788 - get all model params ---- from rank fed_server
2026-04-27 09:35:30,341 - SplitNNClient - INFO - 16632 - phase=validation acc=0.8076 loss=42.43403181433678 epoch=48 and step=79
2026-04-27 09:35:30,387 - SplitNNClient - INFO - 24884 - phase=validation acc=0.8076 loss=42.43403181433678 epoch=48 and step=79
2026-04-27 09:35:30,442 - SplitNNClient - INFO - 22652 - phase=validation acc=0.8076 loss=42.43403181433678 epoch=48 and step=79
2026-04-27 09:35:31,361 - CommBreakdown - INFO - 22652 - tensor_distribution rank=1 node_type=client phase=train epoch=49 sample=late tensor=activations[0] shape=(128, 64, 16, 16) mean=1.02081 std=1.5665 min=0 max=31.9816 mean_abs=1.02081 max_abs=31.9816 p95_abs=4.11223 p99_abs=6.90073 skewness=2.62977 kurtosis=14.8766 mean_channel_std=1.4736 std_channel_std=0.407926 max_channel_scale_over_min_channel_scale=8.32038 spread=high spread_score=1.53457 outliers=medium outlier_score=2.26533 near_zero=medium near_zero_fraction=0.447629
2026-04-27 09:35:31,373 - CommBreakdown - INFO - 24884 - tensor_distribution rank=3 node_type=client phase=train epoch=49 sample=late tensor=activations[0] shape=(128, 64, 16, 16) mean=1.02399 std=1.57561 min=0 max=31.0027 mean_abs=1.02399 max_abs=31.0027 p95_abs=4.132 p99_abs=6.96172 skewness=2.59722 kurtosis=14.0949 mean_channel_std=1.48109 std_channel_std=0.414484 max_channel_scale_over_min_channel_scale=7.41991 spread=high spread_score=1.53869 outliers=medium outlier_score=2.2797 near_zero=medium near_zero_fraction=0.449474
2026-04-27 09:35:31,376 - CommBreakdown - INFO - 16632 - tensor_distribution rank=2 node_type=client phase=train epoch=49 sample=late tensor=activations[0] shape=(128, 64, 16, 16) mean=1.02075 std=1.5626 min=0 max=29.8651 mean_abs=1.02075 max_abs=29.8651 p95_abs=4.12253 p99_abs=6.85581 skewness=2.59919 kurtosis=14.4052 mean_channel_std=1.4665 std_channel_std=0.414666 max_channel_scale_over_min_channel_scale=6.60107 spread=high spread_score=1.53083 outliers=medium outlier_score=2.26064 near_zero=medium near_zero_fraction=0.445533
2026-04-27 09:35:32,470 - CommBreakdown - INFO - 15572 - tensor_distribution rank=0 node_type=server phase=train epoch=49 sample=late tensor=activation_grads shape=(128, 64, 16, 16) mean=-7.80034e-11 std=1.59744e-05 min=-0.000551352 max=0.000592493 mean_abs=7.06939e-06 max_abs=0.000592493 p95_abs=3.05379e-05 p99_abs=6.90137e-05 skewness=-0.000735948 kurtosis=3.50922e-06 mean_channel_std=1.57172e-05 std_channel_std=2.85511e-06 max_channel_scale_over_min_channel_scale=4.11529 spread=high spread_score=2.25966 outliers=high outlier_score=3.78762 near_zero=medium near_zero_fraction=0.248669
2026-04-27 09:36:04,610 - SplitNNClient - INFO - 24884 - phase=train acc=0.81171875 loss=5.310526639223099 epoch=49 and step=10
2026-04-27 09:36:05,756 - SplitNNClient - INFO - 22652 - phase=train acc=0.81484375 loss=5.316277235746384 epoch=49 and step=10
2026-04-27 09:36:06,915 - SplitNNClient - INFO - 16632 - phase=train acc=0.7796875 loss=6.405252933502197 epoch=49 and step=10
2026-04-27 09:36:39,681 - SplitNNClient - INFO - 24884 - phase=train acc=0.8328125 loss=9.666644960641861 epoch=49 and step=20
2026-04-27 09:36:40,832 - SplitNNClient - INFO - 22652 - phase=train acc=0.81796875 loss=10.430653542280197 epoch=49 and step=20
2026-04-27 09:36:41,980 - SplitNNClient - INFO - 16632 - phase=train acc=0.8015625 loss=11.431993752717972 epoch=49 and step=20
2026-04-27 09:37:14,692 - SplitNNClient - INFO - 24884 - phase=train acc=0.8317708333333333 loss=14.767840504646301 epoch=49 and step=30
2026-04-27 09:37:15,841 - SplitNNClient - INFO - 22652 - phase=train acc=0.8234375 loss=15.52812173962593 epoch=49 and step=30
2026-04-27 09:37:17,086 - SplitNNClient - INFO - 16632 - phase=train acc=0.81171875 loss=16.483234614133835 epoch=49 and step=30
2026-04-27 09:37:49,623 - SplitNNClient - INFO - 24884 - phase=train acc=0.8318359375 loss=19.76054361462593 epoch=49 and step=40
2026-04-27 09:37:50,864 - SplitNNClient - INFO - 22652 - phase=train acc=0.8279296875 loss=20.281555473804474 epoch=49 and step=40
2026-04-27 09:37:51,990 - SplitNNClient - INFO - 16632 - phase=train acc=0.813671875 loss=21.756262004375458 epoch=49 and step=40
2026-04-27 09:38:24,873 - SplitNNClient - INFO - 24884 - phase=train acc=0.83203125 loss=24.570625633001328 epoch=49 and step=50
2026-04-27 09:38:26,053 - SplitNNClient - INFO - 22652 - phase=train acc=0.83140625 loss=24.862912327051163 epoch=49 and step=50
2026-04-27 09:38:27,207 - SplitNNClient - INFO - 16632 - phase=train acc=0.815625 loss=26.852063804864883 epoch=49 and step=50
2026-04-27 09:38:59,767 - SplitNNClient - INFO - 24884 - phase=train acc=0.8317708333333333 loss=29.507986307144165 epoch=49 and step=60
2026-04-27 09:39:01,011 - SplitNNClient - INFO - 22652 - phase=train acc=0.833203125 loss=29.402374297380447 epoch=49 and step=60
2026-04-27 09:39:02,128 - SplitNNClient - INFO - 16632 - phase=train acc=0.819921875 loss=31.503790259361267 epoch=49 and step=60
2026-04-27 09:39:34,703 - SplitNNClient - INFO - 24884 - phase=train acc=0.8321428571428572 loss=33.974521815776825 epoch=49 and step=70
2026-04-27 09:39:35,884 - SplitNNClient - INFO - 22652 - phase=train acc=0.8362723214285714 loss=33.708231031894684 epoch=49 and step=70
2026-04-27 09:39:37,033 - SplitNNClient - INFO - 16632 - phase=train acc=0.82109375 loss=36.64048019051552 epoch=49 and step=70
2026-04-27 09:40:09,604 - SplitNNClient - INFO - 24884 - phase=train acc=0.83291015625 loss=39.22616919875145 epoch=49 and step=80
2026-04-27 09:40:10,758 - SplitNNClient - INFO - 22652 - phase=train acc=0.83779296875 loss=38.05655810236931 epoch=49 and step=80
2026-04-27 09:40:11,973 - SplitNNClient - INFO - 16632 - phase=train acc=0.8234375 loss=41.58737954497337 epoch=49 and step=80
2026-04-27 09:40:37,423 - SplitNNClient - INFO - 24884 - phase=train acc=0.8338541666666667 loss=43.85291838645935 epoch=49 and step=90
2026-04-27 09:40:38,602 - SplitNNClient - INFO - 22652 - phase=train acc=0.8392361111111111 loss=42.47880446910858 epoch=49 and step=90
2026-04-27 09:41:00,763 - SplitNNClient - INFO - 24884 - phase=train acc=0.833203125 loss=48.933613657951355 epoch=49 and step=100
2026-04-27 09:41:01,912 - SplitNNClient - INFO - 22652 - phase=train acc=0.84015625 loss=47.17372611165047 epoch=49 and step=100
2026-04-27 09:41:24,006 - SplitNNClient - INFO - 24884 - phase=train acc=0.8342329545454545 loss=53.50599658489227 epoch=49 and step=110
2026-04-27 09:41:25,189 - SplitNNClient - INFO - 22652 - phase=train acc=0.8419744318181818 loss=51.553733080625534 epoch=49 and step=110
2026-04-27 09:41:47,244 - SplitNNClient - INFO - 24884 - phase=train acc=0.8361979166666667 loss=57.86155292391777 epoch=49 and step=120
2026-04-27 09:41:48,430 - SplitNNClient - INFO - 22652 - phase=train acc=0.8419270833333333 loss=56.063769578933716 epoch=49 and step=120
2026-04-27 09:42:10,631 - SplitNNClient - INFO - 24884 - phase=train acc=0.8356971153846153 loss=62.61748254299164 epoch=49 and step=130
2026-04-27 09:42:11,787 - SplitNNClient - INFO - 22652 - phase=train acc=0.8408052884615385 loss=61.28792265057564 epoch=49 and step=130
2026-04-27 09:42:34,360 - SplitNNClient - INFO - 22652 - phase=train acc=0.8397321428571428 loss=66.40422734618187 epoch=49 and step=140
2026-04-27 09:42:53,828 - SplitNNClient - INFO - 22652 - phase=train acc=0.8400520833333334 loss=71.16333866119385 epoch=49 and step=150
2026-04-27 09:43:13,277 - SplitNNClient - INFO - 22652 - phase=train acc=0.8388671875 loss=76.39025697112083 epoch=49 and step=160
2026-04-27 09:43:26,927 - FedServerManager - INFO - 25788 - get all model params ---- from rank fed_server
2026-04-27 09:43:38,561 - SplitNNClient - INFO - 16632 - phase=validation acc=0.8162 loss=41.71146288514137 epoch=49 and step=79
2026-04-27 09:43:38,581 - CommBreakdown - INFO - 16632 - rank=2 node_type=client total_send=16948395824 total_receive=8743445488 send_by_category={'ACTS': 16916721500, 'MODEL': 31662900, 'OTHER': 11424} recv_by_category={'GRADS': 8711773900, 'MODEL': 31660500, 'OTHER': 11088} send_by_type={2: 16916721500, 7: 31662900, 3: 5600, 4: 5600, 5: 224} recv_by_type={1: 8711773900, 8: 31660500, 11: 5600, 12: 5488} mm_send_by_type={2: 16916494700, 7: 31661500, 3: 4200, 4: 4200, 5: 168} mm_recv_by_type={1: 8711773900, 8: 31660500, 11: 5600, 12: 5488}
2026-04-27 09:43:38,605 - init_client - INFO - 16632 - Client 2 run end
2026-04-27 09:43:38,605 - SplitNNClient - INFO - 24884 - phase=validation acc=0.8162 loss=41.71146288514137 epoch=49 and step=79
2026-04-27 09:43:38,625 - CommBreakdown - INFO - 24884 - rank=3 node_type=client total_send=22827869424 total_receive=14620197488 send_by_category={'ACTS': 22796195100, 'MODEL': 31662900, 'OTHER': 11424} recv_by_category={'GRADS': 14588525900, 'MODEL': 31660500, 'OTHER': 11088} send_by_type={2: 22796195100, 7: 31662900, 3: 5600, 4: 5600, 5: 224} recv_by_type={1: 14588525900, 8: 31660500, 11: 5600, 12: 5488} mm_send_by_type={2: 22795889900, 7: 31661500, 3: 4200, 4: 4200, 5: 168} mm_recv_by_type={1: 14588525900, 8: 31660500, 11: 5600, 12: 5488}
2026-04-27 09:43:38,650 - init_client - INFO - 24884 - Client 3 run end
2026-04-27 09:43:38,662 - SplitNNClient - INFO - 22652 - phase=validation acc=0.8162 loss=41.71146288514137 epoch=49 and step=79
2026-04-27 09:43:38,678 - CommBreakdown - INFO - 15572 - rank=0 node_type=server total_send=40827234964 total_receive=65448882436 send_by_category={'GRADS': 40827201700, 'OTHER': 33264} recv_by_category={'ACTS': 65448848500, 'OTHER': 33936} send_by_type={1: 40827201700, 11: 16800, 12: 16464} recv_by_type={2: 65448848500, 3: 16800, 4: 16800, 5: 336} mm_send_by_type={1: 40826325300, 11: 12600, 12: 12348} mm_recv_by_type={2: 65448848500, 3: 16800, 4: 16800, 5: 336}
2026-04-27 09:43:38,683 - CommBreakdown - INFO - 22652 - rank=1 node_type=client total_send=25767606224 total_receive=17558573488 send_by_category={'ACTS': 25735931900, 'MODEL': 31662900, 'OTHER': 11424} recv_by_category={'GRADS': 17526901900, 'MODEL': 31660500, 'OTHER': 11088} send_by_type={2: 25735931900, 7: 31662900, 3: 5600, 4: 5600, 5: 224} recv_by_type={1: 17526901900, 8: 31660500, 11: 5600, 12: 5488} mm_send_by_type={2: 25735587500, 7: 31661500, 3: 4200, 4: 4200, 5: 168} mm_recv_by_type={1: 17526901900, 8: 31660500, 11: 5600, 12: 5488}
2026-04-27 09:43:38,683 - CommBreakdown - INFO - 25788 - rank=4 node_type=server total_send=94981500 total_receive=94989036 send_by_category={'MODEL': 94981500} recv_by_category={'MODEL': 94988700, 'OTHER': 336} send_by_type={8: 94981500} recv_by_type={7: 94988700, 5: 336} mm_send_by_type={8: 94977300} mm_recv_by_type={7: 94988700, 5: 336}
2026-04-27 09:43:38,704 - init_fed_server - INFO - 25788 - FedServer run end
2026-04-27 09:43:38,709 - init_server - INFO - 15572 - Server run end
2026-04-27 09:43:38,710 - init_client - INFO - 22652 - Client 1 run end
