2026-04-20 14:29:59,222 - datasetFactory - INFO - 18296 - cifar10
2026-04-20 14:29:59,298 - datasetFactory - INFO - 21672 - cifar10
2026-04-20 14:29:59,298 - datasetFactory - INFO - 23588 - cifar10
2026-04-20 14:29:59,375 - TorchvisionDatasetController - INFO - 18296 - <bound method DataPartitioner.homo of <datasets.Partition_Data.DataPartitioner object at 0x000001CA090AF380>>
2026-04-20 14:29:59,376 - DataPartitioner - INFO - 18296 - homo
2026-04-20 14:29:59,376 - TorchvisionDatasetController - INFO - 18296 - F:\phd\Split-Experiments\Split-Framework\datasets\downloads
2026-04-20 14:29:59,379 - main - INFO - 21672 - Process 4 initialized with device: cpu
2026-04-20 14:29:59,379 - SplitNN_distributed - INFO - 21672 - process_id == fed_server_rank : 4
ner.homo of <datasets.Partition_Data.DataPartitioner object at 0x0000021E500B65A0>>
2026-04-20 14:29:59,379 - DataPartitioner - INFO - 17400 - homo
2026-04-20 14:29:59,379 - TorchvisionDatasetController - INFO - 17400 - F:\phd\Split-Experiments\Split-Framework\datasets\downloads
2026-04-20 14:29:59,379 - TorchvisionDatasetController - INFO - 22124 - <bound method DataPartitioner.homo of <datasets.Partition_Data.DataPartitioner object at 0x0000019383391040>>
2026-04-20 14:29:59,379 - DataPartitioner - INFO - 22124 - homo
2026-04-20 14:29:59,379 - TorchvisionDatasetController - INFO - 22124 - F:\phd\Split-Experiments\Split-Framework\datasets\downloads
2026-04-20 14:29:59,383 - TorchvisionDatasetController - INFO - 23588 - <bound method DataPartitioner.homo of <datasets.Partition_Data.DataPartitioner object at 0x0000017F971DBC50>>
2026-04-20 14:29:59,383 - DataPartitioner - INFO - 23588 - homo
2026-04-20 14:29:59,383 - TorchvisionDatasetController - INFO - 23588 - F:\phd\Split-Experiments\Split-Framework\datasets\downloads
2026-04-20 14:29:59,568 - init_fed_server - INFO - 21672 - FedServer run begin SplitFed
2026-04-20 14:30:00,616 - TorchvisionDatasetController - INFO - 17400 - rank = 1, local_sample_number = 16667
2026-04-20 14:30:00,617 - TorchvisionDatasetController - INFO - 23588 - rank = 3, local_sample_number = 16666
2026-04-20 14:30:01,861 - TorchvisionDatasetController - INFO - 18296 - train_dl_global number = 390
2026-04-20 14:30:01,861 - TorchvisionDatasetController - INFO - 18296 - test_dl_global number = 79
2026-04-20 14:30:01,868 - main - INFO - 18296 - Process 0 initialized with device: cuda:0
2026-04-20 14:30:01,868 - SplitNN_distributed - INFO - 18296 - process_id == server_rank : 0
2026-04-20 14:30:01,893 - init_server - INFO - 18296 - Server run begin SplitFed
2026-04-20 14:30:01,895 - TorchvisionDatasetController - INFO - 22124 - process_id = 2, batch_num_train_local = 130, batch_num_test_local = 79
2026-04-20 14:30:01,895 - TorchvisionDatasetController - INFO - 23588 - process_id = 3, batch_num_train_local = 130, batch_num_test_local = 79
2026-04-20 14:30:01,895 - TorchvisionDatasetController - INFO - 17400 - process_id = 1, batch_num_train_local = 130, batch_num_test_local = 79
2026-04-20 14:30:01,903 - main - INFO - 22124 - Process 2 initialized with device: cpu
2026-04-20 14:30:01,903 - SplitNN_distributed - INFO - 22124 - process_id == client_rank : 2
2026-04-20 14:30:01,904 - main - INFO - 23588 - Process 3 initialized with device: cpu
2026-04-20 14:30:01,904 - main - INFO - 17400 - Process 1 initialized with device: cpu
2026-04-20 14:30:01,904 - SplitNN_distributed - INFO - 23588 - process_id == client_rank : 3
2026-04-20 14:30:01,904 - SplitNN_distributed - INFO - 17400 - process_id == client_rank : 1
2026-04-20 14:30:01,921 - init_client - INFO - 22124 - Client 2 run begin
2026-04-20 14:30:01,922 - init_client - INFO - 17400 - Client 1 run begin
2026-04-20 14:30:01,922 - init_client - INFO - 23588 - Client 3 run begin
2026-04-20 14:30:02,804 - CommBreakdown - INFO - 23588 - tensor_distribution rank=3 node_type=client phase=train epoch=0 sample=early tensor=activations[0] shape=(128, 64, 16, 16) mean=0.866632 std=1.08328 min=0 max=14.2433 mean_abs=0.866632 max_abs=14.2433 p95_abs=3.03293 p99_abs=4.67912 skewness=1.8749 kurtosis=7.9649 mean_channel_std=1.07342 std_channel_std=0.139862 max_channel_scale_over_min_channel_scale=2.36918 spread=medium spread_score=1.24998 outliers=medium outlier_score=2.02294 near_zero=medium near_zero_fraction=0.349689
2026-04-20 14:30:02,872 - CommBreakdown - INFO - 17400 - tensor_distribution rank=1 node_type=client phase=train epoch=0 sample=early tensor=activations[0] shape=(128, 64, 16, 16) mean=0.865426 std=1.08486 min=0 max=14.7699 mean_abs=0.865426 max_abs=14.7699 p95_abs=3.04384 p99_abs=4.67434 skewness=1.86704 kurtosis=7.86182 mean_channel_std=1.07524 std_channel_std=0.138712 max_channel_scale_over_min_channel_scale=2.30849 spread=high spread_score=1.25355 outliers=medium outlier_score=2.01402 near_zero=medium near_zero_fraction=0.351191
2026-04-20 14:30:02,887 - CommBreakdown - INFO - 22124 - tensor_distribution rank=2 node_type=client phase=train epoch=0 sample=early tensor=activations[0] shape=(128, 64, 16, 16) mean=0.866457 std=1.08161 min=0 max=17.2259 mean_abs=0.866457 max_abs=17.2259 p95_abs=3.03498 p99_abs=4.66224 skewness=1.85908 kurtosis=7.88551 mean_channel_std=1.07202 std_channel_std=0.137633 max_channel_scale_over_min_channel_scale=2.75037 spread=medium spread_score=1.24831 outliers=medium outlier_score=2.01235 near_zero=medium near_zero_fraction=0.349895
2026-04-20 14:30:04,449 - CommBreakdown - INFO - 18296 - tensor_distribution rank=0 node_type=server phase=train epoch=0 sample=early tensor=activation_grads shape=(128, 64, 16, 16) mean=2.4984e-10 std=5.71845e-05 min=-0.000506562 max=0.000511789 mean_abs=4.16342e-05 max_abs=0.000511789 p95_abs=0.000119395 p99_abs=0.000181031 skewness=0.000955011 kurtosis=5.75258e-05 mean_channel_std=5.71603e-05 std_channel_std=1.66459e-06 max_channel_scale_over_min_channel_scale=1.64821 spread=high spread_score=1.3735 outliers=medium outlier_score=1.95181 near_zero=low near_zero_fraction=0.0801716
2026-04-20 14:30:37,193 - SplitNNClient - INFO - 22124 - phase=train acc=0.1 loss=36.04627966880798 epoch=0 and step=10
2026-04-20 14:30:38,344 - SplitNNClient - INFO - 17400 - phase=train acc=0.09296875 loss=34.642677545547485 epoch=0 and step=10
2026-04-20 14:30:39,614 - SplitNNClient - INFO - 23588 - phase=train acc=0.08515625 loss=35.2641384601593 epoch=0 and step=10
2026-04-20 14:31:13,249 - SplitNNClient - INFO - 22124 - phase=train acc=0.11015625 loss=64.27776050567627 epoch=0 and step=20
2026-04-20 14:31:14,492 - SplitNNClient - INFO - 17400 - phase=train acc=0.113671875 loss=60.40914249420166 epoch=0 and step=20
2026-04-20 14:31:15,675 - SplitNNClient - INFO - 23588 - phase=train acc=0.1 loss=61.82525944709778 epoch=0 and step=20
2026-04-20 14:31:49,616 - SplitNNClient - INFO - 22124 - phase=train acc=0.11953125 loss=88.75422382354736 epoch=0 and step=30
2026-04-20 14:31:50,978 - SplitNNClient - INFO - 17400 - phase=train acc=0.11822916666666666 loss=84.84993481636047 epoch=0 and step=30
2026-04-20 14:31:52,187 - SplitNNClient - INFO - 23588 - phase=train acc=0.11744791666666667 loss=85.15206170082092 epoch=0 and step=30
2026-04-20 14:32:27,057 - SplitNNClient - INFO - 22124 - phase=train acc=0.1373046875 loss=111.52688264846802 epoch=0 and step=40
2026-04-20 14:32:28,264 - SplitNNClient - INFO - 17400 - phase=train acc=0.1310546875 loss=107.86314511299133 epoch=0 and step=40
2026-04-20 14:32:29,506 - SplitNNClient - INFO - 23588 - phase=train acc=0.13359375 loss=107.17332625389099 epoch=0 and step=40
2026-04-20 14:33:04,131 - SplitNNClient - INFO - 22124 - phase=train acc=0.14125 loss=133.53957200050354 epoch=0 and step=50
2026-04-20 14:33:05,341 - SplitNNClient - INFO - 17400 - phase=train acc=0.1403125 loss=129.75856399536133 epoch=0 and step=50
2026-04-20 14:33:06,675 - SplitNNClient - INFO - 23588 - phase=train acc=0.1403125 loss=129.02917551994324 epoch=0 and step=50
2026-04-20 14:33:41,247 - SplitNNClient - INFO - 22124 - phase=train acc=0.15221354166666667 loss=155.050142288208 epoch=0 and step=60
2026-04-20 14:33:42,513 - SplitNNClient - INFO - 17400 - phase=train acc=0.1546875 loss=150.83923387527466 epoch=0 and step=60
2026-04-20 14:33:43,724 - SplitNNClient - INFO - 23588 - phase=train acc=0.15130208333333334 loss=149.9885321855545 epoch=0 and step=60
2026-04-20 14:34:17,920 - SplitNNClient - INFO - 22124 - phase=train acc=0.15736607142857142 loss=176.24507808685303 epoch=0 and step=70
2026-04-20 14:34:19,038 - SplitNNClient - INFO - 17400 - phase=train acc=0.16216517857142856 loss=171.9153413772583 epoch=0 and step=70
2026-04-20 14:34:20,313 - SplitNNClient - INFO - 23588 - phase=train acc=0.15792410714285715 loss=171.18264257907867 epoch=0 and step=70
2026-04-20 14:34:54,547 - SplitNNClient - INFO - 22124 - phase=train acc=0.1630859375 loss=197.18604063987732 epoch=0 and step=80
2026-04-20 14:34:55,729 - SplitNNClient - INFO - 17400 - phase=train acc=0.16630859375 loss=192.8689422607422 epoch=0 and step=80
2026-04-20 14:34:56,972 - SplitNNClient - INFO - 23588 - phase=train acc=0.164453125 loss=191.9404343366623 epoch=0 and step=80
2026-04-20 14:35:31,232 - SplitNNClient - INFO - 22124 - phase=train acc=0.16805555555555557 loss=217.88492250442505 epoch=0 and step=90
2026-04-20 14:35:32,414 - SplitNNClient - INFO - 17400 - phase=train acc=0.17369791666666667 loss=212.947811961174 epoch=0 and step=90
2026-04-20 14:35:33,566 - SplitNNClient - INFO - 23588 - phase=train acc=0.17317708333333334 loss=212.20521533489227 epoch=0 and step=90
2026-04-20 14:36:07,578 - SplitNNClient - INFO - 22124 - phase=train acc=0.17375 loss=238.8338384628296 epoch=0 and step=100
2026-04-20 14:36:08,732 - SplitNNClient - INFO - 17400 - phase=train acc=0.1790625 loss=233.33993256092072 epoch=0 and step=100
2026-04-20 14:36:09,877 - SplitNNClient - INFO - 23588 - phase=train acc=0.180546875 loss=232.07373750209808 epoch=0 and step=100
2026-04-20 14:36:43,971 - SplitNNClient - INFO - 22124 - phase=train acc=0.17798295454545454 loss=259.1462643146515 epoch=0 and step=110
2026-04-20 14:36:45,210 - SplitNNClient - INFO - 17400 - phase=train acc=0.18288352272727273 loss=253.61736571788788 epoch=0 and step=110
2026-04-20 14:36:46,424 - SplitNNClient - INFO - 23588 - phase=train acc=0.18522727272727274 loss=252.09297358989716 epoch=0 and step=110
2026-04-20 14:37:20,329 - SplitNNClient - INFO - 22124 - phase=train acc=0.18307291666666667 loss=279.05093717575073 epoch=0 and step=120
2026-04-20 14:37:21,597 - SplitNNClient - INFO - 17400 - phase=train acc=0.18873697916666668 loss=273.4033361673355 epoch=0 and step=120
2026-04-20 14:37:22,807 - SplitNNClient - INFO - 23588 - phase=train acc=0.18977864583333334 loss=272.37650096416473 epoch=0 and step=120
2026-04-20 14:37:56,956 - SplitNNClient - INFO - 22124 - phase=train acc=0.18798076923076923 loss=298.94498002529144 epoch=0 and step=130
2026-04-20 14:37:58,077 - SplitNNClient - INFO - 17400 - phase=train acc=0.1921875 loss=293.57898557186127 epoch=0 and step=130
2026-04-20 14:37:59,224 - SplitNNClient - INFO - 23588 - phase=train acc=0.19399038461538462 loss=292.7196662425995 epoch=0 and step=130
2026-04-20 14:37:59,286 - FedServerManager - INFO - 21672 - get all model params ---- from rank fed_server
2026-04-20 14:38:10,623 - SplitNNClient - INFO - 22124 - phase=validation acc=0.1123 loss=182.03181958198547 epoch=0 and step=79
2026-04-20 14:38:10,664 - SplitNNClient - INFO - 17400 - phase=validation acc=0.1123 loss=182.03181958198547 epoch=0 and step=79
2026-04-20 14:38:10,726 - SplitNNClient - INFO - 23588 - phase=validation acc=0.1123 loss=182.03181958198547 epoch=0 and step=79
2026-04-20 14:38:12,946 - SplitNNClient - INFO - 23588 - phase=train acc=0.178125 loss=22.20737338066101 epoch=1 and step=10
2026-04-20 14:38:12,990 - SplitNNClient - INFO - 17400 - phase=train acc=0.1703125 loss=23.22741675376892 epoch=1 and step=10
2026-04-20 14:38:13,057 - SplitNNClient - INFO - 22124 - phase=train acc=0.2078125 loss=22.051743268966675 epoch=1 and step=10
2026-04-20 14:38:15,134 - SplitNNClient - INFO - 23588 - phase=train acc=0.18984375 loss=43.08691143989563 epoch=1 and step=20
2026-04-20 14:38:15,205 - SplitNNClient - INFO - 17400 - phase=train acc=0.1984375 loss=44.3390771150589 epoch=1 and step=20
2026-04-20 14:38:15,303 - SplitNNClient - INFO - 22124 - phase=train acc=0.20390625 loss=42.90225267410278 epoch=1 and step=20
2026-04-20 14:38:17,397 - SplitNNClient - INFO - 23588 - phase=train acc=0.20234375 loss=63.687297105789185 epoch=1 and step=30
2026-04-20 14:38:17,467 - SplitNNClient - INFO - 17400 - phase=train acc=0.20546875 loss=64.47138714790344 epoch=1 and step=30
2026-04-20 14:38:17,536 - SplitNNClient - INFO - 22124 - phase=train acc=0.20807291666666666 loss=63.1467559337616 epoch=1 and step=30
2026-04-20 14:38:19,695 - SplitNNClient - INFO - 23588 - phase=train acc=0.212890625 loss=83.47015416622162 epoch=1 and step=40
2026-04-20 14:38:19,733 - SplitNNClient - INFO - 17400 - phase=train acc=0.2103515625 loss=84.79353475570679 epoch=1 and step=40
2026-04-20 14:38:19,794 - SplitNNClient - INFO - 22124 - phase=train acc=0.2134765625 loss=83.3933390378952 epoch=1 and step=40
2026-04-20 14:38:21,885 - SplitNNClient - INFO - 23588 - phase=train acc=0.2184375 loss=103.24260139465332 epoch=1 and step=50
2026-04-20 14:38:21,986 - SplitNNClient - INFO - 17400 - phase=train acc=0.21859375 loss=104.29930472373962 epoch=1 and step=50
2026-04-20 14:38:22,058 - SplitNNClient - INFO - 22124 - phase=train acc=0.21921875 loss=103.1766767501831 epoch=1 and step=50
2026-04-20 14:38:24,242 - SplitNNClient - INFO - 23588 - phase=train acc=0.22096354166666668 loss=122.93787848949432 epoch=1 and step=60
2026-04-20 14:38:24,311 - SplitNNClient - INFO - 17400 - phase=train acc=0.22473958333333333 loss=124.06733191013336 epoch=1 and step=60
2026-04-20 14:38:24,412 - SplitNNClient - INFO - 22124 - phase=train acc=0.22643229166666667 loss=122.51521050930023 epoch=1 and step=60
2026-04-20 14:38:26,492 - SplitNNClient - INFO - 23588 - phase=train acc=0.22645089285714284 loss=142.66554260253906 epoch=1 and step=70
2026-04-20 14:38:26,563 - SplitNNClient - INFO - 17400 - phase=train acc=0.23080357142857144 loss=143.38157320022583 epoch=1 and step=70
2026-04-20 14:38:26,690 - SplitNNClient - INFO - 22124 - phase=train acc=0.23627232142857144 loss=141.7845070362091 epoch=1 and step=70
2026-04-20 14:38:28,725 - SplitNNClient - INFO - 23588 - phase=train acc=0.23388671875 loss=161.99696671962738 epoch=1 and step=80
2026-04-20 14:38:28,819 - SplitNNClient - INFO - 17400 - phase=train acc=0.2376953125 loss=162.06084847450256 epoch=1 and step=80
2026-04-20 14:38:28,913 - SplitNNClient - INFO - 22124 - phase=train acc=0.24013671875 loss=160.94681560993195 epoch=1 and step=80
2026-04-20 14:38:31,019 - SplitNNClient - INFO - 23588 - phase=train acc=0.23923611111111112 loss=180.9678008556366 epoch=1 and step=90
2026-04-20 14:38:31,091 - SplitNNClient - INFO - 17400 - phase=train acc=0.24444444444444444 loss=181.07132232189178 epoch=1 and step=90
2026-04-20 14:38:31,189 - SplitNNClient - INFO - 22124 - phase=train acc=0.24288194444444444 loss=180.78640401363373 epoch=1 and step=90
2026-04-20 14:38:33,336 - SplitNNClient - INFO - 23588 - phase=train acc=0.24390625 loss=199.7135419845581 epoch=1 and step=100
2026-04-20 14:38:33,378 - SplitNNClient - INFO - 17400 - phase=train acc=0.2496875 loss=199.7015655040741 epoch=1 and step=100
2026-04-20 14:38:33,415 - SplitNNClient - INFO - 22124 - phase=train acc=0.2459375 loss=200.07240283489227 epoch=1 and step=100
2026-04-20 14:38:35,547 - SplitNNClient - INFO - 23588 - phase=train acc=0.24758522727272728 loss=218.73766720294952 epoch=1 and step=110
2026-04-20 14:38:35,618 - SplitNNClient - INFO - 17400 - phase=train acc=0.25504261363636366 loss=218.48935103416443 epoch=1 and step=110
2026-04-20 14:38:35,667 - SplitNNClient - INFO - 22124 - phase=train acc=0.2497159090909091 loss=218.6449624300003 epoch=1 and step=110
2026-04-20 14:38:37,754 - SplitNNClient - INFO - 23588 - phase=train acc=0.25234375 loss=237.54605758190155 epoch=1 and step=120
2026-04-20 14:38:37,826 - SplitNNClient - INFO - 17400 - phase=train acc=0.2578125 loss=237.2964893579483 epoch=1 and step=120
2026-04-20 14:38:37,926 - SplitNNClient - INFO - 22124 - phase=train acc=0.253125 loss=237.84526646137238 epoch=1 and step=120
2026-04-20 14:38:40,029 - SplitNNClient - INFO - 23588 - phase=train acc=0.2544471153846154 loss=256.46234381198883 epoch=1 and step=130
2026-04-20 14:38:40,070 - SplitNNClient - INFO - 17400 - phase=train acc=0.2631009615384615 loss=255.60993313789368 epoch=1 and step=130
2026-04-20 14:38:40,193 - SplitNNClient - INFO - 22124 - phase=train acc=0.2546875 loss=256.6663979291916 epoch=1 and step=130
2026-04-20 14:38:40,259 - FedServerManager - INFO - 21672 - get all model params ---- from rank fed_server
2026-04-20 14:38:51,745 - SplitNNClient - INFO - 17400 - phase=validation acc=0.2868 loss=159.6515074968338 epoch=1 and step=79
2026-04-20 14:38:51,787 - SplitNNClient - INFO - 23588 - phase=validation acc=0.2868 loss=159.6515074968338 epoch=1 and step=79
2026-04-20 14:38:51,820 - SplitNNClient - INFO - 22124 - phase=validation acc=0.2868 loss=159.6515074968338 epoch=1 and step=79
2026-04-20 14:38:54,010 - SplitNNClient - INFO - 23588 - phase=train acc=0.26171875 loss=19.1343754529953 epoch=2 and step=10
2026-04-20 14:38:54,052 - SplitNNClient - INFO - 22124 - phase=train acc=0.2625 loss=19.280075550079346 epoch=2 and step=10
2026-04-20 14:38:54,179 - SplitNNClient - INFO - 17400 - phase=train acc=0.284375 loss=19.087916135787964 epoch=2 and step=10
2026-04-20 14:38:56,328 - SplitNNClient - INFO - 23588 - phase=train acc=0.26328125 loss=38.32992100715637 epoch=2 and step=20
2026-04-20 14:38:56,411 - SplitNNClient - INFO - 22124 - phase=train acc=0.275 loss=38.13851797580719 epoch=2 and step=20
2026-04-20 14:38:56,601 - SplitNNClient - INFO - 17400 - phase=train acc=0.283984375 loss=37.47235345840454 epoch=2 and step=20
2026-04-20 14:38:58,532 - SplitNNClient - INFO - 23588 - phase=train acc=0.27057291666666666 loss=57.18910098075867 epoch=2 and step=30
2026-04-20 14:38:58,705 - SplitNNClient - INFO - 22124 - phase=train acc=0.28359375 loss=56.501967906951904 epoch=2 and step=30
2026-04-20 14:38:58,844 - SplitNNClient - INFO - 17400 - phase=train acc=0.2911458333333333 loss=56.388644099235535 epoch=2 and step=30
2026-04-20 14:39:00,812 - SplitNNClient - INFO - 23588 - phase=train acc=0.275 loss=76.15522515773773 epoch=2 and step=40
2026-04-20 14:39:01,008 - SplitNNClient - INFO - 22124 - phase=train acc=0.29453125 loss=74.99465489387512 epoch=2 and step=40
2026-04-20 14:39:01,084 - SplitNNClient - INFO - 17400 - phase=train acc=0.2857421875 loss=75.46685719490051 epoch=2 and step=40
2026-04-20 14:39:03,152 - SplitNNClient - INFO - 23588 - phase=train acc=0.28546875 loss=94.18973076343536 epoch=2 and step=50
2026-04-20 14:39:03,348 - SplitNNClient - INFO - 22124 - phase=train acc=0.29296875 loss=93.74107348918915 epoch=2 and step=50
2026-04-20 14:39:03,518 - SplitNNClient - INFO - 17400 - phase=train acc=0.28875 loss=94.56623899936676 epoch=2 and step=50
2026-04-20 14:39:05,523 - SplitNNClient - INFO - 23588 - phase=train acc=0.28958333333333336 loss=112.55127561092377 epoch=2 and step=60
2026-04-20 14:39:05,660 - SplitNNClient - INFO - 22124 - phase=train acc=0.2942708333333333 loss=112.18392145633698 epoch=2 and step=60
2026-04-20 14:39:05,793 - SplitNNClient - INFO - 17400 - phase=train acc=0.28932291666666665 loss=112.67765176296234 epoch=2 and step=60
2026-04-20 14:39:07,721 - SplitNNClient - INFO - 23588 - phase=train acc=0.28995535714285714 loss=130.98166131973267 epoch=2 and step=70
2026-04-20 14:39:07,998 - SplitNNClient - INFO - 22124 - phase=train acc=0.2935267857142857 loss=130.5498090982437 epoch=2 and step=70
2026-04-20 14:39:08,062 - SplitNNClient - INFO - 17400 - phase=train acc=0.29453125 loss=130.4065374135971 epoch=2 and step=70
2026-04-20 14:39:10,027 - SplitNNClient - INFO - 23588 - phase=train acc=0.29169921875 loss=149.2085165977478 epoch=2 and step=80
2026-04-20 14:39:10,341 - SplitNNClient - INFO - 22124 - phase=train acc=0.29794921875 loss=148.7000551223755 epoch=2 and step=80
2026-04-20 14:39:10,390 - SplitNNClient - INFO - 17400 - phase=train acc=0.2990234375 loss=148.35754358768463 epoch=2 and step=80
2026-04-20 14:39:12,319 - SplitNNClient - INFO - 23588 - phase=train acc=0.2950520833333333 loss=166.93877363204956 epoch=2 and step=90
2026-04-20 14:39:12,605 - SplitNNClient - INFO - 22124 - phase=train acc=0.3040798611111111 loss=166.31321465969086 epoch=2 and step=90
2026-04-20 14:39:12,702 - SplitNNClient - INFO - 17400 - phase=train acc=0.30303819444444446 loss=166.3454132080078 epoch=2 and step=90
2026-04-20 14:39:14,587 - SplitNNClient - INFO - 23588 - phase=train acc=0.299140625 loss=184.41240119934082 epoch=2 and step=100
2026-04-20 14:39:14,871 - SplitNNClient - INFO - 22124 - phase=train acc=0.30515625 loss=184.47994923591614 epoch=2 and step=100
2026-04-20 14:39:14,941 - SplitNNClient - INFO - 17400 - phase=train acc=0.303125 loss=184.41991698741913 epoch=2 and step=100
2026-04-20 14:39:16,904 - SplitNNClient - INFO - 23588 - phase=train acc=0.30319602272727275 loss=201.95753037929535 epoch=2 and step=110
2026-04-20 14:39:17,173 - SplitNNClient - INFO - 22124 - phase=train acc=0.3091619318181818 loss=202.3333990573883 epoch=2 and step=110
2026-04-20 14:39:17,247 - SplitNNClient - INFO - 17400 - phase=train acc=0.3075284090909091 loss=201.71712374687195 epoch=2 and step=110
2026-04-20 14:39:19,176 - SplitNNClient - INFO - 23588 - phase=train acc=0.30520833333333336 loss=219.67277872562408 epoch=2 and step=120
2026-04-20 14:39:19,512 - SplitNNClient - INFO - 22124 - phase=train acc=0.3115234375 loss=220.20295464992523 epoch=2 and step=120
2026-04-20 14:39:19,573 - SplitNNClient - INFO - 17400 - phase=train acc=0.311328125 loss=219.02455735206604 epoch=2 and step=120
2026-04-20 14:39:21,460 - SplitNNClient - INFO - 23588 - phase=train acc=0.3088942307692308 loss=237.12746453285217 epoch=2 and step=130
2026-04-20 14:39:21,751 - SplitNNClient - INFO - 22124 - phase=train acc=0.31430288461538464 loss=237.74371719360352 epoch=2 and step=130
2026-04-20 14:39:21,817 - SplitNNClient - INFO - 17400 - phase=train acc=0.31478365384615387 loss=236.13157391548157 epoch=2 and step=130
2026-04-20 14:39:21,876 - FedServerManager - INFO - 21672 - get all model params ---- from rank fed_server
2026-04-20 14:39:33,264 - SplitNNClient - INFO - 23588 - phase=validation acc=0.3984 loss=127.81719851493835 epoch=2 and step=79
2026-04-20 14:39:33,313 - SplitNNClient - INFO - 22124 - phase=validation acc=0.3984 loss=127.81719851493835 epoch=2 and step=79
2026-04-20 14:39:33,364 - SplitNNClient - INFO - 17400 - phase=validation acc=0.3984 loss=127.81719851493835 epoch=2 and step=79
2026-04-20 14:39:35,606 - SplitNNClient - INFO - 23588 - phase=train acc=0.3203125 loss=17.46318233013153 epoch=3 and step=10
2026-04-20 14:39:35,643 - SplitNNClient - INFO - 17400 - phase=train acc=0.340625 loss=17.560848355293274 epoch=3 and step=10
2026-04-20 14:39:35,708 - SplitNNClient - INFO - 22124 - phase=train acc=0.33125 loss=17.568211913108826 epoch=3 and step=10
2026-04-20 14:39:37,840 - SplitNNClient - INFO - 23588 - phase=train acc=0.31796875 loss=35.145362973213196 epoch=3 and step=20
2026-04-20 14:39:37,942 - SplitNNClient - INFO - 17400 - phase=train acc=0.33828125 loss=34.881844997406006 epoch=3 and step=20
2026-04-20 14:39:38,008 - SplitNNClient - INFO - 22124 - phase=train acc=0.351953125 loss=34.74410092830658 epoch=3 and step=20
2026-04-20 14:39:40,078 - SplitNNClient - INFO - 23588 - phase=train acc=0.32369791666666664 loss=52.81168305873871 epoch=3 and step=30
2026-04-20 14:39:40,183 - SplitNNClient - INFO - 17400 - phase=train acc=0.33125 loss=52.61296081542969 epoch=3 and step=30
2026-04-20 14:39:40,225 - SplitNNClient - INFO - 22124 - phase=train acc=0.3455729166666667 loss=52.43825685977936 epoch=3 and step=30
2026-04-20 14:39:42,337 - SplitNNClient - INFO - 23588 - phase=train acc=0.3279296875 loss=70.09559035301208 epoch=3 and step=40
2026-04-20 14:39:42,373 - SplitNNClient - INFO - 17400 - phase=train acc=0.335546875 loss=69.85111093521118 epoch=3 and step=40
2026-04-20 14:39:42,441 - SplitNNClient - INFO - 22124 - phase=train acc=0.348828125 loss=69.81296992301941 epoch=3 and step=40
2026-04-20 14:39:44,583 - SplitNNClient - INFO - 23588 - phase=train acc=0.33671875 loss=87.2007749080658 epoch=3 and step=50
2026-04-20 14:39:44,755 - SplitNNClient - INFO - 17400 - phase=train acc=0.34015625 loss=87.06681096553802 epoch=3 and step=50
2026-04-20 14:39:44,865 - SplitNNClient - INFO - 22124 - phase=train acc=0.35515625 loss=86.73100578784943 epoch=3 and step=50
2026-04-20 14:39:46,884 - SplitNNClient - INFO - 23588 - phase=train acc=0.34231770833333336 loss=104.21369194984436 epoch=3 and step=60
2026-04-20 14:39:47,081 - SplitNNClient - INFO - 17400 - phase=train acc=0.34479166666666666 loss=104.0132828950882 epoch=3 and step=60
2026-04-20 14:39:47,183 - SplitNNClient - INFO - 22124 - phase=train acc=0.35546875 loss=103.69028794765472 epoch=3 and step=60
2026-04-20 14:39:49,232 - SplitNNClient - INFO - 23588 - phase=train acc=0.34654017857142855 loss=121.31337249279022 epoch=3 and step=70
2026-04-20 14:39:49,425 - SplitNNClient - INFO - 17400 - phase=train acc=0.34866071428571427 loss=120.86112105846405 epoch=3 and step=70
2026-04-20 14:39:49,542 - SplitNNClient - INFO - 22124 - phase=train acc=0.35502232142857143 loss=121.23575961589813 epoch=3 and step=70
2026-04-20 14:39:51,553 - SplitNNClient - INFO - 23588 - phase=train acc=0.35068359375 loss=138.1542512178421 epoch=3 and step=80
2026-04-20 14:39:51,670 - SplitNNClient - INFO - 17400 - phase=train acc=0.35166015625 loss=138.15976524353027 epoch=3 and step=80
2026-04-20 14:39:51,838 - SplitNNClient - INFO - 22124 - phase=train acc=0.3568359375 loss=138.1598175764084 epoch=3 and step=80
2026-04-20 14:39:53,847 - SplitNNClient - INFO - 23588 - phase=train acc=0.35477430555555556 loss=154.88994526863098 epoch=3 and step=90
2026-04-20 14:39:53,948 - SplitNNClient - INFO - 17400 - phase=train acc=0.3542534722222222 loss=155.267120718956 epoch=3 and step=90
2026-04-20 14:39:54,258 - SplitNNClient - INFO - 22124 - phase=train acc=0.35859375 loss=155.05428063869476 epoch=3 and step=90
2026-04-20 14:39:56,212 - SplitNNClient - INFO - 23588 - phase=train acc=0.356640625 loss=171.47410428524017 epoch=3 and step=100
2026-04-20 14:39:56,253 - SplitNNClient - INFO - 17400 - phase=train acc=0.3565625 loss=171.81221890449524 epoch=3 and step=100
2026-04-20 14:39:56,558 - SplitNNClient - INFO - 22124 - phase=train acc=0.360546875 loss=171.94942319393158 epoch=3 and step=100
2026-04-20 14:39:58,560 - SplitNNClient - INFO - 23588 - phase=train acc=0.35859375 loss=188.40626204013824 epoch=3 and step=110
2026-04-20 14:39:58,630 - SplitNNClient - INFO - 17400 - phase=train acc=0.35859375 loss=188.5543282032013 epoch=3 and step=110
2026-04-20 14:39:58,906 - SplitNNClient - INFO - 22124 - phase=train acc=0.36100852272727274 loss=189.0596228837967 epoch=3 and step=110
2026-04-20 14:40:00,832 - SplitNNClient - INFO - 23588 - phase=train acc=0.3606770833333333 loss=205.261758685112 epoch=3 and step=120
2026-04-20 14:40:00,960 - SplitNNClient - INFO - 17400 - phase=train acc=0.3616536458333333 loss=204.83421516418457 epoch=3 and step=120
2026-04-20 14:40:01,231 - SplitNNClient - INFO - 22124 - phase=train acc=0.36276041666666664 loss=205.77958798408508 epoch=3 and step=120
2026-04-20 14:40:03,151 - SplitNNClient - INFO - 23588 - phase=train acc=0.36171875 loss=222.13092815876007 epoch=3 and step=130
2026-04-20 14:40:03,278 - SplitNNClient - INFO - 17400 - phase=train acc=0.36099759615384613 loss=221.64225101470947 epoch=3 and step=130
2026-04-20 14:40:03,498 - SplitNNClient - INFO - 22124 - phase=train acc=0.36490384615384613 loss=222.025435090065 epoch=3 and step=130
2026-04-20 14:40:03,566 - FedServerManager - INFO - 21672 - get all model params ---- from rank fed_server
2026-04-20 14:40:15,039 - SplitNNClient - INFO - 22124 - phase=validation acc=0.4427 loss=117.60673677921295 epoch=3 and step=79
2026-04-20 14:40:15,069 - SplitNNClient - INFO - 23588 - phase=validation acc=0.4427 loss=117.60673677921295 epoch=3 and step=79
2026-04-20 14:40:15,106 - SplitNNClient - INFO - 17400 - phase=validation acc=0.4427 loss=117.60673677921295 epoch=3 and step=79
2026-04-20 14:40:17,288 - SplitNNClient - INFO - 17400 - phase=train acc=0.4015625 loss=15.858644247055054 epoch=4 and step=10
2026-04-20 14:40:17,351 - SplitNNClient - INFO - 22124 - phase=train acc=0.3796875 loss=16.484956741333008 epoch=4 and step=10
2026-04-20 14:40:17,448 - SplitNNClient - INFO - 23588 - phase=train acc=0.390625 loss=16.31679093837738 epoch=4 and step=10
2026-04-20 14:40:19,431 - SplitNNClient - INFO - 17400 - phase=train acc=0.396875 loss=32.25036680698395 epoch=4 and step=20
2026-04-20 14:40:19,564 - SplitNNClient - INFO - 22124 - phase=train acc=0.3875 loss=33.14858818054199 epoch=4 and step=20
2026-04-20 14:40:19,609 - SplitNNClient - INFO - 23588 - phase=train acc=0.3828125 loss=32.85945475101471 epoch=4 and step=20
2026-04-20 14:40:21,635 - SplitNNClient - INFO - 17400 - phase=train acc=0.3927083333333333 loss=48.64718294143677 epoch=4 and step=30
2026-04-20 14:40:21,732 - SplitNNClient - INFO - 22124 - phase=train acc=0.3921875 loss=49.31649613380432 epoch=4 and step=30
2026-04-20 14:40:21,830 - SplitNNClient - INFO - 23588 - phase=train acc=0.38697916666666665 loss=49.3624187707901 epoch=4 and step=30
2026-04-20 14:40:23,879 - SplitNNClient - INFO - 17400 - phase=train acc=0.39921875 loss=64.62972617149353 epoch=4 and step=40
2026-04-20 14:40:23,973 - SplitNNClient - INFO - 22124 - phase=train acc=0.390234375 loss=65.68701958656311 epoch=4 and step=40
2026-04-20 14:40:24,012 - SplitNNClient - INFO - 23588 - phase=train acc=0.3892578125 loss=65.7377268075943 epoch=4 and step=40
2026-04-20 14:40:26,222 - SplitNNClient - INFO - 17400 - phase=train acc=0.39828125 loss=80.72047078609467 epoch=4 and step=50
2026-04-20 14:40:26,293 - SplitNNClient - INFO - 23588 - phase=train acc=0.38890625 loss=82.07965922355652 epoch=4 and step=50
2026-04-20 14:40:26,393 - SplitNNClient - INFO - 22124 - phase=train acc=0.3921875 loss=81.96336150169373 epoch=4 and step=50
2026-04-20 14:40:28,523 - SplitNNClient - INFO - 17400 - phase=train acc=0.3958333333333333 loss=96.974618434906 epoch=4 and step=60
2026-04-20 14:40:28,590 - SplitNNClient - INFO - 23588 - phase=train acc=0.3868489583333333 loss=99.0711339712143 epoch=4 and step=60
2026-04-20 14:40:28,694 - SplitNNClient - INFO - 22124 - phase=train acc=0.39205729166666664 loss=97.97127902507782 epoch=4 and step=60
2026-04-20 14:40:30,831 - SplitNNClient - INFO - 23588 - phase=train acc=0.39051339285714287 loss=115.0458619594574 epoch=4 and step=70
2026-04-20 14:40:30,903 - SplitNNClient - INFO - 17400 - phase=train acc=0.39754464285714286 loss=112.96256017684937 epoch=4 and step=70
2026-04-20 14:40:30,968 - SplitNNClient - INFO - 22124 - phase=train acc=0.3927455357142857 loss=114.28585159778595 epoch=4 and step=70
2026-04-20 14:40:33,130 - SplitNNClient - INFO - 23588 - phase=train acc=0.392578125 loss=131.2155385017395 epoch=4 and step=80
2026-04-20 14:40:33,198 - SplitNNClient - INFO - 17400 - phase=train acc=0.4 loss=128.72462797164917 epoch=4 and step=80
2026-04-20 14:40:33,270 - SplitNNClient - INFO - 22124 - phase=train acc=0.39072265625 loss=130.7104640007019 epoch=4 and step=80
2026-04-20 14:40:35,431 - SplitNNClient - INFO - 23588 - phase=train acc=0.3927951388888889 loss=147.51407027244568 epoch=4 and step=90
2026-04-20 14:40:35,552 - SplitNNClient - INFO - 17400 - phase=train acc=0.39913194444444444 loss=144.98908174037933 epoch=4 and step=90
2026-04-20 14:40:35,624 - SplitNNClient - INFO - 22124 - phase=train acc=0.39383680555555556 loss=146.81861281394958 epoch=4 and step=90
2026-04-20 14:40:37,729 - SplitNNClient - INFO - 23588 - phase=train acc=0.39375 loss=163.70113897323608 epoch=4 and step=100
2026-04-20 14:40:37,826 - SplitNNClient - INFO - 17400 - phase=train acc=0.39875 loss=160.98059785366058 epoch=4 and step=100
2026-04-20 14:40:37,928 - SplitNNClient - INFO - 22124 - phase=train acc=0.394140625 loss=162.95322465896606 epoch=4 and step=100
2026-04-20 14:40:40,050 - SplitNNClient - INFO - 23588 - phase=train acc=0.39545454545454545 loss=179.8245348930359 epoch=4 and step=110
2026-04-20 14:40:40,149 - SplitNNClient - INFO - 17400 - phase=train acc=0.4010653409090909 loss=176.86598551273346 epoch=4 and step=110
2026-04-20 14:40:40,190 - SplitNNClient - INFO - 22124 - phase=train acc=0.39303977272727275 loss=179.55130290985107 epoch=4 and step=110
2026-04-20 14:40:42,310 - SplitNNClient - INFO - 23588 - phase=train acc=0.39446614583333334 loss=195.76891493797302 epoch=4 and step=120
2026-04-20 14:40:42,432 - SplitNNClient - INFO - 17400 - phase=train acc=0.40143229166666666 loss=192.72205817699432 epoch=4 and step=120
2026-04-20 14:40:42,469 - SplitNNClient - INFO - 22124 - phase=train acc=0.3966145833333333 loss=194.79403007030487 epoch=4 and step=120
2026-04-20 14:40:44,680 - SplitNNClient - INFO - 23588 - phase=train acc=0.39495192307692306 loss=211.56887817382812 epoch=4 and step=130
2026-04-20 14:40:44,722 - SplitNNClient - INFO - 17400 - phase=train acc=0.40138221153846154 loss=208.79988729953766 epoch=4 and step=130
2026-04-20 14:40:44,759 - SplitNNClient - INFO - 22124 - phase=train acc=0.3973557692307692 loss=210.81628596782684 epoch=4 and step=130
2026-04-20 14:40:44,828 - FedServerManager - INFO - 21672 - get all model params ---- from rank fed_server
2026-04-20 14:40:56,046 - SplitNNClient - INFO - 17400 - phase=validation acc=0.4838 loss=109.52742290496826 epoch=4 and step=79
2026-04-20 14:40:56,133 - SplitNNClient - INFO - 23588 - phase=validation acc=0.4838 loss=109.52742290496826 epoch=4 and step=79
2026-04-20 14:40:56,224 - SplitNNClient - INFO - 22124 - phase=validation acc=0.4838 loss=109.52742290496826 epoch=4 and step=79
2026-04-20 14:40:58,378 - SplitNNClient - INFO - 17400 - phase=train acc=0.43203125 loss=15.4613676071167 epoch=5 and step=10
2026-04-20 14:40:58,449 - SplitNNClient - INFO - 23588 - phase=train acc=0.41875 loss=15.798522233963013 epoch=5 and step=10
2026-04-20 14:40:58,547 - SplitNNClient - INFO - 22124 - phase=train acc=0.43046875 loss=15.11372423171997 epoch=5 and step=10
2026-04-20 14:41:00,651 - SplitNNClient - INFO - 17400 - phase=train acc=0.4234375 loss=31.522836565971375 epoch=5 and step=20
2026-04-20 14:41:00,721 - SplitNNClient - INFO - 23588 - phase=train acc=0.416015625 loss=31.786296129226685 epoch=5 and step=20
2026-04-20 14:41:00,792 - SplitNNClient - INFO - 22124 - phase=train acc=0.419140625 loss=31.174044728279114 epoch=5 and step=20
2026-04-20 14:41:02,867 - SplitNNClient - INFO - 17400 - phase=train acc=0.4205729166666667 loss=47.28226435184479 epoch=5 and step=30
2026-04-20 14:41:02,932 - SplitNNClient - INFO - 23588 - phase=train acc=0.4140625 loss=47.94610798358917 epoch=5 and step=30
2026-04-20 14:41:03,035 - SplitNNClient - INFO - 22124 - phase=train acc=0.41796875 loss=46.64054095745087 epoch=5 and step=30
2026-04-20 14:41:05,105 - SplitNNClient - INFO - 17400 - phase=train acc=0.4142578125 loss=62.8944411277771 epoch=5 and step=40
2026-04-20 14:41:05,271 - SplitNNClient - INFO - 23588 - phase=train acc=0.4146484375 loss=63.978020906448364 epoch=5 and step=40
2026-04-20 14:41:05,386 - SplitNNClient - INFO - 22124 - phase=train acc=0.4169921875 loss=62.487595081329346 epoch=5 and step=40
2026-04-20 14:41:07,368 - SplitNNClient - INFO - 17400 - phase=train acc=0.4153125 loss=78.24910354614258 epoch=5 and step=50
2026-04-20 14:41:07,538 - SplitNNClient - INFO - 23588 - phase=train acc=0.415625 loss=79.5506682395935 epoch=5 and step=50
2026-04-20 14:41:07,679 - SplitNNClient - INFO - 22124 - phase=train acc=0.41578125 loss=78.51230847835541 epoch=5 and step=50
2026-04-20 14:41:09,615 - SplitNNClient - INFO - 17400 - phase=train acc=0.41653645833333336 loss=93.8159532546997 epoch=5 and step=60
2026-04-20 14:41:09,754 - SplitNNClient - INFO - 23588 - phase=train acc=0.415234375 loss=95.47310757637024 epoch=5 and step=60
2026-04-20 14:41:09,919 - SplitNNClient - INFO - 22124 - phase=train acc=0.41966145833333335 loss=93.80091679096222 epoch=5 and step=60
2026-04-20 14:41:11,842 - SplitNNClient - INFO - 17400 - phase=train acc=0.4186383928571429 loss=109.05526340007782 epoch=5 and step=70
2026-04-20 14:41:11,982 - SplitNNClient - INFO - 23588 - phase=train acc=0.4181919642857143 loss=110.9106171131134 epoch=5 and step=70
2026-04-20 14:41:12,119 - SplitNNClient - INFO - 22124 - phase=train acc=0.41886160714285714 loss=109.64936923980713 epoch=5 and step=70
2026-04-20 14:41:14,079 - SplitNNClient - INFO - 17400 - phase=train acc=0.42080078125 loss=124.34363126754761 epoch=5 and step=80
2026-04-20 14:41:14,219 - SplitNNClient - INFO - 23588 - phase=train acc=0.4201171875 loss=126.42785620689392 epoch=5 and step=80
2026-04-20 14:41:14,391 - SplitNNClient - INFO - 22124 - phase=train acc=0.41796875 loss=125.1746393442154 epoch=5 and step=80
2026-04-20 14:41:16,347 - SplitNNClient - INFO - 17400 - phase=train acc=0.4210069444444444 loss=139.73544895648956 epoch=5 and step=90
2026-04-20 14:41:16,508 - SplitNNClient - INFO - 23588 - phase=train acc=0.4215277777777778 loss=141.80708968639374 epoch=5 and step=90
2026-04-20 14:41:16,676 - SplitNNClient - INFO - 22124 - phase=train acc=0.41901041666666666 loss=140.8339592218399 epoch=5 and step=90
2026-04-20 14:41:18,585 - SplitNNClient - INFO - 17400 - phase=train acc=0.421015625 loss=155.57594347000122 epoch=5 and step=100
2026-04-20 14:41:18,751 - SplitNNClient - INFO - 23588 - phase=train acc=0.42171875 loss=157.39585959911346 epoch=5 and step=100
2026-04-20 14:41:18,891 - SplitNNClient - INFO - 22124 - phase=train acc=0.419921875 loss=156.3390965461731 epoch=5 and step=100
2026-04-20 14:41:20,903 - SplitNNClient - INFO - 17400 - phase=train acc=0.4219460227272727 loss=170.78707551956177 epoch=5 and step=110
2026-04-20 14:41:20,983 - SplitNNClient - INFO - 23588 - phase=train acc=0.4213778409090909 loss=172.95844042301178 epoch=5 and step=110
2026-04-20 14:41:21,181 - SplitNNClient - INFO - 22124 - phase=train acc=0.4213068181818182 loss=171.73083126544952 epoch=5 and step=110
2026-04-20 14:41:23,174 - SplitNNClient - INFO - 17400 - phase=train acc=0.42428385416666664 loss=185.7400143146515 epoch=5 and step=120
2026-04-20 14:41:23,300 - SplitNNClient - INFO - 23588 - phase=train acc=0.424609375 loss=187.83280038833618 epoch=5 and step=120
2026-04-20 14:41:23,463 - SplitNNClient - INFO - 22124 - phase=train acc=0.4193359375 loss=187.54830288887024 epoch=5 and step=120
2026-04-20 14:41:25,438 - SplitNNClient - INFO - 17400 - phase=train acc=0.42427884615384615 loss=200.9667730331421 epoch=5 and step=130
2026-04-20 14:41:25,578 - SplitNNClient - INFO - 23588 - phase=train acc=0.42704326923076924 loss=202.47408866882324 epoch=5 and step=130
2026-04-20 14:41:25,677 - SplitNNClient - INFO - 22124 - phase=train acc=0.42091346153846154 loss=202.91752696037292 epoch=5 and step=130
2026-04-20 14:41:25,751 - FedServerManager - INFO - 21672 - get all model params ---- from rank fed_server
2026-04-20 14:41:37,183 - SplitNNClient - INFO - 22124 - phase=validation acc=0.515 loss=104.52508306503296 epoch=5 and step=79
2026-04-20 14:41:37,235 - SplitNNClient - INFO - 23588 - phase=validation acc=0.515 loss=104.52508306503296 epoch=5 and step=79
2026-04-20 14:41:37,283 - SplitNNClient - INFO - 17400 - phase=validation acc=0.515 loss=104.52508306503296 epoch=5 and step=79
2026-04-20 14:41:39,461 - SplitNNClient - INFO - 17400 - phase=train acc=0.4625 loss=15.033685803413391 epoch=6 and step=10
2026-04-20 14:41:39,562 - SplitNNClient - INFO - 22124 - phase=train acc=0.4515625 loss=14.226661920547485 epoch=6 and step=10
2026-04-20 14:41:39,624 - SplitNNClient - INFO - 23588 - phase=train acc=0.4578125 loss=15.115838646888733 epoch=6 and step=10
2026-04-20 14:41:41,721 - SplitNNClient - INFO - 17400 - phase=train acc=0.4625 loss=29.77586328983307 epoch=6 and step=20
2026-04-20 14:41:41,857 - SplitNNClient - INFO - 22124 - phase=train acc=0.430078125 loss=30.2167387008667 epoch=6 and step=20
2026-04-20 14:41:41,896 - SplitNNClient - INFO - 23588 - phase=train acc=0.446875 loss=30.06002449989319 epoch=6 and step=20
2026-04-20 14:41:44,039 - SplitNNClient - INFO - 17400 - phase=train acc=0.4596354166666667 loss=44.686129570007324 epoch=6 and step=30
2026-04-20 14:41:44,111 - SplitNNClient - INFO - 22124 - phase=train acc=0.4388020833333333 loss=45.44440495967865 epoch=6 and step=30
2026-04-20 14:41:44,210 - SplitNNClient - INFO - 23588 - phase=train acc=0.44375 loss=45.52866733074188 epoch=6 and step=30
2026-04-20 14:41:46,322 - SplitNNClient - INFO - 17400 - phase=train acc=0.4578125 loss=59.928781032562256 epoch=6 and step=40
2026-04-20 14:41:46,446 - SplitNNClient - INFO - 22124 - phase=train acc=0.4427734375 loss=60.39008152484894 epoch=6 and step=40
2026-04-20 14:41:46,484 - SplitNNClient - INFO - 23588 - phase=train acc=0.44765625 loss=60.19541668891907 epoch=6 and step=40
2026-04-20 14:41:48,585 - SplitNNClient - INFO - 17400 - phase=train acc=0.4540625 loss=74.7620780467987 epoch=6 and step=50
2026-04-20 14:41:48,654 - SplitNNClient - INFO - 22124 - phase=train acc=0.4478125 loss=74.98061943054199 epoch=6 and step=50
2026-04-20 14:41:48,753 - SplitNNClient - INFO - 23588 - phase=train acc=0.44578125 loss=74.90792417526245 epoch=6 and step=50
2026-04-20 14:41:50,877 - SplitNNClient - INFO - 17400 - phase=train acc=0.45416666666666666 loss=89.73009490966797 epoch=6 and step=60
2026-04-20 14:41:50,972 - SplitNNClient - INFO - 22124 - phase=train acc=0.45013020833333334 loss=90.05791985988617 epoch=6 and step=60
2026-04-20 14:41:51,041 - SplitNNClient - INFO - 23588 - phase=train acc=0.44765625 loss=89.96456730365753 epoch=6 and step=60
2026-04-20 14:41:53,141 - SplitNNClient - INFO - 17400 - phase=train acc=0.45212053571428573 loss=104.53280770778656 epoch=6 and step=70
2026-04-20 14:41:53,246 - SplitNNClient - INFO - 22124 - phase=train acc=0.4494419642857143 loss=104.65637242794037 epoch=6 and step=70
2026-04-20 14:41:53,307 - SplitNNClient - INFO - 23588 - phase=train acc=0.44642857142857145 loss=105.17052328586578 epoch=6 and step=70
2026-04-20 14:41:55,402 - SplitNNClient - INFO - 17400 - phase=train acc=0.4505859375 loss=119.67989337444305 epoch=6 and step=80
2026-04-20 14:41:55,466 - SplitNNClient - INFO - 22124 - phase=train acc=0.44951171875 loss=120.04191303253174 epoch=6 and step=80
2026-04-20 14:41:55,534 - SplitNNClient - INFO - 23588 - phase=train acc=0.44736328125 loss=120.03369319438934 epoch=6 and step=80
2026-04-20 14:41:57,655 - SplitNNClient - INFO - 17400 - phase=train acc=0.45208333333333334 loss=134.37084984779358 epoch=6 and step=90
2026-04-20 14:41:57,727 - SplitNNClient - INFO - 22124 - phase=train acc=0.45121527777777776 loss=135.07195556163788 epoch=6 and step=90
2026-04-20 14:41:57,763 - SplitNNClient - INFO - 23588 - phase=train acc=0.44939236111111114 loss=134.4869419336319 epoch=6 and step=90
2026-04-20 14:41:59,909 - SplitNNClient - INFO - 17400 - phase=train acc=0.45203125 loss=149.69406640529633 epoch=6 and step=100
2026-04-20 14:41:59,978 - SplitNNClient - INFO - 22124 - phase=train acc=0.4503125 loss=150.21779239177704 epoch=6 and step=100
2026-04-20 14:42:00,025 - SplitNNClient - INFO - 23588 - phase=train acc=0.450234375 loss=149.39651238918304 epoch=6 and step=100
2026-04-20 14:42:02,144 - SplitNNClient - INFO - 17400 - phase=train acc=0.4524857954545455 loss=164.46797168254852 epoch=6 and step=110
2026-04-20 14:42:02,183 - SplitNNClient - INFO - 22124 - phase=train acc=0.45142045454545454 loss=165.29264855384827 epoch=6 and step=110
2026-04-20 14:42:02,249 - SplitNNClient - INFO - 23588 - phase=train acc=0.45007102272727273 loss=164.12756371498108 epoch=6 and step=110
2026-04-20 14:42:04,367 - SplitNNClient - INFO - 17400 - phase=train acc=0.45364583333333336 loss=178.97292685508728 epoch=6 and step=120
2026-04-20 14:42:04,433 - SplitNNClient - INFO - 22124 - phase=train acc=0.45234375 loss=180.10913467407227 epoch=6 and step=120
2026-04-20 14:42:04,500 - SplitNNClient - INFO - 23588 - phase=train acc=0.45110677083333334 loss=179.09861588478088 epoch=6 and step=120
2026-04-20 14:42:06,627 - SplitNNClient - INFO - 17400 - phase=train acc=0.45354567307692306 loss=193.56180381774902 epoch=6 and step=130
2026-04-20 14:42:06,699 - SplitNNClient - INFO - 22124 - phase=train acc=0.4522836538461538 loss=194.70033359527588 epoch=6 and step=130
2026-04-20 14:42:06,738 - SplitNNClient - INFO - 23588 - phase=train acc=0.4517427884615385 loss=193.84792268276215 epoch=6 and step=130
2026-04-20 14:42:06,814 - FedServerManager - INFO - 21672 - get all model params ---- from rank fed_server
2026-04-20 14:42:18,378 - SplitNNClient - INFO - 22124 - phase=validation acc=0.5365 loss=99.58595871925354 epoch=6 and step=79
2026-04-20 14:42:18,413 - SplitNNClient - INFO - 17400 - phase=validation acc=0.5365 loss=99.58595871925354 epoch=6 and step=79
2026-04-20 14:42:18,498 - SplitNNClient - INFO - 23588 - phase=validation acc=0.5365 loss=99.58595871925354 epoch=6 and step=79
2026-04-20 14:42:20,651 - SplitNNClient - INFO - 17400 - phase=train acc=0.49296875 loss=13.972283840179443 epoch=7 and step=10
2026-04-20 14:42:20,782 - SplitNNClient - INFO - 22124 - phase=train acc=0.459375 loss=14.756492733955383 epoch=7 and step=10
2026-04-20 14:42:20,824 - SplitNNClient - INFO - 23588 - phase=train acc=0.4671875 loss=14.127557873725891 epoch=7 and step=10
2026-04-20 14:42:22,928 - SplitNNClient - INFO - 17400 - phase=train acc=0.474609375 loss=28.341468453407288 epoch=7 and step=20
2026-04-20 14:42:23,085 - SplitNNClient - INFO - 22124 - phase=train acc=0.471875 loss=28.732792258262634 epoch=7 and step=20
2026-04-20 14:42:23,124 - SplitNNClient - INFO - 23588 - phase=train acc=0.4703125 loss=28.147404551506042 epoch=7 and step=20
2026-04-20 14:42:25,414 - SplitNNClient - INFO - 17400 - phase=train acc=0.46796875 loss=42.99980819225311 epoch=7 and step=30
2026-04-20 14:42:25,484 - SplitNNClient - INFO - 23588 - phase=train acc=0.47760416666666666 loss=42.46310365200043 epoch=7 and step=30
2026-04-20 14:42:25,529 - SplitNNClient - INFO - 22124 - phase=train acc=0.46510416666666665 loss=43.80906319618225 epoch=7 and step=30
2026-04-20 14:42:27,693 - SplitNNClient - INFO - 17400 - phase=train acc=0.47265625 loss=57.05777823925018 epoch=7 and step=40
2026-04-20 14:42:27,762 - SplitNNClient - INFO - 23588 - phase=train acc=0.4775390625 loss=56.992581486701965 epoch=7 and step=40
2026-04-20 14:42:27,863 - SplitNNClient - INFO - 22124 - phase=train acc=0.4673828125 loss=58.03912889957428 epoch=7 and step=40
2026-04-20 14:42:30,005 - SplitNNClient - INFO - 17400 - phase=train acc=0.4765625 loss=70.84943211078644 epoch=7 and step=50
2026-04-20 14:42:30,100 - SplitNNClient - INFO - 23588 - phase=train acc=0.47859375 loss=71.45076620578766 epoch=7 and step=50
2026-04-20 14:42:30,205 - SplitNNClient - INFO - 22124 - phase=train acc=0.47109375 loss=72.22370541095734 epoch=7 and step=50
2026-04-20 14:42:32,269 - SplitNNClient - INFO - 17400 - phase=train acc=0.4766927083333333 loss=84.96516442298889 epoch=7 and step=60
2026-04-20 14:42:32,395 - SplitNNClient - INFO - 23588 - phase=train acc=0.4805989583333333 loss=85.6133201122284 epoch=7 and step=60
2026-04-20 14:42:32,463 - SplitNNClient - INFO - 22124 - phase=train acc=0.47486979166666665 loss=86.4163863658905 epoch=7 and step=60
2026-04-20 14:42:34,573 - SplitNNClient - INFO - 17400 - phase=train acc=0.4779017857142857 loss=99.08286023139954 epoch=7 and step=70
2026-04-20 14:42:34,677 - SplitNNClient - INFO - 23588 - phase=train acc=0.4797991071428571 loss=100.01620054244995 epoch=7 and step=70
2026-04-20 14:42:34,778 - SplitNNClient - INFO - 22124 - phase=train acc=0.4746651785714286 loss=100.7700023651123 epoch=7 and step=70
2026-04-20 14:42:36,931 - SplitNNClient - INFO - 17400 - phase=train acc=0.47958984375 loss=112.99191308021545 epoch=7 and step=80
2026-04-20 14:42:36,975 - SplitNNClient - INFO - 23588 - phase=train acc=0.478125 loss=114.59669184684753 epoch=7 and step=80
2026-04-20 14:42:37,074 - SplitNNClient - INFO - 22124 - phase=train acc=0.4779296875 loss=114.37381982803345 epoch=7 and step=80
2026-04-20 14:42:39,229 - SplitNNClient - INFO - 17400 - phase=train acc=0.48159722222222223 loss=126.61608707904816 epoch=7 and step=90
2026-04-20 14:42:39,296 - SplitNNClient - INFO - 23588 - phase=train acc=0.4787326388888889 loss=128.50358247756958 epoch=7 and step=90
2026-04-20 14:42:39,360 - SplitNNClient - INFO - 22124 - phase=train acc=0.4813368055555556 loss=128.0123643875122 epoch=7 and step=90
2026-04-20 14:42:41,489 - SplitNNClient - INFO - 17400 - phase=train acc=0.485546875 loss=139.96614122390747 epoch=7 and step=100
2026-04-20 14:42:41,585 - SplitNNClient - INFO - 23588 - phase=train acc=0.480859375 loss=142.5124009847641 epoch=7 and step=100
2026-04-20 14:42:41,657 - SplitNNClient - INFO - 22124 - phase=train acc=0.480390625 loss=142.4708946943283 epoch=7 and step=100
2026-04-20 14:42:43,774 - SplitNNClient - INFO - 17400 - phase=train acc=0.4850852272727273 loss=154.3458070755005 epoch=7 and step=110
2026-04-20 14:42:43,868 - SplitNNClient - INFO - 23588 - phase=train acc=0.4816761363636364 loss=156.7032731771469 epoch=7 and step=110
2026-04-20 14:42:43,933 - SplitNNClient - INFO - 22124 - phase=train acc=0.47954545454545455 loss=156.78496956825256 epoch=7 and step=110
2026-04-20 14:42:46,098 - SplitNNClient - INFO - 17400 - phase=train acc=0.48411458333333335 loss=168.36827445030212 epoch=7 and step=120
2026-04-20 14:42:46,159 - SplitNNClient - INFO - 23588 - phase=train acc=0.48092447916666664 loss=171.1735874414444 epoch=7 and step=120
2026-04-20 14:42:46,230 - SplitNNClient - INFO - 22124 - phase=train acc=0.4791015625 loss=171.03027665615082 epoch=7 and step=120
2026-04-20 14:42:48,382 - SplitNNClient - INFO - 17400 - phase=train acc=0.48497596153846156 loss=182.57445406913757 epoch=7 and step=130
2026-04-20 14:42:48,454 - SplitNNClient - INFO - 23588 - phase=train acc=0.4826923076923077 loss=184.93549644947052 epoch=7 and step=130
2026-04-20 14:42:48,528 - SplitNNClient - INFO - 22124 - phase=train acc=0.4810096153846154 loss=184.6174498796463 epoch=7 and step=130
2026-04-20 14:42:48,584 - FedServerManager - INFO - 21672 - get all model params ---- from rank fed_server
2026-04-20 14:43:00,301 - SplitNNClient - INFO - 17400 - phase=validation acc=0.5672 loss=94.10890400409698 epoch=7 and step=79
2026-04-20 14:43:00,324 - SplitNNClient - INFO - 22124 - phase=validation acc=0.5672 loss=94.10890400409698 epoch=7 and step=79
2026-04-20 14:43:00,383 - SplitNNClient - INFO - 23588 - phase=validation acc=0.5672 loss=94.10890400409698 epoch=7 and step=79
2026-04-20 14:43:02,583 - SplitNNClient - INFO - 23588 - phase=train acc=0.49609375 loss=13.570048332214355 epoch=8 and step=10
2026-04-20 14:43:02,623 - SplitNNClient - INFO - 17400 - phase=train acc=0.509375 loss=13.388189435005188 epoch=8 and step=10
2026-04-20 14:43:02,723 - SplitNNClient - INFO - 22124 - phase=train acc=0.50546875 loss=13.838900566101074 epoch=8 and step=10
2026-04-20 14:43:04,857 - SplitNNClient - INFO - 23588 - phase=train acc=0.488671875 loss=27.631648898124695 epoch=8 and step=20
2026-04-20 14:43:05,024 - SplitNNClient - INFO - 17400 - phase=train acc=0.50078125 loss=27.38166630268097 epoch=8 and step=20
2026-04-20 14:43:05,132 - SplitNNClient - INFO - 22124 - phase=train acc=0.5015625 loss=27.786580681800842 epoch=8 and step=20
2026-04-20 14:43:07,069 - SplitNNClient - INFO - 23588 - phase=train acc=0.4903645833333333 loss=41.51693153381348 epoch=8 and step=30
2026-04-20 14:43:07,202 - SplitNNClient - INFO - 17400 - phase=train acc=0.5013020833333334 loss=40.629891872406006 epoch=8 and step=30
2026-04-20 14:43:07,359 - SplitNNClient - INFO - 22124 - phase=train acc=0.5010416666666667 loss=41.96017837524414 epoch=8 and step=30
2026-04-20 14:43:09,262 - SplitNNClient - INFO - 23588 - phase=train acc=0.4921875 loss=55.590545654296875 epoch=8 and step=40
2026-04-20 14:43:09,428 - SplitNNClient - INFO - 17400 - phase=train acc=0.499609375 loss=54.481427907943726 epoch=8 and step=40
2026-04-20 14:43:09,563 - SplitNNClient - INFO - 22124 - phase=train acc=0.494921875 loss=56.4469279050827 epoch=8 and step=40
2026-04-20 14:43:11,518 - SplitNNClient - INFO - 23588 - phase=train acc=0.49796875 loss=69.23314428329468 epoch=8 and step=50
2026-04-20 14:43:11,655 - SplitNNClient - INFO - 17400 - phase=train acc=0.49828125 loss=68.10708284378052 epoch=8 and step=50
2026-04-20 14:43:11,826 - SplitNNClient - INFO - 22124 - phase=train acc=0.4884375 loss=70.8027640581131 epoch=8 and step=50
2026-04-20 14:43:13,710 - SplitNNClient - INFO - 23588 - phase=train acc=0.494921875 loss=83.37198293209076 epoch=8 and step=60
2026-04-20 14:43:13,882 - SplitNNClient - INFO - 17400 - phase=train acc=0.5 loss=81.24153852462769 epoch=8 and step=60
2026-04-20 14:43:14,050 - SplitNNClient - INFO - 22124 - phase=train acc=0.491796875 loss=84.06660950183868 epoch=8 and step=60
2026-04-20 14:43:15,942 - SplitNNClient - INFO - 23588 - phase=train acc=0.49598214285714287 loss=96.91797435283661 epoch=8 and step=70
2026-04-20 14:43:16,078 - SplitNNClient - INFO - 17400 - phase=train acc=0.50625 loss=94.22183001041412 epoch=8 and step=70
2026-04-20 14:43:16,249 - SplitNNClient - INFO - 22124 - phase=train acc=0.4958705357142857 loss=97.32720017433167 epoch=8 and step=70
2026-04-20 14:43:18,197 - SplitNNClient - INFO - 23588 - phase=train acc=0.49775390625 loss=110.44809341430664 epoch=8 and step=80
2026-04-20 14:43:18,332 - SplitNNClient - INFO - 17400 - phase=train acc=0.50400390625 loss=108.26278483867645 epoch=8 and step=80
2026-04-20 14:43:18,502 - SplitNNClient - INFO - 22124 - phase=train acc=0.496484375 loss=110.6589584350586 epoch=8 and step=80
2026-04-20 14:43:20,414 - SplitNNClient - INFO - 23588 - phase=train acc=0.5010416666666667 loss=123.44121956825256 epoch=8 and step=90
2026-04-20 14:43:20,584 - SplitNNClient - INFO - 17400 - phase=train acc=0.50390625 loss=121.84797465801239 epoch=8 and step=90
2026-04-20 14:43:20,694 - SplitNNClient - INFO - 22124 - phase=train acc=0.49973958333333335 loss=124.07499825954437 epoch=8 and step=90
2026-04-20 14:43:22,653 - SplitNNClient - INFO - 23588 - phase=train acc=0.501171875 loss=136.94610583782196 epoch=8 and step=100
2026-04-20 14:43:22,817 - SplitNNClient - INFO - 17400 - phase=train acc=0.5053125 loss=135.11467134952545 epoch=8 and step=100
2026-04-20 14:43:22,923 - SplitNNClient - INFO - 22124 - phase=train acc=0.502109375 loss=137.55156886577606 epoch=8 and step=100
2026-04-20 14:43:24,895 - SplitNNClient - INFO - 23588 - phase=train acc=0.5 loss=150.56267404556274 epoch=8 and step=110
2026-04-20 14:43:24,973 - SplitNNClient - INFO - 17400 - phase=train acc=0.5088068181818182 loss=147.89040446281433 epoch=8 and step=110
2026-04-20 14:43:25,165 - SplitNNClient - INFO - 22124 - phase=train acc=0.502627840909091 loss=151.27416265010834 epoch=8 and step=110
2026-04-20 14:43:27,070 - SplitNNClient - INFO - 23588 - phase=train acc=0.5006510416666666 loss=163.97098183631897 epoch=8 and step=120
2026-04-20 14:43:27,243 - SplitNNClient - INFO - 17400 - phase=train acc=0.5097005208333333 loss=160.8267138004303 epoch=8 and step=120
2026-04-20 14:43:27,392 - SplitNNClient - INFO - 22124 - phase=train acc=0.5027994791666667 loss=164.75873231887817 epoch=8 and step=120
2026-04-20 14:43:29,345 - SplitNNClient - INFO - 23588 - phase=train acc=0.503125 loss=177.02993309497833 epoch=8 and step=130
2026-04-20 14:43:29,491 - SplitNNClient - INFO - 17400 - phase=train acc=0.5111778846153846 loss=173.89838767051697 epoch=8 and step=130
2026-04-20 14:43:29,586 - SplitNNClient - INFO - 22124 - phase=train acc=0.5044471153846154 loss=178.05770421028137 epoch=8 and step=130
2026-04-20 14:43:29,643 - FedServerManager - INFO - 21672 - get all model params ---- from rank fed_server
2026-04-20 14:43:41,309 - SplitNNClient - INFO - 22124 - phase=validation acc=0.6107 loss=84.41080570220947 epoch=8 and step=79
2026-04-20 14:43:41,352 - SplitNNClient - INFO - 17400 - phase=validation acc=0.6107 loss=84.41080570220947 epoch=8 and step=79
2026-04-20 14:43:41,412 - SplitNNClient - INFO - 23588 - phase=validation acc=0.6107 loss=84.41080570220947 epoch=8 and step=79
2026-04-20 14:43:43,604 - SplitNNClient - INFO - 22124 - phase=train acc=0.54765625 loss=12.859204888343811 epoch=9 and step=10
2026-04-20 14:43:43,737 - SplitNNClient - INFO - 17400 - phase=train acc=0.55625 loss=12.44980525970459 epoch=9 and step=10
2026-04-20 14:43:43,780 - SplitNNClient - INFO - 23588 - phase=train acc=0.54765625 loss=12.604562163352966 epoch=9 and step=10
2026-04-20 14:43:45,995 - SplitNNClient - INFO - 22124 - phase=train acc=0.5390625 loss=25.996156573295593 epoch=9 and step=20
2026-04-20 14:43:46,035 - SplitNNClient - INFO - 17400 - phase=train acc=0.53984375 loss=25.286007523536682 epoch=9 and step=20
2026-04-20 14:43:46,129 - SplitNNClient - INFO - 23588 - phase=train acc=0.53828125 loss=25.680675983428955 epoch=9 and step=20
2026-04-20 14:43:48,160 - SplitNNClient - INFO - 22124 - phase=train acc=0.5294270833333333 loss=39.11364388465881 epoch=9 and step=30
2026-04-20 14:43:48,228 - SplitNNClient - INFO - 17400 - phase=train acc=0.5369791666666667 loss=38.50429809093475 epoch=9 and step=30
2026-04-20 14:43:48,299 - SplitNNClient - INFO - 23588 - phase=train acc=0.5393229166666667 loss=38.52553164958954 epoch=9 and step=30
2026-04-20 14:43:50,363 - SplitNNClient - INFO - 22124 - phase=train acc=0.526953125 loss=52.4767324924469 epoch=9 and step=40
2026-04-20 14:43:50,466 - SplitNNClient - INFO - 17400 - phase=train acc=0.532421875 loss=51.39090645313263 epoch=9 and step=40
2026-04-20 14:43:50,507 - SplitNNClient - INFO - 23588 - phase=train acc=0.5373046875 loss=51.65839219093323 epoch=9 and step=40
2026-04-20 14:43:52,587 - SplitNNClient - INFO - 22124 - phase=train acc=0.5278125 loss=65.25008594989777 epoch=9 and step=50
2026-04-20 14:43:52,689 - SplitNNClient - INFO - 17400 - phase=train acc=0.5315625 loss=64.51862406730652 epoch=9 and step=50
2026-04-20 14:43:52,731 - SplitNNClient - INFO - 23588 - phase=train acc=0.5403125 loss=64.3930881023407 epoch=9 and step=50
2026-04-20 14:43:54,802 - SplitNNClient - INFO - 22124 - phase=train acc=0.5252604166666667 loss=78.51597535610199 epoch=9 and step=60
2026-04-20 14:43:54,905 - SplitNNClient - INFO - 17400 - phase=train acc=0.5321614583333333 loss=77.04675137996674 epoch=9 and step=60
2026-04-20 14:43:54,946 - SplitNNClient - INFO - 23588 - phase=train acc=0.5369791666666667 loss=77.11981642246246 epoch=9 and step=60
2026-04-20 14:43:57,048 - SplitNNClient - INFO - 22124 - phase=train acc=0.5245535714285714 loss=91.79372191429138 epoch=9 and step=70
2026-04-20 14:43:57,109 - SplitNNClient - INFO - 17400 - phase=train acc=0.5316964285714286 loss=90.14762485027313 epoch=9 and step=70
2026-04-20 14:43:57,181 - SplitNNClient - INFO - 23588 - phase=train acc=0.534375 loss=90.40884041786194 epoch=9 and step=70
2026-04-20 14:43:59,303 - SplitNNClient - INFO - 22124 - phase=train acc=0.5255859375 loss=104.80383801460266 epoch=9 and step=80
2026-04-20 14:43:59,402 - SplitNNClient - INFO - 17400 - phase=train acc=0.53134765625 loss=103.22867262363434 epoch=9 and step=80
2026-04-20 14:43:59,464 - SplitNNClient - INFO - 23588 - phase=train acc=0.5341796875 loss=103.15631377696991 epoch=9 and step=80
2026-04-20 14:44:01,546 - SplitNNClient - INFO - 22124 - phase=train acc=0.5262152777777778 loss=117.42452454566956 epoch=9 and step=90
2026-04-20 14:44:01,649 - SplitNNClient - INFO - 17400 - phase=train acc=0.5326388888888889 loss=115.78395020961761 epoch=9 and step=90
2026-04-20 14:44:01,683 - SplitNNClient - INFO - 23588 - phase=train acc=0.5337673611111111 loss=116.14050209522247 epoch=9 and step=90
2026-04-20 14:44:03,827 - SplitNNClient - INFO - 22124 - phase=train acc=0.527421875 loss=130.1359304189682 epoch=9 and step=100
2026-04-20 14:44:03,927 - SplitNNClient - INFO - 17400 - phase=train acc=0.53453125 loss=128.43707478046417 epoch=9 and step=100
2026-04-20 14:44:03,995 - SplitNNClient - INFO - 23588 - phase=train acc=0.531796875 loss=129.4319235086441 epoch=9 and step=100
2026-04-20 14:44:06,069 - SplitNNClient - INFO - 22124 - phase=train acc=0.5288352272727272 loss=142.4997524023056 epoch=9 and step=110
2026-04-20 14:44:06,133 - SplitNNClient - INFO - 17400 - phase=train acc=0.5350852272727272 loss=141.05616211891174 epoch=9 and step=110
2026-04-20 14:44:06,206 - SplitNNClient - INFO - 23588 - phase=train acc=0.5296875 loss=142.6220784187317 epoch=9 and step=110
2026-04-20 14:44:08,325 - SplitNNClient - INFO - 22124 - phase=train acc=0.5270833333333333 loss=155.72596907615662 epoch=9 and step=120
2026-04-20 14:44:08,359 - SplitNNClient - INFO - 17400 - phase=train acc=0.5367838541666666 loss=153.90771055221558 epoch=9 and step=120
2026-04-20 14:44:08,429 - SplitNNClient - INFO - 23588 - phase=train acc=0.5293619791666667 loss=155.38167095184326 epoch=9 and step=120
2026-04-20 14:44:10,485 - SplitNNClient - INFO - 22124 - phase=train acc=0.5277644230769231 loss=168.74584996700287 epoch=9 and step=130
2026-04-20 14:44:10,555 - SplitNNClient - INFO - 17400 - phase=train acc=0.5368990384615384 loss=166.75690042972565 epoch=9 and step=130
2026-04-20 14:44:10,656 - SplitNNClient - INFO - 23588 - phase=train acc=0.5307692307692308 loss=168.3002109527588 epoch=9 and step=130
2026-04-20 14:44:10,732 - FedServerManager - INFO - 21672 - get all model params ---- from rank fed_server
2026-04-20 14:44:22,540 - SplitNNClient - INFO - 22124 - phase=validation acc=0.6326 loss=80.21190893650055 epoch=9 and step=79
2026-04-20 14:44:22,710 - SplitNNClient - INFO - 17400 - phase=validation acc=0.6326 loss=80.21190893650055 epoch=9 and step=79
2026-04-20 14:44:22,820 - SplitNNClient - INFO - 23588 - phase=validation acc=0.6326 loss=80.21190893650055 epoch=9 and step=79
2026-04-20 14:44:25,184 - SplitNNClient - INFO - 23588 - phase=train acc=0.57734375 loss=11.676449537277222 epoch=10 and step=10
2026-04-20 14:44:25,253 - SplitNNClient - INFO - 17400 - phase=train acc=0.57109375 loss=11.415158033370972 epoch=10 and step=10
2026-04-20 14:44:25,320 - SplitNNClient - INFO - 22124 - phase=train acc=0.56875 loss=12.221511244773865 epoch=10 and step=10
2026-04-20 14:44:27,445 - SplitNNClient - INFO - 23588 - phase=train acc=0.553125 loss=23.955300331115723 epoch=10 and step=20
2026-04-20 14:44:27,488 - SplitNNClient - INFO - 17400 - phase=train acc=0.5625 loss=23.961326837539673 epoch=10 and step=20
2026-04-20 14:44:27,586 - SplitNNClient - INFO - 22124 - phase=train acc=0.564453125 loss=25.043067932128906 epoch=10 and step=20
2026-04-20 14:44:29,676 - SplitNNClient - INFO - 23588 - phase=train acc=0.5528645833333333 loss=36.41520631313324 epoch=10 and step=30
2026-04-20 14:44:29,714 - SplitNNClient - INFO - 17400 - phase=train acc=0.5575520833333333 loss=36.285653948783875 epoch=10 and step=30
2026-04-20 14:44:29,848 - SplitNNClient - INFO - 22124 - phase=train acc=0.5580729166666667 loss=37.39874517917633 epoch=10 and step=30
2026-04-20 14:44:31,892 - SplitNNClient - INFO - 23588 - phase=train acc=0.5470703125 loss=49.27764177322388 epoch=10 and step=40
2026-04-20 14:44:31,961 - SplitNNClient - INFO - 17400 - phase=train acc=0.5595703125 loss=48.386823654174805 epoch=10 and step=40
2026-04-20 14:44:32,027 - SplitNNClient - INFO - 22124 - phase=train acc=0.55390625 loss=49.962581753730774 epoch=10 and step=40
2026-04-20 14:44:34,141 - SplitNNClient - INFO - 23588 - phase=train acc=0.5415625 loss=62.18376815319061 epoch=10 and step=50
2026-04-20 14:44:34,181 - SplitNNClient - INFO - 17400 - phase=train acc=0.55640625 loss=60.787731647491455 epoch=10 and step=50
2026-04-20 14:44:34,252 - SplitNNClient - INFO - 22124 - phase=train acc=0.5496875 loss=62.872854232788086 epoch=10 and step=50
2026-04-20 14:44:36,374 - SplitNNClient - INFO - 23588 - phase=train acc=0.544921875 loss=74.30330467224121 epoch=10 and step=60
2026-04-20 14:44:36,446 - SplitNNClient - INFO - 17400 - phase=train acc=0.5552083333333333 loss=73.3772109746933 epoch=10 and step=60
2026-04-20 14:44:36,516 - SplitNNClient - INFO - 22124 - phase=train acc=0.5548177083333333 loss=74.72398340702057 epoch=10 and step=60
2026-04-20 14:44:38,620 - SplitNNClient - INFO - 23588 - phase=train acc=0.5473214285714286 loss=86.73316216468811 epoch=10 and step=70
2026-04-20 14:44:38,740 - SplitNNClient - INFO - 22124 - phase=train acc=0.5534598214285714 loss=87.17154777050018 epoch=10 and step=70
2026-04-20 14:44:38,777 - SplitNNClient - INFO - 17400 - phase=train acc=0.5545758928571428 loss=85.98914432525635 epoch=10 and step=70
2026-04-20 14:44:40,935 - SplitNNClient - INFO - 23588 - phase=train acc=0.545703125 loss=99.76411974430084 epoch=10 and step=80
2026-04-20 14:44:41,003 - SplitNNClient - INFO - 22124 - phase=train acc=0.55400390625 loss=99.6712657213211 epoch=10 and step=80
2026-04-20 14:44:41,068 - SplitNNClient - INFO - 17400 - phase=train acc=0.55986328125 loss=97.61294937133789 epoch=10 and step=80
2026-04-20 14:44:43,252 - SplitNNClient - INFO - 23588 - phase=train acc=0.5467881944444445 loss=112.15304446220398 epoch=10 and step=90
2026-04-20 14:44:43,289 - SplitNNClient - INFO - 22124 - phase=train acc=0.5566840277777778 loss=111.7608392238617 epoch=10 and step=90
2026-04-20 14:44:43,358 - SplitNNClient - INFO - 17400 - phase=train acc=0.5586805555555555 loss=110.1689122915268 epoch=10 and step=90
2026-04-20 14:44:45,482 - SplitNNClient - INFO - 23588 - phase=train acc=0.54734375 loss=124.55254936218262 epoch=10 and step=100
2026-04-20 14:44:45,520 - SplitNNClient - INFO - 22124 - phase=train acc=0.55578125 loss=124.11555516719818 epoch=10 and step=100
2026-04-20 14:44:45,621 - SplitNNClient - INFO - 17400 - phase=train acc=0.55625 loss=123.04060781002045 epoch=10 and step=100
2026-04-20 14:44:47,766 - SplitNNClient - INFO - 23588 - phase=train acc=0.5471590909090909 loss=137.05156064033508 epoch=10 and step=110
2026-04-20 14:44:47,803 - SplitNNClient - INFO - 22124 - phase=train acc=0.5540482954545455 loss=136.703431725502 epoch=10 and step=110
2026-04-20 14:44:47,842 - SplitNNClient - INFO - 17400 - phase=train acc=0.5548295454545454 loss=135.56562638282776 epoch=10 and step=110
2026-04-20 14:44:50,001 - SplitNNClient - INFO - 23588 - phase=train acc=0.5467447916666667 loss=149.73355293273926 epoch=10 and step=120
2026-04-20 14:44:50,068 - SplitNNClient - INFO - 22124 - phase=train acc=0.5555338541666667 loss=148.84248840808868 epoch=10 and step=120
2026-04-20 14:44:50,169 - SplitNNClient - INFO - 17400 - phase=train acc=0.5555338541666667 loss=147.78501093387604 epoch=10 and step=120
2026-04-20 14:44:52,229 - SplitNNClient - INFO - 23588 - phase=train acc=0.5465144230769231 loss=162.01935505867004 epoch=10 and step=130
2026-04-20 14:44:52,354 - SplitNNClient - INFO - 22124 - phase=train acc=0.5545072115384615 loss=161.61393928527832 epoch=10 and step=130
2026-04-20 14:44:52,395 - SplitNNClient - INFO - 17400 - phase=train acc=0.557451923076923 loss=159.57952189445496 epoch=10 and step=130
2026-04-20 14:44:52,454 - FedServerManager - INFO - 21672 - get all model params ---- from rank fed_server
2026-04-20 14:45:04,195 - SplitNNClient - INFO - 23588 - phase=validation acc=0.6413 loss=79.51257890462875 epoch=10 and step=79
2026-04-20 14:45:04,304 - SplitNNClient - INFO - 22124 - phase=validation acc=0.6413 loss=79.51257890462875 epoch=10 and step=79
2026-04-20 14:45:04,444 - SplitNNClient - INFO - 17400 - phase=validation acc=0.6413 loss=79.51257890462875 epoch=10 and step=79
2026-04-20 14:45:06,729 - SplitNNClient - INFO - 17400 - phase=train acc=0.59140625 loss=11.533472836017609 epoch=11 and step=10
2026-04-20 14:45:06,834 - SplitNNClient - INFO - 22124 - phase=train acc=0.5546875 loss=12.462547898292542 epoch=11 and step=10
2026-04-20 14:45:06,897 - SplitNNClient - INFO - 23588 - phase=train acc=0.5671875 loss=11.99232041835785 epoch=11 and step=10
2026-04-20 14:45:09,062 - SplitNNClient - INFO - 17400 - phase=train acc=0.5796875 loss=23.707147181034088 epoch=11 and step=20
2026-04-20 14:45:09,094 - SplitNNClient - INFO - 22124 - phase=train acc=0.558984375 loss=24.521847009658813 epoch=11 and step=20
2026-04-20 14:45:09,164 - SplitNNClient - INFO - 23588 - phase=train acc=0.56796875 loss=24.332635164260864 epoch=11 and step=20
2026-04-20 14:45:11,358 - SplitNNClient - INFO - 17400 - phase=train acc=0.5817708333333333 loss=35.18199676275253 epoch=11 and step=30
2026-04-20 14:45:11,453 - SplitNNClient - INFO - 22124 - phase=train acc=0.55859375 loss=36.98055410385132 epoch=11 and step=30
2026-04-20 14:45:11,525 - SplitNNClient - INFO - 23588 - phase=train acc=0.5622395833333333 loss=36.602731108665466 epoch=11 and step=30
2026-04-20 14:45:13,660 - SplitNNClient - INFO - 17400 - phase=train acc=0.58203125 loss=47.01582580804825 epoch=11 and step=40
2026-04-20 14:45:13,695 - SplitNNClient - INFO - 22124 - phase=train acc=0.558984375 loss=49.08513295650482 epoch=11 and step=40
2026-04-20 14:45:13,827 - SplitNNClient - INFO - 23588 - phase=train acc=0.565625 loss=48.588865518569946 epoch=11 and step=40
2026-04-20 14:45:15,964 - SplitNNClient - INFO - 17400 - phase=train acc=0.57875 loss=59.07396274805069 epoch=11 and step=50
2026-04-20 14:45:16,029 - SplitNNClient - INFO - 22124 - phase=train acc=0.559375 loss=61.251721024513245 epoch=11 and step=50
2026-04-20 14:45:16,101 - SplitNNClient - INFO - 23588 - phase=train acc=0.561875 loss=61.0809383392334 epoch=11 and step=50
2026-04-20 14:45:18,228 - SplitNNClient - INFO - 17400 - phase=train acc=0.57421875 loss=71.48712521791458 epoch=11 and step=60
2026-04-20 14:45:18,295 - SplitNNClient - INFO - 22124 - phase=train acc=0.562109375 loss=72.96194636821747 epoch=11 and step=60
2026-04-20 14:45:18,394 - SplitNNClient - INFO - 23588 - phase=train acc=0.5640625 loss=73.1113953590393 epoch=11 and step=60
2026-04-20 14:45:20,579 - SplitNNClient - INFO - 17400 - phase=train acc=0.5774553571428571 loss=82.95588678121567 epoch=11 and step=70
2026-04-20 14:45:20,650 - SplitNNClient - INFO - 22124 - phase=train acc=0.5611607142857142 loss=84.94020962715149 epoch=11 and step=70
2026-04-20 14:45:20,697 - SplitNNClient - INFO - 23588 - phase=train acc=0.5625 loss=85.3339911699295 epoch=11 and step=70
2026-04-20 14:45:22,896 - SplitNNClient - INFO - 17400 - phase=train acc=0.5783203125 loss=94.61684679985046 epoch=11 and step=80
2026-04-20 14:45:22,940 - SplitNNClient - INFO - 22124 - phase=train acc=0.56171875 loss=97.09309542179108 epoch=11 and step=80
2026-04-20 14:45:23,013 - SplitNNClient - INFO - 23588 - phase=train acc=0.56005859375 loss=97.9236786365509 epoch=11 and step=80
2026-04-20 14:45:25,096 - SplitNNClient - INFO - 17400 - phase=train acc=0.5776041666666667 loss=106.40992331504822 epoch=11 and step=90
2026-04-20 14:45:25,190 - SplitNNClient - INFO - 22124 - phase=train acc=0.5619791666666667 loss=108.71062314510345 epoch=11 and step=90
2026-04-20 14:45:25,288 - SplitNNClient - INFO - 23588 - phase=train acc=0.5618923611111111 loss=109.57142508029938 epoch=11 and step=90
2026-04-20 14:45:27,478 - SplitNNClient - INFO - 17400 - phase=train acc=0.574765625 loss=118.3785640001297 epoch=11 and step=100
2026-04-20 14:45:27,515 - SplitNNClient - INFO - 22124 - phase=train acc=0.562578125 loss=120.51773023605347 epoch=11 and step=100
2026-04-20 14:45:27,588 - SplitNNClient - INFO - 23588 - phase=train acc=0.5634375 loss=121.53732252120972 epoch=11 and step=100
2026-04-20 14:45:29,703 - SplitNNClient - INFO - 17400 - phase=train acc=0.5725142045454545 loss=130.56083607673645 epoch=11 and step=110
2026-04-20 14:45:29,831 - SplitNNClient - INFO - 22124 - phase=train acc=0.5620028409090909 loss=132.94866228103638 epoch=11 and step=110
2026-04-20 14:45:29,866 - SplitNNClient - INFO - 23588 - phase=train acc=0.56640625 loss=132.9828929901123 epoch=11 and step=110
2026-04-20 14:45:32,089 - SplitNNClient - INFO - 17400 - phase=train acc=0.57265625 loss=142.51690566539764 epoch=11 and step=120
2026-04-20 14:45:32,129 - SplitNNClient - INFO - 22124 - phase=train acc=0.5618489583333334 loss=145.25245797634125 epoch=11 and step=120
2026-04-20 14:45:32,203 - SplitNNClient - INFO - 23588 - phase=train acc=0.5660807291666666 loss=145.00455498695374 epoch=11 and step=120
2026-04-20 14:45:34,384 - SplitNNClient - INFO - 17400 - phase=train acc=0.5736177884615384 loss=154.23365533351898 epoch=11 and step=130
2026-04-20 14:45:34,452 - SplitNNClient - INFO - 22124 - phase=train acc=0.56171875 loss=157.2185481786728 epoch=11 and step=130
2026-04-20 14:45:34,491 - SplitNNClient - INFO - 23588 - phase=train acc=0.5676682692307692 loss=156.611243724823 epoch=11 and step=130
2026-04-20 14:45:34,561 - FedServerManager - INFO - 21672 - get all model params ---- from rank fed_server
2026-04-20 14:45:46,041 - SplitNNClient - INFO - 23588 - phase=validation acc=0.6553 loss=76.84803467988968 epoch=11 and step=79
2026-04-20 14:45:46,103 - SplitNNClient - INFO - 22124 - phase=validation acc=0.6553 loss=76.84803467988968 epoch=11 and step=79
2026-04-20 14:45:46,136 - SplitNNClient - INFO - 17400 - phase=validation acc=0.6553 loss=76.84803467988968 epoch=11 and step=79
2026-04-20 14:45:48,480 - SplitNNClient - INFO - 23588 - phase=train acc=0.58671875 loss=11.611517310142517 epoch=12 and step=10
2026-04-20 14:45:48,550 - SplitNNClient - INFO - 22124 - phase=train acc=0.58203125 loss=11.709093689918518 epoch=12 and step=10
2026-04-20 14:45:48,598 - SplitNNClient - INFO - 17400 - phase=train acc=0.6046875 loss=10.858191132545471 epoch=12 and step=10
2026-04-20 14:45:50,809 - SplitNNClient - INFO - 23588 - phase=train acc=0.587890625 loss=23.01303905248642 epoch=12 and step=20
2026-04-20 14:45:50,915 - SplitNNClient - INFO - 22124 - phase=train acc=0.5859375 loss=23.445549964904785 epoch=12 and step=20
2026-04-20 14:45:50,951 - SplitNNClient - INFO - 17400 - phase=train acc=0.6 loss=22.05510437488556 epoch=12 and step=20
2026-04-20 14:45:53,199 - SplitNNClient - INFO - 23588 - phase=train acc=0.5848958333333333 loss=34.39284414052963 epoch=12 and step=30
2026-04-20 14:45:53,322 - SplitNNClient - INFO - 17400 - phase=train acc=0.58984375 loss=33.7897926568985 epoch=12 and step=30
2026-04-20 14:45:53,390 - SplitNNClient - INFO - 22124 - phase=train acc=0.5888020833333333 loss=34.95938301086426 epoch=12 and step=30
2026-04-20 14:45:55,563 - SplitNNClient - INFO - 23588 - phase=train acc=0.582421875 loss=46.50126963853836 epoch=12 and step=40
2026-04-20 14:45:55,604 - SplitNNClient - INFO - 17400 - phase=train acc=0.5890625 loss=45.048314571380615 epoch=12 and step=40
2026-04-20 14:45:55,760 - SplitNNClient - INFO - 22124 - phase=train acc=0.588671875 loss=46.34558284282684 epoch=12 and step=40
2026-04-20 14:45:57,925 - SplitNNClient - INFO - 23588 - phase=train acc=0.58125 loss=58.08482867479324 epoch=12 and step=50
2026-04-20 14:45:57,970 - SplitNNClient - INFO - 17400 - phase=train acc=0.5884375 loss=56.833688497543335 epoch=12 and step=50
2026-04-20 14:45:58,093 - SplitNNClient - INFO - 22124 - phase=train acc=0.583125 loss=58.32160544395447 epoch=12 and step=50
2026-04-20 14:46:00,300 - SplitNNClient - INFO - 23588 - phase=train acc=0.58046875 loss=69.46227598190308 epoch=12 and step=60
2026-04-20 14:46:00,373 - SplitNNClient - INFO - 17400 - phase=train acc=0.5838541666666667 loss=68.63975155353546 epoch=12 and step=60
2026-04-20 14:46:00,441 - SplitNNClient - INFO - 22124 - phase=train acc=0.5815104166666667 loss=70.23211967945099 epoch=12 and step=60
2026-04-20 14:46:02,624 - SplitNNClient - INFO - 23588 - phase=train acc=0.5797991071428571 loss=81.24641215801239 epoch=12 and step=70
2026-04-20 14:46:02,689 - SplitNNClient - INFO - 17400 - phase=train acc=0.5854910714285714 loss=80.15819025039673 epoch=12 and step=70
2026-04-20 14:46:02,754 - SplitNNClient - INFO - 22124 - phase=train acc=0.5842633928571429 loss=81.30188000202179 epoch=12 and step=70
2026-04-20 14:46:04,944 - SplitNNClient - INFO - 23588 - phase=train acc=0.5822265625 loss=92.96289479732513 epoch=12 and step=80
2026-04-20 14:46:05,018 - SplitNNClient - INFO - 17400 - phase=train acc=0.5837890625 loss=91.71788787841797 epoch=12 and step=80
2026-04-20 14:46:05,091 - SplitNNClient - INFO - 22124 - phase=train acc=0.58447265625 loss=92.86278331279755 epoch=12 and step=80
2026-04-20 14:46:07,221 - SplitNNClient - INFO - 23588 - phase=train acc=0.5829861111111111 loss=104.65863633155823 epoch=12 and step=90
2026-04-20 14:46:07,352 - SplitNNClient - INFO - 17400 - phase=train acc=0.584375 loss=103.10978615283966 epoch=12 and step=90
2026-04-20 14:46:07,514 - SplitNNClient - INFO - 22124 - phase=train acc=0.5849826388888889 loss=104.24678194522858 epoch=12 and step=90
2026-04-20 14:46:09,544 - SplitNNClient - INFO - 23588 - phase=train acc=0.58453125 loss=115.97360098361969 epoch=12 and step=100
2026-04-20 14:46:09,662 - SplitNNClient - INFO - 17400 - phase=train acc=0.5871875 loss=113.98289835453033 epoch=12 and step=100
2026-04-20 14:46:09,848 - SplitNNClient - INFO - 22124 - phase=train acc=0.584296875 loss=116.0093697309494 epoch=12 and step=100
2026-04-20 14:46:11,891 - SplitNNClient - INFO - 23588 - phase=train acc=0.5819602272727272 loss=128.2614597082138 epoch=12 and step=110
2026-04-20 14:46:12,028 - SplitNNClient - INFO - 17400 - phase=train acc=0.5860795454545454 loss=126.15947413444519 epoch=12 and step=110
2026-04-20 14:46:12,201 - SplitNNClient - INFO - 22124 - phase=train acc=0.5823153409090909 loss=128.3157616853714 epoch=12 and step=110
2026-04-20 14:46:14,203 - SplitNNClient - INFO - 23588 - phase=train acc=0.5826171875 loss=139.53640604019165 epoch=12 and step=120
2026-04-20 14:46:14,408 - SplitNNClient - INFO - 17400 - phase=train acc=0.5862630208333334 loss=137.69295740127563 epoch=12 and step=120
2026-04-20 14:46:14,648 - SplitNNClient - INFO - 22124 - phase=train acc=0.5819010416666667 loss=139.7868982553482 epoch=12 and step=120
2026-04-20 14:46:16,576 - SplitNNClient - INFO - 23588 - phase=train acc=0.5815504807692308 loss=150.99315559864044 epoch=12 and step=130
2026-04-20 14:46:16,774 - SplitNNClient - INFO - 17400 - phase=train acc=0.5859375 loss=149.04954487085342 epoch=12 and step=130
2026-04-20 14:46:16,964 - SplitNNClient - INFO - 22124 - phase=train acc=0.5816706730769231 loss=151.5842581987381 epoch=12 and step=130
2026-04-20 14:46:17,037 - FedServerManager - INFO - 21672 - get all model params ---- from rank fed_server
2026-04-20 14:46:28,593 - SplitNNClient - INFO - 22124 - phase=validation acc=0.6705 loss=71.88676345348358 epoch=12 and step=79
2026-04-20 14:46:28,789 - SplitNNClient - INFO - 17400 - phase=validation acc=0.6705 loss=71.88676345348358 epoch=12 and step=79
2026-04-20 14:46:28,836 - SplitNNClient - INFO - 23588 - phase=validation acc=0.6705 loss=71.88676345348358 epoch=12 and step=79
2026-04-20 14:46:31,228 - SplitNNClient - INFO - 17400 - phase=train acc=0.61796875 loss=10.765077650547028 epoch=13 and step=10
2026-04-20 14:46:31,296 - SplitNNClient - INFO - 23588 - phase=train acc=0.60859375 loss=11.039482355117798 epoch=13 and step=10
2026-04-20 14:46:31,338 - SplitNNClient - INFO - 22124 - phase=train acc=0.5984375 loss=11.018271744251251 epoch=13 and step=10
2026-04-20 14:46:33,590 - SplitNNClient - INFO - 17400 - phase=train acc=0.608984375 loss=21.94861274957657 epoch=13 and step=20
2026-04-20 14:46:33,714 - SplitNNClient - INFO - 22124 - phase=train acc=0.591015625 loss=22.713349640369415 epoch=13 and step=20
2026-04-20 14:46:33,780 - SplitNNClient - INFO - 23588 - phase=train acc=0.603125 loss=22.24119532108307 epoch=13 and step=20
2026-04-20 14:46:36,119 - SplitNNClient - INFO - 17400 - phase=train acc=0.6106770833333334 loss=33.02683448791504 epoch=13 and step=30
2026-04-20 14:46:36,192 - SplitNNClient - INFO - 22124 - phase=train acc=0.5825520833333333 loss=34.2509446144104 epoch=13 and step=30
2026-04-20 14:46:36,290 - SplitNNClient - INFO - 23588 - phase=train acc=0.6065104166666667 loss=33.02669006586075 epoch=13 and step=30
2026-04-20 14:46:38,593 - SplitNNClient - INFO - 17400 - phase=train acc=0.608984375 loss=43.845872700214386 epoch=13 and step=40
2026-04-20 14:46:38,635 - SplitNNClient - INFO - 22124 - phase=train acc=0.591796875 loss=45.09765338897705 epoch=13 and step=40
2026-04-20 14:46:38,758 - SplitNNClient - INFO - 23588 - phase=train acc=0.6091796875 loss=44.05536621809006 epoch=13 and step=40
2026-04-20 14:46:41,026 - SplitNNClient - INFO - 17400 - phase=train acc=0.60359375 loss=55.449839413166046 epoch=13 and step=50
2026-04-20 14:46:41,092 - SplitNNClient - INFO - 22124 - phase=train acc=0.5909375 loss=56.52572166919708 epoch=13 and step=50
2026-04-20 14:46:41,225 - SplitNNClient - INFO - 23588 - phase=train acc=0.606875 loss=55.56088316440582 epoch=13 and step=50
2026-04-20 14:46:43,420 - SplitNNClient - INFO - 17400 - phase=train acc=0.6024739583333333 loss=66.63808244466782 epoch=13 and step=60
2026-04-20 14:46:43,454 - SplitNNClient - INFO - 22124 - phase=train acc=0.5907552083333333 loss=67.72383344173431 epoch=13 and step=60
2026-04-20 14:46:43,846 - SplitNNClient - INFO - 23588 - phase=train acc=0.6002604166666666 loss=67.15564119815826 epoch=13 and step=60
2026-04-20 14:46:45,913 - SplitNNClient - INFO - 17400 - phase=train acc=0.6005580357142857 loss=77.95920652151108 epoch=13 and step=70
2026-04-20 14:46:45,951 - SplitNNClient - INFO - 22124 - phase=train acc=0.5900669642857143 loss=79.24372261762619 epoch=13 and step=70
2026-04-20 14:46:46,375 - SplitNNClient - INFO - 23588 - phase=train acc=0.6003348214285714 loss=78.20276343822479 epoch=13 and step=70
2026-04-20 14:46:48,242 - SplitNNClient - INFO - 17400 - phase=train acc=0.60283203125 loss=88.97275978326797 epoch=13 and step=80
2026-04-20 14:46:48,441 - SplitNNClient - INFO - 22124 - phase=train acc=0.58935546875 loss=90.83205336332321 epoch=13 and step=80
2026-04-20 14:46:48,858 - SplitNNClient - INFO - 23588 - phase=train acc=0.5990234375 loss=89.61787045001984 epoch=13 and step=80
2026-04-20 14:46:50,648 - SplitNNClient - INFO - 17400 - phase=train acc=0.60234375 loss=100.33416944742203 epoch=13 and step=90
2026-04-20 14:46:50,839 - SplitNNClient - INFO - 22124 - phase=train acc=0.5897569444444445 loss=102.29026764631271 epoch=13 and step=90
2026-04-20 14:46:51,270 - SplitNNClient - INFO - 23588 - phase=train acc=0.5986979166666667 loss=100.95045959949493 epoch=13 and step=90
2026-04-20 14:46:53,057 - SplitNNClient - INFO - 17400 - phase=train acc=0.598828125 loss=111.85324448347092 epoch=13 and step=100
2026-04-20 14:46:53,211 - SplitNNClient - INFO - 22124 - phase=train acc=0.590859375 loss=113.50117880105972 epoch=13 and step=100
2026-04-20 14:46:53,742 - SplitNNClient - INFO - 23588 - phase=train acc=0.5984375 loss=112.35506904125214 epoch=13 and step=100
2026-04-20 14:46:55,499 - SplitNNClient - INFO - 17400 - phase=train acc=0.5990767045454546 loss=123.1665421128273 epoch=13 and step=110
2026-04-20 14:46:55,565 - SplitNNClient - INFO - 22124 - phase=train acc=0.591122159090909 loss=124.95784348249435 epoch=13 and step=110
2026-04-20 14:46:56,238 - SplitNNClient - INFO - 23588 - phase=train acc=0.5970880681818181 loss=123.69642698764801 epoch=13 and step=110
2026-04-20 14:46:58,010 - SplitNNClient - INFO - 17400 - phase=train acc=0.5978515625 loss=134.81040436029434 epoch=13 and step=120
2026-04-20 14:46:58,085 - SplitNNClient - INFO - 22124 - phase=train acc=0.5912760416666667 loss=136.01189821958542 epoch=13 and step=120
2026-04-20 14:46:58,893 - SplitNNClient - INFO - 23588 - phase=train acc=0.5938802083333333 loss=135.79771161079407 epoch=13 and step=120
2026-04-20 14:47:00,370 - SplitNNClient - INFO - 17400 - phase=train acc=0.5994591346153846 loss=145.3893781900406 epoch=13 and step=130
2026-04-20 14:47:00,465 - SplitNNClient - INFO - 22124 - phase=train acc=0.5893028846153846 loss=147.84721970558167 epoch=13 and step=130
2026-04-20 14:47:01,002 - SplitNNClient - INFO - 23588 - phase=train acc=0.59375 loss=147.1384174823761 epoch=13 and step=130
2026-04-20 14:47:01,073 - FedServerManager - INFO - 21672 - get all model params ---- from rank fed_server
2026-04-20 14:47:12,616 - SplitNNClient - INFO - 22124 - phase=validation acc=0.6829 loss=70.173897087574 epoch=13 and step=79
2026-04-20 14:47:12,655 - SplitNNClient - INFO - 23588 - phase=validation acc=0.6829 loss=70.173897087574 epoch=13 and step=79
2026-04-20 14:47:12,711 - SplitNNClient - INFO - 17400 - phase=validation acc=0.6829 loss=70.173897087574 epoch=13 and step=79
2026-04-20 14:47:14,918 - SplitNNClient - INFO - 22124 - phase=train acc=0.60390625 loss=10.977075099945068 epoch=14 and step=10
2026-04-20 14:47:15,016 - SplitNNClient - INFO - 23588 - phase=train acc=0.61875 loss=10.938454568386078 epoch=14 and step=10
2026-04-20 14:47:15,086 - SplitNNClient - INFO - 17400 - phase=train acc=0.646875 loss=9.781130313873291 epoch=14 and step=10
2026-04-20 14:47:17,278 - SplitNNClient - INFO - 22124 - phase=train acc=0.60234375 loss=22.05469584465027 epoch=14 and step=20
2026-04-20 14:47:17,350 - SplitNNClient - INFO - 23588 - phase=train acc=0.61328125 loss=21.89089673757553 epoch=14 and step=20
2026-04-20 14:47:17,392 - SplitNNClient - INFO - 17400 - phase=train acc=0.62421875 loss=20.622299790382385 epoch=14 and step=20
2026-04-20 14:47:19,558 - SplitNNClient - INFO - 22124 - phase=train acc=0.6080729166666666 loss=33.16097164154053 epoch=14 and step=30
2026-04-20 14:47:19,683 - SplitNNClient - INFO - 23588 - phase=train acc=0.6171875 loss=32.63174265623093 epoch=14 and step=30
2026-04-20 14:47:19,719 - SplitNNClient - INFO - 17400 - phase=train acc=0.6174479166666667 loss=31.756210684776306 epoch=14 and step=30
2026-04-20 14:47:21,867 - SplitNNClient - INFO - 22124 - phase=train acc=0.6025390625 loss=44.41655921936035 epoch=14 and step=40
2026-04-20 14:47:22,022 - SplitNNClient - INFO - 23588 - phase=train acc=0.6123046875 loss=44.1050426363945 epoch=14 and step=40
2026-04-20 14:47:22,061 - SplitNNClient - INFO - 17400 - phase=train acc=0.616796875 loss=42.724619686603546 epoch=14 and step=40
2026-04-20 14:47:24,211 - SplitNNClient - INFO - 22124 - phase=train acc=0.60484375 loss=55.48946553468704 epoch=14 and step=50
2026-04-20 14:47:24,314 - SplitNNClient - INFO - 23588 - phase=train acc=0.61015625 loss=54.95478993654251 epoch=14 and step=50
2026-04-20 14:47:24,375 - SplitNNClient - INFO - 17400 - phase=train acc=0.61375 loss=53.81008458137512 epoch=14 and step=50
2026-04-20 14:47:26,576 - SplitNNClient - INFO - 22124 - phase=train acc=0.5985677083333333 loss=67.36512845754623 epoch=14 and step=60
2026-04-20 14:47:26,637 - SplitNNClient - INFO - 23588 - phase=train acc=0.609375 loss=66.16760569810867 epoch=14 and step=60
2026-04-20 14:47:26,702 - SplitNNClient - INFO - 17400 - phase=train acc=0.6138020833333333 loss=64.99765360355377 epoch=14 and step=60
2026-04-20 14:47:28,837 - SplitNNClient - INFO - 22124 - phase=train acc=0.6036830357142857 loss=77.73361736536026 epoch=14 and step=70
2026-04-20 14:47:28,998 - SplitNNClient - INFO - 17400 - phase=train acc=0.6137276785714286 loss=75.4430815577507 epoch=14 and step=70
2026-04-20 14:47:29,041 - SplitNNClient - INFO - 23588 - phase=train acc=0.6094866071428572 loss=77.26605397462845 epoch=14 and step=70
2026-04-20 14:47:31,248 - SplitNNClient - INFO - 22124 - phase=train acc=0.60439453125 loss=88.87887471914291 epoch=14 and step=80
2026-04-20 14:47:31,285 - SplitNNClient - INFO - 17400 - phase=train acc=0.6130859375 loss=86.40284353494644 epoch=14 and step=80
2026-04-20 14:47:31,355 - SplitNNClient - INFO - 23588 - phase=train acc=0.60927734375 loss=88.23842924833298 epoch=14 and step=80
2026-04-20 14:47:33,565 - SplitNNClient - INFO - 22124 - phase=train acc=0.6025173611111111 loss=100.10692012310028 epoch=14 and step=90
2026-04-20 14:47:33,601 - SplitNNClient - INFO - 17400 - phase=train acc=0.6126736111111111 loss=97.13137912750244 epoch=14 and step=90
2026-04-20 14:47:33,674 - SplitNNClient - INFO - 23588 - phase=train acc=0.6096354166666667 loss=98.92640018463135 epoch=14 and step=90
2026-04-20 14:47:35,829 - SplitNNClient - INFO - 22124 - phase=train acc=0.603671875 loss=110.89477777481079 epoch=14 and step=100
2026-04-20 14:47:35,867 - SplitNNClient - INFO - 17400 - phase=train acc=0.613984375 loss=108.03909307718277 epoch=14 and step=100
2026-04-20 14:47:35,995 - SplitNNClient - INFO - 23588 - phase=train acc=0.6084375 loss=110.08100414276123 epoch=14 and step=100
2026-04-20 14:47:38,152 - SplitNNClient - INFO - 22124 - phase=train acc=0.60234375 loss=122.18801581859589 epoch=14 and step=110
2026-04-20 14:47:38,194 - SplitNNClient - INFO - 17400 - phase=train acc=0.6150568181818182 loss=118.39176768064499 epoch=14 and step=110
2026-04-20 14:47:38,292 - SplitNNClient - INFO - 23588 - phase=train acc=0.6092329545454546 loss=120.86882078647614 epoch=14 and step=110
2026-04-20 14:47:40,549 - SplitNNClient - INFO - 17400 - phase=train acc=0.6157552083333333 loss=129.0812948346138 epoch=14 and step=120
2026-04-20 14:47:40,591 - SplitNNClient - INFO - 22124 - phase=train acc=0.6040364583333333 loss=132.2648097872734 epoch=14 and step=120
2026-04-20 14:47:40,715 - SplitNNClient - INFO - 23588 - phase=train acc=0.6111328125 loss=131.37173688411713 epoch=14 and step=120
2026-04-20 14:47:42,744 - SplitNNClient - INFO - 17400 - phase=train acc=0.6158653846153846 loss=139.84131056070328 epoch=14 and step=130
2026-04-20 14:47:42,838 - SplitNNClient - INFO - 22124 - phase=train acc=0.6041466346153846 loss=143.41999900341034 epoch=14 and step=130
2026-04-20 14:47:42,881 - SplitNNClient - INFO - 23588 - phase=train acc=0.6108774038461539 loss=142.57552552223206 epoch=14 and step=130
2026-04-20 14:47:42,956 - FedServerManager - INFO - 21672 - get all model params ---- from rank fed_server
2026-04-20 14:47:54,646 - SplitNNClient - INFO - 22124 - phase=validation acc=0.6895 loss=68.02458024024963 epoch=14 and step=79
2026-04-20 14:47:54,653 - SplitNNClient - INFO - 17400 - phase=validation acc=0.6895 loss=68.02458024024963 epoch=14 and step=79
2026-04-20 14:47:54,686 - SplitNNClient - INFO - 23588 - phase=validation acc=0.6895 loss=68.02458024024963 epoch=14 and step=79
2026-04-20 14:47:56,865 - SplitNNClient - INFO - 17400 - phase=train acc=0.61640625 loss=10.448451340198517 epoch=15 and step=10
2026-04-20 14:47:56,936 - SplitNNClient - INFO - 23588 - phase=train acc=0.63125 loss=10.338198065757751 epoch=15 and step=10
2026-04-20 14:47:57,036 - SplitNNClient - INFO - 22124 - phase=train acc=0.625 loss=10.694872260093689 epoch=15 and step=10
2026-04-20 14:47:59,200 - SplitNNClient - INFO - 17400 - phase=train acc=0.6265625 loss=20.7606298327446 epoch=15 and step=20
2026-04-20 14:47:59,272 - SplitNNClient - INFO - 23588 - phase=train acc=0.6296875 loss=20.993546903133392 epoch=15 and step=20
2026-04-20 14:47:59,309 - SplitNNClient - INFO - 22124 - phase=train acc=0.608984375 loss=22.05508518218994 epoch=15 and step=20
2026-04-20 14:48:01,471 - SplitNNClient - INFO - 17400 - phase=train acc=0.6330729166666667 loss=30.531833827495575 epoch=15 and step=30
2026-04-20 14:48:01,574 - SplitNNClient - INFO - 23588 - phase=train acc=0.6359375 loss=31.06121063232422 epoch=15 and step=30
2026-04-20 14:48:01,640 - SplitNNClient - INFO - 22124 - phase=train acc=0.61484375 loss=32.22775757312775 epoch=15 and step=30
2026-04-20 14:48:03,777 - SplitNNClient - INFO - 17400 - phase=train acc=0.626953125 loss=41.228791773319244 epoch=15 and step=40
2026-04-20 14:48:03,845 - SplitNNClient - INFO - 23588 - phase=train acc=0.633203125 loss=41.67564433813095 epoch=15 and step=40
2026-04-20 14:48:03,890 - SplitNNClient - INFO - 22124 - phase=train acc=0.616796875 loss=42.896441638469696 epoch=15 and step=40
2026-04-20 14:48:06,059 - SplitNNClient - INFO - 17400 - phase=train acc=0.6228125 loss=51.933683812618256 epoch=15 and step=50
2026-04-20 14:48:06,166 - SplitNNClient - INFO - 22124 - phase=train acc=0.61640625 loss=53.76286858320236 epoch=15 and step=50
2026-04-20 14:48:06,238 - SplitNNClient - INFO - 23588 - phase=train acc=0.62953125 loss=52.618269205093384 epoch=15 and step=50
2026-04-20 14:48:08,334 - SplitNNClient - INFO - 17400 - phase=train acc=0.6229166666666667 loss=62.17299687862396 epoch=15 and step=60
2026-04-20 14:48:08,404 - SplitNNClient - INFO - 22124 - phase=train acc=0.6170572916666667 loss=64.34707480669022 epoch=15 and step=60
2026-04-20 14:48:08,506 - SplitNNClient - INFO - 23588 - phase=train acc=0.6298177083333333 loss=63.10215950012207 epoch=15 and step=60
2026-04-20 14:48:10,610 - SplitNNClient - INFO - 17400 - phase=train acc=0.62109375 loss=72.90175580978394 epoch=15 and step=70
2026-04-20 14:48:10,706 - SplitNNClient - INFO - 22124 - phase=train acc=0.6146205357142858 loss=75.19840961694717 epoch=15 and step=70
2026-04-20 14:48:10,773 - SplitNNClient - INFO - 23588 - phase=train acc=0.6313616071428572 loss=73.18933719396591 epoch=15 and step=70
2026-04-20 14:48:12,891 - SplitNNClient - INFO - 17400 - phase=train acc=0.62041015625 loss=83.77737730741501 epoch=15 and step=80
2026-04-20 14:48:13,017 - SplitNNClient - INFO - 22124 - phase=train acc=0.6142578125 loss=86.34833389520645 epoch=15 and step=80
2026-04-20 14:48:13,050 - SplitNNClient - INFO - 23588 - phase=train acc=0.63076171875 loss=83.53626817464828 epoch=15 and step=80
2026-04-20 14:48:15,183 - SplitNNClient - INFO - 17400 - phase=train acc=0.6194444444444445 loss=94.84329068660736 epoch=15 and step=90
2026-04-20 14:48:15,282 - SplitNNClient - INFO - 22124 - phase=train acc=0.6162326388888889 loss=96.62376064062119 epoch=15 and step=90
2026-04-20 14:48:15,351 - SplitNNClient - INFO - 23588 - phase=train acc=0.6294270833333333 loss=94.32839512825012 epoch=15 and step=90
2026-04-20 14:48:17,495 - SplitNNClient - INFO - 17400 - phase=train acc=0.62 loss=105.53822618722916 epoch=15 and step=100
2026-04-20 14:48:17,592 - SplitNNClient - INFO - 22124 - phase=train acc=0.617265625 loss=107.08329641819 epoch=15 and step=100
2026-04-20 14:48:17,662 - SplitNNClient - INFO - 23588 - phase=train acc=0.627734375 loss=105.05614393949509 epoch=15 and step=100
2026-04-20 14:48:19,752 - SplitNNClient - INFO - 17400 - phase=train acc=0.6227272727272727 loss=115.37713724374771 epoch=15 and step=110
2026-04-20 14:48:19,968 - SplitNNClient - INFO - 22124 - phase=train acc=0.61640625 loss=117.86947387456894 epoch=15 and step=110
2026-04-20 14:48:20,009 - SplitNNClient - INFO - 23588 - phase=train acc=0.6296164772727273 loss=115.51376104354858 epoch=15 and step=110
2026-04-20 14:48:22,131 - SplitNNClient - INFO - 17400 - phase=train acc=0.6248046875 loss=125.57645308971405 epoch=15 and step=120
2026-04-20 14:48:22,203 - SplitNNClient - INFO - 22124 - phase=train acc=0.6159505208333333 loss=128.87155908346176 epoch=15 and step=120
2026-04-20 14:48:22,327 - SplitNNClient - INFO - 23588 - phase=train acc=0.628125 loss=125.98830389976501 epoch=15 and step=120
2026-04-20 14:48:24,481 - SplitNNClient - INFO - 17400 - phase=train acc=0.62421875 loss=136.4928931593895 epoch=15 and step=130
2026-04-20 14:48:24,554 - SplitNNClient - INFO - 22124 - phase=train acc=0.6165865384615384 loss=139.42341232299805 epoch=15 and step=130
2026-04-20 14:48:24,649 - SplitNNClient - INFO - 23588 - phase=train acc=0.6275240384615385 loss=136.59001475572586 epoch=15 and step=130
2026-04-20 14:48:24,723 - FedServerManager - INFO - 21672 - get all model params ---- from rank fed_server
2026-04-20 14:48:36,549 - SplitNNClient - INFO - 22124 - phase=validation acc=0.7046 loss=65.79096382856369 epoch=15 and step=79
2026-04-20 14:48:36,587 - SplitNNClient - INFO - 17400 - phase=validation acc=0.7046 loss=65.79096382856369 epoch=15 and step=79
2026-04-20 14:48:36,654 - SplitNNClient - INFO - 23588 - phase=validation acc=0.7046 loss=65.79096382856369 epoch=15 and step=79
2026-04-20 14:48:38,884 - SplitNNClient - INFO - 23588 - phase=train acc=0.646875 loss=10.177803993225098 epoch=16 and step=10
2026-04-20 14:48:38,951 - SplitNNClient - INFO - 17400 - phase=train acc=0.6625 loss=9.516451001167297 epoch=16 and step=10
2026-04-20 14:48:39,054 - SplitNNClient - INFO - 22124 - phase=train acc=0.63046875 loss=10.29953122138977 epoch=16 and step=10
2026-04-20 14:48:41,176 - SplitNNClient - INFO - 23588 - phase=train acc=0.639453125 loss=20.447743117809296 epoch=16 and step=20
2026-04-20 14:48:41,248 - SplitNNClient - INFO - 17400 - phase=train acc=0.637109375 loss=20.332612574100494 epoch=16 and step=20
2026-04-20 14:48:41,288 - SplitNNClient - INFO - 22124 - phase=train acc=0.6265625 loss=20.806483805179596 epoch=16 and step=20
2026-04-20 14:48:43,472 - SplitNNClient - INFO - 23588 - phase=train acc=0.6395833333333333 loss=30.627719223499298 epoch=16 and step=30
2026-04-20 14:48:43,505 - SplitNNClient - INFO - 17400 - phase=train acc=0.62890625 loss=30.742648661136627 epoch=16 and step=30
2026-04-20 14:48:43,580 - SplitNNClient - INFO - 22124 - phase=train acc=0.6239583333333333 loss=31.81481832265854 epoch=16 and step=30
2026-04-20 14:48:45,775 - SplitNNClient - INFO - 23588 - phase=train acc=0.6373046875 loss=40.967122972011566 epoch=16 and step=40
2026-04-20 14:48:45,878 - SplitNNClient - INFO - 17400 - phase=train acc=0.6283203125 loss=41.34744167327881 epoch=16 and step=40
2026-04-20 14:48:45,972 - SplitNNClient - INFO - 22124 - phase=train acc=0.6296875 loss=41.882344245910645 epoch=16 and step=40
2026-04-20 14:48:48,119 - SplitNNClient - INFO - 23588 - phase=train acc=0.63109375 loss=51.88769382238388 epoch=16 and step=50
2026-04-20 14:48:48,161 - SplitNNClient - INFO - 17400 - phase=train acc=0.63125 loss=51.29348963499069 epoch=16 and step=50
2026-04-20 14:48:48,288 - SplitNNClient - INFO - 22124 - phase=train acc=0.62734375 loss=52.68685817718506 epoch=16 and step=50
2026-04-20 14:48:50,467 - SplitNNClient - INFO - 23588 - phase=train acc=0.630078125 loss=62.310706436634064 epoch=16 and step=60
2026-04-20 14:48:50,508 - SplitNNClient - INFO - 17400 - phase=train acc=0.6303385416666667 loss=61.50516664981842 epoch=16 and step=60
2026-04-20 14:48:50,636 - SplitNNClient - INFO - 22124 - phase=train acc=0.6294270833333333 loss=62.68792951107025 epoch=16 and step=60
2026-04-20 14:48:52,794 - SplitNNClient - INFO - 23588 - phase=train acc=0.62890625 loss=72.60543030500412 epoch=16 and step=70
2026-04-20 14:48:52,840 - SplitNNClient - INFO - 17400 - phase=train acc=0.6297991071428571 loss=71.93004935979843 epoch=16 and step=70
2026-04-20 14:48:52,882 - SplitNNClient - INFO - 22124 - phase=train acc=0.6300223214285714 loss=72.9789429306984 epoch=16 and step=70
2026-04-20 14:48:55,061 - SplitNNClient - INFO - 23588 - phase=train acc=0.63037109375 loss=82.78663313388824 epoch=16 and step=80
2026-04-20 14:48:55,134 - SplitNNClient - INFO - 17400 - phase=train acc=0.62900390625 loss=82.34536474943161 epoch=16 and step=80
2026-04-20 14:48:55,234 - SplitNNClient - INFO - 22124 - phase=train acc=0.6310546875 loss=83.59662836790085 epoch=16 and step=80
2026-04-20 14:48:57,406 - SplitNNClient - INFO - 23588 - phase=train acc=0.6278645833333333 loss=93.78747832775116 epoch=16 and step=90
2026-04-20 14:48:57,451 - SplitNNClient - INFO - 17400 - phase=train acc=0.6301215277777777 loss=92.56314444541931 epoch=16 and step=90
2026-04-20 14:48:57,574 - SplitNNClient - INFO - 22124 - phase=train acc=0.6322916666666667 loss=93.85992050170898 epoch=16 and step=90
2026-04-20 14:48:59,694 - SplitNNClient - INFO - 23588 - phase=train acc=0.62453125 loss=104.91646552085876 epoch=16 and step=100
2026-04-20 14:48:59,765 - SplitNNClient - INFO - 17400 - phase=train acc=0.627734375 loss=103.27513790130615 epoch=16 and step=100
2026-04-20 14:48:59,833 - SplitNNClient - INFO - 22124 - phase=train acc=0.63453125 loss=103.59482741355896 epoch=16 and step=100
2026-04-20 14:49:02,051 - SplitNNClient - INFO - 23588 - phase=train acc=0.6268465909090909 loss=115.01041531562805 epoch=16 and step=110
2026-04-20 14:49:02,153 - SplitNNClient - INFO - 17400 - phase=train acc=0.6282670454545455 loss=113.29550212621689 epoch=16 and step=110
2026-04-20 14:49:02,220 - SplitNNClient - INFO - 22124 - phase=train acc=0.6329545454545454 loss=114.0148224234581 epoch=16 and step=110
2026-04-20 14:49:04,410 - SplitNNClient - INFO - 23588 - phase=train acc=0.6258463541666667 loss=125.97243589162827 epoch=16 and step=120
2026-04-20 14:49:04,454 - SplitNNClient - INFO - 17400 - phase=train acc=0.6306640625 loss=123.25219172239304 epoch=16 and step=120
2026-04-20 14:49:04,496 - SplitNNClient - INFO - 22124 - phase=train acc=0.6322265625 loss=124.48019820451736 epoch=16 and step=120
2026-04-20 14:49:06,803 - SplitNNClient - INFO - 23588 - phase=train acc=0.6264423076923077 loss=136.35587483644485 epoch=16 and step=130
2026-04-20 14:49:06,867 - SplitNNClient - INFO - 17400 - phase=train acc=0.6315504807692308 loss=133.29919582605362 epoch=16 and step=130
2026-04-20 14:49:06,901 - SplitNNClient - INFO - 22124 - phase=train acc=0.6306490384615384 loss=135.0304269194603 epoch=16 and step=130
2026-04-20 14:49:06,980 - FedServerManager - INFO - 21672 - get all model params ---- from rank fed_server
2026-04-20 14:49:18,852 - SplitNNClient - INFO - 17400 - phase=validation acc=0.7151 loss=62.62148708105087 epoch=16 and step=79
2026-04-20 14:49:18,915 - SplitNNClient - INFO - 22124 - phase=validation acc=0.7151 loss=62.62148708105087 epoch=16 and step=79
2026-04-20 14:49:19,357 - SplitNNClient - INFO - 23588 - phase=validation acc=0.7151 loss=62.62148708105087 epoch=16 and step=79
2026-04-20 14:49:21,469 - SplitNNClient - INFO - 23588 - phase=train acc=0.62421875 loss=10.30799400806427 epoch=17 and step=10
2026-04-20 14:49:21,600 - SplitNNClient - INFO - 17400 - phase=train acc=0.6703125 loss=9.464093208312988 epoch=17 and step=10
2026-04-20 14:49:21,641 - SplitNNClient - INFO - 22124 - phase=train acc=0.66171875 loss=9.415985643863678 epoch=17 and step=10
2026-04-20 14:49:23,705 - SplitNNClient - INFO - 23588 - phase=train acc=0.63828125 loss=20.09098917245865 epoch=17 and step=20
2026-04-20 14:49:23,773 - SplitNNClient - INFO - 17400 - phase=train acc=0.65859375 loss=19.593390583992004 epoch=17 and step=20
2026-04-20 14:49:23,872 - SplitNNClient - INFO - 22124 - phase=train acc=0.65390625 loss=19.82642287015915 epoch=17 and step=20
2026-04-20 14:49:25,855 - SplitNNClient - INFO - 23588 - phase=train acc=0.6434895833333333 loss=29.964434027671814 epoch=17 and step=30
2026-04-20 14:49:25,998 - SplitNNClient - INFO - 17400 - phase=train acc=0.65390625 loss=29.569460093975067 epoch=17 and step=30
2026-04-20 14:49:26,164 - SplitNNClient - INFO - 22124 - phase=train acc=0.6484375 loss=30.067211747169495 epoch=17 and step=30
2026-04-20 14:49:28,018 - SplitNNClient - INFO - 23588 - phase=train acc=0.64609375 loss=39.529926776885986 epoch=17 and step=40
2026-04-20 14:49:28,182 - SplitNNClient - INFO - 17400 - phase=train acc=0.653125 loss=39.631470918655396 epoch=17 and step=40
2026-04-20 14:49:28,319 - SplitNNClient - INFO - 22124 - phase=train acc=0.6458984375 loss=40.17900937795639 epoch=17 and step=40
2026-04-20 14:49:30,247 - SplitNNClient - INFO - 23588 - phase=train acc=0.6446875 loss=49.97982120513916 epoch=17 and step=50
2026-04-20 14:49:30,388 - SplitNNClient - INFO - 17400 - phase=train acc=0.65546875 loss=49.315264880657196 epoch=17 and step=50
2026-04-20 14:49:30,552 - SplitNNClient - INFO - 22124 - phase=train acc=0.64515625 loss=50.328328013420105 epoch=17 and step=50
2026-04-20 14:49:32,464 - SplitNNClient - INFO - 23588 - phase=train acc=0.6470052083333333 loss=59.8114555478096 epoch=17 and step=60
2026-04-20 14:49:32,569 - SplitNNClient - INFO - 17400 - phase=train acc=0.6540364583333333 loss=59.472236931324005 epoch=17 and step=60
2026-04-20 14:49:32,771 - SplitNNClient - INFO - 22124 - phase=train acc=0.64453125 loss=60.65984094142914 epoch=17 and step=60
2026-04-20 14:49:34,668 - SplitNNClient - INFO - 23588 - phase=train acc=0.6433035714285714 loss=70.19465386867523 epoch=17 and step=70
2026-04-20 14:49:34,800 - SplitNNClient - INFO - 17400 - phase=train acc=0.6534598214285714 loss=69.4810933470726 epoch=17 and step=70
2026-04-20 14:49:34,967 - SplitNNClient - INFO - 22124 - phase=train acc=0.6435267857142857 loss=71.14132434129715 epoch=17 and step=70
2026-04-20 14:49:36,875 - SplitNNClient - INFO - 23588 - phase=train acc=0.6416015625 loss=80.54853177070618 epoch=17 and step=80
2026-04-20 14:49:36,969 - SplitNNClient - INFO - 17400 - phase=train acc=0.6556640625 loss=78.98860102891922 epoch=17 and step=80
2026-04-20 14:49:37,243 - SplitNNClient - INFO - 22124 - phase=train acc=0.64453125 loss=81.12928014993668 epoch=17 and step=80
2026-04-20 14:49:39,083 - SplitNNClient - INFO - 23588 - phase=train acc=0.6415798611111111 loss=90.2592556476593 epoch=17 and step=90
2026-04-20 14:49:39,216 - SplitNNClient - INFO - 17400 - phase=train acc=0.65390625 loss=89.17562115192413 epoch=17 and step=90
2026-04-20 14:49:39,512 - SplitNNClient - INFO - 22124 - phase=train acc=0.64296875 loss=91.380018055439 epoch=17 and step=90
2026-04-20 14:49:41,388 - SplitNNClient - INFO - 23588 - phase=train acc=0.64453125 loss=99.97310274839401 epoch=17 and step=100
2026-04-20 14:49:41,449 - SplitNNClient - INFO - 17400 - phase=train acc=0.653359375 loss=99.53279048204422 epoch=17 and step=100
2026-04-20 14:49:41,900 - SplitNNClient - INFO - 22124 - phase=train acc=0.641875 loss=101.53367286920547 epoch=17 and step=100
2026-04-20 14:49:43,637 - SplitNNClient - INFO - 23588 - phase=train acc=0.6453835227272727 loss=110.20168000459671 epoch=17 and step=110
2026-04-20 14:49:43,803 - SplitNNClient - INFO - 17400 - phase=train acc=0.6503551136363637 loss=110.23120230436325 epoch=17 and step=110
2026-04-20 14:49:44,207 - SplitNNClient - INFO - 22124 - phase=train acc=0.6411221590909091 loss=111.94134843349457 epoch=17 and step=110
2026-04-20 14:49:45,924 - SplitNNClient - INFO - 23588 - phase=train acc=0.6447916666666667 loss=120.42840373516083 epoch=17 and step=120
2026-04-20 14:49:46,091 - SplitNNClient - INFO - 17400 - phase=train acc=0.648828125 loss=120.2696989774704 epoch=17 and step=120
2026-04-20 14:49:46,485 - SplitNNClient - INFO - 22124 - phase=train acc=0.6427734375 loss=121.83234590291977 epoch=17 and step=120
2026-04-20 14:49:48,195 - SplitNNClient - INFO - 23588 - phase=train acc=0.6440504807692308 loss=130.68838739395142 epoch=17 and step=130
2026-04-20 14:49:48,298 - SplitNNClient - INFO - 17400 - phase=train acc=0.6488581730769231 loss=130.31195777654648 epoch=17 and step=130
2026-04-20 14:49:48,640 - SplitNNClient - INFO - 22124 - phase=train acc=0.6414663461538461 loss=132.24562454223633 epoch=17 and step=130
2026-04-20 14:49:48,708 - FedServerManager - INFO - 21672 - get all model params ---- from rank fed_server
2026-04-20 14:50:00,176 - SplitNNClient - INFO - 22124 - phase=validation acc=0.7228 loss=61.2070289850235 epoch=17 and step=79
2026-04-20 14:50:00,223 - SplitNNClient - INFO - 23588 - phase=validation acc=0.7228 loss=61.2070289850235 epoch=17 and step=79
2026-04-20 14:50:00,276 - SplitNNClient - INFO - 17400 - phase=validation acc=0.7228 loss=61.2070289850235 epoch=17 and step=79
2026-04-20 14:50:02,551 - SplitNNClient - INFO - 17400 - phase=train acc=0.66953125 loss=8.855917870998383 epoch=18 and step=10
2026-04-20 14:50:02,649 - SplitNNClient - INFO - 22124 - phase=train acc=0.66640625 loss=9.310267627239227 epoch=18 and step=10
2026-04-20 14:50:02,710 - SplitNNClient - INFO - 23588 - phase=train acc=0.66640625 loss=9.513429045677185 epoch=18 and step=10
2026-04-20 14:50:04,857 - SplitNNClient - INFO - 17400 - phase=train acc=0.673046875 loss=18.059600174427032 epoch=18 and step=20
2026-04-20 14:50:04,924 - SplitNNClient - INFO - 22124 - phase=train acc=0.659375 loss=19.14750564098358 epoch=18 and step=20
2026-04-20 14:50:05,056 - SplitNNClient - INFO - 23588 - phase=train acc=0.653515625 loss=19.751115560531616 epoch=18 and step=20
2026-04-20 14:50:07,216 - SplitNNClient - INFO - 17400 - phase=train acc=0.665625 loss=27.734848976135254 epoch=18 and step=30
2026-04-20 14:50:07,257 - SplitNNClient - INFO - 22124 - phase=train acc=0.6572916666666667 loss=28.825410306453705 epoch=18 and step=30
2026-04-20 14:50:07,385 - SplitNNClient - INFO - 23588 - phase=train acc=0.6544270833333333 loss=29.594317972660065 epoch=18 and step=30
2026-04-20 14:50:09,508 - SplitNNClient - INFO - 17400 - phase=train acc=0.659375 loss=38.00777703523636 epoch=18 and step=40
2026-04-20 14:50:09,603 - SplitNNClient - INFO - 22124 - phase=train acc=0.6548828125 loss=38.7913361787796 epoch=18 and step=40
2026-04-20 14:50:09,669 - SplitNNClient - INFO - 23588 - phase=train acc=0.6537109375 loss=39.268455386161804 epoch=18 and step=40
2026-04-20 14:50:11,812 - SplitNNClient - INFO - 17400 - phase=train acc=0.65859375 loss=47.692478239536285 epoch=18 and step=50
2026-04-20 14:50:11,907 - SplitNNClient - INFO - 22124 - phase=train acc=0.65 loss=49.01017701625824 epoch=18 and step=50
2026-04-20 14:50:11,979 - SplitNNClient - INFO - 23588 - phase=train acc=0.65171875 loss=48.94501185417175 epoch=18 and step=50
2026-04-20 14:50:14,206 - SplitNNClient - INFO - 17400 - phase=train acc=0.6553385416666667 loss=57.69146466255188 epoch=18 and step=60
2026-04-20 14:50:14,247 - SplitNNClient - INFO - 22124 - phase=train acc=0.6484375 loss=59.159726083278656 epoch=18 and step=60
2026-04-20 14:50:14,372 - SplitNNClient - INFO - 23588 - phase=train acc=0.6536458333333334 loss=58.675468146800995 epoch=18 and step=60
2026-04-20 14:50:16,580 - SplitNNClient - INFO - 17400 - phase=train acc=0.6515625 loss=67.78460741043091 epoch=18 and step=70
2026-04-20 14:50:16,650 - SplitNNClient - INFO - 22124 - phase=train acc=0.6498883928571428 loss=68.78337556123734 epoch=18 and step=70
2026-04-20 14:50:16,747 - SplitNNClient - INFO - 23588 - phase=train acc=0.6529017857142857 loss=68.6702372431755 epoch=18 and step=70
2026-04-20 14:50:18,913 - SplitNNClient - INFO - 17400 - phase=train acc=0.64873046875 loss=78.3748733997345 epoch=18 and step=80
2026-04-20 14:50:18,949 - SplitNNClient - INFO - 22124 - phase=train acc=0.65126953125 loss=78.36055880784988 epoch=18 and step=80
2026-04-20 14:50:19,082 - SplitNNClient - INFO - 23588 - phase=train acc=0.65009765625 loss=78.89920979738235 epoch=18 and step=80
2026-04-20 14:50:21,278 - SplitNNClient - INFO - 17400 - phase=train acc=0.6474826388888889 loss=88.40724819898605 epoch=18 and step=90
2026-04-20 14:50:21,323 - SplitNNClient - INFO - 22124 - phase=train acc=0.6495659722222222 loss=88.60996735095978 epoch=18 and step=90
2026-04-20 14:50:21,446 - SplitNNClient - INFO - 23588 - phase=train acc=0.6501736111111112 loss=88.80289685726166 epoch=18 and step=90
2026-04-20 14:50:23,660 - SplitNNClient - INFO - 17400 - phase=train acc=0.646015625 loss=98.51631635427475 epoch=18 and step=100
2026-04-20 14:50:23,758 - SplitNNClient - INFO - 22124 - phase=train acc=0.650703125 loss=98.30272990465164 epoch=18 and step=100
2026-04-20 14:50:23,825 - SplitNNClient - INFO - 23588 - phase=train acc=0.648125 loss=99.01808154582977 epoch=18 and step=100
2026-04-20 14:50:25,923 - SplitNNClient - INFO - 17400 - phase=train acc=0.6464488636363637 loss=108.12395471334457 epoch=18 and step=110
2026-04-20 14:50:25,989 - SplitNNClient - INFO - 22124 - phase=train acc=0.6518465909090909 loss=107.62401694059372 epoch=18 and step=110
2026-04-20 14:50:26,087 - SplitNNClient - INFO - 23588 - phase=train acc=0.6482244318181818 loss=108.916668176651 epoch=18 and step=110
2026-04-20 14:50:28,184 - SplitNNClient - INFO - 17400 - phase=train acc=0.648046875 loss=117.4077125787735 epoch=18 and step=120
2026-04-20 14:50:28,225 - SplitNNClient - INFO - 22124 - phase=train acc=0.6509114583333333 loss=117.80417066812515 epoch=18 and step=120
2026-04-20 14:50:28,324 - SplitNNClient - INFO - 23588 - phase=train acc=0.6475911458333333 loss=118.84097164869308 epoch=18 and step=120
2026-04-20 14:50:30,391 - SplitNNClient - INFO - 17400 - phase=train acc=0.65 loss=126.89842236042023 epoch=18 and step=130
2026-04-20 14:50:30,455 - SplitNNClient - INFO - 22124 - phase=train acc=0.6511418269230769 loss=127.61508107185364 epoch=18 and step=130
2026-04-20 14:50:30,522 - SplitNNClient - INFO - 23588 - phase=train acc=0.6501802884615384 loss=128.10925763845444 epoch=18 and step=130
2026-04-20 14:50:30,575 - FedServerManager - INFO - 21672 - get all model params ---- from rank fed_server
2026-04-20 14:50:41,999 - SplitNNClient - INFO - 22124 - phase=validation acc=0.7404 loss=58.57691240310669 epoch=18 and step=79
2026-04-20 14:50:42,051 - SplitNNClient - INFO - 23588 - phase=validation acc=0.7404 loss=58.57691240310669 epoch=18 and step=79
2026-04-20 14:50:42,100 - SplitNNClient - INFO - 17400 - phase=validation acc=0.7404 loss=58.57691240310669 epoch=18 and step=79
2026-04-20 14:50:44,491 - SplitNNClient - INFO - 23588 - phase=train acc=0.66640625 loss=9.017402470111847 epoch=19 and step=10
2026-04-20 14:50:44,527 - SplitNNClient - INFO - 17400 - phase=train acc=0.6921875 loss=8.965194821357727 epoch=19 and step=10
2026-04-20 14:50:44,602 - SplitNNClient - INFO - 22124 - phase=train acc=0.68125 loss=9.120506405830383 epoch=19 and step=10
2026-04-20 14:50:46,845 - SplitNNClient - INFO - 23588 - phase=train acc=0.650390625 loss=18.986338913440704 epoch=19 and step=20
2026-04-20 14:50:46,971 - SplitNNClient - INFO - 17400 - phase=train acc=0.68359375 loss=18.139975607395172 epoch=19 and step=20
2026-04-20 14:50:47,014 - SplitNNClient - INFO - 22124 - phase=train acc=0.665234375 loss=18.973047196865082 epoch=19 and step=20
2026-04-20 14:50:49,246 - SplitNNClient - INFO - 23588 - phase=train acc=0.64765625 loss=28.846019685268402 epoch=19 and step=30
2026-04-20 14:50:49,356 - SplitNNClient - INFO - 22124 - phase=train acc=0.6541666666666667 loss=29.04215496778488 epoch=19 and step=30
2026-04-20 14:50:49,557 - SplitNNClient - INFO - 17400 - phase=train acc=0.6768229166666667 loss=27.754200398921967 epoch=19 and step=30
2026-04-20 14:50:51,746 - SplitNNClient - INFO - 23588 - phase=train acc=0.64765625 loss=38.883201599121094 epoch=19 and step=40
2026-04-20 14:50:51,918 - SplitNNClient - INFO - 22124 - phase=train acc=0.6513671875 loss=39.067181289196014 epoch=19 and step=40
2026-04-20 14:50:52,210 - SplitNNClient - INFO - 17400 - phase=train acc=0.673046875 loss=37.370438396930695 epoch=19 and step=40
2026-04-20 14:50:54,221 - SplitNNClient - INFO - 23588 - phase=train acc=0.65515625 loss=47.936343252658844 epoch=19 and step=50
2026-04-20 14:50:54,333 - SplitNNClient - INFO - 22124 - phase=train acc=0.6546875 loss=48.640804708004 epoch=19 and step=50
2026-04-20 14:50:54,776 - SplitNNClient - INFO - 17400 - phase=train acc=0.66859375 loss=47.01053434610367 epoch=19 and step=50
2026-04-20 14:50:56,754 - SplitNNClient - INFO - 23588 - phase=train acc=0.6537760416666667 loss=57.74774515628815 epoch=19 and step=60
2026-04-20 14:50:56,950 - SplitNNClient - INFO - 22124 - phase=train acc=0.65234375 loss=58.734390556812286 epoch=19 and step=60
2026-04-20 14:50:57,393 - SplitNNClient - INFO - 17400 - phase=train acc=0.6643229166666667 loss=56.78977519273758 epoch=19 and step=60
2026-04-20 14:50:59,392 - SplitNNClient - INFO - 23588 - phase=train acc=0.6525669642857143 loss=67.43455684185028 epoch=19 and step=70
2026-04-20 14:50:59,455 - SplitNNClient - INFO - 22124 - phase=train acc=0.65390625 loss=68.31818944215775 epoch=19 and step=70
2026-04-20 14:51:00,145 - SplitNNClient - INFO - 17400 - phase=train acc=0.6633928571428571 loss=66.3768225312233 epoch=19 and step=70
2026-04-20 14:51:01,911 - SplitNNClient - INFO - 23588 - phase=train acc=0.65048828125 loss=77.48396199941635 epoch=19 and step=80
2026-04-20 14:51:02,020 - SplitNNClient - INFO - 22124 - phase=train acc=0.650390625 loss=78.46548670530319 epoch=19 and step=80
2026-04-20 14:51:02,700 - SplitNNClient - INFO - 17400 - phase=train acc=0.663671875 loss=75.64562749862671 epoch=19 and step=80
2026-04-20 14:51:04,379 - SplitNNClient - INFO - 23588 - phase=train acc=0.6484375 loss=87.56882798671722 epoch=19 and step=90
2026-04-20 14:51:04,490 - SplitNNClient - INFO - 22124 - phase=train acc=0.6517361111111111 loss=87.87919640541077 epoch=19 and step=90
2026-04-20 14:51:05,487 - SplitNNClient - INFO - 17400 - phase=train acc=0.6657118055555555 loss=84.56354677677155 epoch=19 and step=90
2026-04-20 14:51:06,768 - SplitNNClient - INFO - 23588 - phase=train acc=0.648046875 loss=97.80647855997086 epoch=19 and step=100
2026-04-20 14:51:06,877 - SplitNNClient - INFO - 22124 - phase=train acc=0.651875 loss=97.6651297211647 epoch=19 and step=100
2026-04-20 14:51:07,725 - SplitNNClient - INFO - 17400 - phase=train acc=0.6646875 loss=94.19720029830933 epoch=19 and step=100
2026-04-20 14:51:09,006 - SplitNNClient - INFO - 23588 - phase=train acc=0.6487926136363636 loss=106.99224853515625 epoch=19 and step=110
2026-04-20 14:51:09,120 - SplitNNClient - INFO - 22124 - phase=train acc=0.6545454545454545 loss=106.70083594322205 epoch=19 and step=110
2026-04-20 14:51:10,002 - SplitNNClient - INFO - 17400 - phase=train acc=0.6661931818181818 loss=103.46844106912613 epoch=19 and step=110
2026-04-20 14:51:11,250 - SplitNNClient - INFO - 23588 - phase=train acc=0.6506510416666667 loss=116.28712284564972 epoch=19 and step=120
2026-04-20 14:51:11,420 - SplitNNClient - INFO - 22124 - phase=train acc=0.6539713541666666 loss=116.70918118953705 epoch=19 and step=120
2026-04-20 14:51:12,179 - SplitNNClient - INFO - 17400 - phase=train acc=0.6666015625 loss=112.79111504554749 epoch=19 and step=120
2026-04-20 14:51:13,508 - SplitNNClient - INFO - 23588 - phase=train acc=0.6524038461538462 loss=125.78453069925308 epoch=19 and step=130
2026-04-20 14:51:13,617 - SplitNNClient - INFO - 22124 - phase=train acc=0.6527644230769231 loss=126.7623096704483 epoch=19 and step=130
2026-04-20 14:51:14,264 - SplitNNClient - INFO - 17400 - phase=train acc=0.6657451923076924 loss=122.16572952270508 epoch=19 and step=130
2026-04-20 14:51:14,312 - FedServerManager - INFO - 21672 - get all model params ---- from rank fed_server
2026-04-20 14:51:25,609 - SplitNNClient - INFO - 22124 - phase=validation acc=0.7397 loss=57.393668085336685 epoch=19 and step=79
2026-04-20 14:51:25,663 - SplitNNClient - INFO - 23588 - phase=validation acc=0.7397 loss=57.393668085336685 epoch=19 and step=79
2026-04-20 14:51:25,710 - SplitNNClient - INFO - 17400 - phase=validation acc=0.7397 loss=57.393668085336685 epoch=19 and step=79
2026-04-20 14:51:27,921 - SplitNNClient - INFO - 23588 - phase=train acc=0.6875 loss=8.95119023323059 epoch=20 and step=10
2026-04-20 14:51:27,965 - SplitNNClient - INFO - 17400 - phase=train acc=0.68828125 loss=9.047870516777039 epoch=20 and step=10
2026-04-20 14:51:28,065 - SplitNNClient - INFO - 22124 - phase=train acc=0.66484375 loss=8.993850409984589 epoch=20 and step=10
2026-04-20 14:51:30,151 - SplitNNClient - INFO - 23588 - phase=train acc=0.679296875 loss=18.33449113368988 epoch=20 and step=20
2026-04-20 14:51:30,217 - SplitNNClient - INFO - 17400 - phase=train acc=0.68125 loss=18.3662451505661 epoch=20 and step=20
2026-04-20 14:51:30,314 - SplitNNClient - INFO - 22124 - phase=train acc=0.66875 loss=18.2332404255867 epoch=20 and step=20
2026-04-20 14:51:32,357 - SplitNNClient - INFO - 23588 - phase=train acc=0.6494791666666667 loss=30.770735383033752 epoch=20 and step=30
2026-04-20 14:51:32,458 - SplitNNClient - INFO - 17400 - phase=train acc=0.68046875 loss=27.220927596092224 epoch=20 and step=30
2026-04-20 14:51:32,523 - SplitNNClient - INFO - 22124 - phase=train acc=0.6752604166666667 loss=27.323378145694733 epoch=20 and step=30
2026-04-20 14:51:34,629 - SplitNNClient - INFO - 23588 - phase=train acc=0.6181640625 loss=44.42113506793976 epoch=20 and step=40
2026-04-20 14:51:34,726 - SplitNNClient - INFO - 17400 - phase=train acc=0.676171875 loss=36.64492732286453 epoch=20 and step=40
2026-04-20 14:51:34,792 - SplitNNClient - INFO - 22124 - phase=train acc=0.672265625 loss=37.41035985946655 epoch=20 and step=40
2026-04-20 14:51:36,897 - SplitNNClient - INFO - 23588 - phase=train acc=0.6084375 loss=56.787968039512634 epoch=20 and step=50
2026-04-20 14:51:36,969 - SplitNNClient - INFO - 17400 - phase=train acc=0.67796875 loss=45.6440794467926 epoch=20 and step=50
2026-04-20 14:51:37,061 - SplitNNClient - INFO - 22124 - phase=train acc=0.6703125 loss=46.793494164943695 epoch=20 and step=50
2026-04-20 14:51:39,144 - SplitNNClient - INFO - 23588 - phase=train acc=0.604296875 loss=68.54047727584839 epoch=20 and step=60
2026-04-20 14:51:39,188 - SplitNNClient - INFO - 17400 - phase=train acc=0.6765625 loss=55.12838339805603 epoch=20 and step=60
2026-04-20 14:51:39,286 - SplitNNClient - INFO - 22124 - phase=train acc=0.6661458333333333 loss=56.31848669052124 epoch=20 and step=60
2026-04-20 14:51:41,341 - SplitNNClient - INFO - 23588 - phase=train acc=0.60546875 loss=78.98278540372849 epoch=20 and step=70
2026-04-20 14:51:41,404 - SplitNNClient - INFO - 17400 - phase=train acc=0.6747767857142857 loss=64.39480322599411 epoch=20 and step=70
2026-04-20 14:51:41,500 - SplitNNClient - INFO - 22124 - phase=train acc=0.6646205357142857 loss=65.72454464435577 epoch=20 and step=70
2026-04-20 14:51:43,559 - SplitNNClient - INFO - 23588 - phase=train acc=0.612109375 loss=88.94312959909439 epoch=20 and step=80
2026-04-20 14:51:43,621 - SplitNNClient - INFO - 17400 - phase=train acc=0.67333984375 loss=73.51823776960373 epoch=20 and step=80
2026-04-20 14:51:43,721 - SplitNNClient - INFO - 22124 - phase=train acc=0.6638671875 loss=75.24249142408371 epoch=20 and step=80
2026-04-20 14:51:45,804 - SplitNNClient - INFO - 23588 - phase=train acc=0.6150173611111112 loss=99.50061738491058 epoch=20 and step=90
2026-04-20 14:51:45,907 - SplitNNClient - INFO - 17400 - phase=train acc=0.6713541666666667 loss=83.12058365345001 epoch=20 and step=90
2026-04-20 14:51:45,971 - SplitNNClient - INFO - 22124 - phase=train acc=0.6616319444444444 loss=85.23333644866943 epoch=20 and step=90
2026-04-20 14:51:48,068 - SplitNNClient - INFO - 23588 - phase=train acc=0.61875 loss=109.38497340679169 epoch=20 and step=100
2026-04-20 14:51:48,139 - SplitNNClient - INFO - 17400 - phase=train acc=0.670546875 loss=92.44939410686493 epoch=20 and step=100
2026-04-20 14:51:48,206 - SplitNNClient - INFO - 22124 - phase=train acc=0.660859375 loss=95.20524621009827 epoch=20 and step=100
2026-04-20 14:51:50,313 - SplitNNClient - INFO - 23588 - phase=train acc=0.6203835227272727 loss=119.45911341905594 epoch=20 and step=110
2026-04-20 14:51:50,383 - SplitNNClient - INFO - 17400 - phase=train acc=0.6708806818181818 loss=101.62919914722443 epoch=20 and step=110
2026-04-20 14:51:50,421 - SplitNNClient - INFO - 22124 - phase=train acc=0.6622869318181818 loss=104.20388680696487 epoch=20 and step=110
2026-04-20 14:51:52,544 - SplitNNClient - INFO - 23588 - phase=train acc=0.6237630208333333 loss=128.85016858577728 epoch=20 and step=120
2026-04-20 14:51:52,580 - SplitNNClient - INFO - 17400 - phase=train acc=0.6713541666666667 loss=110.97856640815735 epoch=20 and step=120
2026-04-20 14:51:52,678 - SplitNNClient - INFO - 22124 - phase=train acc=0.6617838541666666 loss=113.59536552429199 epoch=20 and step=120
2026-04-20 14:51:54,765 - SplitNNClient - INFO - 23588 - phase=train acc=0.6272836538461538 loss=138.34433591365814 epoch=20 and step=130
2026-04-20 14:51:54,833 - SplitNNClient - INFO - 17400 - phase=train acc=0.671875 loss=120.28579580783844 epoch=20 and step=130
2026-04-20 14:51:54,872 - SplitNNClient - INFO - 22124 - phase=train acc=0.6626201923076923 loss=123.15463626384735 epoch=20 and step=130
2026-04-20 14:51:54,935 - FedServerManager - INFO - 21672 - get all model params ---- from rank fed_server
2026-04-20 14:52:06,379 - SplitNNClient - INFO - 22124 - phase=validation acc=0.7187 loss=64.8369488120079 epoch=20 and step=79
2026-04-20 14:52:06,419 - SplitNNClient - INFO - 17400 - phase=validation acc=0.7187 loss=64.8369488120079 epoch=20 and step=79
2026-04-20 14:52:06,484 - SplitNNClient - INFO - 23588 - phase=validation acc=0.7187 loss=64.8369488120079 epoch=20 and step=79
2026-04-20 14:52:08,689 - SplitNNClient - INFO - 23588 - phase=train acc=0.6703125 loss=9.07650238275528 epoch=21 and step=10
2026-04-20 14:52:08,756 - SplitNNClient - INFO - 22124 - phase=train acc=0.68671875 loss=8.944116711616516 epoch=21 and step=10
2026-04-20 14:52:08,822 - SplitNNClient - INFO - 17400 - phase=train acc=0.68359375 loss=9.183927714824677 epoch=21 and step=10
2026-04-20 14:52:11,022 - SplitNNClient - INFO - 23588 - phase=train acc=0.669140625 loss=18.317299783229828 epoch=21 and step=20
2026-04-20 14:52:11,125 - SplitNNClient - INFO - 22124 - phase=train acc=0.668359375 loss=18.338179528713226 epoch=21 and step=20
2026-04-20 14:52:11,192 - SplitNNClient - INFO - 17400 - phase=train acc=0.68515625 loss=18.233994007110596 epoch=21 and step=20
2026-04-20 14:52:13,405 - SplitNNClient - INFO - 23588 - phase=train acc=0.6658854166666667 loss=27.94392567873001 epoch=21 and step=30
2026-04-20 14:52:13,549 - SplitNNClient - INFO - 17400 - phase=train acc=0.6783854166666666 loss=27.688644409179688 epoch=21 and step=30
2026-04-20 14:52:13,719 - SplitNNClient - INFO - 22124 - phase=train acc=0.6598958333333333 loss=28.017935752868652 epoch=21 and step=30
2026-04-20 14:52:15,800 - SplitNNClient - INFO - 23588 - phase=train acc=0.6740234375 loss=36.536669194698334 epoch=21 and step=40
2026-04-20 14:52:15,933 - SplitNNClient - INFO - 17400 - phase=train acc=0.675390625 loss=36.94190865755081 epoch=21 and step=40
2026-04-20 14:52:16,310 - SplitNNClient - INFO - 22124 - phase=train acc=0.6630859375 loss=37.108901619911194 epoch=21 and step=40
2026-04-20 14:52:18,117 - SplitNNClient - INFO - 23588 - phase=train acc=0.67484375 loss=45.57264167070389 epoch=21 and step=50
2026-04-20 14:52:18,280 - SplitNNClient - INFO - 17400 - phase=train acc=0.6675 loss=46.83119988441467 epoch=21 and step=50
2026-04-20 14:52:18,795 - SplitNNClient - INFO - 22124 - phase=train acc=0.6653125 loss=46.35812997817993 epoch=21 and step=50
2026-04-20 14:52:20,491 - SplitNNClient - INFO - 23588 - phase=train acc=0.6736979166666667 loss=55.05176669359207 epoch=21 and step=60
2026-04-20 14:52:20,597 - SplitNNClient - INFO - 17400 - phase=train acc=0.667578125 loss=56.11034506559372 epoch=21 and step=60
2026-04-20 14:52:21,266 - SplitNNClient - INFO - 22124 - phase=train acc=0.6690104166666667 loss=55.08059525489807 epoch=21 and step=60
2026-04-20 14:52:22,849 - SplitNNClient - INFO - 23588 - phase=train acc=0.6746651785714286 loss=64.25281423330307 epoch=21 and step=70
2026-04-20 14:52:22,990 - SplitNNClient - INFO - 17400 - phase=train acc=0.6675223214285714 loss=65.38928157091141 epoch=21 and step=70
2026-04-20 14:52:23,713 - SplitNNClient - INFO - 22124 - phase=train acc=0.6668526785714286 loss=64.94496697187424 epoch=21 and step=70
2026-04-20 14:52:25,210 - SplitNNClient - INFO - 23588 - phase=train acc=0.6728515625 loss=73.8859286904335 epoch=21 and step=80
2026-04-20 14:52:25,404 - SplitNNClient - INFO - 17400 - phase=train acc=0.67119140625 loss=74.21777933835983 epoch=21 and step=80
2026-04-20 14:52:26,146 - SplitNNClient - INFO - 22124 - phase=train acc=0.66494140625 loss=74.95326966047287 epoch=21 and step=80
2026-04-20 14:52:27,434 - SplitNNClient - INFO - 23588 - phase=train acc=0.6735243055555555 loss=83.25086039304733 epoch=21 and step=90
2026-04-20 14:52:27,614 - SplitNNClient - INFO - 17400 - phase=train acc=0.6698784722222222 loss=83.49439060688019 epoch=21 and step=90
2026-04-20 14:52:28,370 - SplitNNClient - INFO - 22124 - phase=train acc=0.6658854166666667 loss=84.00148046016693 epoch=21 and step=90
2026-04-20 14:52:29,663 - SplitNNClient - INFO - 23588 - phase=train acc=0.67421875 loss=92.23794102668762 epoch=21 and step=100
2026-04-20 14:52:29,829 - SplitNNClient - INFO - 17400 - phase=train acc=0.6721875 loss=92.28491258621216 epoch=21 and step=100
2026-04-20 14:52:30,620 - SplitNNClient - INFO - 22124 - phase=train acc=0.666875 loss=93.19801753759384 epoch=21 and step=100
2026-04-20 14:52:31,855 - SplitNNClient - INFO - 23588 - phase=train acc=0.6741477272727273 loss=101.6673589348793 epoch=21 and step=110
2026-04-20 14:52:32,046 - SplitNNClient - INFO - 17400 - phase=train acc=0.6723721590909091 loss=101.4857547879219 epoch=21 and step=110
2026-04-20 14:52:32,829 - SplitNNClient - INFO - 22124 - phase=train acc=0.6681818181818182 loss=102.39594531059265 epoch=21 and step=110
2026-04-20 14:52:34,082 - SplitNNClient - INFO - 23588 - phase=train acc=0.6753255208333333 loss=110.7613787651062 epoch=21 and step=120
2026-04-20 14:52:34,212 - SplitNNClient - INFO - 17400 - phase=train acc=0.6727864583333333 loss=110.67797768115997 epoch=21 and step=120
2026-04-20 14:52:35,038 - SplitNNClient - INFO - 22124 - phase=train acc=0.669140625 loss=111.42862474918365 epoch=21 and step=120
2026-04-20 14:52:36,338 - SplitNNClient - INFO - 23588 - phase=train acc=0.6758413461538462 loss=119.68956243991852 epoch=21 and step=130
2026-04-20 14:52:36,439 - SplitNNClient - INFO - 17400 - phase=train acc=0.6740384615384616 loss=119.87284803390503 epoch=21 and step=130
2026-04-20 14:52:37,000 - SplitNNClient - INFO - 22124 - phase=train acc=0.6706129807692308 loss=120.73747605085373 epoch=21 and step=130
2026-04-20 14:52:37,048 - FedServerManager - INFO - 21672 - get all model params ---- from rank fed_server
2026-04-20 14:52:48,687 - SplitNNClient - INFO - 22124 - phase=validation acc=0.7547 loss=54.89871469140053 epoch=21 and step=79
2026-04-20 14:52:48,840 - SplitNNClient - INFO - 23588 - phase=validation acc=0.7547 loss=54.89871469140053 epoch=21 and step=79
2026-04-20 14:52:48,969 - SplitNNClient - INFO - 17400 - phase=validation acc=0.7547 loss=54.89871469140053 epoch=21 and step=79
2026-04-20 14:52:51,202 - SplitNNClient - INFO - 23588 - phase=train acc=0.6671875 loss=8.771235764026642 epoch=22 and step=10
2026-04-20 14:52:51,270 - SplitNNClient - INFO - 17400 - phase=train acc=0.709375 loss=8.196744441986084 epoch=22 and step=10
2026-04-20 14:52:51,340 - SplitNNClient - INFO - 22124 - phase=train acc=0.68828125 loss=8.68134880065918 epoch=22 and step=10
2026-04-20 14:52:53,517 - SplitNNClient - INFO - 23588 - phase=train acc=0.66796875 loss=17.736352562904358 epoch=22 and step=20
2026-04-20 14:52:53,559 - SplitNNClient - INFO - 17400 - phase=train acc=0.69140625 loss=17.29169797897339 epoch=22 and step=20
2026-04-20 14:52:53,663 - SplitNNClient - INFO - 22124 - phase=train acc=0.68359375 loss=17.814137816429138 epoch=22 and step=20
2026-04-20 14:52:55,807 - SplitNNClient - INFO - 23588 - phase=train acc=0.6703125 loss=26.68062299489975 epoch=22 and step=30
2026-04-20 14:52:55,878 - SplitNNClient - INFO - 17400 - phase=train acc=0.6877604166666667 loss=26.54888117313385 epoch=22 and step=30
2026-04-20 14:52:55,975 - SplitNNClient - INFO - 22124 - phase=train acc=0.6817708333333333 loss=26.9099360704422 epoch=22 and step=30
2026-04-20 14:52:58,169 - SplitNNClient - INFO - 23588 - phase=train acc=0.6740234375 loss=35.42064279317856 epoch=22 and step=40
2026-04-20 14:52:58,211 - SplitNNClient - INFO - 17400 - phase=train acc=0.6892578125 loss=35.171381533145905 epoch=22 and step=40
2026-04-20 14:52:58,309 - SplitNNClient - INFO - 22124 - phase=train acc=0.6869140625 loss=35.46344840526581 epoch=22 and step=40
2026-04-20 14:53:00,508 - SplitNNClient - INFO - 23588 - phase=train acc=0.6784375 loss=44.05596214532852 epoch=22 and step=50
2026-04-20 14:53:00,544 - SplitNNClient - INFO - 17400 - phase=train acc=0.69171875 loss=43.883889734745026 epoch=22 and step=50
2026-04-20 14:53:00,608 - SplitNNClient - INFO - 22124 - phase=train acc=0.6834375 loss=44.82489484548569 epoch=22 and step=50
2026-04-20 14:53:02,806 - SplitNNClient - INFO - 23588 - phase=train acc=0.680859375 loss=52.95531779527664 epoch=22 and step=60
2026-04-20 14:53:02,870 - SplitNNClient - INFO - 17400 - phase=train acc=0.6928385416666667 loss=52.59448689222336 epoch=22 and step=60
2026-04-20 14:53:02,971 - SplitNNClient - INFO - 22124 - phase=train acc=0.6803385416666666 loss=54.26760458946228 epoch=22 and step=60
2026-04-20 14:53:05,129 - SplitNNClient - INFO - 23588 - phase=train acc=0.6801339285714286 loss=61.942201137542725 epoch=22 and step=70
2026-04-20 14:53:05,192 - SplitNNClient - INFO - 17400 - phase=train acc=0.6930803571428571 loss=61.63463115692139 epoch=22 and step=70
2026-04-20 14:53:05,260 - SplitNNClient - INFO - 22124 - phase=train acc=0.6810267857142858 loss=63.32829004526138 epoch=22 and step=70
2026-04-20 14:53:07,507 - SplitNNClient - INFO - 23588 - phase=train acc=0.680859375 loss=70.79068565368652 epoch=22 and step=80
2026-04-20 14:53:07,541 - SplitNNClient - INFO - 17400 - phase=train acc=0.69169921875 loss=70.5084725022316 epoch=22 and step=80
2026-04-20 14:53:07,697 - SplitNNClient - INFO - 22124 - phase=train acc=0.6787109375 loss=72.77679812908173 epoch=22 and step=80
2026-04-20 14:53:09,796 - SplitNNClient - INFO - 23588 - phase=train acc=0.6796875 loss=80.13407510519028 epoch=22 and step=90
2026-04-20 14:53:09,899 - SplitNNClient - INFO - 17400 - phase=train acc=0.6915798611111111 loss=79.38004899024963 epoch=22 and step=90
2026-04-20 14:53:09,969 - SplitNNClient - INFO - 22124 - phase=train acc=0.6791666666666667 loss=81.58624392747879 epoch=22 and step=90
2026-04-20 14:53:12,063 - SplitNNClient - INFO - 23588 - phase=train acc=0.67875 loss=89.46184688806534 epoch=22 and step=100
2026-04-20 14:53:12,190 - SplitNNClient - INFO - 22124 - phase=train acc=0.680546875 loss=90.55956947803497 epoch=22 and step=100
2026-04-20 14:53:12,259 - SplitNNClient - INFO - 17400 - phase=train acc=0.689375 loss=88.51596975326538 epoch=22 and step=100
2026-04-20 14:53:14,383 - SplitNNClient - INFO - 23588 - phase=train acc=0.6781960227272728 loss=98.65919452905655 epoch=22 and step=110
2026-04-20 14:53:14,506 - SplitNNClient - INFO - 22124 - phase=train acc=0.6799005681818182 loss=99.94982379674911 epoch=22 and step=110
2026-04-20 14:53:14,540 - SplitNNClient - INFO - 17400 - phase=train acc=0.6899147727272728 loss=97.36209625005722 epoch=22 and step=110
2026-04-20 14:53:16,620 - SplitNNClient - INFO - 23588 - phase=train acc=0.6775390625 loss=108.02030920982361 epoch=22 and step=120
2026-04-20 14:53:16,683 - SplitNNClient - INFO - 22124 - phase=train acc=0.6805989583333333 loss=108.91723656654358 epoch=22 and step=120
2026-04-20 14:53:16,779 - SplitNNClient - INFO - 17400 - phase=train acc=0.6903645833333333 loss=106.17593151330948 epoch=22 and step=120
2026-04-20 14:53:18,827 - SplitNNClient - INFO - 23588 - phase=train acc=0.6780649038461538 loss=116.92216980457306 epoch=22 and step=130
2026-04-20 14:53:18,871 - SplitNNClient - INFO - 22124 - phase=train acc=0.6810697115384615 loss=117.71633434295654 epoch=22 and step=130
2026-04-20 14:53:18,993 - SplitNNClient - INFO - 17400 - phase=train acc=0.69140625 loss=114.43107658624649 epoch=22 and step=130
2026-04-20 14:53:19,052 - FedServerManager - INFO - 21672 - get all model params ---- from rank fed_server
2026-04-20 14:53:30,860 - SplitNNClient - INFO - 23588 - phase=validation acc=0.764 loss=53.126097083091736 epoch=22 and step=79
2026-04-20 14:53:30,891 - SplitNNClient - INFO - 17400 - phase=validation acc=0.764 loss=53.126097083091736 epoch=22 and step=79
2026-04-20 14:53:31,006 - SplitNNClient - INFO - 22124 - phase=validation acc=0.764 loss=53.126097083091736 epoch=22 and step=79
2026-04-20 14:53:33,118 - SplitNNClient - INFO - 23588 - phase=train acc=0.703125 loss=8.414518475532532 epoch=23 and step=10
2026-04-20 14:53:33,220 - SplitNNClient - INFO - 17400 - phase=train acc=0.72265625 loss=7.76132744550705 epoch=23 and step=10
2026-04-20 14:53:33,258 - SplitNNClient - INFO - 22124 - phase=train acc=0.71171875 loss=8.111674010753632 epoch=23 and step=10
2026-04-20 14:53:35,331 - SplitNNClient - INFO - 23588 - phase=train acc=0.704296875 loss=16.820264756679535 epoch=23 and step=20
2026-04-20 14:53:35,394 - SplitNNClient - INFO - 17400 - phase=train acc=0.708984375 loss=16.596535742282867 epoch=23 and step=20
2026-04-20 14:53:35,493 - SplitNNClient - INFO - 22124 - phase=train acc=0.69375 loss=17.08030253648758 epoch=23 and step=20
2026-04-20 14:53:37,494 - SplitNNClient - INFO - 23588 - phase=train acc=0.703125 loss=25.34456479549408 epoch=23 and step=30
2026-04-20 14:53:37,566 - SplitNNClient - INFO - 17400 - phase=train acc=0.70546875 loss=24.944568276405334 epoch=23 and step=30
2026-04-20 14:53:37,691 - SplitNNClient - INFO - 22124 - phase=train acc=0.7046875 loss=25.255351722240448 epoch=23 and step=30
2026-04-20 14:53:39,755 - SplitNNClient - INFO - 23588 - phase=train acc=0.70546875 loss=33.74225652217865 epoch=23 and step=40
2026-04-20 14:53:39,793 - SplitNNClient - INFO - 17400 - phase=train acc=0.704296875 loss=33.891734063625336 epoch=23 and step=40
2026-04-20 14:53:39,863 - SplitNNClient - INFO - 22124 - phase=train acc=0.6966796875 loss=34.64105433225632 epoch=23 and step=40
2026-04-20 14:53:41,955 - SplitNNClient - INFO - 23588 - phase=train acc=0.7034375 loss=42.3522675037384 epoch=23 and step=50
2026-04-20 14:53:41,992 - SplitNNClient - INFO - 17400 - phase=train acc=0.69984375 loss=42.803597033023834 epoch=23 and step=50
2026-04-20 14:53:42,061 - SplitNNClient - INFO - 22124 - phase=train acc=0.6925 loss=43.773186683654785 epoch=23 and step=50
2026-04-20 14:53:44,145 - SplitNNClient - INFO - 23588 - phase=train acc=0.7005208333333334 loss=51.46447378396988 epoch=23 and step=60
2026-04-20 14:53:44,216 - SplitNNClient - INFO - 17400 - phase=train acc=0.6970052083333333 loss=51.826415956020355 epoch=23 and step=60
2026-04-20 14:53:44,283 - SplitNNClient - INFO - 22124 - phase=train acc=0.6920572916666666 loss=52.268196642398834 epoch=23 and step=60
2026-04-20 14:53:46,318 - SplitNNClient - INFO - 23588 - phase=train acc=0.6974330357142857 loss=60.409317553043365 epoch=23 and step=70
2026-04-20 14:53:46,488 - SplitNNClient - INFO - 17400 - phase=train acc=0.6941964285714286 loss=60.71739834547043 epoch=23 and step=70
2026-04-20 14:53:46,593 - SplitNNClient - INFO - 22124 - phase=train acc=0.6924107142857143 loss=60.99154955148697 epoch=23 and step=70
2026-04-20 14:53:48,521 - SplitNNClient - INFO - 23588 - phase=train acc=0.69658203125 loss=69.32261574268341 epoch=23 and step=80
2026-04-20 14:53:48,656 - SplitNNClient - INFO - 17400 - phase=train acc=0.6931640625 loss=69.99426311254501 epoch=23 and step=80
2026-04-20 14:53:48,824 - SplitNNClient - INFO - 22124 - phase=train acc=0.6931640625 loss=69.88301748037338 epoch=23 and step=80
2026-04-20 14:53:50,726 - SplitNNClient - INFO - 23588 - phase=train acc=0.6927951388888889 loss=78.50749278068542 epoch=23 and step=90
2026-04-20 14:53:50,901 - SplitNNClient - INFO - 17400 - phase=train acc=0.6925347222222222 loss=78.39038503170013 epoch=23 and step=90
2026-04-20 14:53:51,042 - SplitNNClient - INFO - 22124 - phase=train acc=0.6934895833333333 loss=78.74790287017822 epoch=23 and step=90
2026-04-20 14:53:52,946 - SplitNNClient - INFO - 23588 - phase=train acc=0.693125 loss=87.40379685163498 epoch=23 and step=100
2026-04-20 14:53:53,120 - SplitNNClient - INFO - 17400 - phase=train acc=0.695625 loss=86.71385550498962 epoch=23 and step=100
2026-04-20 14:53:53,308 - SplitNNClient - INFO - 22124 - phase=train acc=0.695546875 loss=87.1682807803154 epoch=23 and step=100
2026-04-20 14:53:55,231 - SplitNNClient - INFO - 23588 - phase=train acc=0.6924005681818182 loss=96.00541126728058 epoch=23 and step=110
2026-04-20 14:53:55,332 - SplitNNClient - INFO - 17400 - phase=train acc=0.6951704545454546 loss=95.44727599620819 epoch=23 and step=110
2026-04-20 14:53:55,494 - SplitNNClient - INFO - 22124 - phase=train acc=0.6946732954545455 loss=96.27170950174332 epoch=23 and step=110
2026-04-20 14:53:57,390 - SplitNNClient - INFO - 23588 - phase=train acc=0.6927083333333334 loss=104.99557912349701 epoch=23 and step=120
2026-04-20 14:53:57,522 - SplitNNClient - INFO - 17400 - phase=train acc=0.6964192708333333 loss=103.99661469459534 epoch=23 and step=120
2026-04-20 14:53:57,691 - SplitNNClient - INFO - 22124 - phase=train acc=0.6946614583333334 loss=105.04884988069534 epoch=23 and step=120
2026-04-20 14:53:59,599 - SplitNNClient - INFO - 23588 - phase=train acc=0.6936899038461538 loss=113.87563943862915 epoch=23 and step=130
2026-04-20 14:53:59,765 - SplitNNClient - INFO - 17400 - phase=train acc=0.6955528846153847 loss=112.77433651685715 epoch=23 and step=130
2026-04-20 14:53:59,867 - SplitNNClient - INFO - 22124 - phase=train acc=0.6929086538461539 loss=113.93666458129883 epoch=23 and step=130
2026-04-20 14:53:59,931 - FedServerManager - INFO - 21672 - get all model params ---- from rank fed_server
2026-04-20 14:54:11,379 - SplitNNClient - INFO - 17400 - phase=validation acc=0.7666 loss=52.65286412835121 epoch=23 and step=79
2026-04-20 14:54:11,421 - SplitNNClient - INFO - 23588 - phase=validation acc=0.7666 loss=52.65286412835121 epoch=23 and step=79
2026-04-20 14:54:11,476 - SplitNNClient - INFO - 22124 - phase=validation acc=0.7666 loss=52.65286412835121 epoch=23 and step=79
2026-04-20 14:54:13,650 - SplitNNClient - INFO - 17400 - phase=train acc=0.73125 loss=7.87649405002594 epoch=24 and step=10
2026-04-20 14:54:13,719 - SplitNNClient - INFO - 22124 - phase=train acc=0.70546875 loss=8.528319537639618 epoch=24 and step=10
2026-04-20 14:54:13,845 - SplitNNClient - INFO - 23588 - phase=train acc=0.7140625 loss=8.017447412014008 epoch=24 and step=10
2026-04-20 14:54:15,912 - SplitNNClient - INFO - 17400 - phase=train acc=0.733203125 loss=15.403598606586456 epoch=24 and step=20
2026-04-20 14:54:15,984 - SplitNNClient - INFO - 22124 - phase=train acc=0.702734375 loss=16.773938477039337 epoch=24 and step=20
2026-04-20 14:54:16,079 - SplitNNClient - INFO - 23588 - phase=train acc=0.70859375 loss=16.705830454826355 epoch=24 and step=20
2026-04-20 14:54:18,190 - SplitNNClient - INFO - 17400 - phase=train acc=0.7263020833333333 loss=23.397298455238342 epoch=24 and step=30
2026-04-20 14:54:18,226 - SplitNNClient - INFO - 22124 - phase=train acc=0.6963541666666667 loss=25.548475563526154 epoch=24 and step=30
2026-04-20 14:54:18,357 - SplitNNClient - INFO - 23588 - phase=train acc=0.70078125 loss=25.24862438440323 epoch=24 and step=30
2026-04-20 14:54:20,453 - SplitNNClient - INFO - 17400 - phase=train acc=0.7203125 loss=31.892697632312775 epoch=24 and step=40
2026-04-20 14:54:20,549 - SplitNNClient - INFO - 22124 - phase=train acc=0.69765625 loss=34.272633373737335 epoch=24 and step=40
2026-04-20 14:54:20,619 - SplitNNClient - INFO - 23588 - phase=train acc=0.69921875 loss=34.028557777404785 epoch=24 and step=40
2026-04-20 14:54:22,692 - SplitNNClient - INFO - 17400 - phase=train acc=0.71828125 loss=39.89772993326187 epoch=24 and step=50
2026-04-20 14:54:22,819 - SplitNNClient - INFO - 22124 - phase=train acc=0.69671875 loss=42.99657255411148 epoch=24 and step=50
2026-04-20 14:54:22,858 - SplitNNClient - INFO - 23588 - phase=train acc=0.70109375 loss=42.50108230113983 epoch=24 and step=50
2026-04-20 14:54:24,991 - SplitNNClient - INFO - 17400 - phase=train acc=0.7147135416666667 loss=48.429266929626465 epoch=24 and step=60
2026-04-20 14:54:25,058 - SplitNNClient - INFO - 22124 - phase=train acc=0.6927083333333334 loss=52.08750665187836 epoch=24 and step=60
2026-04-20 14:54:25,164 - SplitNNClient - INFO - 23588 - phase=train acc=0.699609375 loss=51.23907107114792 epoch=24 and step=60
2026-04-20 14:54:27,321 - SplitNNClient - INFO - 17400 - phase=train acc=0.7107142857142857 loss=57.40737193822861 epoch=24 and step=70
2026-04-20 14:54:27,421 - SplitNNClient - INFO - 22124 - phase=train acc=0.6930803571428571 loss=60.66885721683502 epoch=24 and step=70
2026-04-20 14:54:27,482 - SplitNNClient - INFO - 23588 - phase=train acc=0.6989955357142857 loss=60.25989556312561 epoch=24 and step=70
2026-04-20 14:54:29,570 - SplitNNClient - INFO - 17400 - phase=train acc=0.70791015625 loss=66.37103444337845 epoch=24 and step=80
2026-04-20 14:54:29,640 - SplitNNClient - INFO - 22124 - phase=train acc=0.69609375 loss=69.15686041116714 epoch=24 and step=80
2026-04-20 14:54:29,767 - SplitNNClient - INFO - 23588 - phase=train acc=0.6955078125 loss=69.69021314382553 epoch=24 and step=80
2026-04-20 14:54:31,831 - SplitNNClient - INFO - 17400 - phase=train acc=0.7076388888888889 loss=74.72257536649704 epoch=24 and step=90
2026-04-20 14:54:31,895 - SplitNNClient - INFO - 22124 - phase=train acc=0.6952256944444445 loss=78.06023287773132 epoch=24 and step=90
2026-04-20 14:54:31,964 - SplitNNClient - INFO - 23588 - phase=train acc=0.69609375 loss=78.03799712657928 epoch=24 and step=90
2026-04-20 14:54:34,047 - SplitNNClient - INFO - 17400 - phase=train acc=0.706953125 loss=82.77188640832901 epoch=24 and step=100
2026-04-20 14:54:34,176 - SplitNNClient - INFO - 22124 - phase=train acc=0.696328125 loss=86.68096232414246 epoch=24 and step=100
2026-04-20 14:54:34,211 - SplitNNClient - INFO - 23588 - phase=train acc=0.696484375 loss=86.54386389255524 epoch=24 and step=100
2026-04-20 14:54:36,318 - SplitNNClient - INFO - 17400 - phase=train acc=0.7048295454545455 loss=91.84162598848343 epoch=24 and step=110
2026-04-20 14:54:36,419 - SplitNNClient - INFO - 22124 - phase=train acc=0.6955255681818182 loss=95.46263372898102 epoch=24 and step=110
2026-04-20 14:54:36,483 - SplitNNClient - INFO - 23588 - phase=train acc=0.6962357954545455 loss=95.1919094324112 epoch=24 and step=110
2026-04-20 14:54:38,579 - SplitNNClient - INFO - 17400 - phase=train acc=0.7029296875 loss=100.93443703651428 epoch=24 and step=120
2026-04-20 14:54:38,652 - SplitNNClient - INFO - 22124 - phase=train acc=0.6968098958333333 loss=103.82040470838547 epoch=24 and step=120
2026-04-20 14:54:38,756 - SplitNNClient - INFO - 23588 - phase=train acc=0.6955729166666667 loss=104.0960413813591 epoch=24 and step=120
2026-04-20 14:54:40,797 - SplitNNClient - INFO - 17400 - phase=train acc=0.7032451923076923 loss=109.82403057813644 epoch=24 and step=130
2026-04-20 14:54:40,918 - SplitNNClient - INFO - 22124 - phase=train acc=0.6951322115384615 loss=113.00731462240219 epoch=24 and step=130
2026-04-20 14:54:40,959 - SplitNNClient - INFO - 23588 - phase=train acc=0.6945913461538461 loss=112.98217052221298 epoch=24 and step=130
2026-04-20 14:54:41,027 - FedServerManager - INFO - 21672 - get all model params ---- from rank fed_server
2026-04-20 14:54:52,738 - SplitNNClient - INFO - 22124 - phase=validation acc=0.7783 loss=50.60312753915787 epoch=24 and step=79
2026-04-20 14:54:52,776 - SplitNNClient - INFO - 23588 - phase=validation acc=0.7783 loss=50.60312753915787 epoch=24 and step=79
2026-04-20 14:54:52,843 - SplitNNClient - INFO - 17400 - phase=validation acc=0.7783 loss=50.60312753915787 epoch=24 and step=79
2026-04-20 14:54:53,722 - CommBreakdown - INFO - 17400 - tensor_distribution rank=1 node_type=client phase=train epoch=25 sample=middle tensor=activations[0] shape=(128, 64, 16, 16) mean=1.29416 std=1.89558 min=0 max=28.2419 mean_abs=1.29416 max_abs=28.2419 p95_abs=5.16287 p99_abs=7.77952 skewness=2.12514 kurtosis=9.67809 mean_channel_std=1.09677 std_channel_std=0.622967 max_channel_scale_over_min_channel_scale=22.5421 spread=high spread_score=1.46472 outliers=medium outlier_score=1.94073 near_zero=medium near_zero_fraction=0.451066
2026-04-20 14:54:53,729 - CommBreakdown - INFO - 23588 - tensor_distribution rank=3 node_type=client phase=train epoch=25 sample=middle tensor=activations[0] shape=(128, 64, 16, 16) mean=1.29246 std=1.89355 min=0 max=26.212 mean_abs=1.29246 max_abs=26.212 p95_abs=5.14402 p99_abs=7.8279 skewness=2.12708 kurtosis=9.64899 mean_channel_std=1.09394 std_channel_std=0.62287 max_channel_scale_over_min_channel_scale=21.6449 spread=high spread_score=1.46507 outliers=medium outlier_score=1.96111 near_zero=medium near_zero_fraction=0.450943
2026-04-20 14:54:53,737 - CommBreakdown - INFO - 22124 - tensor_distribution rank=2 node_type=client phase=train epoch=25 sample=middle tensor=activations[0] shape=(128, 64, 16, 16) mean=1.29562 std=1.89782 min=0 max=27.5397 mean_abs=1.29562 max_abs=27.5397 p95_abs=5.15434 p99_abs=7.81806 skewness=2.15059 kurtosis=9.99588 mean_channel_std=1.09975 std_channel_std=0.626516 max_channel_scale_over_min_channel_scale=21.5823 spread=high spread_score=1.4648 outliers=medium outlier_score=1.95304 near_zero=medium near_zero_fraction=0.449685
2026-04-20 14:54:54,864 - CommBreakdown - INFO - 18296 - tensor_distribution rank=0 node_type=server phase=train epoch=25 sample=middle tensor=activation_grads shape=(128, 64, 16, 16) mean=-1.781e-09 std=1.83425e-05 min=-0.00150756 max=0.00107138 mean_abs=7.56638e-06 max_abs=0.00150756 p95_abs=3.2209e-05 p99_abs=7.89017e-05 skewness=-0.00210321 kurtosis=1.39685e-05 mean_channel_std=1.77908e-05 std_channel_std=4.46472e-06 max_channel_scale_over_min_channel_scale=9.14663 spread=high spread_score=2.42421 outliers=high outlier_score=4.16165 near_zero=medium near_zero_fraction=0.271189
2026-04-20 14:55:26,768 - SplitNNClient - INFO - 17400 - phase=train acc=0.73359375 loss=7.447686314582825 epoch=25 and step=10
2026-04-20 14:55:27,950 - SplitNNClient - INFO - 23588 - phase=train acc=0.71484375 loss=7.8063918352127075 epoch=25 and step=10
2026-04-20 14:55:29,156 - SplitNNClient - INFO - 22124 - phase=train acc=0.73125 loss=7.588629722595215 epoch=25 and step=10
2026-04-20 14:56:01,893 - SplitNNClient - INFO - 17400 - phase=train acc=0.716796875 loss=15.908235311508179 epoch=25 and step=20
2026-04-20 14:56:03,068 - SplitNNClient - INFO - 23588 - phase=train acc=0.71640625 loss=15.887239575386047 epoch=25 and step=20
2026-04-20 14:56:04,250 - SplitNNClient - INFO - 22124 - phase=train acc=0.70390625 loss=16.584837794303894 epoch=25 and step=20
2026-04-20 14:56:36,916 - SplitNNClient - INFO - 17400 - phase=train acc=0.71328125 loss=23.97706300020218 epoch=25 and step=30
2026-04-20 14:56:38,073 - SplitNNClient - INFO - 23588 - phase=train acc=0.7140625 loss=24.0700341463089 epoch=25 and step=30
2026-04-20 14:56:39,221 - SplitNNClient - INFO - 22124 - phase=train acc=0.69921875 loss=25.40789443254471 epoch=25 and step=30
2026-04-20 14:57:12,031 - SplitNNClient - INFO - 17400 - phase=train acc=0.7107421875 loss=32.57301026582718 epoch=25 and step=40
2026-04-20 14:57:13,146 - SplitNNClient - INFO - 23588 - phase=train acc=0.716796875 loss=32.23253220319748 epoch=25 and step=40
2026-04-20 14:57:14,332 - SplitNNClient - INFO - 22124 - phase=train acc=0.7033203125 loss=33.76560229063034 epoch=25 and step=40
2026-04-20 14:57:46,893 - SplitNNClient - INFO - 17400 - phase=train acc=0.71109375 loss=40.61834239959717 epoch=25 and step=50
2026-04-20 14:57:48,038 - SplitNNClient - INFO - 23588 - phase=train acc=0.71546875 loss=40.97100204229355 epoch=25 and step=50
2026-04-20 14:57:49,191 - SplitNNClient - INFO - 22124 - phase=train acc=0.7009375 loss=42.795704424381256 epoch=25 and step=50
2026-04-20 14:58:21,989 - SplitNNClient - INFO - 17400 - phase=train acc=0.7106770833333333 loss=48.80922693014145 epoch=25 and step=60
2026-04-20 14:58:23,174 - SplitNNClient - INFO - 23588 - phase=train acc=0.7115885416666666 loss=49.620395958423615 epoch=25 and step=60
2026-04-20 14:58:24,296 - SplitNNClient - INFO - 22124 - phase=train acc=0.701953125 loss=51.44731694459915 epoch=25 and step=60
2026-04-20 14:58:57,292 - SplitNNClient - INFO - 17400 - phase=train acc=0.7099330357142857 loss=57.34119325876236 epoch=25 and step=70
2026-04-20 14:58:58,444 - SplitNNClient - INFO - 23588 - phase=train acc=0.7099330357142857 loss=58.12272799015045 epoch=25 and step=70
2026-04-20 14:58:59,562 - SplitNNClient - INFO - 22124 - phase=train acc=0.70390625 loss=59.70735836029053 epoch=25 and step=70
2026-04-20 14:59:32,164 - SplitNNClient - INFO - 17400 - phase=train acc=0.70830078125 loss=65.66708892583847 epoch=25 and step=80
2026-04-20 14:59:33,375 - SplitNNClient - INFO - 23588 - phase=train acc=0.70859375 loss=66.90936976671219 epoch=25 and step=80
2026-04-20 14:59:34,559 - SplitNNClient - INFO - 22124 - phase=train acc=0.70107421875 loss=68.6596559882164 epoch=25 and step=80
2026-04-20 15:00:07,425 - SplitNNClient - INFO - 17400 - phase=train acc=0.7072048611111111 loss=74.13069975376129 epoch=25 and step=90
2026-04-20 15:00:08,575 - SplitNNClient - INFO - 23588 - phase=train acc=0.71015625 loss=75.24219858646393 epoch=25 and step=90
2026-04-20 15:00:09,694 - SplitNNClient - INFO - 22124 - phase=train acc=0.7008680555555555 loss=77.27427154779434 epoch=25 and step=90
2026-04-20 15:00:42,498 - SplitNNClient - INFO - 17400 - phase=train acc=0.706171875 loss=82.63212502002716 epoch=25 and step=100
2026-04-20 15:00:43,681 - SplitNNClient - INFO - 23588 - phase=train acc=0.707421875 loss=84.10441106557846 epoch=25 and step=100
2026-04-20 15:00:44,837 - SplitNNClient - INFO - 22124 - phase=train acc=0.6996875 loss=86.35515916347504 epoch=25 and step=100
2026-04-20 15:01:17,431 - SplitNNClient - INFO - 17400 - phase=train acc=0.7081676136363636 loss=90.58326148986816 epoch=25 and step=110
2026-04-20 15:01:18,637 - SplitNNClient - INFO - 23588 - phase=train acc=0.7071732954545454 loss=92.49377804994583 epoch=25 and step=110
2026-04-20 15:01:19,757 - SplitNNClient - INFO - 22124 - phase=train acc=0.7003551136363636 loss=94.81156140565872 epoch=25 and step=110
2026-04-20 15:01:52,462 - SplitNNClient - INFO - 17400 - phase=train acc=0.7092447916666667 loss=98.16593980789185 epoch=25 and step=120
2026-04-20 15:01:53,578 - SplitNNClient - INFO - 23588 - phase=train acc=0.7067708333333333 loss=101.13986724615097 epoch=25 and step=120
2026-04-20 15:01:54,762 - SplitNNClient - INFO - 22124 - phase=train acc=0.7014322916666667 loss=103.0472885966301 epoch=25 and step=120
2026-04-20 15:02:27,515 - SplitNNClient - INFO - 17400 - phase=train acc=0.7103966346153846 loss=106.19694876670837 epoch=25 and step=130
2026-04-20 15:02:28,574 - SplitNNClient - INFO - 23588 - phase=train acc=0.705889423076923 loss=109.53100508451462 epoch=25 and step=130
2026-04-20 15:02:29,631 - SplitNNClient - INFO - 22124 - phase=train acc=0.7025240384615384 loss=111.11839658021927 epoch=25 and step=130
2026-04-20 15:02:29,679 - FedServerManager - INFO - 21672 - get all model params ---- from rank fed_server
2026-04-20 15:02:41,440 - SplitNNClient - INFO - 23588 - phase=validation acc=0.7791 loss=50.383784770965576 epoch=25 and step=79
2026-04-20 15:02:41,441 - SplitNNClient - INFO - 22124 - phase=validation acc=0.7791 loss=50.383784770965576 epoch=25 and step=79
2026-04-20 15:02:41,465 - SplitNNClient - INFO - 17400 - phase=validation acc=0.7791 loss=50.383784770965576 epoch=25 and step=79
2026-04-20 15:02:43,594 - SplitNNClient - INFO - 23588 - phase=train acc=0.72265625 loss=8.045521557331085 epoch=26 and step=10
2026-04-20 15:02:43,698 - SplitNNClient - INFO - 17400 - phase=train acc=0.75 loss=6.723855018615723 epoch=26 and step=10
2026-04-20 15:02:43,765 - SplitNNClient - INFO - 22124 - phase=train acc=0.73125 loss=8.059141516685486 epoch=26 and step=10
2026-04-20 15:02:45,843 - SplitNNClient - INFO - 23588 - phase=train acc=0.725390625 loss=16.151995599269867 epoch=26 and step=20
2026-04-20 15:02:45,915 - SplitNNClient - INFO - 17400 - phase=train acc=0.735546875 loss=14.72022658586502 epoch=26 and step=20
2026-04-20 15:02:46,019 - SplitNNClient - INFO - 22124 - phase=train acc=0.725 loss=16.010581612586975 epoch=26 and step=20
2026-04-20 15:02:48,116 - SplitNNClient - INFO - 23588 - phase=train acc=0.7200520833333334 loss=24.13215011358261 epoch=26 and step=30
2026-04-20 15:02:48,151 - SplitNNClient - INFO - 17400 - phase=train acc=0.7270833333333333 loss=23.12707644701004 epoch=26 and step=30
2026-04-20 15:02:48,246 - SplitNNClient - INFO - 22124 - phase=train acc=0.7247395833333333 loss=23.42312616109848 epoch=26 and step=30
2026-04-20 15:02:50,319 - SplitNNClient - INFO - 23588 - phase=train acc=0.71953125 loss=32.12674963474274 epoch=26 and step=40
2026-04-20 15:02:50,358 - SplitNNClient - INFO - 17400 - phase=train acc=0.725 loss=30.864849507808685 epoch=26 and step=40
2026-04-20 15:02:50,484 - SplitNNClient - INFO - 22124 - phase=train acc=0.7193359375 loss=31.7316255569458 epoch=26 and step=40
2026-04-20 15:02:52,525 - SplitNNClient - INFO - 23588 - phase=train acc=0.718125 loss=40.30332612991333 epoch=26 and step=50
2026-04-20 15:02:52,625 - SplitNNClient - INFO - 17400 - phase=train acc=0.72578125 loss=39.04234302043915 epoch=26 and step=50
2026-04-20 15:02:52,689 - SplitNNClient - INFO - 22124 - phase=train acc=0.719375 loss=39.99932771921158 epoch=26 and step=50
2026-04-20 15:02:54,824 - SplitNNClient - INFO - 23588 - phase=train acc=0.7203125 loss=48.387600123882294 epoch=26 and step=60
2026-04-20 15:02:54,862 - SplitNNClient - INFO - 17400 - phase=train acc=0.721875 loss=47.412248730659485 epoch=26 and step=60
2026-04-20 15:02:54,989 - SplitNNClient - INFO - 22124 - phase=train acc=0.7201822916666667 loss=47.83859175443649 epoch=26 and step=60
2026-04-20 15:02:57,046 - SplitNNClient - INFO - 23588 - phase=train acc=0.7189732142857143 loss=56.58229595422745 epoch=26 and step=70
2026-04-20 15:02:57,111 - SplitNNClient - INFO - 17400 - phase=train acc=0.7222098214285714 loss=55.4650582075119 epoch=26 and step=70
2026-04-20 15:02:57,182 - SplitNNClient - INFO - 22124 - phase=train acc=0.7126116071428571 loss=56.67380118370056 epoch=26 and step=70
2026-04-20 15:02:59,269 - SplitNNClient - INFO - 23588 - phase=train acc=0.71904296875 loss=64.49859893321991 epoch=26 and step=80
2026-04-20 15:02:59,366 - SplitNNClient - INFO - 17400 - phase=train acc=0.72158203125 loss=63.565175235271454 epoch=26 and step=80
2026-04-20 15:02:59,401 - SplitNNClient - INFO - 22124 - phase=train acc=0.71123046875 loss=65.13641446828842 epoch=26 and step=80
2026-04-20 15:03:01,526 - SplitNNClient - INFO - 23588 - phase=train acc=0.7183159722222222 loss=72.98787224292755 epoch=26 and step=90
2026-04-20 15:03:01,563 - SplitNNClient - INFO - 17400 - phase=train acc=0.7188368055555555 loss=72.2093460559845 epoch=26 and step=90
2026-04-20 15:03:01,685 - SplitNNClient - INFO - 22124 - phase=train acc=0.7097222222222223 loss=73.4911470413208 epoch=26 and step=90
2026-04-20 15:03:03,684 - SplitNNClient - INFO - 23588 - phase=train acc=0.71734375 loss=81.20507079362869 epoch=26 and step=100
2026-04-20 15:03:03,815 - SplitNNClient - INFO - 17400 - phase=train acc=0.71703125 loss=80.443707883358 epoch=26 and step=100
2026-04-20 15:03:03,854 - SplitNNClient - INFO - 22124 - phase=train acc=0.710078125 loss=81.9046082496643 epoch=26 and step=100
2026-04-20 15:03:05,922 - SplitNNClient - INFO - 23588 - phase=train acc=0.7158380681818182 loss=89.87072432041168 epoch=26 and step=110
2026-04-20 15:03:05,994 - SplitNNClient - INFO - 17400 - phase=train acc=0.7184659090909091 loss=88.27787780761719 epoch=26 and step=110
2026-04-20 15:03:06,099 - SplitNNClient - INFO - 22124 - phase=train acc=0.71015625 loss=90.36453706026077 epoch=26 and step=110
2026-04-20 15:03:08,139 - SplitNNClient - INFO - 23588 - phase=train acc=0.716015625 loss=98.0862889289856 epoch=26 and step=120
2026-04-20 15:03:08,237 - SplitNNClient - INFO - 17400 - phase=train acc=0.7193359375 loss=96.05668324232101 epoch=26 and step=120
2026-04-20 15:03:08,297 - SplitNNClient - INFO - 22124 - phase=train acc=0.7099609375 loss=99.01992744207382 epoch=26 and step=120
2026-04-20 15:03:10,448 - SplitNNClient - INFO - 23588 - phase=train acc=0.7156850961538461 loss=106.47285491228104 epoch=26 and step=130
2026-04-20 15:03:10,578 - SplitNNClient - INFO - 17400 - phase=train acc=0.7183293269230769 loss=104.35477513074875 epoch=26 and step=130
2026-04-20 15:03:10,618 - SplitNNClient - INFO - 22124 - phase=train acc=0.7092548076923076 loss=107.45354861021042 epoch=26 and step=130
2026-04-20 15:03:10,693 - FedServerManager - INFO - 21672 - get all model params ---- from rank fed_server
2026-04-20 15:03:22,270 - SplitNNClient - INFO - 17400 - phase=validation acc=0.7912 loss=47.448184579610825 epoch=26 and step=79
2026-04-20 15:03:22,276 - SplitNNClient - INFO - 22124 - phase=validation acc=0.7912 loss=47.448184579610825 epoch=26 and step=79
2026-04-20 15:03:22,298 - SplitNNClient - INFO - 23588 - phase=validation acc=0.7912 loss=47.448184579610825 epoch=26 and step=79
2026-04-20 15:03:24,475 - SplitNNClient - INFO - 22124 - phase=train acc=0.7203125 loss=7.7826409339904785 epoch=27 and step=10
2026-04-20 15:03:24,576 - SplitNNClient - INFO - 23588 - phase=train acc=0.7125 loss=7.918118953704834 epoch=27 and step=10
2026-04-20 15:03:24,644 - SplitNNClient - INFO - 17400 - phase=train acc=0.71875 loss=7.794776439666748 epoch=27 and step=10
2026-04-20 15:03:26,768 - SplitNNClient - INFO - 22124 - phase=train acc=0.7265625 loss=15.258308708667755 epoch=27 and step=20
2026-04-20 15:03:26,808 - SplitNNClient - INFO - 23588 - phase=train acc=0.719140625 loss=15.810060739517212 epoch=27 and step=20
2026-04-20 15:03:26,901 - SplitNNClient - INFO - 17400 - phase=train acc=0.709765625 loss=15.999725699424744 epoch=27 and step=20
2026-04-20 15:03:29,028 - SplitNNClient - INFO - 22124 - phase=train acc=0.7239583333333334 loss=23.37773424386978 epoch=27 and step=30
2026-04-20 15:03:29,069 - SplitNNClient - INFO - 23588 - phase=train acc=0.7158854166666667 loss=23.75107502937317 epoch=27 and step=30
2026-04-20 15:03:29,135 - SplitNNClient - INFO - 17400 - phase=train acc=0.7140625 loss=23.99914962053299 epoch=27 and step=30
2026-04-20 15:03:31,323 - SplitNNClient - INFO - 22124 - phase=train acc=0.719921875 loss=31.59690934419632 epoch=27 and step=40
2026-04-20 15:03:31,362 - SplitNNClient - INFO - 23588 - phase=train acc=0.7169921875 loss=31.45641654729843 epoch=27 and step=40
2026-04-20 15:03:31,426 - SplitNNClient - INFO - 17400 - phase=train acc=0.7158203125 loss=31.890443205833435 epoch=27 and step=40
2026-04-20 15:03:33,567 - SplitNNClient - INFO - 22124 - phase=train acc=0.71671875 loss=39.657985389232635 epoch=27 and step=50
2026-04-20 15:03:33,636 - SplitNNClient - INFO - 23588 - phase=train acc=0.7140625 loss=39.52911639213562 epoch=27 and step=50
2026-04-20 15:03:33,807 - SplitNNClient - INFO - 17400 - phase=train acc=0.72078125 loss=39.22103500366211 epoch=27 and step=50
2026-04-20 15:03:35,888 - SplitNNClient - INFO - 22124 - phase=train acc=0.7178385416666667 loss=47.43662190437317 epoch=27 and step=60
2026-04-20 15:03:35,958 - SplitNNClient - INFO - 23588 - phase=train acc=0.7162760416666667 loss=47.67432910203934 epoch=27 and step=60
2026-04-20 15:03:36,063 - SplitNNClient - INFO - 17400 - phase=train acc=0.721484375 loss=46.93307936191559 epoch=27 and step=60
2026-04-20 15:03:38,134 - SplitNNClient - INFO - 22124 - phase=train acc=0.7167410714285715 loss=55.69957077503204 epoch=27 and step=70
2026-04-20 15:03:38,230 - SplitNNClient - INFO - 23588 - phase=train acc=0.7157366071428571 loss=56.18398129940033 epoch=27 and step=70
2026-04-20 15:03:38,300 - SplitNNClient - INFO - 17400 - phase=train acc=0.7209821428571429 loss=54.791682064533234 epoch=27 and step=70
2026-04-20 15:03:40,399 - SplitNNClient - INFO - 22124 - phase=train acc=0.7169921875 loss=64.10823494195938 epoch=27 and step=80
2026-04-20 15:03:40,436 - SplitNNClient - INFO - 23588 - phase=train acc=0.71318359375 loss=64.60057717561722 epoch=27 and step=80
2026-04-20 15:03:40,594 - SplitNNClient - INFO - 17400 - phase=train acc=0.7201171875 loss=62.9178626537323 epoch=27 and step=80
2026-04-20 15:03:42,660 - SplitNNClient - INFO - 22124 - phase=train acc=0.7151041666666667 loss=72.55519145727158 epoch=27 and step=90
2026-04-20 15:03:42,703 - SplitNNClient - INFO - 23588 - phase=train acc=0.7105902777777777 loss=73.32789635658264 epoch=27 and step=90
2026-04-20 15:03:42,861 - SplitNNClient - INFO - 17400 - phase=train acc=0.7182291666666667 loss=71.11050081253052 epoch=27 and step=90
2026-04-20 15:03:44,947 - SplitNNClient - INFO - 22124 - phase=train acc=0.7153125 loss=80.68338942527771 epoch=27 and step=100
2026-04-20 15:03:45,017 - SplitNNClient - INFO - 23588 - phase=train acc=0.71078125 loss=81.5152902007103 epoch=27 and step=100
2026-04-20 15:03:45,064 - SplitNNClient - INFO - 17400 - phase=train acc=0.71765625 loss=79.39819991588593 epoch=27 and step=100
2026-04-20 15:03:47,157 - SplitNNClient - INFO - 22124 - phase=train acc=0.7138494318181818 loss=89.23589259386063 epoch=27 and step=110
2026-04-20 15:03:47,223 - SplitNNClient - INFO - 23588 - phase=train acc=0.7112215909090909 loss=89.56622964143753 epoch=27 and step=110
2026-04-20 15:03:47,321 - SplitNNClient - INFO - 17400 - phase=train acc=0.7159090909090909 loss=87.81582933664322 epoch=27 and step=110
2026-04-20 15:03:49,365 - SplitNNClient - INFO - 22124 - phase=train acc=0.713671875 loss=97.81377428770065 epoch=27 and step=120
2026-04-20 15:03:49,529 - SplitNNClient - INFO - 23588 - phase=train acc=0.7098958333333333 loss=97.9398962855339 epoch=27 and step=120
2026-04-20 15:03:49,630 - SplitNNClient - INFO - 17400 - phase=train acc=0.7145182291666666 loss=96.31577610969543 epoch=27 and step=120
2026-04-20 15:03:51,782 - SplitNNClient - INFO - 22124 - phase=train acc=0.7144831730769231 loss=105.93031257390976 epoch=27 and step=130
2026-04-20 15:03:51,824 - SplitNNClient - INFO - 23588 - phase=train acc=0.7109975961538462 loss=105.82015043497086 epoch=27 and step=130
2026-04-20 15:03:51,956 - SplitNNClient - INFO - 17400 - phase=train acc=0.7151442307692307 loss=103.99022376537323 epoch=27 and step=130
2026-04-20 15:03:52,012 - FedServerManager - INFO - 21672 - get all model params ---- from rank fed_server
2026-04-20 15:04:03,417 - SplitNNClient - INFO - 17400 - phase=validation acc=0.7929 loss=47.54712077975273 epoch=27 and step=79
2026-04-20 15:04:03,456 - SplitNNClient - INFO - 23588 - phase=validation acc=0.7929 loss=47.54712077975273 epoch=27 and step=79
2026-04-20 15:04:03,504 - SplitNNClient - INFO - 22124 - phase=validation acc=0.7929 loss=47.54712077975273 epoch=27 and step=79
2026-04-20 15:04:05,844 - SplitNNClient - INFO - 17400 - phase=train acc=0.71640625 loss=7.953150570392609 epoch=28 and step=10
2026-04-20 15:04:05,888 - SplitNNClient - INFO - 23588 - phase=train acc=0.7171875 loss=8.127279460430145 epoch=28 and step=10
2026-04-20 15:04:05,931 - SplitNNClient - INFO - 22124 - phase=train acc=0.740625 loss=7.321051597595215 epoch=28 and step=10
2026-04-20 15:04:08,150 - SplitNNClient - INFO - 23588 - phase=train acc=0.71484375 loss=15.978463113307953 epoch=28 and step=20
2026-04-20 15:04:08,221 - SplitNNClient - INFO - 17400 - phase=train acc=0.72109375 loss=15.719091415405273 epoch=28 and step=20
2026-04-20 15:04:08,324 - SplitNNClient - INFO - 22124 - phase=train acc=0.738671875 loss=14.921261012554169 epoch=28 and step=20
2026-04-20 15:04:10,458 - SplitNNClient - INFO - 23588 - phase=train acc=0.7190104166666667 loss=23.85638839006424 epoch=28 and step=30
2026-04-20 15:04:10,493 - SplitNNClient - INFO - 17400 - phase=train acc=0.7223958333333333 loss=23.615918517112732 epoch=28 and step=30
2026-04-20 15:04:10,620 - SplitNNClient - INFO - 22124 - phase=train acc=0.7341145833333333 loss=22.610048830509186 epoch=28 and step=30
2026-04-20 15:04:12,732 - SplitNNClient - INFO - 23588 - phase=train acc=0.723046875 loss=31.384973168373108 epoch=28 and step=40
2026-04-20 15:04:12,832 - SplitNNClient - INFO - 17400 - phase=train acc=0.728515625 loss=31.18908578157425 epoch=28 and step=40
2026-04-20 15:04:12,895 - SplitNNClient - INFO - 22124 - phase=train acc=0.73203125 loss=30.742777943611145 epoch=28 and step=40
2026-04-20 15:04:15,071 - SplitNNClient - INFO - 23588 - phase=train acc=0.72765625 loss=38.827784180641174 epoch=28 and step=50
2026-04-20 15:04:15,112 - SplitNNClient - INFO - 17400 - phase=train acc=0.7234375 loss=39.63718318939209 epoch=28 and step=50
2026-04-20 15:04:15,216 - SplitNNClient - INFO - 22124 - phase=train acc=0.7265625 loss=39.14067757129669 epoch=28 and step=50
2026-04-20 15:04:17,256 - SplitNNClient - INFO - 23588 - phase=train acc=0.7276041666666667 loss=46.98099094629288 epoch=28 and step=60
2026-04-20 15:04:17,382 - SplitNNClient - INFO - 17400 - phase=train acc=0.7233072916666666 loss=47.71399229764938 epoch=28 and step=60
2026-04-20 15:04:17,419 - SplitNNClient - INFO - 22124 - phase=train acc=0.7231770833333333 loss=47.34926116466522 epoch=28 and step=60
2026-04-20 15:04:19,512 - SplitNNClient - INFO - 23588 - phase=train acc=0.7256696428571429 loss=55.31901174783707 epoch=28 and step=70
2026-04-20 15:04:19,579 - SplitNNClient - INFO - 22124 - phase=train acc=0.7171875 loss=55.934334456920624 epoch=28 and step=70
2026-04-20 15:04:19,705 - SplitNNClient - INFO - 17400 - phase=train acc=0.7198660714285714 loss=56.27716141939163 epoch=28 and step=70
2026-04-20 15:04:21,763 - SplitNNClient - INFO - 23588 - phase=train acc=0.72421875 loss=63.46896439790726 epoch=28 and step=80
2026-04-20 15:04:21,828 - SplitNNClient - INFO - 22124 - phase=train acc=0.71552734375 loss=63.99533659219742 epoch=28 and step=80
2026-04-20 15:04:21,923 - SplitNNClient - INFO - 17400 - phase=train acc=0.72041015625 loss=63.94447410106659 epoch=28 and step=80
2026-04-20 15:04:24,006 - SplitNNClient - INFO - 23588 - phase=train acc=0.7227430555555555 loss=71.72808927297592 epoch=28 and step=90
2026-04-20 15:04:24,052 - SplitNNClient - INFO - 22124 - phase=train acc=0.71484375 loss=72.33074253797531 epoch=28 and step=90
2026-04-20 15:04:24,152 - SplitNNClient - INFO - 17400 - phase=train acc=0.7212673611111111 loss=71.94933879375458 epoch=28 and step=90
2026-04-20 15:04:26,260 - SplitNNClient - INFO - 23588 - phase=train acc=0.721171875 loss=79.92252445220947 epoch=28 and step=100
2026-04-20 15:04:26,323 - SplitNNClient - INFO - 22124 - phase=train acc=0.71546875 loss=80.21761405467987 epoch=28 and step=100
2026-04-20 15:04:26,397 - SplitNNClient - INFO - 17400 - phase=train acc=0.720234375 loss=80.27411353588104 epoch=28 and step=100
2026-04-20 15:04:28,471 - SplitNNClient - INFO - 23588 - phase=train acc=0.721377840909091 loss=87.86777997016907 epoch=28 and step=110
2026-04-20 15:04:28,510 - SplitNNClient - INFO - 22124 - phase=train acc=0.7154829545454545 loss=88.06071561574936 epoch=28 and step=110
2026-04-20 15:04:28,666 - SplitNNClient - INFO - 17400 - phase=train acc=0.721377840909091 loss=87.76828527450562 epoch=28 and step=110
2026-04-20 15:04:30,696 - SplitNNClient - INFO - 23588 - phase=train acc=0.7199869791666667 loss=96.25181221961975 epoch=28 and step=120
2026-04-20 15:04:30,731 - SplitNNClient - INFO - 22124 - phase=train acc=0.7169270833333333 loss=95.78696101903915 epoch=28 and step=120
2026-04-20 15:04:30,861 - SplitNNClient - INFO - 17400 - phase=train acc=0.7202473958333333 loss=95.57767504453659 epoch=28 and step=120
2026-04-20 15:04:32,936 - SplitNNClient - INFO - 23588 - phase=train acc=0.7204927884615384 loss=104.11327010393143 epoch=28 and step=130
2026-04-20 15:04:32,977 - SplitNNClient - INFO - 22124 - phase=train acc=0.7172475961538461 loss=103.97489553689957 epoch=28 and step=130
2026-04-20 15:04:33,103 - SplitNNClient - INFO - 17400 - phase=train acc=0.72109375 loss=103.13479447364807 epoch=28 and step=130
2026-04-20 15:04:33,157 - FedServerManager - INFO - 21672 - get all model params ---- from rank fed_server
2026-04-20 15:04:44,415 - SplitNNClient - INFO - 17400 - phase=validation acc=0.804 loss=44.782054871320724 epoch=28 and step=79
2026-04-20 15:04:44,466 - SplitNNClient - INFO - 23588 - phase=validation acc=0.804 loss=44.782054871320724 epoch=28 and step=79
2026-04-20 15:04:44,504 - SplitNNClient - INFO - 22124 - phase=validation acc=0.804 loss=44.782054871320724 epoch=28 and step=79
2026-04-20 15:04:46,658 - SplitNNClient - INFO - 22124 - phase=train acc=0.7328125 loss=7.525518298149109 epoch=29 and step=10
2026-04-20 15:04:46,726 - SplitNNClient - INFO - 23588 - phase=train acc=0.73125 loss=7.484344124794006 epoch=29 and step=10
2026-04-20 15:04:46,791 - SplitNNClient - INFO - 17400 - phase=train acc=0.7328125 loss=7.609851241111755 epoch=29 and step=10
2026-04-20 15:04:48,908 - SplitNNClient - INFO - 23588 - phase=train acc=0.728515625 loss=15.13057017326355 epoch=29 and step=20
2026-04-20 15:04:48,917 - SplitNNClient - INFO - 22124 - phase=train acc=0.728515625 loss=15.472363829612732 epoch=29 and step=20
2026-04-20 15:04:49,022 - SplitNNClient - INFO - 17400 - phase=train acc=0.72421875 loss=15.481960713863373 epoch=29 and step=20
2026-04-20 15:04:51,107 - SplitNNClient - INFO - 23588 - phase=train acc=0.7299479166666667 loss=22.803763210773468 epoch=29 and step=30
2026-04-20 15:04:51,210 - SplitNNClient - INFO - 22124 - phase=train acc=0.7302083333333333 loss=22.960905134677887 epoch=29 and step=30
2026-04-20 15:04:51,277 - SplitNNClient - INFO - 17400 - phase=train acc=0.7317708333333334 loss=22.95741641521454 epoch=29 and step=30
2026-04-20 15:04:53,365 - SplitNNClient - INFO - 23588 - phase=train acc=0.730859375 loss=30.861406981945038 epoch=29 and step=40
2026-04-20 15:04:53,465 - SplitNNClient - INFO - 22124 - phase=train acc=0.726953125 loss=31.05042338371277 epoch=29 and step=40
2026-04-20 15:04:53,533 - SplitNNClient - INFO - 17400 - phase=train acc=0.7326171875 loss=30.423783540725708 epoch=29 and step=40
2026-04-20 15:04:55,619 - SplitNNClient - INFO - 23588 - phase=train acc=0.72953125 loss=38.86527568101883 epoch=29 and step=50
2026-04-20 15:04:55,753 - SplitNNClient - INFO - 22124 - phase=train acc=0.728125 loss=38.74365454912186 epoch=29 and step=50
2026-04-20 15:04:55,926 - SplitNNClient - INFO - 17400 - phase=train acc=0.731875 loss=38.12667536735535 epoch=29 and step=50
2026-04-20 15:04:57,803 - SplitNNClient - INFO - 23588 - phase=train acc=0.7268229166666667 loss=46.83609038591385 epoch=29 and step=60
2026-04-20 15:04:57,976 - SplitNNClient - INFO - 22124 - phase=train acc=0.7274739583333333 loss=46.74437761306763 epoch=29 and step=60
2026-04-20 15:04:58,108 - SplitNNClient - INFO - 17400 - phase=train acc=0.7342447916666667 loss=45.537381529808044 epoch=29 and step=60
2026-04-20 15:05:00,014 - SplitNNClient - INFO - 23588 - phase=train acc=0.7275669642857143 loss=54.42031055688858 epoch=29 and step=70
2026-04-20 15:05:00,185 - SplitNNClient - INFO - 22124 - phase=train acc=0.7245535714285715 loss=54.96629124879837 epoch=29 and step=70
2026-04-20 15:05:00,355 - SplitNNClient - INFO - 17400 - phase=train acc=0.7348214285714286 loss=53.13642060756683 epoch=29 and step=70
2026-04-20 15:05:02,298 - SplitNNClient - INFO - 23588 - phase=train acc=0.72509765625 loss=62.521989822387695 epoch=29 and step=80
2026-04-20 15:05:02,430 - SplitNNClient - INFO - 22124 - phase=train acc=0.7248046875 loss=63.024596095085144 epoch=29 and step=80
2026-04-20 15:05:02,561 - SplitNNClient - INFO - 17400 - phase=train acc=0.73271484375 loss=60.80897915363312 epoch=29 and step=80
2026-04-20 15:05:04,550 - SplitNNClient - INFO - 23588 - phase=train acc=0.7236111111111111 loss=70.76443499326706 epoch=29 and step=90
2026-04-20 15:05:04,658 - SplitNNClient - INFO - 22124 - phase=train acc=0.7222222222222222 loss=71.19376075267792 epoch=29 and step=90
2026-04-20 15:05:04,826 - SplitNNClient - INFO - 17400 - phase=train acc=0.7285590277777778 loss=69.24881702661514 epoch=29 and step=90
2026-04-20 15:05:06,789 - SplitNNClient - INFO - 23588 - phase=train acc=0.7240625 loss=78.69852328300476 epoch=29 and step=100
2026-04-20 15:05:06,919 - SplitNNClient - INFO - 22124 - phase=train acc=0.723828125 loss=78.67794817686081 epoch=29 and step=100
2026-04-20 15:05:07,054 - SplitNNClient - INFO - 17400 - phase=train acc=0.729921875 loss=76.77300363779068 epoch=29 and step=100
2026-04-20 15:05:09,033 - SplitNNClient - INFO - 23588 - phase=train acc=0.7230823863636363 loss=86.56490206718445 epoch=29 and step=110
2026-04-20 15:05:09,135 - SplitNNClient - INFO - 22124 - phase=train acc=0.7234375 loss=86.54607594013214 epoch=29 and step=110
2026-04-20 15:05:09,295 - SplitNNClient - INFO - 17400 - phase=train acc=0.7299715909090909 loss=84.46122473478317 epoch=29 and step=110
2026-04-20 15:05:11,203 - SplitNNClient - INFO - 23588 - phase=train acc=0.72421875 loss=94.48594111204147 epoch=29 and step=120
2026-04-20 15:05:11,393 - SplitNNClient - INFO - 22124 - phase=train acc=0.7246744791666667 loss=94.08829182386398 epoch=29 and step=120
2026-04-20 15:05:11,474 - SplitNNClient - INFO - 17400 - phase=train acc=0.7302734375 loss=92.06773036718369 epoch=29 and step=120
2026-04-20 15:05:13,421 - SplitNNClient - INFO - 23588 - phase=train acc=0.7240985576923077 loss=102.12761324644089 epoch=29 and step=130
2026-04-20 15:05:13,564 - SplitNNClient - INFO - 22124 - phase=train acc=0.7246995192307693 loss=101.69664967060089 epoch=29 and step=130
2026-04-20 15:05:13,687 - SplitNNClient - INFO - 17400 - phase=train acc=0.7305889423076923 loss=99.30474197864532 epoch=29 and step=130
2026-04-20 15:05:13,739 - FedServerManager - INFO - 21672 - get all model params ---- from rank fed_server
2026-04-20 15:05:25,546 - SplitNNClient - INFO - 22124 - phase=validation acc=0.8015 loss=44.620795369148254 epoch=29 and step=79
2026-04-20 15:05:25,556 - SplitNNClient - INFO - 23588 - phase=validation acc=0.8015 loss=44.620795369148254 epoch=29 and step=79
2026-04-20 15:05:25,588 - SplitNNClient - INFO - 17400 - phase=validation acc=0.8015 loss=44.620795369148254 epoch=29 and step=79
2026-04-20 15:05:27,779 - SplitNNClient - INFO - 23588 - phase=train acc=0.75859375 loss=6.928552567958832 epoch=30 and step=10
2026-04-20 15:05:27,820 - SplitNNClient - INFO - 22124 - phase=train acc=0.7421875 loss=7.187612235546112 epoch=30 and step=10
2026-04-20 15:05:27,863 - SplitNNClient - INFO - 17400 - phase=train acc=0.73125 loss=7.869221210479736 epoch=30 and step=10
2026-04-20 15:05:29,879 - SplitNNClient - INFO - 23588 - phase=train acc=0.75 loss=14.388070046901703 epoch=30 and step=20
2026-04-20 15:05:30,007 - SplitNNClient - INFO - 22124 - phase=train acc=0.740625 loss=14.662181675434113 epoch=30 and step=20
2026-04-20 15:05:30,041 - SplitNNClient - INFO - 17400 - phase=train acc=0.731640625 loss=15.589635789394379 epoch=30 and step=20
2026-04-20 15:05:32,121 - SplitNNClient - INFO - 23588 - phase=train acc=0.7424479166666667 loss=21.807246387004852 epoch=30 and step=30
2026-04-20 15:05:32,193 - SplitNNClient - INFO - 22124 - phase=train acc=0.73125 loss=22.648413836956024 epoch=30 and step=30
2026-04-20 15:05:32,298 - SplitNNClient - INFO - 17400 - phase=train acc=0.734375 loss=23.085283279418945 epoch=30 and step=30
2026-04-20 15:05:34,383 - SplitNNClient - INFO - 23588 - phase=train acc=0.7349609375 loss=30.25742495059967 epoch=30 and step=40
2026-04-20 15:05:34,454 - SplitNNClient - INFO - 17400 - phase=train acc=0.733984375 loss=30.52711820602417 epoch=30 and step=40
2026-04-20 15:05:34,523 - SplitNNClient - INFO - 22124 - phase=train acc=0.726953125 loss=30.711511194705963 epoch=30 and step=40
2026-04-20 15:05:36,552 - SplitNNClient - INFO - 23588 - phase=train acc=0.73046875 loss=38.295145750045776 epoch=30 and step=50
2026-04-20 15:05:36,595 - SplitNNClient - INFO - 17400 - phase=train acc=0.73046875 loss=39.00926685333252 epoch=30 and step=50
2026-04-20 15:05:36,697 - SplitNNClient - INFO - 22124 - phase=train acc=0.730625 loss=38.32061004638672 epoch=30 and step=50
2026-04-20 15:05:38,740 - SplitNNClient - INFO - 23588 - phase=train acc=0.7270833333333333 loss=46.35105812549591 epoch=30 and step=60
2026-04-20 15:05:38,774 - SplitNNClient - INFO - 17400 - phase=train acc=0.7330729166666666 loss=46.67675757408142 epoch=30 and step=60
2026-04-20 15:05:38,846 - SplitNNClient - INFO - 22124 - phase=train acc=0.7282552083333333 loss=46.29925501346588 epoch=30 and step=60
2026-04-20 15:05:40,938 - SplitNNClient - INFO - 23588 - phase=train acc=0.7282366071428571 loss=53.87412714958191 epoch=30 and step=70
2026-04-20 15:05:40,979 - SplitNNClient - INFO - 17400 - phase=train acc=0.7334821428571429 loss=54.35709100961685 epoch=30 and step=70
2026-04-20 15:05:41,045 - SplitNNClient - INFO - 22124 - phase=train acc=0.7284598214285715 loss=53.96111732721329 epoch=30 and step=70
2026-04-20 15:05:43,047 - SplitNNClient - INFO - 23588 - phase=train acc=0.7267578125 loss=61.908387184143066 epoch=30 and step=80
2026-04-20 15:05:43,121 - SplitNNClient - INFO - 17400 - phase=train acc=0.73623046875 loss=61.381480276584625 epoch=30 and step=80
2026-04-20 15:05:43,217 - SplitNNClient - INFO - 22124 - phase=train acc=0.7310546875 loss=61.387204229831696 epoch=30 and step=80
2026-04-20 15:05:45,240 - SplitNNClient - INFO - 23588 - phase=train acc=0.7276909722222222 loss=69.45448166131973 epoch=30 and step=90
2026-04-20 15:05:45,282 - SplitNNClient - INFO - 17400 - phase=train acc=0.7357638888888889 loss=69.0430349111557 epoch=30 and step=90
2026-04-20 15:05:45,321 - SplitNNClient - INFO - 22124 - phase=train acc=0.7289930555555556 loss=69.55690455436707 epoch=30 and step=90
2026-04-20 15:05:47,338 - SplitNNClient - INFO - 23588 - phase=train acc=0.727734375 loss=77.38721454143524 epoch=30 and step=100
2026-04-20 15:05:47,442 - SplitNNClient - INFO - 17400 - phase=train acc=0.735546875 loss=76.51021820306778 epoch=30 and step=100
2026-04-20 15:05:47,480 - SplitNNClient - INFO - 22124 - phase=train acc=0.728828125 loss=77.62711274623871 epoch=30 and step=100
2026-04-20 15:05:49,485 - SplitNNClient - INFO - 23588 - phase=train acc=0.7258522727272727 loss=85.40957289934158 epoch=30 and step=110
2026-04-20 15:05:49,552 - SplitNNClient - INFO - 17400 - phase=train acc=0.7354403409090909 loss=84.05074661970139 epoch=30 and step=110
2026-04-20 15:05:49,591 - SplitNNClient - INFO - 22124 - phase=train acc=0.7276278409090909 loss=85.98767852783203 epoch=30 and step=110
2026-04-20 15:05:51,631 - SplitNNClient - INFO - 23588 - phase=train acc=0.7247395833333333 loss=93.659270465374 epoch=30 and step=120
2026-04-20 15:05:51,666 - SplitNNClient - INFO - 17400 - phase=train acc=0.7328776041666667 loss=92.58813160657883 epoch=30 and step=120
2026-04-20 15:05:51,737 - SplitNNClient - INFO - 22124 - phase=train acc=0.7244140625 loss=94.78398215770721 epoch=30 and step=120
2026-04-20 15:05:53,765 - SplitNNClient - INFO - 23588 - phase=train acc=0.7261418269230769 loss=100.96769297122955 epoch=30 and step=130
2026-04-20 15:05:53,834 - SplitNNClient - INFO - 17400 - phase=train acc=0.7310697115384616 loss=100.94799965620041 epoch=30 and step=130
2026-04-20 15:05:53,929 - SplitNNClient - INFO - 22124 - phase=train acc=0.7228966346153847 loss=103.2486258149147 epoch=30 and step=130
2026-04-20 15:05:53,980 - FedServerManager - INFO - 21672 - get all model params ---- from rank fed_server
2026-04-20 15:06:05,549 - SplitNNClient - INFO - 23588 - phase=validation acc=0.8008 loss=45.1543915271759 epoch=30 and step=79
2026-04-20 15:06:05,550 - SplitNNClient - INFO - 22124 - phase=validation acc=0.8008 loss=45.1543915271759 epoch=30 and step=79
2026-04-20 15:06:05,583 - SplitNNClient - INFO - 17400 - phase=validation acc=0.8008 loss=45.1543915271759 epoch=30 and step=79
2026-04-20 15:06:07,760 - SplitNNClient - INFO - 23588 - phase=train acc=0.73671875 loss=7.4915260672569275 epoch=31 and step=10
2026-04-20 15:06:07,865 - SplitNNClient - INFO - 17400 - phase=train acc=0.76640625 loss=6.463694870471954 epoch=31 and step=10
2026-04-20 15:06:07,929 - SplitNNClient - INFO - 22124 - phase=train acc=0.74375 loss=7.307833671569824 epoch=31 and step=10
2026-04-20 15:06:09,999 - SplitNNClient - INFO - 23588 - phase=train acc=0.734375 loss=15.424415290355682 epoch=31 and step=20
2026-04-20 15:06:10,069 - SplitNNClient - INFO - 17400 - phase=train acc=0.753515625 loss=13.639510154724121 epoch=31 and step=20
2026-04-20 15:06:10,108 - SplitNNClient - INFO - 22124 - phase=train acc=0.738671875 loss=15.501681864261627 epoch=31 and step=20
2026-04-20 15:06:12,232 - SplitNNClient - INFO - 23588 - phase=train acc=0.7419270833333333 loss=22.460291862487793 epoch=31 and step=30
2026-04-20 15:06:12,303 - SplitNNClient - INFO - 17400 - phase=train acc=0.7473958333333334 loss=21.37794530391693 epoch=31 and step=30
2026-04-20 15:06:12,397 - SplitNNClient - INFO - 22124 - phase=train acc=0.7375 loss=23.081966400146484 epoch=31 and step=30
2026-04-20 15:06:14,522 - SplitNNClient - INFO - 23588 - phase=train acc=0.7427734375 loss=29.664795696735382 epoch=31 and step=40
2026-04-20 15:06:14,593 - SplitNNClient - INFO - 17400 - phase=train acc=0.7458984375 loss=28.890028059482574 epoch=31 and step=40
2026-04-20 15:06:14,693 - SplitNNClient - INFO - 22124 - phase=train acc=0.7384765625 loss=30.711945950984955 epoch=31 and step=40
2026-04-20 15:06:16,806 - SplitNNClient - INFO - 23588 - phase=train acc=0.74296875 loss=37.302721083164215 epoch=31 and step=50
2026-04-20 15:06:16,844 - SplitNNClient - INFO - 17400 - phase=train acc=0.74609375 loss=36.14420920610428 epoch=31 and step=50
2026-04-20 15:06:16,914 - SplitNNClient - INFO - 22124 - phase=train acc=0.73359375 loss=38.99175035953522 epoch=31 and step=50
2026-04-20 15:06:19,034 - SplitNNClient - INFO - 23588 - phase=train acc=0.741796875 loss=45.18335250020027 epoch=31 and step=60
2026-04-20 15:06:19,102 - SplitNNClient - INFO - 17400 - phase=train acc=0.7485677083333333 loss=43.380145251750946 epoch=31 and step=60
2026-04-20 15:06:19,143 - SplitNNClient - INFO - 22124 - phase=train acc=0.73046875 loss=46.98003977537155 epoch=31 and step=60
2026-04-20 15:06:21,271 - SplitNNClient - INFO - 23588 - phase=train acc=0.7402901785714285 loss=52.86316844820976 epoch=31 and step=70
2026-04-20 15:06:21,305 - SplitNNClient - INFO - 17400 - phase=train acc=0.7456473214285714 loss=51.300473392009735 epoch=31 and step=70
2026-04-20 15:06:21,370 - SplitNNClient - INFO - 22124 - phase=train acc=0.7339285714285714 loss=54.35908496379852 epoch=31 and step=70
2026-04-20 15:06:23,403 - SplitNNClient - INFO - 23588 - phase=train acc=0.74189453125 loss=60.06407454609871 epoch=31 and step=80
2026-04-20 15:06:23,476 - SplitNNClient - INFO - 17400 - phase=train acc=0.741015625 loss=59.434632658958435 epoch=31 and step=80
2026-04-20 15:06:23,546 - SplitNNClient - INFO - 22124 - phase=train acc=0.72978515625 loss=62.43222212791443 epoch=31 and step=80
2026-04-20 15:06:25,606 - SplitNNClient - INFO - 23588 - phase=train acc=0.7407986111111111 loss=67.53747192025185 epoch=31 and step=90
2026-04-20 15:06:25,672 - SplitNNClient - INFO - 17400 - phase=train acc=0.7436631944444444 loss=66.301029920578 epoch=31 and step=90
2026-04-20 15:06:25,708 - SplitNNClient - INFO - 22124 - phase=train acc=0.7308159722222223 loss=69.91786366701126 epoch=31 and step=90
2026-04-20 15:06:27,755 - SplitNNClient - INFO - 23588 - phase=train acc=0.73984375 loss=75.33899322152138 epoch=31 and step=100
2026-04-20 15:06:27,882 - SplitNNClient - INFO - 17400 - phase=train acc=0.742734375 loss=73.86927658319473 epoch=31 and step=100
2026-04-20 15:06:27,917 - SplitNNClient - INFO - 22124 - phase=train acc=0.7315625 loss=77.34567791223526 epoch=31 and step=100
2026-04-20 15:06:29,928 - SplitNNClient - INFO - 23588 - phase=train acc=0.7389204545454545 loss=83.36916318535805 epoch=31 and step=110
2026-04-20 15:06:29,995 - SplitNNClient - INFO - 17400 - phase=train acc=0.7401988636363637 loss=81.9127784371376 epoch=31 and step=110
2026-04-20 15:06:30,066 - SplitNNClient - INFO - 22124 - phase=train acc=0.7321732954545455 loss=84.77502596378326 epoch=31 and step=110
2026-04-20 15:06:32,094 - SplitNNClient - INFO - 23588 - phase=train acc=0.7376953125 loss=91.35903146862984 epoch=31 and step=120
2026-04-20 15:06:32,196 - SplitNNClient - INFO - 17400 - phase=train acc=0.7393229166666667 loss=89.73014986515045 epoch=31 and step=120
2026-04-20 15:06:32,237 - SplitNNClient - INFO - 22124 - phase=train acc=0.730859375 loss=92.87751823663712 epoch=31 and step=120
2026-04-20 15:06:34,324 - SplitNNClient - INFO - 23588 - phase=train acc=0.7353966346153846 loss=99.53549793362617 epoch=31 and step=130
2026-04-20 15:06:34,367 - SplitNNClient - INFO - 17400 - phase=train acc=0.7411057692307692 loss=96.46615290641785 epoch=31 and step=130
2026-04-20 15:06:34,458 - SplitNNClient - INFO - 22124 - phase=train acc=0.7292668269230769 loss=100.93127274513245 epoch=31 and step=130
2026-04-20 15:06:34,506 - FedServerManager - INFO - 21672 - get all model params ---- from rank fed_server
2026-04-20 15:06:45,866 - SplitNNClient - INFO - 23588 - phase=validation acc=0.8067 loss=44.45429188013077 epoch=31 and step=79
2026-04-20 15:06:45,923 - SplitNNClient - INFO - 17400 - phase=validation acc=0.8067 loss=44.45429188013077 epoch=31 and step=79
2026-04-20 15:06:45,965 - SplitNNClient - INFO - 22124 - phase=validation acc=0.8067 loss=44.45429188013077 epoch=31 and step=79
2026-04-20 15:06:48,194 - SplitNNClient - INFO - 22124 - phase=train acc=0.75234375 loss=7.0109903216362 epoch=32 and step=10
2026-04-20 15:06:48,230 - SplitNNClient - INFO - 17400 - phase=train acc=0.76328125 loss=6.623770534992218 epoch=32 and step=10
2026-04-20 15:06:48,295 - SplitNNClient - INFO - 23588 - phase=train acc=0.7671875 loss=6.954875469207764 epoch=32 and step=10
2026-04-20 15:06:50,487 - SplitNNClient - INFO - 17400 - phase=train acc=0.757421875 loss=13.637076258659363 epoch=32 and step=20
2026-04-20 15:06:50,588 - SplitNNClient - INFO - 23588 - phase=train acc=0.74609375 loss=14.78714781999588 epoch=32 and step=20
2026-04-20 15:06:50,657 - SplitNNClient - INFO - 22124 - phase=train acc=0.74921875 loss=14.265274167060852 epoch=32 and step=20
2026-04-20 15:06:52,788 - SplitNNClient - INFO - 17400 - phase=train acc=0.753125 loss=20.813917100429535 epoch=32 and step=30
2026-04-20 15:06:52,924 - SplitNNClient - INFO - 23588 - phase=train acc=0.7361979166666667 loss=22.726578950881958 epoch=32 and step=30
2026-04-20 15:06:53,121 - SplitNNClient - INFO - 22124 - phase=train acc=0.7466145833333333 loss=21.46260005235672 epoch=32 and step=30
2026-04-20 15:06:55,129 - SplitNNClient - INFO - 17400 - phase=train acc=0.752734375 loss=28.07889848947525 epoch=32 and step=40
2026-04-20 15:06:55,239 - SplitNNClient - INFO - 23588 - phase=train acc=0.7314453125 loss=30.920604050159454 epoch=32 and step=40
2026-04-20 15:06:55,433 - SplitNNClient - INFO - 22124 - phase=train acc=0.744921875 loss=29.099814891815186 epoch=32 and step=40
2026-04-20 15:06:57,430 - SplitNNClient - INFO - 17400 - phase=train acc=0.75109375 loss=35.568816781044006 epoch=32 and step=50
2026-04-20 15:06:57,594 - SplitNNClient - INFO - 23588 - phase=train acc=0.73359375 loss=38.33978343009949 epoch=32 and step=50
2026-04-20 15:06:57,712 - SplitNNClient - INFO - 22124 - phase=train acc=0.744375 loss=36.315028846263885 epoch=32 and step=50
2026-04-20 15:06:59,765 - SplitNNClient - INFO - 17400 - phase=train acc=0.7493489583333334 loss=42.81456959247589 epoch=32 and step=60
2026-04-20 15:06:59,877 - SplitNNClient - INFO - 23588 - phase=train acc=0.7337239583333334 loss=46.11083137989044 epoch=32 and step=60
2026-04-20 15:07:00,071 - SplitNNClient - INFO - 22124 - phase=train acc=0.7438802083333333 loss=43.76595616340637 epoch=32 and step=60
2026-04-20 15:07:02,045 - SplitNNClient - INFO - 17400 - phase=train acc=0.7486607142857142 loss=50.18917763233185 epoch=32 and step=70
2026-04-20 15:07:02,114 - SplitNNClient - INFO - 23588 - phase=train acc=0.734375 loss=53.487114667892456 epoch=32 and step=70
2026-04-20 15:07:02,431 - SplitNNClient - INFO - 22124 - phase=train acc=0.7422991071428572 loss=51.66018223762512 epoch=32 and step=70
2026-04-20 15:07:04,328 - SplitNNClient - INFO - 17400 - phase=train acc=0.749609375 loss=57.40376299619675 epoch=32 and step=80
2026-04-20 15:07:04,395 - SplitNNClient - INFO - 23588 - phase=train acc=0.73662109375 loss=60.767892718315125 epoch=32 and step=80
2026-04-20 15:07:04,726 - SplitNNClient - INFO - 22124 - phase=train acc=0.7431640625 loss=58.95179659128189 epoch=32 and step=80
2026-04-20 15:07:06,648 - SplitNNClient - INFO - 17400 - phase=train acc=0.7488715277777778 loss=65.11246013641357 epoch=32 and step=90
2026-04-20 15:07:06,715 - SplitNNClient - INFO - 23588 - phase=train acc=0.7374131944444444 loss=68.26463907957077 epoch=32 and step=90
2026-04-20 15:07:07,079 - SplitNNClient - INFO - 22124 - phase=train acc=0.7409722222222223 loss=66.68256139755249 epoch=32 and step=90
2026-04-20 15:07:08,933 - SplitNNClient - INFO - 17400 - phase=train acc=0.746953125 loss=73.07042837142944 epoch=32 and step=100
2026-04-20 15:07:09,001 - SplitNNClient - INFO - 23588 - phase=train acc=0.736328125 loss=76.41780757904053 epoch=32 and step=100
2026-04-20 15:07:09,336 - SplitNNClient - INFO - 22124 - phase=train acc=0.740078125 loss=74.1131461262703 epoch=32 and step=100
2026-04-20 15:07:11,194 - SplitNNClient - INFO - 17400 - phase=train acc=0.7455255681818181 loss=80.63993448019028 epoch=32 and step=110
2026-04-20 15:07:11,324 - SplitNNClient - INFO - 23588 - phase=train acc=0.7350142045454545 loss=84.22914749383926 epoch=32 and step=110
2026-04-20 15:07:11,599 - SplitNNClient - INFO - 22124 - phase=train acc=0.7375710227272727 loss=82.05488741397858 epoch=32 and step=110
2026-04-20 15:07:13,468 - SplitNNClient - INFO - 17400 - phase=train acc=0.7450520833333333 loss=87.97416144609451 epoch=32 and step=120
2026-04-20 15:07:13,591 - SplitNNClient - INFO - 23588 - phase=train acc=0.7329427083333333 loss=92.21940767765045 epoch=32 and step=120
2026-04-20 15:07:13,861 - SplitNNClient - INFO - 22124 - phase=train acc=0.7366536458333334 loss=90.00399738550186 epoch=32 and step=120
2026-04-20 15:07:15,785 - SplitNNClient - INFO - 17400 - phase=train acc=0.7450721153846154 loss=95.23009598255157 epoch=32 and step=130
2026-04-20 15:07:15,879 - SplitNNClient - INFO - 23588 - phase=train acc=0.7331129807692308 loss=99.89973735809326 epoch=32 and step=130
2026-04-20 15:07:16,101 - SplitNNClient - INFO - 22124 - phase=train acc=0.7356971153846154 loss=97.96006268262863 epoch=32 and step=130
2026-04-20 15:07:16,154 - FedServerManager - INFO - 21672 - get all model params ---- from rank fed_server
2026-04-20 15:07:27,574 - SplitNNClient - INFO - 22124 - phase=validation acc=0.8159 loss=42.81909719109535 epoch=32 and step=79
2026-04-20 15:07:27,616 - SplitNNClient - INFO - 23588 - phase=validation acc=0.8159 loss=42.81909719109535 epoch=32 and step=79
2026-04-20 15:07:27,675 - SplitNNClient - INFO - 17400 - phase=validation acc=0.8159 loss=42.81909719109535 epoch=32 and step=79
2026-04-20 15:07:29,787 - SplitNNClient - INFO - 23588 - phase=train acc=0.7609375 loss=6.751693665981293 epoch=33 and step=10
2026-04-20 15:07:29,854 - SplitNNClient - INFO - 17400 - phase=train acc=0.7734375 loss=6.626631736755371 epoch=33 and step=10
2026-04-20 15:07:29,951 - SplitNNClient - INFO - 22124 - phase=train acc=0.7578125 loss=6.898063123226166 epoch=33 and step=10
2026-04-20 15:07:32,012 - SplitNNClient - INFO - 23588 - phase=train acc=0.747265625 loss=14.07038801908493 epoch=33 and step=20
2026-04-20 15:07:32,078 - SplitNNClient - INFO - 17400 - phase=train acc=0.754296875 loss=14.106204807758331 epoch=33 and step=20
2026-04-20 15:07:32,147 - SplitNNClient - INFO - 22124 - phase=train acc=0.75 loss=14.290603697299957 epoch=33 and step=20
2026-04-20 15:07:34,287 - SplitNNClient - INFO - 23588 - phase=train acc=0.7463541666666667 loss=21.615346252918243 epoch=33 and step=30
2026-04-20 15:07:34,388 - SplitNNClient - INFO - 17400 - phase=train acc=0.7505208333333333 loss=21.319499671459198 epoch=33 and step=30
2026-04-20 15:07:34,455 - SplitNNClient - INFO - 22124 - phase=train acc=0.7518229166666667 loss=21.130791068077087 epoch=33 and step=30
2026-04-20 15:07:36,553 - SplitNNClient - INFO - 23588 - phase=train acc=0.7380859375 loss=29.815720558166504 epoch=33 and step=40
2026-04-20 15:07:36,591 - SplitNNClient - INFO - 17400 - phase=train acc=0.7544921875 loss=28.46101623773575 epoch=33 and step=40
2026-04-20 15:07:36,722 - SplitNNClient - INFO - 22124 - phase=train acc=0.7505859375 loss=28.65590476989746 epoch=33 and step=40
2026-04-20 15:07:38,777 - SplitNNClient - INFO - 23588 - phase=train acc=0.7378125 loss=37.16358608007431 epoch=33 and step=50
2026-04-20 15:07:38,882 - SplitNNClient - INFO - 17400 - phase=train acc=0.75546875 loss=35.363292038440704 epoch=33 and step=50
2026-04-20 15:07:38,948 - SplitNNClient - INFO - 22124 - phase=train acc=0.7496875 loss=36.03707021474838 epoch=33 and step=50
2026-04-20 15:07:40,982 - SplitNNClient - INFO - 23588 - phase=train acc=0.7444010416666667 loss=44.026011526584625 epoch=33 and step=60
2026-04-20 15:07:41,053 - SplitNNClient - INFO - 17400 - phase=train acc=0.756640625 loss=42.26958692073822 epoch=33 and step=60
2026-04-20 15:07:41,148 - SplitNNClient - INFO - 22124 - phase=train acc=0.74921875 loss=43.79059934616089 epoch=33 and step=60
2026-04-20 15:07:43,187 - SplitNNClient - INFO - 23588 - phase=train acc=0.74765625 loss=50.921019315719604 epoch=33 and step=70
2026-04-20 15:07:43,286 - SplitNNClient - INFO - 17400 - phase=train acc=0.7556919642857143 loss=49.56037199497223 epoch=33 and step=70
2026-04-20 15:07:43,349 - SplitNNClient - INFO - 22124 - phase=train acc=0.7474330357142858 loss=51.05447882413864 epoch=33 and step=70
2026-04-20 15:07:45,451 - SplitNNClient - INFO - 23588 - phase=train acc=0.74560546875 loss=59.06618595123291 epoch=33 and step=80
2026-04-20 15:07:45,548 - SplitNNClient - INFO - 17400 - phase=train acc=0.7533203125 loss=56.85693550109863 epoch=33 and step=80
2026-04-20 15:07:45,613 - SplitNNClient - INFO - 22124 - phase=train acc=0.7484375 loss=58.049728870391846 epoch=33 and step=80
2026-04-20 15:07:47,726 - SplitNNClient - INFO - 23588 - phase=train acc=0.7450520833333333 loss=66.42673915624619 epoch=33 and step=90
2026-04-20 15:07:47,796 - SplitNNClient - INFO - 17400 - phase=train acc=0.7496527777777777 loss=64.59361439943314 epoch=33 and step=90
2026-04-20 15:07:47,866 - SplitNNClient - INFO - 22124 - phase=train acc=0.746875 loss=65.44375479221344 epoch=33 and step=90
2026-04-20 15:07:49,947 - SplitNNClient - INFO - 23588 - phase=train acc=0.743359375 loss=73.87280362844467 epoch=33 and step=100
2026-04-20 15:07:50,081 - SplitNNClient - INFO - 17400 - phase=train acc=0.7515625 loss=71.21248835325241 epoch=33 and step=100
2026-04-20 15:07:50,150 - SplitNNClient - INFO - 22124 - phase=train acc=0.7465625 loss=72.88751918077469 epoch=33 and step=100
2026-04-20 15:07:52,276 - SplitNNClient - INFO - 23588 - phase=train acc=0.7426136363636363 loss=81.70438247919083 epoch=33 and step=110
2026-04-20 15:07:52,349 - SplitNNClient - INFO - 17400 - phase=train acc=0.7517045454545455 loss=78.16451269388199 epoch=33 and step=110
2026-04-20 15:07:52,443 - SplitNNClient - INFO - 22124 - phase=train acc=0.7446022727272728 loss=81.07871401309967 epoch=33 and step=110
2026-04-20 15:07:54,565 - SplitNNClient - INFO - 23588 - phase=train acc=0.7423828125 loss=89.23984795808792 epoch=33 and step=120
2026-04-20 15:07:54,632 - SplitNNClient - INFO - 17400 - phase=train acc=0.7498697916666667 loss=85.69169998168945 epoch=33 and step=120
2026-04-20 15:07:54,698 - SplitNNClient - INFO - 22124 - phase=train acc=0.7430989583333333 loss=89.17160481214523 epoch=33 and step=120
2026-04-20 15:07:56,852 - SplitNNClient - INFO - 23588 - phase=train acc=0.7406850961538461 loss=96.91735517978668 epoch=33 and step=130
2026-04-20 15:07:56,899 - SplitNNClient - INFO - 17400 - phase=train acc=0.7491586538461539 loss=93.3685142993927 epoch=33 and step=130
2026-04-20 15:07:57,029 - SplitNNClient - INFO - 22124 - phase=train acc=0.7404447115384616 loss=97.38699567317963 epoch=33 and step=130
2026-04-20 15:07:57,075 - FedServerManager - INFO - 21672 - get all model params ---- from rank fed_server
2026-04-20 15:08:08,606 - SplitNNClient - INFO - 22124 - phase=validation acc=0.8069 loss=44.19284442067146 epoch=33 and step=79
2026-04-20 15:08:08,653 - SplitNNClient - INFO - 23588 - phase=validation acc=0.8069 loss=44.19284442067146 epoch=33 and step=79
2026-04-20 15:08:08,702 - SplitNNClient - INFO - 17400 - phase=validation acc=0.8069 loss=44.19284442067146 epoch=33 and step=79
2026-04-20 15:08:11,024 - SplitNNClient - INFO - 23588 - phase=train acc=0.7640625 loss=6.796489119529724 epoch=34 and step=10
2026-04-20 15:08:11,070 - SplitNNClient - INFO - 22124 - phase=train acc=0.759375 loss=6.820943534374237 epoch=34 and step=10
2026-04-20 15:08:11,192 - SplitNNClient - INFO - 17400 - phase=train acc=0.75546875 loss=6.753418147563934 epoch=34 and step=10
2026-04-20 15:08:13,518 - SplitNNClient - INFO - 23588 - phase=train acc=0.7609375 loss=13.595275580883026 epoch=34 and step=20
2026-04-20 15:08:13,559 - SplitNNClient - INFO - 22124 - phase=train acc=0.750390625 loss=14.137258529663086 epoch=34 and step=20
2026-04-20 15:08:13,629 - SplitNNClient - INFO - 17400 - phase=train acc=0.761328125 loss=13.67871567606926 epoch=34 and step=20
2026-04-20 15:08:15,781 - SplitNNClient - INFO - 23588 - phase=train acc=0.7619791666666667 loss=20.610756039619446 epoch=34 and step=30
2026-04-20 15:08:15,846 - SplitNNClient - INFO - 22124 - phase=train acc=0.7513020833333334 loss=21.429304003715515 epoch=34 and step=30
2026-04-20 15:08:15,919 - SplitNNClient - INFO - 17400 - phase=train acc=0.76015625 loss=20.56210485100746 epoch=34 and step=30
2026-04-20 15:08:18,061 - SplitNNClient - INFO - 23588 - phase=train acc=0.76328125 loss=27.507159650325775 epoch=34 and step=40
2026-04-20 15:08:18,160 - SplitNNClient - INFO - 22124 - phase=train acc=0.7490234375 loss=28.67510026693344 epoch=34 and step=40
2026-04-20 15:08:18,227 - SplitNNClient - INFO - 17400 - phase=train acc=0.757421875 loss=27.62164995074272 epoch=34 and step=40
2026-04-20 15:08:20,408 - SplitNNClient - INFO - 23588 - phase=train acc=0.76140625 loss=34.50793385505676 epoch=34 and step=50
2026-04-20 15:08:20,450 - SplitNNClient - INFO - 22124 - phase=train acc=0.7475 loss=36.07961481809616 epoch=34 and step=50
2026-04-20 15:08:20,571 - SplitNNClient - INFO - 17400 - phase=train acc=0.75390625 loss=35.021649211645126 epoch=34 and step=50
2026-04-20 15:08:22,653 - SplitNNClient - INFO - 23588 - phase=train acc=0.7602864583333333 loss=41.964095294475555 epoch=34 and step=60
2026-04-20 15:08:22,744 - SplitNNClient - INFO - 22124 - phase=train acc=0.7470052083333333 loss=43.08384710550308 epoch=34 and step=60
2026-04-20 15:08:22,848 - SplitNNClient - INFO - 17400 - phase=train acc=0.7540364583333333 loss=42.20678070187569 epoch=34 and step=60
2026-04-20 15:08:24,916 - SplitNNClient - INFO - 23588 - phase=train acc=0.759375 loss=48.950461864471436 epoch=34 and step=70
2026-04-20 15:08:24,982 - SplitNNClient - INFO - 22124 - phase=train acc=0.7474330357142858 loss=50.41914576292038 epoch=34 and step=70
2026-04-20 15:08:25,109 - SplitNNClient - INFO - 17400 - phase=train acc=0.7505580357142857 loss=49.78219297528267 epoch=34 and step=70
2026-04-20 15:08:27,214 - SplitNNClient - INFO - 23588 - phase=train acc=0.75390625 loss=56.879931926727295 epoch=34 and step=80
2026-04-20 15:08:27,309 - SplitNNClient - INFO - 22124 - phase=train acc=0.7447265625 loss=58.190604984760284 epoch=34 and step=80
2026-04-20 15:08:27,402 - SplitNNClient - INFO - 17400 - phase=train acc=0.75087890625 loss=56.832887798547745 epoch=34 and step=80
2026-04-20 15:08:29,520 - SplitNNClient - INFO - 23588 - phase=train acc=0.7509548611111111 loss=64.73657315969467 epoch=34 and step=90
2026-04-20 15:08:29,588 - SplitNNClient - INFO - 22124 - phase=train acc=0.7442708333333333 loss=65.7532776594162 epoch=34 and step=90
2026-04-20 15:08:29,689 - SplitNNClient - INFO - 17400 - phase=train acc=0.7498263888888889 loss=64.0772296488285 epoch=34 and step=90
2026-04-20 15:08:31,818 - SplitNNClient - INFO - 23588 - phase=train acc=0.74953125 loss=71.99812412261963 epoch=34 and step=100
2026-04-20 15:08:31,917 - SplitNNClient - INFO - 22124 - phase=train acc=0.744296875 loss=73.05700433254242 epoch=34 and step=100
2026-04-20 15:08:31,987 - SplitNNClient - INFO - 17400 - phase=train acc=0.751953125 loss=70.91749694943428 epoch=34 and step=100
2026-04-20 15:08:34,149 - SplitNNClient - INFO - 23588 - phase=train acc=0.7480823863636363 loss=79.54163551330566 epoch=34 and step=110
2026-04-20 15:08:34,215 - SplitNNClient - INFO - 22124 - phase=train acc=0.7424005681818182 loss=80.79307419061661 epoch=34 and step=110
2026-04-20 15:08:34,285 - SplitNNClient - INFO - 17400 - phase=train acc=0.7490767045454545 loss=78.38490650057793 epoch=34 and step=110
2026-04-20 15:08:36,400 - SplitNNClient - INFO - 23588 - phase=train acc=0.7471354166666667 loss=87.11594504117966 epoch=34 and step=120
2026-04-20 15:08:36,506 - SplitNNClient - INFO - 22124 - phase=train acc=0.7424479166666667 loss=87.7516622543335 epoch=34 and step=120
2026-04-20 15:08:36,677 - SplitNNClient - INFO - 17400 - phase=train acc=0.74921875 loss=85.5575158894062 epoch=34 and step=120
2026-04-20 15:08:38,681 - SplitNNClient - INFO - 23588 - phase=train acc=0.7466346153846154 loss=94.62006944417953 epoch=34 and step=130
2026-04-20 15:08:38,843 - SplitNNClient - INFO - 22124 - phase=train acc=0.7426682692307692 loss=95.01864159107208 epoch=34 and step=130
2026-04-20 15:08:38,969 - SplitNNClient - INFO - 17400 - phase=train acc=0.7475360576923077 loss=93.1637068092823 epoch=34 and step=130
2026-04-20 15:08:39,018 - FedServerManager - INFO - 21672 - get all model params ---- from rank fed_server
2026-04-20 15:08:50,681 - SplitNNClient - INFO - 17400 - phase=validation acc=0.8225 loss=40.59173381328583 epoch=34 and step=79
2026-04-20 15:08:50,688 - SplitNNClient - INFO - 22124 - phase=validation acc=0.8225 loss=40.59173381328583 epoch=34 and step=79
2026-04-20 15:08:50,691 - SplitNNClient - INFO - 23588 - phase=validation acc=0.8225 loss=40.59173381328583 epoch=34 and step=79
2026-04-20 15:08:52,929 - SplitNNClient - INFO - 23588 - phase=train acc=0.77109375 loss=6.513247311115265 epoch=35 and step=10
2026-04-20 15:08:53,091 - SplitNNClient - INFO - 22124 - phase=train acc=0.746875 loss=7.19863498210907 epoch=35 and step=10
2026-04-20 15:08:53,134 - SplitNNClient - INFO - 17400 - phase=train acc=0.76171875 loss=6.570555150508881 epoch=35 and step=10
2026-04-20 15:08:55,148 - SplitNNClient - INFO - 23588 - phase=train acc=0.7578125 loss=13.760484397411346 epoch=35 and step=20
2026-04-20 15:08:55,241 - SplitNNClient - INFO - 22124 - phase=train acc=0.75625 loss=13.887668669223785 epoch=35 and step=20
2026-04-20 15:08:55,307 - SplitNNClient - INFO - 17400 - phase=train acc=0.7609375 loss=13.176583707332611 epoch=35 and step=20
2026-04-20 15:08:57,317 - SplitNNClient - INFO - 23588 - phase=train acc=0.7596354166666667 loss=20.830044209957123 epoch=35 and step=30
2026-04-20 15:08:57,419 - SplitNNClient - INFO - 22124 - phase=train acc=0.7552083333333334 loss=20.910157203674316 epoch=35 and step=30
2026-04-20 15:08:57,485 - SplitNNClient - INFO - 17400 - phase=train acc=0.7653645833333333 loss=19.73184025287628 epoch=35 and step=30
2026-04-20 15:08:59,577 - SplitNNClient - INFO - 23588 - phase=train acc=0.75546875 loss=28.335090279579163 epoch=35 and step=40
2026-04-20 15:08:59,620 - SplitNNClient - INFO - 22124 - phase=train acc=0.7509765625 loss=28.65499174594879 epoch=35 and step=40
2026-04-20 15:08:59,657 - SplitNNClient - INFO - 17400 - phase=train acc=0.7599609375 loss=27.004719376564026 epoch=35 and step=40
2026-04-20 15:09:01,678 - SplitNNClient - INFO - 23588 - phase=train acc=0.7553125 loss=35.67268109321594 epoch=35 and step=50
2026-04-20 15:09:01,800 - SplitNNClient - INFO - 22124 - phase=train acc=0.746875 loss=36.35199826955795 epoch=35 and step=50
2026-04-20 15:09:01,841 - SplitNNClient - INFO - 17400 - phase=train acc=0.759375 loss=34.19917815923691 epoch=35 and step=50
2026-04-20 15:09:03,885 - SplitNNClient - INFO - 23588 - phase=train acc=0.7552083333333334 loss=42.69619166851044 epoch=35 and step=60
2026-04-20 15:09:03,957 - SplitNNClient - INFO - 22124 - phase=train acc=0.74296875 loss=44.43389517068863 epoch=35 and step=60
2026-04-20 15:09:04,024 - SplitNNClient - INFO - 17400 - phase=train acc=0.7592447916666667 loss=41.27866691350937 epoch=35 and step=60
2026-04-20 15:09:06,095 - SplitNNClient - INFO - 23588 - phase=train acc=0.7556919642857143 loss=49.606225192546844 epoch=35 and step=70
2026-04-20 15:09:06,131 - SplitNNClient - INFO - 22124 - phase=train acc=0.7386160714285714 loss=52.64321756362915 epoch=35 and step=70
2026-04-20 15:09:06,259 - SplitNNClient - INFO - 17400 - phase=train acc=0.7583705357142857 loss=48.389717400074005 epoch=35 and step=70
2026-04-20 15:09:08,306 - SplitNNClient - INFO - 23588 - phase=train acc=0.7552734375 loss=56.675446927547455 epoch=35 and step=80
2026-04-20 15:09:08,367 - SplitNNClient - INFO - 22124 - phase=train acc=0.73095703125 loss=61.992099583148956 epoch=35 and step=80
2026-04-20 15:09:08,439 - SplitNNClient - INFO - 17400 - phase=train acc=0.7576171875 loss=55.42151206731796 epoch=35 and step=80
2026-04-20 15:09:10,524 - SplitNNClient - INFO - 23588 - phase=train acc=0.7546875 loss=63.76020872592926 epoch=35 and step=90
2026-04-20 15:09:10,591 - SplitNNClient - INFO - 22124 - phase=train acc=0.7276909722222222 loss=70.71179336309433 epoch=35 and step=90
2026-04-20 15:09:10,691 - SplitNNClient - INFO - 17400 - phase=train acc=0.7558159722222222 loss=62.89324778318405 epoch=35 and step=90
2026-04-20 15:09:12,784 - SplitNNClient - INFO - 23588 - phase=train acc=0.754921875 loss=70.63937139511108 epoch=35 and step=100
2026-04-20 15:09:12,821 - SplitNNClient - INFO - 22124 - phase=train acc=0.725078125 loss=79.10516756772995 epoch=35 and step=100
2026-04-20 15:09:12,892 - SplitNNClient - INFO - 17400 - phase=train acc=0.755546875 loss=70.14834409952164 epoch=35 and step=100
2026-04-20 15:09:14,996 - SplitNNClient - INFO - 23588 - phase=train acc=0.7550426136363636 loss=77.61596596240997 epoch=35 and step=110
2026-04-20 15:09:15,042 - SplitNNClient - INFO - 22124 - phase=train acc=0.7256392045454545 loss=86.64402097463608 epoch=35 and step=110
2026-04-20 15:09:15,143 - SplitNNClient - INFO - 17400 - phase=train acc=0.7549715909090909 loss=77.57681185007095 epoch=35 and step=110
2026-04-20 15:09:17,193 - SplitNNClient - INFO - 23588 - phase=train acc=0.7549479166666667 loss=84.70063948631287 epoch=35 and step=120
2026-04-20 15:09:17,289 - SplitNNClient - INFO - 22124 - phase=train acc=0.7279296875 loss=93.9971171617508 epoch=35 and step=120
2026-04-20 15:09:17,390 - SplitNNClient - INFO - 17400 - phase=train acc=0.7559895833333333 loss=84.27916914224625 epoch=35 and step=120
2026-04-20 15:09:19,416 - SplitNNClient - INFO - 23588 - phase=train acc=0.7533052884615384 loss=93.03244435787201 epoch=35 and step=130
2026-04-20 15:09:19,540 - SplitNNClient - INFO - 22124 - phase=train acc=0.7282451923076924 loss=101.80025297403336 epoch=35 and step=130
2026-04-20 15:09:19,576 - SplitNNClient - INFO - 17400 - phase=train acc=0.75703125 loss=91.1474751830101 epoch=35 and step=130
2026-04-20 15:09:19,646 - FedServerManager - INFO - 21672 - get all model params ---- from rank fed_server
2026-04-20 15:09:30,930 - SplitNNClient - INFO - 22124 - phase=validation acc=0.8185 loss=41.317518681287766 epoch=35 and step=79
2026-04-20 15:09:30,977 - SplitNNClient - INFO - 17400 - phase=validation acc=0.8185 loss=41.317518681287766 epoch=35 and step=79
2026-04-20 15:09:31,031 - SplitNNClient - INFO - 23588 - phase=validation acc=0.8185 loss=41.317518681287766 epoch=35 and step=79
2026-04-20 15:09:33,333 - SplitNNClient - INFO - 23588 - phase=train acc=0.75078125 loss=7.215332806110382 epoch=36 and step=10
2026-04-20 15:09:33,398 - SplitNNClient - INFO - 17400 - phase=train acc=0.76796875 loss=6.558543920516968 epoch=36 and step=10
2026-04-20 15:09:33,494 - SplitNNClient - INFO - 22124 - phase=train acc=0.76484375 loss=6.804766356945038 epoch=36 and step=10
2026-04-20 15:09:35,577 - SplitNNClient - INFO - 23588 - phase=train acc=0.741015625 loss=15.100058794021606 epoch=36 and step=20
2026-04-20 15:09:35,704 - SplitNNClient - INFO - 17400 - phase=train acc=0.766796875 loss=13.4295015335083 epoch=36 and step=20
2026-04-20 15:09:35,870 - SplitNNClient - INFO - 22124 - phase=train acc=0.763671875 loss=13.649219751358032 epoch=36 and step=20
2026-04-20 15:09:37,885 - SplitNNClient - INFO - 23588 - phase=train acc=0.746875 loss=21.92388415336609 epoch=36 and step=30
2026-04-20 15:09:38,053 - SplitNNClient - INFO - 17400 - phase=train acc=0.7692708333333333 loss=19.809009075164795 epoch=36 and step=30
2026-04-20 15:09:38,163 - SplitNNClient - INFO - 22124 - phase=train acc=0.7559895833333333 loss=20.885443568229675 epoch=36 and step=30
2026-04-20 15:09:40,233 - SplitNNClient - INFO - 23588 - phase=train acc=0.7509765625 loss=28.57138842344284 epoch=36 and step=40
2026-04-20 15:09:40,398 - SplitNNClient - INFO - 17400 - phase=train acc=0.7705078125 loss=26.383947610855103 epoch=36 and step=40
2026-04-20 15:09:40,570 - SplitNNClient - INFO - 22124 - phase=train acc=0.751953125 loss=28.033647060394287 epoch=36 and step=40
2026-04-20 15:09:42,601 - SplitNNClient - INFO - 23588 - phase=train acc=0.75109375 loss=35.80169594287872 epoch=36 and step=50
2026-04-20 15:09:42,767 - SplitNNClient - INFO - 17400 - phase=train acc=0.76625 loss=33.52885299921036 epoch=36 and step=50
2026-04-20 15:09:42,909 - SplitNNClient - INFO - 22124 - phase=train acc=0.75359375 loss=34.91284793615341 epoch=36 and step=50
2026-04-20 15:09:44,972 - SplitNNClient - INFO - 23588 - phase=train acc=0.7533854166666667 loss=42.6833062171936 epoch=36 and step=60
2026-04-20 15:09:45,047 - SplitNNClient - INFO - 17400 - phase=train acc=0.7662760416666666 loss=40.47524833679199 epoch=36 and step=60
2026-04-20 15:09:45,238 - SplitNNClient - INFO - 22124 - phase=train acc=0.7548177083333333 loss=42.05126029253006 epoch=36 and step=60
2026-04-20 15:09:47,302 - SplitNNClient - INFO - 23588 - phase=train acc=0.7534598214285714 loss=49.457166254520416 epoch=36 and step=70
2026-04-20 15:09:47,412 - SplitNNClient - INFO - 17400 - phase=train acc=0.7646205357142857 loss=47.68430358171463 epoch=36 and step=70
2026-04-20 15:09:47,611 - SplitNNClient - INFO - 22124 - phase=train acc=0.7543526785714286 loss=49.291045904159546 epoch=36 and step=70
2026-04-20 15:09:49,542 - SplitNNClient - INFO - 23588 - phase=train acc=0.7515625 loss=57.05793261528015 epoch=36 and step=80
2026-04-20 15:09:49,740 - SplitNNClient - INFO - 17400 - phase=train acc=0.76083984375 loss=55.1801181435585 epoch=36 and step=80
2026-04-20 15:09:49,849 - SplitNNClient - INFO - 22124 - phase=train acc=0.7572265625 loss=55.877966582775116 epoch=36 and step=80
2026-04-20 15:09:51,878 - SplitNNClient - INFO - 23588 - phase=train acc=0.7513020833333334 loss=64.25477242469788 epoch=36 and step=90
2026-04-20 15:09:52,046 - SplitNNClient - INFO - 17400 - phase=train acc=0.7578993055555555 loss=63.13636487722397 epoch=36 and step=90
2026-04-20 15:09:52,157 - SplitNNClient - INFO - 22124 - phase=train acc=0.7595486111111112 loss=62.57650637626648 epoch=36 and step=90
2026-04-20 15:09:54,223 - SplitNNClient - INFO - 23588 - phase=train acc=0.751171875 loss=71.30360800027847 epoch=36 and step=100
2026-04-20 15:09:54,333 - SplitNNClient - INFO - 17400 - phase=train acc=0.756328125 loss=70.4361035823822 epoch=36 and step=100
2026-04-20 15:09:54,536 - SplitNNClient - INFO - 22124 - phase=train acc=0.7578125 loss=69.91358160972595 epoch=36 and step=100
2026-04-20 15:09:56,502 - SplitNNClient - INFO - 23588 - phase=train acc=0.7509943181818182 loss=78.2961522936821 epoch=36 and step=110
2026-04-20 15:09:56,678 - SplitNNClient - INFO - 17400 - phase=train acc=0.7557528409090909 loss=77.31061464548111 epoch=36 and step=110
2026-04-20 15:09:56,848 - SplitNNClient - INFO - 22124 - phase=train acc=0.7567471590909091 loss=77.15402764081955 epoch=36 and step=110
2026-04-20 15:09:58,868 - SplitNNClient - INFO - 23588 - phase=train acc=0.750390625 loss=85.45171731710434 epoch=36 and step=120
2026-04-20 15:09:59,028 - SplitNNClient - INFO - 17400 - phase=train acc=0.7553385416666667 loss=84.2677354812622 epoch=36 and step=120
2026-04-20 15:09:59,169 - SplitNNClient - INFO - 22124 - phase=train acc=0.7552083333333334 loss=84.47182899713516 epoch=36 and step=120
2026-04-20 15:10:01,229 - SplitNNClient - INFO - 23588 - phase=train acc=0.751141826923077 loss=92.45964974164963 epoch=36 and step=130
2026-04-20 15:10:01,301 - SplitNNClient - INFO - 17400 - phase=train acc=0.755048076923077 loss=91.65897566080093 epoch=36 and step=130
2026-04-20 15:10:01,522 - SplitNNClient - INFO - 22124 - phase=train acc=0.7548076923076923 loss=91.61829453706741 epoch=36 and step=130
2026-04-20 15:10:01,576 - FedServerManager - INFO - 21672 - get all model params ---- from rank fed_server
2026-04-20 15:10:13,208 - SplitNNClient - INFO - 22124 - phase=validation acc=0.8242 loss=40.96365612745285 epoch=36 and step=79
2026-04-20 15:10:13,264 - SplitNNClient - INFO - 17400 - phase=validation acc=0.8242 loss=40.96365612745285 epoch=36 and step=79
2026-04-20 15:10:13,456 - SplitNNClient - INFO - 23588 - phase=validation acc=0.8242 loss=40.96365612745285 epoch=36 and step=79
2026-04-20 15:10:15,577 - SplitNNClient - INFO - 23588 - phase=train acc=0.77734375 loss=6.251076757907867 epoch=37 and step=10
2026-04-20 15:10:15,639 - SplitNNClient - INFO - 22124 - phase=train acc=0.778125 loss=6.266558945178986 epoch=37 and step=10
2026-04-20 15:10:15,771 - SplitNNClient - INFO - 17400 - phase=train acc=0.7671875 loss=6.564066767692566 epoch=37 and step=10
2026-04-20 15:10:17,830 - SplitNNClient - INFO - 23588 - phase=train acc=0.769921875 loss=13.316419303417206 epoch=37 and step=20
2026-04-20 15:10:17,843 - SplitNNClient - INFO - 22124 - phase=train acc=0.762109375 loss=13.61023497581482 epoch=37 and step=20
2026-04-20 15:10:17,975 - SplitNNClient - INFO - 17400 - phase=train acc=0.76875 loss=13.489882469177246 epoch=37 and step=20
2026-04-20 15:10:20,055 - SplitNNClient - INFO - 23588 - phase=train acc=0.7619791666666667 loss=20.66265845298767 epoch=37 and step=30
2026-04-20 15:10:20,126 - SplitNNClient - INFO - 22124 - phase=train acc=0.7651041666666667 loss=20.247218072414398 epoch=37 and step=30
2026-04-20 15:10:20,222 - SplitNNClient - INFO - 17400 - phase=train acc=0.7700520833333333 loss=20.295108556747437 epoch=37 and step=30
2026-04-20 15:10:22,306 - SplitNNClient - INFO - 23588 - phase=train acc=0.75625 loss=27.87152373790741 epoch=37 and step=40
2026-04-20 15:10:22,349 - SplitNNClient - INFO - 22124 - phase=train acc=0.764453125 loss=26.755744874477386 epoch=37 and step=40
2026-04-20 15:10:22,481 - SplitNNClient - INFO - 17400 - phase=train acc=0.765234375 loss=27.376110196113586 epoch=37 and step=40
2026-04-20 15:10:24,506 - SplitNNClient - INFO - 23588 - phase=train acc=0.7578125 loss=34.64932346343994 epoch=37 and step=50
2026-04-20 15:10:24,630 - SplitNNClient - INFO - 22124 - phase=train acc=0.7646875 loss=33.37821078300476 epoch=37 and step=50
2026-04-20 15:10:24,702 - SplitNNClient - INFO - 17400 - phase=train acc=0.76671875 loss=34.02974283695221 epoch=37 and step=50
2026-04-20 15:10:26,769 - SplitNNClient - INFO - 23588 - phase=train acc=0.7578125 loss=41.8621426820755 epoch=37 and step=60
2026-04-20 15:10:26,834 - SplitNNClient - INFO - 22124 - phase=train acc=0.7630208333333334 loss=40.342297315597534 epoch=37 and step=60
2026-04-20 15:10:26,937 - SplitNNClient - INFO - 17400 - phase=train acc=0.7661458333333333 loss=40.98948234319687 epoch=37 and step=60
2026-04-20 15:10:28,973 - SplitNNClient - INFO - 23588 - phase=train acc=0.7581473214285714 loss=48.86742848157883 epoch=37 and step=70
2026-04-20 15:10:29,038 - SplitNNClient - INFO - 22124 - phase=train acc=0.7589285714285714 loss=47.92863804101944 epoch=37 and step=70
2026-04-20 15:10:29,170 - SplitNNClient - INFO - 17400 - phase=train acc=0.7666294642857143 loss=47.44564342498779 epoch=37 and step=70
2026-04-20 15:10:31,157 - SplitNNClient - INFO - 23588 - phase=train acc=0.75869140625 loss=56.100429475307465 epoch=37 and step=80
2026-04-20 15:10:31,310 - SplitNNClient - INFO - 22124 - phase=train acc=0.76044921875 loss=54.56862771511078 epoch=37 and step=80
2026-04-20 15:10:31,350 - SplitNNClient - INFO - 17400 - phase=train acc=0.7677734375 loss=54.03764492273331 epoch=37 and step=80
2026-04-20 15:10:33,420 - SplitNNClient - INFO - 23588 - phase=train acc=0.7550347222222222 loss=64.18879956007004 epoch=37 and step=90
2026-04-20 15:10:33,489 - SplitNNClient - INFO - 22124 - phase=train acc=0.7609375 loss=61.11289972066879 epoch=37 and step=90
2026-04-20 15:10:33,588 - SplitNNClient - INFO - 17400 - phase=train acc=0.7678819444444445 loss=60.819350600242615 epoch=37 and step=90
2026-04-20 15:10:35,617 - SplitNNClient - INFO - 23588 - phase=train acc=0.755625 loss=70.9942194223404 epoch=37 and step=100
2026-04-20 15:10:35,777 - SplitNNClient - INFO - 22124 - phase=train acc=0.75921875 loss=68.20958936214447 epoch=37 and step=100
2026-04-20 15:10:35,813 - SplitNNClient - INFO - 17400 - phase=train acc=0.768515625 loss=67.75259470939636 epoch=37 and step=100
2026-04-20 15:10:37,978 - SplitNNClient - INFO - 23588 - phase=train acc=0.7547585227272727 loss=78.31204724311829 epoch=37 and step=110
2026-04-20 15:10:38,009 - SplitNNClient - INFO - 22124 - phase=train acc=0.7573153409090909 loss=75.64895278215408 epoch=37 and step=110
2026-04-20 15:10:38,078 - SplitNNClient - INFO - 17400 - phase=train acc=0.7667613636363636 loss=74.94643712043762 epoch=37 and step=110
2026-04-20 15:10:40,193 - SplitNNClient - INFO - 23588 - phase=train acc=0.7548177083333333 loss=85.39356011152267 epoch=37 and step=120
2026-04-20 15:10:40,266 - SplitNNClient - INFO - 22124 - phase=train acc=0.7588541666666667 loss=82.1153404712677 epoch=37 and step=120
2026-04-20 15:10:40,340 - SplitNNClient - INFO - 17400 - phase=train acc=0.766015625 loss=82.04737186431885 epoch=37 and step=120
2026-04-20 15:10:42,535 - SplitNNClient - INFO - 23588 - phase=train acc=0.7548076923076923 loss=92.28122675418854 epoch=37 and step=130
2026-04-20 15:10:42,637 - SplitNNClient - INFO - 22124 - phase=train acc=0.7582331730769231 loss=89.19774526357651 epoch=37 and step=130
2026-04-20 15:10:42,676 - SplitNNClient - INFO - 17400 - phase=train acc=0.7649038461538461 loss=88.99735188484192 epoch=37 and step=130
2026-04-20 15:10:42,734 - FedServerManager - INFO - 21672 - get all model params ---- from rank fed_server
2026-04-20 15:10:54,402 - SplitNNClient - INFO - 23588 - phase=validation acc=0.8335 loss=38.31278744339943 epoch=37 and step=79
2026-04-20 15:10:54,507 - SplitNNClient - INFO - 17400 - phase=validation acc=0.8335 loss=38.31278744339943 epoch=37 and step=79
2026-04-20 15:10:54,639 - SplitNNClient - INFO - 22124 - phase=validation acc=0.8335 loss=38.31278744339943 epoch=37 and step=79
2026-04-20 15:10:56,854 - SplitNNClient - INFO - 22124 - phase=train acc=0.775 loss=6.285250872373581 epoch=38 and step=10
2026-04-20 15:10:56,981 - SplitNNClient - INFO - 23588 - phase=train acc=0.775 loss=6.533903360366821 epoch=38 and step=10
2026-04-20 15:10:57,024 - SplitNNClient - INFO - 17400 - phase=train acc=0.771875 loss=6.3704003393650055 epoch=38 and step=10
2026-04-20 15:10:59,147 - SplitNNClient - INFO - 22124 - phase=train acc=0.77734375 loss=13.063295662403107 epoch=38 and step=20
2026-04-20 15:10:59,243 - SplitNNClient - INFO - 23588 - phase=train acc=0.771875 loss=13.215609848499298 epoch=38 and step=20
2026-04-20 15:10:59,312 - SplitNNClient - INFO - 17400 - phase=train acc=0.78046875 loss=12.454116553068161 epoch=38 and step=20
2026-04-20 15:11:01,473 - SplitNNClient - INFO - 22124 - phase=train acc=0.7684895833333333 loss=19.833706855773926 epoch=38 and step=30
2026-04-20 15:11:01,510 - SplitNNClient - INFO - 23588 - phase=train acc=0.7671875 loss=19.954290688037872 epoch=38 and step=30
2026-04-20 15:11:01,581 - SplitNNClient - INFO - 17400 - phase=train acc=0.7776041666666667 loss=18.783403307199478 epoch=38 and step=30
2026-04-20 15:11:03,738 - SplitNNClient - INFO - 22124 - phase=train acc=0.7724609375 loss=26.351919770240784 epoch=38 and step=40
2026-04-20 15:11:03,777 - SplitNNClient - INFO - 23588 - phase=train acc=0.765625 loss=26.632708370685577 epoch=38 and step=40
2026-04-20 15:11:03,816 - SplitNNClient - INFO - 17400 - phase=train acc=0.7763671875 loss=25.20792117714882 epoch=38 and step=40
2026-04-20 15:11:05,943 - SplitNNClient - INFO - 22124 - phase=train acc=0.76921875 loss=33.05199944972992 epoch=38 and step=50
2026-04-20 15:11:06,010 - SplitNNClient - INFO - 23588 - phase=train acc=0.7659375 loss=33.11551421880722 epoch=38 and step=50
2026-04-20 15:11:06,108 - SplitNNClient - INFO - 17400 - phase=train acc=0.77390625 loss=31.989973098039627 epoch=38 and step=50
2026-04-20 15:11:08,206 - SplitNNClient - INFO - 22124 - phase=train acc=0.7673177083333333 loss=40.18851000070572 epoch=38 and step=60
2026-04-20 15:11:08,278 - SplitNNClient - INFO - 23588 - phase=train acc=0.76796875 loss=39.7687503695488 epoch=38 and step=60
2026-04-20 15:11:08,376 - SplitNNClient - INFO - 17400 - phase=train acc=0.7716145833333333 loss=38.90796282887459 epoch=38 and step=60
2026-04-20 15:11:10,508 - SplitNNClient - INFO - 22124 - phase=train acc=0.7657366071428572 loss=46.974325299263 epoch=38 and step=70
2026-04-20 15:11:10,632 - SplitNNClient - INFO - 23588 - phase=train acc=0.7675223214285715 loss=46.364890456199646 epoch=38 and step=70
2026-04-20 15:11:10,705 - SplitNNClient - INFO - 17400 - phase=train acc=0.7724330357142857 loss=45.445472091436386 epoch=38 and step=70
2026-04-20 15:11:12,829 - SplitNNClient - INFO - 22124 - phase=train acc=0.76396484375 loss=53.69192051887512 epoch=38 and step=80
2026-04-20 15:11:12,926 - SplitNNClient - INFO - 23588 - phase=train acc=0.76767578125 loss=53.685583651065826 epoch=38 and step=80
2026-04-20 15:11:12,991 - SplitNNClient - INFO - 17400 - phase=train acc=0.7705078125 loss=52.219165951013565 epoch=38 and step=80
2026-04-20 15:11:15,070 - SplitNNClient - INFO - 22124 - phase=train acc=0.76328125 loss=60.83899313211441 epoch=38 and step=90
2026-04-20 15:11:15,173 - SplitNNClient - INFO - 23588 - phase=train acc=0.7649305555555556 loss=60.953971445560455 epoch=38 and step=90
2026-04-20 15:11:15,243 - SplitNNClient - INFO - 17400 - phase=train acc=0.76953125 loss=59.16702225804329 epoch=38 and step=90
2026-04-20 15:11:17,361 - SplitNNClient - INFO - 22124 - phase=train acc=0.761953125 loss=67.96083098649979 epoch=38 and step=100
2026-04-20 15:11:17,428 - SplitNNClient - INFO - 23588 - phase=train acc=0.761953125 loss=68.44785791635513 epoch=38 and step=100
2026-04-20 15:11:17,525 - SplitNNClient - INFO - 17400 - phase=train acc=0.7696875 loss=65.85635635256767 epoch=38 and step=100
2026-04-20 15:11:19,624 - SplitNNClient - INFO - 22124 - phase=train acc=0.7623579545454545 loss=74.61339730024338 epoch=38 and step=110
2026-04-20 15:11:19,696 - SplitNNClient - INFO - 23588 - phase=train acc=0.7623579545454545 loss=75.27066606283188 epoch=38 and step=110
2026-04-20 15:11:19,797 - SplitNNClient - INFO - 17400 - phase=train acc=0.7696022727272728 loss=72.61482480168343 epoch=38 and step=110
2026-04-20 15:11:21,868 - SplitNNClient - INFO - 22124 - phase=train acc=0.7618489583333333 loss=81.3930007815361 epoch=38 and step=120
2026-04-20 15:11:22,069 - SplitNNClient - INFO - 23588 - phase=train acc=0.7617838541666667 loss=82.489452958107 epoch=38 and step=120
2026-04-20 15:11:22,112 - SplitNNClient - INFO - 17400 - phase=train acc=0.7680989583333333 loss=79.69756898283958 epoch=38 and step=120
2026-04-20 15:11:24,212 - SplitNNClient - INFO - 22124 - phase=train acc=0.7602163461538461 loss=88.73250049352646 epoch=38 and step=130
2026-04-20 15:11:24,369 - SplitNNClient - INFO - 23588 - phase=train acc=0.7629807692307692 loss=88.81747430562973 epoch=38 and step=130
2026-04-20 15:11:24,409 - SplitNNClient - INFO - 17400 - phase=train acc=0.7686899038461539 loss=86.3497084081173 epoch=38 and step=130
2026-04-20 15:11:24,457 - FedServerManager - INFO - 21672 - get all model params ---- from rank fed_server
2026-04-20 15:11:35,786 - SplitNNClient - INFO - 17400 - phase=validation acc=0.831 loss=39.28534156084061 epoch=38 and step=79
2026-04-20 15:11:35,831 - SplitNNClient - INFO - 23588 - phase=validation acc=0.831 loss=39.28534156084061 epoch=38 and step=79
2026-04-20 15:11:35,872 - SplitNNClient - INFO - 22124 - phase=validation acc=0.831 loss=39.28534156084061 epoch=38 and step=79
2026-04-20 15:11:38,038 - SplitNNClient - INFO - 22124 - phase=train acc=0.7796875 loss=6.021176725625992 epoch=39 and step=10
2026-04-20 15:11:38,141 - SplitNNClient - INFO - 17400 - phase=train acc=0.7921875 loss=5.924648970365524 epoch=39 and step=10
2026-04-20 15:11:38,185 - SplitNNClient - INFO - 23588 - phase=train acc=0.7921875 loss=5.9331172704696655 epoch=39 and step=10
2026-04-20 15:11:40,288 - SplitNNClient - INFO - 22124 - phase=train acc=0.766015625 loss=13.183846205472946 epoch=39 and step=20
2026-04-20 15:11:40,388 - SplitNNClient - INFO - 17400 - phase=train acc=0.797265625 loss=11.67197898030281 epoch=39 and step=20
2026-04-20 15:11:40,430 - SplitNNClient - INFO - 23588 - phase=train acc=0.787890625 loss=12.335496187210083 epoch=39 and step=20
2026-04-20 15:11:42,528 - SplitNNClient - INFO - 22124 - phase=train acc=0.7549479166666667 loss=20.75172582268715 epoch=39 and step=30
2026-04-20 15:11:42,629 - SplitNNClient - INFO - 17400 - phase=train acc=0.78984375 loss=17.987925440073013 epoch=39 and step=30
2026-04-20 15:11:42,691 - SplitNNClient - INFO - 23588 - phase=train acc=0.78359375 loss=18.89579600095749 epoch=39 and step=30
2026-04-20 15:11:44,787 - SplitNNClient - INFO - 22124 - phase=train acc=0.7537109375 loss=28.161638349294662 epoch=39 and step=40
2026-04-20 15:11:44,856 - SplitNNClient - INFO - 17400 - phase=train acc=0.7796875 loss=24.76543989777565 epoch=39 and step=40
2026-04-20 15:11:44,959 - SplitNNClient - INFO - 23588 - phase=train acc=0.7822265625 loss=25.363948822021484 epoch=39 and step=40
2026-04-20 15:11:47,045 - SplitNNClient - INFO - 22124 - phase=train acc=0.75796875 loss=35.042767375707626 epoch=39 and step=50
2026-04-20 15:11:47,080 - SplitNNClient - INFO - 17400 - phase=train acc=0.7784375 loss=31.147652119398117 epoch=39 and step=50
2026-04-20 15:11:47,153 - SplitNNClient - INFO - 23588 - phase=train acc=0.77796875 loss=32.213388085365295 epoch=39 and step=50
2026-04-20 15:11:49,284 - SplitNNClient - INFO - 22124 - phase=train acc=0.7611979166666667 loss=41.894802540540695 epoch=39 and step=60
2026-04-20 15:11:49,353 - SplitNNClient - INFO - 23588 - phase=train acc=0.7743489583333333 loss=39.81561291217804 epoch=39 and step=60
2026-04-20 15:11:49,416 - SplitNNClient - INFO - 17400 - phase=train acc=0.777734375 loss=37.662120431661606 epoch=39 and step=60
2026-04-20 15:11:51,488 - SplitNNClient - INFO - 22124 - phase=train acc=0.7610491071428571 loss=48.96842235326767 epoch=39 and step=70
2026-04-20 15:11:51,589 - SplitNNClient - INFO - 23588 - phase=train acc=0.7686383928571429 loss=48.04817599058151 epoch=39 and step=70
2026-04-20 15:11:51,632 - SplitNNClient - INFO - 17400 - phase=train acc=0.7737723214285714 loss=45.24973198771477 epoch=39 and step=70
2026-04-20 15:11:53,729 - SplitNNClient - INFO - 22124 - phase=train acc=0.76142578125 loss=55.784868240356445 epoch=39 and step=80
2026-04-20 15:11:53,772 - SplitNNClient - INFO - 23588 - phase=train acc=0.76220703125 loss=56.073232769966125 epoch=39 and step=80
2026-04-20 15:11:53,865 - SplitNNClient - INFO - 17400 - phase=train acc=0.76953125 loss=52.70536068081856 epoch=39 and step=80
2026-04-20 15:11:55,948 - SplitNNClient - INFO - 22124 - phase=train acc=0.7598958333333333 loss=63.07371121644974 epoch=39 and step=90
2026-04-20 15:11:56,044 - SplitNNClient - INFO - 23588 - phase=train acc=0.7592013888888889 loss=63.56979489326477 epoch=39 and step=90
2026-04-20 15:11:56,077 - SplitNNClient - INFO - 17400 - phase=train acc=0.7668402777777777 loss=60.61417493224144 epoch=39 and step=90
2026-04-20 15:11:58,226 - SplitNNClient - INFO - 22124 - phase=train acc=0.7565625 loss=70.66473186016083 epoch=39 and step=100
2026-04-20 15:11:58,271 - SplitNNClient - INFO - 23588 - phase=train acc=0.758828125 loss=70.63294315338135 epoch=39 and step=100
2026-04-20 15:11:58,396 - SplitNNClient - INFO - 17400 - phase=train acc=0.764296875 loss=68.58233115077019 epoch=39 and step=100
2026-04-20 15:12:00,448 - SplitNNClient - INFO - 22124 - phase=train acc=0.7591619318181818 loss=77.17371207475662 epoch=39 and step=110
2026-04-20 15:12:00,574 - SplitNNClient - INFO - 23588 - phase=train acc=0.7559659090909091 loss=78.45773088932037 epoch=39 and step=110
2026-04-20 15:12:00,643 - SplitNNClient - INFO - 17400 - phase=train acc=0.7644176136363636 loss=75.28719422221184 epoch=39 and step=110
2026-04-20 15:12:02,777 - SplitNNClient - INFO - 22124 - phase=train acc=0.7602213541666667 loss=83.58174347877502 epoch=39 and step=120
2026-04-20 15:12:02,848 - SplitNNClient - INFO - 23588 - phase=train acc=0.7559895833333333 loss=85.43984919786453 epoch=39 and step=120
2026-04-20 15:12:02,921 - SplitNNClient - INFO - 17400 - phase=train acc=0.76328125 loss=82.5214903652668 epoch=39 and step=120
2026-04-20 15:12:05,033 - SplitNNClient - INFO - 22124 - phase=train acc=0.7606370192307692 loss=90.12997722625732 epoch=39 and step=130
2026-04-20 15:12:05,099 - SplitNNClient - INFO - 23588 - phase=train acc=0.75625 loss=92.28512394428253 epoch=39 and step=130
2026-04-20 15:12:05,162 - SplitNNClient - INFO - 17400 - phase=train acc=0.7633413461538462 loss=89.29338756203651 epoch=39 and step=130
2026-04-20 15:12:05,230 - FedServerManager - INFO - 21672 - get all model params ---- from rank fed_server
2026-04-20 15:12:17,119 - SplitNNClient - INFO - 22124 - phase=validation acc=0.8266 loss=40.0071125626564 epoch=39 and step=79
2026-04-20 15:12:17,295 - SplitNNClient - INFO - 23588 - phase=validation acc=0.8266 loss=40.0071125626564 epoch=39 and step=79
2026-04-20 15:12:17,387 - SplitNNClient - INFO - 17400 - phase=validation acc=0.8266 loss=40.0071125626564 epoch=39 and step=79
2026-04-20 15:12:19,577 - SplitNNClient - INFO - 23588 - phase=train acc=0.79453125 loss=6.034493565559387 epoch=40 and step=10
2026-04-20 15:12:19,672 - SplitNNClient - INFO - 22124 - phase=train acc=0.775 loss=6.352108657360077 epoch=40 and step=10
2026-04-20 15:12:19,743 - SplitNNClient - INFO - 17400 - phase=train acc=0.7984375 loss=6.005219459533691 epoch=40 and step=10
2026-04-20 15:12:21,799 - SplitNNClient - INFO - 23588 - phase=train acc=0.78203125 loss=12.588690400123596 epoch=40 and step=20
2026-04-20 15:12:21,899 - SplitNNClient - INFO - 17400 - phase=train acc=0.7875 loss=12.428031533956528 epoch=40 and step=20
2026-04-20 15:12:21,934 - SplitNNClient - INFO - 22124 - phase=train acc=0.76640625 loss=13.288462042808533 epoch=40 and step=20
2026-04-20 15:12:24,119 - SplitNNClient - INFO - 17400 - phase=train acc=0.7875 loss=18.583530515432358 epoch=40 and step=30
2026-04-20 15:12:24,161 - SplitNNClient - INFO - 23588 - phase=train acc=0.7809895833333333 loss=18.95145708322525 epoch=40 and step=30
2026-04-20 15:12:24,205 - SplitNNClient - INFO - 22124 - phase=train acc=0.7627604166666667 loss=20.320457458496094 epoch=40 and step=30
2026-04-20 15:12:26,300 - SplitNNClient - INFO - 17400 - phase=train acc=0.783203125 loss=24.98436513543129 epoch=40 and step=40
2026-04-20 15:12:26,393 - SplitNNClient - INFO - 23588 - phase=train acc=0.77109375 loss=26.3420792222023 epoch=40 and step=40
2026-04-20 15:12:26,458 - SplitNNClient - INFO - 22124 - phase=train acc=0.7583984375 loss=27.446738243103027 epoch=40 and step=40
2026-04-20 15:12:28,566 - SplitNNClient - INFO - 17400 - phase=train acc=0.7775 loss=32.060458570718765 epoch=40 and step=50
2026-04-20 15:12:28,700 - SplitNNClient - INFO - 23588 - phase=train acc=0.77015625 loss=33.00906312465668 epoch=40 and step=50
2026-04-20 15:12:28,737 - SplitNNClient - INFO - 22124 - phase=train acc=0.7615625 loss=33.875255435705185 epoch=40 and step=50
2026-04-20 15:12:30,868 - SplitNNClient - INFO - 17400 - phase=train acc=0.7790364583333333 loss=38.51270231604576 epoch=40 and step=60
2026-04-20 15:12:30,992 - SplitNNClient - INFO - 23588 - phase=train acc=0.7677083333333333 loss=40.06650024652481 epoch=40 and step=60
2026-04-20 15:12:31,032 - SplitNNClient - INFO - 22124 - phase=train acc=0.7626302083333333 loss=40.39569237828255 epoch=40 and step=60
2026-04-20 15:12:33,148 - SplitNNClient - INFO - 17400 - phase=train acc=0.7774553571428572 loss=45.1663421690464 epoch=40 and step=70
2026-04-20 15:12:33,216 - SplitNNClient - INFO - 23588 - phase=train acc=0.7674107142857143 loss=46.96859794855118 epoch=40 and step=70
2026-04-20 15:12:33,280 - SplitNNClient - INFO - 22124 - phase=train acc=0.7619419642857143 loss=47.48714557290077 epoch=40 and step=70
2026-04-20 15:12:35,365 - SplitNNClient - INFO - 17400 - phase=train acc=0.7755859375 loss=51.94399669766426 epoch=40 and step=80
2026-04-20 15:12:35,495 - SplitNNClient - INFO - 23588 - phase=train acc=0.76630859375 loss=53.6639683842659 epoch=40 and step=80
2026-04-20 15:12:35,563 - SplitNNClient - INFO - 22124 - phase=train acc=0.76328125 loss=54.19603976607323 epoch=40 and step=80
2026-04-20 15:12:37,588 - SplitNNClient - INFO - 17400 - phase=train acc=0.7732638888888889 loss=58.65946111083031 epoch=40 and step=90
2026-04-20 15:12:37,746 - SplitNNClient - INFO - 23588 - phase=train acc=0.7650173611111111 loss=60.31663089990616 epoch=40 and step=90
2026-04-20 15:12:37,910 - SplitNNClient - INFO - 22124 - phase=train acc=0.7655381944444445 loss=60.44097316265106 epoch=40 and step=90
2026-04-20 15:12:39,882 - SplitNNClient - INFO - 17400 - phase=train acc=0.774375 loss=65.29364714026451 epoch=40 and step=100
2026-04-20 15:12:40,053 - SplitNNClient - INFO - 23588 - phase=train acc=0.764453125 loss=67.29760485887527 epoch=40 and step=100
2026-04-20 15:12:40,194 - SplitNNClient - INFO - 22124 - phase=train acc=0.764296875 loss=67.28395587205887 epoch=40 and step=100
2026-04-20 15:12:42,122 - SplitNNClient - INFO - 17400 - phase=train acc=0.7717329545454545 loss=72.52082511782646 epoch=40 and step=110
2026-04-20 15:12:42,258 - SplitNNClient - INFO - 23588 - phase=train acc=0.762997159090909 loss=75.04672092199326 epoch=40 and step=110
2026-04-20 15:12:42,399 - SplitNNClient - INFO - 22124 - phase=train acc=0.7654119318181818 loss=74.01074516773224 epoch=40 and step=110
2026-04-20 15:12:44,469 - SplitNNClient - INFO - 17400 - phase=train acc=0.7707682291666667 loss=79.79509970545769 epoch=40 and step=120
2026-04-20 15:12:44,575 - SplitNNClient - INFO - 23588 - phase=train acc=0.7592447916666667 loss=82.85106807947159 epoch=40 and step=120
2026-04-20 15:12:44,774 - SplitNNClient - INFO - 22124 - phase=train acc=0.7616536458333333 loss=82.17084795236588 epoch=40 and step=120
2026-04-20 15:12:46,690 - SplitNNClient - INFO - 17400 - phase=train acc=0.7697115384615385 loss=86.68050661683083 epoch=40 and step=130
2026-04-20 15:12:46,857 - SplitNNClient - INFO - 23588 - phase=train acc=0.7587139423076923 loss=90.20956414937973 epoch=40 and step=130
2026-04-20 15:12:46,951 - SplitNNClient - INFO - 22124 - phase=train acc=0.758954326923077 loss=89.9238600730896 epoch=40 and step=130
2026-04-20 15:12:47,002 - FedServerManager - INFO - 21672 - get all model params ---- from rank fed_server
2026-04-20 15:12:58,596 - SplitNNClient - INFO - 17400 - phase=validation acc=0.8233 loss=41.05559289455414 epoch=40 and step=79
2026-04-20 15:12:58,639 - SplitNNClient - INFO - 22124 - phase=validation acc=0.8233 loss=41.05559289455414 epoch=40 and step=79
2026-04-20 15:12:58,695 - SplitNNClient - INFO - 23588 - phase=validation acc=0.8233 loss=41.05559289455414 epoch=40 and step=79
2026-04-20 15:13:00,778 - SplitNNClient - INFO - 23588 - phase=train acc=0.78984375 loss=6.126318603754044 epoch=41 and step=10
2026-04-20 15:13:00,845 - SplitNNClient - INFO - 22124 - phase=train acc=0.76328125 loss=6.767313301563263 epoch=41 and step=10
2026-04-20 15:13:00,946 - SplitNNClient - INFO - 17400 - phase=train acc=0.79375 loss=6.003086984157562 epoch=41 and step=10
2026-04-20 15:13:02,971 - SplitNNClient - INFO - 23588 - phase=train acc=0.79140625 loss=12.200225263834 epoch=41 and step=20
2026-04-20 15:13:03,073 - SplitNNClient - INFO - 22124 - phase=train acc=0.76484375 loss=13.562915563583374 epoch=41 and step=20
2026-04-20 15:13:03,135 - SplitNNClient - INFO - 17400 - phase=train acc=0.788671875 loss=12.090500891208649 epoch=41 and step=20
2026-04-20 15:13:05,211 - SplitNNClient - INFO - 23588 - phase=train acc=0.7838541666666666 loss=18.92330202460289 epoch=41 and step=30
2026-04-20 15:13:05,278 - SplitNNClient - INFO - 22124 - phase=train acc=0.7572916666666667 loss=20.808162927627563 epoch=41 and step=30
2026-04-20 15:13:05,348 - SplitNNClient - INFO - 17400 - phase=train acc=0.78984375 loss=18.294546902179718 epoch=41 and step=30
2026-04-20 15:13:07,415 - SplitNNClient - INFO - 23588 - phase=train acc=0.7828125 loss=25.43984380364418 epoch=41 and step=40
2026-04-20 15:13:07,480 - SplitNNClient - INFO - 22124 - phase=train acc=0.7609375 loss=27.390324890613556 epoch=41 and step=40
2026-04-20 15:13:07,576 - SplitNNClient - INFO - 17400 - phase=train acc=0.7904296875 loss=24.292180597782135 epoch=41 and step=40
2026-04-20 15:13:09,649 - SplitNNClient - INFO - 23588 - phase=train acc=0.783125 loss=31.734947472810745 epoch=41 and step=50
2026-04-20 15:13:09,721 - SplitNNClient - INFO - 22124 - phase=train acc=0.75875 loss=34.63811379671097 epoch=41 and step=50
2026-04-20 15:13:09,793 - SplitNNClient - INFO - 17400 - phase=train acc=0.78703125 loss=30.799975991249084 epoch=41 and step=50
2026-04-20 15:13:11,873 - SplitNNClient - INFO - 23588 - phase=train acc=0.7783854166666667 loss=39.05757138133049 epoch=41 and step=60
2026-04-20 15:13:11,940 - SplitNNClient - INFO - 22124 - phase=train acc=0.75859375 loss=41.9013267159462 epoch=41 and step=60
2026-04-20 15:13:12,008 - SplitNNClient - INFO - 17400 - phase=train acc=0.7833333333333333 loss=37.54615008831024 epoch=41 and step=60
2026-04-20 15:13:14,082 - SplitNNClient - INFO - 23588 - phase=train acc=0.7724330357142857 loss=46.74564400315285 epoch=41 and step=70
2026-04-20 15:13:14,146 - SplitNNClient - INFO - 22124 - phase=train acc=0.7565848214285714 loss=49.140505492687225 epoch=41 and step=70
2026-04-20 15:13:14,252 - SplitNNClient - INFO - 17400 - phase=train acc=0.7814732142857143 loss=44.116186022758484 epoch=41 and step=70
2026-04-20 15:13:16,314 - SplitNNClient - INFO - 23588 - phase=train acc=0.7712890625 loss=53.95513251423836 epoch=41 and step=80
2026-04-20 15:13:16,414 - SplitNNClient - INFO - 22124 - phase=train acc=0.75771484375 loss=56.01818484067917 epoch=41 and step=80
2026-04-20 15:13:16,451 - SplitNNClient - INFO - 17400 - phase=train acc=0.78037109375 loss=50.36287623643875 epoch=41 and step=80
2026-04-20 15:13:18,518 - SplitNNClient - INFO - 23588 - phase=train acc=0.76875 loss=60.89533969759941 epoch=41 and step=90
2026-04-20 15:13:18,588 - SplitNNClient - INFO - 22124 - phase=train acc=0.7592013888888889 loss=62.59376418590546 epoch=41 and step=90
2026-04-20 15:13:18,684 - SplitNNClient - INFO - 17400 - phase=train acc=0.7750868055555555 loss=57.86816817522049 epoch=41 and step=90
2026-04-20 15:13:20,796 - SplitNNClient - INFO - 23588 - phase=train acc=0.76796875 loss=67.59471043944359 epoch=41 and step=100
2026-04-20 15:13:20,861 - SplitNNClient - INFO - 22124 - phase=train acc=0.76125 loss=69.14899641275406 epoch=41 and step=100
2026-04-20 15:13:20,901 - SplitNNClient - INFO - 17400 - phase=train acc=0.76953125 loss=65.823581635952 epoch=41 and step=100
2026-04-20 15:13:23,010 - SplitNNClient - INFO - 23588 - phase=train acc=0.7684659090909091 loss=74.2883520424366 epoch=41 and step=110
2026-04-20 15:13:23,200 - SplitNNClient - INFO - 22124 - phase=train acc=0.7620028409090909 loss=76.04214125871658 epoch=41 and step=110
2026-04-20 15:13:23,273 - SplitNNClient - INFO - 17400 - phase=train acc=0.7674005681818182 loss=73.07782316207886 epoch=41 and step=110
2026-04-20 15:13:25,256 - SplitNNClient - INFO - 23588 - phase=train acc=0.7697265625 loss=80.64859363436699 epoch=41 and step=120
2026-04-20 15:13:25,403 - SplitNNClient - INFO - 22124 - phase=train acc=0.7611328125 loss=83.00042426586151 epoch=41 and step=120
2026-04-20 15:13:25,509 - SplitNNClient - INFO - 17400 - phase=train acc=0.7656901041666667 loss=80.70648223161697 epoch=41 and step=120
2026-04-20 15:13:27,497 - SplitNNClient - INFO - 23588 - phase=train acc=0.7703725961538461 loss=87.00960782170296 epoch=41 and step=130
2026-04-20 15:13:27,604 - SplitNNClient - INFO - 22124 - phase=train acc=0.7611177884615384 loss=89.93473219871521 epoch=41 and step=130
2026-04-20 15:13:27,732 - SplitNNClient - INFO - 17400 - phase=train acc=0.7618990384615385 loss=88.77754360437393 epoch=41 and step=130
2026-04-20 15:13:27,795 - FedServerManager - INFO - 21672 - get all model params ---- from rank fed_server
2026-04-20 15:13:39,299 - SplitNNClient - INFO - 22124 - phase=validation acc=0.8341 loss=38.147623389959335 epoch=41 and step=79
2026-04-20 15:13:39,340 - SplitNNClient - INFO - 17400 - phase=validation acc=0.8341 loss=38.147623389959335 epoch=41 and step=79
2026-04-20 15:13:39,404 - SplitNNClient - INFO - 23588 - phase=validation acc=0.8341 loss=38.147623389959335 epoch=41 and step=79
2026-04-20 15:13:41,589 - SplitNNClient - INFO - 23588 - phase=train acc=0.79765625 loss=5.721749842166901 epoch=42 and step=10
2026-04-20 15:13:41,726 - SplitNNClient - INFO - 17400 - phase=train acc=0.79765625 loss=6.065332770347595 epoch=42 and step=10
2026-04-20 15:13:41,986 - SplitNNClient - INFO - 22124 - phase=train acc=0.821875 loss=5.413654804229736 epoch=42 and step=10
2026-04-20 15:13:43,945 - SplitNNClient - INFO - 23588 - phase=train acc=0.780859375 loss=12.562684506177902 epoch=42 and step=20
2026-04-20 15:13:43,986 - SplitNNClient - INFO - 17400 - phase=train acc=0.78359375 loss=12.617013037204742 epoch=42 and step=20
2026-04-20 15:13:44,369 - SplitNNClient - INFO - 22124 - phase=train acc=0.794921875 loss=11.994828402996063 epoch=42 and step=20
2026-04-20 15:13:46,347 - SplitNNClient - INFO - 23588 - phase=train acc=0.78203125 loss=19.000658482313156 epoch=42 and step=30
2026-04-20 15:13:46,386 - SplitNNClient - INFO - 17400 - phase=train acc=0.7825520833333334 loss=18.79118573665619 epoch=42 and step=30
2026-04-20 15:13:46,790 - SplitNNClient - INFO - 22124 - phase=train acc=0.7911458333333333 loss=18.756616234779358 epoch=42 and step=30
2026-04-20 15:13:48,653 - SplitNNClient - INFO - 23588 - phase=train acc=0.772265625 loss=26.34753707051277 epoch=42 and step=40
2026-04-20 15:13:48,817 - SplitNNClient - INFO - 17400 - phase=train acc=0.7861328125 loss=24.83100289106369 epoch=42 and step=40
2026-04-20 15:13:49,228 - SplitNNClient - INFO - 22124 - phase=train acc=0.7828125 loss=25.674074053764343 epoch=42 and step=40
2026-04-20 15:13:50,935 - SplitNNClient - INFO - 23588 - phase=train acc=0.76921875 loss=33.25371274352074 epoch=42 and step=50
2026-04-20 15:13:51,079 - SplitNNClient - INFO - 17400 - phase=train acc=0.78546875 loss=31.037210077047348 epoch=42 and step=50
2026-04-20 15:13:51,851 - SplitNNClient - INFO - 22124 - phase=train acc=0.7825 loss=32.0117421746254 epoch=42 and step=50
2026-04-20 15:13:53,271 - SplitNNClient - INFO - 23588 - phase=train acc=0.7645833333333333 loss=40.432657808065414 epoch=42 and step=60
2026-04-20 15:13:53,379 - SplitNNClient - INFO - 17400 - phase=train acc=0.783984375 loss=37.51079472899437 epoch=42 and step=60
2026-04-20 15:13:54,266 - SplitNNClient - INFO - 22124 - phase=train acc=0.7795572916666667 loss=38.47799837589264 epoch=42 and step=60
2026-04-20 15:13:55,598 - SplitNNClient - INFO - 23588 - phase=train acc=0.7669642857142858 loss=46.726879984140396 epoch=42 and step=70
2026-04-20 15:13:55,668 - SplitNNClient - INFO - 17400 - phase=train acc=0.7799107142857142 loss=44.47048392891884 epoch=42 and step=70
2026-04-20 15:13:56,722 - SplitNNClient - INFO - 22124 - phase=train acc=0.7799107142857142 loss=44.605805814266205 epoch=42 and step=70
2026-04-20 15:13:57,984 - SplitNNClient - INFO - 23588 - phase=train acc=0.765234375 loss=53.62496981024742 epoch=42 and step=80
2026-04-20 15:13:58,025 - SplitNNClient - INFO - 17400 - phase=train acc=0.775 loss=51.58677163720131 epoch=42 and step=80
2026-04-20 15:13:59,177 - SplitNNClient - INFO - 22124 - phase=train acc=0.776953125 loss=51.28905409574509 epoch=42 and step=80
2026-04-20 15:14:00,425 - SplitNNClient - INFO - 17400 - phase=train acc=0.7723958333333333 loss=58.72688642144203 epoch=42 and step=90
2026-04-20 15:14:00,464 - SplitNNClient - INFO - 23588 - phase=train acc=0.7631944444444444 loss=61.48194780945778 epoch=42 and step=90
2026-04-20 15:14:01,532 - SplitNNClient - INFO - 22124 - phase=train acc=0.7756076388888888 loss=58.06797784566879 epoch=42 and step=90
2026-04-20 15:14:02,723 - SplitNNClient - INFO - 17400 - phase=train acc=0.770703125 loss=65.67088922858238 epoch=42 and step=100
2026-04-20 15:14:02,858 - SplitNNClient - INFO - 23588 - phase=train acc=0.7596875 loss=69.1005274951458 epoch=42 and step=100
2026-04-20 15:14:04,146 - SplitNNClient - INFO - 22124 - phase=train acc=0.7740625 loss=65.14611232280731 epoch=42 and step=100
2026-04-20 15:14:05,186 - SplitNNClient - INFO - 17400 - phase=train acc=0.7692471590909091 loss=72.6393629014492 epoch=42 and step=110
2026-04-20 15:14:05,254 - SplitNNClient - INFO - 23588 - phase=train acc=0.7600852272727273 loss=76.07428601384163 epoch=42 and step=110
2026-04-20 15:14:06,521 - SplitNNClient - INFO - 22124 - phase=train acc=0.7727272727272727 loss=72.05849325656891 epoch=42 and step=110
2026-04-20 15:14:07,397 - SplitNNClient - INFO - 17400 - phase=train acc=0.7692057291666666 loss=79.28580805659294 epoch=42 and step=120
2026-04-20 15:14:07,586 - SplitNNClient - INFO - 23588 - phase=train acc=0.7602213541666667 loss=83.15576305985451 epoch=42 and step=120
2026-04-20 15:14:08,913 - SplitNNClient - INFO - 22124 - phase=train acc=0.7705078125 loss=79.20577263832092 epoch=42 and step=120
2026-04-20 15:14:09,792 - SplitNNClient - INFO - 17400 - phase=train acc=0.7712740384615384 loss=85.39034333825111 epoch=42 and step=130
2026-04-20 15:14:09,963 - SplitNNClient - INFO - 23588 - phase=train acc=0.7600961538461538 loss=90.15472814440727 epoch=42 and step=130
2026-04-20 15:14:10,892 - SplitNNClient - INFO - 22124 - phase=train acc=0.7704326923076923 loss=85.84050041437149 epoch=42 and step=130
2026-04-20 15:14:10,939 - FedServerManager - INFO - 21672 - get all model params ---- from rank fed_server
2026-04-20 15:14:22,528 - SplitNNClient - INFO - 23588 - phase=validation acc=0.8434 loss=36.77010306715965 epoch=42 and step=79
2026-04-20 15:14:22,634 - SplitNNClient - INFO - 17400 - phase=validation acc=0.8434 loss=36.77010306715965 epoch=42 and step=79
2026-04-20 15:14:22,784 - SplitNNClient - INFO - 22124 - phase=validation acc=0.8434 loss=36.77010306715965 epoch=42 and step=79
2026-04-20 15:14:24,975 - SplitNNClient - INFO - 23588 - phase=train acc=0.8109375 loss=5.3105877339839935 epoch=43 and step=10
2026-04-20 15:14:25,047 - SplitNNClient - INFO - 17400 - phase=train acc=0.78828125 loss=6.003965437412262 epoch=43 and step=10
2026-04-20 15:14:25,092 - SplitNNClient - INFO - 22124 - phase=train acc=0.78359375 loss=5.940964907407761 epoch=43 and step=10
2026-04-20 15:14:27,196 - SplitNNClient - INFO - 23588 - phase=train acc=0.803515625 loss=11.221056014299393 epoch=43 and step=20
2026-04-20 15:14:27,294 - SplitNNClient - INFO - 17400 - phase=train acc=0.793359375 loss=11.935177713632584 epoch=43 and step=20
2026-04-20 15:14:27,361 - SplitNNClient - INFO - 22124 - phase=train acc=0.78125 loss=12.417123585939407 epoch=43 and step=20
2026-04-20 15:14:29,504 - SplitNNClient - INFO - 23588 - phase=train acc=0.7934895833333333 loss=17.422119826078415 epoch=43 and step=30
2026-04-20 15:14:29,566 - SplitNNClient - INFO - 17400 - phase=train acc=0.78984375 loss=18.153222173452377 epoch=43 and step=30
2026-04-20 15:14:29,633 - SplitNNClient - INFO - 22124 - phase=train acc=0.7846354166666667 loss=18.44435402750969 epoch=43 and step=30
2026-04-20 15:14:31,785 - SplitNNClient - INFO - 23588 - phase=train acc=0.7833984375 loss=24.37089768052101 epoch=43 and step=40
2026-04-20 15:14:31,853 - SplitNNClient - INFO - 17400 - phase=train acc=0.7853515625 loss=24.56466218829155 epoch=43 and step=40
2026-04-20 15:14:31,893 - SplitNNClient - INFO - 22124 - phase=train acc=0.780078125 loss=25.30455967783928 epoch=43 and step=40
2026-04-20 15:14:33,988 - SplitNNClient - INFO - 23588 - phase=train acc=0.78015625 loss=30.933643609285355 epoch=43 and step=50
2026-04-20 15:14:34,083 - SplitNNClient - INFO - 17400 - phase=train acc=0.785625 loss=30.728785902261734 epoch=43 and step=50
2026-04-20 15:14:34,284 - SplitNNClient - INFO - 22124 - phase=train acc=0.77796875 loss=32.064089089632034 epoch=43 and step=50
2026-04-20 15:14:36,230 - SplitNNClient - INFO - 23588 - phase=train acc=0.7803385416666667 loss=37.31862059235573 epoch=43 and step=60
2026-04-20 15:14:36,394 - SplitNNClient - INFO - 17400 - phase=train acc=0.7858072916666666 loss=36.93458363413811 epoch=43 and step=60
2026-04-20 15:14:36,529 - SplitNNClient - INFO - 22124 - phase=train acc=0.7782552083333333 loss=38.47540149092674 epoch=43 and step=60
2026-04-20 15:14:38,445 - SplitNNClient - INFO - 23588 - phase=train acc=0.7799107142857142 loss=43.472411543130875 epoch=43 and step=70
2026-04-20 15:14:38,608 - SplitNNClient - INFO - 17400 - phase=train acc=0.7871651785714285 loss=42.681865245103836 epoch=43 and step=70
2026-04-20 15:14:38,768 - SplitNNClient - INFO - 22124 - phase=train acc=0.7777901785714286 loss=44.71765059232712 epoch=43 and step=70
2026-04-20 15:14:40,691 - SplitNNClient - INFO - 23588 - phase=train acc=0.77890625 loss=50.01347127556801 epoch=43 and step=80
2026-04-20 15:14:40,826 - SplitNNClient - INFO - 17400 - phase=train acc=0.7865234375 loss=48.90281143784523 epoch=43 and step=80
2026-04-20 15:14:40,993 - SplitNNClient - INFO - 22124 - phase=train acc=0.77470703125 loss=51.34586691856384 epoch=43 and step=80
2026-04-20 15:14:42,934 - SplitNNClient - INFO - 23588 - phase=train acc=0.7789930555555555 loss=56.31232017278671 epoch=43 and step=90
2026-04-20 15:14:43,049 - SplitNNClient - INFO - 17400 - phase=train acc=0.7858506944444444 loss=55.28935584425926 epoch=43 and step=90
2026-04-20 15:14:43,248 - SplitNNClient - INFO - 22124 - phase=train acc=0.7755208333333333 loss=57.61158627271652 epoch=43 and step=90
2026-04-20 15:14:45,236 - SplitNNClient - INFO - 23588 - phase=train acc=0.7778125 loss=63.21838265657425 epoch=43 and step=100
2026-04-20 15:14:45,401 - SplitNNClient - INFO - 17400 - phase=train acc=0.7846875 loss=61.7145240008831 epoch=43 and step=100
2026-04-20 15:14:45,536 - SplitNNClient - INFO - 22124 - phase=train acc=0.775546875 loss=63.991642236709595 epoch=43 and step=100
2026-04-20 15:14:47,478 - SplitNNClient - INFO - 23588 - phase=train acc=0.7777698863636363 loss=69.50079464912415 epoch=43 and step=110
2026-04-20 15:14:47,645 - SplitNNClient - INFO - 17400 - phase=train acc=0.7842329545454545 loss=68.05882373452187 epoch=43 and step=110
2026-04-20 15:14:47,756 - SplitNNClient - INFO - 22124 - phase=train acc=0.77578125 loss=70.1081970334053 epoch=43 and step=110
2026-04-20 15:14:49,676 - SplitNNClient - INFO - 23588 - phase=train acc=0.7766276041666667 loss=76.16417586803436 epoch=43 and step=120
2026-04-20 15:14:49,953 - SplitNNClient - INFO - 17400 - phase=train acc=0.7817057291666667 loss=74.77970412373543 epoch=43 and step=120
2026-04-20 15:14:50,016 - SplitNNClient - INFO - 22124 - phase=train acc=0.7757161458333334 loss=76.73004400730133 epoch=43 and step=120
2026-04-20 15:14:51,831 - SplitNNClient - INFO - 23588 - phase=train acc=0.7770432692307693 loss=82.38743525743484 epoch=43 and step=130
2026-04-20 15:14:52,149 - SplitNNClient - INFO - 17400 - phase=train acc=0.7813100961538462 loss=81.22181007266045 epoch=43 and step=130
2026-04-20 15:14:52,191 - SplitNNClient - INFO - 22124 - phase=train acc=0.7760817307692308 loss=83.08713847398758 epoch=43 and step=130
2026-04-20 15:14:52,249 - FedServerManager - INFO - 21672 - get all model params ---- from rank fed_server
2026-04-20 15:15:03,954 - SplitNNClient - INFO - 22124 - phase=validation acc=0.846 loss=36.66849014163017 epoch=43 and step=79
2026-04-20 15:15:04,169 - SplitNNClient - INFO - 23588 - phase=validation acc=0.846 loss=36.66849014163017 epoch=43 and step=79
2026-04-20 15:15:04,265 - SplitNNClient - INFO - 17400 - phase=validation acc=0.846 loss=36.66849014163017 epoch=43 and step=79
2026-04-20 15:15:06,425 - SplitNNClient - INFO - 22124 - phase=train acc=0.78671875 loss=6.013986170291901 epoch=44 and step=10
2026-04-20 15:15:06,538 - SplitNNClient - INFO - 17400 - phase=train acc=0.79296875 loss=5.483339726924896 epoch=44 and step=10
2026-04-20 15:15:06,732 - SplitNNClient - INFO - 23588 - phase=train acc=0.79453125 loss=5.836791574954987 epoch=44 and step=10
2026-04-20 15:15:08,743 - SplitNNClient - INFO - 22124 - phase=train acc=0.790625 loss=11.843933165073395 epoch=44 and step=20
2026-04-20 15:15:08,936 - SplitNNClient - INFO - 17400 - phase=train acc=0.79296875 loss=11.45422700047493 epoch=44 and step=20
2026-04-20 15:15:09,098 - SplitNNClient - INFO - 23588 - phase=train acc=0.79453125 loss=11.85166710615158 epoch=44 and step=20
2026-04-20 15:15:11,112 - SplitNNClient - INFO - 22124 - phase=train acc=0.7895833333333333 loss=17.9272598028183 epoch=44 and step=30
2026-04-20 15:15:11,281 - SplitNNClient - INFO - 17400 - phase=train acc=0.7919270833333333 loss=17.403564125299454 epoch=44 and step=30
2026-04-20 15:15:11,447 - SplitNNClient - INFO - 23588 - phase=train acc=0.7864583333333334 loss=18.28310826420784 epoch=44 and step=30
2026-04-20 15:15:13,438 - SplitNNClient - INFO - 22124 - phase=train acc=0.78828125 loss=24.058126211166382 epoch=44 and step=40
2026-04-20 15:15:13,636 - SplitNNClient - INFO - 17400 - phase=train acc=0.7916015625 loss=23.856578797101974 epoch=44 and step=40
2026-04-20 15:15:13,836 - SplitNNClient - INFO - 23588 - phase=train acc=0.78515625 loss=24.412604331970215 epoch=44 and step=40
2026-04-20 15:15:15,844 - SplitNNClient - INFO - 22124 - phase=train acc=0.7846875 loss=30.88500267267227 epoch=44 and step=50
2026-04-20 15:15:16,008 - SplitNNClient - INFO - 17400 - phase=train acc=0.79265625 loss=29.959412276744843 epoch=44 and step=50
2026-04-20 15:15:16,176 - SplitNNClient - INFO - 23588 - phase=train acc=0.78921875 loss=30.555254101753235 epoch=44 and step=50
2026-04-20 15:15:18,172 - SplitNNClient - INFO - 22124 - phase=train acc=0.7798177083333333 loss=37.77210187911987 epoch=44 and step=60
2026-04-20 15:15:18,333 - SplitNNClient - INFO - 17400 - phase=train acc=0.792578125 loss=36.03764081001282 epoch=44 and step=60
2026-04-20 15:15:18,503 - SplitNNClient - INFO - 23588 - phase=train acc=0.7845052083333334 loss=37.29285627603531 epoch=44 and step=60
2026-04-20 15:15:20,501 - SplitNNClient - INFO - 22124 - phase=train acc=0.7745535714285714 loss=45.06660509109497 epoch=44 and step=70
2026-04-20 15:15:20,637 - SplitNNClient - INFO - 17400 - phase=train acc=0.7891741071428572 loss=42.559745252132416 epoch=44 and step=70
2026-04-20 15:15:20,806 - SplitNNClient - INFO - 23588 - phase=train acc=0.7800223214285714 loss=44.412725269794464 epoch=44 and step=70
2026-04-20 15:15:22,857 - SplitNNClient - INFO - 22124 - phase=train acc=0.7755859375 loss=51.66983479261398 epoch=44 and step=80
2026-04-20 15:15:22,964 - SplitNNClient - INFO - 17400 - phase=train acc=0.78935546875 loss=48.52577531337738 epoch=44 and step=80
2026-04-20 15:15:23,168 - SplitNNClient - INFO - 23588 - phase=train acc=0.7787109375 loss=51.219754457473755 epoch=44 and step=80
2026-04-20 15:15:25,157 - SplitNNClient - INFO - 22124 - phase=train acc=0.7743055555555556 loss=58.86833310127258 epoch=44 and step=90
2026-04-20 15:15:25,294 - SplitNNClient - INFO - 17400 - phase=train acc=0.7879340277777778 loss=54.797648429870605 epoch=44 and step=90
2026-04-20 15:15:25,458 - SplitNNClient - INFO - 23588 - phase=train acc=0.7777777777777778 loss=57.854197323322296 epoch=44 and step=90
2026-04-20 15:15:27,494 - SplitNNClient - INFO - 22124 - phase=train acc=0.771875 loss=65.89301258325577 epoch=44 and step=100
2026-04-20 15:15:27,655 - SplitNNClient - INFO - 17400 - phase=train acc=0.784140625 loss=62.047160893678665 epoch=44 and step=100
2026-04-20 15:15:27,820 - SplitNNClient - INFO - 23588 - phase=train acc=0.778984375 loss=64.13724768161774 epoch=44 and step=100
2026-04-20 15:15:29,829 - SplitNNClient - INFO - 22124 - phase=train acc=0.7713778409090909 loss=72.65062457323074 epoch=44 and step=110
2026-04-20 15:15:29,897 - SplitNNClient - INFO - 17400 - phase=train acc=0.7698153409090909 loss=73.42551305890083 epoch=44 and step=110
2026-04-20 15:15:30,025 - SplitNNClient - INFO - 23588 - phase=train acc=0.7784090909090909 loss=70.68555951118469 epoch=44 and step=110
2026-04-20 15:15:32,080 - SplitNNClient - INFO - 22124 - phase=train acc=0.7720703125 loss=79.07895678281784 epoch=44 and step=120
2026-04-20 15:15:32,150 - SplitNNClient - INFO - 17400 - phase=train acc=0.7604817708333333 loss=83.31210896372795 epoch=44 and step=120
2026-04-20 15:15:32,252 - SplitNNClient - INFO - 23588 - phase=train acc=0.7786458333333334 loss=77.014513194561 epoch=44 and step=120
2026-04-20 15:15:34,333 - SplitNNClient - INFO - 22124 - phase=train acc=0.7725360576923077 loss=85.26674157381058 epoch=44 and step=130
2026-04-20 15:15:34,397 - SplitNNClient - INFO - 17400 - phase=train acc=0.7534254807692308 loss=93.33195224404335 epoch=44 and step=130
2026-04-20 15:15:34,464 - SplitNNClient - INFO - 23588 - phase=train acc=0.7804086538461539 loss=82.71740388870239 epoch=44 and step=130
2026-04-20 15:15:34,512 - FedServerManager - INFO - 21672 - get all model params ---- from rank fed_server
2026-04-20 15:15:45,877 - SplitNNClient - INFO - 23588 - phase=validation acc=0.8196 loss=42.79520374536514 epoch=44 and step=79
2026-04-20 15:15:45,919 - SplitNNClient - INFO - 22124 - phase=validation acc=0.8196 loss=42.79520374536514 epoch=44 and step=79
2026-04-20 15:15:45,965 - SplitNNClient - INFO - 17400 - phase=validation acc=0.8196 loss=42.79520374536514 epoch=44 and step=79
2026-04-20 15:15:48,174 - SplitNNClient - INFO - 23588 - phase=train acc=0.7765625 loss=6.566191077232361 epoch=45 and step=10
2026-04-20 15:15:48,246 - SplitNNClient - INFO - 17400 - phase=train acc=0.79921875 loss=6.066660284996033 epoch=45 and step=10
2026-04-20 15:15:48,376 - SplitNNClient - INFO - 22124 - phase=train acc=0.78125 loss=6.3029946982860565 epoch=45 and step=10
2026-04-20 15:15:50,470 - SplitNNClient - INFO - 23588 - phase=train acc=0.749609375 loss=14.446754455566406 epoch=45 and step=20
2026-04-20 15:15:50,571 - SplitNNClient - INFO - 17400 - phase=train acc=0.7953125 loss=12.409524261951447 epoch=45 and step=20
2026-04-20 15:15:50,643 - SplitNNClient - INFO - 22124 - phase=train acc=0.789453125 loss=12.035858422517776 epoch=45 and step=20
2026-04-20 15:15:52,731 - SplitNNClient - INFO - 23588 - phase=train acc=0.7520833333333333 loss=21.399785339832306 epoch=45 and step=30
2026-04-20 15:15:52,900 - SplitNNClient - INFO - 17400 - phase=train acc=0.7888020833333333 loss=19.141503155231476 epoch=45 and step=30
2026-04-20 15:15:53,070 - SplitNNClient - INFO - 22124 - phase=train acc=0.7825520833333334 loss=18.721413284540176 epoch=45 and step=30
2026-04-20 15:15:55,004 - SplitNNClient - INFO - 23588 - phase=train acc=0.757421875 loss=28.187085926532745 epoch=45 and step=40
2026-04-20 15:15:55,307 - SplitNNClient - INFO - 17400 - phase=train acc=0.7708984375 loss=27.85213828086853 epoch=45 and step=40
2026-04-20 15:15:55,346 - SplitNNClient - INFO - 22124 - phase=train acc=0.779296875 loss=25.097664028406143 epoch=45 and step=40
2026-04-20 15:15:57,284 - SplitNNClient - INFO - 23588 - phase=train acc=0.75671875 loss=34.94116932153702 epoch=45 and step=50
2026-04-20 15:15:57,617 - SplitNNClient - INFO - 17400 - phase=train acc=0.7615625 loss=36.029829025268555 epoch=45 and step=50
2026-04-20 15:15:57,683 - SplitNNClient - INFO - 22124 - phase=train acc=0.76484375 loss=33.89335349202156 epoch=45 and step=50
2026-04-20 15:15:59,592 - SplitNNClient - INFO - 23588 - phase=train acc=0.7623697916666666 loss=40.99191778898239 epoch=45 and step=60
2026-04-20 15:15:59,896 - SplitNNClient - INFO - 17400 - phase=train acc=0.7549479166666667 loss=43.69384574890137 epoch=45 and step=60
2026-04-20 15:15:59,962 - SplitNNClient - INFO - 22124 - phase=train acc=0.744921875 loss=43.74438312649727 epoch=45 and step=60
2026-04-20 15:16:01,883 - SplitNNClient - INFO - 23588 - phase=train acc=0.7622767857142857 loss=47.674846947193146 epoch=45 and step=70
2026-04-20 15:16:02,178 - SplitNNClient - INFO - 22124 - phase=train acc=0.7386160714285714 loss=53.34441217780113 epoch=45 and step=70
2026-04-20 15:16:02,272 - SplitNNClient - INFO - 17400 - phase=train acc=0.7575892857142857 loss=50.645209223032 epoch=45 and step=70
2026-04-20 15:16:04,149 - SplitNNClient - INFO - 23588 - phase=train acc=0.7662109375 loss=53.83905345201492 epoch=45 and step=80
2026-04-20 15:16:04,479 - SplitNNClient - INFO - 22124 - phase=train acc=0.72822265625 loss=63.07992485165596 epoch=45 and step=80
2026-04-20 15:16:04,548 - SplitNNClient - INFO - 17400 - phase=train acc=0.75927734375 loss=57.295409113168716 epoch=45 and step=80
2026-04-20 15:16:06,510 - SplitNNClient - INFO - 23588 - phase=train acc=0.7667534722222222 loss=60.32779535651207 epoch=45 and step=90
2026-04-20 15:16:06,807 - SplitNNClient - INFO - 22124 - phase=train acc=0.7237847222222222 loss=71.83506444096565 epoch=45 and step=90
2026-04-20 15:16:06,911 - SplitNNClient - INFO - 17400 - phase=train acc=0.7592881944444444 loss=64.01851361989975 epoch=45 and step=90
2026-04-20 15:16:08,937 - SplitNNClient - INFO - 23588 - phase=train acc=0.768515625 loss=66.56266525387764 epoch=45 and step=100
2026-04-20 15:16:09,108 - SplitNNClient - INFO - 22124 - phase=train acc=0.72265625 loss=80.20007982850075 epoch=45 and step=100
2026-04-20 15:16:09,274 - SplitNNClient - INFO - 17400 - phase=train acc=0.759921875 loss=70.58951613306999 epoch=45 and step=100
2026-04-20 15:16:11,160 - SplitNNClient - INFO - 23588 - phase=train acc=0.7694602272727272 loss=72.70381903648376 epoch=45 and step=110
2026-04-20 15:16:11,479 - SplitNNClient - INFO - 22124 - phase=train acc=0.7237926136363636 loss=87.68167552351952 epoch=45 and step=110
2026-04-20 15:16:11,580 - SplitNNClient - INFO - 17400 - phase=train acc=0.760440340909091 loss=77.35069015622139 epoch=45 and step=110
2026-04-20 15:16:13,479 - SplitNNClient - INFO - 23588 - phase=train acc=0.7695963541666667 loss=80.07936537265778 epoch=45 and step=120
2026-04-20 15:16:13,757 - SplitNNClient - INFO - 22124 - phase=train acc=0.7254557291666667 loss=94.74766245484352 epoch=45 and step=120
2026-04-20 15:16:13,882 - SplitNNClient - INFO - 17400 - phase=train acc=0.7633463541666666 loss=83.19593271613121 epoch=45 and step=120
2026-04-20 15:16:15,809 - SplitNNClient - INFO - 23588 - phase=train acc=0.7691706730769231 loss=87.01470756530762 epoch=45 and step=130
2026-04-20 15:16:16,104 - SplitNNClient - INFO - 22124 - phase=train acc=0.7292067307692308 loss=101.91472128033638 epoch=45 and step=130
2026-04-20 15:16:16,170 - SplitNNClient - INFO - 17400 - phase=train acc=0.7641225961538461 loss=89.71493890881538 epoch=45 and step=130
2026-04-20 15:16:16,238 - FedServerManager - INFO - 21672 - get all model params ---- from rank fed_server
2026-04-20 15:16:27,874 - SplitNNClient - INFO - 17400 - phase=validation acc=0.8314 loss=39.079051077365875 epoch=45 and step=79
2026-04-20 15:16:27,974 - SplitNNClient - INFO - 22124 - phase=validation acc=0.8314 loss=39.079051077365875 epoch=45 and step=79
2026-04-20 15:16:28,083 - SplitNNClient - INFO - 23588 - phase=validation acc=0.8314 loss=39.079051077365875 epoch=45 and step=79
2026-04-20 15:16:30,380 - SplitNNClient - INFO - 17400 - phase=train acc=0.775 loss=6.489552319049835 epoch=46 and step=10
2026-04-20 15:16:30,448 - SplitNNClient - INFO - 22124 - phase=train acc=0.7875 loss=6.121885895729065 epoch=46 and step=10
2026-04-20 15:16:30,514 - SplitNNClient - INFO - 23588 - phase=train acc=0.809375 loss=5.373120039701462 epoch=46 and step=10
2026-04-20 15:16:32,654 - SplitNNClient - INFO - 17400 - phase=train acc=0.7875 loss=12.26481008529663 epoch=46 and step=20
2026-04-20 15:16:32,756 - SplitNNClient - INFO - 22124 - phase=train acc=0.77734375 loss=12.70248818397522 epoch=46 and step=20
2026-04-20 15:16:32,823 - SplitNNClient - INFO - 23588 - phase=train acc=0.7921875 loss=11.627118796110153 epoch=46 and step=20
2026-04-20 15:16:35,003 - SplitNNClient - INFO - 17400 - phase=train acc=0.7838541666666666 loss=18.75500711798668 epoch=46 and step=30
2026-04-20 15:16:35,105 - SplitNNClient - INFO - 22124 - phase=train acc=0.7796875 loss=18.939106047153473 epoch=46 and step=30
2026-04-20 15:16:35,141 - SplitNNClient - INFO - 23588 - phase=train acc=0.7815104166666667 loss=18.18210819363594 epoch=46 and step=30
2026-04-20 15:16:37,293 - SplitNNClient - INFO - 17400 - phase=train acc=0.7888671875 loss=24.51920673251152 epoch=46 and step=40
2026-04-20 15:16:37,428 - SplitNNClient - INFO - 22124 - phase=train acc=0.7849609375 loss=24.588343858718872 epoch=46 and step=40
2026-04-20 15:16:37,463 - SplitNNClient - INFO - 23588 - phase=train acc=0.784375 loss=24.056833028793335 epoch=46 and step=40
2026-04-20 15:16:39,702 - SplitNNClient - INFO - 17400 - phase=train acc=0.78578125 loss=31.042208522558212 epoch=46 and step=50
2026-04-20 15:16:39,741 - SplitNNClient - INFO - 22124 - phase=train acc=0.7828125 loss=30.8312628865242 epoch=46 and step=50
2026-04-20 15:16:39,814 - SplitNNClient - INFO - 23588 - phase=train acc=0.786875 loss=29.999336063861847 epoch=46 and step=50
2026-04-20 15:16:42,013 - SplitNNClient - INFO - 17400 - phase=train acc=0.787109375 loss=36.82431772351265 epoch=46 and step=60
2026-04-20 15:16:42,083 - SplitNNClient - INFO - 22124 - phase=train acc=0.7838541666666666 loss=37.27734363079071 epoch=46 and step=60
2026-04-20 15:16:42,179 - SplitNNClient - INFO - 23588 - phase=train acc=0.784375 loss=36.48168057203293 epoch=46 and step=60
2026-04-20 15:16:44,327 - SplitNNClient - INFO - 17400 - phase=train acc=0.7847098214285714 loss=43.36900278925896 epoch=46 and step=70
2026-04-20 15:16:44,434 - SplitNNClient - INFO - 22124 - phase=train acc=0.7827008928571428 loss=43.826186776161194 epoch=46 and step=70
2026-04-20 15:16:44,474 - SplitNNClient - INFO - 23588 - phase=train acc=0.7841517857142857 loss=42.904761254787445 epoch=46 and step=70
2026-04-20 15:16:46,624 - SplitNNClient - INFO - 17400 - phase=train acc=0.7853515625 loss=49.65015289187431 epoch=46 and step=80
2026-04-20 15:16:46,747 - SplitNNClient - INFO - 22124 - phase=train acc=0.78505859375 loss=49.71512544155121 epoch=46 and step=80
2026-04-20 15:16:46,816 - SplitNNClient - INFO - 23588 - phase=train acc=0.78310546875 loss=49.096892297267914 epoch=46 and step=80
2026-04-20 15:16:49,003 - SplitNNClient - INFO - 17400 - phase=train acc=0.7868923611111112 loss=55.36629581451416 epoch=46 and step=90
2026-04-20 15:16:49,070 - SplitNNClient - INFO - 22124 - phase=train acc=0.7838541666666666 loss=56.66149860620499 epoch=46 and step=90
2026-04-20 15:16:49,137 - SplitNNClient - INFO - 23588 - phase=train acc=0.7827256944444444 loss=55.41234648227692 epoch=46 and step=90
2026-04-20 15:16:51,228 - SplitNNClient - INFO - 17400 - phase=train acc=0.78453125 loss=61.89536660909653 epoch=46 and step=100
2026-04-20 15:16:51,295 - SplitNNClient - INFO - 22124 - phase=train acc=0.78140625 loss=63.361404061317444 epoch=46 and step=100
2026-04-20 15:16:51,368 - SplitNNClient - INFO - 23588 - phase=train acc=0.782734375 loss=61.769272565841675 epoch=46 and step=100
2026-04-20 15:16:53,434 - SplitNNClient - INFO - 17400 - phase=train acc=0.7849431818181818 loss=68.22298741340637 epoch=46 and step=110
2026-04-20 15:16:53,530 - SplitNNClient - INFO - 22124 - phase=train acc=0.7815340909090909 loss=69.83329600095749 epoch=46 and step=110
2026-04-20 15:16:53,595 - SplitNNClient - INFO - 23588 - phase=train acc=0.7823153409090909 loss=68.23021596670151 epoch=46 and step=110
2026-04-20 15:16:55,639 - SplitNNClient - INFO - 17400 - phase=train acc=0.7858072916666666 loss=74.17844495177269 epoch=46 and step=120
2026-04-20 15:16:55,702 - SplitNNClient - INFO - 22124 - phase=train acc=0.7801432291666667 loss=76.50371795892715 epoch=46 and step=120
2026-04-20 15:16:55,765 - SplitNNClient - INFO - 23588 - phase=train acc=0.7829427083333333 loss=74.25131553411484 epoch=46 and step=120
2026-04-20 15:16:57,879 - SplitNNClient - INFO - 17400 - phase=train acc=0.7864783653846154 loss=80.05803802609444 epoch=46 and step=130
2026-04-20 15:16:57,945 - SplitNNClient - INFO - 22124 - phase=train acc=0.7794471153846154 loss=82.6957483291626 epoch=46 and step=130
2026-04-20 15:16:58,041 - SplitNNClient - INFO - 23588 - phase=train acc=0.7821514423076923 loss=80.42720985412598 epoch=46 and step=130
2026-04-20 15:16:58,096 - FedServerManager - INFO - 21672 - get all model params ---- from rank fed_server
2026-04-20 15:17:09,769 - SplitNNClient - INFO - 17400 - phase=validation acc=0.8463 loss=35.93882639706135 epoch=46 and step=79
2026-04-20 15:17:09,799 - SplitNNClient - INFO - 23588 - phase=validation acc=0.8463 loss=35.93882639706135 epoch=46 and step=79
2026-04-20 15:17:09,800 - SplitNNClient - INFO - 22124 - phase=validation acc=0.8463 loss=35.93882639706135 epoch=46 and step=79
2026-04-20 15:17:11,925 - SplitNNClient - INFO - 17400 - phase=train acc=0.790625 loss=5.808274894952774 epoch=47 and step=10
2026-04-20 15:17:12,026 - SplitNNClient - INFO - 22124 - phase=train acc=0.79375 loss=5.918433785438538 epoch=47 and step=10
2026-04-20 15:17:12,090 - SplitNNClient - INFO - 23588 - phase=train acc=0.81484375 loss=5.478435963392258 epoch=47 and step=10
2026-04-20 15:17:14,120 - SplitNNClient - INFO - 17400 - phase=train acc=0.7921875 loss=11.301517814397812 epoch=47 and step=20
2026-04-20 15:17:14,244 - SplitNNClient - INFO - 22124 - phase=train acc=0.791796875 loss=11.989197134971619 epoch=47 and step=20
2026-04-20 15:17:14,280 - SplitNNClient - INFO - 23588 - phase=train acc=0.803125 loss=11.710206598043442 epoch=47 and step=20
2026-04-20 15:17:16,320 - SplitNNClient - INFO - 17400 - phase=train acc=0.79140625 loss=17.482913076877594 epoch=47 and step=30
2026-04-20 15:17:16,384 - SplitNNClient - INFO - 22124 - phase=train acc=0.7916666666666666 loss=17.776661813259125 epoch=47 and step=30
2026-04-20 15:17:16,482 - SplitNNClient - INFO - 23588 - phase=train acc=0.7966145833333333 loss=17.757698565721512 epoch=47 and step=30
2026-04-20 15:17:18,503 - SplitNNClient - INFO - 17400 - phase=train acc=0.7958984375 loss=22.968994855880737 epoch=47 and step=40
2026-04-20 15:17:18,595 - SplitNNClient - INFO - 22124 - phase=train acc=0.792578125 loss=23.225091189146042 epoch=47 and step=40
2026-04-20 15:17:18,659 - SplitNNClient - INFO - 23588 - phase=train acc=0.8013671875 loss=23.485062032938004 epoch=47 and step=40
2026-04-20 15:17:20,740 - SplitNNClient - INFO - 17400 - phase=train acc=0.79828125 loss=28.589515686035156 epoch=47 and step=50
2026-04-20 15:17:20,812 - SplitNNClient - INFO - 22124 - phase=train acc=0.79046875 loss=29.121203392744064 epoch=47 and step=50
2026-04-20 15:17:20,878 - SplitNNClient - INFO - 23588 - phase=train acc=0.79875 loss=30.036239564418793 epoch=47 and step=50
2026-04-20 15:17:22,986 - SplitNNClient - INFO - 17400 - phase=train acc=0.796484375 loss=34.67455294728279 epoch=47 and step=60
2026-04-20 15:17:23,029 - SplitNNClient - INFO - 22124 - phase=train acc=0.7873697916666667 loss=35.55537420511246 epoch=47 and step=60
2026-04-20 15:17:23,163 - SplitNNClient - INFO - 23588 - phase=train acc=0.7930989583333333 loss=36.697607696056366 epoch=47 and step=60
2026-04-20 15:17:25,163 - SplitNNClient - INFO - 17400 - phase=train acc=0.7927455357142857 loss=40.860357612371445 epoch=47 and step=70
2026-04-20 15:17:25,266 - SplitNNClient - INFO - 22124 - phase=train acc=0.7891741071428572 loss=41.57198241353035 epoch=47 and step=70
2026-04-20 15:17:25,307 - SplitNNClient - INFO - 23588 - phase=train acc=0.7931919642857143 loss=42.59505873918533 epoch=47 and step=70
2026-04-20 15:17:27,486 - SplitNNClient - INFO - 17400 - phase=train acc=0.79150390625 loss=47.262610137462616 epoch=47 and step=80
2026-04-20 15:17:27,521 - SplitNNClient - INFO - 22124 - phase=train acc=0.78916015625 loss=47.58526885509491 epoch=47 and step=80
2026-04-20 15:17:27,684 - SplitNNClient - INFO - 23588 - phase=train acc=0.790625 loss=49.205370008945465 epoch=47 and step=80
2026-04-20 15:17:29,743 - SplitNNClient - INFO - 17400 - phase=train acc=0.7907118055555555 loss=53.697829246520996 epoch=47 and step=90
2026-04-20 15:17:29,787 - SplitNNClient - INFO - 22124 - phase=train acc=0.7881944444444444 loss=54.17027735710144 epoch=47 and step=90
2026-04-20 15:17:29,879 - SplitNNClient - INFO - 23588 - phase=train acc=0.7903645833333334 loss=55.40097817778587 epoch=47 and step=90
2026-04-20 15:17:31,958 - SplitNNClient - INFO - 17400 - phase=train acc=0.789296875 loss=60.092591643333435 epoch=47 and step=100
2026-04-20 15:17:32,027 - SplitNNClient - INFO - 22124 - phase=train acc=0.787734375 loss=60.516631066799164 epoch=47 and step=100
2026-04-20 15:17:32,091 - SplitNNClient - INFO - 23588 - phase=train acc=0.790078125 loss=61.3883176445961 epoch=47 and step=100
2026-04-20 15:17:34,152 - SplitNNClient - INFO - 17400 - phase=train acc=0.7893465909090909 loss=66.3770746588707 epoch=47 and step=110
2026-04-20 15:17:34,250 - SplitNNClient - INFO - 22124 - phase=train acc=0.7876420454545454 loss=66.9754958152771 epoch=47 and step=110
2026-04-20 15:17:34,318 - SplitNNClient - INFO - 23588 - phase=train acc=0.7886363636363637 loss=67.47542357444763 epoch=47 and step=110
2026-04-20 15:17:36,391 - SplitNNClient - INFO - 17400 - phase=train acc=0.7755859375 loss=80.1028060913086 epoch=47 and step=120
2026-04-20 15:17:36,456 - SplitNNClient - INFO - 22124 - phase=train acc=0.7865885416666667 loss=73.2073022723198 epoch=47 and step=120
2026-04-20 15:17:36,559 - SplitNNClient - INFO - 23588 - phase=train acc=0.7876302083333333 loss=73.74121868610382 epoch=47 and step=120
2026-04-20 15:17:38,577 - SplitNNClient - INFO - 17400 - phase=train acc=0.7615985576923077 loss=92.38655376434326 epoch=47 and step=130
2026-04-20 15:17:38,670 - SplitNNClient - INFO - 22124 - phase=train acc=0.7856971153846154 loss=80.6323507130146 epoch=47 and step=130
2026-04-20 15:17:38,733 - SplitNNClient - INFO - 23588 - phase=train acc=0.7873197115384616 loss=79.88214415311813 epoch=47 and step=130
2026-04-20 15:17:38,779 - FedServerManager - INFO - 21672 - get all model params ---- from rank fed_server
2026-04-20 15:17:50,186 - SplitNNClient - INFO - 17400 - phase=validation acc=0.7906 loss=57.19564363360405 epoch=47 and step=79
2026-04-20 15:17:50,239 - SplitNNClient - INFO - 23588 - phase=validation acc=0.7906 loss=57.19564363360405 epoch=47 and step=79
2026-04-20 15:17:50,284 - SplitNNClient - INFO - 22124 - phase=validation acc=0.7906 loss=57.19564363360405 epoch=47 and step=79
2026-04-20 15:17:52,440 - SplitNNClient - INFO - 23588 - phase=train acc=0.7921875 loss=5.967448472976685 epoch=48 and step=10
2026-04-20 15:17:52,567 - SplitNNClient - INFO - 22124 - phase=train acc=0.79453125 loss=5.941092997789383 epoch=48 and step=10
2026-04-20 15:17:52,631 - SplitNNClient - INFO - 17400 - phase=train acc=0.78046875 loss=6.286919593811035 epoch=48 and step=10
2026-04-20 15:17:54,780 - SplitNNClient - INFO - 23588 - phase=train acc=0.78828125 loss=12.26514396071434 epoch=48 and step=20
2026-04-20 15:17:54,847 - SplitNNClient - INFO - 22124 - phase=train acc=0.788671875 loss=12.259387493133545 epoch=48 and step=20
2026-04-20 15:17:54,945 - SplitNNClient - INFO - 17400 - phase=train acc=0.778125 loss=12.620971202850342 epoch=48 and step=20
2026-04-20 15:17:57,070 - SplitNNClient - INFO - 23588 - phase=train acc=0.77421875 loss=19.33181521296501 epoch=48 and step=30
2026-04-20 15:17:57,137 - SplitNNClient - INFO - 22124 - phase=train acc=0.78671875 loss=18.255118191242218 epoch=48 and step=30
2026-04-20 15:17:57,241 - SplitNNClient - INFO - 17400 - phase=train acc=0.7864583333333334 loss=18.623063683509827 epoch=48 and step=30
2026-04-20 15:17:59,429 - SplitNNClient - INFO - 23588 - phase=train acc=0.7771484375 loss=25.450456470251083 epoch=48 and step=40
2026-04-20 15:17:59,469 - SplitNNClient - INFO - 22124 - phase=train acc=0.77421875 loss=26.30612277984619 epoch=48 and step=40
2026-04-20 15:17:59,626 - SplitNNClient - INFO - 17400 - phase=train acc=0.7884765625 loss=24.52508568763733 epoch=48 and step=40
2026-04-20 15:18:01,710 - SplitNNClient - INFO - 23588 - phase=train acc=0.7809375 loss=31.30281713604927 epoch=48 and step=50
2026-04-20 15:18:01,784 - SplitNNClient - INFO - 22124 - phase=train acc=0.72421875 loss=41.433218598365784 epoch=48 and step=50
2026-04-20 15:18:01,972 - SplitNNClient - INFO - 17400 - phase=train acc=0.7875 loss=30.606135308742523 epoch=48 and step=50
2026-04-20 15:18:03,938 - SplitNNClient - INFO - 23588 - phase=train acc=0.782421875 loss=37.44226494431496 epoch=48 and step=60
2026-04-20 15:18:04,067 - SplitNNClient - INFO - 22124 - phase=train acc=0.6938802083333333 loss=54.882580280303955 epoch=48 and step=60
2026-04-20 15:18:04,241 - SplitNNClient - INFO - 17400 - phase=train acc=0.78671875 loss=36.822854459285736 epoch=48 and step=60
2026-04-20 15:18:06,270 - SplitNNClient - INFO - 23588 - phase=train acc=0.7832589285714285 loss=43.40771600604057 epoch=48 and step=70
2026-04-20 15:18:06,413 - SplitNNClient - INFO - 22124 - phase=train acc=0.6777901785714285 loss=66.79301929473877 epoch=48 and step=70
2026-04-20 15:18:06,582 - SplitNNClient - INFO - 17400 - phase=train acc=0.7854910714285714 loss=43.442754566669464 epoch=48 and step=70
2026-04-20 15:18:08,491 - SplitNNClient - INFO - 23588 - phase=train acc=0.78544921875 loss=49.104294031858444 epoch=48 and step=80
2026-04-20 15:18:08,824 - SplitNNClient - INFO - 22124 - phase=train acc=0.67236328125 loss=77.13968002796173 epoch=48 and step=80
2026-04-20 15:18:08,892 - SplitNNClient - INFO - 17400 - phase=train acc=0.7859375 loss=49.71521317958832 epoch=48 and step=80
2026-04-20 15:18:10,773 - SplitNNClient - INFO - 23588 - phase=train acc=0.78515625 loss=55.33218398690224 epoch=48 and step=90
2026-04-20 15:18:11,045 - SplitNNClient - INFO - 22124 - phase=train acc=0.6700520833333333 loss=87.31327724456787 epoch=48 and step=90
2026-04-20 15:18:11,145 - SplitNNClient - INFO - 17400 - phase=train acc=0.7864583333333334 loss=55.53100037574768 epoch=48 and step=90
2026-04-20 15:18:13,035 - SplitNNClient - INFO - 23588 - phase=train acc=0.78765625 loss=60.93376067280769 epoch=48 and step=100
2026-04-20 15:18:13,334 - SplitNNClient - INFO - 22124 - phase=train acc=0.669609375 loss=96.85162490606308 epoch=48 and step=100
2026-04-20 15:18:13,406 - SplitNNClient - INFO - 17400 - phase=train acc=0.788125 loss=60.91123205423355 epoch=48 and step=100
2026-04-20 15:18:15,315 - SplitNNClient - INFO - 23588 - phase=train acc=0.7843039772727273 loss=68.04331889748573 epoch=48 and step=110
2026-04-20 15:18:15,585 - SplitNNClient - INFO - 17400 - phase=train acc=0.7884943181818181 loss=67.07060346007347 epoch=48 and step=110
2026-04-20 15:18:15,626 - SplitNNClient - INFO - 22124 - phase=train acc=0.6682528409090909 loss=107.12503516674042 epoch=48 and step=110
2026-04-20 15:18:17,474 - SplitNNClient - INFO - 23588 - phase=train acc=0.7819661458333333 loss=74.95288810133934 epoch=48 and step=120
2026-04-20 15:18:17,798 - SplitNNClient - INFO - 17400 - phase=train acc=0.7888020833333333 loss=73.12588623166084 epoch=48 and step=120
2026-04-20 15:18:17,868 - SplitNNClient - INFO - 22124 - phase=train acc=0.6679036458333333 loss=117.04167413711548 epoch=48 and step=120
2026-04-20 15:18:19,626 - SplitNNClient - INFO - 23588 - phase=train acc=0.7793870192307693 loss=81.94189175963402 epoch=48 and step=130
2026-04-20 15:18:19,962 - SplitNNClient - INFO - 17400 - phase=train acc=0.7872596153846154 loss=79.54586437344551 epoch=48 and step=130
2026-04-20 15:18:20,116 - SplitNNClient - INFO - 22124 - phase=train acc=0.6697115384615384 loss=126.3693510890007 epoch=48 and step=130
2026-04-20 15:18:20,186 - FedServerManager - INFO - 21672 - get all model params ---- from rank fed_server
2026-04-20 15:18:31,732 - SplitNNClient - INFO - 23588 - phase=validation acc=0.7905 loss=48.72225481271744 epoch=48 and step=79
2026-04-20 15:18:31,770 - SplitNNClient - INFO - 17400 - phase=validation acc=0.7905 loss=48.72225481271744 epoch=48 and step=79
2026-04-20 15:18:31,830 - SplitNNClient - INFO - 22124 - phase=validation acc=0.7905 loss=48.72225481271744 epoch=48 and step=79
2026-04-20 15:18:32,706 - CommBreakdown - INFO - 23588 - tensor_distribution rank=3 node_type=client phase=train epoch=49 sample=late tensor=activations[0] shape=(128, 64, 16, 16) mean=2.13117 std=2.90209 min=0 max=40.3374 mean_abs=2.13117 max_abs=40.3374 p95_abs=7.88038 p99_abs=12.0778 skewness=2.01316 kurtosis=8.95477 mean_channel_std=1.70007 std_channel_std=0.929124 max_channel_scale_over_min_channel_scale=1563.38 spread=high spread_score=1.36174 outliers=medium outlier_score=1.99178 near_zero=medium near_zero_fraction=0.409562
2026-04-20 15:18:32,735 - CommBreakdown - INFO - 17400 - tensor_distribution rank=1 node_type=client phase=train epoch=49 sample=late tensor=activations[0] shape=(128, 64, 16, 16) mean=2.12472 std=2.89958 min=0 max=44.5941 mean_abs=2.12472 max_abs=44.5941 p95_abs=7.85909 p99_abs=12.0906 skewness=2.02844 kurtosis=9.07026 mean_channel_std=1.69543 std_channel_std=0.928289 max_channel_scale_over_min_channel_scale=213.292 spread=high spread_score=1.36469 outliers=medium outlier_score=2.00131 near_zero=medium near_zero_fraction=0.409784
2026-04-20 15:18:32,749 - CommBreakdown - INFO - 22124 - tensor_distribution rank=2 node_type=client phase=train epoch=49 sample=late tensor=activations[0] shape=(128, 64, 16, 16) mean=2.13221 std=2.90234 min=0 max=37.8112 mean_abs=2.13221 max_abs=37.8112 p95_abs=7.88353 p99_abs=12.0235 skewness=2.00757 kurtosis=8.8937 mean_channel_std=1.70208 std_channel_std=0.932414 max_channel_scale_over_min_channel_scale=836.216 spread=high spread_score=1.36119 outliers=medium outlier_score=1.97904 near_zero=medium near_zero_fraction=0.409023
2026-04-20 15:18:33,855 - CommBreakdown - INFO - 18296 - tensor_distribution rank=0 node_type=server phase=train epoch=49 sample=late tensor=activation_grads shape=(128, 64, 16, 16) mean=-1.34014e-09 std=1.40105e-05 min=-0.000799363 max=0.000779478 mean_abs=5.67358e-06 max_abs=0.000799363 p95_abs=2.56788e-05 p99_abs=6.09594e-05 skewness=0.000212494 kurtosis=3.08669e-06 mean_channel_std=1.36747e-05 std_channel_std=3.04887e-06 max_channel_scale_over_min_channel_scale=7.40836 spread=high spread_score=2.46942 outliers=high outlier_score=4.09866 near_zero=medium near_zero_fraction=0.315887
2026-04-20 15:19:05,649 - SplitNNClient - INFO - 23588 - phase=train acc=0.7484375 loss=6.895277798175812 epoch=49 and step=10
2026-04-20 15:19:06,857 - SplitNNClient - INFO - 17400 - phase=train acc=0.7828125 loss=6.1619643568992615 epoch=49 and step=10
2026-04-20 15:19:08,065 - SplitNNClient - INFO - 22124 - phase=train acc=0.77578125 loss=6.599200516939163 epoch=49 and step=10
2026-04-20 15:19:41,517 - SplitNNClient - INFO - 23588 - phase=train acc=0.754296875 loss=13.817201137542725 epoch=49 and step=20
2026-04-20 15:19:42,756 - SplitNNClient - INFO - 17400 - phase=train acc=0.7609375 loss=13.307357668876648 epoch=49 and step=20
2026-04-20 15:19:43,973 - SplitNNClient - INFO - 22124 - phase=train acc=0.77109375 loss=13.511529237031937 epoch=49 and step=20
2026-04-20 15:20:17,437 - SplitNNClient - INFO - 23588 - phase=train acc=0.7580729166666667 loss=20.653337955474854 epoch=49 and step=30
2026-04-20 15:20:18,680 - SplitNNClient - INFO - 17400 - phase=train acc=0.7666666666666667 loss=19.756148993968964 epoch=49 and step=30
2026-04-20 15:20:19,892 - SplitNNClient - INFO - 22124 - phase=train acc=0.7802083333333333 loss=19.329653590917587 epoch=49 and step=30
2026-04-20 15:20:53,250 - SplitNNClient - INFO - 23588 - phase=train acc=0.7560546875 loss=27.540349543094635 epoch=49 and step=40
2026-04-20 15:20:54,488 - SplitNNClient - INFO - 17400 - phase=train acc=0.76953125 loss=26.419623374938965 epoch=49 and step=40
2026-04-20 15:20:55,673 - SplitNNClient - INFO - 22124 - phase=train acc=0.7779296875 loss=25.929382473230362 epoch=49 and step=40
2026-04-20 15:21:28,989 - SplitNNClient - INFO - 23588 - phase=train acc=0.7571875 loss=33.964305341243744 epoch=49 and step=50
2026-04-20 15:21:30,140 - SplitNNClient - INFO - 17400 - phase=train acc=0.7734375 loss=32.67522019147873 epoch=49 and step=50
2026-04-20 15:21:31,290 - SplitNNClient - INFO - 22124 - phase=train acc=0.77484375 loss=32.712909549474716 epoch=49 and step=50
2026-04-20 15:22:04,433 - SplitNNClient - INFO - 23588 - phase=train acc=0.7638020833333333 loss=39.852115213871 epoch=49 and step=60
2026-04-20 15:22:05,671 - SplitNNClient - INFO - 17400 - phase=train acc=0.7770833333333333 loss=38.353356659412384 epoch=49 and step=60
2026-04-20 15:22:06,852 - SplitNNClient - INFO - 22124 - phase=train acc=0.7751302083333333 loss=39.00536096096039 epoch=49 and step=60
2026-04-20 15:22:40,366 - SplitNNClient - INFO - 23588 - phase=train acc=0.7668526785714286 loss=45.94805184006691 epoch=49 and step=70
2026-04-20 15:22:41,607 - SplitNNClient - INFO - 17400 - phase=train acc=0.7774553571428572 loss=44.410054445266724 epoch=49 and step=70
2026-04-20 15:22:42,852 - SplitNNClient - INFO - 22124 - phase=train acc=0.7783482142857143 loss=44.85066691040993 epoch=49 and step=70
2026-04-20 15:23:16,426 - SplitNNClient - INFO - 23588 - phase=train acc=0.77119140625 loss=51.74768537282944 epoch=49 and step=80
2026-04-20 15:23:17,573 - SplitNNClient - INFO - 17400 - phase=train acc=0.7802734375 loss=50.37210834026337 epoch=49 and step=80
2026-04-20 15:23:18,821 - SplitNNClient - INFO - 22124 - phase=train acc=0.77939453125 loss=50.7908990085125 epoch=49 and step=80
2026-04-20 15:23:52,632 - SplitNNClient - INFO - 23588 - phase=train acc=0.7730034722222222 loss=57.71082469820976 epoch=49 and step=90
2026-04-20 15:23:53,788 - SplitNNClient - INFO - 17400 - phase=train acc=0.7806423611111111 loss=56.63602417707443 epoch=49 and step=90
2026-04-20 15:23:54,995 - SplitNNClient - INFO - 22124 - phase=train acc=0.7789930555555555 loss=57.12972542643547 epoch=49 and step=90
2026-04-20 15:24:28,753 - SplitNNClient - INFO - 23588 - phase=train acc=0.775234375 loss=64.05354252457619 epoch=49 and step=100
2026-04-20 15:24:29,929 - SplitNNClient - INFO - 17400 - phase=train acc=0.7803125 loss=63.046400517225266 epoch=49 and step=100
2026-04-20 15:24:31,174 - SplitNNClient - INFO - 22124 - phase=train acc=0.778203125 loss=63.32140517234802 epoch=49 and step=100
2026-04-20 15:25:04,739 - SplitNNClient - INFO - 23588 - phase=train acc=0.7779829545454545 loss=69.85731789469719 epoch=49 and step=110
2026-04-20 15:25:05,945 - SplitNNClient - INFO - 17400 - phase=train acc=0.7817471590909091 loss=68.80783367156982 epoch=49 and step=110
2026-04-20 15:25:07,128 - SplitNNClient - INFO - 22124 - phase=train acc=0.7792613636363637 loss=69.35412308573723 epoch=49 and step=110
2026-04-20 15:25:40,505 - SplitNNClient - INFO - 23588 - phase=train acc=0.7772135416666667 loss=76.18805858492851 epoch=49 and step=120
2026-04-20 15:25:41,774 - SplitNNClient - INFO - 17400 - phase=train acc=0.783203125 loss=74.84114947915077 epoch=49 and step=120
2026-04-20 15:25:42,983 - SplitNNClient - INFO - 22124 - phase=train acc=0.7796875 loss=75.70584020018578 epoch=49 and step=120
2026-04-20 15:26:16,138 - SplitNNClient - INFO - 23588 - phase=train acc=0.77734375 loss=82.46058702468872 epoch=49 and step=130
2026-04-20 15:26:17,261 - SplitNNClient - INFO - 17400 - phase=train acc=0.7850360576923077 loss=80.49945539236069 epoch=49 and step=130
2026-04-20 15:26:18,348 - SplitNNClient - INFO - 22124 - phase=train acc=0.7811899038461538 loss=81.59192779660225 epoch=49 and step=130
2026-04-20 15:26:18,418 - FedServerManager - INFO - 21672 - get all model params ---- from rank fed_server
2026-04-20 15:26:30,543 - SplitNNClient - INFO - 23588 - phase=validation acc=0.855 loss=34.09412206709385 epoch=49 and step=79
2026-04-20 15:26:30,546 - SplitNNClient - INFO - 22124 - phase=validation acc=0.855 loss=34.09412206709385 epoch=49 and step=79
2026-04-20 15:26:30,554 - CommBreakdown - INFO - 23588 - rank=3 node_type=client total_send=21872054674 total_receive=13668939988 send_by_category={'ACTS': 21840380350, 'MODEL': 31662900, 'OTHER': 11424} recv_by_category={'GRADS': 13637268400, 'MODEL': 31660500, 'OTHER': 11088} send_by_type={2: 21840380350, 7: 31662900, 3: 5600, 4: 5600, 5: 224} recv_by_type={1: 13637268400, 8: 31660500, 11: 5600, 12: 5488} mm_send_by_type={2: 21840087750, 7: 31661500, 3: 4200, 4: 4200, 5: 168} mm_recv_by_type={1: 13637268400, 8: 31660500, 11: 5600, 12: 5488}
2026-04-20 15:26:30,557 - CommBreakdown - INFO - 22124 - rank=2 node_type=client total_send=21872054674 total_receive=13668939988 send_by_category={'ACTS': 21840380350, 'MODEL': 31662900, 'OTHER': 11424} recv_by_category={'GRADS': 13637268400, 'MODEL': 31660500, 'OTHER': 11088} send_by_type={2: 21840380350, 7: 31662900, 3: 5600, 4: 5600, 5: 224} recv_by_type={1: 13637268400, 8: 31660500, 11: 5600, 12: 5488} mm_send_by_type={2: 21840087750, 7: 31661500, 3: 4200, 4: 4200, 5: 168} mm_recv_by_type={1: 13637268400, 8: 31660500, 11: 5600, 12: 5488}
2026-04-20 15:26:30,586 - init_client - INFO - 23588 - Client 3 run end
2026-04-20 15:26:30,587 - init_client - INFO - 22124 - Client 2 run end
2026-04-20 15:26:30,662 - SplitNNClient - INFO - 17400 - phase=validation acc=0.855 loss=34.09412206709385 epoch=49 and step=79
2026-04-20 15:26:30,665 - CommBreakdown - INFO - 18296 - rank=0 node_type=server total_send=40911838464 total_receive=65521174986 send_by_category={'GRADS': 40911805200, 'OTHER': 33264} recv_by_category={'ACTS': 65521141050, 'OTHER': 33936} send_by_type={1: 40911805200, 11: 16800, 12: 16464} recv_by_type={2: 65521141050, 3: 16800, 4: 16800, 5: 336} mm_send_by_type={1: 40910927400, 11: 12600, 12: 12348} mm_recv_by_type={2: 65521141050, 3: 16800, 4: 16800, 5: 336}
2026-04-20 15:26:30,667 - CommBreakdown - INFO - 21672 - rank=4 node_type=server total_send=94981500 total_receive=94989036 send_by_category={'MODEL': 94981500} recv_by_category={'MODEL': 94988700, 'OTHER': 336} send_by_type={8: 94981500} recv_by_type={7: 94988700, 5: 336} mm_send_by_type={8: 94977300} mm_recv_by_type={7: 94988700, 5: 336}
2026-04-20 15:26:30,672 - CommBreakdown - INFO - 17400 - rank=1 node_type=client total_send=21872054674 total_receive=13668939988 send_by_category={'ACTS': 21840380350, 'MODEL': 31662900, 'OTHER': 11424} recv_by_category={'GRADS': 13637268400, 'MODEL': 31660500, 'OTHER': 11088} send_by_type={2: 21840380350, 7: 31662900, 3: 5600, 4: 5600, 5: 224} recv_by_type={1: 13637268400, 8: 31660500, 11: 5600, 12: 5488} mm_send_by_type={2: 21840087750, 7: 31661500, 3: 4200, 4: 4200, 5: 168} mm_recv_by_type={1: 13637268400, 8: 31660500, 11: 5600, 12: 5488}
2026-04-20 15:26:30,678 - init_fed_server - INFO - 21672 - FedServer run end
2026-04-20 15:26:30,696 - init_server - INFO - 18296 - Server run end
2026-04-20 15:26:30,700 - init_client - INFO - 17400 - Client 1 run end
