2026-02-16 23:53:39,529 - datasetFactory - INFO - 26252 - mnist
2026-02-16 23:53:39,529 - datasetFactory - INFO - 33532 - mnist
2026-02-16 23:53:39,529 - datasetFactory - INFO - 34892 - mnist
6252 - <bound method DataPartitioner.disjoint_labels of <datasets.Partition_Data.DataPartitioner object at 0x0000020BE81B7BD0>>
2026-02-16 23:53:39,529 - DataPartitioner - INFO - 26252 - disjoint_labels (alpha0/extreme_noniid)
2026-02-16 23:53:39,529 - TorchvisionDatasetController - INFO - 26252 - C:\Users\User\Documents\phd\Split-Experiments\Split-Framework\datasets\downloads
2026-02-16 23:53:39,544 - datasetFactory - INFO - 22280 - mnist
2026-02-16 23:53:39,546 - TorchvisionDatasetController - INFO - 33532 - <bound method DataPartitioner.disjoint_labels of <datasets.Partition_Data.DataPartitioner object at 0x00000190686F7B90>>
2026-02-16 23:53:39,546 - datasetFactory - INFO - 23096 - mnist
2026-02-16 23:53:39,546 - DataPartitioner - INFO - 33532 - disjoint_labels (alpha0/extreme_noniid)
2026-02-16 23:53:39,546 - TorchvisionDatasetController - INFO - 33532 - C:\Users\User\Documents\phd\Split-Experiments\Split-Framework\datasets\downloads
2026-02-16 23:53:39,546 - TorchvisionDatasetController - INFO - 34892 - <bound method DataPartitioner.disjoint_labels of <datasets.Partition_Data.DataPartitioner object at 0x000001BDA29A7BD0>>
2026-02-16 23:53:39,546 - DataPartitioner - INFO - 34892 - disjoint_labels (alpha0/extreme_noniid)
2026-02-16 23:53:39,546 - TorchvisionDatasetController - INFO - 34892 - C:\Users\User\Documents\phd\Split-Experiments\Split-Framework\datasets\downloads
2026-02-16 23:53:39,546 - TorchvisionDatasetController - INFO - 22280 - <bound method DataPartitioner.disjoint_labels of <datasets.Partition_Data.DataPartitioner object at 0x00000234828002D0>>
2026-02-16 23:53:39,546 - TorchvisionDatasetController - INFO - 23096 - <bound method DataPartitioner.disjoint_labels of <datasets.Partition_Data.DataPartitioner object at 0x000002774D547F10>>
2026-02-16 23:53:39,546 - DataPartitioner - INFO - 22280 - disjoint_labels (alpha0/extreme_noniid)
2026-02-16 23:53:39,546 - DataPartitioner - INFO - 23096 - disjoint_labels (alpha0/extreme_noniid)
2026-02-16 23:53:39,546 - TorchvisionDatasetController - INFO - 22280 - C:\Users\User\Documents\phd\Split-Experiments\Split-Framework\datasets\downloads
2026-02-16 23:53:39,546 - TorchvisionDatasetController - INFO - 23096 - C:\Users\User\Documents\phd\Split-Experiments\Split-Framework\datasets\downloads
2026-02-16 23:53:39,546 - TorchvisionDatasetController - INFO - 34924 - <bound method DataPartitioner.disjoint_labels of <datasets.Partition_Data.DataPartitioner object at 0x0000020DF0077C90>>
2026-02-16 23:53:39,546 - DataPartitioner - INFO - 34924 - disjoint_labels (alpha0/extreme_noniid)
2026-02-16 23:53:39,546 - TorchvisionDatasetController - INFO - 34924 - C:\Users\User\Documents\phd\Split-Experiments\Split-Framework\datasets\downloads
2026-02-16 23:53:39,633 - DataPartitioner - INFO - 34892 - class_per_client: [[0], [1], [2], [3], [4], [5], [6], [7], [8], [9]]
2026-02-16 23:53:39,643 - TorchvisionDatasetController - INFO - 22280 - rank = 2, local_sample_number = 6742
2026-02-16 23:53:39,643 - TorchvisionDatasetController - INFO - 34892 - rank = 5, local_sample_number = 5842
2026-02-16 23:53:39,643 - TorchvisionDatasetController - INFO - 34924 - rank = 1, local_sample_number = 5923
2026-02-16 23:53:39,645 - TorchvisionDatasetController - INFO - 23096 - rank = 3, local_sample_number = 5958
2026-02-16 23:53:39,708 - TorchvisionDatasetController - INFO - 26252 - train_dl_global number = 468
2026-02-16 23:53:39,708 - TorchvisionDatasetController - INFO - 26252 - test_dl_global number = 79
2026-02-16 23:53:39,715 - main - INFO - 26252 - Process 0 initialized with device: cpu
2026-02-16 23:53:39,715 - SplitNN_distributed - INFO - 26252 - process_id == server_rank : 0
2026-02-16 23:53:39,723 - TorchvisionDatasetController - INFO - 23096 - process_id = 3, batch_num_train_local = 46, batch_num_test_local = 79
2026-02-16 23:53:39,723 - TorchvisionDatasetController - INFO - 33532 - process_id = 4, batch_num_train_local = 47, batch_num_test_local = 79
2026-02-16 23:53:39,725 - TorchvisionDatasetController - INFO - 34892 - process_id = 5, batch_num_train_local = 45, batch_num_test_local = 79
2026-02-16 23:53:39,725 - init_server - INFO - 26252 - Server run begin vanilla
2026-02-16 23:53:39,727 - main - INFO - 23096 - Process 3 initialized with device: cpu
2026-02-16 23:53:39,727 - main - INFO - 34924 - Process 1 initialized with device: cpu
2026-02-16 23:53:39,727 - main - INFO - 22280 - Process 2 initialized with device: cpu
2026-02-16 23:53:39,727 - SplitNN_distributed - INFO - 23096 - process_id == client_rank : 3
2026-02-16 23:53:39,728 - SplitNN_distributed - INFO - 33532 - process_id == client_rank : 4
2026-02-16 23:53:39,728 - SplitNN_distributed - INFO - 34924 - process_id == client_rank : 1
2026-02-16 23:53:39,728 - SplitNN_distributed - INFO - 22280 - process_id == client_rank : 2
2026-02-16 23:53:39,729 - main - INFO - 34892 - Process 5 initialized with device: cpu
2026-02-16 23:53:39,729 - SplitNN_distributed - INFO - 34892 - process_id == client_rank : 5
2026-02-16 23:53:39,735 - init_client - INFO - 23096 - Client 3 run begin
2026-02-16 23:53:39,739 - init_client - INFO - 33532 - Client 4 run begin
2026-02-16 23:53:39,739 - init_client - INFO - 22280 - Client 2 run begin
2026-02-16 23:53:39,739 - init_client - INFO - 34892 - Client 5 run begin
2026-02-16 23:53:39,739 - init_client - INFO - 34924 - Client 1 run begin
2026-02-16 23:53:39,801 - SplitNNServer - INFO - 26252 - phase=train acc=0.0 loss=2.423551321029663 epoch=0 and step=0
2026-02-16 23:53:40,466 - SplitNNServer - INFO - 26252 - phase=train acc=0.9090909090909091 loss=0.0 epoch=0 and step=10
2026-02-16 23:53:41,105 - SplitNNServer - INFO - 26252 - phase=train acc=0.9523809523809523 loss=0.0 epoch=0 and step=20
2026-02-16 23:53:41,741 - SplitNNServer - INFO - 26252 - phase=train acc=0.967741935483871 loss=0.0 epoch=0 and step=30
2026-02-16 23:53:42,375 - SplitNNServer - INFO - 26252 - phase=train acc=0.975609756097561 loss=0.0 epoch=0 and step=40
2026-02-16 23:53:42,722 - SplitNNClient - INFO - 34924 - worker_num=1 epoch_send=67882016 epoch_receive=67834912 total_send=67882016 total_receive=67834912 send_by_category={'ACTS': 67882016} recv_by_category={'GRADS': 67834912} send_by_type={2: 67882016} recv_by_type={1: 67834912}
2026-02-16 23:53:44,236 - SplitNNServer - INFO - 26252 - phase=validation acc=0.098 loss=84.59310604047171 epoch=0 and step=79
2026-02-16 23:53:47,373 - SplitNNServer - INFO - 26252 - phase=train acc=0.0 loss=67.61947631835938 epoch=1 and step=0
2026-02-16 23:53:48,037 - SplitNNServer - INFO - 26252 - phase=train acc=0.8181818181818182 loss=0.0 epoch=1 and step=10
2026-02-16 23:53:48,867 - SplitNNServer - INFO - 26252 - phase=train acc=0.9047619047619048 loss=0.0 epoch=1 and step=20
2026-02-16 23:53:49,669 - SplitNNServer - INFO - 26252 - phase=train acc=0.9354838709677419 loss=0.0 epoch=1 and step=30
2026-02-16 23:53:50,493 - SplitNNServer - INFO - 26252 - phase=train acc=0.9512195121951219 loss=0.0 epoch=1 and step=40
2026-02-16 23:53:51,264 - SplitNNServer - INFO - 26252 - phase=train acc=0.9607843137254902 loss=0.0 epoch=1 and step=50
2026-02-16 23:53:51,367 - SplitNNClient - INFO - 22280 - worker_num=2 epoch_send=76736304 epoch_receive=76685266 total_send=76736304 total_receive=76685266 send_by_category={'OTHER': 112, 'ACTS': 76736192} recv_by_category={'OTHER': 112, 'MODEL': 2210, 'GRADS': 76682944} send_by_type={10: 112, 2: 76736192} recv_by_type={6: 112, 8: 2210, 1: 76682944}
2026-02-16 23:53:52,892 - SplitNNServer - INFO - 26252 - phase=validation acc=0.1135 loss=348.9518548506725 epoch=1 and step=79
2026-02-16 23:53:56,011 - SplitNNServer - INFO - 26252 - phase=train acc=0.0 loss=380.1146240234375 epoch=2 and step=0
2026-02-16 23:53:56,902 - SplitNNServer - INFO - 26252 - phase=train acc=0.8274147727272727 loss=0.0 epoch=2 and step=10
2026-02-16 23:53:57,706 - SplitNNServer - INFO - 26252 - phase=train acc=0.9095982142857143 loss=0.0 epoch=2 and step=20
2026-02-16 23:53:58,340 - SplitNNServer - INFO - 26252 - phase=train acc=0.9387600806451613 loss=0.0 epoch=2 and step=30
2026-02-16 23:53:58,987 - SplitNNServer - INFO - 26252 - phase=train acc=0.9536966463414634 loss=0.0 epoch=2 and step=40
2026-02-16 23:53:59,411 - SplitNNClient - INFO - 23096 - worker_num=3 epoch_send=67882128 epoch_receive=67837234 total_send=67882128 total_receive=67837234 send_by_category={'OTHER': 112, 'ACTS': 67882016} recv_by_category={'OTHER': 112, 'MODEL': 2210, 'GRADS': 67834912} send_by_type={10: 112, 2: 67882016} recv_by_type={6: 112, 8: 2210, 1: 67834912}
2026-02-16 23:54:01,014 - SplitNNServer - INFO - 26252 - phase=validation acc=0.1032 loss=372.7224202216426 epoch=2 and step=79
2026-02-16 23:54:04,082 - SplitNNServer - INFO - 26252 - phase=train acc=0.0 loss=307.6838684082031 epoch=3 and step=0
2026-02-16 23:54:04,970 - SplitNNServer - INFO - 26252 - phase=train acc=0.7826704545454546 loss=0.028307119384407997 epoch=3 and step=10
2026-02-16 23:54:05,643 - SplitNNServer - INFO - 26252 - phase=train acc=0.8861607142857143 loss=0.0003625116660259664 epoch=3 and step=20
2026-02-16 23:54:06,275 - SplitNNServer - INFO - 26252 - phase=train acc=0.9226310483870968 loss=0.007244103122502565 epoch=3 and step=30
2026-02-16 23:54:06,952 - SplitNNServer - INFO - 26252 - phase=train acc=0.9415015243902439 loss=0.0 epoch=3 and step=40
2026-02-16 23:54:07,480 - SplitNNClient - INFO - 33532 - worker_num=4 epoch_send=69357824 epoch_receive=69311906 total_send=69357824 total_receive=69311906 send_by_category={'OTHER': 112, 'ACTS': 69357712} recv_by_category={'OTHER': 112, 'MODEL': 2210, 'GRADS': 69309584} send_by_type={10: 112, 2: 69357712} recv_by_type={6: 112, 8: 2210, 1: 69309584}
2026-02-16 23:54:08,997 - SplitNNServer - INFO - 26252 - phase=validation acc=0.101 loss=2969.9690744907043 epoch=3 and step=79
2026-02-16 23:54:12,096 - SplitNNServer - INFO - 26252 - phase=train acc=0.0 loss=2380.8818359375 epoch=4 and step=0
2026-02-16 23:54:13,017 - SplitNNServer - INFO - 26252 - phase=train acc=0.8160511363636364 loss=0.0 epoch=4 and step=10
2026-02-16 23:54:13,869 - SplitNNServer - INFO - 26252 - phase=train acc=0.9036458333333334 loss=0.0 epoch=4 and step=20
2026-02-16 23:54:14,567 - SplitNNServer - INFO - 26252 - phase=train acc=0.9347278225806451 loss=0.0 epoch=4 and step=30
2026-02-16 23:54:15,202 - SplitNNServer - INFO - 26252 - phase=train acc=0.9506478658536586 loss=0.0 epoch=4 and step=40
2026-02-16 23:54:15,509 - SplitNNClient - INFO - 34892 - worker_num=5 epoch_send=66406432 epoch_receive=66362562 total_send=66406432 total_receive=66362562 send_by_category={'OTHER': 112, 'ACTS': 66406320} recv_by_category={'OTHER': 112, 'MODEL': 2210, 'GRADS': 66360240} send_by_type={10: 112, 2: 66406320} recv_by_type={6: 112, 8: 2210, 1: 66360240}
2026-02-16 23:54:16,994 - SplitNNServer - INFO - 26252 - phase=validation acc=0.0982 loss=4187.501424668711 epoch=4 and step=79
2026-02-16 23:54:20,113 - SplitNNServer - INFO - 26252 - phase=train acc=0.0 loss=4750.83349609375 epoch=5 and step=0
2026-02-16 23:54:20,753 - SplitNNServer - INFO - 26252 - phase=train acc=0.6349431818181818 loss=0.549302339553833 epoch=5 and step=10
2026-02-16 23:54:21,388 - SplitNNServer - INFO - 26252 - phase=train acc=0.7998511904761905 loss=0.003538538469001651 epoch=5 and step=20
2026-02-16 23:54:22,031 - SplitNNServer - INFO - 26252 - phase=train acc=0.8644153225806451 loss=0.0001241627469426021 epoch=5 and step=30
2026-02-16 23:54:22,800 - SplitNNServer - INFO - 26252 - phase=train acc=0.897484756097561 loss=3.313963316031732e-05 epoch=5 and step=40
2026-02-16 23:54:23,284 - SplitNNClient - INFO - 34924 - worker_num=1 epoch_send=251055538 epoch_receive=135672146 total_send=251055538 total_receive=135672146 send_by_category={'ACTS': 251052880, 'MODEL': 2210, 'OTHER': 448} recv_by_category={'GRADS': 135669824, 'OTHER': 112, 'MODEL': 2210} send_by_type={2: 251052880, 7: 2210, 3: 112, 4: 112, 6: 112, 10: 112} recv_by_type={1: 135669824, 6: 112, 8: 2210}
2026-02-16 23:54:24,858 - SplitNNServer - INFO - 26252 - phase=validation acc=0.098 loss=12.678075271316722 epoch=5 and step=79
2026-02-16 23:54:27,953 - SplitNNServer - INFO - 26252 - phase=train acc=0.0 loss=12.946087837219238 epoch=6 and step=0
2026-02-16 23:54:28,632 - SplitNNServer - INFO - 26252 - phase=train acc=0.0 loss=1.9035717248916626 epoch=6 and step=10
2026-02-16 23:54:29,420 - SplitNNServer - INFO - 26252 - phase=train acc=0.42857142857142855 loss=1.2589435577392578 epoch=6 and step=20
2026-02-16 23:54:30,227 - SplitNNServer - INFO - 26252 - phase=train acc=0.6129032258064516 loss=0.7599582076072693 epoch=6 and step=30
2026-02-16 23:54:30,956 - SplitNNServer - INFO - 26252 - phase=train acc=0.7073170731707317 loss=0.4586629569530487 epoch=6 and step=40
2026-02-16 23:54:31,874 - SplitNNServer - INFO - 26252 - phase=train acc=0.7647058823529411 loss=0.29726025462150574 epoch=6 and step=50
2026-02-16 23:54:32,016 - SplitNNClient - INFO - 22280 - worker_num=2 epoch_send=268764002 epoch_receive=153370532 total_send=268764002 total_receive=153370532 send_by_category={'OTHER': 560, 'ACTS': 268761232, 'MODEL': 2210} recv_by_category={'OTHER': 224, 'MODEL': 4420, 'GRADS': 153365888} send_by_type={10: 224, 2: 268761232, 7: 2210, 3: 112, 4: 112, 6: 112} recv_by_type={6: 224, 8: 4420, 1: 153365888}
2026-02-16 23:54:33,515 - SplitNNServer - INFO - 26252 - phase=validation acc=0.1135 loss=3.2696205121052415 epoch=6 and step=79
2026-02-16 23:54:36,628 - SplitNNServer - INFO - 26252 - phase=train acc=0.0 loss=3.752389907836914 epoch=7 and step=0
2026-02-16 23:54:37,309 - SplitNNServer - INFO - 26252 - phase=train acc=0.0 loss=3.1970009803771973 epoch=7 and step=10
2026-02-16 23:54:37,945 - SplitNNServer - INFO - 26252 - phase=train acc=0.0 loss=2.1025121212005615 epoch=7 and step=20
2026-02-16 23:54:38,687 - SplitNNServer - INFO - 26252 - phase=train acc=0.0 loss=1.082698941230774 epoch=7 and step=30
2026-02-16 23:54:39,517 - SplitNNServer - INFO - 26252 - phase=train acc=0.24390243902439024 loss=0.4401254951953888 epoch=7 and step=40
2026-02-16 23:54:39,918 - SplitNNClient - INFO - 23096 - worker_num=3 epoch_send=251055650 epoch_receive=135674468 total_send=251055650 total_receive=135674468 send_by_category={'OTHER': 560, 'ACTS': 251052880, 'MODEL': 2210} recv_by_category={'OTHER': 224, 'MODEL': 4420, 'GRADS': 135669824} send_by_type={10: 224, 2: 251052880, 7: 2210, 3: 112, 4: 112, 6: 112} recv_by_type={6: 224, 8: 4420, 1: 135669824}
2026-02-16 23:54:41,456 - SplitNNServer - INFO - 26252 - phase=validation acc=0.1032 loss=3.495825818822354 epoch=7 and step=79
2026-02-16 23:54:44,548 - SplitNNServer - INFO - 26252 - phase=train acc=0.0 loss=4.056407928466797 epoch=8 and step=0
2026-02-16 23:54:45,182 - SplitNNServer - INFO - 26252 - phase=train acc=0.0 loss=3.2021753787994385 epoch=8 and step=10
2026-02-16 23:54:45,820 - SplitNNServer - INFO - 26252 - phase=train acc=0.0 loss=1.7930351495742798 epoch=8 and step=20
2026-02-16 23:54:46,491 - SplitNNServer - INFO - 26252 - phase=train acc=0.16129032258064516 loss=0.653810441493988 epoch=8 and step=30
2026-02-16 23:54:47,270 - SplitNNServer - INFO - 26252 - phase=train acc=0.36585365853658536 loss=0.13590408861637115 epoch=8 and step=40
2026-02-16 23:54:47,737 - SplitNNClient - INFO - 33532 - worker_num=4 epoch_send=254007042 epoch_receive=138623812 total_send=254007042 total_receive=138623812 send_by_category={'OTHER': 560, 'ACTS': 254004272, 'MODEL': 2210} recv_by_category={'OTHER': 224, 'MODEL': 4420, 'GRADS': 138619168} send_by_type={10: 224, 2: 254004272, 7: 2210, 3: 112, 4: 112, 6: 112} recv_by_type={6: 224, 8: 4420, 1: 138619168}
2026-02-16 23:54:49,302 - SplitNNServer - INFO - 26252 - phase=validation acc=0.101 loss=4.7934315959109535 epoch=8 and step=79
2026-02-16 23:54:52,370 - SplitNNServer - INFO - 26252 - phase=train acc=0.0 loss=5.715003490447998 epoch=9 and step=0
2026-02-16 23:54:53,081 - SplitNNServer - INFO - 26252 - phase=train acc=0.0 loss=3.410515546798706 epoch=9 and step=10
2026-02-16 23:54:53,939 - SplitNNServer - INFO - 26252 - phase=train acc=0.0 loss=1.8024829626083374 epoch=9 and step=20
2026-02-16 23:54:54,839 - SplitNNServer - INFO - 26252 - phase=train acc=0.16129032258064516 loss=0.7249892950057983 epoch=9 and step=30
2026-02-16 23:54:55,477 - SplitNNServer - INFO - 26252 - phase=train acc=0.36585365853658536 loss=0.13996706902980804 epoch=9 and step=40
2026-02-16 23:54:55,845 - SplitNNClient - INFO - 34892 - worker_num=5 epoch_send=248104258 epoch_receive=132725124 total_send=248104258 total_receive=132725124 send_by_category={'OTHER': 560, 'ACTS': 248101488, 'MODEL': 2210} recv_by_category={'OTHER': 224, 'MODEL': 4420, 'GRADS': 132720480} send_by_type={10: 224, 2: 248101488, 7: 2210, 3: 112, 4: 112, 6: 112} recv_by_type={6: 224, 8: 4420, 1: 132720480}
2026-02-16 23:54:57,409 - SplitNNServer - INFO - 26252 - phase=validation acc=0.0982 loss=4.71081578580639 epoch=9 and step=79
2026-02-16 23:55:00,511 - SplitNNServer - INFO - 26252 - phase=train acc=0.0 loss=5.331131458282471 epoch=10 and step=0
2026-02-16 23:55:01,420 - SplitNNServer - INFO - 26252 - phase=train acc=0.0 loss=3.3319737911224365 epoch=10 and step=10
2026-02-16 23:55:02,085 - SplitNNServer - INFO - 26252 - phase=train acc=0.0 loss=1.796933889389038 epoch=10 and step=20
2026-02-16 23:55:03,035 - SplitNNServer - INFO - 26252 - phase=train acc=0.16129032258064516 loss=0.699578583240509 epoch=10 and step=30
2026-02-16 23:55:03,891 - SplitNNServer - INFO - 26252 - phase=train acc=0.36585365853658536 loss=0.1306619793176651 epoch=10 and step=40
2026-02-16 23:55:04,374 - SplitNNClient - INFO - 34924 - worker_num=1 epoch_send=434229060 epoch_receive=203509380 total_send=434229060 total_receive=203509380 send_by_category={'ACTS': 434223744, 'MODEL': 4420, 'OTHER': 896} recv_by_category={'GRADS': 203504736, 'OTHER': 224, 'MODEL': 4420} send_by_type={2: 434223744, 7: 4420, 3: 224, 4: 224, 6: 224, 10: 224} recv_by_type={1: 203504736, 6: 224, 8: 4420}
2026-02-16 23:55:05,906 - SplitNNServer - INFO - 26252 - phase=validation acc=0.098 loss=5.031056398077856 epoch=10 and step=79
2026-02-16 23:55:09,014 - SplitNNServer - INFO - 26252 - phase=train acc=0.0 loss=5.760947227478027 epoch=11 and step=0
2026-02-16 23:55:09,799 - SplitNNServer - INFO - 26252 - phase=train acc=0.0 loss=2.5812718868255615 epoch=11 and step=10
2026-02-16 23:55:10,472 - SplitNNServer - INFO - 26252 - phase=train acc=0.047619047619047616 loss=1.252771258354187 epoch=11 and step=20
2026-02-16 23:55:11,221 - SplitNNServer - INFO - 26252 - phase=train acc=0.3548387096774194 loss=0.7227505445480347 epoch=11 and step=30
2026-02-16 23:55:12,036 - SplitNNServer - INFO - 26252 - phase=train acc=0.5121951219512195 loss=0.4308166205883026 epoch=11 and step=40
2026-02-16 23:55:12,967 - SplitNNServer - INFO - 26252 - phase=train acc=0.6078431372549019 loss=0.2840583324432373 epoch=11 and step=50
2026-02-16 23:55:13,064 - SplitNNClient - INFO - 22280 - worker_num=2 epoch_send=460791700 epoch_receive=230055798 total_send=460791700 total_receive=230055798 send_by_category={'OTHER': 1008, 'ACTS': 460786272, 'MODEL': 4420} recv_by_category={'OTHER': 336, 'MODEL': 6630, 'GRADS': 230048832} send_by_type={10: 336, 2: 460786272, 7: 4420, 3: 224, 4: 224, 6: 224} recv_by_type={6: 336, 8: 6630, 1: 230048832}
2026-02-16 23:55:14,713 - SplitNNServer - INFO - 26252 - phase=validation acc=0.1135 loss=3.4146604085270362 epoch=11 and step=79
2026-02-16 23:55:17,743 - SplitNNServer - INFO - 26252 - phase=train acc=0.0 loss=3.298557758331299 epoch=12 and step=0
2026-02-16 23:55:18,577 - SplitNNServer - INFO - 26252 - phase=train acc=0.0 loss=2.8499197959899902 epoch=12 and step=10
2026-02-16 23:55:19,346 - SplitNNServer - INFO - 26252 - phase=train acc=0.0 loss=1.839927315711975 epoch=12 and step=20
2026-02-16 23:55:20,083 - SplitNNServer - INFO - 26252 - phase=train acc=0.03225806451612903 loss=0.9843491911888123 epoch=12 and step=30
2026-02-16 23:55:20,859 - SplitNNServer - INFO - 26252 - phase=train acc=0.2682926829268293 loss=0.5149092674255371 epoch=12 and step=40
2026-02-16 23:55:21,314 - SplitNNClient - INFO - 23096 - worker_num=3 epoch_send=434229172 epoch_receive=203511702 total_send=434229172 total_receive=203511702 send_by_category={'OTHER': 1008, 'ACTS': 434223744, 'MODEL': 4420} recv_by_category={'OTHER': 336, 'MODEL': 6630, 'GRADS': 203504736} send_by_type={10: 336, 2: 434223744, 7: 4420, 3: 224, 4: 224, 6: 224} recv_by_type={6: 336, 8: 6630, 1: 203504736}
2026-02-16 23:55:22,869 - SplitNNServer - INFO - 26252 - phase=validation acc=0.1032 loss=3.3717352529115314 epoch=12 and step=79
2026-02-16 23:55:25,946 - SplitNNServer - INFO - 26252 - phase=train acc=0.0 loss=3.561401844024658 epoch=13 and step=0
2026-02-16 23:55:26,757 - SplitNNServer - INFO - 26252 - phase=train acc=0.0 loss=3.1556742191314697 epoch=13 and step=10
2026-02-16 23:55:27,656 - SplitNNServer - INFO - 26252 - phase=train acc=0.0 loss=2.1484601497650146 epoch=13 and step=20
2026-02-16 23:55:28,479 - SplitNNServer - INFO - 26252 - phase=train acc=0.0 loss=1.2119120359420776 epoch=13 and step=30
2026-02-16 23:55:29,174 - SplitNNServer - INFO - 26252 - phase=train acc=0.1951219512195122 loss=0.6360569596290588 epoch=13 and step=40
2026-02-16 23:55:29,724 - SplitNNClient - INFO - 33532 - worker_num=4 epoch_send=438656260 epoch_receive=207935718 total_send=438656260 total_receive=207935718 send_by_category={'OTHER': 1008, 'ACTS': 438650832, 'MODEL': 4420} recv_by_category={'OTHER': 336, 'MODEL': 6630, 'GRADS': 207928752} send_by_type={10: 336, 2: 438650832, 7: 4420, 3: 224, 4: 224, 6: 224} recv_by_type={6: 336, 8: 6630, 1: 207928752}
2026-02-16 23:55:31,295 - SplitNNServer - INFO - 26252 - phase=validation acc=0.101 loss=3.3340424616125564 epoch=13 and step=79
2026-02-16 23:55:34,352 - SplitNNServer - INFO - 26252 - phase=train acc=0.0 loss=3.592963457107544 epoch=14 and step=0
2026-02-16 23:55:35,001 - SplitNNServer - INFO - 26252 - phase=train acc=0.0 loss=3.206800699234009 epoch=14 and step=10
2026-02-16 23:55:35,872 - SplitNNServer - INFO - 26252 - phase=train acc=0.0 loss=2.217670440673828 epoch=14 and step=20
2026-02-16 23:55:36,576 - SplitNNServer - INFO - 26252 - phase=train acc=0.0 loss=1.2756043672561646 epoch=14 and step=30
2026-02-16 23:55:37,233 - SplitNNServer - INFO - 26252 - phase=train acc=0.1951219512195122 loss=0.6758483648300171 epoch=14 and step=40
2026-02-16 23:55:37,663 - SplitNNClient - INFO - 34892 - worker_num=5 epoch_send=429802084 epoch_receive=199087686 total_send=429802084 total_receive=199087686 send_by_category={'OTHER': 1008, 'ACTS': 429796656, 'MODEL': 4420} recv_by_category={'OTHER': 336, 'MODEL': 6630, 'GRADS': 199080720} send_by_type={10: 336, 2: 429796656, 7: 4420, 3: 224, 4: 224, 6: 224} recv_by_type={6: 336, 8: 6630, 1: 199080720}
2026-02-16 23:55:39,196 - SplitNNServer - INFO - 26252 - phase=validation acc=0.0982 loss=3.272317418569251 epoch=14 and step=79
2026-02-16 23:55:42,296 - SplitNNServer - INFO - 26252 - phase=train acc=0.0 loss=3.401019811630249 epoch=15 and step=0
2026-02-16 23:55:42,929 - SplitNNServer - INFO - 26252 - phase=train acc=0.0 loss=3.0447487831115723 epoch=15 and step=10
2026-02-16 23:55:43,572 - SplitNNServer - INFO - 26252 - phase=train acc=0.0 loss=2.1018123626708984 epoch=15 and step=20
2026-02-16 23:55:44,207 - SplitNNServer - INFO - 26252 - phase=train acc=0.0 loss=1.2074084281921387 epoch=15 and step=30
2026-02-16 23:55:44,920 - SplitNNServer - INFO - 26252 - phase=train acc=0.21951219512195122 loss=0.6441784501075745 epoch=15 and step=40
2026-02-16 23:55:45,371 - SplitNNClient - INFO - 34924 - worker_num=1 epoch_send=617402582 epoch_receive=271346614 total_send=617402582 total_receive=271346614 send_by_category={'ACTS': 617394608, 'MODEL': 6630, 'OTHER': 1344} recv_by_category={'GRADS': 271339648, 'OTHER': 336, 'MODEL': 6630} send_by_type={2: 617394608, 7: 6630, 3: 336, 4: 336, 6: 336, 10: 336} recv_by_type={1: 271339648, 6: 336, 8: 6630}
2026-02-16 23:55:46,892 - SplitNNServer - INFO - 26252 - phase=validation acc=0.098 loss=3.3590690184243117 epoch=15 and step=79
2026-02-16 23:55:49,984 - SplitNNServer - INFO - 26252 - phase=train acc=0.0 loss=3.2434141635894775 epoch=16 and step=0
2026-02-16 23:55:50,785 - SplitNNServer - INFO - 26252 - phase=train acc=0.0 loss=2.8863465785980225 epoch=16 and step=10
2026-02-16 23:55:51,551 - SplitNNServer - INFO - 26252 - phase=train acc=0.0 loss=1.9495145082473755 epoch=16 and step=20
2026-02-16 23:55:52,280 - SplitNNServer - INFO - 26252 - phase=train acc=0.0 loss=1.0925453901290894 epoch=16 and step=30
2026-02-16 23:55:53,142 - SplitNNServer - INFO - 26252 - phase=train acc=0.24390243902439024 loss=0.5796061158180237 epoch=16 and step=40
2026-02-16 23:55:53,917 - SplitNNServer - INFO - 26252 - phase=train acc=0.39215686274509803 loss=0.33808833360671997 epoch=16 and step=50
2026-02-16 23:55:54,024 - SplitNNClient - INFO - 22280 - worker_num=2 epoch_send=652819398 epoch_receive=306741064 total_send=652819398 total_receive=306741064 send_by_category={'OTHER': 1456, 'ACTS': 652811312, 'MODEL': 6630} recv_by_category={'OTHER': 448, 'MODEL': 8840, 'GRADS': 306731776} send_by_type={10: 448, 2: 652811312, 7: 6630, 3: 336, 4: 336, 6: 336} recv_by_type={6: 448, 8: 8840, 1: 306731776}
2026-02-16 23:55:55,581 - SplitNNServer - INFO - 26252 - phase=validation acc=0.1135 loss=3.588956706131561 epoch=16 and step=79
2026-02-16 23:55:58,688 - SplitNNServer - INFO - 26252 - phase=train acc=0.0 loss=3.535778284072876 epoch=17 and step=0
2026-02-16 23:55:59,523 - SplitNNServer - INFO - 26252 - phase=train acc=0.0 loss=3.102735996246338 epoch=17 and step=10
2026-02-16 23:56:00,312 - SplitNNServer - INFO - 26252 - phase=train acc=0.0 loss=2.0736565589904785 epoch=17 and step=20
2026-02-16 23:56:00,953 - SplitNNServer - INFO - 26252 - phase=train acc=0.0 loss=1.1433066129684448 epoch=17 and step=30
2026-02-16 23:56:01,602 - SplitNNServer - INFO - 26252 - phase=train acc=0.21951219512195122 loss=0.5929345488548279 epoch=17 and step=40
2026-02-16 23:56:02,001 - SplitNNClient - INFO - 23096 - worker_num=3 epoch_send=617402694 epoch_receive=271348936 total_send=617402694 total_receive=271348936 send_by_category={'OTHER': 1456, 'ACTS': 617394608, 'MODEL': 6630} recv_by_category={'OTHER': 448, 'MODEL': 8840, 'GRADS': 271339648} send_by_type={10: 448, 2: 617394608, 7: 6630, 3: 336, 4: 336, 6: 336} recv_by_type={6: 448, 8: 8840, 1: 271339648}
2026-02-16 23:56:03,576 - SplitNNServer - INFO - 26252 - phase=validation acc=0.1032 loss=3.4782873165758352 epoch=17 and step=79
2026-02-16 23:56:06,669 - SplitNNServer - INFO - 26252 - phase=train acc=0.0 loss=3.3643147945404053 epoch=18 and step=0
2026-02-16 23:56:07,320 - SplitNNServer - INFO - 26252 - phase=train acc=0.0 loss=2.9855310916900635 epoch=18 and step=10
2026-02-16 23:56:07,966 - SplitNNServer - INFO - 26252 - phase=train acc=0.0 loss=2.0161094665527344 epoch=18 and step=20
2026-02-16 23:56:08,622 - SplitNNServer - INFO - 26252 - phase=train acc=0.0 loss=1.1254336833953857 epoch=18 and step=30
2026-02-16 23:56:09,445 - SplitNNServer - INFO - 26252 - phase=train acc=0.21951219512195122 loss=0.5906279683113098 epoch=18 and step=40
2026-02-16 23:56:10,054 - SplitNNClient - INFO - 33532 - worker_num=4 epoch_send=623305478 epoch_receive=277247624 total_send=623305478 total_receive=277247624 send_by_category={'OTHER': 1456, 'ACTS': 623297392, 'MODEL': 6630} recv_by_category={'OTHER': 448, 'MODEL': 8840, 'GRADS': 277238336} send_by_type={10: 448, 2: 623297392, 7: 6630, 3: 336, 4: 336, 6: 336} recv_by_type={6: 448, 8: 8840, 1: 277238336}
2026-02-16 23:56:11,609 - SplitNNServer - INFO - 26252 - phase=validation acc=0.101 loss=3.5423582958269724 epoch=18 and step=79
2026-02-16 23:56:14,670 - SplitNNServer - INFO - 26252 - phase=train acc=0.0 loss=3.3764383792877197 epoch=19 and step=0
2026-02-16 23:56:15,566 - SplitNNServer - INFO - 26252 - phase=train acc=0.0 loss=2.990295171737671 epoch=19 and step=10
2026-02-16 23:56:16,335 - SplitNNServer - INFO - 26252 - phase=train acc=0.0 loss=2.012815237045288 epoch=19 and step=20
2026-02-16 23:56:17,134 - SplitNNServer - INFO - 26252 - phase=train acc=0.0 loss=1.1193428039550781 epoch=19 and step=30
2026-02-16 23:56:17,841 - SplitNNServer - INFO - 26252 - phase=train acc=0.21951219512195122 loss=0.5859904885292053 epoch=19 and step=40
2026-02-16 23:56:18,123 - SplitNNClient - INFO - 34892 - worker_num=5 epoch_send=611499910 epoch_receive=265450248 total_send=611499910 total_receive=265450248 send_by_category={'OTHER': 1456, 'ACTS': 611491824, 'MODEL': 6630} recv_by_category={'OTHER': 448, 'MODEL': 8840, 'GRADS': 265440960} send_by_type={10: 448, 2: 611491824, 7: 6630, 3: 336, 4: 336, 6: 336} recv_by_type={6: 448, 8: 8840, 1: 265440960}
2026-02-16 23:56:19,705 - SplitNNServer - INFO - 26252 - phase=validation acc=0.0982 loss=3.5331345721136165 epoch=19 and step=79
2026-02-16 23:56:22,820 - SplitNNServer - INFO - 26252 - phase=train acc=0.0 loss=3.289619207382202 epoch=20 and step=0
2026-02-16 23:56:23,455 - SplitNNServer - INFO - 26252 - phase=train acc=0.0 loss=2.9205665588378906 epoch=20 and step=10
2026-02-16 23:56:24,369 - SplitNNServer - INFO - 26252 - phase=train acc=0.0 loss=1.9667564630508423 epoch=20 and step=20
2026-02-16 23:56:25,047 - SplitNNServer - INFO - 26252 - phase=train acc=0.0 loss=1.0947284698486328 epoch=20 and step=30
2026-02-16 23:56:25,767 - SplitNNServer - INFO - 26252 - phase=train acc=0.24390243902439024 loss=0.5753439664840698 epoch=20 and step=40
2026-02-16 23:56:26,220 - SplitNNClient - INFO - 34924 - worker_num=1 epoch_send=800576104 epoch_receive=339183848 total_send=800576104 total_receive=339183848 send_by_category={'ACTS': 800565472, 'MODEL': 8840, 'OTHER': 1792} recv_by_category={'GRADS': 339174560, 'OTHER': 448, 'MODEL': 8840} send_by_type={2: 800565472, 7: 8840, 3: 448, 4: 448, 6: 448, 10: 448} recv_by_type={1: 339174560, 6: 448, 8: 8840}
2026-02-16 23:56:27,729 - SplitNNServer - INFO - 26252 - phase=validation acc=0.098 loss=3.6080622190161598 epoch=20 and step=79
2026-02-16 23:56:30,831 - SplitNNServer - INFO - 26252 - phase=train acc=0.0 loss=3.299259662628174 epoch=21 and step=0
2026-02-16 23:56:31,573 - SplitNNServer - INFO - 26252 - phase=train acc=0.0 loss=2.9208970069885254 epoch=21 and step=10
2026-02-16 23:56:32,310 - SplitNNServer - INFO - 26252 - phase=train acc=0.0 loss=1.9563292264938354 epoch=21 and step=20
2026-02-16 23:56:33,069 - SplitNNServer - INFO - 26252 - phase=train acc=0.0 loss=1.081761121749878 epoch=21 and step=30
2026-02-16 23:56:33,985 - SplitNNServer - INFO - 26252 - phase=train acc=0.24390243902439024 loss=0.5663632154464722 epoch=21 and step=40
2026-02-16 23:56:34,936 - SplitNNServer - INFO - 26252 - phase=train acc=0.39215686274509803 loss=0.3281654119491577 epoch=21 and step=50
2026-02-16 23:56:35,071 - SplitNNClient - INFO - 22280 - worker_num=2 epoch_send=844847096 epoch_receive=383426330 total_send=844847096 total_receive=383426330 send_by_category={'OTHER': 1904, 'ACTS': 844836352, 'MODEL': 8840} recv_by_category={'OTHER': 560, 'MODEL': 11050, 'GRADS': 383414720} send_by_type={10: 560, 2: 844836352, 7: 8840, 3: 448, 4: 448, 6: 448} recv_by_type={6: 560, 8: 11050, 1: 383414720}
2026-02-16 23:56:36,668 - SplitNNServer - INFO - 26252 - phase=validation acc=0.1135 loss=3.7691685338563556 epoch=21 and step=79
2026-02-16 23:56:39,752 - SplitNNServer - INFO - 26252 - phase=train acc=0.0 loss=3.506000518798828 epoch=22 and step=0
2026-02-16 23:56:40,461 - SplitNNServer - INFO - 26252 - phase=train acc=0.0 loss=3.068340539932251 epoch=22 and step=10
2026-02-16 23:56:41,320 - SplitNNServer - INFO - 26252 - phase=train acc=0.0 loss=2.0353968143463135 epoch=22 and step=20
2026-02-16 23:56:41,955 - SplitNNServer - INFO - 26252 - phase=train acc=0.0 loss=1.1099061965942383 epoch=22 and step=30
2026-02-16 23:56:42,735 - SplitNNServer - INFO - 26252 - phase=train acc=0.21951219512195122 loss=0.5714406371116638 epoch=22 and step=40
2026-02-16 23:56:43,217 - SplitNNClient - INFO - 23096 - worker_num=3 epoch_send=800576216 epoch_receive=339186170 total_send=800576216 total_receive=339186170 send_by_category={'OTHER': 1904, 'ACTS': 800565472, 'MODEL': 8840} recv_by_category={'OTHER': 560, 'MODEL': 11050, 'GRADS': 339174560} send_by_type={10: 560, 2: 800565472, 7: 8840, 3: 448, 4: 448, 6: 448} recv_by_type={6: 560, 8: 11050, 1: 339174560}
2026-02-16 23:56:44,804 - SplitNNServer - INFO - 26252 - phase=validation acc=0.1032 loss=3.651836944531791 epoch=22 and step=79
2026-02-16 23:56:47,909 - SplitNNServer - INFO - 26252 - phase=train acc=0.0 loss=3.3248631954193115 epoch=23 and step=0
2026-02-16 23:56:48,547 - SplitNNServer - INFO - 26252 - phase=train acc=0.0 loss=2.941699743270874 epoch=23 and step=10
2026-02-16 23:56:49,314 - SplitNNServer - INFO - 26252 - phase=train acc=0.0 loss=1.9691067934036255 epoch=23 and step=20
2026-02-16 23:56:50,017 - SplitNNServer - INFO - 26252 - phase=train acc=0.0 loss=1.0861892700195312 epoch=23 and step=30
2026-02-16 23:56:50,655 - SplitNNServer - INFO - 26252 - phase=train acc=0.24390243902439024 loss=0.5663089752197266 epoch=23 and step=40
2026-02-16 23:56:51,064 - SplitNNClient - INFO - 33532 - worker_num=4 epoch_send=807954696 epoch_receive=346559530 total_send=807954696 total_receive=346559530 send_by_category={'OTHER': 1904, 'ACTS': 807943952, 'MODEL': 8840} recv_by_category={'OTHER': 560, 'MODEL': 11050, 'GRADS': 346547920} send_by_type={10: 560, 2: 807943952, 7: 8840, 3: 448, 4: 448, 6: 448} recv_by_type={6: 560, 8: 11050, 1: 346547920}
2026-02-16 23:56:52,619 - SplitNNServer - INFO - 26252 - phase=validation acc=0.101 loss=3.7111966217620465 epoch=23 and step=79
2026-02-16 23:56:55,681 - SplitNNServer - INFO - 26252 - phase=train acc=0.0 loss=3.3468170166015625 epoch=24 and step=0
2026-02-16 23:56:56,444 - SplitNNServer - INFO - 26252 - phase=train acc=0.0 loss=2.954988956451416 epoch=24 and step=10
2026-02-16 23:56:57,261 - SplitNNServer - INFO - 26252 - phase=train acc=0.0 loss=1.972812533378601 epoch=24 and step=20
2026-02-16 23:56:58,055 - SplitNNServer - INFO - 26252 - phase=train acc=0.0 loss=1.0849494934082031 epoch=24 and step=30
2026-02-16 23:56:58,942 - SplitNNServer - INFO - 26252 - phase=train acc=0.24390243902439024 loss=0.5643696188926697 epoch=24 and step=40
2026-02-16 23:56:59,332 - SplitNNClient - INFO - 34892 - worker_num=5 epoch_send=793197736 epoch_receive=331812810 total_send=793197736 total_receive=331812810 send_by_category={'OTHER': 1904, 'ACTS': 793186992, 'MODEL': 8840} recv_by_category={'OTHER': 560, 'MODEL': 11050, 'GRADS': 331801200} send_by_type={10: 560, 2: 793186992, 7: 8840, 3: 448, 4: 448, 6: 448} recv_by_type={6: 560, 8: 11050, 1: 331801200}
2026-02-16 23:57:00,914 - SplitNNServer - INFO - 26252 - phase=validation acc=0.0982 loss=3.693338294572468 epoch=24 and step=79
2026-02-16 23:57:04,026 - SplitNNServer - INFO - 26252 - phase=train acc=0.0 loss=3.273916721343994 epoch=25 and step=0
2026-02-16 23:57:04,839 - SplitNNServer - INFO - 26252 - phase=train acc=0.0 loss=2.8994662761688232 epoch=25 and step=10
2026-02-16 23:57:05,596 - SplitNNServer - INFO - 26252 - phase=train acc=0.0 loss=1.9399493932724 epoch=25 and step=20
2026-02-16 23:57:06,508 - SplitNNServer - INFO - 26252 - phase=train acc=0.0 loss=1.0701149702072144 epoch=25 and step=30
2026-02-16 23:57:07,362 - SplitNNServer - INFO - 26252 - phase=train acc=0.24390243902439024 loss=0.5591721534729004 epoch=25 and step=40
2026-02-16 23:57:07,760 - SplitNNClient - INFO - 34924 - worker_num=1 epoch_send=983749626 epoch_receive=407021082 total_send=983749626 total_receive=407021082 send_by_category={'ACTS': 983736336, 'MODEL': 11050, 'OTHER': 2240} recv_by_category={'GRADS': 407009472, 'OTHER': 560, 'MODEL': 11050} send_by_type={2: 983736336, 7: 11050, 3: 560, 4: 560, 6: 560, 10: 560} recv_by_type={1: 407009472, 6: 560, 8: 11050}
2026-02-16 23:57:09,327 - SplitNNServer - INFO - 26252 - phase=validation acc=0.098 loss=3.755863346631014 epoch=25 and step=79
2026-02-16 23:57:12,381 - SplitNNServer - INFO - 26252 - phase=train acc=0.0 loss=3.283843755722046 epoch=26 and step=0
2026-02-16 23:57:13,174 - SplitNNServer - INFO - 26252 - phase=train acc=0.0 loss=2.9011855125427246 epoch=26 and step=10
2026-02-16 23:57:13,820 - SplitNNServer - INFO - 26252 - phase=train acc=0.0 loss=1.9324573278427124 epoch=26 and step=20
2026-02-16 23:57:14,486 - SplitNNServer - INFO - 26252 - phase=train acc=0.0 loss=1.0603724718093872 epoch=26 and step=30
2026-02-16 23:57:15,306 - SplitNNServer - INFO - 26252 - phase=train acc=0.24390243902439024 loss=0.5524783134460449 epoch=26 and step=40
2026-02-16 23:57:15,972 - SplitNNServer - INFO - 26252 - phase=train acc=0.39215686274509803 loss=0.3200988471508026 epoch=26 and step=50
2026-02-16 23:57:16,089 - SplitNNClient - INFO - 22280 - worker_num=2 epoch_send=1036874794 epoch_receive=460111596 total_send=1036874794 total_receive=460111596 send_by_category={'OTHER': 2352, 'ACTS': 1036861392, 'MODEL': 11050} recv_by_category={'OTHER': 672, 'MODEL': 13260, 'GRADS': 460097664} send_by_type={10: 672, 2: 1036861392, 7: 11050, 3: 560, 4: 560, 6: 560} recv_by_type={6: 672, 8: 13260, 1: 460097664}
2026-02-16 23:57:17,600 - SplitNNServer - INFO - 26252 - phase=validation acc=0.1135 loss=3.9067156495927255 epoch=26 and step=79
2026-02-16 23:57:20,663 - SplitNNServer - INFO - 26252 - phase=train acc=0.0 loss=3.4886937141418457 epoch=27 and step=0
2026-02-16 23:57:21,382 - SplitNNServer - INFO - 26252 - phase=train acc=0.0 loss=3.0471105575561523 epoch=27 and step=10
2026-02-16 23:57:22,106 - SplitNNServer - INFO - 26252 - phase=train acc=0.0 loss=2.0112171173095703 epoch=27 and step=20
2026-02-16 23:57:22,806 - SplitNNServer - INFO - 26252 - phase=train acc=0.0 loss=1.0889509916305542 epoch=27 and step=30
2026-02-16 23:57:23,657 - SplitNNServer - INFO - 26252 - phase=train acc=0.21951219512195122 loss=0.5581961274147034 epoch=27 and step=40
2026-02-16 23:57:24,174 - SplitNNClient - INFO - 23096 - worker_num=3 epoch_send=983749738 epoch_receive=407023404 total_send=983749738 total_receive=407023404 send_by_category={'OTHER': 2352, 'ACTS': 983736336, 'MODEL': 11050} recv_by_category={'OTHER': 672, 'MODEL': 13260, 'GRADS': 407009472} send_by_type={10: 672, 2: 983736336, 7: 11050, 3: 560, 4: 560, 6: 560} recv_by_type={6: 672, 8: 13260, 1: 407009472}
2026-02-16 23:57:25,756 - SplitNNServer - INFO - 26252 - phase=validation acc=0.1032 loss=3.783799950080582 epoch=27 and step=79
2026-02-16 23:57:28,840 - SplitNNServer - INFO - 26252 - phase=train acc=0.0 loss=3.3103439807891846 epoch=28 and step=0
2026-02-16 23:57:29,636 - SplitNNServer - INFO - 26252 - phase=train acc=0.0 loss=2.9238574504852295 epoch=28 and step=10
2026-02-16 23:57:30,457 - SplitNNServer - INFO - 26252 - phase=train acc=0.0 loss=1.9481679201126099 epoch=28 and step=20
2026-02-16 23:57:31,274 - SplitNNServer - INFO - 26252 - phase=train acc=0.0 loss=1.0677679777145386 epoch=28 and step=30
2026-02-16 23:57:32,159 - SplitNNServer - INFO - 26252 - phase=train acc=0.24390243902439024 loss=0.5545092225074768 epoch=28 and step=40
2026-02-16 23:57:32,708 - SplitNNClient - INFO - 33532 - worker_num=4 epoch_send=992603914 epoch_receive=415871436 total_send=992603914 total_receive=415871436 send_by_category={'OTHER': 2352, 'ACTS': 992590512, 'MODEL': 11050} recv_by_category={'OTHER': 672, 'MODEL': 13260, 'GRADS': 415857504} send_by_type={10: 672, 2: 992590512, 7: 11050, 3: 560, 4: 560, 6: 560} recv_by_type={6: 672, 8: 13260, 1: 415857504}
2026-02-16 23:57:34,229 - SplitNNServer - INFO - 26252 - phase=validation acc=0.101 loss=3.836612197417247 epoch=28 and step=79
2026-02-16 23:57:37,335 - SplitNNServer - INFO - 26252 - phase=train acc=0.0 loss=3.3342301845550537 epoch=29 and step=0
2026-02-16 23:57:38,016 - SplitNNServer - INFO - 26252 - phase=train acc=0.0 loss=2.9392409324645996 epoch=29 and step=10
2026-02-16 23:57:38,753 - SplitNNServer - INFO - 26252 - phase=train acc=0.0 loss=1.954219937324524 epoch=29 and step=20
2026-02-16 23:57:39,542 - SplitNNServer - INFO - 26252 - phase=train acc=0.0 loss=1.0685368776321411 epoch=29 and step=30
2026-02-16 23:57:40,313 - SplitNNServer - INFO - 26252 - phase=train acc=0.24390243902439024 loss=0.5538334846496582 epoch=29 and step=40
2026-02-16 23:57:40,638 - SplitNNClient - INFO - 34892 - worker_num=5 epoch_send=974895562 epoch_receive=398175372 total_send=974895562 total_receive=398175372 send_by_category={'OTHER': 2352, 'ACTS': 974882160, 'MODEL': 11050} recv_by_category={'OTHER': 672, 'MODEL': 13260, 'GRADS': 398161440} send_by_type={10: 672, 2: 974882160, 7: 11050, 3: 560, 4: 560, 6: 560} recv_by_type={6: 672, 8: 13260, 1: 398161440}
2026-02-16 23:57:42,346 - SplitNNServer - INFO - 26252 - phase=validation acc=0.0982 loss=3.8127912116956106 epoch=29 and step=79
2026-02-16 23:57:45,461 - SplitNNServer - INFO - 26252 - phase=train acc=0.0 loss=3.2628333568573 epoch=30 and step=0
2026-02-16 23:57:46,270 - SplitNNServer - INFO - 26252 - phase=train acc=0.0 loss=2.8857204914093018 epoch=30 and step=10
2026-02-16 23:57:46,903 - SplitNNServer - INFO - 26252 - phase=train acc=0.0 loss=1.923587441444397 epoch=30 and step=20
2026-02-16 23:57:47,635 - SplitNNServer - INFO - 26252 - phase=train acc=0.0 loss=1.0556039810180664 epoch=30 and step=30
2026-02-16 23:57:48,584 - SplitNNServer - INFO - 26252 - phase=train acc=0.24390243902439024 loss=0.5498055815696716 epoch=30 and step=40
2026-02-16 23:57:49,004 - SplitNNClient - INFO - 34924 - worker_num=1 epoch_send=1166923148 epoch_receive=474858316 total_send=1166923148 total_receive=474858316 send_by_category={'ACTS': 1166907200, 'MODEL': 13260, 'OTHER': 2688} recv_by_category={'GRADS': 474844384, 'OTHER': 672, 'MODEL': 13260} send_by_type={2: 1166907200, 7: 13260, 3: 672, 4: 672, 6: 672, 10: 672} recv_by_type={1: 474844384, 6: 672, 8: 13260}
2026-02-16 23:57:50,591 - SplitNNServer - INFO - 26252 - phase=validation acc=0.098 loss=3.8696053752416297 epoch=30 and step=79
2026-02-16 23:57:53,660 - SplitNNServer - INFO - 26252 - phase=train acc=0.0 loss=3.273926019668579 epoch=31 and step=0
2026-02-16 23:57:54,481 - SplitNNServer - INFO - 26252 - phase=train acc=0.0 loss=2.888768434524536 epoch=31 and step=10
2026-02-16 23:57:55,181 - SplitNNServer - INFO - 26252 - phase=train acc=0.0 loss=1.9177166223526 epoch=31 and step=20
2026-02-16 23:57:55,817 - SplitNNServer - INFO - 26252 - phase=train acc=0.0 loss=1.047353744506836 epoch=31 and step=30
2026-02-16 23:57:56,562 - SplitNNServer - INFO - 26252 - phase=train acc=0.24390243902439024 loss=0.5441026091575623 epoch=31 and step=40
2026-02-16 23:57:57,425 - SplitNNServer - INFO - 26252 - phase=train acc=0.39215686274509803 loss=0.3152351677417755 epoch=31 and step=50
2026-02-16 23:57:57,518 - SplitNNClient - INFO - 22280 - worker_num=2 epoch_send=1228902492 epoch_receive=536796862 total_send=1228902492 total_receive=536796862 send_by_category={'OTHER': 2800, 'ACTS': 1228886432, 'MODEL': 13260} recv_by_category={'OTHER': 784, 'MODEL': 15470, 'GRADS': 536780608} send_by_type={10: 784, 2: 1228886432, 7: 13260, 3: 672, 4: 672, 6: 672} recv_by_type={6: 784, 8: 15470, 1: 536780608}
2026-02-16 23:57:59,197 - SplitNNServer - INFO - 26252 - phase=validation acc=0.1135 loss=4.014563002163851 epoch=31 and step=79
2026-02-16 23:58:02,285 - SplitNNServer - INFO - 26252 - phase=train acc=0.0 loss=3.4786674976348877 epoch=32 and step=0
2026-02-16 23:58:03,055 - SplitNNServer - INFO - 26252 - phase=train acc=0.0 loss=3.0346388816833496 epoch=32 and step=10
2026-02-16 23:58:03,976 - SplitNNServer - INFO - 26252 - phase=train acc=0.0 loss=1.9968798160552979 epoch=32 and step=20
2026-02-16 23:58:04,741 - SplitNNServer - INFO - 26252 - phase=train acc=0.0 loss=1.0764799118041992 epoch=32 and step=30
2026-02-16 23:58:05,635 - SplitNNServer - INFO - 26252 - phase=train acc=0.21951219512195122 loss=0.5502929091453552 epoch=32 and step=40
2026-02-16 23:58:06,100 - SplitNNClient - INFO - 23096 - worker_num=3 epoch_send=1166923260 epoch_receive=474860638 total_send=1166923260 total_receive=474860638 send_by_category={'OTHER': 2800, 'ACTS': 1166907200, 'MODEL': 13260} recv_by_category={'OTHER': 784, 'MODEL': 15470, 'GRADS': 474844384} send_by_type={10: 784, 2: 1166907200, 7: 13260, 3: 672, 4: 672, 6: 672} recv_by_type={6: 784, 8: 15470, 1: 474844384}
2026-02-16 23:58:07,645 - SplitNNServer - INFO - 26252 - phase=validation acc=0.1032 loss=3.8879158225240587 epoch=32 and step=79
2026-02-16 23:58:10,707 - SplitNNServer - INFO - 26252 - phase=train acc=0.0 loss=3.301776885986328 epoch=33 and step=0
2026-02-16 23:58:11,422 - SplitNNServer - INFO - 26252 - phase=train acc=0.0 loss=2.9132180213928223 epoch=33 and step=10
2026-02-16 23:58:12,056 - SplitNNServer - INFO - 26252 - phase=train acc=0.0 loss=1.935585379600525 epoch=33 and step=20
2026-02-16 23:58:12,800 - SplitNNServer - INFO - 26252 - phase=train acc=0.0 loss=1.0566579103469849 epoch=33 and step=30
2026-02-16 23:58:13,634 - SplitNNServer - INFO - 26252 - phase=train acc=0.24390243902439024 loss=0.5473685264587402 epoch=33 and step=40
2026-02-16 23:58:14,242 - SplitNNClient - INFO - 33532 - worker_num=4 epoch_send=1177253132 epoch_receive=485183342 total_send=1177253132 total_receive=485183342 send_by_category={'OTHER': 2800, 'ACTS': 1177237072, 'MODEL': 13260} recv_by_category={'OTHER': 784, 'MODEL': 15470, 'GRADS': 485167088} send_by_type={10: 784, 2: 1177237072, 7: 13260, 3: 672, 4: 672, 6: 672} recv_by_type={6: 784, 8: 15470, 1: 485167088}
2026-02-16 23:58:15,730 - SplitNNServer - INFO - 26252 - phase=validation acc=0.101 loss=3.9364629667016526 epoch=33 and step=79
2026-02-16 23:58:18,832 - SplitNNServer - INFO - 26252 - phase=train acc=0.0 loss=3.3262617588043213 epoch=34 and step=0
2026-02-16 23:58:19,533 - SplitNNServer - INFO - 26252 - phase=train acc=0.0 loss=2.9293065071105957 epoch=34 and step=10
2026-02-16 23:58:20,419 - SplitNNServer - INFO - 26252 - phase=train acc=0.0 loss=1.942535161972046 epoch=34 and step=20
2026-02-16 23:58:21,096 - SplitNNServer - INFO - 26252 - phase=train acc=0.0 loss=1.058249592781067 epoch=34 and step=30
2026-02-16 23:58:21,822 - SplitNNServer - INFO - 26252 - phase=train acc=0.24390243902439024 loss=0.5472344756126404 epoch=34 and step=40
2026-02-16 23:58:22,155 - SplitNNClient - INFO - 34892 - worker_num=5 epoch_send=1156593388 epoch_receive=464537934 total_send=1156593388 total_receive=464537934 send_by_category={'OTHER': 2800, 'ACTS': 1156577328, 'MODEL': 13260} recv_by_category={'OTHER': 784, 'MODEL': 15470, 'GRADS': 464521680} send_by_type={10: 784, 2: 1156577328, 7: 13260, 3: 672, 4: 672, 6: 672} recv_by_type={6: 784, 8: 15470, 1: 464521680}
2026-02-16 23:58:23,663 - SplitNNServer - INFO - 26252 - phase=validation acc=0.0982 loss=3.9088895169994498 epoch=34 and step=79
2026-02-16 23:58:26,765 - SplitNNServer - INFO - 26252 - phase=train acc=0.0 loss=3.255638360977173 epoch=35 and step=0
2026-02-16 23:58:27,714 - SplitNNServer - INFO - 26252 - phase=train acc=0.0 loss=2.8768162727355957 epoch=35 and step=10
2026-02-16 23:58:28,416 - SplitNNServer - INFO - 26252 - phase=train acc=0.0 loss=1.913025140762329 epoch=35 and step=20
2026-02-16 23:58:29,302 - SplitNNServer - INFO - 26252 - phase=train acc=0.0 loss=1.0462673902511597 epoch=35 and step=30
2026-02-16 23:58:30,072 - SplitNNServer - INFO - 26252 - phase=train acc=0.24390243902439024 loss=0.5437864661216736 epoch=35 and step=40
2026-02-16 23:58:30,587 - SplitNNClient - INFO - 34924 - worker_num=1 epoch_send=1350096670 epoch_receive=542695550 total_send=1350096670 total_receive=542695550 send_by_category={'ACTS': 1350078064, 'MODEL': 15470, 'OTHER': 3136} recv_by_category={'GRADS': 542679296, 'OTHER': 784, 'MODEL': 15470} send_by_type={2: 1350078064, 7: 15470, 3: 784, 4: 784, 6: 784, 10: 784} recv_by_type={1: 542679296, 6: 784, 8: 15470}
2026-02-16 23:58:32,122 - SplitNNServer - INFO - 26252 - phase=validation acc=0.098 loss=3.9620104590548744 epoch=35 and step=79
2026-02-16 23:58:35,168 - SplitNNServer - INFO - 26252 - phase=train acc=0.0 loss=3.2674529552459717 epoch=36 and step=0
2026-02-16 23:58:35,841 - SplitNNServer - INFO - 26252 - phase=train acc=0.0 loss=2.8806517124176025 epoch=36 and step=10
2026-02-16 23:58:36,475 - SplitNNServer - INFO - 26252 - phase=train acc=0.0 loss=1.908078908920288 epoch=36 and step=20
2026-02-16 23:58:37,107 - SplitNNServer - INFO - 26252 - phase=train acc=0.0 loss=1.0388498306274414 epoch=36 and step=30
2026-02-16 23:58:37,791 - SplitNNServer - INFO - 26252 - phase=train acc=0.24390243902439024 loss=0.538629949092865 epoch=36 and step=40
2026-02-16 23:58:38,646 - SplitNNServer - INFO - 26252 - phase=train acc=0.39215686274509803 loss=0.3120443522930145 epoch=36 and step=50
2026-02-16 23:58:38,783 - SplitNNClient - INFO - 22280 - worker_num=2 epoch_send=1420930190 epoch_receive=613482128 total_send=1420930190 total_receive=613482128 send_by_category={'OTHER': 3248, 'ACTS': 1420911472, 'MODEL': 15470} recv_by_category={'OTHER': 896, 'MODEL': 17680, 'GRADS': 613463552} send_by_type={10: 896, 2: 1420911472, 7: 15470, 3: 784, 4: 784, 6: 784} recv_by_type={6: 896, 8: 17680, 1: 613463552}
2026-02-16 23:58:40,289 - SplitNNServer - INFO - 26252 - phase=validation acc=0.1135 loss=4.103024660786496 epoch=36 and step=79
2026-02-16 23:58:43,334 - SplitNNServer - INFO - 26252 - phase=train acc=0.0 loss=3.4720311164855957 epoch=37 and step=0
2026-02-16 23:58:44,117 - SplitNNServer - INFO - 26252 - phase=train acc=0.0 loss=3.0263781547546387 epoch=37 and step=10
2026-02-16 23:58:45,001 - SplitNNServer - INFO - 26252 - phase=train acc=0.0 loss=1.9873751401901245 epoch=37 and step=20
2026-02-16 23:58:45,823 - SplitNNServer - INFO - 26252 - phase=train acc=0.0 loss=1.0682135820388794 epoch=37 and step=30
2026-02-16 23:58:46,654 - SplitNNServer - INFO - 26252 - phase=train acc=0.24390243902439024 loss=0.5450515151023865 epoch=37 and step=40
2026-02-16 23:58:47,115 - SplitNNClient - INFO - 23096 - worker_num=3 epoch_send=1350096782 epoch_receive=542697872 total_send=1350096782 total_receive=542697872 send_by_category={'OTHER': 3248, 'ACTS': 1350078064, 'MODEL': 15470} recv_by_category={'OTHER': 896, 'MODEL': 17680, 'GRADS': 542679296} send_by_type={10: 896, 2: 1350078064, 7: 15470, 3: 784, 4: 784, 6: 784} recv_by_type={6: 896, 8: 17680, 1: 542679296}
2026-02-16 23:58:48,690 - SplitNNServer - INFO - 26252 - phase=validation acc=0.1032 loss=3.9738300088085707 epoch=37 and step=79
2026-02-16 23:58:51,767 - SplitNNServer - INFO - 26252 - phase=train acc=0.0 loss=3.295997381210327 epoch=38 and step=0
2026-02-16 23:58:52,399 - SplitNNServer - INFO - 26252 - phase=train acc=0.0 loss=2.9060328006744385 epoch=38 and step=10
2026-02-16 23:58:53,029 - SplitNNServer - INFO - 26252 - phase=train acc=0.0 loss=1.927093267440796 epoch=38 and step=20
2026-02-16 23:58:53,717 - SplitNNServer - INFO - 26252 - phase=train acc=0.0 loss=1.0491657257080078 epoch=38 and step=30
2026-02-16 23:58:54,518 - SplitNNServer - INFO - 26252 - phase=train acc=0.24390243902439024 loss=0.5425518751144409 epoch=38 and step=40
2026-02-16 23:58:54,931 - SplitNNClient - INFO - 33532 - worker_num=4 epoch_send=1361902350 epoch_receive=554495248 total_send=1361902350 total_receive=554495248 send_by_category={'OTHER': 3248, 'ACTS': 1361883632, 'MODEL': 15470} recv_by_category={'OTHER': 896, 'MODEL': 17680, 'GRADS': 554476672} send_by_type={10: 896, 2: 1361883632, 7: 15470, 3: 784, 4: 784, 6: 784} recv_by_type={6: 896, 8: 17680, 1: 554476672}
2026-02-16 23:58:56,469 - SplitNNServer - INFO - 26252 - phase=validation acc=0.101 loss=4.019448123400724 epoch=38 and step=79
2026-02-16 23:58:59,573 - SplitNNServer - INFO - 26252 - phase=train acc=0.0 loss=3.3207976818084717 epoch=39 and step=0
2026-02-16 23:59:00,424 - SplitNNServer - INFO - 26252 - phase=train acc=0.0 loss=2.9224953651428223 epoch=39 and step=10
2026-02-16 23:59:01,121 - SplitNNServer - INFO - 26252 - phase=train acc=0.0 loss=1.9345260858535767 epoch=39 and step=20
2026-02-16 23:59:01,757 - SplitNNServer - INFO - 26252 - phase=train acc=0.0 loss=1.0512056350708008 epoch=39 and step=30
2026-02-16 23:59:02,428 - SplitNNServer - INFO - 26252 - phase=train acc=0.24390243902439024 loss=0.5427151322364807 epoch=39 and step=40
2026-02-16 23:59:02,848 - SplitNNClient - INFO - 34892 - worker_num=5 epoch_send=1338291214 epoch_receive=530900496 total_send=1338291214 total_receive=530900496 send_by_category={'OTHER': 3248, 'ACTS': 1338272496, 'MODEL': 15470} recv_by_category={'OTHER': 896, 'MODEL': 17680, 'GRADS': 530881920} send_by_type={10: 896, 2: 1338272496, 7: 15470, 3: 784, 4: 784, 6: 784} recv_by_type={6: 896, 8: 17680, 1: 530881920}
2026-02-16 23:59:04,309 - SplitNNServer - INFO - 26252 - phase=validation acc=0.0982 loss=3.9892662295812293 epoch=39 and step=79
2026-02-16 23:59:07,394 - SplitNNServer - INFO - 26252 - phase=train acc=0.0 loss=3.2506425380706787 epoch=40 and step=0
2026-02-16 23:59:08,241 - SplitNNServer - INFO - 26252 - phase=train acc=0.0 loss=2.870628595352173 epoch=40 and step=10
2026-02-16 23:59:08,933 - SplitNNServer - INFO - 26252 - phase=train acc=0.0 loss=1.9056875705718994 epoch=40 and step=20
2026-02-16 23:59:09,580 - SplitNNServer - INFO - 26252 - phase=train acc=0.0 loss=1.0397855043411255 epoch=40 and step=30
2026-02-16 23:59:10,245 - SplitNNServer - INFO - 26252 - phase=train acc=0.24390243902439024 loss=0.5396065711975098 epoch=40 and step=40
2026-02-16 23:59:10,762 - SplitNNClient - INFO - 34924 - worker_num=1 epoch_send=1533270192 epoch_receive=610532784 total_send=1533270192 total_receive=610532784 send_by_category={'ACTS': 1533248928, 'MODEL': 17680, 'OTHER': 3584} recv_by_category={'GRADS': 610514208, 'OTHER': 896, 'MODEL': 17680} send_by_type={2: 1533248928, 7: 17680, 3: 896, 4: 896, 6: 896, 10: 896} recv_by_type={1: 610514208, 6: 896, 8: 17680}
2026-02-16 23:59:12,286 - SplitNNServer - INFO - 26252 - phase=validation acc=0.098 loss=4.039785868004907 epoch=40 and step=79
2026-02-16 23:59:15,370 - SplitNNServer - INFO - 26252 - phase=train acc=0.0 loss=3.2629008293151855 epoch=41 and step=0
2026-02-16 23:59:16,049 - SplitNNServer - INFO - 26252 - phase=train acc=0.0 loss=2.8749375343322754 epoch=41 and step=10
2026-02-16 23:59:16,787 - SplitNNServer - INFO - 26252 - phase=train acc=0.0 loss=1.9012949466705322 epoch=41 and step=20
2026-02-16 23:59:17,462 - SplitNNServer - INFO - 26252 - phase=train acc=0.0 loss=1.0328692197799683 epoch=41 and step=30
2026-02-16 23:59:18,228 - SplitNNServer - INFO - 26252 - phase=train acc=0.24390243902439024 loss=0.5347800254821777 epoch=41 and step=40
2026-02-16 23:59:19,143 - SplitNNServer - INFO - 26252 - phase=train acc=0.39215686274509803 loss=0.30979302525520325 epoch=41 and step=50
2026-02-16 23:59:19,280 - SplitNNClient - INFO - 22280 - worker_num=2 epoch_send=1612957888 epoch_receive=690167394 total_send=1612957888 total_receive=690167394 send_by_category={'OTHER': 3696, 'ACTS': 1612936512, 'MODEL': 17680} recv_by_category={'OTHER': 1008, 'MODEL': 19890, 'GRADS': 690146496} send_by_type={10: 1008, 2: 1612936512, 7: 17680, 3: 896, 4: 896, 6: 896} recv_by_type={6: 1008, 8: 19890, 1: 690146496}
2026-02-16 23:59:20,849 - SplitNNServer - INFO - 26252 - phase=validation acc=0.1135 loss=4.177984460999694 epoch=41 and step=79
2026-02-16 23:59:23,943 - SplitNNServer - INFO - 26252 - phase=train acc=0.0 loss=3.4673116207122803 epoch=42 and step=0
2026-02-16 23:59:24,591 - SplitNNServer - INFO - 26252 - phase=train acc=0.0 loss=3.0204999446868896 epoch=42 and step=10
2026-02-16 23:59:25,253 - SplitNNServer - INFO - 26252 - phase=train acc=0.0 loss=1.9806100130081177 epoch=42 and step=20
2026-02-16 23:59:26,070 - SplitNNServer - INFO - 26252 - phase=train acc=0.0 loss=1.0623329877853394 epoch=42 and step=30
2026-02-16 23:59:26,869 - SplitNNServer - INFO - 26252 - phase=train acc=0.24390243902439024 loss=0.5413216948509216 epoch=42 and step=40
2026-02-16 23:59:27,289 - SplitNNClient - INFO - 23096 - worker_num=3 epoch_send=1533270304 epoch_receive=610535106 total_send=1533270304 total_receive=610535106 send_by_category={'OTHER': 3696, 'ACTS': 1533248928, 'MODEL': 17680} recv_by_category={'OTHER': 1008, 'MODEL': 19890, 'GRADS': 610514208} send_by_type={10: 1008, 2: 1533248928, 7: 17680, 3: 896, 4: 896, 6: 896} recv_by_type={6: 1008, 8: 19890, 1: 610514208}
2026-02-16 23:59:28,807 - SplitNNServer - INFO - 26252 - phase=validation acc=0.1032 loss=4.046947452086437 epoch=42 and step=79
2026-02-16 23:59:31,878 - SplitNNServer - INFO - 26252 - phase=train acc=0.0 loss=3.291839361190796 epoch=43 and step=0
2026-02-16 23:59:32,732 - SplitNNServer - INFO - 26252 - phase=train acc=0.0 loss=2.900861978530884 epoch=43 and step=10
2026-02-16 23:59:33,437 - SplitNNServer - INFO - 26252 - phase=train acc=0.0 loss=1.9209787845611572 epoch=43 and step=20
2026-02-16 23:59:34,291 - SplitNNServer - INFO - 26252 - phase=train acc=0.0 loss=1.0437746047973633 epoch=43 and step=30
2026-02-16 23:59:35,111 - SplitNNServer - INFO - 26252 - phase=train acc=0.24390243902439024 loss=0.5390854477882385 epoch=43 and step=40
2026-02-16 23:59:35,718 - SplitNNClient - INFO - 33532 - worker_num=4 epoch_send=1546551568 epoch_receive=623807154 total_send=1546551568 total_receive=623807154 send_by_category={'OTHER': 3696, 'ACTS': 1546530192, 'MODEL': 17680} recv_by_category={'OTHER': 1008, 'MODEL': 19890, 'GRADS': 623786256} send_by_type={10: 1008, 2: 1546530192, 7: 17680, 3: 896, 4: 896, 6: 896} recv_by_type={6: 1008, 8: 19890, 1: 623786256}
2026-02-16 23:59:37,427 - SplitNNServer - INFO - 26252 - phase=validation acc=0.101 loss=4.090430703344224 epoch=43 and step=79
2026-02-16 23:59:40,497 - SplitNNServer - INFO - 26252 - phase=train acc=0.0 loss=3.316826581954956 epoch=44 and step=0
2026-02-16 23:59:41,132 - SplitNNServer - INFO - 26252 - phase=train acc=0.0 loss=2.917541265487671 epoch=44 and step=10
2026-02-16 23:59:41,881 - SplitNNServer - INFO - 26252 - phase=train acc=0.0 loss=1.9287012815475464 epoch=44 and step=20
2026-02-16 23:59:42,547 - SplitNNServer - INFO - 26252 - phase=train acc=0.0 loss=1.046085238456726 epoch=44 and step=30
2026-02-16 23:59:43,185 - SplitNNServer - INFO - 26252 - phase=train acc=0.24390243902439024 loss=0.5394296050071716 epoch=44 and step=40
2026-02-16 23:59:43,456 - SplitNNClient - INFO - 34892 - worker_num=5 epoch_send=1519989040 epoch_receive=597263058 total_send=1519989040 total_receive=597263058 send_by_category={'OTHER': 3696, 'ACTS': 1519967664, 'MODEL': 17680} recv_by_category={'OTHER': 1008, 'MODEL': 19890, 'GRADS': 597242160} send_by_type={10: 1008, 2: 1519967664, 7: 17680, 3: 896, 4: 896, 6: 896} recv_by_type={6: 1008, 8: 19890, 1: 597242160}
2026-02-16 23:59:44,955 - SplitNNServer - INFO - 26252 - phase=validation acc=0.0982 loss=4.058330901061432 epoch=44 and step=79
2026-02-16 23:59:48,053 - SplitNNServer - INFO - 26252 - phase=train acc=0.0 loss=3.2469751834869385 epoch=45 and step=0
2026-02-16 23:59:48,698 - SplitNNServer - INFO - 26252 - phase=train acc=0.0 loss=2.8660848140716553 epoch=45 and step=10
2026-02-16 23:59:49,395 - SplitNNServer - INFO - 26252 - phase=train acc=0.0 loss=1.9002991914749146 epoch=45 and step=20
2026-02-16 23:59:50,067 - SplitNNServer - INFO - 26252 - phase=train acc=0.0 loss=1.0350275039672852 epoch=45 and step=30
2026-02-16 23:59:50,859 - SplitNNServer - INFO - 26252 - phase=train acc=0.24390243902439024 loss=0.5365375876426697 epoch=45 and step=40
2026-02-16 23:59:51,256 - SplitNNClient - INFO - 34924 - worker_num=1 epoch_send=1716443714 epoch_receive=678370018 total_send=1716443714 total_receive=678370018 send_by_category={'ACTS': 1716419792, 'MODEL': 19890, 'OTHER': 4032} recv_by_category={'GRADS': 678349120, 'OTHER': 1008, 'MODEL': 19890} send_by_type={2: 1716419792, 7: 19890, 3: 1008, 4: 1008, 6: 1008, 10: 1008} recv_by_type={1: 678349120, 6: 1008, 8: 19890}
2026-02-16 23:59:52,760 - SplitNNServer - INFO - 26252 - phase=validation acc=0.098 loss=4.106917761549165 epoch=45 and step=79
2026-02-16 23:59:55,804 - SplitNNServer - INFO - 26252 - phase=train acc=0.0 loss=3.2595245838165283 epoch=46 and step=0
2026-02-16 23:59:56,562 - SplitNNServer - INFO - 26252 - phase=train acc=0.0 loss=2.8707005977630615 epoch=46 and step=10
2026-02-16 23:59:57,352 - SplitNNServer - INFO - 26252 - phase=train acc=0.0 loss=1.8962666988372803 epoch=46 and step=20
2026-02-16 23:59:58,175 - SplitNNServer - INFO - 26252 - phase=train acc=0.0 loss=1.028436541557312 epoch=46 and step=30
2026-02-16 23:59:58,813 - SplitNNServer - INFO - 26252 - phase=train acc=0.24390243902439024 loss=0.5319262742996216 epoch=46 and step=40
2026-02-16 23:59:59,555 - SplitNNServer - INFO - 26252 - phase=train acc=0.39215686274509803 loss=0.30812087655067444 epoch=46 and step=50
2026-02-16 23:59:59,658 - SplitNNClient - INFO - 22280 - worker_num=2 epoch_send=1804985586 epoch_receive=766852660 total_send=1804985586 total_receive=766852660 send_by_category={'OTHER': 4144, 'ACTS': 1804961552, 'MODEL': 19890} recv_by_category={'OTHER': 1120, 'MODEL': 22100, 'GRADS': 766829440} send_by_type={10: 1120, 2: 1804961552, 7: 19890, 3: 1008, 4: 1008, 6: 1008} recv_by_type={6: 1120, 8: 22100, 1: 766829440}
2026-02-17 00:00:01,349 - SplitNNServer - INFO - 26252 - phase=validation acc=0.1135 loss=4.243006998979593 epoch=46 and step=79
2026-02-17 00:00:04,429 - SplitNNServer - INFO - 26252 - phase=train acc=0.0 loss=3.463779926300049 epoch=47 and step=0
2026-02-17 00:00:05,097 - SplitNNServer - INFO - 26252 - phase=train acc=0.0 loss=3.0161030292510986 epoch=47 and step=10
2026-02-17 00:00:05,824 - SplitNNServer - INFO - 26252 - phase=train acc=0.0 loss=1.9755516052246094 epoch=47 and step=20
2026-02-17 00:00:06,470 - SplitNNServer - INFO - 26252 - phase=train acc=0.0 loss=1.057937502861023 epoch=47 and step=30
2026-02-17 00:00:07,108 - SplitNNServer - INFO - 26252 - phase=train acc=0.24390243902439024 loss=0.5385333299636841 epoch=47 and step=40
2026-02-17 00:00:07,446 - SplitNNClient - INFO - 23096 - worker_num=3 epoch_send=1716443826 epoch_receive=678372340 total_send=1716443826 total_receive=678372340 send_by_category={'OTHER': 4144, 'ACTS': 1716419792, 'MODEL': 19890} recv_by_category={'OTHER': 1120, 'MODEL': 22100, 'GRADS': 678349120} send_by_type={10: 1120, 2: 1716419792, 7: 19890, 3: 1008, 4: 1008, 6: 1008} recv_by_type={6: 1120, 8: 22100, 1: 678349120}
2026-02-17 00:00:09,234 - SplitNNServer - INFO - 26252 - phase=validation acc=0.1032 loss=4.110576511938361 epoch=47 and step=79
2026-02-17 00:00:12,311 - SplitNNServer - INFO - 26252 - phase=train acc=0.0 loss=3.2887041568756104 epoch=48 and step=0
2026-02-17 00:00:12,971 - SplitNNServer - INFO - 26252 - phase=train acc=0.0 loss=2.8969616889953613 epoch=48 and step=10
2026-02-17 00:00:13,655 - SplitNNServer - INFO - 26252 - phase=train acc=0.0 loss=1.9163700342178345 epoch=48 and step=20
2026-02-17 00:00:14,401 - SplitNNServer - INFO - 26252 - phase=train acc=0.0 loss=1.0397119522094727 epoch=48 and step=30
2026-02-17 00:00:15,171 - SplitNNServer - INFO - 26252 - phase=train acc=0.24390243902439024 loss=0.5364722609519958 epoch=48 and step=40
2026-02-17 00:00:15,604 - SplitNNClient - INFO - 33532 - worker_num=4 epoch_send=1731200786 epoch_receive=693119060 total_send=1731200786 total_receive=693119060 send_by_category={'OTHER': 4144, 'ACTS': 1731176752, 'MODEL': 19890} recv_by_category={'OTHER': 1120, 'MODEL': 22100, 'GRADS': 693095840} send_by_type={10: 1120, 2: 1731176752, 7: 19890, 3: 1008, 4: 1008, 6: 1008} recv_by_type={6: 1120, 8: 22100, 1: 693095840}
2026-02-17 00:00:17,189 - SplitNNServer - INFO - 26252 - phase=validation acc=0.101 loss=4.152435145800626 epoch=48 and step=79
2026-02-17 00:00:20,286 - SplitNNServer - INFO - 26252 - phase=train acc=0.0 loss=3.313812494277954 epoch=49 and step=0
2026-02-17 00:00:20,964 - SplitNNServer - INFO - 26252 - phase=train acc=0.0 loss=2.9137790203094482 epoch=49 and step=10
2026-02-17 00:00:21,598 - SplitNNServer - INFO - 26252 - phase=train acc=0.0 loss=1.9242764711380005 epoch=49 and step=20
2026-02-17 00:00:22,241 - SplitNNServer - INFO - 26252 - phase=train acc=0.0 loss=1.0421961545944214 epoch=49 and step=30
2026-02-17 00:00:22,952 - SplitNNServer - INFO - 26252 - phase=train acc=0.24390243902439024 loss=0.5369338393211365 epoch=49 and step=40
2026-02-17 00:00:23,246 - SplitNNClient - INFO - 34892 - worker_num=5 epoch_send=1701686866 epoch_receive=663625620 total_send=1701686866 total_receive=663625620 send_by_category={'OTHER': 4144, 'ACTS': 1701662832, 'MODEL': 19890} recv_by_category={'OTHER': 1120, 'MODEL': 22100, 'GRADS': 663602400} send_by_type={10: 1120, 2: 1701662832, 7: 19890, 3: 1008, 4: 1008, 6: 1008} recv_by_type={6: 1120, 8: 22100, 1: 663602400}
2026-02-17 00:00:24,836 - SplitNNServer - INFO - 26252 - phase=validation acc=0.0982 loss=4.1188651941999606 epoch=49 and step=79
2026-02-17 00:00:27,896 - SplitNNServer - INFO - 26252 - phase=train acc=0.0 loss=3.2441718578338623 epoch=50 and step=0
2026-02-17 00:00:28,573 - SplitNNServer - INFO - 26252 - phase=train acc=0.0 loss=2.862607479095459 epoch=50 and step=10
2026-02-17 00:00:29,371 - SplitNNServer - INFO - 26252 - phase=train acc=0.0 loss=1.896175742149353 epoch=50 and step=20
2026-02-17 00:00:30,226 - SplitNNServer - INFO - 26252 - phase=train acc=0.0 loss=1.0313881635665894 epoch=50 and step=30
2026-02-17 00:00:31,176 - SplitNNServer - INFO - 26252 - phase=train acc=0.24390243902439024 loss=0.5341897010803223 epoch=50 and step=40
2026-02-17 00:00:31,664 - SplitNNClient - INFO - 34924 - worker_num=1 epoch_send=1899617236 epoch_receive=746207252 total_send=1899617236 total_receive=746207252 send_by_category={'ACTS': 1899590656, 'MODEL': 22100, 'OTHER': 4480} recv_by_category={'GRADS': 746184032, 'OTHER': 1120, 'MODEL': 22100} send_by_type={2: 1899590656, 7: 22100, 3: 1120, 4: 1120, 6: 1120, 10: 1120} recv_by_type={1: 746184032, 6: 1120, 8: 22100}
2026-02-17 00:00:33,331 - SplitNNServer - INFO - 26252 - phase=validation acc=0.098 loss=4.1659615975392015 epoch=50 and step=79
2026-02-17 00:00:36,412 - SplitNNServer - INFO - 26252 - phase=train acc=0.0 loss=3.2569234371185303 epoch=51 and step=0
2026-02-17 00:00:37,325 - SplitNNServer - INFO - 26252 - phase=train acc=0.0 loss=2.867434024810791 epoch=51 and step=10
2026-02-17 00:00:38,188 - SplitNNServer - INFO - 26252 - phase=train acc=0.0 loss=1.8923895359039307 epoch=51 and step=20
2026-02-17 00:00:38,987 - SplitNNServer - INFO - 26252 - phase=train acc=0.0 loss=1.025020718574524 epoch=51 and step=30
2026-02-17 00:00:39,714 - SplitNNServer - INFO - 26252 - phase=train acc=0.24390243902439024 loss=0.529726505279541 epoch=51 and step=40
2026-02-17 00:00:40,599 - SplitNNServer - INFO - 26252 - phase=train acc=0.39215686274509803 loss=0.3068297505378723 epoch=51 and step=50
2026-02-17 00:00:40,707 - SplitNNClient - INFO - 22280 - worker_num=2 epoch_send=1997013284 epoch_receive=843537926 total_send=1997013284 total_receive=843537926 send_by_category={'OTHER': 4592, 'ACTS': 1996986592, 'MODEL': 22100} recv_by_category={'OTHER': 1232, 'MODEL': 24310, 'GRADS': 843512384} send_by_type={10: 1232, 2: 1996986592, 7: 22100, 3: 1120, 4: 1120, 6: 1120} recv_by_type={6: 1232, 8: 24310, 1: 843512384}
2026-02-17 00:00:42,273 - SplitNNServer - INFO - 26252 - phase=validation acc=0.1135 loss=4.300413152839564 epoch=51 and step=79
2026-02-17 00:00:45,332 - SplitNNServer - INFO - 26252 - phase=train acc=0.0 loss=3.4610447883605957 epoch=52 and step=0
2026-02-17 00:00:46,225 - SplitNNServer - INFO - 26252 - phase=train acc=0.0 loss=3.012695550918579 epoch=52 and step=10
2026-02-17 00:00:47,120 - SplitNNServer - INFO - 26252 - phase=train acc=0.0 loss=1.9716298580169678 epoch=52 and step=20
2026-02-17 00:00:47,755 - SplitNNServer - INFO - 26252 - phase=train acc=0.0 loss=1.0545291900634766 epoch=52 and step=30
2026-02-17 00:00:48,493 - SplitNNServer - INFO - 26252 - phase=train acc=0.24390243902439024 loss=0.5363707542419434 epoch=52 and step=40
2026-02-17 00:00:48,848 - SplitNNClient - INFO - 23096 - worker_num=3 epoch_send=1899617348 epoch_receive=746209574 total_send=1899617348 total_receive=746209574 send_by_category={'OTHER': 4592, 'ACTS': 1899590656, 'MODEL': 22100} recv_by_category={'OTHER': 1232, 'MODEL': 24310, 'GRADS': 746184032} send_by_type={10: 1232, 2: 1899590656, 7: 22100, 3: 1120, 4: 1120, 6: 1120} recv_by_type={6: 1232, 8: 24310, 1: 746184032}
2026-02-17 00:00:50,449 - SplitNNServer - INFO - 26252 - phase=validation acc=0.1032 loss=4.1668911915791185 epoch=52 and step=79
2026-02-17 00:00:53,494 - SplitNNServer - INFO - 26252 - phase=train acc=0.0 loss=3.286259174346924 epoch=53 and step=0
2026-02-17 00:00:54,318 - SplitNNServer - INFO - 26252 - phase=train acc=0.0 loss=2.8939192295074463 epoch=53 and step=10
2026-02-17 00:00:55,023 - SplitNNServer - INFO - 26252 - phase=train acc=0.0 loss=1.9127733707427979 epoch=53 and step=20
2026-02-17 00:00:55,655 - SplitNNServer - INFO - 26252 - phase=train acc=0.0 loss=1.0365419387817383 epoch=53 and step=30
2026-02-17 00:00:56,372 - SplitNNServer - INFO - 26252 - phase=train acc=0.24390243902439024 loss=0.5344333052635193 epoch=53 and step=40
2026-02-17 00:00:56,947 - SplitNNClient - INFO - 33532 - worker_num=4 epoch_send=1915850004 epoch_receive=762430966 total_send=1915850004 total_receive=762430966 send_by_category={'OTHER': 4592, 'ACTS': 1915823312, 'MODEL': 22100} recv_by_category={'OTHER': 1232, 'MODEL': 24310, 'GRADS': 762405424} send_by_type={10: 1232, 2: 1915823312, 7: 22100, 3: 1120, 4: 1120, 6: 1120} recv_by_type={6: 1232, 8: 24310, 1: 762405424}
2026-02-17 00:00:58,460 - SplitNNServer - INFO - 26252 - phase=validation acc=0.101 loss=4.207471606097644 epoch=53 and step=79
2026-02-17 00:01:01,503 - SplitNNServer - INFO - 26252 - phase=train acc=0.0 loss=3.3114476203918457 epoch=54 and step=0
2026-02-17 00:01:02,280 - SplitNNServer - INFO - 26252 - phase=train acc=0.0 loss=2.910825252532959 epoch=54 and step=10
2026-02-17 00:01:02,985 - SplitNNServer - INFO - 26252 - phase=train acc=0.0 loss=1.920803427696228 epoch=54 and step=20
2026-02-17 00:01:03,652 - SplitNNServer - INFO - 26252 - phase=train acc=0.0 loss=1.039144515991211 epoch=54 and step=30
2026-02-17 00:01:04,327 - SplitNNServer - INFO - 26252 - phase=train acc=0.24390243902439024 loss=0.5349745750427246 epoch=54 and step=40
2026-02-17 00:01:04,749 - SplitNNClient - INFO - 34892 - worker_num=5 epoch_send=1883384692 epoch_receive=729988182 total_send=1883384692 total_receive=729988182 send_by_category={'OTHER': 4592, 'ACTS': 1883358000, 'MODEL': 22100} recv_by_category={'OTHER': 1232, 'MODEL': 24310, 'GRADS': 729962640} send_by_type={10: 1232, 2: 1883358000, 7: 22100, 3: 1120, 4: 1120, 6: 1120} recv_by_type={6: 1232, 8: 24310, 1: 729962640}
2026-02-17 00:01:06,240 - SplitNNServer - INFO - 26252 - phase=validation acc=0.0982 loss=4.17273924320559 epoch=54 and step=79
2026-02-17 00:01:09,343 - SplitNNServer - INFO - 26252 - phase=train acc=0.0 loss=3.2419581413269043 epoch=55 and step=0
2026-02-17 00:01:10,112 - SplitNNServer - INFO - 26252 - phase=train acc=0.0 loss=2.859860897064209 epoch=55 and step=10
2026-02-17 00:01:10,803 - SplitNNServer - INFO - 26252 - phase=train acc=0.0 loss=1.892919659614563 epoch=55 and step=20
2026-02-17 00:01:11,447 - SplitNNServer - INFO - 26252 - phase=train acc=0.0 loss=1.0285139083862305 epoch=55 and step=30
2026-02-17 00:01:12,158 - SplitNNServer - INFO - 26252 - phase=train acc=0.24390243902439024 loss=0.5323352813720703 epoch=55 and step=40
2026-02-17 00:01:12,506 - SplitNNClient - INFO - 34924 - worker_num=1 epoch_send=2082790758 epoch_receive=814044486 total_send=2082790758 total_receive=814044486 send_by_category={'ACTS': 2082761520, 'MODEL': 24310, 'OTHER': 4928} recv_by_category={'GRADS': 814018944, 'OTHER': 1232, 'MODEL': 24310} send_by_type={2: 2082761520, 7: 24310, 3: 1232, 4: 1232, 6: 1232, 10: 1232} recv_by_type={1: 814018944, 6: 1232, 8: 24310}
2026-02-17 00:01:14,031 - SplitNNServer - INFO - 26252 - phase=validation acc=0.098 loss=4.218651554252528 epoch=55 and step=79
2026-02-17 00:01:17,131 - SplitNNServer - INFO - 26252 - phase=train acc=0.0 loss=3.2548563480377197 epoch=56 and step=0
2026-02-17 00:01:17,817 - SplitNNServer - INFO - 26252 - phase=train acc=0.0 loss=2.864840030670166 epoch=56 and step=10
2026-02-17 00:01:18,457 - SplitNNServer - INFO - 26252 - phase=train acc=0.0 loss=1.889312505722046 epoch=56 and step=20
2026-02-17 00:01:19,407 - SplitNNServer - INFO - 26252 - phase=train acc=0.0 loss=1.0223091840744019 epoch=56 and step=30
2026-02-17 00:01:20,231 - SplitNNServer - INFO - 26252 - phase=train acc=0.24390243902439024 loss=0.5279807448387146 epoch=56 and step=40
2026-02-17 00:01:20,964 - SplitNNServer - INFO - 26252 - phase=train acc=0.39215686274509803 loss=0.3058035969734192 epoch=56 and step=50
2026-02-17 00:01:21,073 - SplitNNClient - INFO - 22280 - worker_num=2 epoch_send=2189040982 epoch_receive=920223192 total_send=2189040982 total_receive=920223192 send_by_category={'OTHER': 5040, 'ACTS': 2189011632, 'MODEL': 24310} recv_by_category={'OTHER': 1344, 'MODEL': 26520, 'GRADS': 920195328} send_by_type={10: 1344, 2: 2189011632, 7: 24310, 3: 1232, 4: 1232, 6: 1232} recv_by_type={6: 1344, 8: 26520, 1: 920195328}
2026-02-17 00:01:22,604 - SplitNNServer - INFO - 26252 - phase=validation acc=0.1135 loss=4.3517940829071815 epoch=56 and step=79
2026-02-17 00:01:25,694 - SplitNNServer - INFO - 26252 - phase=train acc=0.0 loss=3.458862066268921 epoch=57 and step=0
2026-02-17 00:01:26,644 - SplitNNServer - INFO - 26252 - phase=train acc=0.0 loss=3.0099756717681885 epoch=57 and step=10
2026-02-17 00:01:27,382 - SplitNNServer - INFO - 26252 - phase=train acc=0.0 loss=1.9684984683990479 epoch=57 and step=20
2026-02-17 00:01:28,344 - SplitNNServer - INFO - 26252 - phase=train acc=0.0 loss=1.051809310913086 epoch=57 and step=30
2026-02-17 00:01:29,302 - SplitNNServer - INFO - 26252 - phase=train acc=0.24390243902439024 loss=0.5346450209617615 epoch=57 and step=40
2026-02-17 00:01:29,817 - SplitNNClient - INFO - 23096 - worker_num=3 epoch_send=2082790870 epoch_receive=814046808 total_send=2082790870 total_receive=814046808 send_by_category={'OTHER': 5040, 'ACTS': 2082761520, 'MODEL': 24310} recv_by_category={'OTHER': 1344, 'MODEL': 26520, 'GRADS': 814018944} send_by_type={10: 1344, 2: 2082761520, 7: 24310, 3: 1232, 4: 1232, 6: 1232} recv_by_type={6: 1344, 8: 26520, 1: 814018944}
2026-02-17 00:01:31,409 - SplitNNServer - INFO - 26252 - phase=validation acc=0.1032 loss=4.217395601393301 epoch=57 and step=79
2026-02-17 00:01:34,468 - SplitNNServer - INFO - 26252 - phase=train acc=0.0 loss=3.284301519393921 epoch=58 and step=0
2026-02-17 00:01:35,415 - SplitNNServer - INFO - 26252 - phase=train acc=0.0 loss=2.891479253768921 epoch=58 and step=10
2026-02-17 00:01:36,111 - SplitNNServer - INFO - 26252 - phase=train acc=0.0 loss=1.9098888635635376 epoch=58 and step=20
2026-02-17 00:01:36,778 - SplitNNServer - INFO - 26252 - phase=train acc=0.0 loss=1.0339994430541992 epoch=58 and step=30
2026-02-17 00:01:37,576 - SplitNNServer - INFO - 26252 - phase=train acc=0.24390243902439024 loss=0.5327978730201721 epoch=58 and step=40
2026-02-17 00:01:38,155 - SplitNNClient - INFO - 33532 - worker_num=4 epoch_send=2100499222 epoch_receive=831742872 total_send=2100499222 total_receive=831742872 send_by_category={'OTHER': 5040, 'ACTS': 2100469872, 'MODEL': 24310} recv_by_category={'OTHER': 1344, 'MODEL': 26520, 'GRADS': 831715008} send_by_type={10: 1344, 2: 2100469872, 7: 24310, 3: 1232, 4: 1232, 6: 1232} recv_by_type={6: 1344, 8: 26520, 1: 831715008}
2026-02-17 00:01:39,588 - SplitNNServer - INFO - 26252 - phase=validation acc=0.101 loss=4.256944565833369 epoch=58 and step=79
2026-02-17 00:01:42,678 - SplitNNServer - INFO - 26252 - phase=train acc=0.0 loss=3.3095414638519287 epoch=59 and step=0
2026-02-17 00:01:43,597 - SplitNNServer - INFO - 26252 - phase=train acc=0.0 loss=2.908444881439209 epoch=59 and step=10
2026-02-17 00:01:44,475 - SplitNNServer - INFO - 26252 - phase=train acc=0.0 loss=1.9180049896240234 epoch=59 and step=20
2026-02-17 00:01:45,277 - SplitNNServer - INFO - 26252 - phase=train acc=0.0 loss=1.036685824394226 epoch=59 and step=30
2026-02-17 00:01:46,069 - SplitNNServer - INFO - 26252 - phase=train acc=0.24390243902439024 loss=0.5333957076072693 epoch=59 and step=40
2026-02-17 00:01:46,456 - SplitNNClient - INFO - 34892 - worker_num=5 epoch_send=2065082518 epoch_receive=796350744 total_send=2065082518 total_receive=796350744 send_by_category={'OTHER': 5040, 'ACTS': 2065053168, 'MODEL': 24310} recv_by_category={'OTHER': 1344, 'MODEL': 26520, 'GRADS': 796322880} send_by_type={10: 1344, 2: 2065053168, 7: 24310, 3: 1232, 4: 1232, 6: 1232} recv_by_type={6: 1344, 8: 26520, 1: 796322880}
2026-02-17 00:01:48,044 - SplitNNServer - INFO - 26252 - phase=validation acc=0.0982 loss=4.221271225168735 epoch=59 and step=79
2026-02-17 00:01:51,127 - SplitNNServer - INFO - 26252 - phase=train acc=0.0 loss=3.240169048309326 epoch=60 and step=0
2026-02-17 00:01:51,772 - SplitNNServer - INFO - 26252 - phase=train acc=0.0 loss=2.8576393127441406 epoch=60 and step=10
2026-02-17 00:01:52,604 - SplitNNServer - INFO - 26252 - phase=train acc=0.0 loss=1.8902852535247803 epoch=60 and step=20
2026-02-17 00:01:53,426 - SplitNNServer - INFO - 26252 - phase=train acc=0.0 loss=1.0261880159378052 epoch=60 and step=30
2026-02-17 00:01:54,217 - SplitNNServer - INFO - 26252 - phase=train acc=0.24390243902439024 loss=0.5308343172073364 epoch=60 and step=40
2026-02-17 00:01:54,732 - SplitNNClient - INFO - 34924 - worker_num=1 epoch_send=2265964280 epoch_receive=881881720 total_send=2265964280 total_receive=881881720 send_by_category={'ACTS': 2265932384, 'MODEL': 26520, 'OTHER': 5376} recv_by_category={'GRADS': 881853856, 'OTHER': 1344, 'MODEL': 26520} send_by_type={2: 2265932384, 7: 26520, 3: 1344, 4: 1344, 6: 1344, 10: 1344} recv_by_type={1: 881853856, 6: 1344, 8: 26520}
2026-02-17 00:01:56,325 - SplitNNServer - INFO - 26252 - phase=validation acc=0.098 loss=4.26621942278705 epoch=60 and step=79
2026-02-17 00:01:59,392 - SplitNNServer - INFO - 26252 - phase=train acc=0.0 loss=3.2531776428222656 epoch=61 and step=0
2026-02-17 00:02:00,132 - SplitNNServer - INFO - 26252 - phase=train acc=0.0 loss=2.8627305030822754 epoch=61 and step=10
2026-02-17 00:02:00,891 - SplitNNServer - INFO - 26252 - phase=train acc=0.0 loss=1.8868087530136108 epoch=61 and step=20
2026-02-17 00:02:01,690 - SplitNNServer - INFO - 26252 - phase=train acc=0.0 loss=1.020105242729187 epoch=61 and step=30
2026-02-17 00:02:02,615 - SplitNNServer - INFO - 26252 - phase=train acc=0.24390243902439024 loss=0.5265606641769409 epoch=61 and step=40
2026-02-17 00:02:03,570 - SplitNNServer - INFO - 26252 - phase=train acc=0.39215686274509803 loss=0.30496808886528015 epoch=61 and step=50
2026-02-17 00:02:03,714 - SplitNNClient - INFO - 22280 - worker_num=2 epoch_send=2381068680 epoch_receive=996908458 total_send=2381068680 total_receive=996908458 send_by_category={'OTHER': 5488, 'ACTS': 2381036672, 'MODEL': 26520} recv_by_category={'OTHER': 1456, 'MODEL': 28730, 'GRADS': 996878272} send_by_type={10: 1456, 2: 2381036672, 7: 26520, 3: 1344, 4: 1344, 6: 1344} recv_by_type={6: 1456, 8: 28730, 1: 996878272}
2026-02-17 00:02:05,138 - SplitNNServer - INFO - 26252 - phase=validation acc=0.1135 loss=4.398292052594921 epoch=61 and step=79
2026-02-17 00:02:08,250 - SplitNNServer - INFO - 26252 - phase=train acc=0.0 loss=3.457077741622925 epoch=62 and step=0
2026-02-17 00:02:08,897 - SplitNNServer - INFO - 26252 - phase=train acc=0.0 loss=3.0077550411224365 epoch=62 and step=10
2026-02-17 00:02:09,789 - SplitNNServer - INFO - 26252 - phase=train acc=0.0 loss=1.9659422636032104 epoch=62 and step=20
2026-02-17 00:02:10,423 - SplitNNServer - INFO - 26252 - phase=train acc=0.0 loss=1.0495891571044922 epoch=62 and step=30
2026-02-17 00:02:11,069 - SplitNNServer - INFO - 26252 - phase=train acc=0.24390243902439024 loss=0.5332359075546265 epoch=62 and step=40
2026-02-17 00:02:11,405 - SplitNNClient - INFO - 23096 - worker_num=3 epoch_send=2265964392 epoch_receive=881884042 total_send=2265964392 total_receive=881884042 send_by_category={'OTHER': 5488, 'ACTS': 2265932384, 'MODEL': 26520} recv_by_category={'OTHER': 1456, 'MODEL': 28730, 'GRADS': 881853856} send_by_type={10: 1456, 2: 2265932384, 7: 26520, 3: 1344, 4: 1344, 6: 1344} recv_by_type={6: 1456, 8: 28730, 1: 881853856}
2026-02-17 00:02:12,814 - SplitNNServer - INFO - 26252 - phase=validation acc=0.1032 loss=4.263174250156065 epoch=62 and step=79
2026-02-17 00:02:15,834 - SplitNNServer - INFO - 26252 - phase=train acc=0.0 loss=3.2826955318450928 epoch=63 and step=0
2026-02-17 00:02:16,778 - SplitNNServer - INFO - 26252 - phase=train acc=0.0 loss=2.889479160308838 epoch=63 and step=10
2026-02-17 00:02:17,663 - SplitNNServer - INFO - 26252 - phase=train acc=0.0 loss=1.9075241088867188 epoch=63 and step=20
2026-02-17 00:02:18,641 - SplitNNServer - INFO - 26252 - phase=train acc=0.0 loss=1.031916618347168 epoch=63 and step=30
2026-02-17 00:02:19,649 - SplitNNServer - INFO - 26252 - phase=train acc=0.24390243902439024 loss=0.5314569473266602 epoch=63 and step=40
2026-02-17 00:02:20,203 - SplitNNClient - INFO - 33532 - worker_num=4 epoch_send=2285148440 epoch_receive=901054778 total_send=2285148440 total_receive=901054778 send_by_category={'OTHER': 5488, 'ACTS': 2285116432, 'MODEL': 26520} recv_by_category={'OTHER': 1456, 'MODEL': 28730, 'GRADS': 901024592} send_by_type={10: 1456, 2: 2285116432, 7: 26520, 3: 1344, 4: 1344, 6: 1344} recv_by_type={6: 1456, 8: 28730, 1: 901024592}
2026-02-17 00:02:22,137 - SplitNNServer - INFO - 26252 - phase=validation acc=0.101 loss=4.301872878135005 epoch=63 and step=79
2026-02-17 00:02:25,198 - SplitNNServer - INFO - 26252 - phase=train acc=0.0 loss=3.307974338531494 epoch=64 and step=0
2026-02-17 00:02:25,908 - SplitNNServer - INFO - 26252 - phase=train acc=0.0 loss=2.906486988067627 epoch=64 and step=10
2026-02-17 00:02:26,641 - SplitNNServer - INFO - 26252 - phase=train acc=0.0 loss=1.9157025814056396 epoch=64 and step=20
2026-02-17 00:02:27,272 - SplitNNServer - INFO - 26252 - phase=train acc=0.0 loss=1.0346624851226807 epoch=64 and step=30
2026-02-17 00:02:27,916 - SplitNNServer - INFO - 26252 - phase=train acc=0.24390243902439024 loss=0.5320964455604553 epoch=64 and step=40
2026-02-17 00:02:28,238 - SplitNNClient - INFO - 34892 - worker_num=5 epoch_send=2246780344 epoch_receive=862713306 total_send=2246780344 total_receive=862713306 send_by_category={'OTHER': 5488, 'ACTS': 2246748336, 'MODEL': 26520} recv_by_category={'OTHER': 1456, 'MODEL': 28730, 'GRADS': 862683120} send_by_type={10: 1456, 2: 2246748336, 7: 26520, 3: 1344, 4: 1344, 6: 1344} recv_by_type={6: 1456, 8: 28730, 1: 862683120}
2026-02-17 00:02:29,769 - SplitNNServer - INFO - 26252 - phase=validation acc=0.0982 loss=4.265421803993515 epoch=64 and step=79
2026-02-17 00:02:32,859 - SplitNNServer - INFO - 26252 - phase=train acc=0.0 loss=3.2386891841888428 epoch=65 and step=0
2026-02-17 00:02:33,638 - SplitNNServer - INFO - 26252 - phase=train acc=0.0 loss=2.8558030128479004 epoch=65 and step=10
2026-02-17 00:02:34,594 - SplitNNServer - INFO - 26252 - phase=train acc=0.0 loss=1.888107180595398 epoch=65 and step=20
2026-02-17 00:02:35,360 - SplitNNServer - INFO - 26252 - phase=train acc=0.0 loss=1.0242671966552734 epoch=65 and step=30
2026-02-17 00:02:36,086 - SplitNNServer - INFO - 26252 - phase=train acc=0.24390243902439024 loss=0.5295948386192322 epoch=65 and step=40
2026-02-17 00:02:36,602 - SplitNNClient - INFO - 34924 - worker_num=1 epoch_send=2449137802 epoch_receive=949718954 total_send=2449137802 total_receive=949718954 send_by_category={'ACTS': 2449103248, 'MODEL': 28730, 'OTHER': 5824} recv_by_category={'GRADS': 949688768, 'OTHER': 1456, 'MODEL': 28730} send_by_type={2: 2449103248, 7: 28730, 3: 1456, 4: 1456, 6: 1456, 10: 1456} recv_by_type={1: 949688768, 6: 1456, 8: 28730}
2026-02-17 00:02:38,074 - SplitNNServer - INFO - 26252 - phase=validation acc=0.098 loss=4.309570212907429 epoch=65 and step=79
2026-02-17 00:02:41,136 - SplitNNServer - INFO - 26252 - phase=train acc=0.0 loss=3.2517857551574707 epoch=66 and step=0
2026-02-17 00:02:41,852 - SplitNNServer - INFO - 26252 - phase=train acc=0.0 loss=2.8609824180603027 epoch=66 and step=10
2026-02-17 00:02:42,772 - SplitNNServer - INFO - 26252 - phase=train acc=0.0 loss=1.884734869003296 epoch=66 and step=20
2026-02-17 00:02:43,852 - SplitNNServer - INFO - 26252 - phase=train acc=0.0 loss=1.0182772874832153 epoch=66 and step=30
2026-02-17 00:02:44,532 - SplitNNServer - INFO - 26252 - phase=train acc=0.24390243902439024 loss=0.5253834128379822 epoch=66 and step=40
2026-02-17 00:02:45,254 - SplitNNServer - INFO - 26252 - phase=train acc=0.39215686274509803 loss=0.3042745888233185 epoch=66 and step=50
2026-02-17 00:02:45,391 - SplitNNClient - INFO - 22280 - worker_num=2 epoch_send=2573096378 epoch_receive=1073593724 total_send=2573096378 total_receive=1073593724 send_by_category={'OTHER': 5936, 'ACTS': 2573061712, 'MODEL': 28730} recv_by_category={'OTHER': 1568, 'MODEL': 30940, 'GRADS': 1073561216} send_by_type={10: 1568, 2: 2573061712, 7: 28730, 3: 1456, 4: 1456, 6: 1456} recv_by_type={6: 1568, 8: 30940, 1: 1073561216}
2026-02-17 00:02:46,813 - SplitNNServer - INFO - 26252 - phase=validation acc=0.1135 loss=4.4407528623749934 epoch=66 and step=79
2026-02-17 00:02:49,921 - SplitNNServer - INFO - 26252 - phase=train acc=0.0 loss=3.455597162246704 epoch=67 and step=0
2026-02-17 00:02:50,839 - SplitNNServer - INFO - 26252 - phase=train acc=0.0 loss=3.0059094429016113 epoch=67 and step=10
2026-02-17 00:02:51,753 - SplitNNServer - INFO - 26252 - phase=train acc=0.0 loss=1.9638174772262573 epoch=67 and step=20
2026-02-17 00:02:52,463 - SplitNNServer - INFO - 26252 - phase=train acc=0.0 loss=1.0477429628372192 epoch=67 and step=30
2026-02-17 00:02:53,317 - SplitNNServer - INFO - 26252 - phase=train acc=0.24390243902439024 loss=0.5320639610290527 epoch=67 and step=40
2026-02-17 00:02:53,849 - SplitNNClient - INFO - 23096 - worker_num=3 epoch_send=2449137914 epoch_receive=949721276 total_send=2449137914 total_receive=949721276 send_by_category={'OTHER': 5936, 'ACTS': 2449103248, 'MODEL': 28730} recv_by_category={'OTHER': 1568, 'MODEL': 30940, 'GRADS': 949688768} send_by_type={10: 1568, 2: 2449103248, 7: 28730, 3: 1456, 4: 1456, 6: 1456} recv_by_type={6: 1568, 8: 30940, 1: 949688768}
2026-02-17 00:02:56,507 - SplitNNServer - INFO - 26252 - phase=validation acc=0.1032 loss=4.305032241193554 epoch=67 and step=79
2026-02-17 00:02:59,566 - SplitNNServer - INFO - 26252 - phase=train acc=0.0 loss=3.28135347366333 epoch=68 and step=0
2026-02-17 00:03:00,355 - SplitNNServer - INFO - 26252 - phase=train acc=0.0 loss=2.8878095149993896 epoch=68 and step=10
2026-02-17 00:03:01,174 - SplitNNServer - INFO - 26252 - phase=train acc=0.0 loss=1.9055501222610474 epoch=68 and step=20
2026-02-17 00:03:01,945 - SplitNNServer - INFO - 26252 - phase=train acc=0.0 loss=1.0301780700683594 epoch=68 and step=30
2026-02-17 00:03:02,777 - SplitNNServer - INFO - 26252 - phase=train acc=0.24390243902439024 loss=0.5303382277488708 epoch=68 and step=40
2026-02-17 00:03:03,184 - SplitNNClient - INFO - 33532 - worker_num=4 epoch_send=2469797658 epoch_receive=970366684 total_send=2469797658 total_receive=970366684 send_by_category={'OTHER': 5936, 'ACTS': 2469762992, 'MODEL': 28730} recv_by_category={'OTHER': 1568, 'MODEL': 30940, 'GRADS': 970334176} send_by_type={10: 1568, 2: 2469762992, 7: 28730, 3: 1456, 4: 1456, 6: 1456} recv_by_type={6: 1568, 8: 30940, 1: 970334176}
2026-02-17 00:03:04,638 - SplitNNServer - INFO - 26252 - phase=validation acc=0.101 loss=4.343020131316366 epoch=68 and step=79
2026-02-17 00:03:07,698 - SplitNNServer - INFO - 26252 - phase=train acc=0.0 loss=3.3066632747650146 epoch=69 and step=0
2026-02-17 00:03:08,436 - SplitNNServer - INFO - 26252 - phase=train acc=0.0 loss=2.9048497676849365 epoch=69 and step=10
2026-02-17 00:03:09,100 - SplitNNServer - INFO - 26252 - phase=train acc=0.0 loss=1.9137747287750244 epoch=69 and step=20
2026-02-17 00:03:09,891 - SplitNNServer - INFO - 26252 - phase=train acc=0.0 loss=1.0329694747924805 epoch=69 and step=30
2026-02-17 00:03:10,745 - SplitNNServer - INFO - 26252 - phase=train acc=0.24390243902439024 loss=0.5310090780258179 epoch=69 and step=40
2026-02-17 00:03:11,078 - SplitNNClient - INFO - 34892 - worker_num=5 epoch_send=2428478170 epoch_receive=929075868 total_send=2428478170 total_receive=929075868 send_by_category={'OTHER': 5936, 'ACTS': 2428443504, 'MODEL': 28730} recv_by_category={'OTHER': 1568, 'MODEL': 30940, 'GRADS': 929043360} send_by_type={10: 1568, 2: 2428443504, 7: 28730, 3: 1456, 4: 1456, 6: 1456} recv_by_type={6: 1568, 8: 30940, 1: 929043360}
2026-02-17 00:03:12,662 - SplitNNServer - INFO - 26252 - phase=validation acc=0.0982 loss=4.3059146615523325 epoch=69 and step=79
2026-02-17 00:03:15,700 - SplitNNServer - INFO - 26252 - phase=train acc=0.0 loss=3.23744797706604 epoch=70 and step=0
2026-02-17 00:03:16,597 - SplitNNServer - INFO - 26252 - phase=train acc=0.0 loss=2.854261875152588 epoch=70 and step=10
2026-02-17 00:03:17,233 - SplitNNServer - INFO - 26252 - phase=train acc=0.0 loss=1.8862800598144531 epoch=70 and step=20
2026-02-17 00:03:17,923 - SplitNNServer - INFO - 26252 - phase=train acc=0.0 loss=1.02265465259552 epoch=70 and step=30
2026-02-17 00:03:18,634 - SplitNNServer - INFO - 26252 - phase=train acc=0.24390243902439024 loss=0.5285536050796509 epoch=70 and step=40
2026-02-17 00:03:18,976 - SplitNNClient - INFO - 34924 - worker_num=1 epoch_send=2632311324 epoch_receive=1017556188 total_send=2632311324 total_receive=1017556188 send_by_category={'ACTS': 2632274112, 'MODEL': 30940, 'OTHER': 6272} recv_by_category={'GRADS': 1017523680, 'OTHER': 1568, 'MODEL': 30940} send_by_type={2: 2632274112, 7: 30940, 3: 1568, 4: 1568, 6: 1568, 10: 1568} recv_by_type={1: 1017523680, 6: 1568, 8: 30940}
2026-02-17 00:03:20,546 - SplitNNServer - INFO - 26252 - phase=validation acc=0.098 loss=4.349389758291124 epoch=70 and step=79
2026-02-17 00:03:23,657 - SplitNNServer - INFO - 26252 - phase=train acc=0.0 loss=3.2506141662597656 epoch=71 and step=0
2026-02-17 00:03:24,333 - SplitNNServer - INFO - 26252 - phase=train acc=0.0 loss=2.8595097064971924 epoch=71 and step=10
2026-02-17 00:03:25,005 - SplitNNServer - INFO - 26252 - phase=train acc=0.0 loss=1.88298761844635 epoch=71 and step=20
2026-02-17 00:03:25,852 - SplitNNServer - INFO - 26252 - phase=train acc=0.0 loss=1.016739010810852 epoch=71 and step=30
2026-02-17 00:03:26,770 - SplitNNServer - INFO - 26252 - phase=train acc=0.24390243902439024 loss=0.5243917107582092 epoch=71 and step=40
2026-02-17 00:03:27,539 - SplitNNServer - INFO - 26252 - phase=train acc=0.39215686274509803 loss=0.30369043350219727 epoch=71 and step=50
2026-02-17 00:03:27,631 - SplitNNClient - INFO - 22280 - worker_num=2 epoch_send=2765124076 epoch_receive=1150278990 total_send=2765124076 total_receive=1150278990 send_by_category={'OTHER': 6384, 'ACTS': 2765086752, 'MODEL': 30940} recv_by_category={'OTHER': 1680, 'MODEL': 33150, 'GRADS': 1150244160} send_by_type={10: 1680, 2: 2765086752, 7: 30940, 3: 1568, 4: 1568, 6: 1568} recv_by_type={6: 1680, 8: 33150, 1: 1150244160}
2026-02-17 00:03:29,246 - SplitNNServer - INFO - 26252 - phase=validation acc=0.1135 loss=4.479819146892693 epoch=71 and step=79
2026-02-17 00:03:32,358 - SplitNNServer - INFO - 26252 - phase=train acc=0.0 loss=3.454345464706421 epoch=72 and step=0
2026-02-17 00:03:33,069 - SplitNNServer - INFO - 26252 - phase=train acc=0.0 loss=3.0043492317199707 epoch=72 and step=10
2026-02-17 00:03:33,895 - SplitNNServer - INFO - 26252 - phase=train acc=0.0 loss=1.9620208740234375 epoch=72 and step=20
2026-02-17 00:03:34,751 - SplitNNServer - INFO - 26252 - phase=train acc=0.0 loss=1.0461828708648682 epoch=72 and step=30
2026-02-17 00:03:35,753 - SplitNNServer - INFO - 26252 - phase=train acc=0.24390243902439024 loss=0.5310736298561096 epoch=72 and step=40
2026-02-17 00:03:36,142 - SplitNNClient - INFO - 23096 - worker_num=3 epoch_send=2632311436 epoch_receive=1017558510 total_send=2632311436 total_receive=1017558510 send_by_category={'OTHER': 6384, 'ACTS': 2632274112, 'MODEL': 30940} recv_by_category={'OTHER': 1680, 'MODEL': 33150, 'GRADS': 1017523680} send_by_type={10: 1680, 2: 2632274112, 7: 30940, 3: 1568, 4: 1568, 6: 1568} recv_by_type={6: 1680, 8: 33150, 1: 1017523680}
2026-02-17 00:03:37,573 - SplitNNServer - INFO - 26252 - phase=validation acc=0.1032 loss=4.3435880504077 epoch=72 and step=79
2026-02-17 00:03:40,641 - SplitNNServer - INFO - 26252 - phase=train acc=0.0 loss=3.2802200317382812 epoch=73 and step=0
2026-02-17 00:03:41,484 - SplitNNServer - INFO - 26252 - phase=train acc=0.0 loss=2.886394739151001 epoch=73 and step=10
2026-02-17 00:03:42,242 - SplitNNServer - INFO - 26252 - phase=train acc=0.0 loss=1.9038790464401245 epoch=73 and step=20
2026-02-17 00:03:42,909 - SplitNNServer - INFO - 26252 - phase=train acc=0.0 loss=1.0287054777145386 epoch=73 and step=30
2026-02-17 00:03:43,615 - SplitNNServer - INFO - 26252 - phase=train acc=0.24390243902439024 loss=0.5293907523155212 epoch=73 and step=40
2026-02-17 00:03:44,226 - SplitNNClient - INFO - 33532 - worker_num=4 epoch_send=2654446876 epoch_receive=1039678590 total_send=2654446876 total_receive=1039678590 send_by_category={'OTHER': 6384, 'ACTS': 2654409552, 'MODEL': 30940} recv_by_category={'OTHER': 1680, 'MODEL': 33150, 'GRADS': 1039643760} send_by_type={10: 1680, 2: 2654409552, 7: 30940, 3: 1568, 4: 1568, 6: 1568} recv_by_type={6: 1680, 8: 33150, 1: 1039643760}
2026-02-17 00:03:45,689 - SplitNNServer - INFO - 26252 - phase=validation acc=0.101 loss=4.380970797961271 epoch=73 and step=79
2026-02-17 00:03:48,776 - SplitNNServer - INFO - 26252 - phase=train acc=0.0 loss=3.305548906326294 epoch=74 and step=0
2026-02-17 00:03:49,421 - SplitNNServer - INFO - 26252 - phase=train acc=0.0 loss=2.903456211090088 epoch=74 and step=10
2026-02-17 00:03:50,116 - SplitNNServer - INFO - 26252 - phase=train acc=0.0 loss=1.912137746810913 epoch=74 and step=20
2026-02-17 00:03:50,769 - SplitNNServer - INFO - 26252 - phase=train acc=0.0 loss=1.0315313339233398 epoch=74 and step=30
2026-02-17 00:03:51,529 - SplitNNServer - INFO - 26252 - phase=train acc=0.24390243902439024 loss=0.5300854444503784 epoch=74 and step=40
2026-02-17 00:03:51,853 - SplitNNClient - INFO - 34892 - worker_num=5 epoch_send=2610175996 epoch_receive=995438430 total_send=2610175996 total_receive=995438430 send_by_category={'OTHER': 6384, 'ACTS': 2610138672, 'MODEL': 30940} recv_by_category={'OTHER': 1680, 'MODEL': 33150, 'GRADS': 995403600} send_by_type={10: 1680, 2: 2610138672, 7: 30940, 3: 1568, 4: 1568, 6: 1568} recv_by_type={6: 1680, 8: 33150, 1: 995403600}
2026-02-17 00:03:53,364 - SplitNNServer - INFO - 26252 - phase=validation acc=0.0982 loss=4.343307138998298 epoch=74 and step=79
2026-02-17 00:03:56,460 - SplitNNServer - INFO - 26252 - phase=train acc=0.0 loss=3.236389398574829 epoch=75 and step=0
2026-02-17 00:03:57,112 - SplitNNServer - INFO - 26252 - phase=train acc=0.0 loss=2.8529484272003174 epoch=75 and step=10
2026-02-17 00:03:57,806 - SplitNNServer - INFO - 26252 - phase=train acc=0.0 loss=1.8847235441207886 epoch=75 and step=20
2026-02-17 00:03:58,440 - SplitNNServer - INFO - 26252 - phase=train acc=0.0 loss=1.0212820768356323 epoch=75 and step=30
2026-02-17 00:03:59,157 - SplitNNServer - INFO - 26252 - phase=train acc=0.24390243902439024 loss=0.5276675224304199 epoch=75 and step=40
2026-02-17 00:03:59,501 - SplitNNClient - INFO - 34924 - worker_num=1 epoch_send=2815484846 epoch_receive=1085393422 total_send=2815484846 total_receive=1085393422 send_by_category={'ACTS': 2815444976, 'MODEL': 33150, 'OTHER': 6720} recv_by_category={'GRADS': 1085358592, 'OTHER': 1680, 'MODEL': 33150} send_by_type={2: 2815444976, 7: 33150, 3: 1680, 4: 1680, 6: 1680, 10: 1680} recv_by_type={1: 1085358592, 6: 1680, 8: 33150}
2026-02-17 00:04:00,944 - SplitNNServer - INFO - 26252 - phase=validation acc=0.098 loss=4.38620625266546 epoch=75 and step=79
2026-02-17 00:04:04,009 - SplitNNServer - INFO - 26252 - phase=train acc=0.0 loss=3.2496113777160645 epoch=76 and step=0
2026-02-17 00:04:04,653 - SplitNNServer - INFO - 26252 - phase=train acc=0.0 loss=2.858250856399536 epoch=76 and step=10
2026-02-17 00:04:05,286 - SplitNNServer - INFO - 26252 - phase=train acc=0.0 loss=1.881494402885437 epoch=76 and step=20
2026-02-17 00:04:05,919 - SplitNNServer - INFO - 26252 - phase=train acc=0.0 loss=1.0154247283935547 epoch=76 and step=30
2026-02-17 00:04:06,616 - SplitNNServer - INFO - 26252 - phase=train acc=0.24390243902439024 loss=0.5235452055931091 epoch=76 and step=40
2026-02-17 00:04:07,260 - SplitNNServer - INFO - 26252 - phase=train acc=0.39215686274509803 loss=0.3031909167766571 epoch=76 and step=50
2026-02-17 00:04:07,361 - SplitNNClient - INFO - 22280 - worker_num=2 epoch_send=2957151774 epoch_receive=1226964256 total_send=2957151774 total_receive=1226964256 send_by_category={'OTHER': 6832, 'ACTS': 2957111792, 'MODEL': 33150} recv_by_category={'OTHER': 1792, 'MODEL': 35360, 'GRADS': 1226927104} send_by_type={10: 1792, 2: 2957111792, 7: 33150, 3: 1680, 4: 1680, 6: 1680} recv_by_type={6: 1792, 8: 35360, 1: 1226927104}
2026-02-17 00:04:09,216 - SplitNNServer - INFO - 26252 - phase=validation acc=0.1135 loss=4.515992345689218 epoch=76 and step=79
2026-02-17 00:04:12,312 - SplitNNServer - INFO - 26252 - phase=train acc=0.0 loss=3.4532744884490967 epoch=77 and step=0
2026-02-17 00:04:13,163 - SplitNNServer - INFO - 26252 - phase=train acc=0.0 loss=3.0030152797698975 epoch=77 and step=10
2026-02-17 00:04:14,110 - SplitNNServer - INFO - 26252 - phase=train acc=0.0 loss=1.9604852199554443 epoch=77 and step=20
2026-02-17 00:04:14,874 - SplitNNServer - INFO - 26252 - phase=train acc=0.0 loss=1.0448492765426636 epoch=77 and step=30
2026-02-17 00:04:15,695 - SplitNNServer - INFO - 26252 - phase=train acc=0.24390243902439024 loss=0.5302267670631409 epoch=77 and step=40
2026-02-17 00:04:16,215 - SplitNNClient - INFO - 23096 - worker_num=3 epoch_send=2815484958 epoch_receive=1085395744 total_send=2815484958 total_receive=1085395744 send_by_category={'OTHER': 6832, 'ACTS': 2815444976, 'MODEL': 33150} recv_by_category={'OTHER': 1792, 'MODEL': 35360, 'GRADS': 1085358592} send_by_type={10: 1792, 2: 2815444976, 7: 33150, 3: 1680, 4: 1680, 6: 1680} recv_by_type={6: 1792, 8: 35360, 1: 1085358592}
2026-02-17 00:04:18,498 - SplitNNServer - INFO - 26252 - phase=validation acc=0.1032 loss=4.379322362851493 epoch=77 and step=79
2026-02-17 00:04:21,553 - SplitNNServer - INFO - 26252 - phase=train acc=0.0 loss=3.2792468070983887 epoch=78 and step=0
2026-02-17 00:04:22,373 - SplitNNServer - INFO - 26252 - phase=train acc=0.0 loss=2.8851828575134277 epoch=78 and step=10
2026-02-17 00:04:23,095 - SplitNNServer - INFO - 26252 - phase=train acc=0.0 loss=1.9024447202682495 epoch=78 and step=20
2026-02-17 00:04:24,020 - SplitNNServer - INFO - 26252 - phase=train acc=0.0 loss=1.0274419784545898 epoch=78 and step=30
2026-02-17 00:04:24,726 - SplitNNServer - INFO - 26252 - phase=train acc=0.24390243902439024 loss=0.5285773873329163 epoch=78 and step=40
2026-02-17 00:04:25,196 - SplitNNClient - INFO - 33532 - worker_num=4 epoch_send=2839096094 epoch_receive=1108990496 total_send=2839096094 total_receive=1108990496 send_by_category={'OTHER': 6832, 'ACTS': 2839056112, 'MODEL': 33150} recv_by_category={'OTHER': 1792, 'MODEL': 35360, 'GRADS': 1108953344} send_by_type={10: 1792, 2: 2839056112, 7: 33150, 3: 1680, 4: 1680, 6: 1680} recv_by_type={6: 1792, 8: 35360, 1: 1108953344}
2026-02-17 00:04:26,643 - SplitNNServer - INFO - 26252 - phase=validation acc=0.101 loss=4.416183948516846 epoch=78 and step=79
2026-02-17 00:04:29,715 - SplitNNServer - INFO - 26252 - phase=train acc=0.0 loss=3.304591655731201 epoch=79 and step=0
2026-02-17 00:04:30,457 - SplitNNServer - INFO - 26252 - phase=train acc=0.0 loss=2.902259588241577 epoch=79 and step=10
2026-02-17 00:04:31,413 - SplitNNServer - INFO - 26252 - phase=train acc=0.0 loss=1.910730242729187 epoch=79 and step=20
2026-02-17 00:04:32,337 - SplitNNServer - INFO - 26252 - phase=train acc=0.0 loss=1.0302952527999878 epoch=79 and step=30
2026-02-17 00:04:33,073 - SplitNNServer - INFO - 26252 - phase=train acc=0.24390243902439024 loss=0.5292912125587463 epoch=79 and step=40
2026-02-17 00:04:33,472 - SplitNNClient - INFO - 34892 - worker_num=5 epoch_send=2791873822 epoch_receive=1061800992 total_send=2791873822 total_receive=1061800992 send_by_category={'OTHER': 6832, 'ACTS': 2791833840, 'MODEL': 33150} recv_by_category={'OTHER': 1792, 'MODEL': 35360, 'GRADS': 1061763840} send_by_type={10: 1792, 2: 2791833840, 7: 33150, 3: 1680, 4: 1680, 6: 1680} recv_by_type={6: 1792, 8: 35360, 1: 1061763840}
2026-02-17 00:04:34,903 - SplitNNServer - INFO - 26252 - phase=validation acc=0.0982 loss=4.378040537049499 epoch=79 and step=79
2026-02-17 00:04:38,000 - SplitNNServer - INFO - 26252 - phase=train acc=0.0 loss=3.2354795932769775 epoch=80 and step=0
2026-02-17 00:04:38,642 - SplitNNServer - INFO - 26252 - phase=train acc=0.0 loss=2.8518176078796387 epoch=80 and step=10
2026-02-17 00:04:39,267 - SplitNNServer - INFO - 26252 - phase=train acc=0.0 loss=1.8833810091018677 epoch=80 and step=20
2026-02-17 00:04:39,987 - SplitNNServer - INFO - 26252 - phase=train acc=0.0 loss=1.0200977325439453 epoch=80 and step=30
2026-02-17 00:04:40,914 - SplitNNServer - INFO - 26252 - phase=train acc=0.24390243902439024 loss=0.5269031524658203 epoch=80 and step=40
2026-02-17 00:04:41,342 - SplitNNClient - INFO - 34924 - worker_num=1 epoch_send=2998658368 epoch_receive=1153230656 total_send=2998658368 total_receive=1153230656 send_by_category={'ACTS': 2998615840, 'MODEL': 35360, 'OTHER': 7168} recv_by_category={'GRADS': 1153193504, 'OTHER': 1792, 'MODEL': 35360} send_by_type={2: 2998615840, 7: 35360, 3: 1792, 4: 1792, 6: 1792, 10: 1792} recv_by_type={1: 1153193504, 6: 1792, 8: 35360}
2026-02-17 00:04:43,504 - SplitNNServer - INFO - 26252 - phase=validation acc=0.098 loss=4.420442895044254 epoch=80 and step=79
2026-02-17 00:04:46,566 - SplitNNServer - INFO - 26252 - phase=train acc=0.0 loss=3.2487494945526123 epoch=81 and step=0
2026-02-17 00:04:47,347 - SplitNNServer - INFO - 26252 - phase=train acc=0.0 loss=2.8571667671203613 epoch=81 and step=10
2026-02-17 00:04:48,070 - SplitNNServer - INFO - 26252 - phase=train acc=0.0 loss=1.8802067041397095 epoch=81 and step=20
2026-02-17 00:04:49,001 - SplitNNServer - INFO - 26252 - phase=train acc=0.0 loss=1.0142899751663208 epoch=81 and step=30
2026-02-17 00:04:49,727 - SplitNNServer - INFO - 26252 - phase=train acc=0.24390243902439024 loss=0.522814154624939 epoch=81 and step=40
2026-02-17 00:04:50,478 - SplitNNServer - INFO - 26252 - phase=train acc=0.39215686274509803 loss=0.3027596175670624 epoch=81 and step=50
2026-02-17 00:04:50,614 - SplitNNClient - INFO - 22280 - worker_num=2 epoch_send=3149179472 epoch_receive=1303649522 total_send=3149179472 total_receive=1303649522 send_by_category={'OTHER': 7280, 'ACTS': 3149136832, 'MODEL': 35360} recv_by_category={'OTHER': 1904, 'MODEL': 37570, 'GRADS': 1303610048} send_by_type={10: 1904, 2: 3149136832, 7: 35360, 3: 1792, 4: 1792, 6: 1792} recv_by_type={6: 1904, 8: 37570, 1: 1303610048}
2026-02-17 00:04:52,039 - SplitNNServer - INFO - 26252 - phase=validation acc=0.1135 loss=4.5496690967414954 epoch=81 and step=79
2026-02-17 00:04:55,156 - SplitNNServer - INFO - 26252 - phase=train acc=0.0 loss=3.4523472785949707 epoch=82 and step=0
2026-02-17 00:04:56,016 - SplitNNServer - INFO - 26252 - phase=train acc=0.0 loss=3.0018603801727295 epoch=82 and step=10
2026-02-17 00:04:56,724 - SplitNNServer - INFO - 26252 - phase=train acc=0.0 loss=1.9591543674468994 epoch=82 and step=20
2026-02-17 00:04:57,400 - SplitNNServer - INFO - 26252 - phase=train acc=0.0 loss=1.0436943769454956 epoch=82 and step=30
2026-02-17 00:04:58,110 - SplitNNServer - INFO - 26252 - phase=train acc=0.24390243902439024 loss=0.5294933319091797 epoch=82 and step=40
2026-02-17 00:04:58,444 - SplitNNClient - INFO - 23096 - worker_num=3 epoch_send=2998658480 epoch_receive=1153232978 total_send=2998658480 total_receive=1153232978 send_by_category={'OTHER': 7280, 'ACTS': 2998615840, 'MODEL': 35360} recv_by_category={'OTHER': 1904, 'MODEL': 37570, 'GRADS': 1153193504} send_by_type={10: 1904, 2: 2998615840, 7: 35360, 3: 1792, 4: 1792, 6: 1792} recv_by_type={6: 1904, 8: 37570, 1: 1153193504}
2026-02-17 00:05:00,364 - SplitNNServer - INFO - 26252 - phase=validation acc=0.1032 loss=4.412619264819954 epoch=82 and step=79
2026-02-17 00:05:03,443 - SplitNNServer - INFO - 26252 - phase=train acc=0.0 loss=3.2784037590026855 epoch=83 and step=0
2026-02-17 00:05:04,111 - SplitNNServer - INFO - 26252 - phase=train acc=0.0 loss=2.8841307163238525 epoch=83 and step=10
2026-02-17 00:05:04,822 - SplitNNServer - INFO - 26252 - phase=train acc=0.0 loss=1.9012012481689453 epoch=83 and step=20
2026-02-17 00:05:05,455 - SplitNNServer - INFO - 26252 - phase=train acc=0.0 loss=1.0263464450836182 epoch=83 and step=30
2026-02-17 00:05:06,147 - SplitNNServer - INFO - 26252 - phase=train acc=0.24390243902439024 loss=0.5278725028038025 epoch=83 and step=40
2026-02-17 00:05:06,607 - SplitNNClient - INFO - 33532 - worker_num=4 epoch_send=3023745312 epoch_receive=1178302402 total_send=3023745312 total_receive=1178302402 send_by_category={'OTHER': 7280, 'ACTS': 3023702672, 'MODEL': 35360} recv_by_category={'OTHER': 1904, 'MODEL': 37570, 'GRADS': 1178262928} send_by_type={10: 1904, 2: 3023702672, 7: 35360, 3: 1792, 4: 1792, 6: 1792} recv_by_type={6: 1904, 8: 37570, 1: 1178262928}
2026-02-17 00:05:08,529 - SplitNNServer - INFO - 26252 - phase=validation acc=0.101 loss=4.449028166034553 epoch=83 and step=79
2026-02-17 00:05:11,627 - SplitNNServer - INFO - 26252 - phase=train acc=0.0 loss=3.303757429122925 epoch=84 and step=0
2026-02-17 00:05:12,385 - SplitNNServer - INFO - 26252 - phase=train acc=0.0 loss=2.9012186527252197 epoch=84 and step=10
2026-02-17 00:05:13,036 - SplitNNServer - INFO - 26252 - phase=train acc=0.0 loss=1.9095059633255005 epoch=84 and step=20
2026-02-17 00:05:13,827 - SplitNNServer - INFO - 26252 - phase=train acc=0.0 loss=1.029220461845398 epoch=84 and step=30
2026-02-17 00:05:14,587 - SplitNNServer - INFO - 26252 - phase=train acc=0.24390243902439024 loss=0.5286007523536682 epoch=84 and step=40
2026-02-17 00:05:14,954 - SplitNNClient - INFO - 34892 - worker_num=5 epoch_send=2973571648 epoch_receive=1128163554 total_send=2973571648 total_receive=1128163554 send_by_category={'OTHER': 7280, 'ACTS': 2973529008, 'MODEL': 35360} recv_by_category={'OTHER': 1904, 'MODEL': 37570, 'GRADS': 1128124080} send_by_type={10: 1904, 2: 2973529008, 7: 35360, 3: 1792, 4: 1792, 6: 1792} recv_by_type={6: 1904, 8: 37570, 1: 1128124080}
2026-02-17 00:05:16,394 - SplitNNServer - INFO - 26252 - phase=validation acc=0.0982 loss=4.410466936570179 epoch=84 and step=79
2026-02-17 00:05:19,455 - SplitNNServer - INFO - 26252 - phase=train acc=0.0 loss=3.234687566757202 epoch=85 and step=0
2026-02-17 00:05:20,159 - SplitNNServer - INFO - 26252 - phase=train acc=0.0 loss=2.8508336544036865 epoch=85 and step=10
2026-02-17 00:05:20,917 - SplitNNServer - INFO - 26252 - phase=train acc=0.0 loss=1.8822139501571655 epoch=85 and step=20
2026-02-17 00:05:21,843 - SplitNNServer - INFO - 26252 - phase=train acc=0.0 loss=1.0190685987472534 epoch=85 and step=30
2026-02-17 00:05:22,614 - SplitNNServer - INFO - 26252 - phase=train acc=0.24390243902439024 loss=0.5262383818626404 epoch=85 and step=40
2026-02-17 00:05:23,036 - SplitNNClient - INFO - 34924 - worker_num=1 epoch_send=3181831890 epoch_receive=1221067890 total_send=3181831890 total_receive=1221067890 send_by_category={'ACTS': 3181786704, 'MODEL': 37570, 'OTHER': 7616} recv_by_category={'GRADS': 1221028416, 'OTHER': 1904, 'MODEL': 37570} send_by_type={2: 3181786704, 7: 37570, 3: 1904, 4: 1904, 6: 1904, 10: 1904} recv_by_type={1: 1221028416, 6: 1904, 8: 37570}
2026-02-17 00:05:24,552 - SplitNNServer - INFO - 26252 - phase=validation acc=0.098 loss=4.452434467363961 epoch=85 and step=79
2026-02-17 00:05:27,615 - SplitNNServer - INFO - 26252 - phase=train acc=0.0 loss=3.2479939460754395 epoch=86 and step=0
2026-02-17 00:05:28,568 - SplitNNServer - INFO - 26252 - phase=train acc=0.0 loss=2.856217861175537 epoch=86 and step=10
2026-02-17 00:05:29,458 - SplitNNServer - INFO - 26252 - phase=train acc=0.0 loss=1.87908136844635 epoch=86 and step=20
2026-02-17 00:05:30,117 - SplitNNServer - INFO - 26252 - phase=train acc=0.0 loss=1.0133000612258911 epoch=86 and step=30
2026-02-17 00:05:30,908 - SplitNNServer - INFO - 26252 - phase=train acc=0.24390243902439024 loss=0.522176206111908 epoch=86 and step=40
2026-02-17 00:05:31,705 - SplitNNServer - INFO - 26252 - phase=train acc=0.39215686274509803 loss=0.3023829162120819 epoch=86 and step=50
2026-02-17 00:05:31,811 - SplitNNClient - INFO - 22280 - worker_num=2 epoch_send=3341207170 epoch_receive=1380334788 total_send=3341207170 total_receive=1380334788 send_by_category={'OTHER': 7728, 'ACTS': 3341161872, 'MODEL': 37570} recv_by_category={'OTHER': 2016, 'MODEL': 39780, 'GRADS': 1380292992} send_by_type={10: 2016, 2: 3341161872, 7: 37570, 3: 1904, 4: 1904, 6: 1904} recv_by_type={6: 2016, 8: 39780, 1: 1380292992}
2026-02-17 00:05:33,436 - SplitNNServer - INFO - 26252 - phase=validation acc=0.1135 loss=4.581174138226086 epoch=86 and step=79
2026-02-17 00:05:36,541 - SplitNNServer - INFO - 26252 - phase=train acc=0.0 loss=3.451538324356079 epoch=87 and step=0
2026-02-17 00:05:37,490 - SplitNNServer - INFO - 26252 - phase=train acc=0.0 loss=3.000852108001709 epoch=87 and step=10
2026-02-17 00:05:38,442 - SplitNNServer - INFO - 26252 - phase=train acc=0.0 loss=1.9579941034317017 epoch=87 and step=20
2026-02-17 00:05:39,356 - SplitNNServer - INFO - 26252 - phase=train acc=0.0 loss=1.0426853895187378 epoch=87 and step=30
2026-02-17 00:05:40,209 - SplitNNServer - INFO - 26252 - phase=train acc=0.24390243902439024 loss=0.5288529992103577 epoch=87 and step=40
2026-02-17 00:05:40,692 - SplitNNClient - INFO - 23096 - worker_num=3 epoch_send=3181832002 epoch_receive=1221070212 total_send=3181832002 total_receive=1221070212 send_by_category={'OTHER': 7728, 'ACTS': 3181786704, 'MODEL': 37570} recv_by_category={'OTHER': 2016, 'MODEL': 39780, 'GRADS': 1221028416} send_by_type={10: 2016, 2: 3181786704, 7: 37570, 3: 1904, 4: 1904, 6: 1904} recv_by_type={6: 2016, 8: 39780, 1: 1221028416}
2026-02-17 00:05:43,169 - SplitNNServer - INFO - 26252 - phase=validation acc=0.1032 loss=4.443790227552004 epoch=87 and step=79
2026-02-17 00:05:46,263 - SplitNNServer - INFO - 26252 - phase=train acc=0.0 loss=3.2776646614074707 epoch=88 and step=0
2026-02-17 00:05:46,967 - SplitNNServer - INFO - 26252 - phase=train acc=0.0 loss=2.8832106590270996 epoch=88 and step=10
2026-02-17 00:05:47,734 - SplitNNServer - INFO - 26252 - phase=train acc=0.0 loss=1.900112509727478 epoch=88 and step=20
2026-02-17 00:05:48,400 - SplitNNServer - INFO - 26252 - phase=train acc=0.0 loss=1.0253885984420776 epoch=88 and step=30
2026-02-17 00:05:49,247 - SplitNNServer - INFO - 26252 - phase=train acc=0.24390243902439024 loss=0.5272550582885742 epoch=88 and step=40
2026-02-17 00:05:49,775 - SplitNNClient - INFO - 33532 - worker_num=4 epoch_send=3208394530 epoch_receive=1247614308 total_send=3208394530 total_receive=1247614308 send_by_category={'OTHER': 7728, 'ACTS': 3208349232, 'MODEL': 37570} recv_by_category={'OTHER': 2016, 'MODEL': 39780, 'GRADS': 1247572512} send_by_type={10: 2016, 2: 3208349232, 7: 37570, 3: 1904, 4: 1904, 6: 1904} recv_by_type={6: 2016, 8: 39780, 1: 1247572512}
2026-02-17 00:05:51,221 - SplitNNServer - INFO - 26252 - phase=validation acc=0.101 loss=4.479802071293698 epoch=88 and step=79
2026-02-17 00:05:54,274 - SplitNNServer - INFO - 26252 - phase=train acc=0.0 loss=3.3030285835266113 epoch=89 and step=0
2026-02-17 00:05:55,094 - SplitNNServer - INFO - 26252 - phase=train acc=0.0 loss=2.9003078937530518 epoch=89 and step=10
2026-02-17 00:05:55,865 - SplitNNServer - INFO - 26252 - phase=train acc=0.0 loss=1.9084340333938599 epoch=89 and step=20
2026-02-17 00:05:56,830 - SplitNNServer - INFO - 26252 - phase=train acc=0.0 loss=1.0282784700393677 epoch=89 and step=30
2026-02-17 00:05:57,646 - SplitNNServer - INFO - 26252 - phase=train acc=0.24390243902439024 loss=0.5279961824417114 epoch=89 and step=40
2026-02-17 00:05:58,035 - SplitNNClient - INFO - 34892 - worker_num=5 epoch_send=3155269474 epoch_receive=1194526116 total_send=3155269474 total_receive=1194526116 send_by_category={'OTHER': 7728, 'ACTS': 3155224176, 'MODEL': 37570} recv_by_category={'OTHER': 2016, 'MODEL': 39780, 'GRADS': 1194484320} send_by_type={10: 2016, 2: 3155224176, 7: 37570, 3: 1904, 4: 1904, 6: 1904} recv_by_type={6: 2016, 8: 39780, 1: 1194484320}
2026-02-17 00:05:59,537 - SplitNNServer - INFO - 26252 - phase=validation acc=0.0982 loss=4.440872572645357 epoch=89 and step=79
2026-02-17 00:06:02,590 - SplitNNServer - INFO - 26252 - phase=train acc=0.0 loss=3.233989953994751 epoch=90 and step=0
2026-02-17 00:06:03,290 - SplitNNServer - INFO - 26252 - phase=train acc=0.0 loss=2.849968194961548 epoch=90 and step=10
2026-02-17 00:06:03,962 - SplitNNServer - INFO - 26252 - phase=train acc=0.0 loss=1.8811891078948975 epoch=90 and step=20
2026-02-17 00:06:04,596 - SplitNNServer - INFO - 26252 - phase=train acc=0.0 loss=1.0181635618209839 epoch=90 and step=30
2026-02-17 00:06:05,234 - SplitNNServer - INFO - 26252 - phase=train acc=0.24390243902439024 loss=0.5256542563438416 epoch=90 and step=40
2026-02-17 00:06:05,580 - SplitNNClient - INFO - 34924 - worker_num=1 epoch_send=3365005412 epoch_receive=1288905124 total_send=3365005412 total_receive=1288905124 send_by_category={'ACTS': 3364957568, 'MODEL': 39780, 'OTHER': 8064} recv_by_category={'GRADS': 1288863328, 'OTHER': 2016, 'MODEL': 39780} send_by_type={2: 3364957568, 7: 39780, 3: 2016, 4: 2016, 6: 2016, 10: 2016} recv_by_type={1: 1288863328, 6: 2016, 8: 39780}
2026-02-17 00:06:07,127 - SplitNNServer - INFO - 26252 - phase=validation acc=0.098 loss=4.482458893256851 epoch=90 and step=79
2026-02-17 00:06:10,220 - SplitNNServer - INFO - 26252 - phase=train acc=0.0 loss=3.247331380844116 epoch=91 and step=0
2026-02-17 00:06:11,008 - SplitNNServer - INFO - 26252 - phase=train acc=0.0 loss=2.8553848266601562 epoch=91 and step=10
2026-02-17 00:06:11,776 - SplitNNServer - INFO - 26252 - phase=train acc=0.0 loss=1.8780919313430786 epoch=91 and step=20
2026-02-17 00:06:12,444 - SplitNNServer - INFO - 26252 - phase=train acc=0.0 loss=1.0124292373657227 epoch=91 and step=30
2026-02-17 00:06:13,182 - SplitNNServer - INFO - 26252 - phase=train acc=0.24390243902439024 loss=0.5216146111488342 epoch=91 and step=40
2026-02-17 00:06:14,070 - SplitNNServer - INFO - 26252 - phase=train acc=0.39215686274509803 loss=0.30205121636390686 epoch=91 and step=50
2026-02-17 00:06:14,175 - SplitNNClient - INFO - 22280 - worker_num=2 epoch_send=3533234868 epoch_receive=1457020054 total_send=3533234868 total_receive=1457020054 send_by_category={'OTHER': 8176, 'ACTS': 3533186912, 'MODEL': 39780} recv_by_category={'OTHER': 2128, 'MODEL': 41990, 'GRADS': 1456975936} send_by_type={10: 2128, 2: 3533186912, 7: 39780, 3: 2016, 4: 2016, 6: 2016} recv_by_type={6: 2128, 8: 41990, 1: 1456975936}
2026-02-17 00:06:15,693 - SplitNNServer - INFO - 26252 - phase=validation acc=0.1135 loss=4.610768601864199 epoch=91 and step=79
2026-02-17 00:06:18,804 - SplitNNServer - INFO - 26252 - phase=train acc=0.0 loss=3.4508254528045654 epoch=92 and step=0
2026-02-17 00:06:19,519 - SplitNNServer - INFO - 26252 - phase=train acc=0.0 loss=2.9999630451202393 epoch=92 and step=10
2026-02-17 00:06:20,359 - SplitNNServer - INFO - 26252 - phase=train acc=0.0 loss=1.9569700956344604 epoch=92 and step=20
2026-02-17 00:06:21,083 - SplitNNServer - INFO - 26252 - phase=train acc=0.0 loss=1.0417957305908203 epoch=92 and step=30
2026-02-17 00:06:22,021 - SplitNNServer - INFO - 26252 - phase=train acc=0.24390243902439024 loss=0.528287947177887 epoch=92 and step=40
2026-02-17 00:06:22,419 - SplitNNClient - INFO - 23096 - worker_num=3 epoch_send=3365005524 epoch_receive=1288907446 total_send=3365005524 total_receive=1288907446 send_by_category={'OTHER': 8176, 'ACTS': 3364957568, 'MODEL': 39780} recv_by_category={'OTHER': 2128, 'MODEL': 41990, 'GRADS': 1288863328} send_by_type={10: 2128, 2: 3364957568, 7: 39780, 3: 2016, 4: 2016, 6: 2016} recv_by_type={6: 2128, 8: 41990, 1: 1288863328}
2026-02-17 00:06:23,875 - SplitNNServer - INFO - 26252 - phase=validation acc=0.1032 loss=4.473089302642436 epoch=92 and step=79
2026-02-17 00:06:26,967 - SplitNNServer - INFO - 26252 - phase=train acc=0.0 loss=3.2770121097564697 epoch=93 and step=0
2026-02-17 00:06:27,938 - SplitNNServer - INFO - 26252 - phase=train acc=0.0 loss=2.882396936416626 epoch=93 and step=10
2026-02-17 00:06:28,898 - SplitNNServer - INFO - 26252 - phase=train acc=0.0 loss=1.8991509675979614 epoch=93 and step=20
2026-02-17 00:06:29,550 - SplitNNServer - INFO - 26252 - phase=train acc=0.0 loss=1.0245416164398193 epoch=93 and step=30
2026-02-17 00:06:30,356 - SplitNNServer - INFO - 26252 - phase=train acc=0.24390243902439024 loss=0.5267100930213928 epoch=93 and step=40
2026-02-17 00:06:30,843 - SplitNNClient - INFO - 33532 - worker_num=4 epoch_send=3393043748 epoch_receive=1316926214 total_send=3393043748 total_receive=1316926214 send_by_category={'OTHER': 8176, 'ACTS': 3392995792, 'MODEL': 39780} recv_by_category={'OTHER': 2128, 'MODEL': 41990, 'GRADS': 1316882096} send_by_type={10: 2128, 2: 3392995792, 7: 39780, 3: 2016, 4: 2016, 6: 2016} recv_by_type={6: 2128, 8: 41990, 1: 1316882096}
2026-02-17 00:06:32,641 - SplitNNServer - INFO - 26252 - phase=validation acc=0.101 loss=4.508750118786776 epoch=93 and step=79
2026-02-17 00:06:35,710 - SplitNNServer - INFO - 26252 - phase=train acc=0.0 loss=3.3023834228515625 epoch=94 and step=0
2026-02-17 00:06:36,358 - SplitNNServer - INFO - 26252 - phase=train acc=0.0 loss=2.8995015621185303 epoch=94 and step=10
2026-02-17 00:06:37,037 - SplitNNServer - INFO - 26252 - phase=train acc=0.0 loss=1.9074856042861938 epoch=94 and step=20
2026-02-17 00:06:37,841 - SplitNNServer - INFO - 26252 - phase=train acc=0.0 loss=1.027445673942566 epoch=94 and step=30
2026-02-17 00:06:38,693 - SplitNNServer - INFO - 26252 - phase=train acc=0.24390243902439024 loss=0.5274605751037598 epoch=94 and step=40
2026-02-17 00:06:38,998 - SplitNNClient - INFO - 34892 - worker_num=5 epoch_send=3336967300 epoch_receive=1260888678 total_send=3336967300 total_receive=1260888678 send_by_category={'OTHER': 8176, 'ACTS': 3336919344, 'MODEL': 39780} recv_by_category={'OTHER': 2128, 'MODEL': 41990, 'GRADS': 1260844560} send_by_type={10: 2128, 2: 3336919344, 7: 39780, 3: 2016, 4: 2016, 6: 2016} recv_by_type={6: 2128, 8: 41990, 1: 1260844560}
2026-02-17 00:06:40,494 - SplitNNServer - INFO - 26252 - phase=validation acc=0.0982 loss=4.469495881961871 epoch=94 and step=79
2026-02-17 00:06:43,570 - SplitNNServer - INFO - 26252 - phase=train acc=0.0 loss=3.233375310897827 epoch=95 and step=0
2026-02-17 00:06:44,299 - SplitNNServer - INFO - 26252 - phase=train acc=0.0 loss=2.84920334815979 epoch=95 and step=10
2026-02-17 00:06:45,124 - SplitNNServer - INFO - 26252 - phase=train acc=0.0 loss=1.880279779434204 epoch=95 and step=20
2026-02-17 00:06:45,956 - SplitNNServer - INFO - 26252 - phase=train acc=0.0 loss=1.0173624753952026 epoch=95 and step=30
2026-02-17 00:06:46,667 - SplitNNServer - INFO - 26252 - phase=train acc=0.24390243902439024 loss=0.5251364707946777 epoch=95 and step=40
2026-02-17 00:06:47,088 - SplitNNClient - INFO - 34924 - worker_num=1 epoch_send=3548178934 epoch_receive=1356742358 total_send=3548178934 total_receive=1356742358 send_by_category={'ACTS': 3548128432, 'MODEL': 41990, 'OTHER': 8512} recv_by_category={'GRADS': 1356698240, 'OTHER': 2128, 'MODEL': 41990} send_by_type={2: 3548128432, 7: 41990, 3: 2128, 4: 2128, 6: 2128, 10: 2128} recv_by_type={1: 1356698240, 6: 2128, 8: 41990}
2026-02-17 00:06:48,583 - SplitNNServer - INFO - 26252 - phase=validation acc=0.098 loss=4.510743032527875 epoch=95 and step=79
2026-02-17 00:06:51,613 - SplitNNServer - INFO - 26252 - phase=train acc=0.0 loss=3.2467424869537354 epoch=96 and step=0
2026-02-17 00:06:52,498 - SplitNNServer - INFO - 26252 - phase=train acc=0.0 loss=2.854645013809204 epoch=96 and step=10
2026-02-17 00:06:53,328 - SplitNNServer - INFO - 26252 - phase=train acc=0.0 loss=1.8772146701812744 epoch=96 and step=20
2026-02-17 00:06:54,135 - SplitNNServer - INFO - 26252 - phase=train acc=0.0 loss=1.0116567611694336 epoch=96 and step=30
2026-02-17 00:06:54,898 - SplitNNServer - INFO - 26252 - phase=train acc=0.24390243902439024 loss=0.5211167335510254 epoch=96 and step=40
2026-02-17 00:06:55,701 - SplitNNServer - INFO - 26252 - phase=train acc=0.39215686274509803 loss=0.3017573356628418 epoch=96 and step=50
2026-02-17 00:06:55,834 - SplitNNClient - INFO - 22280 - worker_num=2 epoch_send=3725262566 epoch_receive=1533705320 total_send=3725262566 total_receive=1533705320 send_by_category={'OTHER': 8624, 'ACTS': 3725211952, 'MODEL': 41990} recv_by_category={'OTHER': 2240, 'MODEL': 44200, 'GRADS': 1533658880} send_by_type={10: 2240, 2: 3725211952, 7: 41990, 3: 2128, 4: 2128, 6: 2128} recv_by_type={6: 2240, 8: 44200, 1: 1533658880}
2026-02-17 00:06:57,337 - SplitNNServer - INFO - 26252 - phase=validation acc=0.1135 loss=4.638669587388823 epoch=96 and step=79
2026-02-17 00:07:00,395 - SplitNNServer - INFO - 26252 - phase=train acc=0.0 loss=3.4501917362213135 epoch=97 and step=0
2026-02-17 00:07:01,094 - SplitNNServer - INFO - 26252 - phase=train acc=0.0 loss=2.9991724491119385 epoch=97 and step=10
2026-02-17 00:07:01,730 - SplitNNServer - INFO - 26252 - phase=train acc=0.0 loss=1.9560601711273193 epoch=97 and step=20
2026-02-17 00:07:02,366 - SplitNNServer - INFO - 26252 - phase=train acc=0.0 loss=1.041006088256836 epoch=97 and step=30
2026-02-17 00:07:03,054 - SplitNNServer - INFO - 26252 - phase=train acc=0.24390243902439024 loss=0.5277863144874573 epoch=97 and step=40
2026-02-17 00:07:03,539 - SplitNNClient - INFO - 23096 - worker_num=3 epoch_send=3548179046 epoch_receive=1356744680 total_send=3548179046 total_receive=1356744680 send_by_category={'OTHER': 8624, 'ACTS': 3548128432, 'MODEL': 41990} recv_by_category={'OTHER': 2240, 'MODEL': 44200, 'GRADS': 1356698240} send_by_type={10: 2240, 2: 3548128432, 7: 41990, 3: 2128, 4: 2128, 6: 2128} recv_by_type={6: 2240, 8: 44200, 1: 1356698240}
2026-02-17 00:07:05,055 - SplitNNServer - INFO - 26252 - phase=validation acc=0.1032 loss=4.500728570962254 epoch=97 and step=79
2026-02-17 00:07:08,154 - SplitNNServer - INFO - 26252 - phase=train acc=0.0 loss=3.2764322757720947 epoch=98 and step=0
2026-02-17 00:07:09,102 - SplitNNServer - INFO - 26252 - phase=train acc=0.0 loss=2.8816745281219482 epoch=98 and step=10
2026-02-17 00:07:09,828 - SplitNNServer - INFO - 26252 - phase=train acc=0.0 loss=1.8982964754104614 epoch=98 and step=20
2026-02-17 00:07:10,708 - SplitNNServer - INFO - 26252 - phase=train acc=0.0 loss=1.023788571357727 epoch=98 and step=30
2026-02-17 00:07:11,654 - SplitNNServer - INFO - 26252 - phase=train acc=0.24390243902439024 loss=0.5262255668640137 epoch=98 and step=40
2026-02-17 00:07:12,151 - SplitNNClient - INFO - 33532 - worker_num=4 epoch_send=3577692966 epoch_receive=1386238120 total_send=3577692966 total_receive=1386238120 send_by_category={'OTHER': 8624, 'ACTS': 3577642352, 'MODEL': 41990} recv_by_category={'OTHER': 2240, 'MODEL': 44200, 'GRADS': 1386191680} send_by_type={10: 2240, 2: 3577642352, 7: 41990, 3: 2128, 4: 2128, 6: 2128} recv_by_type={6: 2240, 8: 44200, 1: 1386191680}
2026-02-17 00:07:13,653 - SplitNNServer - INFO - 26252 - phase=validation acc=0.101 loss=4.536076660397686 epoch=98 and step=79
2026-02-17 00:07:16,741 - SplitNNServer - INFO - 26252 - phase=train acc=0.0 loss=3.3018081188201904 epoch=99 and step=0
2026-02-17 00:07:17,373 - SplitNNServer - INFO - 26252 - phase=train acc=0.0 loss=2.8987832069396973 epoch=99 and step=10
2026-02-17 00:07:18,112 - SplitNNServer - INFO - 26252 - phase=train acc=0.0 loss=1.9066412448883057 epoch=99 and step=20
2026-02-17 00:07:18,977 - SplitNNServer - INFO - 26252 - phase=train acc=0.0 loss=1.0267046689987183 epoch=99 and step=30
2026-02-17 00:07:19,775 - SplitNNServer - INFO - 26252 - phase=train acc=0.24390243902439024 loss=0.5269842147827148 epoch=99 and step=40
2026-02-17 00:07:20,068 - SplitNNClient - INFO - 34892 - worker_num=5 epoch_send=3518665126 epoch_receive=1327251240 total_send=3518665126 total_receive=1327251240 send_by_category={'OTHER': 8624, 'ACTS': 3518614512, 'MODEL': 41990} recv_by_category={'OTHER': 2240, 'MODEL': 44200, 'GRADS': 1327204800} send_by_type={10: 2240, 2: 3518614512, 7: 41990, 3: 2128, 4: 2128, 6: 2128} recv_by_type={6: 2240, 8: 44200, 1: 1327204800}
2026-02-17 00:07:21,583 - SplitNNServer - INFO - 26252 - phase=validation acc=0.0982 loss=4.496531522726711 epoch=99 and step=79
2026-02-17 00:07:24,686 - SplitNNServer - INFO - 26252 - phase=train acc=0.0 loss=3.232825994491577 epoch=100 and step=0
2026-02-17 00:07:25,330 - SplitNNServer - INFO - 26252 - phase=train acc=0.0 loss=2.8485207557678223 epoch=100 and step=10
2026-02-17 00:07:25,974 - SplitNNServer - INFO - 26252 - phase=train acc=0.0 loss=1.8794708251953125 epoch=100 and step=20
2026-02-17 00:07:26,713 - SplitNNServer - INFO - 26252 - phase=train acc=0.0 loss=1.0166484117507935 epoch=100 and step=30
2026-02-17 00:07:27,604 - SplitNNServer - INFO - 26252 - phase=train acc=0.24390243902439024 loss=0.5246754288673401 epoch=100 and step=40
2026-02-17 00:07:27,950 - SplitNNClient - INFO - 34924 - worker_num=1 epoch_send=3731352456 epoch_receive=1424579592 total_send=3731352456 total_receive=1424579592 send_by_category={'ACTS': 3731299296, 'MODEL': 44200, 'OTHER': 8960} recv_by_category={'GRADS': 1424533152, 'OTHER': 2240, 'MODEL': 44200} send_by_type={2: 3731299296, 7: 44200, 3: 2240, 4: 2240, 6: 2240, 10: 2240} recv_by_type={1: 1424533152, 6: 2240, 8: 44200}
2026-02-17 00:07:29,639 - SplitNNServer - INFO - 26252 - phase=validation acc=0.098 loss=4.537475754943075 epoch=100 and step=79
2026-02-17 00:07:32,697 - SplitNNServer - INFO - 26252 - phase=train acc=0.0 loss=3.2462193965911865 epoch=101 and step=0
2026-02-17 00:07:33,329 - SplitNNServer - INFO - 26252 - phase=train acc=0.0 loss=2.8539860248565674 epoch=101 and step=10
2026-02-17 00:07:33,992 - SplitNNServer - INFO - 26252 - phase=train acc=0.0 loss=1.8764325380325317 epoch=101 and step=20
2026-02-17 00:07:34,652 - SplitNNServer - INFO - 26252 - phase=train acc=0.0 loss=1.0109683275222778 epoch=101 and step=30
2026-02-17 00:07:35,600 - SplitNNServer - INFO - 26252 - phase=train acc=0.24390243902439024 loss=0.5206732153892517 epoch=101 and step=40
2026-02-17 00:07:36,516 - SplitNNServer - INFO - 26252 - phase=train acc=0.39215686274509803 loss=0.30149486660957336 epoch=101 and step=50
2026-02-17 00:07:36,654 - SplitNNClient - INFO - 22280 - worker_num=2 epoch_send=3917290264 epoch_receive=1610390586 total_send=3917290264 total_receive=1610390586 send_by_category={'OTHER': 9072, 'ACTS': 3917236992, 'MODEL': 44200} recv_by_category={'OTHER': 2352, 'MODEL': 46410, 'GRADS': 1610341824} send_by_type={10: 2352, 2: 3917236992, 7: 44200, 3: 2240, 4: 2240, 6: 2240} recv_by_type={6: 2352, 8: 46410, 1: 1610341824}
2026-02-17 00:07:38,257 - SplitNNServer - INFO - 26252 - phase=validation acc=0.1135 loss=4.665060483956639 epoch=101 and step=79
2026-02-17 00:07:41,351 - SplitNNServer - INFO - 26252 - phase=train acc=0.0 loss=3.44962477684021 epoch=102 and step=0
2026-02-17 00:07:42,245 - SplitNNServer - INFO - 26252 - phase=train acc=0.0 loss=2.9984662532806396 epoch=102 and step=10
2026-02-17 00:07:42,890 - SplitNNServer - INFO - 26252 - phase=train acc=0.0 loss=1.955246090888977 epoch=102 and step=20
2026-02-17 00:07:43,529 - SplitNNServer - INFO - 26252 - phase=train acc=0.0 loss=1.0403002500534058 epoch=102 and step=30
2026-02-17 00:07:44,307 - SplitNNServer - INFO - 26252 - phase=train acc=0.24390243902439024 loss=0.5273380279541016 epoch=102 and step=40
2026-02-17 00:07:44,673 - SplitNNClient - INFO - 23096 - worker_num=3 epoch_send=3731352568 epoch_receive=1424581914 total_send=3731352568 total_receive=1424581914 send_by_category={'OTHER': 9072, 'ACTS': 3731299296, 'MODEL': 44200} recv_by_category={'OTHER': 2352, 'MODEL': 46410, 'GRADS': 1424533152} send_by_type={10: 2352, 2: 3731299296, 7: 44200, 3: 2240, 4: 2240, 6: 2240} recv_by_type={6: 2352, 8: 46410, 1: 1424533152}
2026-02-17 00:07:46,365 - SplitNNServer - INFO - 26252 - phase=validation acc=0.1032 loss=4.52688491193554 epoch=102 and step=79
2026-02-17 00:07:49,439 - SplitNNServer - INFO - 26252 - phase=train acc=0.0 loss=3.2759134769439697 epoch=103 and step=0
2026-02-17 00:07:50,281 - SplitNNServer - INFO - 26252 - phase=train acc=0.0 loss=2.8810272216796875 epoch=103 and step=10
2026-02-17 00:07:51,195 - SplitNNServer - INFO - 26252 - phase=train acc=0.0 loss=1.8975318670272827 epoch=103 and step=20
2026-02-17 00:07:52,141 - SplitNNServer - INFO - 26252 - phase=train acc=0.0 loss=1.0231152772903442 epoch=103 and step=30
2026-02-17 00:07:53,090 - SplitNNServer - INFO - 26252 - phase=train acc=0.24390243902439024 loss=0.5257917642593384 epoch=103 and step=40
2026-02-17 00:07:53,587 - SplitNNClient - INFO - 33532 - worker_num=4 epoch_send=3762342184 epoch_receive=1455550026 total_send=3762342184 total_receive=1455550026 send_by_category={'OTHER': 9072, 'ACTS': 3762288912, 'MODEL': 44200} recv_by_category={'OTHER': 2352, 'MODEL': 46410, 'GRADS': 1455501264} send_by_type={10: 2352, 2: 3762288912, 7: 44200, 3: 2240, 4: 2240, 6: 2240} recv_by_type={6: 2352, 8: 46410, 1: 1455501264}
2026-02-17 00:07:55,260 - SplitNNServer - INFO - 26252 - phase=validation acc=0.101 loss=4.561953767945495 epoch=103 and step=79
2026-02-17 00:07:58,321 - SplitNNServer - INFO - 26252 - phase=train acc=0.0 loss=3.3012964725494385 epoch=104 and step=0
2026-02-17 00:07:59,112 - SplitNNServer - INFO - 26252 - phase=train acc=0.0 loss=2.8981411457061768 epoch=104 and step=10
2026-02-17 00:07:59,821 - SplitNNServer - INFO - 26252 - phase=train acc=0.0 loss=1.9058858156204224 epoch=104 and step=20
2026-02-17 00:08:00,603 - SplitNNServer - INFO - 26252 - phase=train acc=0.0 loss=1.0260409116744995 epoch=104 and step=30
2026-02-17 00:08:01,494 - SplitNNServer - INFO - 26252 - phase=train acc=0.24390243902439024 loss=0.5265578627586365 epoch=104 and step=40
2026-02-17 00:08:01,780 - SplitNNClient - INFO - 34892 - worker_num=5 epoch_send=3700362952 epoch_receive=1393613802 total_send=3700362952 total_receive=1393613802 send_by_category={'OTHER': 9072, 'ACTS': 3700309680, 'MODEL': 44200} recv_by_category={'OTHER': 2352, 'MODEL': 46410, 'GRADS': 1393565040} send_by_type={10: 2352, 2: 3700309680, 7: 44200, 3: 2240, 4: 2240, 6: 2240} recv_by_type={6: 2352, 8: 46410, 1: 1393565040}
2026-02-17 00:08:03,513 - SplitNNServer - INFO - 26252 - phase=validation acc=0.0982 loss=4.522146762171878 epoch=104 and step=79
2026-02-17 00:08:06,547 - SplitNNServer - INFO - 26252 - phase=train acc=0.0 loss=3.2323334217071533 epoch=105 and step=0
2026-02-17 00:08:07,190 - SplitNNServer - INFO - 26252 - phase=train acc=0.0 loss=2.8479082584381104 epoch=105 and step=10
2026-02-17 00:08:07,837 - SplitNNServer - INFO - 26252 - phase=train acc=0.0 loss=1.8787442445755005 epoch=105 and step=20
2026-02-17 00:08:08,643 - SplitNNServer - INFO - 26252 - phase=train acc=0.0 loss=1.016007423400879 epoch=105 and step=30
2026-02-17 00:08:09,594 - SplitNNServer - INFO - 26252 - phase=train acc=0.24390243902439024 loss=0.5242614150047302 epoch=105 and step=40
2026-02-17 00:08:10,109 - SplitNNClient - INFO - 34924 - worker_num=1 epoch_send=3914525978 epoch_receive=1492416826 total_send=3914525978 total_receive=1492416826 send_by_category={'ACTS': 3914470160, 'MODEL': 46410, 'OTHER': 9408} recv_by_category={'GRADS': 1492368064, 'OTHER': 2352, 'MODEL': 46410} send_by_type={2: 3914470160, 7: 46410, 3: 2352, 4: 2352, 6: 2352, 10: 2352} recv_by_type={1: 1492368064, 6: 2352, 8: 46410}
2026-02-17 00:08:11,728 - SplitNNServer - INFO - 26252 - phase=validation acc=0.098 loss=4.562820090523249 epoch=105 and step=79
2026-02-17 00:08:14,800 - SplitNNServer - INFO - 26252 - phase=train acc=0.0 loss=3.2457468509674072 epoch=106 and step=0
2026-02-17 00:08:15,526 - SplitNNServer - INFO - 26252 - phase=train acc=0.0 loss=2.853393316268921 epoch=106 and step=10
2026-02-17 00:08:16,235 - SplitNNServer - INFO - 26252 - phase=train acc=0.0 loss=1.875728726387024 epoch=106 and step=20
2026-02-17 00:08:17,007 - SplitNNServer - INFO - 26252 - phase=train acc=0.0 loss=1.010349154472351 epoch=106 and step=30
2026-02-17 00:08:17,714 - SplitNNServer - INFO - 26252 - phase=train acc=0.24390243902439024 loss=0.5202736854553223 epoch=106 and step=40
2026-02-17 00:08:18,358 - SplitNNServer - INFO - 26252 - phase=train acc=0.39215686274509803 loss=0.30125904083251953 epoch=106 and step=50
2026-02-17 00:08:18,440 - SplitNNClient - INFO - 22280 - worker_num=2 epoch_send=4109317962 epoch_receive=1687075852 total_send=4109317962 total_receive=1687075852 send_by_category={'OTHER': 9520, 'ACTS': 4109262032, 'MODEL': 46410} recv_by_category={'OTHER': 2464, 'MODEL': 48620, 'GRADS': 1687024768} send_by_type={10: 2464, 2: 4109262032, 7: 46410, 3: 2352, 4: 2352, 6: 2352} recv_by_type={6: 2464, 8: 48620, 1: 1687024768}
2026-02-17 00:08:19,962 - SplitNNServer - INFO - 26252 - phase=validation acc=0.1135 loss=4.690097169031071 epoch=106 and step=79
2026-02-17 00:08:23,027 - SplitNNServer - INFO - 26252 - phase=train acc=0.0 loss=3.449115514755249 epoch=107 and step=0
2026-02-17 00:08:23,823 - SplitNNServer - INFO - 26252 - phase=train acc=0.0 loss=2.9978315830230713 epoch=107 and step=10
2026-02-17 00:08:24,593 - SplitNNServer - INFO - 26252 - phase=train acc=0.0 loss=1.9545154571533203 epoch=107 and step=20
2026-02-17 00:08:25,312 - SplitNNServer - INFO - 26252 - phase=train acc=0.0 loss=1.0396653413772583 epoch=107 and step=30
2026-02-17 00:08:26,100 - SplitNNServer - INFO - 26252 - phase=train acc=0.24390243902439024 loss=0.5269350409507751 epoch=107 and step=40
2026-02-17 00:08:26,487 - SplitNNClient - INFO - 23096 - worker_num=3 epoch_send=3914526090 epoch_receive=1492419148 total_send=3914526090 total_receive=1492419148 send_by_category={'OTHER': 9520, 'ACTS': 3914470160, 'MODEL': 46410} recv_by_category={'OTHER': 2464, 'MODEL': 48620, 'GRADS': 1492368064} send_by_type={10: 2464, 2: 3914470160, 7: 46410, 3: 2352, 4: 2352, 6: 2352} recv_by_type={6: 2464, 8: 48620, 1: 1492368064}
2026-02-17 00:08:28,055 - SplitNNServer - INFO - 26252 - phase=validation acc=0.1032 loss=4.551710551298117 epoch=107 and step=79
2026-02-17 00:08:31,125 - SplitNNServer - INFO - 26252 - phase=train acc=0.0 loss=3.2754476070404053 epoch=108 and step=0
2026-02-17 00:08:31,836 - SplitNNServer - INFO - 26252 - phase=train acc=0.0 loss=2.880445957183838 epoch=108 and step=10
2026-02-17 00:08:32,751 - SplitNNServer - INFO - 26252 - phase=train acc=0.0 loss=1.8968433141708374 epoch=108 and step=20
2026-02-17 00:08:33,637 - SplitNNServer - INFO - 26252 - phase=train acc=0.0 loss=1.0225094556808472 epoch=108 and step=30
2026-02-17 00:08:34,473 - SplitNNServer - INFO - 26252 - phase=train acc=0.24390243902439024 loss=0.5254015326499939 epoch=108 and step=40
2026-02-17 00:08:34,981 - SplitNNClient - INFO - 33532 - worker_num=4 epoch_send=3946991402 epoch_receive=1524861932 total_send=3946991402 total_receive=1524861932 send_by_category={'OTHER': 9520, 'ACTS': 3946935472, 'MODEL': 46410} recv_by_category={'OTHER': 2464, 'MODEL': 48620, 'GRADS': 1524810848} send_by_type={10: 2464, 2: 3946935472, 7: 46410, 3: 2352, 4: 2352, 6: 2352} recv_by_type={6: 2464, 8: 48620, 1: 1524810848}
2026-02-17 00:08:36,571 - SplitNNServer - INFO - 26252 - phase=validation acc=0.101 loss=4.586525416072411 epoch=108 and step=79
2026-02-17 00:08:39,646 - SplitNNServer - INFO - 26252 - phase=train acc=0.0 loss=3.3008313179016113 epoch=109 and step=0
2026-02-17 00:08:40,502 - SplitNNServer - INFO - 26252 - phase=train acc=0.0 loss=2.89756178855896 epoch=109 and step=10
2026-02-17 00:08:41,391 - SplitNNServer - INFO - 26252 - phase=train acc=0.0 loss=1.905203104019165 epoch=109 and step=20
2026-02-17 00:08:42,214 - SplitNNServer - INFO - 26252 - phase=train acc=0.0 loss=1.0254411697387695 epoch=109 and step=30
2026-02-17 00:08:43,051 - SplitNNServer - INFO - 26252 - phase=train acc=0.24390243902439024 loss=0.5261730551719666 epoch=109 and step=40
2026-02-17 00:08:43,334 - SplitNNClient - INFO - 34892 - worker_num=5 epoch_send=3882060778 epoch_receive=1459976364 total_send=3882060778 total_receive=1459976364 send_by_category={'OTHER': 9520, 'ACTS': 3882004848, 'MODEL': 46410} recv_by_category={'OTHER': 2464, 'MODEL': 48620, 'GRADS': 1459925280} send_by_type={10: 2464, 2: 3882004848, 7: 46410, 3: 2352, 4: 2352, 6: 2352} recv_by_type={6: 2464, 8: 48620, 1: 1459925280}
2026-02-17 00:08:44,887 - SplitNNServer - INFO - 26252 - phase=validation acc=0.0982 loss=4.54648370380643 epoch=109 and step=79
2026-02-17 00:08:47,976 - SplitNNServer - INFO - 26252 - phase=train acc=0.0 loss=3.2318873405456543 epoch=110 and step=0
2026-02-17 00:08:48,674 - SplitNNServer - INFO - 26252 - phase=train acc=0.0 loss=2.8473551273345947 epoch=110 and step=10
2026-02-17 00:08:49,354 - SplitNNServer - INFO - 26252 - phase=train acc=0.0 loss=1.8780882358551025 epoch=110 and step=20
2026-02-17 00:08:50,032 - SplitNNServer - INFO - 26252 - phase=train acc=0.0 loss=1.0154293775558472 epoch=110 and step=30
2026-02-17 00:08:50,667 - SplitNNServer - INFO - 26252 - phase=train acc=0.24390243902439024 loss=0.523888111114502 epoch=110 and step=40
2026-02-17 00:08:51,014 - SplitNNClient - INFO - 34924 - worker_num=1 epoch_send=4097699500 epoch_receive=1560254060 total_send=4097699500 total_receive=1560254060 send_by_category={'ACTS': 4097641024, 'MODEL': 48620, 'OTHER': 9856} recv_by_category={'GRADS': 1560202976, 'OTHER': 2464, 'MODEL': 48620} send_by_type={2: 4097641024, 7: 48620, 3: 2464, 4: 2464, 6: 2464, 10: 2464} recv_by_type={1: 1560202976, 6: 2464, 8: 48620}
2026-02-17 00:08:52,611 - SplitNNServer - INFO - 26252 - phase=validation acc=0.098 loss=4.5869115394882005 epoch=110 and step=79
2026-02-17 00:08:55,715 - SplitNNServer - INFO - 26252 - phase=train acc=0.0 loss=3.2453227043151855 epoch=111 and step=0
2026-02-17 00:08:56,603 - SplitNNServer - INFO - 26252 - phase=train acc=0.0 loss=2.8528568744659424 epoch=111 and step=10
2026-02-17 00:08:57,430 - SplitNNServer - INFO - 26252 - phase=train acc=0.0 loss=1.8750934600830078 epoch=111 and step=20
2026-02-17 00:08:58,153 - SplitNNServer - INFO - 26252 - phase=train acc=0.0 loss=1.0097895860671997 epoch=111 and step=30
2026-02-17 00:08:58,987 - SplitNNServer - INFO - 26252 - phase=train acc=0.24390243902439024 loss=0.5199131369590759 epoch=111 and step=40
2026-02-17 00:08:59,623 - SplitNNServer - INFO - 26252 - phase=train acc=0.39215686274509803 loss=0.3010457456111908 epoch=111 and step=50
2026-02-17 00:08:59,705 - SplitNNClient - INFO - 22280 - worker_num=2 epoch_send=4301345660 epoch_receive=1763761118 total_send=4301345660 total_receive=1763761118 send_by_category={'OTHER': 9968, 'ACTS': 4301287072, 'MODEL': 48620} recv_by_category={'OTHER': 2576, 'MODEL': 50830, 'GRADS': 1763707712} send_by_type={10: 2576, 2: 4301287072, 7: 48620, 3: 2464, 4: 2464, 6: 2464} recv_by_type={6: 2576, 8: 50830, 1: 1763707712}
2026-02-17 00:09:01,278 - SplitNNServer - INFO - 26252 - phase=validation acc=0.1135 loss=4.713910477070868 epoch=111 and step=79
2026-02-17 00:09:04,373 - SplitNNServer - INFO - 26252 - phase=train acc=0.0 loss=3.448654890060425 epoch=112 and step=0
2026-02-17 00:09:05,010 - SplitNNServer - INFO - 26252 - phase=train acc=0.0 loss=2.997258186340332 epoch=112 and step=10
2026-02-17 00:09:05,688 - SplitNNServer - INFO - 26252 - phase=train acc=0.0 loss=1.9538553953170776 epoch=112 and step=20
2026-02-17 00:09:06,542 - SplitNNServer - INFO - 26252 - phase=train acc=0.0 loss=1.0390912294387817 epoch=112 and step=30
2026-02-17 00:09:07,427 - SplitNNServer - INFO - 26252 - phase=train acc=0.24390243902439024 loss=0.5265703797340393 epoch=112 and step=40
2026-02-17 00:09:07,909 - SplitNNClient - INFO - 23096 - worker_num=3 epoch_send=4097699612 epoch_receive=1560256382 total_send=4097699612 total_receive=1560256382 send_by_category={'OTHER': 9968, 'ACTS': 4097641024, 'MODEL': 48620} recv_by_category={'OTHER': 2576, 'MODEL': 50830, 'GRADS': 1560202976} send_by_type={10: 2576, 2: 4097641024, 7: 48620, 3: 2464, 4: 2464, 6: 2464} recv_by_type={6: 2576, 8: 50830, 1: 1560202976}
2026-02-17 00:09:09,553 - SplitNNServer - INFO - 26252 - phase=validation acc=0.1032 loss=4.575332345841806 epoch=112 and step=79
2026-02-17 00:09:12,581 - SplitNNServer - INFO - 26252 - phase=train acc=0.0 loss=3.275024652481079 epoch=113 and step=0
2026-02-17 00:09:13,405 - SplitNNServer - INFO - 26252 - phase=train acc=0.0 loss=2.8799192905426025 epoch=113 and step=10
2026-02-17 00:09:14,319 - SplitNNServer - INFO - 26252 - phase=train acc=0.0 loss=1.8962209224700928 epoch=113 and step=20
2026-02-17 00:09:15,005 - SplitNNServer - INFO - 26252 - phase=train acc=0.0 loss=1.0219602584838867 epoch=113 and step=30
2026-02-17 00:09:15,722 - SplitNNServer - INFO - 26252 - phase=train acc=0.24390243902439024 loss=0.5250481963157654 epoch=113 and step=40
2026-02-17 00:09:16,131 - SplitNNClient - INFO - 33532 - worker_num=4 epoch_send=4131640620 epoch_receive=1594173838 total_send=4131640620 total_receive=1594173838 send_by_category={'OTHER': 9968, 'ACTS': 4131582032, 'MODEL': 48620} recv_by_category={'OTHER': 2576, 'MODEL': 50830, 'GRADS': 1594120432} send_by_type={10: 2576, 2: 4131582032, 7: 48620, 3: 2464, 4: 2464, 6: 2464} recv_by_type={6: 2576, 8: 50830, 1: 1594120432}
2026-02-17 00:09:17,749 - SplitNNServer - INFO - 26252 - phase=validation acc=0.101 loss=4.609918473642083 epoch=113 and step=79
2026-02-17 00:09:20,780 - SplitNNServer - INFO - 26252 - phase=train acc=0.0 loss=3.3004119396209717 epoch=114 and step=0
2026-02-17 00:09:21,551 - SplitNNServer - INFO - 26252 - phase=train acc=0.0 loss=2.8970372676849365 epoch=114 and step=10
2026-02-17 00:09:22,182 - SplitNNServer - INFO - 26252 - phase=train acc=0.0 loss=1.904586672782898 epoch=114 and step=20
2026-02-17 00:09:22,871 - SplitNNServer - INFO - 26252 - phase=train acc=0.0 loss=1.0248994827270508 epoch=114 and step=30
2026-02-17 00:09:23,582 - SplitNNServer - INFO - 26252 - phase=train acc=0.24390243902439024 loss=0.5258245468139648 epoch=114 and step=40
2026-02-17 00:09:23,860 - SplitNNClient - INFO - 34892 - worker_num=5 epoch_send=4063758604 epoch_receive=1526338926 total_send=4063758604 total_receive=1526338926 send_by_category={'OTHER': 9968, 'ACTS': 4063700016, 'MODEL': 48620} recv_by_category={'OTHER': 2576, 'MODEL': 50830, 'GRADS': 1526285520} send_by_type={10: 2576, 2: 4063700016, 7: 48620, 3: 2464, 4: 2464, 6: 2464} recv_by_type={6: 2576, 8: 50830, 1: 1526285520}
2026-02-17 00:09:25,480 - SplitNNServer - INFO - 26252 - phase=validation acc=0.0982 loss=4.5696635185917724 epoch=114 and step=79
2026-02-17 00:09:28,578 - SplitNNServer - INFO - 26252 - phase=train acc=0.0 loss=3.2314836978912354 epoch=115 and step=0
2026-02-17 00:09:29,226 - SplitNNServer - INFO - 26252 - phase=train acc=0.0 loss=2.8468549251556396 epoch=115 and step=10
2026-02-17 00:09:29,965 - SplitNNServer - INFO - 26252 - phase=train acc=0.0 loss=1.8774945735931396 epoch=115 and step=20
2026-02-17 00:09:30,883 - SplitNNServer - INFO - 26252 - phase=train acc=0.0 loss=1.0149050951004028 epoch=115 and step=30
2026-02-17 00:09:31,767 - SplitNNServer - INFO - 26252 - phase=train acc=0.24390243902439024 loss=0.5235496163368225 epoch=115 and step=40
2026-02-17 00:09:32,136 - SplitNNClient - INFO - 34924 - worker_num=1 epoch_send=4280873022 epoch_receive=1628091294 total_send=4280873022 total_receive=1628091294 send_by_category={'ACTS': 4280811888, 'MODEL': 50830, 'OTHER': 10304} recv_by_category={'GRADS': 1628037888, 'OTHER': 2576, 'MODEL': 50830} send_by_type={2: 4280811888, 7: 50830, 3: 2576, 4: 2576, 6: 2576, 10: 2576} recv_by_type={1: 1628037888, 6: 2576, 8: 50830}
2026-02-17 00:09:33,671 - SplitNNServer - INFO - 26252 - phase=validation acc=0.098 loss=4.609867874580093 epoch=115 and step=79
2026-02-17 00:09:36,769 - SplitNNServer - INFO - 26252 - phase=train acc=0.0 loss=3.244934558868408 epoch=116 and step=0
2026-02-17 00:09:37,551 - SplitNNServer - INFO - 26252 - phase=train acc=0.0 loss=2.852372646331787 epoch=116 and step=10
2026-02-17 00:09:38,376 - SplitNNServer - INFO - 26252 - phase=train acc=0.0 loss=1.8745172023773193 epoch=116 and step=20
2026-02-17 00:09:39,204 - SplitNNServer - INFO - 26252 - phase=train acc=0.0 loss=1.0092828273773193 epoch=116 and step=30
2026-02-17 00:09:39,897 - SplitNNServer - INFO - 26252 - phase=train acc=0.24390243902439024 loss=0.5195860266685486 epoch=116 and step=40
2026-02-17 00:09:40,755 - SplitNNServer - INFO - 26252 - phase=train acc=0.39215686274509803 loss=0.3008522689342499 epoch=116 and step=50
2026-02-17 00:09:40,891 - SplitNNClient - INFO - 22280 - worker_num=2 epoch_send=4493373358 epoch_receive=1840446384 total_send=4493373358 total_receive=1840446384 send_by_category={'OTHER': 10416, 'ACTS': 4493312112, 'MODEL': 50830} recv_by_category={'OTHER': 2688, 'MODEL': 53040, 'GRADS': 1840390656} send_by_type={10: 2688, 2: 4493312112, 7: 50830, 3: 2576, 4: 2576, 6: 2576} recv_by_type={6: 2688, 8: 53040, 1: 1840390656}
2026-02-17 00:09:42,435 - SplitNNServer - INFO - 26252 - phase=validation acc=0.1135 loss=4.736614637737032 epoch=116 and step=79
2026-02-17 00:09:45,531 - SplitNNServer - INFO - 26252 - phase=train acc=0.0 loss=3.448237895965576 epoch=117 and step=0
2026-02-17 00:09:46,239 - SplitNNServer - INFO - 26252 - phase=train acc=0.0 loss=2.9967381954193115 epoch=117 and step=10
2026-02-17 00:09:47,090 - SplitNNServer - INFO - 26252 - phase=train acc=0.0 loss=1.9532549381256104 epoch=117 and step=20
2026-02-17 00:09:47,972 - SplitNNServer - INFO - 26252 - phase=train acc=0.0 loss=1.038570523262024 epoch=117 and step=30
2026-02-17 00:09:48,833 - SplitNNServer - INFO - 26252 - phase=train acc=0.24390243902439024 loss=0.526239812374115 epoch=117 and step=40
2026-02-17 00:09:49,182 - SplitNNClient - INFO - 23096 - worker_num=3 epoch_send=4280873134 epoch_receive=1628093616 total_send=4280873134 total_receive=1628093616 send_by_category={'OTHER': 10416, 'ACTS': 4280811888, 'MODEL': 50830} recv_by_category={'OTHER': 2688, 'MODEL': 53040, 'GRADS': 1628037888} send_by_type={10: 2688, 2: 4280811888, 7: 50830, 3: 2576, 4: 2576, 6: 2576} recv_by_type={6: 2688, 8: 53040, 1: 1628037888}
2026-02-17 00:09:50,746 - SplitNNServer - INFO - 26252 - phase=validation acc=0.1032 loss=4.597862279867824 epoch=117 and step=79
2026-02-17 00:09:53,823 - SplitNNServer - INFO - 26252 - phase=train acc=0.0 loss=3.2746422290802 epoch=118 and step=0
2026-02-17 00:09:54,500 - SplitNNServer - INFO - 26252 - phase=train acc=0.0 loss=2.8794403076171875 epoch=118 and step=10
2026-02-17 00:09:55,320 - SplitNNServer - INFO - 26252 - phase=train acc=0.0 loss=1.8956549167633057 epoch=118 and step=20
2026-02-17 00:09:56,249 - SplitNNServer - INFO - 26252 - phase=train acc=0.0 loss=1.0214624404907227 epoch=118 and step=30
2026-02-17 00:09:57,022 - SplitNNServer - INFO - 26252 - phase=train acc=0.24390243902439024 loss=0.5247272849082947 epoch=118 and step=40
2026-02-17 00:09:57,475 - SplitNNClient - INFO - 33532 - worker_num=4 epoch_send=4316289838 epoch_receive=1663485744 total_send=4316289838 total_receive=1663485744 send_by_category={'OTHER': 10416, 'ACTS': 4316228592, 'MODEL': 50830} recv_by_category={'OTHER': 2688, 'MODEL': 53040, 'GRADS': 1663430016} send_by_type={10: 2688, 2: 4316228592, 7: 50830, 3: 2576, 4: 2576, 6: 2576} recv_by_type={6: 2688, 8: 53040, 1: 1663430016}
2026-02-17 00:09:59,169 - SplitNNServer - INFO - 26252 - phase=validation acc=0.101 loss=4.632239770285691 epoch=118 and step=79
2026-02-17 00:10:02,234 - SplitNNServer - INFO - 26252 - phase=train acc=0.0 loss=3.300029993057251 epoch=119 and step=0
2026-02-17 00:10:03,003 - SplitNNServer - INFO - 26252 - phase=train acc=0.0 loss=2.896559238433838 epoch=119 and step=10
2026-02-17 00:10:03,962 - SplitNNServer - INFO - 26252 - phase=train acc=0.0 loss=1.904024362564087 epoch=119 and step=20
2026-02-17 00:10:04,599 - SplitNNServer - INFO - 26252 - phase=train acc=0.0 loss=1.0244061946868896 epoch=119 and step=30
2026-02-17 00:10:05,243 - SplitNNServer - INFO - 26252 - phase=train acc=0.24390243902439024 loss=0.525507390499115 epoch=119 and step=40
2026-02-17 00:10:05,519 - SplitNNClient - INFO - 34892 - worker_num=5 epoch_send=4245456430 epoch_receive=1592701488 total_send=4245456430 total_receive=1592701488 send_by_category={'OTHER': 10416, 'ACTS': 4245395184, 'MODEL': 50830} recv_by_category={'OTHER': 2688, 'MODEL': 53040, 'GRADS': 1592645760} send_by_type={10: 2688, 2: 4245395184, 7: 50830, 3: 2576, 4: 2576, 6: 2576} recv_by_type={6: 2688, 8: 53040, 1: 1592645760}
2026-02-17 00:10:07,069 - SplitNNServer - INFO - 26252 - phase=validation acc=0.0982 loss=4.591790531255022 epoch=119 and step=79
2026-02-17 00:10:10,164 - SplitNNServer - INFO - 26252 - phase=train acc=0.0 loss=3.2311174869537354 epoch=120 and step=0
2026-02-17 00:10:11,058 - SplitNNServer - INFO - 26252 - phase=train acc=0.0 loss=2.8463988304138184 epoch=120 and step=10
2026-02-17 00:10:11,721 - SplitNNServer - INFO - 26252 - phase=train acc=0.0 loss=1.876953363418579 epoch=120 and step=20
2026-02-17 00:10:12,355 - SplitNNServer - INFO - 26252 - phase=train acc=0.0 loss=1.014428973197937 epoch=120 and step=30
2026-02-17 00:10:13,098 - SplitNNServer - INFO - 26252 - phase=train acc=0.24390243902439024 loss=0.5232415199279785 epoch=120 and step=40
2026-02-17 00:10:13,551 - SplitNNClient - INFO - 34924 - worker_num=1 epoch_send=4464046544 epoch_receive=1695928528 total_send=4464046544 total_receive=1695928528 send_by_category={'ACTS': 4463982752, 'MODEL': 53040, 'OTHER': 10752} recv_by_category={'GRADS': 1695872800, 'OTHER': 2688, 'MODEL': 53040} send_by_type={2: 4463982752, 7: 53040, 3: 2688, 4: 2688, 6: 2688, 10: 2688} recv_by_type={1: 1695872800, 6: 2688, 8: 53040}
2026-02-17 00:10:15,134 - SplitNNServer - INFO - 26252 - phase=validation acc=0.098 loss=4.631791911547697 epoch=120 and step=79
2026-02-17 00:10:18,200 - SplitNNServer - INFO - 26252 - phase=train acc=0.0 loss=3.2445836067199707 epoch=121 and step=0
2026-02-17 00:10:18,842 - SplitNNServer - INFO - 26252 - phase=train acc=0.0 loss=2.8519301414489746 epoch=121 and step=10
2026-02-17 00:10:19,773 - SplitNNServer - INFO - 26252 - phase=train acc=0.0 loss=1.8739928007125854 epoch=121 and step=20
2026-02-17 00:10:20,721 - SplitNNServer - INFO - 26252 - phase=train acc=0.0 loss=1.0088204145431519 epoch=121 and step=30
2026-02-17 00:10:21,637 - SplitNNServer - INFO - 26252 - phase=train acc=0.24390243902439024 loss=0.5192880034446716 epoch=121 and step=40
2026-02-17 00:10:22,429 - SplitNNServer - INFO - 26252 - phase=train acc=0.39215686274509803 loss=0.3006758987903595 epoch=121 and step=50
2026-02-17 00:10:22,506 - SplitNNClient - INFO - 22280 - worker_num=2 epoch_send=4685401056 epoch_receive=1917131650 total_send=4685401056 total_receive=1917131650 send_by_category={'OTHER': 10864, 'ACTS': 4685337152, 'MODEL': 53040} recv_by_category={'OTHER': 2800, 'MODEL': 55250, 'GRADS': 1917073600} send_by_type={10: 2800, 2: 4685337152, 7: 53040, 3: 2688, 4: 2688, 6: 2688} recv_by_type={6: 2800, 8: 55250, 1: 1917073600}
2026-02-17 00:10:24,111 - SplitNNServer - INFO - 26252 - phase=validation acc=0.1135 loss=4.758307384539254 epoch=121 and step=79
2026-02-17 00:10:27,190 - SplitNNServer - INFO - 26252 - phase=train acc=0.0 loss=3.4478535652160645 epoch=122 and step=0
2026-02-17 00:10:27,836 - SplitNNServer - INFO - 26252 - phase=train acc=0.0 loss=2.9962611198425293 epoch=122 and step=10
2026-02-17 00:10:28,468 - SplitNNServer - INFO - 26252 - phase=train acc=0.0 loss=1.952707052230835 epoch=122 and step=20
2026-02-17 00:10:29,258 - SplitNNServer - INFO - 26252 - phase=train acc=0.0 loss=1.0380946397781372 epoch=122 and step=30
2026-02-17 00:10:29,935 - SplitNNServer - INFO - 26252 - phase=train acc=0.24390243902439024 loss=0.525937557220459 epoch=122 and step=40
2026-02-17 00:10:30,280 - SplitNNClient - INFO - 23096 - worker_num=3 epoch_send=4464046656 epoch_receive=1695930850 total_send=4464046656 total_receive=1695930850 send_by_category={'OTHER': 10864, 'ACTS': 4463982752, 'MODEL': 53040} recv_by_category={'OTHER': 2800, 'MODEL': 55250, 'GRADS': 1695872800} send_by_type={10: 2800, 2: 4463982752, 7: 53040, 3: 2688, 4: 2688, 6: 2688} recv_by_type={6: 2800, 8: 55250, 1: 1695872800}
2026-02-17 00:10:31,934 - SplitNNServer - INFO - 26252 - phase=validation acc=0.1032 loss=4.619396861595444 epoch=122 and step=79
2026-02-17 00:10:34,994 - SplitNNServer - INFO - 26252 - phase=train acc=0.0 loss=3.2742888927459717 epoch=123 and step=0
2026-02-17 00:10:35,783 - SplitNNServer - INFO - 26252 - phase=train acc=0.0 loss=2.8790018558502197 epoch=123 and step=10
2026-02-17 00:10:36,637 - SplitNNServer - INFO - 26252 - phase=train acc=0.0 loss=1.8951375484466553 epoch=123 and step=20
2026-02-17 00:10:37,553 - SplitNNServer - INFO - 26252 - phase=train acc=0.0 loss=1.02100670337677 epoch=123 and step=30
2026-02-17 00:10:38,408 - SplitNNServer - INFO - 26252 - phase=train acc=0.24390243902439024 loss=0.5244336724281311 epoch=123 and step=40
2026-02-17 00:10:38,933 - SplitNNClient - INFO - 33532 - worker_num=4 epoch_send=4500939056 epoch_receive=1732797650 total_send=4500939056 total_receive=1732797650 send_by_category={'OTHER': 10864, 'ACTS': 4500875152, 'MODEL': 53040} recv_by_category={'OTHER': 2800, 'MODEL': 55250, 'GRADS': 1732739600} send_by_type={10: 2800, 2: 4500875152, 7: 53040, 3: 2688, 4: 2688, 6: 2688} recv_by_type={6: 2800, 8: 55250, 1: 1732739600}
2026-02-17 00:10:40,631 - SplitNNServer - INFO - 26252 - phase=validation acc=0.101 loss=4.653584401818771 epoch=123 and step=79
2026-02-17 00:10:43,690 - SplitNNServer - INFO - 26252 - phase=train acc=0.0 loss=3.299682378768921 epoch=124 and step=0
2026-02-17 00:10:44,399 - SplitNNServer - INFO - 26252 - phase=train acc=0.0 loss=2.8961234092712402 epoch=124 and step=10
2026-02-17 00:10:45,168 - SplitNNServer - INFO - 26252 - phase=train acc=0.0 loss=1.9035112857818604 epoch=124 and step=20
2026-02-17 00:10:45,928 - SplitNNServer - INFO - 26252 - phase=train acc=0.0 loss=1.0239553451538086 epoch=124 and step=30
2026-02-17 00:10:46,728 - SplitNNServer - INFO - 26252 - phase=train acc=0.24390243902439024 loss=0.5252178907394409 epoch=124 and step=40
2026-02-17 00:10:47,145 - SplitNNClient - INFO - 34892 - worker_num=5 epoch_send=4427154256 epoch_receive=1659064050 total_send=4427154256 total_receive=1659064050 send_by_category={'OTHER': 10864, 'ACTS': 4427090352, 'MODEL': 53040} recv_by_category={'OTHER': 2800, 'MODEL': 55250, 'GRADS': 1659006000} send_by_type={10: 2800, 2: 4427090352, 7: 53040, 3: 2688, 4: 2688, 6: 2688} recv_by_type={6: 2800, 8: 55250, 1: 1659006000}
2026-02-17 00:10:48,775 - SplitNNServer - INFO - 26252 - phase=validation acc=0.0982 loss=4.612956614433965 epoch=124 and step=79
2026-02-17 00:10:51,822 - SplitNNServer - INFO - 26252 - phase=train acc=0.0 loss=3.2307817935943604 epoch=125 and step=0
2026-02-17 00:10:52,704 - SplitNNServer - INFO - 26252 - phase=train acc=0.0 loss=2.8459813594818115 epoch=125 and step=10
2026-02-17 00:10:53,571 - SplitNNServer - INFO - 26252 - phase=train acc=0.0 loss=1.876459002494812 epoch=125 and step=20
2026-02-17 00:10:54,332 - SplitNNServer - INFO - 26252 - phase=train acc=0.0 loss=1.013992190361023 epoch=125 and step=30
2026-02-17 00:10:55,215 - SplitNNServer - INFO - 26252 - phase=train acc=0.24390243902439024 loss=0.522959291934967 epoch=125 and step=40
2026-02-17 00:10:55,728 - SplitNNClient - INFO - 34924 - worker_num=1 epoch_send=4647220066 epoch_receive=1763765762 total_send=4647220066 total_receive=1763765762 send_by_category={'ACTS': 4647153616, 'MODEL': 55250, 'OTHER': 11200} recv_by_category={'GRADS': 1763707712, 'OTHER': 2800, 'MODEL': 55250} send_by_type={2: 4647153616, 7: 55250, 3: 2800, 4: 2800, 6: 2800, 10: 2800} recv_by_type={1: 1763707712, 6: 2800, 8: 55250}
2026-02-17 00:10:57,425 - SplitNNServer - INFO - 26252 - phase=validation acc=0.098 loss=4.652773024160651 epoch=125 and step=79
2026-02-17 00:11:00,499 - SplitNNServer - INFO - 26252 - phase=train acc=0.0 loss=3.244262218475342 epoch=126 and step=0
2026-02-17 00:11:01,215 - SplitNNServer - INFO - 26252 - phase=train acc=0.0 loss=2.851524591445923 epoch=126 and step=10
2026-02-17 00:11:02,069 - SplitNNServer - INFO - 26252 - phase=train acc=0.0 loss=1.8735119104385376 epoch=126 and step=20
2026-02-17 00:11:02,981 - SplitNNServer - INFO - 26252 - phase=train acc=0.0 loss=1.0083969831466675 epoch=126 and step=30
2026-02-17 00:11:03,751 - SplitNNServer - INFO - 26252 - phase=train acc=0.24390243902439024 loss=0.5190152525901794 epoch=126 and step=40
2026-02-17 00:11:04,634 - SplitNNServer - INFO - 26252 - phase=train acc=0.39215686274509803 loss=0.30051425099372864 epoch=126 and step=50
2026-02-17 00:11:04,770 - SplitNNClient - INFO - 22280 - worker_num=2 epoch_send=4877428754 epoch_receive=1993816916 total_send=4877428754 total_receive=1993816916 send_by_category={'OTHER': 11312, 'ACTS': 4877362192, 'MODEL': 55250} recv_by_category={'OTHER': 2912, 'MODEL': 57460, 'GRADS': 1993756544} send_by_type={10: 2912, 2: 4877362192, 7: 55250, 3: 2800, 4: 2800, 6: 2800} recv_by_type={6: 2912, 8: 57460, 1: 1993756544}
2026-02-17 00:11:06,292 - SplitNNServer - INFO - 26252 - phase=validation acc=0.1135 loss=4.779077596302274 epoch=126 and step=79
2026-02-17 00:11:09,354 - SplitNNServer - INFO - 26252 - phase=train acc=0.0 loss=3.4475061893463135 epoch=127 and step=0
2026-02-17 00:11:10,143 - SplitNNServer - INFO - 26252 - phase=train acc=0.0 loss=2.9958269596099854 epoch=127 and step=10
2026-02-17 00:11:10,946 - SplitNNServer - INFO - 26252 - phase=train acc=0.0 loss=1.952206015586853 epoch=127 and step=20
2026-02-17 00:11:11,668 - SplitNNServer - INFO - 26252 - phase=train acc=0.0 loss=1.0376604795455933 epoch=127 and step=30
2026-02-17 00:11:12,313 - SplitNNServer - INFO - 26252 - phase=train acc=0.24390243902439024 loss=0.5256613492965698 epoch=127 and step=40
2026-02-17 00:11:12,792 - SplitNNClient - INFO - 23096 - worker_num=3 epoch_send=4647220178 epoch_receive=1763768084 total_send=4647220178 total_receive=1763768084 send_by_category={'OTHER': 11312, 'ACTS': 4647153616, 'MODEL': 55250} recv_by_category={'OTHER': 2912, 'MODEL': 57460, 'GRADS': 1763707712} send_by_type={10: 2912, 2: 4647153616, 7: 55250, 3: 2800, 4: 2800, 6: 2800} recv_by_type={6: 2912, 8: 57460, 1: 1763707712}
2026-02-17 00:11:14,330 - SplitNNServer - INFO - 26252 - phase=validation acc=0.1032 loss=4.640019718604751 epoch=127 and step=79
2026-02-17 00:11:17,415 - SplitNNServer - INFO - 26252 - phase=train acc=0.0 loss=3.273967981338501 epoch=128 and step=0
2026-02-17 00:11:18,065 - SplitNNServer - INFO - 26252 - phase=train acc=0.0 loss=2.878601312637329 epoch=128 and step=10
2026-02-17 00:11:18,833 - SplitNNServer - INFO - 26252 - phase=train acc=0.0 loss=1.8946629762649536 epoch=128 and step=20
2026-02-17 00:11:19,601 - SplitNNServer - INFO - 26252 - phase=train acc=0.0 loss=1.0205888748168945 epoch=128 and step=30
2026-02-17 00:11:20,309 - SplitNNServer - INFO - 26252 - phase=train acc=0.24390243902439024 loss=0.5241646766662598 epoch=128 and step=40
2026-02-17 00:11:20,820 - SplitNNClient - INFO - 33532 - worker_num=4 epoch_send=4685588274 epoch_receive=1802109556 total_send=4685588274 total_receive=1802109556 send_by_category={'OTHER': 11312, 'ACTS': 4685521712, 'MODEL': 55250} recv_by_category={'OTHER': 2912, 'MODEL': 57460, 'GRADS': 1802049184} send_by_type={10: 2912, 2: 4685521712, 7: 55250, 3: 2800, 4: 2800, 6: 2800} recv_by_type={6: 2912, 8: 57460, 1: 1802049184}
2026-02-17 00:11:22,335 - SplitNNServer - INFO - 26252 - phase=validation acc=0.101 loss=4.674031607712371 epoch=128 and step=79
2026-02-17 00:11:25,407 - SplitNNServer - INFO - 26252 - phase=train acc=0.0 loss=3.29936146736145 epoch=129 and step=0
2026-02-17 00:11:26,260 - SplitNNServer - INFO - 26252 - phase=train acc=0.0 loss=2.895721673965454 epoch=129 and step=10
2026-02-17 00:11:27,053 - SplitNNServer - INFO - 26252 - phase=train acc=0.0 loss=1.9030396938323975 epoch=129 and step=20
2026-02-17 00:11:27,685 - SplitNNServer - INFO - 26252 - phase=train acc=0.0 loss=1.0235414505004883 epoch=129 and step=30
2026-02-17 00:11:28,458 - SplitNNServer - INFO - 26252 - phase=train acc=0.24390243902439024 loss=0.5249518156051636 epoch=129 and step=40
2026-02-17 00:11:28,877 - SplitNNClient - INFO - 34892 - worker_num=5 epoch_send=4608852082 epoch_receive=1725426612 total_send=4608852082 total_receive=1725426612 send_by_category={'OTHER': 11312, 'ACTS': 4608785520, 'MODEL': 55250} recv_by_category={'OTHER': 2912, 'MODEL': 57460, 'GRADS': 1725366240} send_by_type={10: 2912, 2: 4608785520, 7: 55250, 3: 2800, 4: 2800, 6: 2800} recv_by_type={6: 2912, 8: 57460, 1: 1725366240}
2026-02-17 00:11:30,465 - SplitNNServer - INFO - 26252 - phase=validation acc=0.0982 loss=4.6332418103761315 epoch=129 and step=79
2026-02-17 00:11:33,544 - SplitNNServer - INFO - 26252 - phase=train acc=0.0 loss=3.2304747104644775 epoch=130 and step=0
2026-02-17 00:11:34,294 - SplitNNServer - INFO - 26252 - phase=train acc=0.0 loss=2.8455989360809326 epoch=130 and step=10
2026-02-17 00:11:34,927 - SplitNNServer - INFO - 26252 - phase=train acc=0.0 loss=1.8760051727294922 epoch=130 and step=20
2026-02-17 00:11:35,790 - SplitNNServer - INFO - 26252 - phase=train acc=0.0 loss=1.0135917663574219 epoch=130 and step=30
2026-02-17 00:11:36,435 - SplitNNServer - INFO - 26252 - phase=train acc=0.24390243902439024 loss=0.5227007865905762 epoch=130 and step=40
2026-02-17 00:11:36,808 - SplitNNClient - INFO - 34924 - worker_num=1 epoch_send=4830393588 epoch_receive=1831602996 total_send=4830393588 total_receive=1831602996 send_by_category={'ACTS': 4830324480, 'MODEL': 57460, 'OTHER': 11648} recv_by_category={'GRADS': 1831542624, 'OTHER': 2912, 'MODEL': 57460} send_by_type={2: 4830324480, 7: 57460, 3: 2912, 4: 2912, 6: 2912, 10: 2912} recv_by_type={1: 1831542624, 6: 2912, 8: 57460}
2026-02-17 00:11:38,441 - SplitNNServer - INFO - 26252 - phase=validation acc=0.098 loss=4.672886287109761 epoch=130 and step=79
2026-02-17 00:11:41,505 - SplitNNServer - INFO - 26252 - phase=train acc=0.0 loss=3.243964910507202 epoch=131 and step=0
2026-02-17 00:11:42,278 - SplitNNServer - INFO - 26252 - phase=train acc=0.0 loss=2.8511509895324707 epoch=131 and step=10
2026-02-17 00:11:43,196 - SplitNNServer - INFO - 26252 - phase=train acc=0.0 loss=1.8730697631835938 epoch=131 and step=20
2026-02-17 00:11:44,144 - SplitNNServer - INFO - 26252 - phase=train acc=0.0 loss=1.0080081224441528 epoch=131 and step=30
2026-02-17 00:11:45,092 - SplitNNServer - INFO - 26252 - phase=train acc=0.24390243902439024 loss=0.5187644362449646 epoch=131 and step=40
2026-02-17 00:11:45,885 - SplitNNServer - INFO - 26252 - phase=train acc=0.39215686274509803 loss=0.3003658950328827 epoch=131 and step=50
2026-02-17 00:11:45,977 - SplitNNClient - INFO - 22280 - worker_num=2 epoch_send=5069456452 epoch_receive=2070502182 total_send=5069456452 total_receive=2070502182 send_by_category={'OTHER': 11760, 'ACTS': 5069387232, 'MODEL': 57460} recv_by_category={'OTHER': 3024, 'MODEL': 59670, 'GRADS': 2070439488} send_by_type={10: 3024, 2: 5069387232, 7: 57460, 3: 2912, 4: 2912, 6: 2912} recv_by_type={6: 3024, 8: 59670, 1: 2070439488}
2026-02-17 00:11:47,569 - SplitNNServer - INFO - 26252 - phase=validation acc=0.1135 loss=4.798997323724288 epoch=131 and step=79
2026-02-17 00:11:50,661 - SplitNNServer - INFO - 26252 - phase=train acc=0.0 loss=3.447185516357422 epoch=132 and step=0
2026-02-17 00:11:51,455 - SplitNNServer - INFO - 26252 - phase=train acc=0.0 loss=2.9954264163970947 epoch=132 and step=10
2026-02-17 00:11:52,224 - SplitNNServer - INFO - 26252 - phase=train acc=0.0 loss=1.9517444372177124 epoch=132 and step=20
2026-02-17 00:11:52,950 - SplitNNServer - INFO - 26252 - phase=train acc=0.0 loss=1.0372600555419922 epoch=132 and step=30
2026-02-17 00:11:53,628 - SplitNNServer - INFO - 26252 - phase=train acc=0.24390243902439024 loss=0.5254067778587341 epoch=132 and step=40
2026-02-17 00:11:53,977 - SplitNNClient - INFO - 23096 - worker_num=3 epoch_send=4830393700 epoch_receive=1831605318 total_send=4830393700 total_receive=1831605318 send_by_category={'OTHER': 11760, 'ACTS': 4830324480, 'MODEL': 57460} recv_by_category={'OTHER': 3024, 'MODEL': 59670, 'GRADS': 1831542624} send_by_type={10: 3024, 2: 4830324480, 7: 57460, 3: 2912, 4: 2912, 6: 2912} recv_by_type={6: 3024, 8: 59670, 1: 1831542624}
2026-02-17 00:11:55,535 - SplitNNServer - INFO - 26252 - phase=validation acc=0.1032 loss=4.659805370282523 epoch=132 and step=79
2026-02-17 00:11:58,641 - SplitNNServer - INFO - 26252 - phase=train acc=0.0 loss=3.2736735343933105 epoch=133 and step=0
2026-02-17 00:11:59,275 - SplitNNServer - INFO - 26252 - phase=train acc=0.0 loss=2.8782312870025635 epoch=133 and step=10
2026-02-17 00:12:00,011 - SplitNNServer - INFO - 26252 - phase=train acc=0.0 loss=1.894226312637329 epoch=133 and step=20
2026-02-17 00:12:00,716 - SplitNNServer - INFO - 26252 - phase=train acc=0.0 loss=1.0202045440673828 epoch=133 and step=30
2026-02-17 00:12:01,370 - SplitNNServer - INFO - 26252 - phase=train acc=0.24390243902439024 loss=0.5239176154136658 epoch=133 and step=40
2026-02-17 00:12:01,980 - SplitNNClient - INFO - 33532 - worker_num=4 epoch_send=4870237492 epoch_receive=1871421462 total_send=4870237492 total_receive=1871421462 send_by_category={'OTHER': 11760, 'ACTS': 4870168272, 'MODEL': 57460} recv_by_category={'OTHER': 3024, 'MODEL': 59670, 'GRADS': 1871358768} send_by_type={10: 3024, 2: 4870168272, 7: 57460, 3: 2912, 4: 2912, 6: 2912} recv_by_type={6: 3024, 8: 59670, 1: 1871358768}
2026-02-17 00:12:03,553 - SplitNNServer - INFO - 26252 - phase=validation acc=0.101 loss=4.6936568972430655 epoch=133 and step=79
2026-02-17 00:12:06,626 - SplitNNServer - INFO - 26252 - phase=train acc=0.0 loss=3.299067974090576 epoch=134 and step=0
2026-02-17 00:12:07,490 - SplitNNServer - INFO - 26252 - phase=train acc=0.0 loss=2.895354986190796 epoch=134 and step=10
2026-02-17 00:12:08,237 - SplitNNServer - INFO - 26252 - phase=train acc=0.0 loss=1.9026066064834595 epoch=134 and step=20
2026-02-17 00:12:08,885 - SplitNNServer - INFO - 26252 - phase=train acc=0.0 loss=1.0231608152389526 epoch=134 and step=30
2026-02-17 00:12:09,779 - SplitNNServer - INFO - 26252 - phase=train acc=0.24390243902439024 loss=0.5247067809104919 epoch=134 and step=40
2026-02-17 00:12:10,164 - SplitNNClient - INFO - 34892 - worker_num=5 epoch_send=4790549908 epoch_receive=1791789174 total_send=4790549908 total_receive=1791789174 send_by_category={'OTHER': 11760, 'ACTS': 4790480688, 'MODEL': 57460} recv_by_category={'OTHER': 3024, 'MODEL': 59670, 'GRADS': 1791726480} send_by_type={10: 3024, 2: 4790480688, 7: 57460, 3: 2912, 4: 2912, 6: 2912} recv_by_type={6: 3024, 8: 59670, 1: 1791726480}
2026-02-17 00:12:11,751 - SplitNNServer - INFO - 26252 - phase=validation acc=0.0982 loss=4.6527168780942505 epoch=134 and step=79
2026-02-17 00:12:14,819 - SplitNNServer - INFO - 26252 - phase=train acc=0.0 loss=3.2301902770996094 epoch=135 and step=0
2026-02-17 00:12:15,456 - SplitNNServer - INFO - 26252 - phase=train acc=0.0 loss=2.845245361328125 epoch=135 and step=10
2026-02-17 00:12:16,100 - SplitNNServer - INFO - 26252 - phase=train acc=0.0 loss=1.875585675239563 epoch=135 and step=20
2026-02-17 00:12:16,740 - SplitNNServer - INFO - 26252 - phase=train acc=0.0 loss=1.0132218599319458 epoch=135 and step=30
2026-02-17 00:12:17,406 - SplitNNServer - INFO - 26252 - phase=train acc=0.24390243902439024 loss=0.5224623084068298 epoch=135 and step=40
2026-02-17 00:12:17,746 - SplitNNClient - INFO - 34924 - worker_num=1 epoch_send=5013567110 epoch_receive=1899440230 total_send=5013567110 total_receive=1899440230 send_by_category={'ACTS': 5013495344, 'MODEL': 59670, 'OTHER': 12096} recv_by_category={'GRADS': 1899377536, 'OTHER': 3024, 'MODEL': 59670} send_by_type={2: 5013495344, 7: 59670, 3: 3024, 4: 3024, 6: 3024, 10: 3024} recv_by_type={1: 1899377536, 6: 3024, 8: 59670}
2026-02-17 00:12:19,308 - SplitNNServer - INFO - 26252 - phase=validation acc=0.098 loss=4.6922037812727915 epoch=135 and step=79
2026-02-17 00:12:22,389 - SplitNNServer - INFO - 26252 - phase=train acc=0.0 loss=3.2436909675598145 epoch=136 and step=0
2026-02-17 00:12:23,030 - SplitNNServer - INFO - 26252 - phase=train acc=0.0 loss=2.8508083820343018 epoch=136 and step=10
2026-02-17 00:12:23,822 - SplitNNServer - INFO - 26252 - phase=train acc=0.0 loss=1.8726619482040405 epoch=136 and step=20
2026-02-17 00:12:24,737 - SplitNNServer - INFO - 26252 - phase=train acc=0.0 loss=1.0076485872268677 epoch=136 and step=30
2026-02-17 00:12:25,506 - SplitNNServer - INFO - 26252 - phase=train acc=0.24390243902439024 loss=0.5185326933860779 epoch=136 and step=40
2026-02-17 00:12:26,286 - SplitNNServer - INFO - 26252 - phase=train acc=0.39215686274509803 loss=0.30022838711738586 epoch=136 and step=50
2026-02-17 00:12:26,368 - SplitNNClient - INFO - 22280 - worker_num=2 epoch_send=5261484150 epoch_receive=2147187448 total_send=5261484150 total_receive=2147187448 send_by_category={'OTHER': 12208, 'ACTS': 5261412272, 'MODEL': 59670} recv_by_category={'OTHER': 3136, 'MODEL': 61880, 'GRADS': 2147122432} send_by_type={10: 3136, 2: 5261412272, 7: 59670, 3: 3024, 4: 3024, 6: 3024} recv_by_type={6: 3136, 8: 61880, 1: 2147122432}
2026-02-17 00:12:28,012 - SplitNNServer - INFO - 26252 - phase=validation acc=0.1135 loss=4.818136118635347 epoch=136 and step=79
2026-02-17 00:12:31,093 - SplitNNServer - INFO - 26252 - phase=train acc=0.0 loss=3.4468913078308105 epoch=137 and step=0
2026-02-17 00:12:31,862 - SplitNNServer - INFO - 26252 - phase=train acc=0.0 loss=2.9950578212738037 epoch=137 and step=10
2026-02-17 00:12:32,695 - SplitNNServer - INFO - 26252 - phase=train acc=0.0 loss=1.9513204097747803 epoch=137 and step=20
2026-02-17 00:12:33,434 - SplitNNServer - INFO - 26252 - phase=train acc=0.0 loss=1.0368901491165161 epoch=137 and step=30
2026-02-17 00:12:34,075 - SplitNNServer - INFO - 26252 - phase=train acc=0.24390243902439024 loss=0.5251721143722534 epoch=137 and step=40
2026-02-17 00:12:34,418 - SplitNNClient - INFO - 23096 - worker_num=3 epoch_send=5013567222 epoch_receive=1899442552 total_send=5013567222 total_receive=1899442552 send_by_category={'OTHER': 12208, 'ACTS': 5013495344, 'MODEL': 59670} recv_by_category={'OTHER': 3136, 'MODEL': 61880, 'GRADS': 1899377536} send_by_type={10: 3136, 2: 5013495344, 7: 59670, 3: 3024, 4: 3024, 6: 3024} recv_by_type={6: 3136, 8: 61880, 1: 1899377536}
2026-02-17 00:12:36,066 - SplitNNServer - INFO - 26252 - phase=validation acc=0.1032 loss=4.678819650336157 epoch=137 and step=79
2026-02-17 00:12:39,160 - SplitNNServer - INFO - 26252 - phase=train acc=0.0 loss=3.273399591445923 epoch=138 and step=0
2026-02-17 00:12:39,793 - SplitNNServer - INFO - 26252 - phase=train acc=0.0 loss=2.877891778945923 epoch=138 and step=10
2026-02-17 00:12:40,467 - SplitNNServer - INFO - 26252 - phase=train acc=0.0 loss=1.8938252925872803 epoch=138 and step=20
2026-02-17 00:12:41,140 - SplitNNServer - INFO - 26252 - phase=train acc=0.0 loss=1.0198508501052856 epoch=138 and step=30
2026-02-17 00:12:41,778 - SplitNNServer - INFO - 26252 - phase=train acc=0.24390243902439024 loss=0.5236892700195312 epoch=138 and step=40
2026-02-17 00:12:42,219 - SplitNNClient - INFO - 33532 - worker_num=4 epoch_send=5054886710 epoch_receive=1940733368 total_send=5054886710 total_receive=1940733368 send_by_category={'OTHER': 12208, 'ACTS': 5054814832, 'MODEL': 59670} recv_by_category={'OTHER': 3136, 'MODEL': 61880, 'GRADS': 1940668352} send_by_type={10: 3136, 2: 5054814832, 7: 59670, 3: 3024, 4: 3024, 6: 3024} recv_by_type={6: 3136, 8: 61880, 1: 1940668352}
2026-02-17 00:12:43,873 - SplitNNServer - INFO - 26252 - phase=validation acc=0.101 loss=4.712522047984449 epoch=138 and step=79
2026-02-17 00:12:46,934 - SplitNNServer - INFO - 26252 - phase=train acc=0.0 loss=3.2987940311431885 epoch=139 and step=0
2026-02-17 00:12:47,578 - SplitNNServer - INFO - 26252 - phase=train acc=0.0 loss=2.895012140274048 epoch=139 and step=10
2026-02-17 00:12:48,226 - SplitNNServer - INFO - 26252 - phase=train acc=0.0 loss=1.9022060632705688 epoch=139 and step=20
2026-02-17 00:12:49,077 - SplitNNServer - INFO - 26252 - phase=train acc=0.0 loss=1.0228090286254883 epoch=139 and step=30
2026-02-17 00:12:49,739 - SplitNNServer - INFO - 26252 - phase=train acc=0.24390243902439024 loss=0.5244808793067932 epoch=139 and step=40
2026-02-17 00:12:50,137 - SplitNNClient - INFO - 34892 - worker_num=5 epoch_send=4972247734 epoch_receive=1858151736 total_send=4972247734 total_receive=1858151736 send_by_category={'OTHER': 12208, 'ACTS': 4972175856, 'MODEL': 59670} recv_by_category={'OTHER': 3136, 'MODEL': 61880, 'GRADS': 1858086720} send_by_type={10: 3136, 2: 4972175856, 7: 59670, 3: 3024, 4: 3024, 6: 3024} recv_by_type={6: 3136, 8: 61880, 1: 1858086720}
2026-02-17 00:12:51,773 - SplitNNServer - INFO - 26252 - phase=validation acc=0.0982 loss=4.6714425690566435 epoch=139 and step=79
2026-02-17 00:12:54,837 - SplitNNServer - INFO - 26252 - phase=train acc=0.0 loss=3.2299273014068604 epoch=140 and step=0
2026-02-17 00:12:55,468 - SplitNNServer - INFO - 26252 - phase=train acc=0.0 loss=2.8449184894561768 epoch=140 and step=10
2026-02-17 00:12:56,300 - SplitNNServer - INFO - 26252 - phase=train acc=0.0 loss=1.8751987218856812 epoch=140 and step=20
2026-02-17 00:12:57,006 - SplitNNServer - INFO - 26252 - phase=train acc=0.0 loss=1.0128811597824097 epoch=140 and step=30
2026-02-17 00:12:57,698 - SplitNNServer - INFO - 26252 - phase=train acc=0.24390243902439024 loss=0.52224200963974 epoch=140 and step=40
2026-02-17 00:12:58,210 - SplitNNClient - INFO - 34924 - worker_num=1 epoch_send=5196740632 epoch_receive=1967277464 total_send=5196740632 total_receive=1967277464 send_by_category={'ACTS': 5196666208, 'MODEL': 61880, 'OTHER': 12544} recv_by_category={'GRADS': 1967212448, 'OTHER': 3136, 'MODEL': 61880} send_by_type={2: 5196666208, 7: 61880, 3: 3136, 4: 3136, 6: 3136, 10: 3136} recv_by_type={1: 1967212448, 6: 3136, 8: 61880}
2026-02-17 00:12:59,786 - SplitNNServer - INFO - 26252 - phase=validation acc=0.098 loss=4.710783735106263 epoch=140 and step=79
2026-02-17 00:13:02,868 - SplitNNServer - INFO - 26252 - phase=train acc=0.0 loss=3.243438959121704 epoch=141 and step=0
2026-02-17 00:13:03,500 - SplitNNServer - INFO - 26252 - phase=train acc=0.0 loss=2.8504908084869385 epoch=141 and step=10
2026-02-17 00:13:04,137 - SplitNNServer - INFO - 26252 - phase=train acc=0.0 loss=1.8722854852676392 epoch=141 and step=20
2026-02-17 00:13:04,772 - SplitNNServer - INFO - 26252 - phase=train acc=0.0 loss=1.0073175430297852 epoch=141 and step=30
2026-02-17 00:13:05,409 - SplitNNServer - INFO - 26252 - phase=train acc=0.24390243902439024 loss=0.5183190703392029 epoch=141 and step=40
2026-02-17 00:13:06,054 - SplitNNServer - INFO - 26252 - phase=train acc=0.39215686274509803 loss=0.30010226368904114 epoch=141 and step=50
2026-02-17 00:13:06,135 - SplitNNClient - INFO - 22280 - worker_num=2 epoch_send=5453511848 epoch_receive=2223872714 total_send=5453511848 total_receive=2223872714 send_by_category={'OTHER': 12656, 'ACTS': 5453437312, 'MODEL': 61880} recv_by_category={'OTHER': 3248, 'MODEL': 64090, 'GRADS': 2223805376} send_by_type={10: 3248, 2: 5453437312, 7: 61880, 3: 3136, 4: 3136, 6: 3136} recv_by_type={6: 3248, 8: 64090, 1: 2223805376}
2026-02-17 00:13:07,835 - SplitNNServer - INFO - 26252 - phase=validation acc=0.1135 loss=4.8365499098089675 epoch=141 and step=79
2026-02-17 00:13:10,881 - SplitNNServer - INFO - 26252 - phase=train acc=0.0 loss=3.44661545753479 epoch=142 and step=0
2026-02-17 00:13:11,705 - SplitNNServer - INFO - 26252 - phase=train acc=0.0 loss=2.994715690612793 epoch=142 and step=10
2026-02-17 00:13:12,461 - SplitNNServer - INFO - 26252 - phase=train acc=0.0 loss=1.9509259462356567 epoch=142 and step=20
2026-02-17 00:13:13,100 - SplitNNServer - INFO - 26252 - phase=train acc=0.0 loss=1.0365486145019531 epoch=142 and step=30
2026-02-17 00:13:13,812 - SplitNNServer - INFO - 26252 - phase=train acc=0.24390243902439024 loss=0.5249548554420471 epoch=142 and step=40
2026-02-17 00:13:14,177 - SplitNNClient - INFO - 23096 - worker_num=3 epoch_send=5196740744 epoch_receive=1967279786 total_send=5196740744 total_receive=1967279786 send_by_category={'OTHER': 12656, 'ACTS': 5196666208, 'MODEL': 61880} recv_by_category={'OTHER': 3248, 'MODEL': 64090, 'GRADS': 1967212448} send_by_type={10: 3248, 2: 5196666208, 7: 61880, 3: 3136, 4: 3136, 6: 3136} recv_by_type={6: 3248, 8: 64090, 1: 1967212448}
2026-02-17 00:13:15,789 - SplitNNServer - INFO - 26252 - phase=validation acc=0.1032 loss=4.697119344638873 epoch=142 and step=79
2026-02-17 00:13:18,892 - SplitNNServer - INFO - 26252 - phase=train acc=0.0 loss=3.2731471061706543 epoch=143 and step=0
2026-02-17 00:13:19,525 - SplitNNServer - INFO - 26252 - phase=train acc=0.0 loss=2.877577304840088 epoch=143 and step=10
2026-02-17 00:13:20,163 - SplitNNServer - INFO - 26252 - phase=train acc=0.0 loss=1.8934518098831177 epoch=143 and step=20
2026-02-17 00:13:20,828 - SplitNNServer - INFO - 26252 - phase=train acc=0.0 loss=1.0195226669311523 epoch=143 and step=30
2026-02-17 00:13:21,712 - SplitNNServer - INFO - 26252 - phase=train acc=0.24390243902439024 loss=0.5234779715538025 epoch=143 and step=40
2026-02-17 00:13:22,323 - SplitNNClient - INFO - 33532 - worker_num=4 epoch_send=5239535928 epoch_receive=2010045274 total_send=5239535928 total_receive=2010045274 send_by_category={'OTHER': 12656, 'ACTS': 5239461392, 'MODEL': 61880} recv_by_category={'OTHER': 3248, 'MODEL': 64090, 'GRADS': 2009977936} send_by_type={10: 3248, 2: 5239461392, 7: 61880, 3: 3136, 4: 3136, 6: 3136} recv_by_type={6: 3248, 8: 64090, 1: 2009977936}
2026-02-17 00:13:23,916 - SplitNNServer - INFO - 26252 - phase=validation acc=0.101 loss=4.730683725091476 epoch=143 and step=79
2026-02-17 00:13:27,023 - SplitNNServer - INFO - 26252 - phase=train acc=0.0 loss=3.298541784286499 epoch=144 and step=0
2026-02-17 00:13:27,822 - SplitNNServer - INFO - 26252 - phase=train acc=0.0 loss=2.8946964740753174 epoch=144 and step=10
2026-02-17 00:13:28,686 - SplitNNServer - INFO - 26252 - phase=train acc=0.0 loss=1.90183424949646 epoch=144 and step=20
2026-02-17 00:13:29,635 - SplitNNServer - INFO - 26252 - phase=train acc=0.0 loss=1.0224827527999878 epoch=144 and step=30
2026-02-17 00:13:30,310 - SplitNNServer - INFO - 26252 - phase=train acc=0.24390243902439024 loss=0.5242710113525391 epoch=144 and step=40
2026-02-17 00:13:30,595 - SplitNNClient - INFO - 34892 - worker_num=5 epoch_send=5153945560 epoch_receive=1924514298 total_send=5153945560 total_receive=1924514298 send_by_category={'OTHER': 12656, 'ACTS': 5153871024, 'MODEL': 61880} recv_by_category={'OTHER': 3248, 'MODEL': 64090, 'GRADS': 1924446960} send_by_type={10: 3248, 2: 5153871024, 7: 61880, 3: 3136, 4: 3136, 6: 3136} recv_by_type={6: 3248, 8: 64090, 1: 1924446960}
2026-02-17 00:13:32,144 - SplitNNServer - INFO - 26252 - phase=validation acc=0.0982 loss=4.689475518238695 epoch=144 and step=79
2026-02-17 00:13:35,253 - SplitNNServer - INFO - 26252 - phase=train acc=0.0 loss=3.2296860218048096 epoch=145 and step=0
2026-02-17 00:13:35,889 - SplitNNServer - INFO - 26252 - phase=train acc=0.0 loss=2.8446171283721924 epoch=145 and step=10
2026-02-17 00:13:36,536 - SplitNNServer - INFO - 26252 - phase=train acc=0.0 loss=1.874841570854187 epoch=145 and step=20
2026-02-17 00:13:37,427 - SplitNNServer - INFO - 26252 - phase=train acc=0.0 loss=1.0125653743743896 epoch=145 and step=30
2026-02-17 00:13:38,375 - SplitNNServer - INFO - 26252 - phase=train acc=0.24390243902439024 loss=0.5220379829406738 epoch=145 and step=40
2026-02-17 00:13:38,829 - SplitNNClient - INFO - 34924 - worker_num=1 epoch_send=5379914154 epoch_receive=2035114698 total_send=5379914154 total_receive=2035114698 send_by_category={'ACTS': 5379837072, 'MODEL': 64090, 'OTHER': 12992} recv_by_category={'GRADS': 2035047360, 'OTHER': 3248, 'MODEL': 64090} send_by_type={2: 5379837072, 7: 64090, 3: 3248, 4: 3248, 6: 3248, 10: 3248} recv_by_type={1: 2035047360, 6: 3248, 8: 64090}
2026-02-17 00:13:40,378 - SplitNNServer - INFO - 26252 - phase=validation acc=0.098 loss=4.728679928598525 epoch=145 and step=79
2026-02-17 00:13:43,416 - SplitNNServer - INFO - 26252 - phase=train acc=0.0 loss=3.2432026863098145 epoch=146 and step=0
2026-02-17 00:13:44,238 - SplitNNServer - INFO - 26252 - phase=train acc=0.0 loss=2.8501954078674316 epoch=146 and step=10
2026-02-17 00:13:45,186 - SplitNNServer - INFO - 26252 - phase=train acc=0.0 loss=1.8719350099563599 epoch=146 and step=20
2026-02-17 00:13:46,042 - SplitNNServer - INFO - 26252 - phase=train acc=0.0 loss=1.0070093870162964 epoch=146 and step=30
2026-02-17 00:13:46,837 - SplitNNServer - INFO - 26252 - phase=train acc=0.24390243902439024 loss=0.5181207060813904 epoch=146 and step=40
2026-02-17 00:13:47,526 - SplitNNServer - INFO - 26252 - phase=train acc=0.39215686274509803 loss=0.29998478293418884 epoch=146 and step=50
2026-02-17 00:13:47,623 - SplitNNClient - INFO - 22280 - worker_num=2 epoch_send=5645539546 epoch_receive=2300557980 total_send=5645539546 total_receive=2300557980 send_by_category={'OTHER': 13104, 'ACTS': 5645462352, 'MODEL': 64090} recv_by_category={'OTHER': 3360, 'MODEL': 66300, 'GRADS': 2300488320} send_by_type={10: 3360, 2: 5645462352, 7: 64090, 3: 3248, 4: 3248, 6: 3248} recv_by_type={6: 3360, 8: 66300, 1: 2300488320}
2026-02-17 00:13:49,199 - SplitNNServer - INFO - 26252 - phase=validation acc=0.1135 loss=4.854292459125761 epoch=146 and step=79
2026-02-17 00:13:52,281 - SplitNNServer - INFO - 26252 - phase=train acc=0.0 loss=3.4463608264923096 epoch=147 and step=0
2026-02-17 00:13:52,957 - SplitNNServer - INFO - 26252 - phase=train acc=0.0 loss=2.9943974018096924 epoch=147 and step=10
2026-02-17 00:13:53,591 - SplitNNServer - INFO - 26252 - phase=train acc=0.0 loss=1.950561285018921 epoch=147 and step=20
2026-02-17 00:13:54,442 - SplitNNServer - INFO - 26252 - phase=train acc=0.0 loss=1.0362310409545898 epoch=147 and step=30
2026-02-17 00:13:55,329 - SplitNNServer - INFO - 26252 - phase=train acc=0.24390243902439024 loss=0.5247529745101929 epoch=147 and step=40
2026-02-17 00:13:55,778 - SplitNNClient - INFO - 23096 - worker_num=3 epoch_send=5379914266 epoch_receive=2035117020 total_send=5379914266 total_receive=2035117020 send_by_category={'OTHER': 13104, 'ACTS': 5379837072, 'MODEL': 64090} recv_by_category={'OTHER': 3360, 'MODEL': 66300, 'GRADS': 2035047360} send_by_type={10: 3360, 2: 5379837072, 7: 64090, 3: 3248, 4: 3248, 6: 3248} recv_by_type={6: 3360, 8: 66300, 1: 2035047360}
2026-02-17 00:13:57,309 - SplitNNServer - INFO - 26252 - phase=validation acc=0.1032 loss=4.714756265471253 epoch=147 and step=79
2026-02-17 00:14:00,404 - SplitNNServer - INFO - 26252 - phase=train acc=0.0 loss=3.2729127407073975 epoch=148 and step=0
2026-02-17 00:14:01,040 - SplitNNServer - INFO - 26252 - phase=train acc=0.0 loss=2.877283811569214 epoch=148 and step=10
2026-02-17 00:14:01,801 - SplitNNServer - INFO - 26252 - phase=train acc=0.0 loss=1.8931047916412354 epoch=148 and step=20
2026-02-17 00:14:02,748 - SplitNNServer - INFO - 26252 - phase=train acc=0.0 loss=1.019216537475586 epoch=148 and step=30
2026-02-17 00:14:03,603 - SplitNNServer - INFO - 26252 - phase=train acc=0.24390243902439024 loss=0.5232810378074646 epoch=148 and step=40
2026-02-17 00:14:04,056 - SplitNNClient - INFO - 33532 - worker_num=4 epoch_send=5424185146 epoch_receive=2079357180 total_send=5424185146 total_receive=2079357180 send_by_category={'OTHER': 13104, 'ACTS': 5424107952, 'MODEL': 64090} recv_by_category={'OTHER': 3360, 'MODEL': 66300, 'GRADS': 2079287520} send_by_type={10: 3360, 2: 5424107952, 7: 64090, 3: 3248, 4: 3248, 6: 3248} recv_by_type={6: 3360, 8: 66300, 1: 2079287520}
2026-02-17 00:14:05,557 - SplitNNServer - INFO - 26252 - phase=validation acc=0.101 loss=4.748191797280613 epoch=148 and step=79
2026-02-17 00:14:08,662 - SplitNNServer - INFO - 26252 - phase=train acc=0.0 loss=3.2983086109161377 epoch=149 and step=0
2026-02-17 00:14:09,404 - SplitNNServer - INFO - 26252 - phase=train acc=0.0 loss=2.8944051265716553 epoch=149 and step=10
2026-02-17 00:14:10,227 - SplitNNServer - INFO - 26252 - phase=train acc=0.0 loss=1.9014893770217896 epoch=149 and step=20
2026-02-17 00:14:11,173 - SplitNNServer - INFO - 26252 - phase=train acc=0.0 loss=1.022180438041687 epoch=149 and step=30
2026-02-17 00:14:12,016 - SplitNNServer - INFO - 26252 - phase=train acc=0.24390243902439024 loss=0.5240769386291504 epoch=149 and step=40
2026-02-17 00:14:12,288 - SplitNNClient - INFO - 34892 - worker_num=5 epoch_send=5335643386 epoch_receive=1990876860 total_send=5335643386 total_receive=1990876860 send_by_category={'OTHER': 13104, 'ACTS': 5335566192, 'MODEL': 64090} recv_by_category={'OTHER': 3360, 'MODEL': 66300, 'GRADS': 1990807200} send_by_type={10: 3360, 2: 5335566192, 7: 64090, 3: 3248, 4: 3248, 6: 3248} recv_by_type={6: 3360, 8: 66300, 1: 1990807200}
2026-02-17 00:14:13,817 - SplitNNServer - INFO - 26252 - phase=validation acc=0.0982 loss=4.706863445571706 epoch=149 and step=79
2026-02-17 00:14:16,842 - SplitNNServer - INFO - 26252 - phase=train acc=0.0 loss=3.2294580936431885 epoch=150 and step=0
2026-02-17 00:14:17,729 - SplitNNServer - INFO - 26252 - phase=train acc=0.0 loss=2.8443360328674316 epoch=150 and step=10
2026-02-17 00:14:18,673 - SplitNNServer - INFO - 26252 - phase=train acc=0.0 loss=1.8745063543319702 epoch=150 and step=20
2026-02-17 00:14:19,620 - SplitNNServer - INFO - 26252 - phase=train acc=0.0 loss=1.0122700929641724 epoch=150 and step=30
2026-02-17 00:14:20,567 - SplitNNServer - INFO - 26252 - phase=train acc=0.24390243902439024 loss=0.5218477249145508 epoch=150 and step=40
2026-02-17 00:14:21,084 - SplitNNClient - INFO - 34924 - worker_num=1 epoch_send=5563087676 epoch_receive=2102951932 total_send=5563087676 total_receive=2102951932 send_by_category={'ACTS': 5563007936, 'MODEL': 66300, 'OTHER': 13440} recv_by_category={'GRADS': 2102882272, 'OTHER': 3360, 'MODEL': 66300} send_by_type={2: 5563007936, 7: 66300, 3: 3360, 4: 3360, 6: 3360, 10: 3360} recv_by_type={1: 2102882272, 6: 3360, 8: 66300}
2026-02-17 00:14:22,634 - SplitNNServer - INFO - 26252 - phase=validation acc=0.098 loss=4.745943159996709 epoch=150 and step=79
2026-02-17 00:14:25,735 - SplitNNServer - INFO - 26252 - phase=train acc=0.0 loss=3.242987871170044 epoch=151 and step=0
2026-02-17 00:14:26,370 - SplitNNServer - INFO - 26252 - phase=train acc=0.0 loss=2.8499224185943604 epoch=151 and step=10
2026-02-17 00:14:27,255 - SplitNNServer - INFO - 26252 - phase=train acc=0.0 loss=1.871609091758728 epoch=151 and step=20
2026-02-17 00:14:28,082 - SplitNNServer - INFO - 26252 - phase=train acc=0.0 loss=1.006723403930664 epoch=151 and step=30
2026-02-17 00:14:28,936 - SplitNNServer - INFO - 26252 - phase=train acc=0.24390243902439024 loss=0.5179358124732971 epoch=151 and step=40
2026-02-17 00:14:29,883 - SplitNNServer - INFO - 26252 - phase=train acc=0.39215686274509803 loss=0.29987525939941406 epoch=151 and step=50
2026-02-17 00:14:30,020 - SplitNNClient - INFO - 22280 - worker_num=2 epoch_send=5837567244 epoch_receive=2377243246 total_send=5837567244 total_receive=2377243246 send_by_category={'OTHER': 13552, 'ACTS': 5837487392, 'MODEL': 66300} recv_by_category={'OTHER': 3472, 'MODEL': 68510, 'GRADS': 2377171264} send_by_type={10: 3472, 2: 5837487392, 7: 66300, 3: 3360, 4: 3360, 6: 3360} recv_by_type={6: 3472, 8: 68510, 1: 2377171264}
2026-02-17 00:14:31,554 - SplitNNServer - INFO - 26252 - phase=validation acc=0.1135 loss=4.87141163741486 epoch=151 and step=79
2026-02-17 00:14:34,662 - SplitNNServer - INFO - 26252 - phase=train acc=0.0 loss=3.446122884750366 epoch=152 and step=0
2026-02-17 00:14:35,359 - SplitNNServer - INFO - 26252 - phase=train acc=0.0 loss=2.9941022396087646 epoch=152 and step=10
2026-02-17 00:14:36,008 - SplitNNServer - INFO - 26252 - phase=train acc=0.0 loss=1.9502198696136475 epoch=152 and step=20
2026-02-17 00:14:36,644 - SplitNNServer - INFO - 26252 - phase=train acc=0.0 loss=1.0359352827072144 epoch=152 and step=30
2026-02-17 00:14:37,313 - SplitNNServer - INFO - 26252 - phase=train acc=0.24390243902439024 loss=0.5245652794837952 epoch=152 and step=40
2026-02-17 00:14:37,659 - SplitNNClient - INFO - 23096 - worker_num=3 epoch_send=5563087788 epoch_receive=2102954254 total_send=5563087788 total_receive=2102954254 send_by_category={'OTHER': 13552, 'ACTS': 5563007936, 'MODEL': 66300} recv_by_category={'OTHER': 3472, 'MODEL': 68510, 'GRADS': 2102882272} send_by_type={10: 3472, 2: 5563007936, 7: 66300, 3: 3360, 4: 3360, 6: 3360} recv_by_type={6: 3472, 8: 68510, 1: 2102882272}
2026-02-17 00:14:39,206 - SplitNNServer - INFO - 26252 - phase=validation acc=0.1032 loss=4.731775428675398 epoch=152 and step=79
2026-02-17 00:14:42,268 - SplitNNServer - INFO - 26252 - phase=train acc=0.0 loss=3.2726941108703613 epoch=153 and step=0
2026-02-17 00:14:43,151 - SplitNNServer - INFO - 26252 - phase=train acc=0.0 loss=2.877011775970459 epoch=153 and step=10
2026-02-17 00:14:43,897 - SplitNNServer - INFO - 26252 - phase=train acc=0.0 loss=1.892783761024475 epoch=153 and step=20
2026-02-17 00:14:44,719 - SplitNNServer - INFO - 26252 - phase=train acc=0.0 loss=1.0189334154129028 epoch=153 and step=30
2026-02-17 00:14:45,511 - SplitNNServer - INFO - 26252 - phase=train acc=0.24390243902439024 loss=0.5230984687805176 epoch=153 and step=40
2026-02-17 00:14:46,088 - SplitNNClient - INFO - 33532 - worker_num=4 epoch_send=5608834364 epoch_receive=2148669086 total_send=5608834364 total_receive=2148669086 send_by_category={'OTHER': 13552, 'ACTS': 5608754512, 'MODEL': 66300} recv_by_category={'OTHER': 3472, 'MODEL': 68510, 'GRADS': 2148597104} send_by_type={10: 3472, 2: 5608754512, 7: 66300, 3: 3360, 4: 3360, 6: 3360} recv_by_type={6: 3472, 8: 68510, 1: 2148597104}
2026-02-17 00:14:47,644 - SplitNNServer - INFO - 26252 - phase=validation acc=0.101 loss=4.765092191816885 epoch=153 and step=79
2026-02-17 00:14:50,703 - SplitNNServer - INFO - 26252 - phase=train acc=0.0 loss=3.298088788986206 epoch=154 and step=0
2026-02-17 00:14:51,560 - SplitNNServer - INFO - 26252 - phase=train acc=0.0 loss=2.894132137298584 epoch=154 and step=10
2026-02-17 00:14:52,503 - SplitNNServer - INFO - 26252 - phase=train acc=0.0 loss=1.901168704032898 epoch=154 and step=20
2026-02-17 00:14:53,456 - SplitNNServer - INFO - 26252 - phase=train acc=0.0 loss=1.0218981504440308 epoch=154 and step=30
2026-02-17 00:14:54,403 - SplitNNServer - INFO - 26252 - phase=train acc=0.24390243902439024 loss=0.5238953232765198 epoch=154 and step=40
2026-02-17 00:14:54,826 - SplitNNClient - INFO - 34892 - worker_num=5 epoch_send=5517341212 epoch_receive=2057239422 total_send=5517341212 total_receive=2057239422 send_by_category={'OTHER': 13552, 'ACTS': 5517261360, 'MODEL': 66300} recv_by_category={'OTHER': 3472, 'MODEL': 68510, 'GRADS': 2057167440} send_by_type={10: 3472, 2: 5517261360, 7: 66300, 3: 3360, 4: 3360, 6: 3360} recv_by_type={6: 3472, 8: 68510, 1: 2057167440}
2026-02-17 00:14:56,412 - SplitNNServer - INFO - 26252 - phase=validation acc=0.0982 loss=4.723651710944839 epoch=154 and step=79
2026-02-17 00:14:59,513 - SplitNNServer - INFO - 26252 - phase=train acc=0.0 loss=3.229247808456421 epoch=155 and step=0
2026-02-17 00:15:00,314 - SplitNNServer - INFO - 26252 - phase=train acc=0.0 loss=2.8440730571746826 epoch=155 and step=10
2026-02-17 00:15:00,952 - SplitNNServer - INFO - 26252 - phase=train acc=0.0 loss=1.8741952180862427 epoch=155 and step=20
2026-02-17 00:15:01,877 - SplitNNServer - INFO - 26252 - phase=train acc=0.0 loss=1.0119954347610474 epoch=155 and step=30
2026-02-17 00:15:02,791 - SplitNNServer - INFO - 26252 - phase=train acc=0.24390243902439024 loss=0.5216702222824097 epoch=155 and step=40
2026-02-17 00:15:03,309 - SplitNNClient - INFO - 34924 - worker_num=1 epoch_send=5746261198 epoch_receive=2170789166 total_send=5746261198 total_receive=2170789166 send_by_category={'ACTS': 5746178800, 'MODEL': 68510, 'OTHER': 13888} recv_by_category={'GRADS': 2170717184, 'OTHER': 3472, 'MODEL': 68510} send_by_type={2: 5746178800, 7: 68510, 3: 3472, 4: 3472, 6: 3472, 10: 3472} recv_by_type={1: 2170717184, 6: 3472, 8: 68510}
2026-02-17 00:15:04,906 - SplitNNServer - INFO - 26252 - phase=validation acc=0.098 loss=4.762614491619641 epoch=155 and step=79
2026-02-17 00:15:08,007 - SplitNNServer - INFO - 26252 - phase=train acc=0.0 loss=3.242783308029175 epoch=156 and step=0
2026-02-17 00:15:08,688 - SplitNNServer - INFO - 26252 - phase=train acc=0.0 loss=2.8496668338775635 epoch=156 and step=10
2026-02-17 00:15:09,552 - SplitNNServer - INFO - 26252 - phase=train acc=0.0 loss=1.8713074922561646 epoch=156 and step=20
2026-02-17 00:15:10,434 - SplitNNServer - INFO - 26252 - phase=train acc=0.0 loss=1.0064572095870972 epoch=156 and step=30
2026-02-17 00:15:11,259 - SplitNNServer - INFO - 26252 - phase=train acc=0.24390243902439024 loss=0.517764151096344 epoch=156 and step=40
2026-02-17 00:15:12,111 - SplitNNServer - INFO - 26252 - phase=train acc=0.39215686274509803 loss=0.2997736930847168 epoch=156 and step=50
2026-02-17 00:15:12,247 - SplitNNClient - INFO - 22280 - worker_num=2 epoch_send=6029594942 epoch_receive=2453928512 total_send=6029594942 total_receive=2453928512 send_by_category={'OTHER': 14000, 'ACTS': 6029512432, 'MODEL': 68510} recv_by_category={'OTHER': 3584, 'MODEL': 70720, 'GRADS': 2453854208} send_by_type={10: 3584, 2: 6029512432, 7: 68510, 3: 3472, 4: 3472, 6: 3472} recv_by_type={6: 3584, 8: 70720, 1: 2453854208}
2026-02-17 00:15:13,826 - SplitNNServer - INFO - 26252 - phase=validation acc=0.1135 loss=4.88794951499263 epoch=156 and step=79
2026-02-17 00:15:16,905 - SplitNNServer - INFO - 26252 - phase=train acc=0.0 loss=3.4459030628204346 epoch=157 and step=0
2026-02-17 00:15:17,743 - SplitNNServer - INFO - 26252 - phase=train acc=0.0 loss=2.9938278198242188 epoch=157 and step=10
2026-02-17 00:15:18,692 - SplitNNServer - INFO - 26252 - phase=train acc=0.0 loss=1.9499032497406006 epoch=157 and step=20
2026-02-17 00:15:19,635 - SplitNNServer - INFO - 26252 - phase=train acc=0.0 loss=1.035659909248352 epoch=157 and step=30
2026-02-17 00:15:20,587 - SplitNNServer - INFO - 26252 - phase=train acc=0.24390243902439024 loss=0.5243906378746033 epoch=157 and step=40
2026-02-17 00:15:21,113 - SplitNNClient - INFO - 23096 - worker_num=3 epoch_send=5746261310 epoch_receive=2170791488 total_send=5746261310 total_receive=2170791488 send_by_category={'OTHER': 14000, 'ACTS': 5746178800, 'MODEL': 68510} recv_by_category={'OTHER': 3584, 'MODEL': 70720, 'GRADS': 2170717184} send_by_type={10: 3584, 2: 5746178800, 7: 68510, 3: 3472, 4: 3472, 6: 3472} recv_by_type={6: 3584, 8: 70720, 1: 2170717184}
2026-02-17 00:15:22,765 - SplitNNServer - INFO - 26252 - phase=validation acc=0.1032 loss=4.748220811916303 epoch=157 and step=79
2026-02-17 00:15:25,860 - SplitNNServer - INFO - 26252 - phase=train acc=0.0 loss=3.272491216659546 epoch=158 and step=0
2026-02-17 00:15:26,494 - SplitNNServer - INFO - 26252 - phase=train acc=0.0 loss=2.8767573833465576 epoch=158 and step=10
2026-02-17 00:15:27,314 - SplitNNServer - INFO - 26252 - phase=train acc=0.0 loss=1.8924826383590698 epoch=158 and step=20
2026-02-17 00:15:28,264 - SplitNNServer - INFO - 26252 - phase=train acc=0.0 loss=1.0186688899993896 epoch=158 and step=30
2026-02-17 00:15:28,993 - SplitNNServer - INFO - 26252 - phase=train acc=0.24390243902439024 loss=0.5229281783103943 epoch=158 and step=40
2026-02-17 00:15:29,424 - SplitNNClient - INFO - 33532 - worker_num=4 epoch_send=5793483582 epoch_receive=2217980992 total_send=5793483582 total_receive=2217980992 send_by_category={'OTHER': 14000, 'ACTS': 5793401072, 'MODEL': 68510} recv_by_category={'OTHER': 3584, 'MODEL': 70720, 'GRADS': 2217906688} send_by_type={10: 3584, 2: 5793401072, 7: 68510, 3: 3472, 4: 3472, 6: 3472} recv_by_type={6: 3584, 8: 70720, 1: 2217906688}
2026-02-17 00:15:31,086 - SplitNNServer - INFO - 26252 - phase=validation acc=0.101 loss=4.781424932842013 epoch=158 and step=79
2026-02-17 00:15:34,177 - SplitNNServer - INFO - 26252 - phase=train acc=0.0 loss=3.2978856563568115 epoch=159 and step=0
2026-02-17 00:15:34,811 - SplitNNServer - INFO - 26252 - phase=train acc=0.0 loss=2.8938755989074707 epoch=159 and step=10
2026-02-17 00:15:35,591 - SplitNNServer - INFO - 26252 - phase=train acc=0.0 loss=1.9008677005767822 epoch=159 and step=20
2026-02-17 00:15:36,232 - SplitNNServer - INFO - 26252 - phase=train acc=0.0 loss=1.0216349363327026 epoch=159 and step=30
2026-02-17 00:15:36,867 - SplitNNServer - INFO - 26252 - phase=train acc=0.24390243902439024 loss=0.5237260460853577 epoch=159 and step=40
2026-02-17 00:15:37,180 - SplitNNClient - INFO - 34892 - worker_num=5 epoch_send=5699039038 epoch_receive=2123601984 total_send=5699039038 total_receive=2123601984 send_by_category={'OTHER': 14000, 'ACTS': 5698956528, 'MODEL': 68510} recv_by_category={'OTHER': 3584, 'MODEL': 70720, 'GRADS': 2123527680} send_by_type={10: 3584, 2: 5698956528, 7: 68510, 3: 3472, 4: 3472, 6: 3472} recv_by_type={6: 3584, 8: 70720, 1: 2123527680}
2026-02-17 00:15:38,808 - SplitNNServer - INFO - 26252 - phase=validation acc=0.0982 loss=4.739880338499818 epoch=159 and step=79
2026-02-17 00:15:41,897 - SplitNNServer - INFO - 26252 - phase=train acc=0.0 loss=3.229050397872925 epoch=160 and step=0
2026-02-17 00:15:42,647 - SplitNNServer - INFO - 26252 - phase=train acc=0.0 loss=2.8438289165496826 epoch=160 and step=10
2026-02-17 00:15:43,325 - SplitNNServer - INFO - 26252 - phase=train acc=0.0 loss=1.8739054203033447 epoch=160 and step=20
2026-02-17 00:15:43,991 - SplitNNServer - INFO - 26252 - phase=train acc=0.0 loss=1.0117406845092773 epoch=160 and step=30
2026-02-17 00:15:44,639 - SplitNNServer - INFO - 26252 - phase=train acc=0.24390243902439024 loss=0.5215049386024475 epoch=160 and step=40
2026-02-17 00:15:44,985 - SplitNNClient - INFO - 34924 - worker_num=1 epoch_send=5929434720 epoch_receive=2238626400 total_send=5929434720 total_receive=2238626400 send_by_category={'ACTS': 5929349664, 'MODEL': 70720, 'OTHER': 14336} recv_by_category={'GRADS': 2238552096, 'OTHER': 3584, 'MODEL': 70720} send_by_type={2: 5929349664, 7: 70720, 3: 3584, 4: 3584, 6: 3584, 10: 3584} recv_by_type={1: 2238552096, 6: 3584, 8: 70720}
2026-02-17 00:15:46,596 - SplitNNServer - INFO - 26252 - phase=validation acc=0.098 loss=4.778732728354538 epoch=160 and step=79
2026-02-17 00:15:49,697 - SplitNNServer - INFO - 26252 - phase=train acc=0.0 loss=3.24259352684021 epoch=161 and step=0
2026-02-17 00:15:50,364 - SplitNNServer - INFO - 26252 - phase=train acc=0.0 loss=2.849428653717041 epoch=161 and step=10
2026-02-17 00:15:51,092 - SplitNNServer - INFO - 26252 - phase=train acc=0.0 loss=1.87102472782135 epoch=161 and step=20
2026-02-17 00:15:51,851 - SplitNNServer - INFO - 26252 - phase=train acc=0.0 loss=1.0062075853347778 epoch=161 and step=30
2026-02-17 00:15:52,766 - SplitNNServer - INFO - 26252 - phase=train acc=0.24390243902439024 loss=0.51760333776474 epoch=161 and step=40
2026-02-17 00:15:53,590 - SplitNNServer - INFO - 26252 - phase=train acc=0.39215686274509803 loss=0.29967835545539856 epoch=161 and step=50
2026-02-17 00:15:53,700 - SplitNNClient - INFO - 22280 - worker_num=2 epoch_send=6221622640 epoch_receive=2530613778 total_send=6221622640 total_receive=2530613778 send_by_category={'OTHER': 14448, 'ACTS': 6221537472, 'MODEL': 70720} recv_by_category={'OTHER': 3696, 'MODEL': 72930, 'GRADS': 2530537152} send_by_type={10: 3696, 2: 6221537472, 7: 70720, 3: 3584, 4: 3584, 6: 3584} recv_by_type={6: 3696, 8: 72930, 1: 2530537152}
2026-02-17 00:15:55,313 - SplitNNServer - INFO - 26252 - phase=validation acc=0.1135 loss=4.903943472270724 epoch=161 and step=79
2026-02-17 00:15:58,413 - SplitNNServer - INFO - 26252 - phase=train acc=0.0 loss=3.44569730758667 epoch=162 and step=0
2026-02-17 00:15:59,147 - SplitNNServer - INFO - 26252 - phase=train acc=0.0 loss=2.9935708045959473 epoch=162 and step=10
2026-02-17 00:15:59,845 - SplitNNServer - INFO - 26252 - phase=train acc=0.0 loss=1.949607491493225 epoch=162 and step=20
2026-02-17 00:16:00,482 - SplitNNServer - INFO - 26252 - phase=train acc=0.0 loss=1.0354032516479492 epoch=162 and step=30
2026-02-17 00:16:01,119 - SplitNNServer - INFO - 26252 - phase=train acc=0.24390243902439024 loss=0.5242272019386292 epoch=162 and step=40
2026-02-17 00:16:01,489 - SplitNNClient - INFO - 23096 - worker_num=3 epoch_send=5929434832 epoch_receive=2238628722 total_send=5929434832 total_receive=2238628722 send_by_category={'OTHER': 14448, 'ACTS': 5929349664, 'MODEL': 70720} recv_by_category={'OTHER': 3696, 'MODEL': 72930, 'GRADS': 2238552096} send_by_type={10: 3696, 2: 5929349664, 7: 70720, 3: 3584, 4: 3584, 6: 3584} recv_by_type={6: 3696, 8: 72930, 1: 2238552096}
2026-02-17 00:16:03,063 - SplitNNServer - INFO - 26252 - phase=validation acc=0.1032 loss=4.764127465743053 epoch=162 and step=79
2026-02-17 00:16:06,101 - SplitNNServer - INFO - 26252 - phase=train acc=0.0 loss=3.2723002433776855 epoch=163 and step=0
2026-02-17 00:16:06,904 - SplitNNServer - INFO - 26252 - phase=train acc=0.0 loss=2.876518726348877 epoch=163 and step=10
2026-02-17 00:16:07,539 - SplitNNServer - INFO - 26252 - phase=train acc=0.0 loss=1.8922005891799927 epoch=163 and step=20
2026-02-17 00:16:08,286 - SplitNNServer - INFO - 26252 - phase=train acc=0.0 loss=1.0184210538864136 epoch=163 and step=30
2026-02-17 00:16:09,067 - SplitNNServer - INFO - 26252 - phase=train acc=0.24390243902439024 loss=0.5227684378623962 epoch=163 and step=40
2026-02-17 00:16:09,541 - SplitNNClient - INFO - 33532 - worker_num=4 epoch_send=5978132800 epoch_receive=2287292898 total_send=5978132800 total_receive=2287292898 send_by_category={'OTHER': 14448, 'ACTS': 5978047632, 'MODEL': 70720} recv_by_category={'OTHER': 3696, 'MODEL': 72930, 'GRADS': 2287216272} send_by_type={10: 3696, 2: 5978047632, 7: 70720, 3: 3584, 4: 3584, 6: 3584} recv_by_type={6: 3696, 8: 72930, 1: 2287216272}
2026-02-17 00:16:11,095 - SplitNNServer - INFO - 26252 - phase=validation acc=0.101 loss=4.797228094897693 epoch=163 and step=79
2026-02-17 00:16:14,188 - SplitNNServer - INFO - 26252 - phase=train acc=0.0 loss=3.2976949214935303 epoch=164 and step=0
2026-02-17 00:16:15,027 - SplitNNServer - INFO - 26252 - phase=train acc=0.0 loss=2.8936383724212646 epoch=164 and step=10
2026-02-17 00:16:15,941 - SplitNNServer - INFO - 26252 - phase=train acc=0.0 loss=1.9005872011184692 epoch=164 and step=20
2026-02-17 00:16:16,803 - SplitNNServer - INFO - 26252 - phase=train acc=0.0 loss=1.0213873386383057 epoch=164 and step=30
2026-02-17 00:16:17,753 - SplitNNServer - INFO - 26252 - phase=train acc=0.24390243902439024 loss=0.523567259311676 epoch=164 and step=40
2026-02-17 00:16:18,175 - SplitNNClient - INFO - 34892 - worker_num=5 epoch_send=5880736864 epoch_receive=2189964546 total_send=5880736864 total_receive=2189964546 send_by_category={'OTHER': 14448, 'ACTS': 5880651696, 'MODEL': 70720} recv_by_category={'OTHER': 3696, 'MODEL': 72930, 'GRADS': 2189887920} send_by_type={10: 3696, 2: 5880651696, 7: 70720, 3: 3584, 4: 3584, 6: 3584} recv_by_type={6: 3696, 8: 72930, 1: 2189887920}
2026-02-17 00:16:19,730 - SplitNNServer - INFO - 26252 - phase=validation acc=0.0982 loss=4.7555866905405555 epoch=164 and step=79
2026-02-17 00:16:22,816 - SplitNNServer - INFO - 26252 - phase=train acc=0.0 loss=3.2288670539855957 epoch=165 and step=0
2026-02-17 00:16:23,556 - SplitNNServer - INFO - 26252 - phase=train acc=0.0 loss=2.843599796295166 epoch=165 and step=10
2026-02-17 00:16:24,295 - SplitNNServer - INFO - 26252 - phase=train acc=0.0 loss=1.8736340999603271 epoch=165 and step=20
2026-02-17 00:16:24,933 - SplitNNServer - INFO - 26252 - phase=train acc=0.0 loss=1.0115011930465698 epoch=165 and step=30
2026-02-17 00:16:25,787 - SplitNNServer - INFO - 26252 - phase=train acc=0.24390243902439024 loss=0.5213503837585449 epoch=165 and step=40
2026-02-17 00:16:26,301 - SplitNNClient - INFO - 34924 - worker_num=1 epoch_send=6112608242 epoch_receive=2306463634 total_send=6112608242 total_receive=2306463634 send_by_category={'ACTS': 6112520528, 'MODEL': 72930, 'OTHER': 14784} recv_by_category={'GRADS': 2306387008, 'OTHER': 3696, 'MODEL': 72930} send_by_type={2: 6112520528, 7: 72930, 3: 3696, 4: 3696, 6: 3696, 10: 3696} recv_by_type={1: 2306387008, 6: 3696, 8: 72930}
2026-02-17 00:16:27,881 - SplitNNServer - INFO - 26252 - phase=validation acc=0.098 loss=4.794336638873136 epoch=165 and step=79
2026-02-17 00:16:30,986 - SplitNNServer - INFO - 26252 - phase=train acc=0.0 loss=3.2424159049987793 epoch=166 and step=0
2026-02-17 00:16:31,686 - SplitNNServer - INFO - 26252 - phase=train acc=0.0 loss=2.8492050170898438 epoch=166 and step=10
2026-02-17 00:16:32,581 - SplitNNServer - INFO - 26252 - phase=train acc=0.0 loss=1.8707598447799683 epoch=166 and step=20
2026-02-17 00:16:33,232 - SplitNNServer - INFO - 26252 - phase=train acc=0.0 loss=1.0059747695922852 epoch=166 and step=30
2026-02-17 00:16:34,036 - SplitNNServer - INFO - 26252 - phase=train acc=0.24390243902439024 loss=0.5174527764320374 epoch=166 and step=40
2026-02-17 00:16:34,703 - SplitNNServer - INFO - 26252 - phase=train acc=0.39215686274509803 loss=0.2995889484882355 epoch=166 and step=50
2026-02-17 00:16:34,818 - SplitNNClient - INFO - 22280 - worker_num=2 epoch_send=6413650338 epoch_receive=2607299044 total_send=6413650338 total_receive=2607299044 send_by_category={'OTHER': 14896, 'ACTS': 6413562512, 'MODEL': 72930} recv_by_category={'OTHER': 3808, 'MODEL': 75140, 'GRADS': 2607220096} send_by_type={10: 3808, 2: 6413562512, 7: 72930, 3: 3696, 4: 3696, 6: 3696} recv_by_type={6: 3808, 8: 75140, 1: 2607220096}
2026-02-17 00:16:36,376 - SplitNNServer - INFO - 26252 - phase=validation acc=0.1135 loss=4.919430147243451 epoch=166 and step=79
2026-02-17 00:16:39,433 - SplitNNServer - INFO - 26252 - phase=train acc=0.0 loss=3.4455034732818604 epoch=167 and step=0
2026-02-17 00:16:40,092 - SplitNNServer - INFO - 26252 - phase=train acc=0.0 loss=2.993330478668213 epoch=167 and step=10
2026-02-17 00:16:40,841 - SplitNNServer - INFO - 26252 - phase=train acc=0.0 loss=1.9493294954299927 epoch=167 and step=20
2026-02-17 00:16:41,476 - SplitNNServer - INFO - 26252 - phase=train acc=0.0 loss=1.0351619720458984 epoch=167 and step=30
2026-02-17 00:16:42,239 - SplitNNServer - INFO - 26252 - phase=train acc=0.24390243902439024 loss=0.5240740776062012 epoch=167 and step=40
2026-02-17 00:16:42,658 - SplitNNClient - INFO - 23096 - worker_num=3 epoch_send=6112608354 epoch_receive=2306465956 total_send=6112608354 total_receive=2306465956 send_by_category={'OTHER': 14896, 'ACTS': 6112520528, 'MODEL': 72930} recv_by_category={'OTHER': 3808, 'MODEL': 75140, 'GRADS': 2306387008} send_by_type={10: 3808, 2: 6112520528, 7: 72930, 3: 3696, 4: 3696, 6: 3696} recv_by_type={6: 3808, 8: 75140, 1: 2306387008}
2026-02-17 00:16:44,214 - SplitNNServer - INFO - 26252 - phase=validation acc=0.1032 loss=4.779532523094853 epoch=167 and step=79
2026-02-17 00:16:47,305 - SplitNNServer - INFO - 26252 - phase=train acc=0.0 loss=3.2721211910247803 epoch=168 and step=0
2026-02-17 00:16:47,937 - SplitNNServer - INFO - 26252 - phase=train acc=0.0 loss=2.8762965202331543 epoch=168 and step=10
2026-02-17 00:16:48,791 - SplitNNServer - INFO - 26252 - phase=train acc=0.0 loss=1.891937255859375 epoch=168 and step=20
2026-02-17 00:16:49,738 - SplitNNServer - INFO - 26252 - phase=train acc=0.0 loss=1.0181885957717896 epoch=168 and step=30
2026-02-17 00:16:50,570 - SplitNNServer - INFO - 26252 - phase=train acc=0.24390243902439024 loss=0.52261883020401 epoch=168 and step=40
2026-02-17 00:16:50,978 - SplitNNClient - INFO - 33532 - worker_num=4 epoch_send=6162782018 epoch_receive=2356604804 total_send=6162782018 total_receive=2356604804 send_by_category={'OTHER': 14896, 'ACTS': 6162694192, 'MODEL': 72930} recv_by_category={'OTHER': 3808, 'MODEL': 75140, 'GRADS': 2356525856} send_by_type={10: 3808, 2: 6162694192, 7: 72930, 3: 3696, 4: 3696, 6: 3696} recv_by_type={6: 3808, 8: 75140, 1: 2356525856}
2026-02-17 00:16:52,554 - SplitNNServer - INFO - 26252 - phase=validation acc=0.101 loss=4.81253527387788 epoch=168 and step=79
2026-02-17 00:16:55,659 - SplitNNServer - INFO - 26252 - phase=train acc=0.0 loss=3.297515630722046 epoch=169 and step=0
2026-02-17 00:16:56,406 - SplitNNServer - INFO - 26252 - phase=train acc=0.0 loss=2.893413782119751 epoch=169 and step=10
2026-02-17 00:16:57,147 - SplitNNServer - INFO - 26252 - phase=train acc=0.0 loss=1.9003241062164307 epoch=169 and step=20
2026-02-17 00:16:57,821 - SplitNNServer - INFO - 26252 - phase=train acc=0.0 loss=1.0211565494537354 epoch=169 and step=30
2026-02-17 00:16:58,628 - SplitNNServer - INFO - 26252 - phase=train acc=0.24390243902439024 loss=0.5234189033508301 epoch=169 and step=40
2026-02-17 00:16:58,910 - SplitNNClient - INFO - 34892 - worker_num=5 epoch_send=6062434690 epoch_receive=2256327108 total_send=6062434690 total_receive=2256327108 send_by_category={'OTHER': 14896, 'ACTS': 6062346864, 'MODEL': 72930} recv_by_category={'OTHER': 3808, 'MODEL': 75140, 'GRADS': 2256248160} send_by_type={10: 3808, 2: 6062346864, 7: 72930, 3: 3696, 4: 3696, 6: 3696} recv_by_type={6: 3808, 8: 75140, 1: 2256248160}
2026-02-17 00:17:00,497 - SplitNNServer - INFO - 26252 - phase=validation acc=0.0982 loss=4.770802425432809 epoch=169 and step=79
2026-02-17 00:17:03,578 - SplitNNServer - INFO - 26252 - phase=train acc=0.0 loss=3.2286949157714844 epoch=170 and step=0
2026-02-17 00:17:04,292 - SplitNNServer - INFO - 26252 - phase=train acc=0.0 loss=2.8433852195739746 epoch=170 and step=10
2026-02-17 00:17:05,144 - SplitNNServer - INFO - 26252 - phase=train acc=0.0 loss=1.8733805418014526 epoch=170 and step=20
2026-02-17 00:17:06,031 - SplitNNServer - INFO - 26252 - phase=train acc=0.0 loss=1.011276364326477 epoch=170 and step=30
2026-02-17 00:17:06,833 - SplitNNServer - INFO - 26252 - phase=train acc=0.24390243902439024 loss=0.5212053060531616 epoch=170 and step=40
2026-02-17 00:17:07,181 - SplitNNClient - INFO - 34924 - worker_num=1 epoch_send=6295781764 epoch_receive=2374300868 total_send=6295781764 total_receive=2374300868 send_by_category={'ACTS': 6295691392, 'MODEL': 75140, 'OTHER': 15232} recv_by_category={'GRADS': 2374221920, 'OTHER': 3808, 'MODEL': 75140} send_by_type={2: 6295691392, 7: 75140, 3: 3808, 4: 3808, 6: 3808, 10: 3808} recv_by_type={1: 2374221920, 6: 3808, 8: 75140}
2026-02-17 00:17:08,789 - SplitNNServer - INFO - 26252 - phase=validation acc=0.098 loss=4.809455648253236 epoch=170 and step=79
2026-02-17 00:17:11,841 - SplitNNServer - INFO - 26252 - phase=train acc=0.0 loss=3.242248773574829 epoch=171 and step=0
2026-02-17 00:17:12,478 - SplitNNServer - INFO - 26252 - phase=train acc=0.0 loss=2.8489949703216553 epoch=171 and step=10
2026-02-17 00:17:13,266 - SplitNNServer - INFO - 26252 - phase=train acc=0.0 loss=1.8705098628997803 epoch=171 and step=20
2026-02-17 00:17:14,131 - SplitNNServer - INFO - 26252 - phase=train acc=0.0 loss=1.0057545900344849 epoch=171 and step=30
2026-02-17 00:17:14,900 - SplitNNServer - INFO - 26252 - phase=train acc=0.24390243902439024 loss=0.5173115134239197 epoch=171 and step=40
2026-02-17 00:17:15,756 - SplitNNServer - INFO - 26252 - phase=train acc=0.39215686274509803 loss=0.2995055913925171 epoch=171 and step=50
2026-02-17 00:17:15,853 - SplitNNClient - INFO - 22280 - worker_num=2 epoch_send=6605678036 epoch_receive=2683984310 total_send=6605678036 total_receive=2683984310 send_by_category={'OTHER': 15344, 'ACTS': 6605587552, 'MODEL': 75140} recv_by_category={'OTHER': 3920, 'MODEL': 77350, 'GRADS': 2683903040} send_by_type={10: 3920, 2: 6605587552, 7: 75140, 3: 3808, 4: 3808, 6: 3808} recv_by_type={6: 3920, 8: 77350, 1: 2683903040}
2026-02-17 00:17:17,438 - SplitNNServer - INFO - 26252 - phase=validation acc=0.1135 loss=4.934438530402847 epoch=171 and step=79
2026-02-17 00:17:20,530 - SplitNNServer - INFO - 26252 - phase=train acc=0.0 loss=3.4453203678131104 epoch=172 and step=0
2026-02-17 00:17:21,418 - SplitNNServer - INFO - 26252 - phase=train acc=0.0 loss=2.99310302734375 epoch=172 and step=10
2026-02-17 00:17:22,334 - SplitNNServer - INFO - 26252 - phase=train acc=0.0 loss=1.9490681886672974 epoch=172 and step=20
2026-02-17 00:17:23,229 - SplitNNServer - INFO - 26252 - phase=train acc=0.0 loss=1.0349352359771729 epoch=172 and step=30
2026-02-17 00:17:24,114 - SplitNNServer - INFO - 26252 - phase=train acc=0.24390243902439024 loss=0.5239300727844238 epoch=172 and step=40
2026-02-17 00:17:24,631 - SplitNNClient - INFO - 23096 - worker_num=3 epoch_send=6295781876 epoch_receive=2374303190 total_send=6295781876 total_receive=2374303190 send_by_category={'OTHER': 15344, 'ACTS': 6295691392, 'MODEL': 75140} recv_by_category={'OTHER': 3920, 'MODEL': 77350, 'GRADS': 2374221920} send_by_type={10: 3920, 2: 6295691392, 7: 75140, 3: 3808, 4: 3808, 6: 3808} recv_by_type={6: 3920, 8: 77350, 1: 2374221920}
2026-02-17 00:17:26,205 - SplitNNServer - INFO - 26252 - phase=validation acc=0.1032 loss=4.794465191756623 epoch=172 and step=79
2026-02-17 00:17:29,297 - SplitNNServer - INFO - 26252 - phase=train acc=0.0 loss=3.2719533443450928 epoch=173 and step=0
2026-02-17 00:17:30,066 - SplitNNServer - INFO - 26252 - phase=train acc=0.0 loss=2.876086950302124 epoch=173 and step=10
2026-02-17 00:17:30,778 - SplitNNServer - INFO - 26252 - phase=train acc=0.0 loss=1.8916893005371094 epoch=173 and step=20
2026-02-17 00:17:31,486 - SplitNNServer - INFO - 26252 - phase=train acc=0.0 loss=1.0179702043533325 epoch=173 and step=30
2026-02-17 00:17:32,285 - SplitNNServer - INFO - 26252 - phase=train acc=0.24390243902439024 loss=0.5224780440330505 epoch=173 and step=40
2026-02-17 00:17:32,698 - SplitNNClient - INFO - 33532 - worker_num=4 epoch_send=6347431236 epoch_receive=2425916710 total_send=6347431236 total_receive=2425916710 send_by_category={'OTHER': 15344, 'ACTS': 6347340752, 'MODEL': 75140} recv_by_category={'OTHER': 3920, 'MODEL': 77350, 'GRADS': 2425835440} send_by_type={10: 3920, 2: 6347340752, 7: 75140, 3: 3808, 4: 3808, 6: 3808} recv_by_type={6: 3920, 8: 77350, 1: 2425835440}
2026-02-17 00:17:34,276 - SplitNNServer - INFO - 26252 - phase=validation acc=0.101 loss=4.827376299266573 epoch=173 and step=79
2026-02-17 00:17:37,378 - SplitNNServer - INFO - 26252 - phase=train acc=0.0 loss=3.2973475456237793 epoch=174 and step=0
2026-02-17 00:17:38,063 - SplitNNServer - INFO - 26252 - phase=train acc=0.0 loss=2.8932042121887207 epoch=174 and step=10
2026-02-17 00:17:38,745 - SplitNNServer - INFO - 26252 - phase=train acc=0.0 loss=1.900076150894165 epoch=174 and step=20
2026-02-17 00:17:39,463 - SplitNNServer - INFO - 26252 - phase=train acc=0.0 loss=1.0209397077560425 epoch=174 and step=30
2026-02-17 00:17:40,264 - SplitNNServer - INFO - 26252 - phase=train acc=0.24390243902439024 loss=0.5232791900634766 epoch=174 and step=40
2026-02-17 00:17:40,688 - SplitNNClient - INFO - 34892 - worker_num=5 epoch_send=6244132516 epoch_receive=2322689670 total_send=6244132516 total_receive=2322689670 send_by_category={'OTHER': 15344, 'ACTS': 6244042032, 'MODEL': 75140} recv_by_category={'OTHER': 3920, 'MODEL': 77350, 'GRADS': 2322608400} send_by_type={10: 3920, 2: 6244042032, 7: 75140, 3: 3808, 4: 3808, 6: 3808} recv_by_type={6: 3920, 8: 77350, 1: 2322608400}
2026-02-17 00:17:42,322 - SplitNNServer - INFO - 26252 - phase=validation acc=0.0982 loss=4.785556268088425 epoch=174 and step=79
2026-02-17 00:17:45,377 - SplitNNServer - INFO - 26252 - phase=train acc=0.0 loss=3.2285315990448 epoch=175 and step=0
2026-02-17 00:17:46,055 - SplitNNServer - INFO - 26252 - phase=train acc=0.0 loss=2.843183755874634 epoch=175 and step=10
2026-02-17 00:17:46,820 - SplitNNServer - INFO - 26252 - phase=train acc=0.0 loss=1.8731400966644287 epoch=175 and step=20
2026-02-17 00:17:47,582 - SplitNNServer - INFO - 26252 - phase=train acc=0.0 loss=1.0110644102096558 epoch=175 and step=30
2026-02-17 00:17:48,294 - SplitNNServer - INFO - 26252 - phase=train acc=0.24390243902439024 loss=0.5210680961608887 epoch=175 and step=40
2026-02-17 00:17:48,725 - SplitNNClient - INFO - 34924 - worker_num=1 epoch_send=6478955286 epoch_receive=2442138102 total_send=6478955286 total_receive=2442138102 send_by_category={'ACTS': 6478862256, 'MODEL': 77350, 'OTHER': 15680} recv_by_category={'GRADS': 2442056832, 'OTHER': 3920, 'MODEL': 77350} send_by_type={2: 6478862256, 7: 77350, 3: 3920, 4: 3920, 6: 3920, 10: 3920} recv_by_type={1: 2442056832, 6: 3920, 8: 77350}
2026-02-17 00:17:50,338 - SplitNNServer - INFO - 26252 - phase=validation acc=0.098 loss=4.8241195437274405 epoch=175 and step=79
2026-02-17 00:17:53,444 - SplitNNServer - INFO - 26252 - phase=train acc=0.0 loss=3.2420923709869385 epoch=176 and step=0
2026-02-17 00:17:54,095 - SplitNNServer - INFO - 26252 - phase=train acc=0.0 loss=2.848797082901001 epoch=176 and step=10
2026-02-17 00:17:54,761 - SplitNNServer - INFO - 26252 - phase=train acc=0.0 loss=1.8702754974365234 epoch=176 and step=20
2026-02-17 00:17:55,402 - SplitNNServer - INFO - 26252 - phase=train acc=0.0 loss=1.0055485963821411 epoch=176 and step=30
2026-02-17 00:17:56,261 - SplitNNServer - INFO - 26252 - phase=train acc=0.24390243902439024 loss=0.5171781182289124 epoch=176 and step=40
2026-02-17 00:17:57,146 - SplitNNServer - INFO - 26252 - phase=train acc=0.39215686274509803 loss=0.29942652583122253 epoch=176 and step=50
2026-02-17 00:17:57,280 - SplitNNClient - INFO - 22280 - worker_num=2 epoch_send=6797705734 epoch_receive=2760669576 total_send=6797705734 total_receive=2760669576 send_by_category={'OTHER': 15792, 'ACTS': 6797612592, 'MODEL': 77350} recv_by_category={'OTHER': 4032, 'MODEL': 79560, 'GRADS': 2760585984} send_by_type={10: 4032, 2: 6797612592, 7: 77350, 3: 3920, 4: 3920, 6: 3920} recv_by_type={6: 4032, 8: 79560, 1: 2760585984}
2026-02-17 00:17:58,867 - SplitNNServer - INFO - 26252 - phase=validation acc=0.1135 loss=4.948998348622382 epoch=176 and step=79
2026-02-17 00:18:01,974 - SplitNNServer - INFO - 26252 - phase=train acc=0.0 loss=3.4451487064361572 epoch=177 and step=0
2026-02-17 00:18:02,674 - SplitNNServer - INFO - 26252 - phase=train acc=0.0 loss=2.992889165878296 epoch=177 and step=10
2026-02-17 00:18:03,503 - SplitNNServer - INFO - 26252 - phase=train acc=0.0 loss=1.9488219022750854 epoch=177 and step=20
2026-02-17 00:18:04,216 - SplitNNServer - INFO - 26252 - phase=train acc=0.0 loss=1.0347214937210083 epoch=177 and step=30
2026-02-17 00:18:04,865 - SplitNNServer - INFO - 26252 - phase=train acc=0.24390243902439024 loss=0.5237941741943359 epoch=177 and step=40
2026-02-17 00:18:05,232 - SplitNNClient - INFO - 23096 - worker_num=3 epoch_send=6478955398 epoch_receive=2442140424 total_send=6478955398 total_receive=2442140424 send_by_category={'OTHER': 15792, 'ACTS': 6478862256, 'MODEL': 77350} recv_by_category={'OTHER': 4032, 'MODEL': 79560, 'GRADS': 2442056832} send_by_type={10: 4032, 2: 6478862256, 7: 77350, 3: 3920, 4: 3920, 6: 3920} recv_by_type={6: 4032, 8: 79560, 1: 2442056832}
2026-02-17 00:18:06,818 - SplitNNServer - INFO - 26252 - phase=validation acc=0.1032 loss=4.808952748020993 epoch=177 and step=79
2026-02-17 00:18:09,878 - SplitNNServer - INFO - 26252 - phase=train acc=0.0 loss=3.271793842315674 epoch=178 and step=0
2026-02-17 00:18:10,669 - SplitNNServer - INFO - 26252 - phase=train acc=0.0 loss=2.8758890628814697 epoch=178 and step=10
2026-02-17 00:18:11,581 - SplitNNServer - INFO - 26252 - phase=train acc=0.0 loss=1.8914562463760376 epoch=178 and step=20
2026-02-17 00:18:12,531 - SplitNNServer - INFO - 26252 - phase=train acc=0.0 loss=1.017764925956726 epoch=178 and step=30
2026-02-17 00:18:13,418 - SplitNNServer - INFO - 26252 - phase=train acc=0.24390243902439024 loss=0.5223456025123596 epoch=178 and step=40
2026-02-17 00:18:13,900 - SplitNNClient - INFO - 33532 - worker_num=4 epoch_send=6532080454 epoch_receive=2495228616 total_send=6532080454 total_receive=2495228616 send_by_category={'OTHER': 15792, 'ACTS': 6531987312, 'MODEL': 77350} recv_by_category={'OTHER': 4032, 'MODEL': 79560, 'GRADS': 2495145024} send_by_type={10: 4032, 2: 6531987312, 7: 77350, 3: 3920, 4: 3920, 6: 3920} recv_by_type={6: 4032, 8: 79560, 1: 2495145024}
2026-02-17 00:18:15,551 - SplitNNServer - INFO - 26252 - phase=validation acc=0.101 loss=4.841777276389206 epoch=178 and step=79
2026-02-17 00:18:18,653 - SplitNNServer - INFO - 26252 - phase=train acc=0.0 loss=3.2971882820129395 epoch=179 and step=0
2026-02-17 00:18:19,570 - SplitNNServer - INFO - 26252 - phase=train acc=0.0 loss=2.89300537109375 epoch=179 and step=10
2026-02-17 00:18:20,455 - SplitNNServer - INFO - 26252 - phase=train acc=0.0 loss=1.8998433351516724 epoch=179 and step=20
2026-02-17 00:18:21,370 - SplitNNServer - INFO - 26252 - phase=train acc=0.0 loss=1.0207349061965942 epoch=179 and step=30
2026-02-17 00:18:22,250 - SplitNNServer - INFO - 26252 - phase=train acc=0.24390243902439024 loss=0.5231480002403259 epoch=179 and step=40
2026-02-17 00:18:22,608 - SplitNNClient - INFO - 34892 - worker_num=5 epoch_send=6425830342 epoch_receive=2389052232 total_send=6425830342 total_receive=2389052232 send_by_category={'OTHER': 15792, 'ACTS': 6425737200, 'MODEL': 77350} recv_by_category={'OTHER': 4032, 'MODEL': 79560, 'GRADS': 2388968640} send_by_type={10: 4032, 2: 6425737200, 7: 77350, 3: 3920, 4: 3920, 6: 3920} recv_by_type={6: 4032, 8: 79560, 1: 2388968640}
2026-02-17 00:18:24,217 - SplitNNServer - INFO - 26252 - phase=validation acc=0.0982 loss=4.799875416333163 epoch=179 and step=79
2026-02-17 00:18:27,303 - SplitNNServer - INFO - 26252 - phase=train acc=0.0 loss=3.2283778190612793 epoch=180 and step=0
2026-02-17 00:18:27,940 - SplitNNServer - INFO - 26252 - phase=train acc=0.0 loss=2.8429911136627197 epoch=180 and step=10
2026-02-17 00:18:28,576 - SplitNNServer - INFO - 26252 - phase=train acc=0.0 loss=1.8729132413864136 epoch=180 and step=20
2026-02-17 00:18:29,280 - SplitNNServer - INFO - 26252 - phase=train acc=0.0 loss=1.0108652114868164 epoch=180 and step=30
2026-02-17 00:18:30,112 - SplitNNServer - INFO - 26252 - phase=train acc=0.24390243902439024 loss=0.5209394097328186 epoch=180 and step=40
2026-02-17 00:18:30,623 - SplitNNClient - INFO - 34924 - worker_num=1 epoch_send=6662128808 epoch_receive=2509975336 total_send=6662128808 total_receive=2509975336 send_by_category={'ACTS': 6662033120, 'MODEL': 79560, 'OTHER': 16128} recv_by_category={'GRADS': 2509891744, 'OTHER': 4032, 'MODEL': 79560} send_by_type={2: 6662033120, 7: 79560, 3: 4032, 4: 4032, 6: 4032, 10: 4032} recv_by_type={1: 2509891744, 6: 4032, 8: 79560}
2026-02-17 00:18:32,171 - SplitNNServer - INFO - 26252 - phase=validation acc=0.098 loss=4.838353869281238 epoch=180 and step=79
2026-02-17 00:18:35,287 - SplitNNServer - INFO - 26252 - phase=train acc=0.0 loss=3.241943836212158 epoch=181 and step=0
2026-02-17 00:18:36,119 - SplitNNServer - INFO - 26252 - phase=train acc=0.0 loss=2.8486111164093018 epoch=181 and step=10
2026-02-17 00:18:37,036 - SplitNNServer - INFO - 26252 - phase=train acc=0.0 loss=1.8700542449951172 epoch=181 and step=20
2026-02-17 00:18:37,946 - SplitNNServer - INFO - 26252 - phase=train acc=0.0 loss=1.0053540468215942 epoch=181 and step=30
2026-02-17 00:18:38,632 - SplitNNServer - INFO - 26252 - phase=train acc=0.24390243902439024 loss=0.5170530676841736 epoch=181 and step=40
2026-02-17 00:18:39,402 - SplitNNServer - INFO - 26252 - phase=train acc=0.39215686274509803 loss=0.29935210943222046 epoch=181 and step=50
2026-02-17 00:18:39,535 - SplitNNClient - INFO - 22280 - worker_num=2 epoch_send=6989733432 epoch_receive=2837354842 total_send=6989733432 total_receive=2837354842 send_by_category={'OTHER': 16240, 'ACTS': 6989637632, 'MODEL': 79560} recv_by_category={'OTHER': 4144, 'MODEL': 81770, 'GRADS': 2837268928} send_by_type={10: 4144, 2: 6989637632, 7: 79560, 3: 4032, 4: 4032, 6: 4032} recv_by_type={6: 4144, 8: 81770, 1: 2837268928}
2026-02-17 00:18:41,109 - SplitNNServer - INFO - 26252 - phase=validation acc=0.1135 loss=4.963135314893119 epoch=181 and step=79
2026-02-17 00:18:44,170 - SplitNNServer - INFO - 26252 - phase=train acc=0.0 loss=3.44498872756958 epoch=182 and step=0
2026-02-17 00:18:44,897 - SplitNNServer - INFO - 26252 - phase=train acc=0.0 loss=2.992689609527588 epoch=182 and step=10
2026-02-17 00:18:45,765 - SplitNNServer - INFO - 26252 - phase=train acc=0.0 loss=1.9485911130905151 epoch=182 and step=20
2026-02-17 00:18:46,682 - SplitNNServer - INFO - 26252 - phase=train acc=0.0 loss=1.0345209836959839 epoch=182 and step=30
2026-02-17 00:18:47,508 - SplitNNServer - INFO - 26252 - phase=train acc=0.24390243902439024 loss=0.5236668586730957 epoch=182 and step=40
2026-02-17 00:18:47,897 - SplitNNClient - INFO - 23096 - worker_num=3 epoch_send=6662128920 epoch_receive=2509977658 total_send=6662128920 total_receive=2509977658 send_by_category={'OTHER': 16240, 'ACTS': 6662033120, 'MODEL': 79560} recv_by_category={'OTHER': 4144, 'MODEL': 81770, 'GRADS': 2509891744} send_by_type={10: 4144, 2: 6662033120, 7: 79560, 3: 4032, 4: 4032, 6: 4032} recv_by_type={6: 4144, 8: 81770, 1: 2509891744}
2026-02-17 00:18:49,517 - SplitNNServer - INFO - 26252 - phase=validation acc=0.1032 loss=4.823021472254886 epoch=182 and step=79
2026-02-17 00:18:52,616 - SplitNNServer - INFO - 26252 - phase=train acc=0.0 loss=3.2716450691223145 epoch=183 and step=0
2026-02-17 00:18:53,333 - SplitNNServer - INFO - 26252 - phase=train acc=0.0 loss=2.8757033348083496 epoch=183 and step=10
2026-02-17 00:18:54,249 - SplitNNServer - INFO - 26252 - phase=train acc=0.0 loss=1.8912369012832642 epoch=183 and step=20
2026-02-17 00:18:55,133 - SplitNNServer - INFO - 26252 - phase=train acc=0.0 loss=1.0175714492797852 epoch=183 and step=30
2026-02-17 00:18:56,047 - SplitNNServer - INFO - 26252 - phase=train acc=0.24390243902439024 loss=0.5222210884094238 epoch=183 and step=40
2026-02-17 00:18:56,593 - SplitNNClient - INFO - 33532 - worker_num=4 epoch_send=6716729672 epoch_receive=2564540522 total_send=6716729672 total_receive=2564540522 send_by_category={'OTHER': 16240, 'ACTS': 6716633872, 'MODEL': 79560} recv_by_category={'OTHER': 4144, 'MODEL': 81770, 'GRADS': 2564454608} send_by_type={10: 4144, 2: 6716633872, 7: 79560, 3: 4032, 4: 4032, 6: 4032} recv_by_type={6: 4144, 8: 81770, 1: 2564454608}
2026-02-17 00:18:58,134 - SplitNNServer - INFO - 26252 - phase=validation acc=0.101 loss=4.855764051026936 epoch=183 and step=79
2026-02-17 00:19:01,223 - SplitNNServer - INFO - 26252 - phase=train acc=0.0 loss=3.297039270401001 epoch=184 and step=0
2026-02-17 00:19:02,087 - SplitNNServer - INFO - 26252 - phase=train acc=0.0 loss=2.8928186893463135 epoch=184 and step=10
2026-02-17 00:19:02,823 - SplitNNServer - INFO - 26252 - phase=train acc=0.0 loss=1.8996237516403198 epoch=184 and step=20
2026-02-17 00:19:03,557 - SplitNNServer - INFO - 26252 - phase=train acc=0.0 loss=1.020542025566101 epoch=184 and step=30
2026-02-17 00:19:04,479 - SplitNNServer - INFO - 26252 - phase=train acc=0.24390243902439024 loss=0.5230240821838379 epoch=184 and step=40
2026-02-17 00:19:04,905 - SplitNNClient - INFO - 34892 - worker_num=5 epoch_send=6607528168 epoch_receive=2455414794 total_send=6607528168 total_receive=2455414794 send_by_category={'OTHER': 16240, 'ACTS': 6607432368, 'MODEL': 79560} recv_by_category={'OTHER': 4144, 'MODEL': 81770, 'GRADS': 2455328880} send_by_type={10: 4144, 2: 6607432368, 7: 79560, 3: 4032, 4: 4032, 6: 4032} recv_by_type={6: 4144, 8: 81770, 1: 2455328880}
2026-02-17 00:19:06,542 - SplitNNServer - INFO - 26252 - phase=validation acc=0.0982 loss=4.813785504691208 epoch=184 and step=79
2026-02-17 00:19:09,630 - SplitNNServer - INFO - 26252 - phase=train acc=0.0 loss=3.2282330989837646 epoch=185 and step=0
2026-02-17 00:19:10,368 - SplitNNServer - INFO - 26252 - phase=train acc=0.0 loss=2.842811346054077 epoch=185 and step=10
2026-02-17 00:19:11,253 - SplitNNServer - INFO - 26252 - phase=train acc=0.0 loss=1.8726997375488281 epoch=185 and step=20
2026-02-17 00:19:12,086 - SplitNNServer - INFO - 26252 - phase=train acc=0.0 loss=1.0106773376464844 epoch=185 and step=30
2026-02-17 00:19:12,722 - SplitNNServer - INFO - 26252 - phase=train acc=0.24390243902439024 loss=0.5208182334899902 epoch=185 and step=40
2026-02-17 00:19:13,067 - SplitNNClient - INFO - 34924 - worker_num=1 epoch_send=6845302330 epoch_receive=2577812570 total_send=6845302330 total_receive=2577812570 send_by_category={'ACTS': 6845203984, 'MODEL': 81770, 'OTHER': 16576} recv_by_category={'GRADS': 2577726656, 'OTHER': 4144, 'MODEL': 81770} send_by_type={2: 6845203984, 7: 81770, 3: 4144, 4: 4144, 6: 4144, 10: 4144} recv_by_type={1: 2577726656, 6: 4144, 8: 81770}
2026-02-17 00:19:14,698 - SplitNNServer - INFO - 26252 - phase=validation acc=0.098 loss=4.8521835351292095 epoch=185 and step=79
2026-02-17 00:19:17,788 - SplitNNServer - INFO - 26252 - phase=train acc=0.0 loss=3.2418055534362793 epoch=186 and step=0
2026-02-17 00:19:18,467 - SplitNNServer - INFO - 26252 - phase=train acc=0.0 loss=2.848436117172241 epoch=186 and step=10
2026-02-17 00:19:19,398 - SplitNNServer - INFO - 26252 - phase=train acc=0.0 loss=1.8698464632034302 epoch=186 and step=20
2026-02-17 00:19:20,040 - SplitNNServer - INFO - 26252 - phase=train acc=0.0 loss=1.0051709413528442 epoch=186 and step=30
2026-02-17 00:19:20,711 - SplitNNServer - INFO - 26252 - phase=train acc=0.24390243902439024 loss=0.5169349908828735 epoch=186 and step=40
2026-02-17 00:19:21,546 - SplitNNServer - INFO - 26252 - phase=train acc=0.39215686274509803 loss=0.29928210377693176 epoch=186 and step=50
2026-02-17 00:19:21,655 - SplitNNClient - INFO - 22280 - worker_num=2 epoch_send=7181761130 epoch_receive=2914040108 total_send=7181761130 total_receive=2914040108 send_by_category={'OTHER': 16688, 'ACTS': 7181662672, 'MODEL': 81770} recv_by_category={'OTHER': 4256, 'MODEL': 83980, 'GRADS': 2913951872} send_by_type={10: 4256, 2: 7181662672, 7: 81770, 3: 4144, 4: 4144, 6: 4144} recv_by_type={6: 4256, 8: 83980, 1: 2913951872}
2026-02-17 00:19:23,219 - SplitNNServer - INFO - 26252 - phase=validation acc=0.1135 loss=4.976872214788123 epoch=186 and step=79
2026-02-17 00:19:26,281 - SplitNNServer - INFO - 26252 - phase=train acc=0.0 loss=3.444836139678955 epoch=187 and step=0
2026-02-17 00:19:27,011 - SplitNNServer - INFO - 26252 - phase=train acc=0.0 loss=2.992499828338623 epoch=187 and step=10
2026-02-17 00:19:27,796 - SplitNNServer - INFO - 26252 - phase=train acc=0.0 loss=1.948373556137085 epoch=187 and step=20
2026-02-17 00:19:28,535 - SplitNNServer - INFO - 26252 - phase=train acc=0.0 loss=1.0343321561813354 epoch=187 and step=30
2026-02-17 00:19:29,317 - SplitNNServer - INFO - 26252 - phase=train acc=0.24390243902439024 loss=0.5235462188720703 epoch=187 and step=40
2026-02-17 00:19:29,767 - SplitNNClient - INFO - 23096 - worker_num=3 epoch_send=6845302442 epoch_receive=2577814892 total_send=6845302442 total_receive=2577814892 send_by_category={'OTHER': 16688, 'ACTS': 6845203984, 'MODEL': 81770} recv_by_category={'OTHER': 4256, 'MODEL': 83980, 'GRADS': 2577726656} send_by_type={10: 4256, 2: 6845203984, 7: 81770, 3: 4144, 4: 4144, 6: 4144} recv_by_type={6: 4256, 8: 83980, 1: 2577726656}
2026-02-17 00:19:31,389 - SplitNNServer - INFO - 26252 - phase=validation acc=0.1032 loss=4.836694276785549 epoch=187 and step=79
2026-02-17 00:19:34,462 - SplitNNServer - INFO - 26252 - phase=train acc=0.0 loss=3.2715041637420654 epoch=188 and step=0
2026-02-17 00:19:35,274 - SplitNNServer - INFO - 26252 - phase=train acc=0.0 loss=2.8755276203155518 epoch=188 and step=10
2026-02-17 00:19:35,911 - SplitNNServer - INFO - 26252 - phase=train acc=0.0 loss=1.8910276889801025 epoch=188 and step=20
2026-02-17 00:19:36,544 - SplitNNServer - INFO - 26252 - phase=train acc=0.0 loss=1.0173883438110352 epoch=188 and step=30
2026-02-17 00:19:37,184 - SplitNNServer - INFO - 26252 - phase=train acc=0.24390243902439024 loss=0.5221032500267029 epoch=188 and step=40
2026-02-17 00:19:37,697 - SplitNNClient - INFO - 33532 - worker_num=4 epoch_send=6901378890 epoch_receive=2633852428 total_send=6901378890 total_receive=2633852428 send_by_category={'OTHER': 16688, 'ACTS': 6901280432, 'MODEL': 81770} recv_by_category={'OTHER': 4256, 'MODEL': 83980, 'GRADS': 2633764192} send_by_type={10: 4256, 2: 6901280432, 7: 81770, 3: 4144, 4: 4144, 6: 4144} recv_by_type={6: 4256, 8: 83980, 1: 2633764192}
2026-02-17 00:19:39,306 - SplitNNServer - INFO - 26252 - phase=validation acc=0.101 loss=4.86935994594912 epoch=188 and step=79
2026-02-17 00:19:42,410 - SplitNNServer - INFO - 26252 - phase=train acc=0.0 loss=3.296898126602173 epoch=189 and step=0
2026-02-17 00:19:43,306 - SplitNNServer - INFO - 26252 - phase=train acc=0.0 loss=2.8926429748535156 epoch=189 and step=10
2026-02-17 00:19:44,037 - SplitNNServer - INFO - 26252 - phase=train acc=0.0 loss=1.8994159698486328 epoch=189 and step=20
2026-02-17 00:19:44,840 - SplitNNServer - INFO - 26252 - phase=train acc=0.0 loss=1.0203591585159302 epoch=189 and step=30
2026-02-17 00:19:45,590 - SplitNNServer - INFO - 26252 - phase=train acc=0.24390243902439024 loss=0.5229063034057617 epoch=189 and step=40
2026-02-17 00:19:45,966 - SplitNNClient - INFO - 34892 - worker_num=5 epoch_send=6789225994 epoch_receive=2521777356 total_send=6789225994 total_receive=2521777356 send_by_category={'OTHER': 16688, 'ACTS': 6789127536, 'MODEL': 81770} recv_by_category={'OTHER': 4256, 'MODEL': 83980, 'GRADS': 2521689120} send_by_type={10: 4256, 2: 6789127536, 7: 81770, 3: 4144, 4: 4144, 6: 4144} recv_by_type={6: 4256, 8: 83980, 1: 2521689120}
2026-02-17 00:19:47,629 - SplitNNServer - INFO - 26252 - phase=validation acc=0.0982 loss=4.827309831788268 epoch=189 and step=79
2026-02-17 00:19:50,689 - SplitNNServer - INFO - 26252 - phase=train acc=0.0 loss=3.2280991077423096 epoch=190 and step=0
2026-02-17 00:19:51,372 - SplitNNServer - INFO - 26252 - phase=train acc=0.0 loss=2.8426434993743896 epoch=190 and step=10
2026-02-17 00:19:52,120 - SplitNNServer - INFO - 26252 - phase=train acc=0.0 loss=1.8724993467330933 epoch=190 and step=20
2026-02-17 00:19:52,798 - SplitNNServer - INFO - 26252 - phase=train acc=0.0 loss=1.0104998350143433 epoch=190 and step=30
2026-02-17 00:19:53,696 - SplitNNServer - INFO - 26252 - phase=train acc=0.24390243902439024 loss=0.5207033157348633 epoch=190 and step=40
2026-02-17 00:19:54,126 - SplitNNClient - INFO - 34924 - worker_num=1 epoch_send=7028475852 epoch_receive=2645649804 total_send=7028475852 total_receive=2645649804 send_by_category={'ACTS': 7028374848, 'MODEL': 83980, 'OTHER': 17024} recv_by_category={'GRADS': 2645561568, 'OTHER': 4256, 'MODEL': 83980} send_by_type={2: 7028374848, 7: 83980, 3: 4256, 4: 4256, 6: 4256, 10: 4256} recv_by_type={1: 2645561568, 6: 4256, 8: 83980}
2026-02-17 00:19:55,703 - SplitNNServer - INFO - 26252 - phase=validation acc=0.098 loss=4.865629232382473 epoch=190 and step=79
2026-02-17 00:19:58,733 - SplitNNServer - INFO - 26252 - phase=train acc=0.0 loss=3.2416722774505615 epoch=191 and step=0
2026-02-17 00:19:59,683 - SplitNNServer - INFO - 26252 - phase=train acc=0.0 loss=2.848268985748291 epoch=191 and step=10
2026-02-17 00:20:00,581 - SplitNNServer - INFO - 26252 - phase=train acc=0.0 loss=1.8696482181549072 epoch=191 and step=20
2026-02-17 00:20:01,348 - SplitNNServer - INFO - 26252 - phase=train acc=0.0 loss=1.0049973726272583 epoch=191 and step=30
2026-02-17 00:20:02,206 - SplitNNServer - INFO - 26252 - phase=train acc=0.24390243902439024 loss=0.5168233513832092 epoch=191 and step=40
2026-02-17 00:20:02,955 - SplitNNServer - INFO - 26252 - phase=train acc=0.39215686274509803 loss=0.299216091632843 epoch=191 and step=50
2026-02-17 00:20:03,090 - SplitNNClient - INFO - 22280 - worker_num=2 epoch_send=7373788828 epoch_receive=2990725374 total_send=7373788828 total_receive=2990725374 send_by_category={'OTHER': 17136, 'ACTS': 7373687712, 'MODEL': 83980} recv_by_category={'OTHER': 4368, 'MODEL': 86190, 'GRADS': 2990634816} send_by_type={10: 4368, 2: 7373687712, 7: 83980, 3: 4256, 4: 4256, 6: 4256} recv_by_type={6: 4368, 8: 86190, 1: 2990634816}
2026-02-17 00:20:04,671 - SplitNNServer - INFO - 26252 - phase=validation acc=0.1135 loss=4.990231296684168 epoch=191 and step=79
2026-02-17 00:20:07,786 - SplitNNServer - INFO - 26252 - phase=train acc=0.0 loss=3.4446911811828613 epoch=192 and step=0
2026-02-17 00:20:08,559 - SplitNNServer - INFO - 26252 - phase=train acc=0.0 loss=2.9923183917999268 epoch=192 and step=10
2026-02-17 00:20:09,363 - SplitNNServer - INFO - 26252 - phase=train acc=0.0 loss=1.9481643438339233 epoch=192 and step=20
2026-02-17 00:20:10,315 - SplitNNServer - INFO - 26252 - phase=train acc=0.0 loss=1.0341510772705078 epoch=192 and step=30
2026-02-17 00:20:11,169 - SplitNNServer - INFO - 26252 - phase=train acc=0.24390243902439024 loss=0.5234318375587463 epoch=192 and step=40
2026-02-17 00:20:11,619 - SplitNNClient - INFO - 23096 - worker_num=3 epoch_send=7028475964 epoch_receive=2645652126 total_send=7028475964 total_receive=2645652126 send_by_category={'OTHER': 17136, 'ACTS': 7028374848, 'MODEL': 83980} recv_by_category={'OTHER': 4368, 'MODEL': 86190, 'GRADS': 2645561568} send_by_type={10: 4368, 2: 7028374848, 7: 83980, 3: 4256, 4: 4256, 6: 4256} recv_by_type={6: 4368, 8: 86190, 1: 2645561568}
2026-02-17 00:20:13,232 - SplitNNServer - INFO - 26252 - phase=validation acc=0.1032 loss=4.8499936876417715 epoch=192 and step=79
2026-02-17 00:20:16,345 - SplitNNServer - INFO - 26252 - phase=train acc=0.0 loss=3.2713704109191895 epoch=193 and step=0
2026-02-17 00:20:17,097 - SplitNNServer - INFO - 26252 - phase=train acc=0.0 loss=2.8753609657287598 epoch=193 and step=10
2026-02-17 00:20:17,778 - SplitNNServer - INFO - 26252 - phase=train acc=0.0 loss=1.8908307552337646 epoch=193 and step=20
2026-02-17 00:20:18,644 - SplitNNServer - INFO - 26252 - phase=train acc=0.0 loss=1.0172139406204224 epoch=193 and step=30
2026-02-17 00:20:19,443 - SplitNNServer - INFO - 26252 - phase=train acc=0.24390243902439024 loss=0.5219911336898804 epoch=193 and step=40
2026-02-17 00:20:20,052 - SplitNNClient - INFO - 33532 - worker_num=4 epoch_send=7086028108 epoch_receive=2703164334 total_send=7086028108 total_receive=2703164334 send_by_category={'OTHER': 17136, 'ACTS': 7085926992, 'MODEL': 83980} recv_by_category={'OTHER': 4368, 'MODEL': 86190, 'GRADS': 2703073776} send_by_type={10: 4368, 2: 7085926992, 7: 83980, 3: 4256, 4: 4256, 6: 4256} recv_by_type={6: 4368, 8: 86190, 1: 2703073776}
2026-02-17 00:20:21,684 - SplitNNServer - INFO - 26252 - phase=validation acc=0.101 loss=4.882586714587634 epoch=193 and step=79
2026-02-17 00:20:24,751 - SplitNNServer - INFO - 26252 - phase=train acc=0.0 loss=3.296767473220825 epoch=194 and step=0
2026-02-17 00:20:25,561 - SplitNNServer - INFO - 26252 - phase=train acc=0.0 loss=2.8924765586853027 epoch=194 and step=10
2026-02-17 00:20:26,270 - SplitNNServer - INFO - 26252 - phase=train acc=0.0 loss=1.8992210626602173 epoch=194 and step=20
2026-02-17 00:20:27,189 - SplitNNServer - INFO - 26252 - phase=train acc=0.0 loss=1.020187497138977 epoch=194 and step=30
2026-02-17 00:20:27,866 - SplitNNServer - INFO - 26252 - phase=train acc=0.24390243902439024 loss=0.5227956771850586 epoch=194 and step=40
2026-02-17 00:20:28,274 - SplitNNClient - INFO - 34892 - worker_num=5 epoch_send=6970923820 epoch_receive=2588139918 total_send=6970923820 total_receive=2588139918 send_by_category={'OTHER': 17136, 'ACTS': 6970822704, 'MODEL': 83980} recv_by_category={'OTHER': 4368, 'MODEL': 86190, 'GRADS': 2588049360} send_by_type={10: 4368, 2: 6970822704, 7: 83980, 3: 4256, 4: 4256, 6: 4256} recv_by_type={6: 4368, 8: 86190, 1: 2588049360}
2026-02-17 00:20:29,860 - SplitNNServer - INFO - 26252 - phase=validation acc=0.0982 loss=4.840467495254323 epoch=194 and step=79
2026-02-17 00:20:32,919 - SplitNNServer - INFO - 26252 - phase=train acc=0.0 loss=3.2279698848724365 epoch=195 and step=0
2026-02-17 00:20:33,688 - SplitNNServer - INFO - 26252 - phase=train acc=0.0 loss=2.8424830436706543 epoch=195 and step=10
2026-02-17 00:20:34,522 - SplitNNServer - INFO - 26252 - phase=train acc=0.0 loss=1.8723089694976807 epoch=195 and step=20
2026-02-17 00:20:35,291 - SplitNNServer - INFO - 26252 - phase=train acc=0.0 loss=1.0103322267532349 epoch=195 and step=30
2026-02-17 00:20:35,926 - SplitNNServer - INFO - 26252 - phase=train acc=0.24390243902439024 loss=0.520595133304596 epoch=195 and step=40
2026-02-17 00:20:36,271 - SplitNNClient - INFO - 34924 - worker_num=1 epoch_send=7211649374 epoch_receive=2713487038 total_send=7211649374 total_receive=2713487038 send_by_category={'ACTS': 7211545712, 'MODEL': 86190, 'OTHER': 17472} recv_by_category={'GRADS': 2713396480, 'OTHER': 4368, 'MODEL': 86190} send_by_type={2: 7211545712, 7: 86190, 3: 4368, 4: 4368, 6: 4368, 10: 4368} recv_by_type={1: 2713396480, 6: 4368, 8: 86190}
2026-02-17 00:20:37,911 - SplitNNServer - INFO - 26252 - phase=validation acc=0.098 loss=4.878714652001103 epoch=195 and step=79
2026-02-17 00:20:40,995 - SplitNNServer - INFO - 26252 - phase=train acc=0.0 loss=3.241546869277954 epoch=196 and step=0
2026-02-17 00:20:41,712 - SplitNNServer - INFO - 26252 - phase=train acc=0.0 loss=2.8481123447418213 epoch=196 and step=10
2026-02-17 00:20:42,438 - SplitNNServer - INFO - 26252 - phase=train acc=0.0 loss=1.8694626092910767 epoch=196 and step=20
2026-02-17 00:20:43,270 - SplitNNServer - INFO - 26252 - phase=train acc=0.0 loss=1.0048331022262573 epoch=196 and step=30
2026-02-17 00:20:43,920 - SplitNNServer - INFO - 26252 - phase=train acc=0.24390243902439024 loss=0.5167169570922852 epoch=196 and step=40
2026-02-17 00:20:44,812 - SplitNNServer - INFO - 26252 - phase=train acc=0.39215686274509803 loss=0.29915329813957214 epoch=196 and step=50
2026-02-17 00:20:44,947 - SplitNNClient - INFO - 22280 - worker_num=2 epoch_send=7565816526 epoch_receive=3067410640 total_send=7565816526 total_receive=3067410640 send_by_category={'OTHER': 17584, 'ACTS': 7565712752, 'MODEL': 86190} recv_by_category={'OTHER': 4480, 'MODEL': 88400, 'GRADS': 3067317760} send_by_type={10: 4480, 2: 7565712752, 7: 86190, 3: 4368, 4: 4368, 6: 4368} recv_by_type={6: 4480, 8: 88400, 1: 3067317760}
2026-02-17 00:20:46,581 - SplitNNServer - INFO - 26252 - phase=validation acc=0.1135 loss=5.003234893460817 epoch=196 and step=79
2026-02-17 00:20:49,675 - SplitNNServer - INFO - 26252 - phase=train acc=0.0 loss=3.444556951522827 epoch=197 and step=0
2026-02-17 00:20:50,434 - SplitNNServer - INFO - 26252 - phase=train acc=0.0 loss=2.9921491146087646 epoch=197 and step=10
2026-02-17 00:20:51,289 - SplitNNServer - INFO - 26252 - phase=train acc=0.0 loss=1.9479695558547974 epoch=197 and step=20
2026-02-17 00:20:52,207 - SplitNNServer - INFO - 26252 - phase=train acc=0.0 loss=1.033981442451477 epoch=197 and step=30
2026-02-17 00:20:53,122 - SplitNNServer - INFO - 26252 - phase=train acc=0.24390243902439024 loss=0.5233240723609924 epoch=197 and step=40
2026-02-17 00:20:53,569 - SplitNNClient - INFO - 23096 - worker_num=3 epoch_send=7211649486 epoch_receive=2713489360 total_send=7211649486 total_receive=2713489360 send_by_category={'OTHER': 17584, 'ACTS': 7211545712, 'MODEL': 86190} recv_by_category={'OTHER': 4480, 'MODEL': 88400, 'GRADS': 2713396480} send_by_type={10: 4480, 2: 7211545712, 7: 86190, 3: 4368, 4: 4368, 6: 4368} recv_by_type={6: 4480, 8: 88400, 1: 2713396480}
2026-02-17 00:20:55,205 - SplitNNServer - INFO - 26252 - phase=validation acc=0.1032 loss=4.862939315506175 epoch=197 and step=79
2026-02-17 00:20:58,300 - SplitNNServer - INFO - 26252 - phase=train acc=0.0 loss=3.2712461948394775 epoch=198 and step=0
2026-02-17 00:20:59,196 - SplitNNServer - INFO - 26252 - phase=train acc=0.0 loss=2.8752048015594482 epoch=198 and step=10
2026-02-17 00:20:59,914 - SplitNNServer - INFO - 26252 - phase=train acc=0.0 loss=1.8906458616256714 epoch=198 and step=20
2026-02-17 00:21:00,836 - SplitNNServer - INFO - 26252 - phase=train acc=0.0 loss=1.0170515775680542 epoch=198 and step=30
2026-02-17 00:21:01,789 - SplitNNServer - INFO - 26252 - phase=train acc=0.24390243902439024 loss=0.5218859314918518 epoch=198 and step=40
2026-02-17 00:21:02,401 - SplitNNClient - INFO - 33532 - worker_num=4 epoch_send=7270677326 epoch_receive=2772476240 total_send=7270677326 total_receive=2772476240 send_by_category={'OTHER': 17584, 'ACTS': 7270573552, 'MODEL': 86190} recv_by_category={'OTHER': 4480, 'MODEL': 88400, 'GRADS': 2772383360} send_by_type={10: 4480, 2: 7270573552, 7: 86190, 3: 4368, 4: 4368, 6: 4368} recv_by_type={6: 4480, 8: 88400, 1: 2772383360}
2026-02-17 00:21:04,029 - SplitNNServer - INFO - 26252 - phase=validation acc=0.101 loss=4.89546306223809 epoch=198 and step=79
2026-02-17 00:21:07,100 - SplitNNServer - INFO - 26252 - phase=train acc=0.0 loss=3.2966389656066895 epoch=199 and step=0
2026-02-17 00:21:07,742 - SplitNNServer - INFO - 26252 - phase=train acc=0.0 loss=2.8923187255859375 epoch=199 and step=10
2026-02-17 00:21:08,479 - SplitNNServer - INFO - 26252 - phase=train acc=0.0 loss=1.8990346193313599 epoch=199 and step=20
2026-02-17 00:21:09,192 - SplitNNServer - INFO - 26252 - phase=train acc=0.0 loss=1.020024299621582 epoch=199 and step=30
2026-02-17 00:21:10,022 - SplitNNServer - INFO - 26252 - phase=train acc=0.24390243902439024 loss=0.5226907134056091 epoch=199 and step=40
2026-02-17 00:21:10,295 - SplitNNClient - INFO - 34892 - worker_num=5 epoch_send=7152621646 epoch_receive=2654502480 total_send=7152621646 total_receive=2654502480 send_by_category={'OTHER': 17584, 'ACTS': 7152517872, 'MODEL': 86190} recv_by_category={'OTHER': 4480, 'MODEL': 88400, 'GRADS': 2654409600} send_by_type={10: 4480, 2: 7152517872, 7: 86190, 3: 4368, 4: 4368, 6: 4368} recv_by_type={6: 4480, 8: 88400, 1: 2654409600}
2026-02-17 00:21:11,917 - SplitNNServer - INFO - 26252 - phase=validation acc=0.0982 loss=4.853279421601115 epoch=199 and step=79
2026-02-17 00:21:14,987 - SplitNNServer - INFO - 26252 - phase=train acc=0.0 loss=3.2278473377227783 epoch=200 and step=0
2026-02-17 00:21:15,623 - SplitNNServer - INFO - 26252 - phase=train acc=0.0 loss=2.8423304557800293 epoch=200 and step=10
2026-02-17 00:21:16,323 - SplitNNServer - INFO - 26252 - phase=train acc=0.0 loss=1.872127652168274 epoch=200 and step=20
2026-02-17 00:21:17,074 - SplitNNServer - INFO - 26252 - phase=train acc=0.0 loss=1.0101721286773682 epoch=200 and step=30
2026-02-17 00:21:17,992 - SplitNNServer - INFO - 26252 - phase=train acc=0.24390243902439024 loss=0.5204920172691345 epoch=200 and step=40
2026-02-17 00:21:18,422 - SplitNNClient - INFO - 34924 - worker_num=1 epoch_send=7394822896 epoch_receive=2781324272 total_send=7394822896 total_receive=2781324272 send_by_category={'ACTS': 7394716576, 'MODEL': 88400, 'OTHER': 17920} recv_by_category={'GRADS': 2781231392, 'OTHER': 4480, 'MODEL': 88400} send_by_type={2: 7394716576, 7: 88400, 3: 4480, 4: 4480, 6: 4480, 10: 4480} recv_by_type={1: 2781231392, 6: 4480, 8: 88400}
2026-02-17 00:21:20,036 - SplitNNServer - INFO - 26252 - phase=validation acc=0.098 loss=4.891459483134596 epoch=200 and step=79
2026-02-17 00:21:23,114 - SplitNNServer - INFO - 26252 - phase=train acc=0.0 loss=3.2414305210113525 epoch=201 and step=0
2026-02-17 00:21:23,750 - SplitNNServer - INFO - 26252 - phase=train acc=0.0 loss=2.8479650020599365 epoch=201 and step=10
2026-02-17 00:21:24,422 - SplitNNServer - INFO - 26252 - phase=train acc=0.0 loss=1.8692859411239624 epoch=201 and step=20
2026-02-17 00:21:25,223 - SplitNNServer - INFO - 26252 - phase=train acc=0.0 loss=1.0046786069869995 epoch=201 and step=30
2026-02-17 00:21:26,013 - SplitNNServer - INFO - 26252 - phase=train acc=0.24390243902439024 loss=0.5166168212890625 epoch=201 and step=40
2026-02-17 00:21:26,691 - SplitNNServer - INFO - 26252 - phase=train acc=0.39215686274509803 loss=0.29909372329711914 epoch=201 and step=50
2026-02-17 00:21:26,772 - SplitNNClient - INFO - 22280 - worker_num=2 epoch_send=7757844224 epoch_receive=3144095906 total_send=7757844224 total_receive=3144095906 send_by_category={'OTHER': 18032, 'ACTS': 7757737792, 'MODEL': 88400} recv_by_category={'OTHER': 4592, 'MODEL': 90610, 'GRADS': 3144000704} send_by_type={10: 4592, 2: 7757737792, 7: 88400, 3: 4480, 4: 4480, 6: 4480} recv_by_type={6: 4592, 8: 90610, 1: 3144000704}
2026-02-17 00:21:28,350 - SplitNNServer - INFO - 26252 - phase=validation acc=0.1135 loss=5.015900720523883 epoch=201 and step=79
2026-02-17 00:21:31,427 - SplitNNServer - INFO - 26252 - phase=train acc=0.0 loss=3.444427490234375 epoch=202 and step=0
2026-02-17 00:21:32,187 - SplitNNServer - INFO - 26252 - phase=train acc=0.0 loss=2.9919886589050293 epoch=202 and step=10
2026-02-17 00:21:33,042 - SplitNNServer - INFO - 26252 - phase=train acc=0.0 loss=1.947784423828125 epoch=202 and step=20
2026-02-17 00:21:33,994 - SplitNNServer - INFO - 26252 - phase=train acc=0.0 loss=1.0338211059570312 epoch=202 and step=30
2026-02-17 00:21:34,953 - SplitNNServer - INFO - 26252 - phase=train acc=0.24390243902439024 loss=0.523222029209137 epoch=202 and step=40
2026-02-17 00:21:35,308 - SplitNNClient - INFO - 23096 - worker_num=3 epoch_send=7394823008 epoch_receive=2781326594 total_send=7394823008 total_receive=2781326594 send_by_category={'OTHER': 18032, 'ACTS': 7394716576, 'MODEL': 88400} recv_by_category={'OTHER': 4592, 'MODEL': 90610, 'GRADS': 2781231392} send_by_type={10: 4592, 2: 7394716576, 7: 88400, 3: 4480, 4: 4480, 6: 4480} recv_by_type={6: 4592, 8: 90610, 1: 2781231392}
2026-02-17 00:21:36,923 - SplitNNServer - INFO - 26252 - phase=validation acc=0.1032 loss=4.875550638271283 epoch=202 and step=79
2026-02-17 00:21:40,001 - SplitNNServer - INFO - 26252 - phase=train acc=0.0 loss=3.2711257934570312 epoch=203 and step=0
2026-02-17 00:21:40,696 - SplitNNServer - INFO - 26252 - phase=train acc=0.0 loss=2.8750548362731934 epoch=203 and step=10
2026-02-17 00:21:41,468 - SplitNNServer - INFO - 26252 - phase=train acc=0.0 loss=1.890468716621399 epoch=203 and step=20
2026-02-17 00:21:42,299 - SplitNNServer - INFO - 26252 - phase=train acc=0.0 loss=1.0168954133987427 epoch=203 and step=30
2026-02-17 00:21:43,221 - SplitNNServer - INFO - 26252 - phase=train acc=0.24390243902439024 loss=0.5217861533164978 epoch=203 and step=40
2026-02-17 00:21:43,769 - SplitNNClient - INFO - 33532 - worker_num=4 epoch_send=7455326544 epoch_receive=2841788146 total_send=7455326544 total_receive=2841788146 send_by_category={'OTHER': 18032, 'ACTS': 7455220112, 'MODEL': 88400} recv_by_category={'OTHER': 4592, 'MODEL': 90610, 'GRADS': 2841692944} send_by_type={10: 4592, 2: 7455220112, 7: 88400, 3: 4480, 4: 4480, 6: 4480} recv_by_type={6: 4592, 8: 90610, 1: 2841692944}
2026-02-17 00:21:45,378 - SplitNNServer - INFO - 26252 - phase=validation acc=0.101 loss=4.9080085211162325 epoch=203 and step=79
2026-02-17 00:21:48,407 - SplitNNServer - INFO - 26252 - phase=train acc=0.0 loss=3.2965197563171387 epoch=204 and step=0
2026-02-17 00:21:49,134 - SplitNNServer - INFO - 26252 - phase=train acc=0.0 loss=2.892167806625366 epoch=204 and step=10
2026-02-17 00:21:49,879 - SplitNNServer - INFO - 26252 - phase=train acc=0.0 loss=1.8988573551177979 epoch=204 and step=20
2026-02-17 00:21:50,745 - SplitNNServer - INFO - 26252 - phase=train acc=0.0 loss=1.0198689699172974 epoch=204 and step=30
2026-02-17 00:21:51,607 - SplitNNServer - INFO - 26252 - phase=train acc=0.24390243902439024 loss=0.5225911736488342 epoch=204 and step=40
2026-02-17 00:21:51,997 - SplitNNClient - INFO - 34892 - worker_num=5 epoch_send=7334319472 epoch_receive=2720865042 total_send=7334319472 total_receive=2720865042 send_by_category={'OTHER': 18032, 'ACTS': 7334213040, 'MODEL': 88400} recv_by_category={'OTHER': 4592, 'MODEL': 90610, 'GRADS': 2720769840} send_by_type={10: 4592, 2: 7334213040, 7: 88400, 3: 4480, 4: 4480, 6: 4480} recv_by_type={6: 4592, 8: 90610, 1: 2720769840}
2026-02-17 00:21:53,643 - SplitNNServer - INFO - 26252 - phase=validation acc=0.0982 loss=4.865762239770044 epoch=204 and step=79
2026-02-17 00:21:56,711 - SplitNNServer - INFO - 26252 - phase=train acc=0.0 loss=3.227729558944702 epoch=205 and step=0
2026-02-17 00:21:57,403 - SplitNNServer - INFO - 26252 - phase=train acc=0.0 loss=2.8421857357025146 epoch=205 and step=10
2026-02-17 00:21:58,266 - SplitNNServer - INFO - 26252 - phase=train acc=0.0 loss=1.8719561100006104 epoch=205 and step=20
2026-02-17 00:21:59,214 - SplitNNServer - INFO - 26252 - phase=train acc=0.0 loss=1.0100212097167969 epoch=205 and step=30
2026-02-17 00:21:59,900 - SplitNNServer - INFO - 26252 - phase=train acc=0.24390243902439024 loss=0.5203942656517029 epoch=205 and step=40
2026-02-17 00:22:00,289 - SplitNNClient - INFO - 34924 - worker_num=1 epoch_send=7577996418 epoch_receive=2849161506 total_send=7577996418 total_receive=2849161506 send_by_category={'ACTS': 7577887440, 'MODEL': 90610, 'OTHER': 18368} recv_by_category={'GRADS': 2849066304, 'OTHER': 4592, 'MODEL': 90610} send_by_type={2: 7577887440, 7: 90610, 3: 4592, 4: 4592, 6: 4592, 10: 4592} recv_by_type={1: 2849066304, 6: 4592, 8: 90610}
2026-02-17 00:22:01,893 - SplitNNServer - INFO - 26252 - phase=validation acc=0.098 loss=4.903877910179428 epoch=205 and step=79
2026-02-17 00:22:04,978 - SplitNNServer - INFO - 26252 - phase=train acc=0.0 loss=3.2413177490234375 epoch=206 and step=0
2026-02-17 00:22:05,876 - SplitNNServer - INFO - 26252 - phase=train acc=0.0 loss=2.8478236198425293 epoch=206 and step=10
2026-02-17 00:22:06,678 - SplitNNServer - INFO - 26252 - phase=train acc=0.0 loss=1.86911940574646 epoch=206 and step=20
2026-02-17 00:22:07,503 - SplitNNServer - INFO - 26252 - phase=train acc=0.0 loss=1.0045300722122192 epoch=206 and step=30
2026-02-17 00:22:08,253 - SplitNNServer - INFO - 26252 - phase=train acc=0.24390243902439024 loss=0.5165218710899353 epoch=206 and step=40
2026-02-17 00:22:08,942 - SplitNNServer - INFO - 26252 - phase=train acc=0.39215686274509803 loss=0.2990371882915497 epoch=206 and step=50
2026-02-17 00:22:09,040 - SplitNNClient - INFO - 22280 - worker_num=2 epoch_send=7949871922 epoch_receive=3220781172 total_send=7949871922 total_receive=3220781172 send_by_category={'OTHER': 18480, 'ACTS': 7949762832, 'MODEL': 90610} recv_by_category={'OTHER': 4704, 'MODEL': 92820, 'GRADS': 3220683648} send_by_type={10: 4704, 2: 7949762832, 7: 90610, 3: 4592, 4: 4592, 6: 4592} recv_by_type={6: 4704, 8: 92820, 1: 3220683648}
2026-02-17 00:22:10,652 - SplitNNServer - INFO - 26252 - phase=validation acc=0.1135 loss=5.028244706648815 epoch=206 and step=79
2026-02-17 00:22:13,713 - SplitNNServer - INFO - 26252 - phase=train acc=0.0 loss=3.444305181503296 epoch=207 and step=0
2026-02-17 00:22:14,536 - SplitNNServer - INFO - 26252 - phase=train acc=0.0 loss=2.9918360710144043 epoch=207 and step=10
2026-02-17 00:22:15,303 - SplitNNServer - INFO - 26252 - phase=train acc=0.0 loss=1.9476087093353271 epoch=207 and step=20
2026-02-17 00:22:16,106 - SplitNNServer - INFO - 26252 - phase=train acc=0.0 loss=1.0336685180664062 epoch=207 and step=30
2026-02-17 00:22:16,997 - SplitNNServer - INFO - 26252 - phase=train acc=0.24390243902439024 loss=0.523124635219574 epoch=207 and step=40
2026-02-17 00:22:17,477 - SplitNNClient - INFO - 23096 - worker_num=3 epoch_send=7577996530 epoch_receive=2849163828 total_send=7577996530 total_receive=2849163828 send_by_category={'OTHER': 18480, 'ACTS': 7577887440, 'MODEL': 90610} recv_by_category={'OTHER': 4704, 'MODEL': 92820, 'GRADS': 2849066304} send_by_type={10: 4704, 2: 7577887440, 7: 90610, 3: 4592, 4: 4592, 6: 4592} recv_by_type={6: 4704, 8: 92820, 1: 2849066304}
2026-02-17 00:22:19,098 - SplitNNServer - INFO - 26252 - phase=validation acc=0.1032 loss=4.887842178344727 epoch=207 and step=79
2026-02-17 00:22:22,189 - SplitNNServer - INFO - 26252 - phase=train acc=0.0 loss=3.2710120677948 epoch=208 and step=0
2026-02-17 00:22:22,911 - SplitNNServer - INFO - 26252 - phase=train acc=0.0 loss=2.8749122619628906 epoch=208 and step=10
2026-02-17 00:22:23,567 - SplitNNServer - INFO - 26252 - phase=train acc=0.0 loss=1.8903008699417114 epoch=208 and step=20
2026-02-17 00:22:24,340 - SplitNNServer - INFO - 26252 - phase=train acc=0.0 loss=1.016748309135437 epoch=208 and step=30
2026-02-17 00:22:25,050 - SplitNNServer - INFO - 26252 - phase=train acc=0.24390243902439024 loss=0.5216903686523438 epoch=208 and step=40
2026-02-17 00:22:25,464 - SplitNNClient - INFO - 33532 - worker_num=4 epoch_send=7639975762 epoch_receive=2911100052 total_send=7639975762 total_receive=2911100052 send_by_category={'OTHER': 18480, 'ACTS': 7639866672, 'MODEL': 90610} recv_by_category={'OTHER': 4704, 'MODEL': 92820, 'GRADS': 2911002528} send_by_type={10: 4704, 2: 7639866672, 7: 90610, 3: 4592, 4: 4592, 6: 4592} recv_by_type={6: 4704, 8: 92820, 1: 2911002528}
2026-02-17 00:22:27,098 - SplitNNServer - INFO - 26252 - phase=validation acc=0.101 loss=4.920237673988825 epoch=208 and step=79
2026-02-17 00:22:30,173 - SplitNNServer - INFO - 26252 - phase=train acc=0.0 loss=3.296405553817749 epoch=209 and step=0
2026-02-17 00:22:31,017 - SplitNNServer - INFO - 26252 - phase=train acc=0.0 loss=2.8920249938964844 epoch=209 and step=10
2026-02-17 00:22:31,779 - SplitNNServer - INFO - 26252 - phase=train acc=0.0 loss=1.8986890316009521 epoch=209 and step=20
2026-02-17 00:22:32,485 - SplitNNServer - INFO - 26252 - phase=train acc=0.0 loss=1.0197218656539917 epoch=209 and step=30
2026-02-17 00:22:33,119 - SplitNNServer - INFO - 26252 - phase=train acc=0.24390243902439024 loss=0.522496223449707 epoch=209 and step=40
2026-02-17 00:22:33,403 - SplitNNClient - INFO - 34892 - worker_num=5 epoch_send=7516017298 epoch_receive=2787227604 total_send=7516017298 total_receive=2787227604 send_by_category={'OTHER': 18480, 'ACTS': 7515908208, 'MODEL': 90610} recv_by_category={'OTHER': 4704, 'MODEL': 92820, 'GRADS': 2787130080} send_by_type={10: 4704, 2: 7515908208, 7: 90610, 3: 4592, 4: 4592, 6: 4592} recv_by_type={6: 4704, 8: 92820, 1: 2787130080}
2026-02-17 00:22:34,980 - SplitNNServer - INFO - 26252 - phase=validation acc=0.0982 loss=4.8779328563545326 epoch=209 and step=79
2026-02-17 00:22:38,091 - SplitNNServer - INFO - 26252 - phase=train acc=0.0 loss=3.2276194095611572 epoch=210 and step=0
2026-02-17 00:22:38,861 - SplitNNServer - INFO - 26252 - phase=train acc=0.0 loss=2.8420486450195312 epoch=210 and step=10
2026-02-17 00:22:39,567 - SplitNNServer - INFO - 26252 - phase=train acc=0.0 loss=1.8717938661575317 epoch=210 and step=20
2026-02-17 00:22:40,516 - SplitNNServer - INFO - 26252 - phase=train acc=0.0 loss=1.0098779201507568 epoch=210 and step=30
2026-02-17 00:22:41,435 - SplitNNServer - INFO - 26252 - phase=train acc=0.24390243902439024 loss=0.5203014016151428 epoch=210 and step=40
2026-02-17 00:22:41,825 - SplitNNClient - INFO - 34924 - worker_num=1 epoch_send=7761169940 epoch_receive=2916998740 total_send=7761169940 total_receive=2916998740 send_by_category={'ACTS': 7761058304, 'MODEL': 92820, 'OTHER': 18816} recv_by_category={'GRADS': 2916901216, 'OTHER': 4704, 'MODEL': 92820} send_by_type={2: 7761058304, 7: 92820, 3: 4704, 4: 4704, 6: 4704, 10: 4704} recv_by_type={1: 2916901216, 6: 4704, 8: 92820}
2026-02-17 00:22:43,417 - SplitNNServer - INFO - 26252 - phase=validation acc=0.098 loss=4.91598653793335 epoch=210 and step=79
2026-02-17 00:22:46,524 - SplitNNServer - INFO - 26252 - phase=train acc=0.0 loss=3.241210699081421 epoch=211 and step=0
2026-02-17 00:22:47,356 - SplitNNServer - INFO - 26252 - phase=train acc=0.0 loss=2.8476881980895996 epoch=211 and step=10
2026-02-17 00:22:48,311 - SplitNNServer - INFO - 26252 - phase=train acc=0.0 loss=1.8689593076705933 epoch=211 and step=20
2026-02-17 00:22:49,040 - SplitNNServer - INFO - 26252 - phase=train acc=0.0 loss=1.0043905973434448 epoch=211 and step=30
2026-02-17 00:22:49,746 - SplitNNServer - INFO - 26252 - phase=train acc=0.24390243902439024 loss=0.5164313316345215 epoch=211 and step=40
2026-02-17 00:22:50,516 - SplitNNServer - INFO - 26252 - phase=train acc=0.39215686274509803 loss=0.2989836037158966 epoch=211 and step=50
2026-02-17 00:22:50,653 - SplitNNClient - INFO - 22280 - worker_num=2 epoch_send=8141899620 epoch_receive=3297466438 total_send=8141899620 total_receive=3297466438 send_by_category={'OTHER': 18928, 'ACTS': 8141787872, 'MODEL': 92820} recv_by_category={'OTHER': 4816, 'MODEL': 95030, 'GRADS': 3297366592} send_by_type={10: 4816, 2: 8141787872, 7: 92820, 3: 4704, 4: 4704, 6: 4704} recv_by_type={6: 4816, 8: 95030, 1: 3297366592}
2026-02-17 00:22:52,256 - SplitNNServer - INFO - 26252 - phase=validation acc=0.1135 loss=5.040282231342943 epoch=211 and step=79
2026-02-17 00:22:55,343 - SplitNNServer - INFO - 26252 - phase=train acc=0.0 loss=3.4441871643066406 epoch=212 and step=0
2026-02-17 00:22:55,977 - SplitNNServer - INFO - 26252 - phase=train acc=0.0 loss=2.9916892051696777 epoch=212 and step=10
2026-02-17 00:22:56,659 - SplitNNServer - INFO - 26252 - phase=train acc=0.0 loss=1.94744074344635 epoch=212 and step=20
2026-02-17 00:22:57,552 - SplitNNServer - INFO - 26252 - phase=train acc=0.0 loss=1.033522605895996 epoch=212 and step=30
2026-02-17 00:22:58,501 - SplitNNServer - INFO - 26252 - phase=train acc=0.24390243902439024 loss=0.5230322480201721 epoch=212 and step=40
2026-02-17 00:22:58,984 - SplitNNClient - INFO - 23096 - worker_num=3 epoch_send=7761170052 epoch_receive=2917001062 total_send=7761170052 total_receive=2917001062 send_by_category={'OTHER': 18928, 'ACTS': 7761058304, 'MODEL': 92820} recv_by_category={'OTHER': 4816, 'MODEL': 95030, 'GRADS': 2916901216} send_by_type={10: 4816, 2: 7761058304, 7: 92820, 3: 4704, 4: 4704, 6: 4704} recv_by_type={6: 4816, 8: 95030, 1: 2916901216}
2026-02-17 00:23:00,645 - SplitNNServer - INFO - 26252 - phase=validation acc=0.1032 loss=4.89983121051064 epoch=212 and step=79
2026-02-17 00:23:03,719 - SplitNNServer - INFO - 26252 - phase=train acc=0.0 loss=3.270904779434204 epoch=213 and step=0
2026-02-17 00:23:04,468 - SplitNNServer - INFO - 26252 - phase=train acc=0.0 loss=2.8747787475585938 epoch=213 and step=10
2026-02-17 00:23:05,214 - SplitNNServer - INFO - 26252 - phase=train acc=0.0 loss=1.890142560005188 epoch=213 and step=20
2026-02-17 00:23:05,934 - SplitNNServer - INFO - 26252 - phase=train acc=0.0 loss=1.0166082382202148 epoch=213 and step=30
2026-02-17 00:23:06,829 - SplitNNServer - INFO - 26252 - phase=train acc=0.24390243902439024 loss=0.5216002464294434 epoch=213 and step=40
2026-02-17 00:23:07,439 - SplitNNClient - INFO - 33532 - worker_num=4 epoch_send=7824624980 epoch_receive=2980411958 total_send=7824624980 total_receive=2980411958 send_by_category={'OTHER': 18928, 'ACTS': 7824513232, 'MODEL': 92820} recv_by_category={'OTHER': 4816, 'MODEL': 95030, 'GRADS': 2980312112} send_by_type={10: 4816, 2: 7824513232, 7: 92820, 3: 4704, 4: 4704, 6: 4704} recv_by_type={6: 4816, 8: 95030, 1: 2980312112}
2026-02-17 00:23:09,077 - SplitNNServer - INFO - 26252 - phase=validation acc=0.101 loss=4.932167373126066 epoch=213 and step=79
2026-02-17 00:23:12,176 - SplitNNServer - INFO - 26252 - phase=train acc=0.0 loss=3.2962982654571533 epoch=214 and step=0
2026-02-17 00:23:12,811 - SplitNNServer - INFO - 26252 - phase=train acc=0.0 loss=2.891889810562134 epoch=214 and step=10
2026-02-17 00:23:13,557 - SplitNNServer - INFO - 26252 - phase=train acc=0.0 loss=1.898529291152954 epoch=214 and step=20
2026-02-17 00:23:14,388 - SplitNNServer - INFO - 26252 - phase=train acc=0.0 loss=1.01958167552948 epoch=214 and step=30
2026-02-17 00:23:15,225 - SplitNNServer - INFO - 26252 - phase=train acc=0.24390243902439024 loss=0.5224061608314514 epoch=214 and step=40
2026-02-17 00:23:15,610 - SplitNNClient - INFO - 34892 - worker_num=5 epoch_send=7697715124 epoch_receive=2853590166 total_send=7697715124 total_receive=2853590166 send_by_category={'OTHER': 18928, 'ACTS': 7697603376, 'MODEL': 92820} recv_by_category={'OTHER': 4816, 'MODEL': 95030, 'GRADS': 2853490320} send_by_type={10: 4816, 2: 7697603376, 7: 92820, 3: 4704, 4: 4704, 6: 4704} recv_by_type={6: 4816, 8: 95030, 1: 2853490320}
2026-02-17 00:23:17,251 - SplitNNServer - INFO - 26252 - phase=validation acc=0.0982 loss=4.889807411386997 epoch=214 and step=79
2026-02-17 00:23:20,356 - SplitNNServer - INFO - 26252 - phase=train acc=0.0 loss=3.2275145053863525 epoch=215 and step=0
2026-02-17 00:23:21,043 - SplitNNServer - INFO - 26252 - phase=train acc=0.0 loss=2.8419172763824463 epoch=215 and step=10
2026-02-17 00:23:21,877 - SplitNNServer - INFO - 26252 - phase=train acc=0.0 loss=1.8716390132904053 epoch=215 and step=20
2026-02-17 00:23:22,525 - SplitNNServer - INFO - 26252 - phase=train acc=0.0 loss=1.0097408294677734 epoch=215 and step=30
2026-02-17 00:23:23,420 - SplitNNServer - INFO - 26252 - phase=train acc=0.24390243902439024 loss=0.5202131867408752 epoch=215 and step=40
2026-02-17 00:23:23,807 - SplitNNClient - INFO - 34924 - worker_num=1 epoch_send=7944343462 epoch_receive=2984835974 total_send=7944343462 total_receive=2984835974 send_by_category={'ACTS': 7944229168, 'MODEL': 95030, 'OTHER': 19264} recv_by_category={'GRADS': 2984736128, 'OTHER': 4816, 'MODEL': 95030} send_by_type={2: 7944229168, 7: 95030, 3: 4816, 4: 4816, 6: 4816, 10: 4816} recv_by_type={1: 2984736128, 6: 4816, 8: 95030}
2026-02-17 00:23:25,400 - SplitNNServer - INFO - 26252 - phase=validation acc=0.098 loss=4.9278018685835825 epoch=215 and step=79
2026-02-17 00:23:28,485 - SplitNNServer - INFO - 26252 - phase=train acc=0.0 loss=3.2411081790924072 epoch=216 and step=0
2026-02-17 00:23:29,123 - SplitNNServer - INFO - 26252 - phase=train acc=0.0 loss=2.8475611209869385 epoch=216 and step=10
2026-02-17 00:23:29,845 - SplitNNServer - INFO - 26252 - phase=train acc=0.0 loss=1.868808627128601 epoch=216 and step=20
2026-02-17 00:23:30,732 - SplitNNServer - INFO - 26252 - phase=train acc=0.0 loss=1.004257082939148 epoch=216 and step=30
2026-02-17 00:23:31,409 - SplitNNServer - INFO - 26252 - phase=train acc=0.24390243902439024 loss=0.5163450837135315 epoch=216 and step=40
2026-02-17 00:23:32,043 - SplitNNServer - INFO - 26252 - phase=train acc=0.39215686274509803 loss=0.2989325225353241 epoch=216 and step=50
2026-02-17 00:23:32,135 - SplitNNClient - INFO - 22280 - worker_num=2 epoch_send=8333927318 epoch_receive=3374151704 total_send=8333927318 total_receive=3374151704 send_by_category={'OTHER': 19376, 'ACTS': 8333812912, 'MODEL': 95030} recv_by_category={'OTHER': 4928, 'MODEL': 97240, 'GRADS': 3374049536} send_by_type={10: 4928, 2: 8333812912, 7: 95030, 3: 4816, 4: 4816, 6: 4816} recv_by_type={6: 4928, 8: 97240, 1: 3374049536}
2026-02-17 00:23:33,741 - SplitNNServer - INFO - 26252 - phase=validation acc=0.1135 loss=5.052031094514871 epoch=216 and step=79
2026-02-17 00:23:36,856 - SplitNNServer - INFO - 26252 - phase=train acc=0.0 loss=3.4440760612487793 epoch=217 and step=0
2026-02-17 00:23:37,572 - SplitNNServer - INFO - 26252 - phase=train acc=0.0 loss=2.9915506839752197 epoch=217 and step=10
2026-02-17 00:23:38,371 - SplitNNServer - INFO - 26252 - phase=train acc=0.0 loss=1.947281002998352 epoch=217 and step=20
2026-02-17 00:23:39,006 - SplitNNServer - INFO - 26252 - phase=train acc=0.0 loss=1.0333834886550903 epoch=217 and step=30
2026-02-17 00:23:39,758 - SplitNNServer - INFO - 26252 - phase=train acc=0.24390243902439024 loss=0.5229443311691284 epoch=217 and step=40
2026-02-17 00:23:40,272 - SplitNNClient - INFO - 23096 - worker_num=3 epoch_send=7944343574 epoch_receive=2984838296 total_send=7944343574 total_receive=2984838296 send_by_category={'OTHER': 19376, 'ACTS': 7944229168, 'MODEL': 95030} recv_by_category={'OTHER': 4928, 'MODEL': 97240, 'GRADS': 2984736128} send_by_type={10: 4928, 2: 7944229168, 7: 95030, 3: 4816, 4: 4816, 6: 4816} recv_by_type={6: 4928, 8: 97240, 1: 2984736128}
2026-02-17 00:23:41,915 - SplitNNServer - INFO - 26252 - phase=validation acc=0.1032 loss=4.911533029773567 epoch=217 and step=79
2026-02-17 00:23:45,020 - SplitNNServer - INFO - 26252 - phase=train acc=0.0 loss=3.2708020210266113 epoch=218 and step=0
2026-02-17 00:23:45,683 - SplitNNServer - INFO - 26252 - phase=train acc=0.0 loss=2.8746495246887207 epoch=218 and step=10
2026-02-17 00:23:46,351 - SplitNNServer - INFO - 26252 - phase=train acc=0.0 loss=1.8899894952774048 epoch=218 and step=20
2026-02-17 00:23:47,089 - SplitNNServer - INFO - 26252 - phase=train acc=0.0 loss=1.0164737701416016 epoch=218 and step=30
2026-02-17 00:23:47,735 - SplitNNServer - INFO - 26252 - phase=train acc=0.24390243902439024 loss=0.5215139389038086 epoch=218 and step=40
2026-02-17 00:23:48,272 - SplitNNClient - INFO - 33532 - worker_num=4 epoch_send=8009274198 epoch_receive=3049723864 total_send=8009274198 total_receive=3049723864 send_by_category={'OTHER': 19376, 'ACTS': 8009159792, 'MODEL': 95030} recv_by_category={'OTHER': 4928, 'MODEL': 97240, 'GRADS': 3049621696} send_by_type={10: 4928, 2: 8009159792, 7: 95030, 3: 4816, 4: 4816, 6: 4816} recv_by_type={6: 4928, 8: 97240, 1: 3049621696}
2026-02-17 00:23:49,849 - SplitNNServer - INFO - 26252 - phase=validation acc=0.101 loss=4.9438119658940956 epoch=218 and step=79
2026-02-17 00:23:52,912 - SplitNNServer - INFO - 26252 - phase=train acc=0.0 loss=3.2961928844451904 epoch=219 and step=0
2026-02-17 00:23:53,828 - SplitNNServer - INFO - 26252 - phase=train acc=0.0 loss=2.8917603492736816 epoch=219 and step=10
2026-02-17 00:23:54,652 - SplitNNServer - INFO - 26252 - phase=train acc=0.0 loss=1.8983782529830933 epoch=219 and step=20
2026-02-17 00:23:55,457 - SplitNNServer - INFO - 26252 - phase=train acc=0.0 loss=1.0194482803344727 epoch=219 and step=30
2026-02-17 00:23:56,321 - SplitNNServer - INFO - 26252 - phase=train acc=0.24390243902439024 loss=0.5223202705383301 epoch=219 and step=40
2026-02-17 00:23:56,604 - SplitNNClient - INFO - 34892 - worker_num=5 epoch_send=7879412950 epoch_receive=2919952728 total_send=7879412950 total_receive=2919952728 send_by_category={'OTHER': 19376, 'ACTS': 7879298544, 'MODEL': 95030} recv_by_category={'OTHER': 4928, 'MODEL': 97240, 'GRADS': 2919850560} send_by_type={10: 4928, 2: 7879298544, 7: 95030, 3: 4816, 4: 4816, 6: 4816} recv_by_type={6: 4928, 8: 97240, 1: 2919850560}
2026-02-17 00:23:58,263 - SplitNNServer - INFO - 26252 - phase=validation acc=0.0982 loss=4.901398870009411 epoch=219 and step=79
2026-02-17 00:24:01,319 - SplitNNServer - INFO - 26252 - phase=train acc=0.0 loss=3.2274138927459717 epoch=220 and step=0
2026-02-17 00:24:02,120 - SplitNNServer - INFO - 26252 - phase=train acc=0.0 loss=2.8417932987213135 epoch=220 and step=10
2026-02-17 00:24:02,753 - SplitNNServer - INFO - 26252 - phase=train acc=0.0 loss=1.871490716934204 epoch=220 and step=20
2026-02-17 00:24:03,390 - SplitNNServer - INFO - 26252 - phase=train acc=0.0 loss=1.0096110105514526 epoch=220 and step=30
2026-02-17 00:24:04,109 - SplitNNServer - INFO - 26252 - phase=train acc=0.24390243902439024 loss=0.5201286673545837 epoch=220 and step=40
2026-02-17 00:24:04,539 - SplitNNClient - INFO - 34924 - worker_num=1 epoch_send=8127516984 epoch_receive=3052673208 total_send=8127516984 total_receive=3052673208 send_by_category={'ACTS': 8127400032, 'MODEL': 97240, 'OTHER': 19712} recv_by_category={'GRADS': 3052571040, 'OTHER': 4928, 'MODEL': 97240} send_by_type={2: 8127400032, 7: 97240, 3: 4928, 4: 4928, 6: 4928, 10: 4928} recv_by_type={1: 3052571040, 6: 4928, 8: 97240}
2026-02-17 00:24:06,159 - SplitNNServer - INFO - 26252 - phase=validation acc=0.098 loss=4.939337947700597 epoch=220 and step=79
2026-02-17 00:24:09,240 - SplitNNServer - INFO - 26252 - phase=train acc=0.0 loss=3.2410125732421875 epoch=221 and step=0
2026-02-17 00:24:10,183 - SplitNNServer - INFO - 26252 - phase=train acc=0.0 loss=2.8474385738372803 epoch=221 and step=10
2026-02-17 00:24:11,132 - SplitNNServer - INFO - 26252 - phase=train acc=0.0 loss=1.8686635494232178 epoch=221 and step=20
2026-02-17 00:24:12,046 - SplitNNServer - INFO - 26252 - phase=train acc=0.0 loss=1.0041295289993286 epoch=221 and step=30
2026-02-17 00:24:12,932 - SplitNNServer - INFO - 26252 - phase=train acc=0.24390243902439024 loss=0.5162630677223206 epoch=221 and step=40
2026-02-17 00:24:13,693 - SplitNNServer - INFO - 26252 - phase=train acc=0.39215686274509803 loss=0.29888394474983215 epoch=221 and step=50
2026-02-17 00:24:13,831 - SplitNNClient - INFO - 22280 - worker_num=2 epoch_send=8525955016 epoch_receive=3450836970 total_send=8525955016 total_receive=3450836970 send_by_category={'OTHER': 19824, 'ACTS': 8525837952, 'MODEL': 97240} recv_by_category={'OTHER': 5040, 'MODEL': 99450, 'GRADS': 3450732480} send_by_type={10: 5040, 2: 8525837952, 7: 97240, 3: 4928, 4: 4928, 6: 4928} recv_by_type={6: 5040, 8: 99450, 1: 3450732480}
2026-02-17 00:24:15,458 - SplitNNServer - INFO - 26252 - phase=validation acc=0.1135 loss=5.063500875159155 epoch=221 and step=79
2026-02-17 00:24:18,529 - SplitNNServer - INFO - 26252 - phase=train acc=0.0 loss=3.4439697265625 epoch=222 and step=0
2026-02-17 00:24:19,275 - SplitNNServer - INFO - 26252 - phase=train acc=0.0 loss=2.9914183616638184 epoch=222 and step=10
2026-02-17 00:24:19,964 - SplitNNServer - INFO - 26252 - phase=train acc=0.0 loss=1.947128176689148 epoch=222 and step=20
2026-02-17 00:24:20,715 - SplitNNServer - INFO - 26252 - phase=train acc=0.0 loss=1.0332516431808472 epoch=222 and step=30
2026-02-17 00:24:21,421 - SplitNNServer - INFO - 26252 - phase=train acc=0.24390243902439024 loss=0.522860050201416 epoch=222 and step=40
2026-02-17 00:24:21,872 - SplitNNClient - INFO - 23096 - worker_num=3 epoch_send=8127517096 epoch_receive=3052675530 total_send=8127517096 total_receive=3052675530 send_by_category={'OTHER': 19824, 'ACTS': 8127400032, 'MODEL': 97240} recv_by_category={'OTHER': 5040, 'MODEL': 99450, 'GRADS': 3052571040} send_by_type={10: 5040, 2: 8127400032, 7: 97240, 3: 4928, 4: 4928, 6: 4928} recv_by_type={6: 5040, 8: 99450, 1: 3052571040}
2026-02-17 00:24:23,512 - SplitNNServer - INFO - 26252 - phase=validation acc=0.1032 loss=4.922958971578864 epoch=222 and step=79
2026-02-17 00:24:26,580 - SplitNNServer - INFO - 26252 - phase=train acc=0.0 loss=3.270702600479126 epoch=223 and step=0
2026-02-17 00:24:27,368 - SplitNNServer - INFO - 26252 - phase=train acc=0.0 loss=2.8745265007019043 epoch=223 and step=10
2026-02-17 00:24:28,316 - SplitNNServer - INFO - 26252 - phase=train acc=0.0 loss=1.8898446559906006 epoch=223 and step=20
2026-02-17 00:24:29,054 - SplitNNServer - INFO - 26252 - phase=train acc=0.0 loss=1.0163459777832031 epoch=223 and step=30
2026-02-17 00:24:29,906 - SplitNNServer - INFO - 26252 - phase=train acc=0.24390243902439024 loss=0.5214318633079529 epoch=223 and step=40
2026-02-17 00:24:30,520 - SplitNNClient - INFO - 33532 - worker_num=4 epoch_send=8193923416 epoch_receive=3119035770 total_send=8193923416 total_receive=3119035770 send_by_category={'OTHER': 19824, 'ACTS': 8193806352, 'MODEL': 97240} recv_by_category={'OTHER': 5040, 'MODEL': 99450, 'GRADS': 3118931280} send_by_type={10: 5040, 2: 8193806352, 7: 97240, 3: 4928, 4: 4928, 6: 4928} recv_by_type={6: 5040, 8: 99450, 1: 3118931280}
2026-02-17 00:24:32,216 - SplitNNServer - INFO - 26252 - phase=validation acc=0.101 loss=4.955183862130853 epoch=223 and step=79
2026-02-17 00:24:35,305 - SplitNNServer - INFO - 26252 - phase=train acc=0.0 loss=3.296096086502075 epoch=224 and step=0
2026-02-17 00:24:36,055 - SplitNNServer - INFO - 26252 - phase=train acc=0.0 loss=2.891637086868286 epoch=224 and step=10
2026-02-17 00:24:36,750 - SplitNNServer - INFO - 26252 - phase=train acc=0.0 loss=1.89823317527771 epoch=224 and step=20
2026-02-17 00:24:37,450 - SplitNNServer - INFO - 26252 - phase=train acc=0.0 loss=1.0193204879760742 epoch=224 and step=30
2026-02-17 00:24:38,085 - SplitNNServer - INFO - 26252 - phase=train acc=0.24390243902439024 loss=0.5222382545471191 epoch=224 and step=40
2026-02-17 00:24:38,367 - SplitNNClient - INFO - 34892 - worker_num=5 epoch_send=8061110776 epoch_receive=2986315290 total_send=8061110776 total_receive=2986315290 send_by_category={'OTHER': 19824, 'ACTS': 8060993712, 'MODEL': 97240} recv_by_category={'OTHER': 5040, 'MODEL': 99450, 'GRADS': 2986210800} send_by_type={10: 5040, 2: 8060993712, 7: 97240, 3: 4928, 4: 4928, 6: 4928} recv_by_type={6: 5040, 8: 99450, 1: 2986210800}
2026-02-17 00:24:40,007 - SplitNNServer - INFO - 26252 - phase=validation acc=0.0982 loss=4.912719883496249 epoch=224 and step=79
2026-02-17 00:24:43,088 - SplitNNServer - INFO - 26252 - phase=train acc=0.0 loss=3.227318525314331 epoch=225 and step=0
2026-02-17 00:24:43,753 - SplitNNServer - INFO - 26252 - phase=train acc=0.0 loss=2.841674566268921 epoch=225 and step=10
2026-02-17 00:24:44,527 - SplitNNServer - INFO - 26252 - phase=train acc=0.0 loss=1.8713510036468506 epoch=225 and step=20
2026-02-17 00:24:45,162 - SplitNNServer - INFO - 26252 - phase=train acc=0.0 loss=1.0094871520996094 epoch=225 and step=30
2026-02-17 00:24:45,926 - SplitNNServer - INFO - 26252 - phase=train acc=0.24390243902439024 loss=0.5200486183166504 epoch=225 and step=40
2026-02-17 00:24:46,447 - SplitNNClient - INFO - 34924 - worker_num=1 epoch_send=8310690506 epoch_receive=3120510442 total_send=8310690506 total_receive=3120510442 send_by_category={'ACTS': 8310570896, 'MODEL': 99450, 'OTHER': 20160} recv_by_category={'GRADS': 3120405952, 'OTHER': 5040, 'MODEL': 99450} send_by_type={2: 8310570896, 7: 99450, 3: 5040, 4: 5040, 6: 5040, 10: 5040} recv_by_type={1: 3120405952, 6: 5040, 8: 99450}
2026-02-17 00:24:48,046 - SplitNNServer - INFO - 26252 - phase=validation acc=0.098 loss=4.9506047345414945 epoch=225 and step=79
2026-02-17 00:24:51,133 - SplitNNServer - INFO - 26252 - phase=train acc=0.0 loss=3.240919351577759 epoch=226 and step=0
2026-02-17 00:24:51,817 - SplitNNServer - INFO - 26252 - phase=train acc=0.0 loss=2.847320795059204 epoch=226 and step=10
2026-02-17 00:24:52,689 - SplitNNServer - INFO - 26252 - phase=train acc=0.0 loss=1.8685245513916016 epoch=226 and step=20
2026-02-17 00:24:53,327 - SplitNNServer - INFO - 26252 - phase=train acc=0.0 loss=1.0040074586868286 epoch=226 and step=30
2026-02-17 00:24:53,996 - SplitNNServer - INFO - 26252 - phase=train acc=0.24390243902439024 loss=0.5161846876144409 epoch=226 and step=40
2026-02-17 00:24:54,889 - SplitNNServer - INFO - 26252 - phase=train acc=0.39215686274509803 loss=0.29883697628974915 epoch=226 and step=50
2026-02-17 00:24:54,984 - SplitNNClient - INFO - 22280 - worker_num=2 epoch_send=8717982714 epoch_receive=3527522236 total_send=8717982714 total_receive=3527522236 send_by_category={'OTHER': 20272, 'ACTS': 8717862992, 'MODEL': 99450} recv_by_category={'OTHER': 5152, 'MODEL': 101660, 'GRADS': 3527415424} send_by_type={10: 5152, 2: 8717862992, 7: 99450, 3: 5040, 4: 5040, 6: 5040} recv_by_type={6: 5152, 8: 101660, 1: 3527415424}
2026-02-17 00:24:56,565 - SplitNNServer - INFO - 26252 - phase=validation acc=0.1135 loss=5.074709107604208 epoch=226 and step=79
2026-02-17 00:24:59,629 - SplitNNServer - INFO - 26252 - phase=train acc=0.0 loss=3.4438703060150146 epoch=227 and step=0
2026-02-17 00:25:00,482 - SplitNNServer - INFO - 26252 - phase=train acc=0.0 loss=2.9912946224212646 epoch=227 and step=10
2026-02-17 00:25:01,406 - SplitNNServer - INFO - 26252 - phase=train acc=0.0 loss=1.9469850063323975 epoch=227 and step=20
2026-02-17 00:25:02,352 - SplitNNServer - INFO - 26252 - phase=train acc=0.0 loss=1.0331259965896606 epoch=227 and step=30
2026-02-17 00:25:03,269 - SplitNNServer - INFO - 26252 - phase=train acc=0.24390243902439024 loss=0.5227799415588379 epoch=227 and step=40
2026-02-17 00:25:03,753 - SplitNNClient - INFO - 23096 - worker_num=3 epoch_send=8310690618 epoch_receive=3120512764 total_send=8310690618 total_receive=3120512764 send_by_category={'OTHER': 20272, 'ACTS': 8310570896, 'MODEL': 99450} recv_by_category={'OTHER': 5152, 'MODEL': 101660, 'GRADS': 3120405952} send_by_type={10: 5152, 2: 8310570896, 7: 99450, 3: 5040, 4: 5040, 6: 5040} recv_by_type={6: 5152, 8: 101660, 1: 3120405952}
2026-02-17 00:25:05,353 - SplitNNServer - INFO - 26252 - phase=validation acc=0.1032 loss=4.934123093568826 epoch=227 and step=79
2026-02-17 00:25:08,462 - SplitNNServer - INFO - 26252 - phase=train acc=0.0 loss=3.2706100940704346 epoch=228 and step=0
2026-02-17 00:25:09,160 - SplitNNServer - INFO - 26252 - phase=train acc=0.0 loss=2.8744091987609863 epoch=228 and step=10
2026-02-17 00:25:09,809 - SplitNNServer - INFO - 26252 - phase=train acc=0.0 loss=1.889705777168274 epoch=228 and step=20
2026-02-17 00:25:10,601 - SplitNNServer - INFO - 26252 - phase=train acc=0.0 loss=1.01622474193573 epoch=228 and step=30
2026-02-17 00:25:11,551 - SplitNNServer - INFO - 26252 - phase=train acc=0.24390243902439024 loss=0.5213537216186523 epoch=228 and step=40
2026-02-17 00:25:12,008 - SplitNNClient - INFO - 33532 - worker_num=4 epoch_send=8378572634 epoch_receive=3188347676 total_send=8378572634 total_receive=3188347676 send_by_category={'OTHER': 20272, 'ACTS': 8378452912, 'MODEL': 99450} recv_by_category={'OTHER': 5152, 'MODEL': 101660, 'GRADS': 3188240864} send_by_type={10: 5152, 2: 8378452912, 7: 99450, 3: 5040, 4: 5040, 6: 5040} recv_by_type={6: 5152, 8: 101660, 1: 3188240864}
2026-02-17 00:25:13,632 - SplitNNServer - INFO - 26252 - phase=validation acc=0.101 loss=4.966295936439611 epoch=228 and step=79
2026-02-17 00:25:16,740 - SplitNNServer - INFO - 26252 - phase=train acc=0.0 loss=3.296001434326172 epoch=229 and step=0
2026-02-17 00:25:17,510 - SplitNNServer - INFO - 26252 - phase=train acc=0.0 loss=2.8915188312530518 epoch=229 and step=10
2026-02-17 00:25:18,380 - SplitNNServer - INFO - 26252 - phase=train acc=0.0 loss=1.8980939388275146 epoch=229 and step=20
2026-02-17 00:25:19,210 - SplitNNServer - INFO - 26252 - phase=train acc=0.0 loss=1.0191984176635742 epoch=229 and step=30
2026-02-17 00:25:19,871 - SplitNNServer - INFO - 26252 - phase=train acc=0.24390243902439024 loss=0.5221596956253052 epoch=229 and step=40
2026-02-17 00:25:20,259 - SplitNNClient - INFO - 34892 - worker_num=5 epoch_send=8242808602 epoch_receive=3052677852 total_send=8242808602 total_receive=3052677852 send_by_category={'OTHER': 20272, 'ACTS': 8242688880, 'MODEL': 99450} recv_by_category={'OTHER': 5152, 'MODEL': 101660, 'GRADS': 3052571040} send_by_type={10: 5152, 2: 8242688880, 7: 99450, 3: 5040, 4: 5040, 6: 5040} recv_by_type={6: 5152, 8: 101660, 1: 3052571040}
2026-02-17 00:25:21,868 - SplitNNServer - INFO - 26252 - phase=validation acc=0.0982 loss=4.923783875718901 epoch=229 and step=79
2026-02-17 00:25:24,958 - SplitNNServer - INFO - 26252 - phase=train acc=0.0 loss=3.227226495742798 epoch=230 and step=0
2026-02-17 00:25:25,659 - SplitNNServer - INFO - 26252 - phase=train acc=0.0 loss=2.841560125350952 epoch=230 and step=10
2026-02-17 00:25:26,455 - SplitNNServer - INFO - 26252 - phase=train acc=0.0 loss=1.8712142705917358 epoch=230 and step=20
2026-02-17 00:25:27,401 - SplitNNServer - INFO - 26252 - phase=train acc=0.0 loss=1.009367823600769 epoch=230 and step=30
2026-02-17 00:25:28,284 - SplitNNServer - INFO - 26252 - phase=train acc=0.24390243902439024 loss=0.5199718475341797 epoch=230 and step=40
2026-02-17 00:25:28,772 - SplitNNClient - INFO - 34924 - worker_num=1 epoch_send=8493864028 epoch_receive=3188347676 total_send=8493864028 total_receive=3188347676 send_by_category={'ACTS': 8493741760, 'MODEL': 101660, 'OTHER': 20608} recv_by_category={'GRADS': 3188240864, 'OTHER': 5152, 'MODEL': 101660} send_by_type={2: 8493741760, 7: 101660, 3: 5152, 4: 5152, 6: 5152, 10: 5152} recv_by_type={1: 3188240864, 6: 5152, 8: 101660}
2026-02-17 00:25:30,370 - SplitNNServer - INFO - 26252 - phase=validation acc=0.098 loss=4.96161743960803 epoch=230 and step=79
2026-02-17 00:25:33,437 - SplitNNServer - INFO - 26252 - phase=train acc=0.0 loss=3.2408299446105957 epoch=231 and step=0
2026-02-17 00:25:34,228 - SplitNNServer - INFO - 26252 - phase=train acc=0.0 loss=2.847210168838501 epoch=231 and step=10
2026-02-17 00:25:35,065 - SplitNNServer - INFO - 26252 - phase=train acc=0.0 loss=1.8683927059173584 epoch=231 and step=20
2026-02-17 00:25:35,698 - SplitNNServer - INFO - 26252 - phase=train acc=0.0 loss=1.003891110420227 epoch=231 and step=30
2026-02-17 00:25:36,333 - SplitNNServer - INFO - 26252 - phase=train acc=0.24390243902439024 loss=0.516109049320221 epoch=231 and step=40
2026-02-17 00:25:36,998 - SplitNNServer - INFO - 26252 - phase=train acc=0.39215686274509803 loss=0.2987928092479706 epoch=231 and step=50
2026-02-17 00:25:37,090 - SplitNNClient - INFO - 22280 - worker_num=2 epoch_send=8910010412 epoch_receive=3604207502 total_send=8910010412 total_receive=3604207502 send_by_category={'OTHER': 20720, 'ACTS': 8909888032, 'MODEL': 101660} recv_by_category={'OTHER': 5264, 'MODEL': 103870, 'GRADS': 3604098368} send_by_type={10: 5264, 2: 8909888032, 7: 101660, 3: 5152, 4: 5152, 6: 5152} recv_by_type={6: 5264, 8: 103870, 1: 3604098368}
2026-02-17 00:25:38,691 - SplitNNServer - INFO - 26252 - phase=validation acc=0.1135 loss=5.085662630539906 epoch=231 and step=79
2026-02-17 00:25:41,779 - SplitNNServer - INFO - 26252 - phase=train acc=0.0 loss=3.443772077560425 epoch=232 and step=0
2026-02-17 00:25:42,558 - SplitNNServer - INFO - 26252 - phase=train acc=0.0 loss=2.9911725521087646 epoch=232 and step=10
2026-02-17 00:25:43,277 - SplitNNServer - INFO - 26252 - phase=train acc=0.0 loss=1.946844220161438 epoch=232 and step=20
2026-02-17 00:25:43,926 - SplitNNServer - INFO - 26252 - phase=train acc=0.0 loss=1.0330047607421875 epoch=232 and step=30
2026-02-17 00:25:44,630 - SplitNNServer - INFO - 26252 - phase=train acc=0.24390243902439024 loss=0.5227031707763672 epoch=232 and step=40
2026-02-17 00:25:45,149 - SplitNNClient - INFO - 23096 - worker_num=3 epoch_send=8493864140 epoch_receive=3188349998 total_send=8493864140 total_receive=3188349998 send_by_category={'OTHER': 20720, 'ACTS': 8493741760, 'MODEL': 101660} recv_by_category={'OTHER': 5264, 'MODEL': 103870, 'GRADS': 3188240864} send_by_type={10: 5264, 2: 8493741760, 7: 101660, 3: 5152, 4: 5152, 6: 5152} recv_by_type={6: 5264, 8: 103870, 1: 3188240864}
2026-02-17 00:25:46,808 - SplitNNServer - INFO - 26252 - phase=validation acc=0.1032 loss=4.945036399213573 epoch=232 and step=79
2026-02-17 00:25:49,865 - SplitNNServer - INFO - 26252 - phase=train acc=0.0 loss=3.270521402359009 epoch=233 and step=0
2026-02-17 00:25:50,509 - SplitNNServer - INFO - 26252 - phase=train acc=0.0 loss=2.8742995262145996 epoch=233 and step=10
2026-02-17 00:25:51,320 - SplitNNServer - INFO - 26252 - phase=train acc=0.0 loss=1.8895756006240845 epoch=233 and step=20
2026-02-17 00:25:52,120 - SplitNNServer - INFO - 26252 - phase=train acc=0.0 loss=1.016108751296997 epoch=233 and step=30
2026-02-17 00:25:52,837 - SplitNNServer - INFO - 26252 - phase=train acc=0.24390243902439024 loss=0.5212787985801697 epoch=233 and step=40
2026-02-17 00:25:53,385 - SplitNNClient - INFO - 33532 - worker_num=4 epoch_send=8563221852 epoch_receive=3257659582 total_send=8563221852 total_receive=3257659582 send_by_category={'OTHER': 20720, 'ACTS': 8563099472, 'MODEL': 101660} recv_by_category={'OTHER': 5264, 'MODEL': 103870, 'GRADS': 3257550448} send_by_type={10: 5264, 2: 8563099472, 7: 101660, 3: 5152, 4: 5152, 6: 5152} recv_by_type={6: 5264, 8: 103870, 1: 3257550448}
2026-02-17 00:25:54,969 - SplitNNServer - INFO - 26252 - phase=validation acc=0.101 loss=4.977160194252111 epoch=233 and step=79
2026-02-17 00:25:58,024 - SplitNNServer - INFO - 26252 - phase=train acc=0.0 loss=3.295910120010376 epoch=234 and step=0
2026-02-17 00:25:58,938 - SplitNNServer - INFO - 26252 - phase=train acc=0.0 loss=2.891406774520874 epoch=234 and step=10
2026-02-17 00:25:59,672 - SplitNNServer - INFO - 26252 - phase=train acc=0.0 loss=1.8979625701904297 epoch=234 and step=20
2026-02-17 00:26:00,442 - SplitNNServer - INFO - 26252 - phase=train acc=0.0 loss=1.019083023071289 epoch=234 and step=30
2026-02-17 00:26:01,079 - SplitNNServer - INFO - 26252 - phase=train acc=0.24390243902439024 loss=0.5220856666564941 epoch=234 and step=40
2026-02-17 00:26:01,365 - SplitNNClient - INFO - 34892 - worker_num=5 epoch_send=8424506428 epoch_receive=3119040414 total_send=8424506428 total_receive=3119040414 send_by_category={'OTHER': 20720, 'ACTS': 8424384048, 'MODEL': 101660} recv_by_category={'OTHER': 5264, 'MODEL': 103870, 'GRADS': 3118931280} send_by_type={10: 5264, 2: 8424384048, 7: 101660, 3: 5152, 4: 5152, 6: 5152} recv_by_type={6: 5264, 8: 103870, 1: 3118931280}
2026-02-17 00:26:02,973 - SplitNNServer - INFO - 26252 - phase=validation acc=0.0982 loss=4.934601451777205 epoch=234 and step=79
2026-02-17 00:26:06,050 - SplitNNServer - INFO - 26252 - phase=train acc=0.0 loss=3.2271392345428467 epoch=235 and step=0
2026-02-17 00:26:06,684 - SplitNNServer - INFO - 26252 - phase=train acc=0.0 loss=2.8414523601531982 epoch=235 and step=10
2026-02-17 00:26:07,350 - SplitNNServer - INFO - 26252 - phase=train acc=0.0 loss=1.8710877895355225 epoch=235 and step=20
2026-02-17 00:26:08,005 - SplitNNServer - INFO - 26252 - phase=train acc=0.0 loss=1.0092545747756958 epoch=235 and step=30
2026-02-17 00:26:08,921 - SplitNNServer - INFO - 26252 - phase=train acc=0.24390243902439024 loss=0.5198984146118164 epoch=235 and step=40
2026-02-17 00:26:09,375 - SplitNNClient - INFO - 34924 - worker_num=1 epoch_send=8677037550 epoch_receive=3256184910 total_send=8677037550 total_receive=3256184910 send_by_category={'ACTS': 8676912624, 'MODEL': 103870, 'OTHER': 21056} recv_by_category={'GRADS': 3256075776, 'OTHER': 5264, 'MODEL': 103870} send_by_type={2: 8676912624, 7: 103870, 3: 5264, 4: 5264, 6: 5264, 10: 5264} recv_by_type={1: 3256075776, 6: 5264, 8: 103870}
2026-02-17 00:26:11,004 - SplitNNServer - INFO - 26252 - phase=validation acc=0.098 loss=4.972386571425426 epoch=235 and step=79
2026-02-17 00:26:14,099 - SplitNNServer - INFO - 26252 - phase=train acc=0.0 loss=3.240745782852173 epoch=236 and step=0
2026-02-17 00:26:14,749 - SplitNNServer - INFO - 26252 - phase=train acc=0.0 loss=2.8471033573150635 epoch=236 and step=10
2026-02-17 00:26:15,580 - SplitNNServer - INFO - 26252 - phase=train acc=0.0 loss=1.8682652711868286 epoch=236 and step=20
2026-02-17 00:26:16,441 - SplitNNServer - INFO - 26252 - phase=train acc=0.0 loss=1.0037802457809448 epoch=236 and step=30
2026-02-17 00:26:17,088 - SplitNNServer - INFO - 26252 - phase=train acc=0.24390243902439024 loss=0.5160378813743591 epoch=236 and step=40
2026-02-17 00:26:17,797 - SplitNNServer - INFO - 26252 - phase=train acc=0.39215686274509803 loss=0.29875022172927856 epoch=236 and step=50
2026-02-17 00:26:17,933 - SplitNNClient - INFO - 22280 - worker_num=2 epoch_send=9102038110 epoch_receive=3680892768 total_send=9102038110 total_receive=3680892768 send_by_category={'OTHER': 21168, 'ACTS': 9101913072, 'MODEL': 103870} recv_by_category={'OTHER': 5376, 'MODEL': 106080, 'GRADS': 3680781312} send_by_type={10: 5376, 2: 9101913072, 7: 103870, 3: 5264, 4: 5264, 6: 5264} recv_by_type={6: 5376, 8: 106080, 1: 3680781312}
2026-02-17 00:26:19,551 - SplitNNServer - INFO - 26252 - phase=validation acc=0.1135 loss=5.096376244025894 epoch=236 and step=79
2026-02-17 00:26:22,661 - SplitNNServer - INFO - 26252 - phase=train acc=0.0 loss=3.44368314743042 epoch=237 and step=0
2026-02-17 00:26:23,464 - SplitNNServer - INFO - 26252 - phase=train acc=0.0 loss=2.991058588027954 epoch=237 and step=10
2026-02-17 00:26:24,099 - SplitNNServer - INFO - 26252 - phase=train acc=0.0 loss=1.946712851524353 epoch=237 and step=20
2026-02-17 00:26:24,735 - SplitNNServer - INFO - 26252 - phase=train acc=0.0 loss=1.0328912734985352 epoch=237 and step=30
2026-02-17 00:26:25,384 - SplitNNServer - INFO - 26252 - phase=train acc=0.24390243902439024 loss=0.5226306915283203 epoch=237 and step=40
2026-02-17 00:26:25,720 - SplitNNClient - INFO - 23096 - worker_num=3 epoch_send=8677037662 epoch_receive=3256187232 total_send=8677037662 total_receive=3256187232 send_by_category={'OTHER': 21168, 'ACTS': 8676912624, 'MODEL': 103870} recv_by_category={'OTHER': 5376, 'MODEL': 106080, 'GRADS': 3256075776} send_by_type={10: 5376, 2: 8676912624, 7: 103870, 3: 5264, 4: 5264, 6: 5264} recv_by_type={6: 5376, 8: 106080, 1: 3256075776}
2026-02-17 00:26:27,379 - SplitNNServer - INFO - 26252 - phase=validation acc=0.1032 loss=4.955709499648854 epoch=237 and step=79
2026-02-17 00:26:30,451 - SplitNNServer - INFO - 26252 - phase=train acc=0.0 loss=3.270435094833374 epoch=238 and step=0
2026-02-17 00:26:31,091 - SplitNNServer - INFO - 26252 - phase=train acc=0.0 loss=2.8741912841796875 epoch=238 and step=10
2026-02-17 00:26:31,727 - SplitNNServer - INFO - 26252 - phase=train acc=0.0 loss=1.8894481658935547 epoch=238 and step=20
2026-02-17 00:26:32,397 - SplitNNServer - INFO - 26252 - phase=train acc=0.0 loss=1.0159969329833984 epoch=238 and step=30
2026-02-17 00:26:33,196 - SplitNNServer - INFO - 26252 - phase=train acc=0.24390243902439024 loss=0.5212068557739258 epoch=238 and step=40
2026-02-17 00:26:33,721 - SplitNNClient - INFO - 33532 - worker_num=4 epoch_send=8747871070 epoch_receive=3326971488 total_send=8747871070 total_receive=3326971488 send_by_category={'OTHER': 21168, 'ACTS': 8747746032, 'MODEL': 103870} recv_by_category={'OTHER': 5376, 'MODEL': 106080, 'GRADS': 3326860032} send_by_type={10: 5376, 2: 8747746032, 7: 103870, 3: 5264, 4: 5264, 6: 5264} recv_by_type={6: 5376, 8: 106080, 1: 3326860032}
2026-02-17 00:26:35,329 - SplitNNServer - INFO - 26252 - phase=validation acc=0.101 loss=4.98778713805766 epoch=238 and step=79
2026-02-17 00:26:38,389 - SplitNNServer - INFO - 26252 - phase=train acc=0.0 loss=3.295825719833374 epoch=239 and step=0
2026-02-17 00:26:39,127 - SplitNNServer - INFO - 26252 - phase=train acc=0.0 loss=2.8912999629974365 epoch=239 and step=10
2026-02-17 00:26:39,814 - SplitNNServer - INFO - 26252 - phase=train acc=0.0 loss=1.8978350162506104 epoch=239 and step=20
2026-02-17 00:26:40,695 - SplitNNServer - INFO - 26252 - phase=train acc=0.0 loss=1.0189714431762695 epoch=239 and step=30
2026-02-17 00:26:41,639 - SplitNNServer - INFO - 26252 - phase=train acc=0.24390243902439024 loss=0.5220140218734741 epoch=239 and step=40
2026-02-17 00:26:41,997 - SplitNNClient - INFO - 34892 - worker_num=5 epoch_send=8606204254 epoch_receive=3185402976 total_send=8606204254 total_receive=3185402976 send_by_category={'OTHER': 21168, 'ACTS': 8606079216, 'MODEL': 103870} recv_by_category={'OTHER': 5376, 'MODEL': 106080, 'GRADS': 3185291520} send_by_type={10: 5376, 2: 8606079216, 7: 103870, 3: 5264, 4: 5264, 6: 5264} recv_by_type={6: 5376, 8: 106080, 1: 3185291520}
2026-02-17 00:26:43,527 - SplitNNServer - INFO - 26252 - phase=validation acc=0.0982 loss=4.945183838470073 epoch=239 and step=79
2026-02-17 00:26:46,595 - SplitNNServer - INFO - 26252 - phase=train acc=0.0 loss=3.227057695388794 epoch=240 and step=0
2026-02-17 00:26:47,283 - SplitNNServer - INFO - 26252 - phase=train acc=0.0 loss=2.8413479328155518 epoch=240 and step=10
2026-02-17 00:26:47,981 - SplitNNServer - INFO - 26252 - phase=train acc=0.0 loss=1.8709638118743896 epoch=240 and step=20
2026-02-17 00:26:48,677 - SplitNNServer - INFO - 26252 - phase=train acc=0.0 loss=1.0091458559036255 epoch=240 and step=30
2026-02-17 00:26:49,412 - SplitNNServer - INFO - 26252 - phase=train acc=0.24390243902439024 loss=0.5198282599449158 epoch=240 and step=40
2026-02-17 00:26:49,929 - SplitNNClient - INFO - 34924 - worker_num=1 epoch_send=8860211072 epoch_receive=3324022144 total_send=8860211072 total_receive=3324022144 send_by_category={'ACTS': 8860083488, 'MODEL': 106080, 'OTHER': 21504} recv_by_category={'GRADS': 3323910688, 'OTHER': 5376, 'MODEL': 106080} send_by_type={2: 8860083488, 7: 106080, 3: 5376, 4: 5376, 6: 5376, 10: 5376} recv_by_type={1: 3323910688, 6: 5376, 8: 106080}
2026-02-17 00:26:51,524 - SplitNNServer - INFO - 26252 - phase=validation acc=0.098 loss=4.982922234112704 epoch=240 and step=79
2026-02-17 00:26:54,601 - SplitNNServer - INFO - 26252 - phase=train acc=0.0 loss=3.2406656742095947 epoch=241 and step=0
2026-02-17 00:26:55,338 - SplitNNServer - INFO - 26252 - phase=train acc=0.0 loss=2.8470027446746826 epoch=241 and step=10
2026-02-17 00:26:55,970 - SplitNNServer - INFO - 26252 - phase=train acc=0.0 loss=1.8681451082229614 epoch=241 and step=20
2026-02-17 00:26:56,605 - SplitNNServer - INFO - 26252 - phase=train acc=0.0 loss=1.0036743879318237 epoch=241 and step=30
2026-02-17 00:26:57,248 - SplitNNServer - INFO - 26252 - phase=train acc=0.24390243902439024 loss=0.5159692764282227 epoch=241 and step=40
2026-02-17 00:26:57,884 - SplitNNServer - INFO - 26252 - phase=train acc=0.39215686274509803 loss=0.29870960116386414 epoch=241 and step=50
2026-02-17 00:26:58,027 - SplitNNClient - INFO - 22280 - worker_num=2 epoch_send=9294065808 epoch_receive=3757578034 total_send=9294065808 total_receive=3757578034 send_by_category={'OTHER': 21616, 'ACTS': 9293938112, 'MODEL': 106080} recv_by_category={'OTHER': 5488, 'MODEL': 108290, 'GRADS': 3757464256} send_by_type={10: 5488, 2: 9293938112, 7: 106080, 3: 5376, 4: 5376, 6: 5376} recv_by_type={6: 5488, 8: 108290, 1: 3757464256}
2026-02-17 00:26:59,646 - SplitNNServer - INFO - 26252 - phase=validation acc=0.1135 loss=5.106857094583632 epoch=241 and step=79
2026-02-17 00:27:02,739 - SplitNNServer - INFO - 26252 - phase=train acc=0.0 loss=3.4435925483703613 epoch=242 and step=0
2026-02-17 00:27:03,378 - SplitNNServer - INFO - 26252 - phase=train acc=0.0 loss=2.990947723388672 epoch=242 and step=10
2026-02-17 00:27:04,219 - SplitNNServer - INFO - 26252 - phase=train acc=0.0 loss=1.9465848207473755 epoch=242 and step=20
2026-02-17 00:27:04,946 - SplitNNServer - INFO - 26252 - phase=train acc=0.0 loss=1.0327805280685425 epoch=242 and step=30
2026-02-17 00:27:05,827 - SplitNNServer - INFO - 26252 - phase=train acc=0.24390243902439024 loss=0.5225605368614197 epoch=242 and step=40
2026-02-17 00:27:06,310 - SplitNNClient - INFO - 23096 - worker_num=3 epoch_send=8860211184 epoch_receive=3324024466 total_send=8860211184 total_receive=3324024466 send_by_category={'OTHER': 21616, 'ACTS': 8860083488, 'MODEL': 106080} recv_by_category={'OTHER': 5488, 'MODEL': 108290, 'GRADS': 3323910688} send_by_type={10: 5488, 2: 8860083488, 7: 106080, 3: 5376, 4: 5376, 6: 5376} recv_by_type={6: 5488, 8: 108290, 1: 3323910688}
2026-02-17 00:27:07,939 - SplitNNServer - INFO - 26252 - phase=validation acc=0.1032 loss=4.966153869146033 epoch=242 and step=79
2026-02-17 00:27:11,019 - SplitNNServer - INFO - 26252 - phase=train acc=0.0 loss=3.2703516483306885 epoch=243 and step=0
2026-02-17 00:27:11,839 - SplitNNServer - INFO - 26252 - phase=train acc=0.0 loss=2.8740885257720947 epoch=243 and step=10
2026-02-17 00:27:12,756 - SplitNNServer - INFO - 26252 - phase=train acc=0.0 loss=1.8893262147903442 epoch=243 and step=20
2026-02-17 00:27:13,670 - SplitNNServer - INFO - 26252 - phase=train acc=0.0 loss=1.0158902406692505 epoch=243 and step=30
2026-02-17 00:27:14,458 - SplitNNServer - INFO - 26252 - phase=train acc=0.24390243902439024 loss=0.5211381912231445 epoch=243 and step=40
2026-02-17 00:27:14,855 - SplitNNClient - INFO - 33532 - worker_num=4 epoch_send=8932520288 epoch_receive=3396283394 total_send=8932520288 total_receive=3396283394 send_by_category={'OTHER': 21616, 'ACTS': 8932392592, 'MODEL': 106080} recv_by_category={'OTHER': 5488, 'MODEL': 108290, 'GRADS': 3396169616} send_by_type={10: 5488, 2: 8932392592, 7: 106080, 3: 5376, 4: 5376, 6: 5376} recv_by_type={6: 5488, 8: 108290, 1: 3396169616}
2026-02-17 00:27:16,480 - SplitNNServer - INFO - 26252 - phase=validation acc=0.101 loss=4.998185960552361 epoch=243 and step=79
2026-02-17 00:27:19,567 - SplitNNServer - INFO - 26252 - phase=train acc=0.0 loss=3.2957422733306885 epoch=244 and step=0
2026-02-17 00:27:20,253 - SplitNNServer - INFO - 26252 - phase=train acc=0.0 loss=2.8911969661712646 epoch=244 and step=10
2026-02-17 00:27:21,168 - SplitNNServer - INFO - 26252 - phase=train acc=0.0 loss=1.8977144956588745 epoch=244 and step=20
2026-02-17 00:27:21,905 - SplitNNServer - INFO - 26252 - phase=train acc=0.0 loss=1.0188654661178589 epoch=244 and step=30
2026-02-17 00:27:22,581 - SplitNNServer - INFO - 26252 - phase=train acc=0.24390243902439024 loss=0.5219454765319824 epoch=244 and step=40
2026-02-17 00:27:22,865 - SplitNNClient - INFO - 34892 - worker_num=5 epoch_send=8787902080 epoch_receive=3251765538 total_send=8787902080 total_receive=3251765538 send_by_category={'OTHER': 21616, 'ACTS': 8787774384, 'MODEL': 106080} recv_by_category={'OTHER': 5488, 'MODEL': 108290, 'GRADS': 3251651760} send_by_type={10: 5488, 2: 8787774384, 7: 106080, 3: 5376, 4: 5376, 6: 5376} recv_by_type={6: 5488, 8: 108290, 1: 3251651760}
2026-02-17 00:27:24,383 - SplitNNServer - INFO - 26252 - phase=validation acc=0.0982 loss=4.9555407053307645 epoch=244 and step=79
2026-02-17 00:27:27,466 - SplitNNServer - INFO - 26252 - phase=train acc=0.0 loss=3.226977825164795 epoch=245 and step=0
2026-02-17 00:27:28,254 - SplitNNServer - INFO - 26252 - phase=train acc=0.0 loss=2.8412489891052246 epoch=245 and step=10
2026-02-17 00:27:28,990 - SplitNNServer - INFO - 26252 - phase=train acc=0.0 loss=1.8708442449569702 epoch=245 and step=20
2026-02-17 00:27:29,655 - SplitNNServer - INFO - 26252 - phase=train acc=0.0 loss=1.0090410709381104 epoch=245 and step=30
2026-02-17 00:27:30,570 - SplitNNServer - INFO - 26252 - phase=train acc=0.24390243902439024 loss=0.5197606086730957 epoch=245 and step=40
2026-02-17 00:27:31,083 - SplitNNClient - INFO - 34924 - worker_num=1 epoch_send=9043384594 epoch_receive=3391859378 total_send=9043384594 total_receive=3391859378 send_by_category={'ACTS': 9043254352, 'MODEL': 108290, 'OTHER': 21952} recv_by_category={'GRADS': 3391745600, 'OTHER': 5488, 'MODEL': 108290} send_by_type={2: 9043254352, 7: 108290, 3: 5488, 4: 5488, 6: 5488, 10: 5488} recv_by_type={1: 3391745600, 6: 5488, 8: 108290}
2026-02-17 00:27:32,609 - SplitNNServer - INFO - 26252 - phase=validation acc=0.098 loss=4.993234441250185 epoch=245 and step=79
2026-02-17 00:27:35,707 - SplitNNServer - INFO - 26252 - phase=train acc=0.0 loss=3.240588903427124 epoch=246 and step=0
2026-02-17 00:27:36,491 - SplitNNServer - INFO - 26252 - phase=train acc=0.0 loss=2.846904993057251 epoch=246 and step=10
2026-02-17 00:27:37,283 - SplitNNServer - INFO - 26252 - phase=train acc=0.0 loss=1.8680305480957031 epoch=246 and step=20
2026-02-17 00:27:38,056 - SplitNNServer - INFO - 26252 - phase=train acc=0.0 loss=1.0035725831985474 epoch=246 and step=30
2026-02-17 00:27:38,773 - SplitNNServer - INFO - 26252 - phase=train acc=0.24390243902439024 loss=0.5159035325050354 epoch=246 and step=40
2026-02-17 00:27:39,570 - SplitNNServer - INFO - 26252 - phase=train acc=0.39215686274509803 loss=0.2986707389354706 epoch=246 and step=50
2026-02-17 00:27:39,662 - SplitNNClient - INFO - 22280 - worker_num=2 epoch_send=9486093506 epoch_receive=3834263300 total_send=9486093506 total_receive=3834263300 send_by_category={'OTHER': 22064, 'ACTS': 9485963152, 'MODEL': 108290} recv_by_category={'OTHER': 5600, 'MODEL': 110500, 'GRADS': 3834147200} send_by_type={10: 5600, 2: 9485963152, 7: 108290, 3: 5488, 4: 5488, 6: 5488} recv_by_type={6: 5600, 8: 110500, 1: 3834147200}
2026-02-17 00:27:41,219 - SplitNNServer - INFO - 26252 - phase=validation acc=0.1135 loss=5.11711892598792 epoch=246 and step=79
2026-02-17 00:27:44,293 - SplitNNServer - INFO - 26252 - phase=train acc=0.0 loss=3.4435102939605713 epoch=247 and step=0
2026-02-17 00:27:44,968 - SplitNNServer - INFO - 26252 - phase=train acc=0.0 loss=2.9908447265625 epoch=247 and step=10
2026-02-17 00:27:45,671 - SplitNNServer - INFO - 26252 - phase=train acc=0.0 loss=1.9464662075042725 epoch=247 and step=20
2026-02-17 00:27:46,533 - SplitNNServer - INFO - 26252 - phase=train acc=0.0 loss=1.0326749086380005 epoch=247 and step=30
2026-02-17 00:27:47,485 - SplitNNServer - INFO - 26252 - phase=train acc=0.24390243902439024 loss=0.5224934220314026 epoch=247 and step=40
2026-02-17 00:27:48,009 - SplitNNClient - INFO - 23096 - worker_num=3 epoch_send=9043384706 epoch_receive=3391861700 total_send=9043384706 total_receive=3391861700 send_by_category={'OTHER': 22064, 'ACTS': 9043254352, 'MODEL': 108290} recv_by_category={'OTHER': 5600, 'MODEL': 110500, 'GRADS': 3391745600} send_by_type={10: 5600, 2: 9043254352, 7: 108290, 3: 5488, 4: 5488, 6: 5488} recv_by_type={6: 5600, 8: 110500, 1: 3391745600}
2026-02-17 00:27:50,653 - SplitNNServer - INFO - 26252 - phase=validation acc=0.1032 loss=4.976379080663754 epoch=247 and step=79
2026-02-17 00:27:53,729 - SplitNNServer - INFO - 26252 - phase=train acc=0.0 loss=3.2702717781066895 epoch=248 and step=0
2026-02-17 00:27:54,498 - SplitNNServer - INFO - 26252 - phase=train acc=0.0 loss=2.8739912509918213 epoch=248 and step=10
2026-02-17 00:27:55,390 - SplitNNServer - INFO - 26252 - phase=train acc=0.0 loss=1.8892099857330322 epoch=248 and step=20
2026-02-17 00:27:56,025 - SplitNNServer - INFO - 26252 - phase=train acc=0.0 loss=1.0157880783081055 epoch=248 and step=30
2026-02-17 00:27:56,693 - SplitNNServer - INFO - 26252 - phase=train acc=0.24390243902439024 loss=0.5210719108581543 epoch=248 and step=40
2026-02-17 00:27:57,190 - SplitNNClient - INFO - 33532 - worker_num=4 epoch_send=9117169506 epoch_receive=3465595300 total_send=9117169506 total_receive=3465595300 send_by_category={'OTHER': 22064, 'ACTS': 9117039152, 'MODEL': 108290} recv_by_category={'OTHER': 5600, 'MODEL': 110500, 'GRADS': 3465479200} send_by_type={10: 5600, 2: 9117039152, 7: 108290, 3: 5488, 4: 5488, 6: 5488} recv_by_type={6: 5600, 8: 110500, 1: 3465479200}
2026-02-17 00:27:58,833 - SplitNNServer - INFO - 26252 - phase=validation acc=0.101 loss=5.00836867923978 epoch=248 and step=79
2026-02-17 00:28:01,920 - SplitNNServer - INFO - 26252 - phase=train acc=0.0 loss=3.2956652641296387 epoch=249 and step=0
2026-02-17 00:28:02,589 - SplitNNServer - INFO - 26252 - phase=train acc=0.0 loss=2.8910980224609375 epoch=249 and step=10
2026-02-17 00:28:03,287 - SplitNNServer - INFO - 26252 - phase=train acc=0.0 loss=1.8975986242294312 epoch=249 and step=20
2026-02-17 00:28:04,213 - SplitNNServer - INFO - 26252 - phase=train acc=0.0 loss=1.0187643766403198 epoch=249 and step=30
2026-02-17 00:28:05,158 - SplitNNServer - INFO - 26252 - phase=train acc=0.24390243902439024 loss=0.5218802094459534 epoch=249 and step=40
2026-02-17 00:28:05,583 - SplitNNClient - INFO - 34892 - worker_num=5 epoch_send=8969599906 epoch_receive=3318128100 total_send=8969599906 total_receive=3318128100 send_by_category={'OTHER': 22064, 'ACTS': 8969469552, 'MODEL': 108290} recv_by_category={'OTHER': 5600, 'MODEL': 110500, 'GRADS': 3318012000} send_by_type={10: 5600, 2: 8969469552, 7: 108290, 3: 5488, 4: 5488, 6: 5488} recv_by_type={6: 5600, 8: 110500, 1: 3318012000}
2026-02-17 00:28:07,163 - CommBreakdown - INFO - 34892 - rank=5 node_type=client total_send=9084891300 total_receive=3318128100 send_by_category={'ACTS': 9084758400, 'MODEL': 110500, 'OTHER': 22400} recv_by_category={'GRADS': 3318012000, 'MODEL': 110500, 'OTHER': 5600} send_by_type={2: 9084758400, 7: 110500, 10: 5600, 3: 5600, 4: 5600, 6: 5488, 5: 112} recv_by_type={1: 3318012000, 8: 110500, 6: 5600} mm_send_by_type={2: 9084584800, 7: 109100, 10: 4200, 3: 4200, 4: 4200, 6: 4116, 5: 84} mm_recv_by_type={1: 3318012000, 8: 110500, 6: 5600}
2026-02-17 00:28:07,165 - SplitNNServer - INFO - 26252 - phase=validation acc=0.0982 loss=4.965682289268397 epoch=249 and step=79
2026-02-17 00:28:07,188 - CommBreakdown - INFO - 26252 - rank=0 node_type=server total_send=17401680450 total_receive=46236061300 send_by_category={'GRADS': 17401129600, 'MODEL': 550290, 'OTHER': 560} recv_by_category={'ACTS': 46235424800, 'MODEL': 552500, 'OTHER': 84000} send_by_type={1: 17401129600, 8: 550290, 5: 560} recv_by_type={2: 46235424800, 7: 552500, 3: 28000, 4: 28000, 10: 27888, 5: 112} mm_send_by_type={1: 17400799200, 8: 543318, 5: 420} mm_recv_by_type={2: 46235424800, 7: 552500, 3: 28000, 4: 28000, 10: 27888}
2026-02-17 00:28:07,196 - CommBreakdown - INFO - 33532 - rank=4 node_type=client total_send=9232460900 total_receive=3465595412 send_by_category={'ACTS': 9232328000, 'MODEL': 110500, 'OTHER': 22400} recv_by_category={'GRADS': 3465479200, 'MODEL': 110500, 'OTHER': 5712} send_by_type={2: 9232328000, 7: 110500, 10: 5600, 3: 5600, 4: 5600, 6: 5600} recv_by_type={1: 3465479200, 8: 110500, 6: 5600, 5: 112} mm_send_by_type={2: 9232151600, 7: 109100, 10: 4200, 3: 4200, 4: 4200, 6: 4200} mm_recv_by_type={1: 3465479200, 8: 110500, 6: 5600, 5: 112}
2026-02-17 00:28:07,223 - init_server - INFO - 26252 - Server run end
