2026-02-10 19:47:17,254 - datasetFactory - INFO - 28428 - mnist
2026-02-10 19:47:17,254 - datasetFactory - INFO - 27888 - mnist
2026-02-10 19:47:17,255 - TorchvisionDatasetController - INFO - 28428 - <bound method DataPartitioner.hetero of <datasets.Partition_Data.DataPartitioner object at 0x000001D1A7256F60>>
2026-02-10 19:47:17,255 - DataPartitioner - INFO - 28428 - hetero
2026-02-10 19:47:17,255 - TorchvisionDatasetController - INFO - 28428 - D:\phd\Split-Experiments\Split-Framework\datasets\downloads
2026-02-10 19:47:17,255 - TorchvisionDatasetController - INFO - 27888 - <bound method DataPartitioner.hetero of <datasets.Partition_Data.DataPartitioner object at 0x0000022CFC09CC80>>
2026-02-10 19:47:17,256 - DataPartitioner - INFO - 27888 - hetero
2026-02-10 19:47:17,256 - TorchvisionDatasetController - INFO - 27888 - D:\phd\Split-Experiments\Split-Framework\datasets\downloads
2026-02-10 19:47:17,256 - datasetFactory - INFO - 21308 - mnist
2026-02-10 19:47:17,257 - TorchvisionDatasetController - INFO - 21308 - <bound method DataPartitioner.hetero of <datasets.Partition_Data.DataPartitioner object at 0x0000023FACEAC7A0>>
2026-02-10 19:47:17,257 - DataPartitioner - INFO - 21308 - hetero
2026-02-10 19:47:17,257 - TorchvisionDatasetController - INFO - 21308 - D:\phd\Split-Experiments\Split-Framework\datasets\downloads
2026-02-10 19:47:17,263 - datasetFactory - INFO - 16028 - mnist
2026-02-10 19:47:17,263 - TorchvisionDatasetController - INFO - 16028 - <bound method DataPartitioner.hetero of <datasets.Partition_Data.DataPartitioner object at 0x0000010A20EA4800>>
2026-02-10 19:47:17,264 - DataPartitioner - INFO - 16028 - hetero
2026-02-10 19:47:17,264 - TorchvisionDatasetController - INFO - 16028 - D:\phd\Split-Experiments\Split-Framework\datasets\downloads
2026-02-10 19:47:17,273 - datasetFactory - INFO - 24456 - mnist
2026-02-10 19:47:17,274 - datasetFactory - INFO - 5872 - mnist
2026-02-10 19:47:17,274 - TorchvisionDatasetController - INFO - 24456 - <bound method DataPartitioner.hetero of <datasets.Partition_Data.DataPartitioner object at 0x00000284C777D220>>
2026-02-10 19:47:17,274 - DataPartitioner - INFO - 24456 - hetero
2026-02-10 19:47:17,274 - TorchvisionDatasetController - INFO - 24456 - D:\phd\Split-Experiments\Split-Framework\datasets\downloads
2026-02-10 19:47:17,274 - TorchvisionDatasetController - INFO - 5872 - <bound method DataPartitioner.hetero of <datasets.Partition_Data.DataPartitioner object at 0x000001924319D130>>
2026-02-10 19:47:17,274 - DataPartitioner - INFO - 5872 - hetero
2026-02-10 19:47:17,274 - TorchvisionDatasetController - INFO - 5872 - D:\phd\Split-Experiments\Split-Framework\datasets\downloads
2026-02-10 19:47:17,339 - DataPartitioner - INFO - 27888 - traindata_cls_counts: {0: {0: 602, 2: 796, 3: 789, 4: 386, 5: 117, 6: 546, 7: 190, 8: 107, 9: 560}, 1: {0: 820, 1: 2411, 2: 2824, 3: 1029, 4: 1113, 5: 134, 6: 2, 7: 19, 8: 645, 9: 1393}, 2: {0: 770, 1: 25, 2: 669, 3: 801, 4: 2213, 5: 26, 6: 7, 7: 16, 8: 450, 9: 225}, 3: {0: 237, 1: 923, 2: 396, 3: 227, 4: 493, 5: 235, 6: 468, 7: 149, 8: 2222}, 4: {0: 241, 1: 409, 2: 58, 3: 978, 4: 344, 5: 62, 6: 87, 7: 55, 8: 75, 9: 228}, 5: {0: 103, 1: 356, 3: 8, 4: 383, 5: 28, 6: 2121, 7: 553, 8: 663, 9: 996}, 6: {0: 1430, 1: 2487, 2: 58, 3: 222, 4: 527, 5: 538, 6: 128, 7: 2920, 8: 801, 9: 591}, 7: {0: 554, 1: 1, 2: 160, 3: 43, 5: 1474, 6: 2450, 7: 1604, 8: 34, 9: 1875}, 8: {0: 234, 1: 100, 2: 867, 3: 979, 4: 62, 5: 2337, 6: 92, 7: 644, 8: 846, 9: 70}, 9: {0: 932, 1: 30, 2: 130, 3: 1055, 4: 321, 5: 470, 6: 17, 7: 115, 8: 8, 9: 11}}
2026-02-10 19:47:17,339 - DataPartitioner - INFO - 28428 - traindata_cls_counts: {0: {0: 602, 2: 796, 3: 789, 4: 386, 5: 117, 6: 546, 7: 190, 8: 107, 9: 560}, 1: {0: 820, 1: 2411, 2: 2824, 3: 1029, 4: 1113, 5: 134, 6: 2, 7: 19, 8: 645, 9: 1393}, 2: {0: 770, 1: 25, 2: 669, 3: 801, 4: 2213, 5: 26, 6: 7, 7: 16, 8: 450, 9: 225}, 3: {0: 237, 1: 923, 2: 396, 3: 227, 4: 493, 5: 235, 6: 468, 7: 149, 8: 2222}, 4: {0: 241, 1: 409, 2: 58, 3: 978, 4: 344, 5: 62, 6: 87, 7: 55, 8: 75, 9: 228}, 5: {0: 103, 1: 356, 3: 8, 4: 383, 5: 28, 6: 2121, 7: 553, 8: 663, 9: 996}, 6: {0: 1430, 1: 2487, 2: 58, 3: 222, 4: 527, 5: 538, 6: 128, 7: 2920, 8: 801, 9: 591}, 7: {0: 554, 1: 1, 2: 160, 3: 43, 5: 1474, 6: 2450, 7: 1604, 8: 34, 9: 1875}, 8: {0: 234, 1: 100, 2: 867, 3: 979, 4: 62, 5: 2337, 6: 92, 7: 644, 8: 846, 9: 70}, 9: {0: 932, 1: 30, 2: 130, 3: 1055, 4: 321, 5: 470, 6: 17, 7: 115, 8: 8, 9: 11}}
2026-02-10 19:47:17,339 - TorchvisionDatasetController - INFO - 27888 - rank = 4, local_sample_number = 5350
2026-02-10 19:47:17,408 - DataPartitioner - INFO - 16028 - traindata_cls_counts: {0: {0: 602, 2: 796, 3: 789, 4: 386, 5: 117, 6: 546, 7: 190, 8: 107, 9: 560}, 1: {0: 820, 1: 2411, 2: 2824, 3: 1029, 4: 1113, 5: 134, 6: 2, 7: 19, 8: 645, 9: 1393}, 2: {0: 770, 1: 25, 2: 669, 3: 801, 4: 2213, 5: 26, 6: 7, 7: 16, 8: 450, 9: 225}, 3: {0: 237, 1: 923, 2: 396, 3: 227, 4: 493, 5: 235, 6: 468, 7: 149, 8: 2222}, 4: {0: 241, 1: 409, 2: 58, 3: 978, 4: 344, 5: 62, 6: 87, 7: 55, 8: 75, 9: 228}, 5: {0: 103, 1: 356, 3: 8, 4: 383, 5: 28, 6: 2121, 7: 553, 8: 663, 9: 996}, 6: {0: 1430, 1: 2487, 2: 58, 3: 222, 4: 527, 5: 538, 6: 128, 7: 2920, 8: 801, 9: 591}, 7: {0: 554, 1: 1, 2: 160, 3: 43, 5: 1474, 6: 2450, 7: 1604, 8: 34, 9: 1875}, 8: {0: 234, 1: 100, 2: 867, 3: 979, 4: 62, 5: 2337, 6: 92, 7: 644, 8: 846, 9: 70}, 9: {0: 932, 1: 30, 2: 130, 3: 1055, 4: 321, 5: 470, 6: 17, 7: 115, 8: 8, 9: 11}}
2026-02-10 19:47:17,409 - TorchvisionDatasetController - INFO - 16028 - rank = 5, local_sample_number = 2537
2026-02-10 19:47:17,422 - DataPartitioner - INFO - 24456 - traindata_cls_counts: {0: {0: 602, 2: 796, 3: 789, 4: 386, 5: 117, 6: 546, 7: 190, 8: 107, 9: 560}, 1: {0: 820, 1: 2411, 2: 2824, 3: 1029, 4: 1113, 5: 134, 6: 2, 7: 19, 8: 645, 9: 1393}, 2: {0: 770, 1: 25, 2: 669, 3: 801, 4: 2213, 5: 26, 6: 7, 7: 16, 8: 450, 9: 225}, 3: {0: 237, 1: 923, 2: 396, 3: 227, 4: 493, 5: 235, 6: 468, 7: 149, 8: 2222}, 4: {0: 241, 1: 409, 2: 58, 3: 978, 4: 344, 5: 62, 6: 87, 7: 55, 8: 75, 9: 228}, 5: {0: 103, 1: 356, 3: 8, 4: 383, 5: 28, 6: 2121, 7: 553, 8: 663, 9: 996}, 6: {0: 1430, 1: 2487, 2: 58, 3: 222, 4: 527, 5: 538, 6: 128, 7: 2920, 8: 801, 9: 591}, 7: {0: 554, 1: 1, 2: 160, 3: 43, 5: 1474, 6: 2450, 7: 1604, 8: 34, 9: 1875}, 8: {0: 234, 1: 100, 2: 867, 3: 979, 4: 62, 5: 2337, 6: 92, 7: 644, 8: 846, 9: 70}, 9: {0: 932, 1: 30, 2: 130, 3: 1055, 4: 321, 5: 470, 6: 17, 7: 115, 8: 8, 9: 11}}
2026-02-10 19:47:17,423 - TorchvisionDatasetController - INFO - 24456 - rank = 1, local_sample_number = 4093
2026-02-10 19:47:17,431 - DataPartitioner - INFO - 5872 - traindata_cls_counts: {0: {0: 602, 2: 796, 3: 789, 4: 386, 5: 117, 6: 546, 7: 190, 8: 107, 9: 560}, 1: {0: 820, 1: 2411, 2: 2824, 3: 1029, 4: 1113, 5: 134, 6: 2, 7: 19, 8: 645, 9: 1393}, 2: {0: 770, 1: 25, 2: 669, 3: 801, 4: 2213, 5: 26, 6: 7, 7: 16, 8: 450, 9: 225}, 3: {0: 237, 1: 923, 2: 396, 3: 227, 4: 493, 5: 235, 6: 468, 7: 149, 8: 2222}, 4: {0: 241, 1: 409, 2: 58, 3: 978, 4: 344, 5: 62, 6: 87, 7: 55, 8: 75, 9: 228}, 5: {0: 103, 1: 356, 3: 8, 4: 383, 5: 28, 6: 2121, 7: 553, 8: 663, 9: 996}, 6: {0: 1430, 1: 2487, 2: 58, 3: 222, 4: 527, 5: 538, 6: 128, 7: 2920, 8: 801, 9: 591}, 7: {0: 554, 1: 1, 2: 160, 3: 43, 5: 1474, 6: 2450, 7: 1604, 8: 34, 9: 1875}, 8: {0: 234, 1: 100, 2: 867, 3: 979, 4: 62, 5: 2337, 6: 92, 7: 644, 8: 846, 9: 70}, 9: {0: 932, 1: 30, 2: 130, 3: 1055, 4: 321, 5: 470, 6: 17, 7: 115, 8: 8, 9: 11}}
2026-02-10 19:47:17,433 - TorchvisionDatasetController - INFO - 5872 - rank = 3, local_sample_number = 5202
2026-02-10 19:47:17,440 - DataPartitioner - INFO - 21308 - traindata_cls_counts: {0: {0: 602, 2: 796, 3: 789, 4: 386, 5: 117, 6: 546, 7: 190, 8: 107, 9: 560}, 1: {0: 820, 1: 2411, 2: 2824, 3: 1029, 4: 1113, 5: 134, 6: 2, 7: 19, 8: 645, 9: 1393}, 2: {0: 770, 1: 25, 2: 669, 3: 801, 4: 2213, 5: 26, 6: 7, 7: 16, 8: 450, 9: 225}, 3: {0: 237, 1: 923, 2: 396, 3: 227, 4: 493, 5: 235, 6: 468, 7: 149, 8: 2222}, 4: {0: 241, 1: 409, 2: 58, 3: 978, 4: 344, 5: 62, 6: 87, 7: 55, 8: 75, 9: 228}, 5: {0: 103, 1: 356, 3: 8, 4: 383, 5: 28, 6: 2121, 7: 553, 8: 663, 9: 996}, 6: {0: 1430, 1: 2487, 2: 58, 3: 222, 4: 527, 5: 538, 6: 128, 7: 2920, 8: 801, 9: 591}, 7: {0: 554, 1: 1, 2: 160, 3: 43, 5: 1474, 6: 2450, 7: 1604, 8: 34, 9: 1875}, 8: {0: 234, 1: 100, 2: 867, 3: 979, 4: 62, 5: 2337, 6: 92, 7: 644, 8: 846, 9: 70}, 9: {0: 932, 1: 30, 2: 130, 3: 1055, 4: 321, 5: 470, 6: 17, 7: 115, 8: 8, 9: 11}}
2026-02-10 19:47:17,441 - TorchvisionDatasetController - INFO - 21308 - rank = 2, local_sample_number = 10390
2026-02-10 19:47:17,481 - TorchvisionDatasetController - INFO - 27888 - process_id = 4, batch_num_train_local = 41, batch_num_test_local = 79
2026-02-10 19:47:17,489 - main - INFO - 27888 - Process 4 initialized with device: cpu
2026-02-10 19:47:17,489 - TorchvisionDatasetController - INFO - 28428 - train_dl_global number = 468
2026-02-10 19:47:17,489 - TorchvisionDatasetController - INFO - 28428 - test_dl_global number = 79
2026-02-10 19:47:17,489 - SplitNN_distributed - INFO - 27888 - process_id == client_rank : 4
2026-02-10 19:47:17,495 - main - INFO - 28428 - Process 0 initialized with device: cpu
2026-02-10 19:47:17,495 - SplitNN_distributed - INFO - 28428 - process_id == server_rank : 0
2026-02-10 19:47:17,512 - TorchvisionDatasetController - INFO - 16028 - process_id = 5, batch_num_train_local = 19, batch_num_test_local = 79
2026-02-10 19:47:17,518 - main - INFO - 16028 - Process 5 initialized with device: cpu
2026-02-10 19:47:17,518 - SplitNN_distributed - INFO - 16028 - process_id == client_rank : 5
2026-02-10 19:47:17,530 - TorchvisionDatasetController - INFO - 24456 - process_id = 1, batch_num_train_local = 31, batch_num_test_local = 79
2026-02-10 19:47:17,535 - init_client - INFO - 27888 - Client 4 run begin
2026-02-10 19:47:17,536 - main - INFO - 24456 - Process 1 initialized with device: cpu
2026-02-10 19:47:17,536 - SplitNN_distributed - INFO - 24456 - process_id == client_rank : 1
2026-02-10 19:47:17,540 - init_server - INFO - 28428 - Server run begin vanilla
2026-02-10 19:47:17,543 - init_client - INFO - 16028 - Client 5 run begin
2026-02-10 19:47:17,545 - init_client - INFO - 24456 - Client 1 run begin
2026-02-10 19:47:17,545 - TorchvisionDatasetController - INFO - 21308 - process_id = 2, batch_num_train_local = 81, batch_num_test_local = 79
2026-02-10 19:47:17,548 - TorchvisionDatasetController - INFO - 5872 - process_id = 3, batch_num_train_local = 40, batch_num_test_local = 79
2026-02-10 19:47:17,554 - main - INFO - 21308 - Process 2 initialized with device: cpu
2026-02-10 19:47:17,555 - SplitNN_distributed - INFO - 21308 - process_id == client_rank : 2
2026-02-10 19:47:17,556 - main - INFO - 5872 - Process 3 initialized with device: cpu
2026-02-10 19:47:17,556 - SplitNN_distributed - INFO - 5872 - process_id == client_rank : 3
2026-02-10 19:47:17,562 - init_client - INFO - 21308 - Client 2 run begin
2026-02-10 19:47:17,562 - init_client - INFO - 5872 - Client 3 run begin
2026-02-10 19:47:17,765 - SplitNNServer - INFO - 28428 - phase=train acc=0.0 loss=2.608764410018921 epoch=0 and step=0
2026-02-10 19:47:19,876 - SplitNNServer - INFO - 28428 - phase=train acc=0.3899147727272727 loss=1.283620834350586 epoch=0 and step=10
2026-02-10 19:47:21,145 - SplitNNServer - INFO - 28428 - phase=train acc=0.5703125 loss=0.584335446357727 epoch=0 and step=20
2026-02-10 19:47:22,429 - SplitNNServer - INFO - 28428 - phase=train acc=0.6582661290322581 loss=0.2858750522136688 epoch=0 and step=30
2026-02-10 19:47:22,467 - SplitNNClient - INFO - 24456 - worker_num=1 epoch_send=629525 epoch_receive=45718118 total_send=629525 total_receive=45718118
2026-02-10 19:47:27,849 - SplitNNServer - INFO - 28428 - phase=validation acc=0.6779 loss=2.1785455896884582 epoch=0 and step=79
2026-02-10 19:47:30,983 - SplitNNServer - INFO - 28428 - phase=train acc=0.640625 loss=3.0817477703094482 epoch=1 and step=0
2026-02-10 19:47:32,441 - SplitNNServer - INFO - 28428 - phase=train acc=0.7400568181818182 loss=0.6175684332847595 epoch=1 and step=10
2026-02-10 19:47:33,963 - SplitNNServer - INFO - 28428 - phase=train acc=0.8136160714285714 loss=0.22450387477874756 epoch=1 and step=20
2026-02-10 19:47:35,830 - SplitNNServer - INFO - 28428 - phase=train acc=0.8417338709677419 loss=0.31220850348472595 epoch=1 and step=30
2026-02-10 19:47:37,309 - SplitNNServer - INFO - 28428 - phase=train acc=0.8612804878048781 loss=0.32634955644607544 epoch=1 and step=40
2026-02-10 19:47:38,601 - SplitNNServer - INFO - 28428 - phase=train acc=0.8771446078431373 loss=0.31683263182640076 epoch=1 and step=50
2026-02-10 19:47:39,866 - SplitNNServer - INFO - 28428 - phase=train acc=0.8896004098360656 loss=0.2037285566329956 epoch=1 and step=60
2026-02-10 19:47:41,220 - SplitNNServer - INFO - 28428 - phase=train acc=0.8997579225352113 loss=0.1358346790075302 epoch=1 and step=70
2026-02-10 19:47:42,561 - SplitNNServer - INFO - 28428 - phase=train acc=0.9076967592592593 loss=0.11387757956981659 epoch=1 and step=80
2026-02-10 19:47:42,596 - SplitNNClient - INFO - 21308 - worker_num=2 epoch_send=1617527 epoch_receive=119463411 total_send=1617527 total_receive=119463411
2026-02-10 19:47:47,761 - SplitNNServer - INFO - 28428 - phase=validation acc=0.7845 loss=1.0429800001880791 epoch=1 and step=79
2026-02-10 19:47:51,197 - SplitNNServer - INFO - 28428 - phase=train acc=0.953125 loss=0.1685093492269516 epoch=2 and step=0
2026-02-10 19:47:53,242 - SplitNNServer - INFO - 28428 - phase=train acc=0.9566761363636364 loss=0.1263059824705124 epoch=2 and step=10
2026-02-10 19:47:54,633 - SplitNNServer - INFO - 28428 - phase=train acc=0.9598214285714286 loss=0.09279659390449524 epoch=2 and step=20
2026-02-10 19:47:55,944 - SplitNNServer - INFO - 28428 - phase=train acc=0.9614415322580645 loss=0.11967143416404724 epoch=2 and step=30
2026-02-10 19:47:57,231 - SplitNNClient - INFO - 5872 - worker_num=3 epoch_send=770798 epoch_receive=58997513 total_send=770798 total_receive=58997513
2026-02-10 19:48:02,901 - SplitNNServer - INFO - 28428 - phase=validation acc=0.8124 loss=0.6903174417682841 epoch=2 and step=79
2026-02-10 19:48:06,021 - SplitNNServer - INFO - 28428 - phase=train acc=0.8359375 loss=0.6210687756538391 epoch=3 and step=0
2026-02-10 19:48:07,549 - SplitNNServer - INFO - 28428 - phase=train acc=0.9169034090909091 loss=0.19599957764148712 epoch=3 and step=10
2026-02-10 19:48:08,937 - SplitNNServer - INFO - 28428 - phase=train acc=0.9401041666666666 loss=0.15795236825942993 epoch=3 and step=20
2026-02-10 19:48:10,267 - SplitNNServer - INFO - 28428 - phase=train acc=0.9455645161290323 loss=0.08944959938526154 epoch=3 and step=30
2026-02-10 19:48:11,560 - SplitNNServer - INFO - 28428 - phase=train acc=0.9475990853658537 loss=0.13392728567123413 epoch=3 and step=40
2026-02-10 19:48:11,610 - SplitNNClient - INFO - 27888 - worker_num=4 epoch_send=816688 epoch_receive=60472291 total_send=816688 total_receive=60472291
2026-02-10 19:48:17,723 - SplitNNServer - INFO - 28428 - phase=validation acc=0.8682 loss=0.4321500938149947 epoch=3 and step=79
2026-02-10 19:48:20,882 - SplitNNServer - INFO - 28428 - phase=train acc=0.8515625 loss=0.46390995383262634 epoch=4 and step=0
2026-02-10 19:48:22,222 - SplitNNServer - INFO - 28428 - phase=train acc=0.9311079545454546 loss=0.2008514255285263 epoch=4 and step=10
2026-02-10 19:48:23,521 - SplitNNClient - INFO - 16028 - worker_num=5 epoch_send=366030 epoch_receive=28029175 total_send=366030 total_receive=28029175
2026-02-10 19:48:28,910 - SplitNNServer - INFO - 28428 - phase=validation acc=0.9331 loss=0.2107926550309492 epoch=4 and step=79
2026-02-10 19:48:32,034 - SplitNNServer - INFO - 28428 - phase=train acc=0.9375 loss=0.21888136863708496 epoch=5 and step=0
2026-02-10 19:48:33,343 - SplitNNServer - INFO - 28428 - phase=train acc=0.9552556818181818 loss=0.19459672272205353 epoch=5 and step=10
2026-02-10 19:48:34,726 - SplitNNServer - INFO - 28428 - phase=train acc=0.9572172619047619 loss=0.26878947019577026 epoch=5 and step=20
2026-02-10 19:48:36,014 - SplitNNServer - INFO - 28428 - phase=train acc=0.9564012096774194 loss=0.10990310460329056 epoch=5 and step=30
2026-02-10 19:48:36,070 - SplitNNClient - INFO - 24456 - worker_num=1 epoch_send=2806260 epoch_receive=91442629 total_send=2806260 total_receive=91442629
2026-02-10 19:48:41,273 - SplitNNServer - INFO - 28428 - phase=validation acc=0.9442 loss=0.17110869205922266 epoch=5 and step=79
2026-02-10 19:48:44,379 - SplitNNServer - INFO - 28428 - phase=train acc=0.984375 loss=0.054042186588048935 epoch=6 and step=0
2026-02-10 19:48:45,768 - SplitNNServer - INFO - 28428 - phase=train acc=0.9723011363636364 loss=0.1781010627746582 epoch=6 and step=10
2026-02-10 19:48:47,030 - SplitNNServer - INFO - 28428 - phase=train acc=0.9735863095238095 loss=0.157444030046463 epoch=6 and step=20
2026-02-10 19:48:48,330 - SplitNNServer - INFO - 28428 - phase=train acc=0.9753024193548387 loss=0.054388221353292465 epoch=6 and step=30
2026-02-10 19:48:49,615 - SplitNNServer - INFO - 28428 - phase=train acc=0.9754192073170732 loss=0.03806954622268677 epoch=6 and step=40
2026-02-10 19:48:50,923 - SplitNNServer - INFO - 28428 - phase=train acc=0.9764093137254902 loss=0.07679857313632965 epoch=6 and step=50
2026-02-10 19:48:52,169 - SplitNNServer - INFO - 28428 - phase=train acc=0.977202868852459 loss=0.07097521424293518 epoch=6 and step=60
2026-02-10 19:48:53,515 - SplitNNServer - INFO - 28428 - phase=train acc=0.9777728873239436 loss=0.022932400926947594 epoch=6 and step=70
2026-02-10 19:48:54,780 - SplitNNServer - INFO - 28428 - phase=train acc=0.9788773148148148 loss=0.04135429114103317 epoch=6 and step=80
2026-02-10 19:48:54,827 - SplitNNClient - INFO - 21308 - worker_num=2 epoch_send=4661245 epoch_receive=238926822 total_send=4661245 total_receive=238926822
2026-02-10 19:48:59,934 - SplitNNServer - INFO - 28428 - phase=validation acc=0.9298 loss=0.21812956124732766 epoch=6 and step=79
2026-02-10 19:49:03,030 - SplitNNServer - INFO - 28428 - phase=train acc=0.96875 loss=0.12564712762832642 epoch=7 and step=0
2026-02-10 19:49:04,343 - SplitNNServer - INFO - 28428 - phase=train acc=0.9794034090909091 loss=0.035333842039108276 epoch=7 and step=10
2026-02-10 19:49:05,775 - SplitNNServer - INFO - 28428 - phase=train acc=0.9810267857142857 loss=0.06599371135234833 epoch=7 and step=20
2026-02-10 19:49:07,043 - SplitNNServer - INFO - 28428 - phase=train acc=0.9813508064516129 loss=0.04840241000056267 epoch=7 and step=30
2026-02-10 19:49:08,320 - SplitNNClient - INFO - 5872 - worker_num=3 epoch_send=3118847 epoch_receive=117997026 total_send=3118847 total_receive=117997026
2026-02-10 19:49:13,498 - SplitNNServer - INFO - 28428 - phase=validation acc=0.8905 loss=0.35422436421430564 epoch=7 and step=79
2026-02-10 19:49:16,591 - SplitNNServer - INFO - 28428 - phase=train acc=0.953125 loss=0.14002291858196259 epoch=8 and step=0
2026-02-10 19:49:17,989 - SplitNNServer - INFO - 28428 - phase=train acc=0.9659090909090909 loss=0.11680565029382706 epoch=8 and step=10
2026-02-10 19:49:19,368 - SplitNNServer - INFO - 28428 - phase=train acc=0.9694940476190477 loss=0.031191283836960793 epoch=8 and step=20
2026-02-10 19:49:20,684 - SplitNNServer - INFO - 28428 - phase=train acc=0.9732862903225806 loss=0.09410886466503143 epoch=8 and step=30
2026-02-10 19:49:21,970 - SplitNNServer - INFO - 28428 - phase=train acc=0.9765625 loss=0.06854397058486938 epoch=8 and step=40
2026-02-10 19:49:22,008 - SplitNNClient - INFO - 27888 - worker_num=4 epoch_send=3205074 epoch_receive=120944582 total_send=3205074 total_receive=120944582
2026-02-10 19:49:27,165 - SplitNNServer - INFO - 28428 - phase=validation acc=0.8907 loss=0.3479416146874428 epoch=8 and step=79
2026-02-10 19:49:30,264 - SplitNNServer - INFO - 28428 - phase=train acc=0.921875 loss=0.27474257349967957 epoch=9 and step=0
2026-02-10 19:49:31,528 - SplitNNServer - INFO - 28428 - phase=train acc=0.9609375 loss=0.032102007418870926 epoch=9 and step=10
2026-02-10 19:49:32,614 - SplitNNClient - INFO - 16028 - worker_num=5 epoch_send=2263993 epoch_receive=56058438 total_send=2263993 total_receive=56058438
2026-02-10 19:49:37,906 - SplitNNServer - INFO - 28428 - phase=validation acc=0.9424 loss=0.16506200752963748 epoch=9 and step=79
2026-02-10 19:49:41,037 - SplitNNServer - INFO - 28428 - phase=train acc=0.9296875 loss=0.15340720117092133 epoch=10 and step=0
2026-02-10 19:49:42,363 - SplitNNServer - INFO - 28428 - phase=train acc=0.9566761363636364 loss=0.09270451217889786 epoch=10 and step=10
2026-02-10 19:49:43,677 - SplitNNServer - INFO - 28428 - phase=train acc=0.9661458333333334 loss=0.09052606672048569 epoch=10 and step=20
2026-02-10 19:49:44,974 - SplitNNServer - INFO - 28428 - phase=train acc=0.9682459677419355 loss=0.057051341980695724 epoch=10 and step=30
2026-02-10 19:49:45,019 - SplitNNClient - INFO - 24456 - worker_num=1 epoch_send=4915018 epoch_receive=137167140 total_send=4915018 total_receive=137167140
2026-02-10 19:49:50,435 - SplitNNServer - INFO - 28428 - phase=validation acc=0.9659 loss=0.10457365766544885 epoch=10 and step=79
2026-02-10 19:49:53,570 - SplitNNServer - INFO - 28428 - phase=train acc=0.984375 loss=0.05797668546438217 epoch=11 and step=0
2026-02-10 19:49:55,307 - SplitNNServer - INFO - 28428 - phase=train acc=0.9815340909090909 loss=0.02838124893605709 epoch=11 and step=10
2026-02-10 19:49:56,613 - SplitNNServer - INFO - 28428 - phase=train acc=0.9851190476190477 loss=0.00816459208726883 epoch=11 and step=20
2026-02-10 19:49:58,012 - SplitNNServer - INFO - 28428 - phase=train acc=0.985383064516129 loss=0.037403009831905365 epoch=11 and step=30
2026-02-10 19:49:59,415 - SplitNNServer - INFO - 28428 - phase=train acc=0.9857088414634146 loss=0.016023600473999977 epoch=11 and step=40
2026-02-10 19:50:01,049 - SplitNNServer - INFO - 28428 - phase=train acc=0.9868259803921569 loss=0.04344841092824936 epoch=11 and step=50
2026-02-10 19:50:02,685 - SplitNNServer - INFO - 28428 - phase=train acc=0.9873206967213115 loss=0.04372808337211609 epoch=11 and step=60
2026-02-10 19:50:04,191 - SplitNNServer - INFO - 28428 - phase=train acc=0.9870158450704225 loss=0.03777600824832916 epoch=11 and step=70
2026-02-10 19:50:05,689 - SplitNNServer - INFO - 28428 - phase=train acc=0.9870756172839507 loss=0.04215791076421738 epoch=11 and step=80
2026-02-10 19:50:05,738 - SplitNNClient - INFO - 21308 - worker_num=2 epoch_send=7646539 epoch_receive=358392321 total_send=7646539 total_receive=358392321
2026-02-10 19:50:11,867 - SplitNNServer - INFO - 28428 - phase=validation acc=0.9371 loss=0.19366677283439077 epoch=11 and step=79
2026-02-10 19:50:14,951 - SplitNNServer - INFO - 28428 - phase=train acc=0.984375 loss=0.06821770966053009 epoch=12 and step=0
2026-02-10 19:50:16,390 - SplitNNServer - INFO - 28428 - phase=train acc=0.9857954545454546 loss=0.024522703140974045 epoch=12 and step=10
2026-02-10 19:50:17,758 - SplitNNServer - INFO - 28428 - phase=train acc=0.9854910714285714 loss=0.07548373192548752 epoch=12 and step=20
2026-02-10 19:50:19,068 - SplitNNServer - INFO - 28428 - phase=train acc=0.9866431451612904 loss=0.013045965693891048 epoch=12 and step=30
2026-02-10 19:50:20,307 - SplitNNClient - INFO - 5872 - worker_num=3 epoch_send=5534873 epoch_receive=176994539 total_send=5534873 total_receive=176994539
2026-02-10 19:50:25,665 - SplitNNServer - INFO - 28428 - phase=validation acc=0.9378 loss=0.19099535400495876 epoch=12 and step=79
2026-02-10 19:50:28,761 - SplitNNServer - INFO - 28428 - phase=train acc=0.9765625 loss=0.09254791587591171 epoch=13 and step=0
2026-02-10 19:50:30,045 - SplitNNServer - INFO - 28428 - phase=train acc=0.9779829545454546 loss=0.026624184101819992 epoch=13 and step=10
2026-02-10 19:50:31,285 - SplitNNServer - INFO - 28428 - phase=train acc=0.9780505952380952 loss=0.07018245756626129 epoch=13 and step=20
2026-02-10 19:50:32,511 - SplitNNServer - INFO - 28428 - phase=train acc=0.9803427419354839 loss=0.03499816358089447 epoch=13 and step=30
2026-02-10 19:50:33,733 - SplitNNServer - INFO - 28428 - phase=train acc=0.9818978658536586 loss=0.008451084606349468 epoch=13 and step=40
2026-02-10 19:50:33,799 - SplitNNClient - INFO - 27888 - worker_num=4 epoch_send=5525571 epoch_receive=181418873 total_send=5525571 total_receive=181418873
2026-02-10 19:50:39,189 - SplitNNServer - INFO - 28428 - phase=validation acc=0.9402 loss=0.1744687657897608 epoch=13 and step=79
2026-02-10 19:50:42,283 - SplitNNServer - INFO - 28428 - phase=train acc=0.9609375 loss=0.15185272693634033 epoch=14 and step=0
2026-02-10 19:50:43,614 - SplitNNServer - INFO - 28428 - phase=train acc=0.9815340909090909 loss=0.05510204657912254 epoch=14 and step=10
2026-02-10 19:50:44,801 - SplitNNClient - INFO - 16028 - worker_num=5 epoch_send=4169509 epoch_receive=84087613 total_send=4169509 total_receive=84087613
2026-02-10 19:50:50,190 - SplitNNServer - INFO - 28428 - phase=validation acc=0.9622 loss=0.11047238082613182 epoch=14 and step=79
2026-02-10 19:50:53,294 - SplitNNServer - INFO - 28428 - phase=train acc=0.9296875 loss=0.12138532102108002 epoch=15 and step=0
2026-02-10 19:50:54,671 - SplitNNServer - INFO - 28428 - phase=train acc=0.9730113636363636 loss=0.040924765169620514 epoch=15 and step=10
2026-02-10 19:50:55,965 - SplitNNServer - INFO - 28428 - phase=train acc=0.9739583333333334 loss=0.0504101999104023 epoch=15 and step=20
2026-02-10 19:50:57,232 - SplitNNServer - INFO - 28428 - phase=train acc=0.9773185483870968 loss=0.0454757921397686 epoch=15 and step=30
2026-02-10 19:50:57,284 - SplitNNClient - INFO - 24456 - worker_num=1 epoch_send=7093841 epoch_receive=182893651 total_send=7093841 total_receive=182893651
2026-02-10 19:51:02,672 - SplitNNServer - INFO - 28428 - phase=validation acc=0.9695 loss=0.08941747052477131 epoch=15 and step=79
2026-02-10 19:51:05,759 - SplitNNServer - INFO - 28428 - phase=train acc=0.96875 loss=0.09292066097259521 epoch=16 and step=0
2026-02-10 19:51:07,128 - SplitNNServer - INFO - 28428 - phase=train acc=0.9872159090909091 loss=0.028643108904361725 epoch=16 and step=10
2026-02-10 19:51:08,449 - SplitNNServer - INFO - 28428 - phase=train acc=0.9869791666666666 loss=0.02043754979968071 epoch=16 and step=20
2026-02-10 19:51:09,753 - SplitNNServer - INFO - 28428 - phase=train acc=0.9886592741935484 loss=0.01751631312072277 epoch=16 and step=30
2026-02-10 19:51:11,060 - SplitNNServer - INFO - 28428 - phase=train acc=0.9889481707317073 loss=0.03300376608967781 epoch=16 and step=40
2026-02-10 19:51:12,337 - SplitNNServer - INFO - 28428 - phase=train acc=0.9897365196078431 loss=0.008576576597988605 epoch=16 and step=50
2026-02-10 19:51:13,569 - SplitNNServer - INFO - 28428 - phase=train acc=0.9898821721311475 loss=0.014818187803030014 epoch=16 and step=60
2026-02-10 19:51:14,842 - SplitNNServer - INFO - 28428 - phase=train acc=0.9898767605633803 loss=0.02635640650987625 epoch=16 and step=70
2026-02-10 19:51:16,267 - SplitNNServer - INFO - 28428 - phase=train acc=0.9899691358024691 loss=0.007899914868175983 epoch=16 and step=80
2026-02-10 19:51:16,323 - SplitNNClient - INFO - 21308 - worker_num=2 epoch_send=10728022 epoch_receive=477855732 total_send=10728022 total_receive=477855732
2026-02-10 19:51:21,461 - SplitNNServer - INFO - 28428 - phase=validation acc=0.9532 loss=0.14290729000032704 epoch=16 and step=79
2026-02-10 19:51:24,567 - SplitNNServer - INFO - 28428 - phase=train acc=0.984375 loss=0.04038752242922783 epoch=17 and step=0
2026-02-10 19:51:25,938 - SplitNNServer - INFO - 28428 - phase=train acc=0.9865056818181818 loss=0.01550249196588993 epoch=17 and step=10
2026-02-10 19:51:27,293 - SplitNNServer - INFO - 28428 - phase=train acc=0.9854910714285714 loss=0.006217063870280981 epoch=17 and step=20
2026-02-10 19:51:28,483 - SplitNNServer - INFO - 28428 - phase=train acc=0.9871471774193549 loss=0.017369061708450317 epoch=17 and step=30
2026-02-10 19:51:29,699 - SplitNNClient - INFO - 5872 - worker_num=3 epoch_send=7900028 epoch_receive=235992052 total_send=7900028 total_receive=235992052
2026-02-10 19:51:34,910 - SplitNNServer - INFO - 28428 - phase=validation acc=0.9408 loss=0.1842237425072095 epoch=17 and step=79
2026-02-10 19:51:38,036 - SplitNNServer - INFO - 28428 - phase=train acc=0.9609375 loss=0.16073182225227356 epoch=18 and step=0
2026-02-10 19:51:39,349 - SplitNNServer - INFO - 28428 - phase=train acc=0.9815340909090909 loss=0.007898150943219662 epoch=18 and step=10
2026-02-10 19:51:40,715 - SplitNNServer - INFO - 28428 - phase=train acc=0.9802827380952381 loss=0.017721854150295258 epoch=18 and step=20
2026-02-10 19:51:42,075 - SplitNNServer - INFO - 28428 - phase=train acc=0.9810987903225806 loss=0.02396000549197197 epoch=18 and step=30
2026-02-10 19:51:43,520 - SplitNNServer - INFO - 28428 - phase=train acc=0.9832317073170732 loss=0.01102173700928688 epoch=18 and step=40
2026-02-10 19:51:43,561 - SplitNNClient - INFO - 27888 - worker_num=4 epoch_send=7913957 epoch_receive=241893164 total_send=7913957 total_receive=241893164
2026-02-10 19:51:48,682 - SplitNNServer - INFO - 28428 - phase=validation acc=0.9505 loss=0.1517270780581085 epoch=18 and step=79
2026-02-10 19:51:51,782 - SplitNNServer - INFO - 28428 - phase=train acc=0.9375 loss=0.14406335353851318 epoch=19 and step=0
2026-02-10 19:51:53,132 - SplitNNServer - INFO - 28428 - phase=train acc=0.9829545454545454 loss=0.028849970549345016 epoch=19 and step=10
2026-02-10 19:51:54,339 - SplitNNClient - INFO - 16028 - worker_num=5 epoch_send=6152555 epoch_receive=112116788 total_send=6152555 total_receive=112116788
2026-02-10 19:51:59,440 - SplitNNServer - INFO - 28428 - phase=validation acc=0.9699 loss=0.0900477242443852 epoch=19 and step=79
2026-02-10 19:52:02,555 - SplitNNServer - INFO - 28428 - phase=train acc=0.9921875 loss=0.06500599533319473 epoch=20 and step=0
2026-02-10 19:52:03,899 - SplitNNServer - INFO - 28428 - phase=train acc=0.9865056818181818 loss=0.033231813460588455 epoch=20 and step=10
2026-02-10 19:52:05,373 - SplitNNServer - INFO - 28428 - phase=train acc=0.9840029761904762 loss=0.11567990481853485 epoch=20 and step=20
2026-02-10 19:52:07,126 - SplitNNServer - INFO - 28428 - phase=train acc=0.983366935483871 loss=0.01608322560787201 epoch=20 and step=30
2026-02-10 19:52:07,184 - SplitNNClient - INFO - 24456 - worker_num=1 epoch_send=9323447 epoch_receive=228620250 total_send=9323447 total_receive=228620250
2026-02-10 19:52:12,446 - SplitNNServer - INFO - 28428 - phase=validation acc=0.9761 loss=0.07439665713264973 epoch=20 and step=79
2026-02-10 19:52:15,573 - SplitNNServer - INFO - 28428 - phase=train acc=0.9921875 loss=0.04283185675740242 epoch=21 and step=0
2026-02-10 19:52:16,806 - SplitNNServer - INFO - 28428 - phase=train acc=0.9865056818181818 loss=0.0941421240568161 epoch=21 and step=10
2026-02-10 19:52:18,003 - SplitNNServer - INFO - 28428 - phase=train acc=0.9895833333333334 loss=0.03294042497873306 epoch=21 and step=20
2026-02-10 19:52:19,392 - SplitNNServer - INFO - 28428 - phase=train acc=0.991179435483871 loss=0.018076559528708458 epoch=21 and step=30
2026-02-10 19:52:20,728 - SplitNNServer - INFO - 28428 - phase=train acc=0.9918064024390244 loss=0.04700038582086563 epoch=21 and step=40
2026-02-10 19:52:22,037 - SplitNNServer - INFO - 28428 - phase=train acc=0.9921875 loss=0.0052518355660140514 epoch=21 and step=50
2026-02-10 19:52:23,625 - SplitNNServer - INFO - 28428 - phase=train acc=0.9929559426229508 loss=0.016261985525488853 epoch=21 and step=60
2026-02-10 19:52:24,973 - SplitNNServer - INFO - 28428 - phase=train acc=0.9930677816901409 loss=0.008443721570074558 epoch=21 and step=70
2026-02-10 19:52:26,263 - SplitNNServer - INFO - 28428 - phase=train acc=0.9932484567901234 loss=0.02598891779780388 epoch=21 and step=80
2026-02-10 19:52:26,308 - SplitNNClient - INFO - 21308 - worker_num=2 epoch_send=13915247 epoch_receive=597321143 total_send=13915247 total_receive=597321143
2026-02-10 19:52:31,412 - SplitNNServer - INFO - 28428 - phase=validation acc=0.9578 loss=0.13339800980602262 epoch=21 and step=79
2026-02-10 19:52:34,524 - SplitNNServer - INFO - 28428 - phase=train acc=1.0 loss=0.01865171082317829 epoch=22 and step=0
2026-02-10 19:52:35,838 - SplitNNServer - INFO - 28428 - phase=train acc=0.984375 loss=0.05469300225377083 epoch=22 and step=10
2026-02-10 19:52:37,178 - SplitNNServer - INFO - 28428 - phase=train acc=0.9880952380952381 loss=0.027713190764188766 epoch=22 and step=20
2026-02-10 19:52:38,679 - SplitNNServer - INFO - 28428 - phase=train acc=0.9906754032258065 loss=0.013445875607430935 epoch=22 and step=30
2026-02-10 19:52:39,874 - SplitNNClient - INFO - 5872 - worker_num=3 epoch_send=10212312 epoch_receive=294991565 total_send=10212312 total_receive=294991565
2026-02-10 19:52:45,153 - SplitNNServer - INFO - 28428 - phase=validation acc=0.9506 loss=0.1473830144828822 epoch=22 and step=79
2026-02-10 19:52:48,286 - SplitNNServer - INFO - 28428 - phase=train acc=0.96875 loss=0.08247062563896179 epoch=23 and step=0
2026-02-10 19:52:49,539 - SplitNNServer - INFO - 28428 - phase=train acc=0.9829545454545454 loss=0.05279279127717018 epoch=23 and step=10
2026-02-10 19:52:50,783 - SplitNNServer - INFO - 28428 - phase=train acc=0.9873511904761905 loss=0.018799075856804848 epoch=23 and step=20
2026-02-10 19:52:52,067 - SplitNNServer - INFO - 28428 - phase=train acc=0.9863911290322581 loss=0.017039522528648376 epoch=23 and step=30
2026-02-10 19:52:53,380 - SplitNNServer - INFO - 28428 - phase=train acc=0.9874237804878049 loss=0.01578386500477791 epoch=23 and step=40
2026-02-10 19:52:53,427 - SplitNNClient - INFO - 27888 - worker_num=4 epoch_send=10257025 epoch_receive=302367455 total_send=10257025 total_receive=302367455
2026-02-10 19:52:58,678 - SplitNNServer - INFO - 28428 - phase=validation acc=0.9506 loss=0.1546021095076222 epoch=23 and step=79
2026-02-10 19:53:01,778 - SplitNNServer - INFO - 28428 - phase=train acc=0.9765625 loss=0.08712015300989151 epoch=24 and step=0
2026-02-10 19:53:03,082 - SplitNNServer - INFO - 28428 - phase=train acc=0.984375 loss=0.05077989026904106 epoch=24 and step=10
2026-02-10 19:53:04,303 - SplitNNClient - INFO - 16028 - worker_num=5 epoch_send=8075265 epoch_receive=140145963 total_send=8075265 total_receive=140145963
2026-02-10 19:53:09,686 - SplitNNServer - INFO - 28428 - phase=validation acc=0.9645 loss=0.10224887119500037 epoch=24 and step=79
2026-02-10 19:53:12,815 - SplitNNServer - INFO - 28428 - phase=train acc=0.984375 loss=0.04602256789803505 epoch=25 and step=0
2026-02-10 19:53:14,199 - SplitNNServer - INFO - 28428 - phase=train acc=0.9794034090909091 loss=0.05336320027709007 epoch=25 and step=10
2026-02-10 19:53:15,515 - SplitNNServer - INFO - 28428 - phase=train acc=0.9866071428571429 loss=0.046485695987939835 epoch=25 and step=20
2026-02-10 19:53:16,831 - SplitNNServer - INFO - 28428 - phase=train acc=0.9873991935483871 loss=0.004794417880475521 epoch=25 and step=30
2026-02-10 19:53:16,887 - SplitNNClient - INFO - 24456 - worker_num=1 epoch_send=11570159 epoch_receive=274346761 total_send=11570159 total_receive=274346761
2026-02-10 19:53:22,112 - SplitNNServer - INFO - 28428 - phase=validation acc=0.9747 loss=0.0745103689318794 epoch=25 and step=79
2026-02-10 19:53:25,223 - SplitNNServer - INFO - 28428 - phase=train acc=0.9921875 loss=0.023420918732881546 epoch=26 and step=0
2026-02-10 19:53:26,447 - SplitNNServer - INFO - 28428 - phase=train acc=0.9865056818181818 loss=0.04335341975092888 epoch=26 and step=10
2026-02-10 19:53:27,752 - SplitNNServer - INFO - 28428 - phase=train acc=0.9910714285714286 loss=0.004636089783161879 epoch=26 and step=20
2026-02-10 19:53:29,064 - SplitNNServer - INFO - 28428 - phase=train acc=0.9914314516129032 loss=0.007289180997759104 epoch=26 and step=30
2026-02-10 19:53:30,303 - SplitNNServer - INFO - 28428 - phase=train acc=0.9914253048780488 loss=0.015375467948615551 epoch=26 and step=40
2026-02-10 19:53:31,627 - SplitNNServer - INFO - 28428 - phase=train acc=0.9923406862745098 loss=0.00849649403244257 epoch=26 and step=50
2026-02-10 19:53:32,928 - SplitNNServer - INFO - 28428 - phase=train acc=0.9930840163934426 loss=0.01041717641055584 epoch=26 and step=60
2026-02-10 19:53:34,258 - SplitNNServer - INFO - 28428 - phase=train acc=0.9936179577464789 loss=0.004753227811306715 epoch=26 and step=70
2026-02-10 19:53:35,581 - SplitNNServer - INFO - 28428 - phase=train acc=0.9939236111111112 loss=0.010376513004302979 epoch=26 and step=80
2026-02-10 19:53:35,615 - SplitNNClient - INFO - 21308 - worker_num=2 epoch_send=17112025 epoch_receive=716786554 total_send=17112025 total_receive=716786554
2026-02-10 19:53:40,978 - SplitNNServer - INFO - 28428 - phase=validation acc=0.9625 loss=0.11893058539061702 epoch=26 and step=79
2026-02-10 19:53:44,085 - SplitNNServer - INFO - 28428 - phase=train acc=0.9921875 loss=0.021536294370889664 epoch=27 and step=0
2026-02-10 19:53:45,391 - SplitNNServer - INFO - 28428 - phase=train acc=0.9943181818181818 loss=0.02321496792137623 epoch=27 and step=10
2026-02-10 19:53:46,686 - SplitNNServer - INFO - 28428 - phase=train acc=0.9947916666666666 loss=0.004106469452381134 epoch=27 and step=20
2026-02-10 19:53:47,965 - SplitNNServer - INFO - 28428 - phase=train acc=0.9952116935483871 loss=0.024384744465351105 epoch=27 and step=30
2026-02-10 19:53:49,233 - SplitNNClient - INFO - 5872 - worker_num=3 epoch_send=12585020 epoch_receive=353991078 total_send=12585020 total_receive=353991078
2026-02-10 19:53:54,412 - SplitNNServer - INFO - 28428 - phase=validation acc=0.9687 loss=0.0952978091928931 epoch=27 and step=79
2026-02-10 19:53:57,547 - SplitNNServer - INFO - 28428 - phase=train acc=0.9765625 loss=0.07485625147819519 epoch=28 and step=0
2026-02-10 19:53:58,807 - SplitNNServer - INFO - 28428 - phase=train acc=0.9872159090909091 loss=0.024706894531846046 epoch=28 and step=10
2026-02-10 19:54:00,082 - SplitNNServer - INFO - 28428 - phase=train acc=0.9869791666666666 loss=0.054436083883047104 epoch=28 and step=20
2026-02-10 19:54:01,411 - SplitNNServer - INFO - 28428 - phase=train acc=0.9891633064516129 loss=0.032518867403268814 epoch=28 and step=30
2026-02-10 19:54:02,825 - SplitNNServer - INFO - 28428 - phase=train acc=0.9910442073170732 loss=0.08000700920820236 epoch=28 and step=40
2026-02-10 19:54:02,881 - SplitNNClient - INFO - 27888 - worker_num=4 epoch_send=12630305 epoch_receive=362841746 total_send=12630305 total_receive=362841746
2026-02-10 19:54:08,074 - SplitNNServer - INFO - 28428 - phase=validation acc=0.9647 loss=0.11064164474005281 epoch=28 and step=79
2026-02-10 19:54:11,175 - SplitNNServer - INFO - 28428 - phase=train acc=1.0 loss=0.03165600821375847 epoch=29 and step=0
2026-02-10 19:54:12,653 - SplitNNServer - INFO - 28428 - phase=train acc=0.9943181818181818 loss=0.012116843834519386 epoch=29 and step=10
2026-02-10 19:54:13,905 - SplitNNClient - INFO - 16028 - worker_num=5 epoch_send=10058311 epoch_receive=168173138 total_send=10058311 total_receive=168173138
2026-02-10 19:54:19,183 - SplitNNServer - INFO - 28428 - phase=validation acc=0.9644 loss=0.10556016572975094 epoch=29 and step=79
2026-02-10 19:54:22,279 - SplitNNServer - INFO - 28428 - phase=train acc=0.984375 loss=0.05213923379778862 epoch=30 and step=0
2026-02-10 19:54:23,916 - SplitNNServer - INFO - 28428 - phase=train acc=0.9822443181818182 loss=0.07040084898471832 epoch=30 and step=10
2026-02-10 19:54:25,275 - SplitNNServer - INFO - 28428 - phase=train acc=0.9869791666666666 loss=0.007398282643407583 epoch=30 and step=20
2026-02-10 19:54:26,649 - SplitNNServer - INFO - 28428 - phase=train acc=0.9876512096774194 loss=0.04386632889509201 epoch=30 and step=30
2026-02-10 19:54:26,685 - SplitNNClient - INFO - 24456 - worker_num=1 epoch_send=13726235 epoch_receive=320073272 total_send=13726235 total_receive=320073272
2026-02-10 19:54:31,837 - SplitNNServer - INFO - 28428 - phase=validation acc=0.9825 loss=0.052047030511017466 epoch=30 and step=79
2026-02-10 19:54:34,940 - SplitNNServer - INFO - 28428 - phase=train acc=1.0 loss=0.033765871077775955 epoch=31 and step=0
2026-02-10 19:54:36,125 - SplitNNServer - INFO - 28428 - phase=train acc=0.9907670454545454 loss=0.013102248311042786 epoch=31 and step=10
2026-02-10 19:54:37,404 - SplitNNServer - INFO - 28428 - phase=train acc=0.9910714285714286 loss=0.021332399919629097 epoch=31 and step=20
2026-02-10 19:54:38,762 - SplitNNServer - INFO - 28428 - phase=train acc=0.9926915322580645 loss=0.004034727346152067 epoch=31 and step=30
2026-02-10 19:54:40,161 - SplitNNServer - INFO - 28428 - phase=train acc=0.9933307926829268 loss=0.01927598938345909 epoch=31 and step=40
2026-02-10 19:54:41,388 - SplitNNServer - INFO - 28428 - phase=train acc=0.9937193627450981 loss=0.1107695922255516 epoch=31 and step=50
2026-02-10 19:54:42,607 - SplitNNServer - INFO - 28428 - phase=train acc=0.9938524590163934 loss=0.01122654601931572 epoch=31 and step=60
2026-02-10 19:54:43,898 - SplitNNServer - INFO - 28428 - phase=train acc=0.9946082746478874 loss=0.005792778916656971 epoch=31 and step=70
2026-02-10 19:54:45,235 - SplitNNServer - INFO - 28428 - phase=train acc=0.9945987654320988 loss=0.02028055489063263 epoch=31 and step=80
2026-02-10 19:54:45,319 - SplitNNClient - INFO - 21308 - worker_num=2 epoch_send=20278591 epoch_receive=836249965 total_send=20278591 total_receive=836249965
2026-02-10 19:54:50,495 - SplitNNServer - INFO - 28428 - phase=validation acc=0.9687 loss=0.09727169536761468 epoch=31 and step=79
2026-02-10 19:54:53,621 - SplitNNServer - INFO - 28428 - phase=train acc=0.9921875 loss=0.013655525632202625 epoch=32 and step=0
2026-02-10 19:54:54,922 - SplitNNServer - INFO - 28428 - phase=train acc=0.9957386363636364 loss=0.004481218755245209 epoch=32 and step=10
2026-02-10 19:54:56,262 - SplitNNServer - INFO - 28428 - phase=train acc=0.9944196428571429 loss=0.030339926481246948 epoch=32 and step=20
2026-02-10 19:54:57,593 - SplitNNServer - INFO - 28428 - phase=train acc=0.9942036290322581 loss=0.00896397139877081 epoch=32 and step=30
2026-02-10 19:54:58,794 - SplitNNClient - INFO - 5872 - worker_num=3 epoch_send=14927516 epoch_receive=412990591 total_send=14927516 total_receive=412990591
2026-02-10 19:55:04,112 - SplitNNServer - INFO - 28428 - phase=validation acc=0.9745 loss=0.07606959194416486 epoch=32 and step=79
2026-02-10 19:55:07,237 - SplitNNServer - INFO - 28428 - phase=train acc=0.96875 loss=0.04967252165079117 epoch=33 and step=0
2026-02-10 19:55:08,559 - SplitNNServer - INFO - 28428 - phase=train acc=0.9900568181818182 loss=0.034859076142311096 epoch=33 and step=10
2026-02-10 19:55:09,930 - SplitNNServer - INFO - 28428 - phase=train acc=0.9918154761904762 loss=0.0022325438912957907 epoch=33 and step=20
2026-02-10 19:55:11,265 - SplitNNServer - INFO - 28428 - phase=train acc=0.9936995967741935 loss=0.006636456586420536 epoch=33 and step=30
2026-02-10 19:55:12,511 - SplitNNServer - INFO - 28428 - phase=train acc=0.9942835365853658 loss=0.012215408496558666 epoch=33 and step=40
2026-02-10 19:55:12,560 - SplitNNClient - INFO - 27888 - worker_num=4 epoch_send=14956267 epoch_receive=423316037 total_send=14956267 total_receive=423316037
2026-02-10 19:55:17,956 - SplitNNServer - INFO - 28428 - phase=validation acc=0.9636 loss=0.11503327168712887 epoch=33 and step=79
2026-02-10 19:55:21,090 - SplitNNServer - INFO - 28428 - phase=train acc=0.984375 loss=0.0931793749332428 epoch=34 and step=0
2026-02-10 19:55:22,426 - SplitNNServer - INFO - 28428 - phase=train acc=0.9914772727272727 loss=0.011646322906017303 epoch=34 and step=10
2026-02-10 19:55:23,813 - SplitNNClient - INFO - 16028 - worker_num=5 epoch_send=12026251 epoch_receive=196202313 total_send=12026251 total_receive=196202313
2026-02-10 19:55:28,995 - SplitNNServer - INFO - 28428 - phase=validation acc=0.9676 loss=0.10036636958093252 epoch=34 and step=79
2026-02-10 19:55:32,118 - SplitNNServer - INFO - 28428 - phase=train acc=1.0 loss=0.01520244125276804 epoch=35 and step=0
2026-02-10 19:55:33,441 - SplitNNServer - INFO - 28428 - phase=train acc=0.9928977272727273 loss=0.028030185028910637 epoch=35 and step=10
2026-02-10 19:55:34,811 - SplitNNServer - INFO - 28428 - phase=train acc=0.9936755952380952 loss=0.002357141114771366 epoch=35 and step=20
2026-02-10 19:55:36,118 - SplitNNServer - INFO - 28428 - phase=train acc=0.9936995967741935 loss=0.009757510386407375 epoch=35 and step=30
2026-02-10 19:55:36,170 - SplitNNClient - INFO - 24456 - worker_num=1 epoch_send=15880311 epoch_receive=365799783 total_send=15880311 total_receive=365799783
2026-02-10 19:55:41,465 - SplitNNServer - INFO - 28428 - phase=validation acc=0.9804 loss=0.05957804398708446 epoch=35 and step=79
2026-02-10 19:55:44,556 - SplitNNServer - INFO - 28428 - phase=train acc=0.984375 loss=0.036655981093645096 epoch=36 and step=0
2026-02-10 19:55:45,859 - SplitNNServer - INFO - 28428 - phase=train acc=0.9893465909090909 loss=0.02021757885813713 epoch=36 and step=10
2026-02-10 19:55:47,182 - SplitNNServer - INFO - 28428 - phase=train acc=0.9918154761904762 loss=0.003187396563589573 epoch=36 and step=20
2026-02-10 19:55:48,576 - SplitNNServer - INFO - 28428 - phase=train acc=0.9936995967741935 loss=0.0023613530211150646 epoch=36 and step=30
2026-02-10 19:55:49,897 - SplitNNServer - INFO - 28428 - phase=train acc=0.9940929878048781 loss=0.01978306844830513 epoch=36 and step=40
2026-02-10 19:55:51,249 - SplitNNServer - INFO - 28428 - phase=train acc=0.9946384803921569 loss=0.005511941388249397 epoch=36 and step=50
2026-02-10 19:55:52,619 - SplitNNServer - INFO - 28428 - phase=train acc=0.9951331967213115 loss=0.0010781576856970787 epoch=36 and step=60
2026-02-10 19:55:53,892 - SplitNNServer - INFO - 28428 - phase=train acc=0.995268485915493 loss=0.056175533682107925 epoch=36 and step=70
2026-02-10 19:55:55,164 - SplitNNServer - INFO - 28428 - phase=train acc=0.9955632716049383 loss=0.0048390766605734825 epoch=36 and step=80
2026-02-10 19:55:55,209 - SplitNNClient - INFO - 21308 - worker_num=2 epoch_send=23362074 epoch_receive=955715376 total_send=23362074 total_receive=955715376
2026-02-10 19:56:00,501 - SplitNNServer - INFO - 28428 - phase=validation acc=0.9599 loss=0.1334505870885251 epoch=36 and step=79
2026-02-10 19:56:03,617 - SplitNNServer - INFO - 28428 - phase=train acc=0.9921875 loss=0.017849717289209366 epoch=37 and step=0
2026-02-10 19:56:04,890 - SplitNNServer - INFO - 28428 - phase=train acc=0.9936079545454546 loss=0.05018435791134834 epoch=37 and step=10
2026-02-10 19:56:06,311 - SplitNNServer - INFO - 28428 - phase=train acc=0.9951636904761905 loss=0.01312839612364769 epoch=37 and step=20
2026-02-10 19:56:07,611 - SplitNNServer - INFO - 28428 - phase=train acc=0.9959677419354839 loss=0.007345851045101881 epoch=37 and step=30
2026-02-10 19:56:08,822 - SplitNNClient - INFO - 5872 - worker_num=3 epoch_send=17337989 epoch_receive=471990104 total_send=17337989 total_receive=471990104
2026-02-10 19:56:13,990 - SplitNNServer - INFO - 28428 - phase=validation acc=0.9657 loss=0.11025320573656855 epoch=37 and step=79
2026-02-10 19:56:17,139 - SplitNNServer - INFO - 28428 - phase=train acc=0.984375 loss=0.06473929435014725 epoch=38 and step=0
2026-02-10 19:56:18,428 - SplitNNServer - INFO - 28428 - phase=train acc=0.9893465909090909 loss=0.003250241745263338 epoch=38 and step=10
2026-02-10 19:56:19,819 - SplitNNServer - INFO - 28428 - phase=train acc=0.9918154761904762 loss=0.008229576982557774 epoch=38 and step=20
2026-02-10 19:56:21,203 - SplitNNServer - INFO - 28428 - phase=train acc=0.9934475806451613 loss=0.01333939004689455 epoch=38 and step=30
2026-02-10 19:56:22,649 - SplitNNServer - INFO - 28428 - phase=train acc=0.9940929878048781 loss=0.004672488663345575 epoch=38 and step=40
2026-02-10 19:56:22,685 - SplitNNClient - INFO - 27888 - worker_num=4 epoch_send=17321994 epoch_receive=483790328 total_send=17321994 total_receive=483790328
2026-02-10 19:56:27,936 - SplitNNServer - INFO - 28428 - phase=validation acc=0.9678 loss=0.09780315594170007 epoch=38 and step=79
2026-02-10 19:56:31,070 - SplitNNServer - INFO - 28428 - phase=train acc=0.9765625 loss=0.07601206004619598 epoch=39 and step=0
2026-02-10 19:56:32,457 - SplitNNServer - INFO - 28428 - phase=train acc=0.9928977272727273 loss=0.02003619633615017 epoch=39 and step=10
2026-02-10 19:56:33,619 - SplitNNClient - INFO - 16028 - worker_num=5 epoch_send=13971532 epoch_receive=224231488 total_send=13971532 total_receive=224231488
2026-02-10 19:56:38,859 - SplitNNServer - INFO - 28428 - phase=validation acc=0.9707 loss=0.09331934322172752 epoch=39 and step=79
2026-02-10 19:56:41,997 - SplitNNServer - INFO - 28428 - phase=train acc=0.9921875 loss=0.01805872842669487 epoch=40 and step=0
2026-02-10 19:56:43,265 - SplitNNServer - INFO - 28428 - phase=train acc=0.9907670454545454 loss=0.04037841781973839 epoch=40 and step=10
2026-02-10 19:56:44,540 - SplitNNServer - INFO - 28428 - phase=train acc=0.9929315476190477 loss=0.007960094138979912 epoch=40 and step=20
2026-02-10 19:56:45,934 - SplitNNServer - INFO - 28428 - phase=train acc=0.9936995967741935 loss=0.004379831254482269 epoch=40 and step=30
2026-02-10 19:56:45,968 - SplitNNClient - INFO - 24456 - worker_num=1 epoch_send=18021281 epoch_receive=411526294 total_send=18021281 total_receive=411526294
2026-02-10 19:56:51,214 - SplitNNServer - INFO - 28428 - phase=validation acc=0.98 loss=0.06125725197747255 epoch=40 and step=79
2026-02-10 19:56:54,335 - SplitNNServer - INFO - 28428 - phase=train acc=1.0 loss=0.015367572195827961 epoch=41 and step=0
2026-02-10 19:56:55,710 - SplitNNServer - INFO - 28428 - phase=train acc=0.9957386363636364 loss=0.0005088225589133799 epoch=41 and step=10
2026-02-10 19:56:56,981 - SplitNNServer - INFO - 28428 - phase=train acc=0.9966517857142857 loss=0.0037936861626803875 epoch=41 and step=20
2026-02-10 19:56:58,302 - SplitNNServer - INFO - 28428 - phase=train acc=0.9974798387096774 loss=0.011057395488023758 epoch=41 and step=30
2026-02-10 19:56:59,616 - SplitNNServer - INFO - 28428 - phase=train acc=0.9979039634146342 loss=0.0029528127051889896 epoch=41 and step=40
2026-02-10 19:57:00,996 - SplitNNServer - INFO - 28428 - phase=train acc=0.9980085784313726 loss=0.001084964256733656 epoch=41 and step=50
2026-02-10 19:57:02,266 - SplitNNServer - INFO - 28428 - phase=train acc=0.9979508196721312 loss=0.008598236367106438 epoch=41 and step=60
2026-02-10 19:57:03,561 - SplitNNServer - INFO - 28428 - phase=train acc=0.9980193661971831 loss=0.003180324099957943 epoch=41 and step=70
2026-02-10 19:57:04,864 - SplitNNServer - INFO - 28428 - phase=train acc=0.9981674382716049 loss=0.00239868788048625 epoch=41 and step=80
2026-02-10 19:57:04,899 - SplitNNClient - INFO - 21308 - worker_num=2 epoch_send=26536193 epoch_receive=1075180787 total_send=26536193 total_receive=1075180787
2026-02-10 19:57:10,143 - SplitNNServer - INFO - 28428 - phase=validation acc=0.9681 loss=0.10724220787398989 epoch=41 and step=79
2026-02-10 19:57:13,263 - SplitNNServer - INFO - 28428 - phase=train acc=0.984375 loss=0.023926323279738426 epoch=42 and step=0
2026-02-10 19:57:14,594 - SplitNNServer - INFO - 28428 - phase=train acc=0.9943181818181818 loss=0.004035240039229393 epoch=42 and step=10
2026-02-10 19:57:16,027 - SplitNNServer - INFO - 28428 - phase=train acc=0.9944196428571429 loss=0.008569897152483463 epoch=42 and step=20
2026-02-10 19:57:17,388 - SplitNNServer - INFO - 28428 - phase=train acc=0.9954637096774194 loss=0.0012928296346217394 epoch=42 and step=30
2026-02-10 19:57:18,636 - SplitNNClient - INFO - 5872 - worker_num=3 epoch_send=19567190 epoch_receive=530989617 total_send=19567190 total_receive=530989617
2026-02-10 19:57:24,026 - SplitNNServer - INFO - 28428 - phase=validation acc=0.9724 loss=0.08323517031790807 epoch=42 and step=79
2026-02-10 19:57:27,175 - SplitNNServer - INFO - 28428 - phase=train acc=0.9765625 loss=0.07402994483709335 epoch=43 and step=0
2026-02-10 19:57:28,463 - SplitNNServer - INFO - 28428 - phase=train acc=0.9900568181818182 loss=0.001568310079164803 epoch=43 and step=10
2026-02-10 19:57:29,693 - SplitNNServer - INFO - 28428 - phase=train acc=0.9933035714285714 loss=0.006491685286164284 epoch=43 and step=20
2026-02-10 19:57:31,092 - SplitNNServer - INFO - 28428 - phase=train acc=0.9944556451612904 loss=0.01032203808426857 epoch=43 and step=30
2026-02-10 19:57:32,395 - SplitNNServer - INFO - 28428 - phase=train acc=0.9946646341463414 loss=0.001774666365236044 epoch=43 and step=40
2026-02-10 19:57:32,421 - SplitNNClient - INFO - 27888 - worker_num=4 epoch_send=19725486 epoch_receive=544262619 total_send=19725486 total_receive=544262619
2026-02-10 19:57:37,713 - SplitNNServer - INFO - 28428 - phase=validation acc=0.9563 loss=0.14711742328267685 epoch=43 and step=79
2026-02-10 19:57:40,811 - SplitNNServer - INFO - 28428 - phase=train acc=0.96875 loss=0.08172900974750519 epoch=44 and step=0
2026-02-10 19:57:42,144 - SplitNNServer - INFO - 28428 - phase=train acc=0.9893465909090909 loss=0.011443622410297394 epoch=44 and step=10
2026-02-10 19:57:43,339 - SplitNNClient - INFO - 16028 - worker_num=5 epoch_send=15871495 epoch_receive=252260663 total_send=15871495 total_receive=252260663
2026-02-10 19:57:48,572 - SplitNNServer - INFO - 28428 - phase=validation acc=0.9754 loss=0.07147386561875833 epoch=44 and step=79
2026-02-10 19:57:51,674 - SplitNNServer - INFO - 28428 - phase=train acc=1.0 loss=0.01971593126654625 epoch=45 and step=0
2026-02-10 19:57:52,951 - SplitNNServer - INFO - 28428 - phase=train acc=0.9971590909090909 loss=0.02994675002992153 epoch=45 and step=10
2026-02-10 19:57:54,281 - SplitNNServer - INFO - 28428 - phase=train acc=0.9962797619047619 loss=0.016414396464824677 epoch=45 and step=20
2026-02-10 19:57:55,539 - SplitNNServer - INFO - 28428 - phase=train acc=0.9957157258064516 loss=0.002035083482041955 epoch=45 and step=30
2026-02-10 19:57:55,584 - SplitNNClient - INFO - 24456 - worker_num=1 epoch_send=20215122 epoch_receive=457252805 total_send=20215122 total_receive=457252805
2026-02-10 19:58:00,777 - SplitNNServer - INFO - 28428 - phase=validation acc=0.9848 loss=0.046286725381384106 epoch=45 and step=79
2026-02-10 19:58:03,874 - SplitNNServer - INFO - 28428 - phase=train acc=0.9921875 loss=0.028135530650615692 epoch=46 and step=0
2026-02-10 19:58:05,122 - SplitNNServer - INFO - 28428 - phase=train acc=0.9957386363636364 loss=0.006058183964341879 epoch=46 and step=10
2026-02-10 19:58:06,431 - SplitNNServer - INFO - 28428 - phase=train acc=0.9970238095238095 loss=0.0010510910069569945 epoch=46 and step=20
2026-02-10 19:58:07,763 - SplitNNServer - INFO - 28428 - phase=train acc=0.9974798387096774 loss=0.0018308325670659542 epoch=46 and step=30
2026-02-10 19:58:09,019 - SplitNNServer - INFO - 28428 - phase=train acc=0.9958079268292683 loss=0.014754957519471645 epoch=46 and step=40
2026-02-10 19:58:10,320 - SplitNNServer - INFO - 28428 - phase=train acc=0.9960171568627451 loss=0.02301958203315735 epoch=46 and step=50
2026-02-10 19:58:11,572 - SplitNNServer - INFO - 28428 - phase=train acc=0.9962858606557377 loss=0.004826963879168034 epoch=46 and step=60
2026-02-10 19:58:12,887 - SplitNNServer - INFO - 28428 - phase=train acc=0.9965889084507042 loss=0.007484874688088894 epoch=46 and step=70
2026-02-10 19:58:14,288 - SplitNNServer - INFO - 28428 - phase=train acc=0.9968171296296297 loss=0.01567796990275383 epoch=46 and step=80
2026-02-10 19:58:14,341 - SplitNNClient - INFO - 21308 - worker_num=2 epoch_send=29702759 epoch_receive=1194646198 total_send=29702759 total_receive=1194646198
2026-02-10 19:58:19,661 - SplitNNServer - INFO - 28428 - phase=validation acc=0.975 loss=0.08323657719854595 epoch=46 and step=79
2026-02-10 19:58:22,738 - SplitNNServer - INFO - 28428 - phase=train acc=1.0 loss=0.0006439047865569592 epoch=47 and step=0
2026-02-10 19:58:24,349 - SplitNNServer - INFO - 28428 - phase=train acc=0.9978693181818182 loss=0.06829620152711868 epoch=47 and step=10
2026-02-10 19:58:25,688 - SplitNNServer - INFO - 28428 - phase=train acc=0.9973958333333334 loss=0.0021300832740962505 epoch=47 and step=20
2026-02-10 19:58:27,028 - SplitNNServer - INFO - 28428 - phase=train acc=0.9969758064516129 loss=0.02030925452709198 epoch=47 and step=30
2026-02-10 19:58:28,268 - SplitNNClient - INFO - 5872 - worker_num=3 epoch_send=21968110 epoch_receive=589989130 total_send=21968110 total_receive=589989130
2026-02-10 19:58:33,540 - SplitNNServer - INFO - 28428 - phase=validation acc=0.9748 loss=0.08042913378154434 epoch=47 and step=79
2026-02-10 19:58:36,628 - SplitNNServer - INFO - 28428 - phase=train acc=1.0 loss=0.012900898233056068 epoch=48 and step=0
2026-02-10 19:58:37,894 - SplitNNServer - INFO - 28428 - phase=train acc=0.9964488636363636 loss=0.0011738319881260395 epoch=48 and step=10
2026-02-10 19:58:39,181 - SplitNNServer - INFO - 28428 - phase=train acc=0.9970238095238095 loss=0.0020832843147218227 epoch=48 and step=20
2026-02-10 19:58:40,613 - SplitNNServer - INFO - 28428 - phase=train acc=0.9974798387096774 loss=0.005521521903574467 epoch=48 and step=30
2026-02-10 19:58:42,143 - SplitNNServer - INFO - 28428 - phase=train acc=0.9977134146341463 loss=0.0007844102219678462 epoch=48 and step=40
2026-02-10 19:58:42,188 - SplitNNClient - INFO - 27888 - worker_num=4 epoch_send=22030789 epoch_receive=604734910 total_send=22030789 total_receive=604734910
2026-02-10 19:58:47,426 - SplitNNServer - INFO - 28428 - phase=validation acc=0.9816 loss=0.06279943899886647 epoch=48 and step=79
2026-02-10 19:58:50,507 - SplitNNServer - INFO - 28428 - phase=train acc=0.984375 loss=0.06804756075143814 epoch=49 and step=0
2026-02-10 19:58:51,836 - SplitNNServer - INFO - 28428 - phase=train acc=0.9957386363636364 loss=0.006202834192663431 epoch=49 and step=10
2026-02-10 19:58:53,071 - SplitNNClient - INFO - 16028 - worker_num=5 epoch_send=17756352 epoch_receive=280287838 total_send=17756352 total_receive=280287838
2026-02-10 19:58:58,233 - SplitNNServer - INFO - 28428 - phase=validation acc=0.9809 loss=0.05642019999099312 epoch=49 and step=79
2026-02-10 19:59:01,327 - SplitNNServer - INFO - 28428 - phase=train acc=1.0 loss=0.010288895107805729 epoch=50 and step=0
2026-02-10 19:59:02,699 - SplitNNServer - INFO - 28428 - phase=train acc=0.9978693181818182 loss=0.0026251806411892176 epoch=50 and step=10
2026-02-10 19:59:04,032 - SplitNNServer - INFO - 28428 - phase=train acc=0.9985119047619048 loss=0.004487179219722748 epoch=50 and step=20
2026-02-10 19:59:05,379 - SplitNNServer - INFO - 28428 - phase=train acc=0.9979838709677419 loss=0.008498277515172958 epoch=50 and step=30
2026-02-10 19:59:05,416 - SplitNNClient - INFO - 24456 - worker_num=1 epoch_send=22386304 epoch_receive=502979316 total_send=22386304 total_receive=502979316
2026-02-10 19:59:10,726 - SplitNNServer - INFO - 28428 - phase=validation acc=0.9848 loss=0.047189236575843695 epoch=50 and step=79
2026-02-10 19:59:13,859 - SplitNNServer - INFO - 28428 - phase=train acc=1.0 loss=0.006747188977897167 epoch=51 and step=0
2026-02-10 19:59:15,167 - SplitNNServer - INFO - 28428 - phase=train acc=0.9964488636363636 loss=0.008428364992141724 epoch=51 and step=10
2026-02-10 19:59:16,451 - SplitNNServer - INFO - 28428 - phase=train acc=0.9970238095238095 loss=0.001560145290568471 epoch=51 and step=20
2026-02-10 19:59:17,772 - SplitNNServer - INFO - 28428 - phase=train acc=0.9977318548387096 loss=0.0020638564601540565 epoch=51 and step=30
2026-02-10 19:59:19,091 - SplitNNServer - INFO - 28428 - phase=train acc=0.9977134146341463 loss=0.013752365484833717 epoch=51 and step=40
2026-02-10 19:59:20,428 - SplitNNServer - INFO - 28428 - phase=train acc=0.9977022058823529 loss=0.05753397196531296 epoch=51 and step=50
2026-02-10 19:59:21,697 - SplitNNServer - INFO - 28428 - phase=train acc=0.9979508196721312 loss=0.006003076210618019 epoch=51 and step=60
2026-02-10 19:59:23,036 - SplitNNServer - INFO - 28428 - phase=train acc=0.9982394366197183 loss=0.0039779613725841045 epoch=51 and step=70
2026-02-10 19:59:24,625 - SplitNNServer - INFO - 28428 - phase=train acc=0.9983603395061729 loss=0.0008871444733813405 epoch=51 and step=80
2026-02-10 19:59:24,677 - SplitNNClient - INFO - 21308 - worker_num=2 epoch_send=32824007 epoch_receive=1314111609 total_send=32824007 total_receive=1314111609
2026-02-10 19:59:29,857 - SplitNNServer - INFO - 28428 - phase=validation acc=0.9755 loss=0.08325873755723168 epoch=51 and step=79
2026-02-10 19:59:33,000 - SplitNNServer - INFO - 28428 - phase=train acc=0.9921875 loss=0.05934204161167145 epoch=52 and step=0
2026-02-10 19:59:34,337 - SplitNNServer - INFO - 28428 - phase=train acc=0.9957386363636364 loss=0.003934129606932402 epoch=52 and step=10
2026-02-10 19:59:35,609 - SplitNNServer - INFO - 28428 - phase=train acc=0.9966517857142857 loss=0.008606219664216042 epoch=52 and step=20
2026-02-10 19:59:36,976 - SplitNNServer - INFO - 28428 - phase=train acc=0.9974798387096774 loss=0.002672360511496663 epoch=52 and step=30
2026-02-10 19:59:38,190 - SplitNNClient - INFO - 5872 - worker_num=3 epoch_send=24331265 epoch_receive=648986643 total_send=24331265 total_receive=648986643
2026-02-10 19:59:43,406 - SplitNNServer - INFO - 28428 - phase=validation acc=0.9758 loss=0.0772490136110212 epoch=52 and step=79
2026-02-10 19:59:46,538 - SplitNNServer - INFO - 28428 - phase=train acc=1.0 loss=0.0058198426850140095 epoch=53 and step=0
2026-02-10 19:59:47,852 - SplitNNServer - INFO - 28428 - phase=train acc=0.9957386363636364 loss=0.0032946697901934385 epoch=53 and step=10
2026-02-10 19:59:49,146 - SplitNNServer - INFO - 28428 - phase=train acc=0.9959077380952381 loss=0.0024319852236658335 epoch=53 and step=20
2026-02-10 19:59:50,441 - SplitNNServer - INFO - 28428 - phase=train acc=0.9969758064516129 loss=0.009546220302581787 epoch=53 and step=30
2026-02-10 19:59:51,880 - SplitNNServer - INFO - 28428 - phase=train acc=0.9969512195121951 loss=0.004435108974575996 epoch=53 and step=40
2026-02-10 19:59:51,932 - SplitNNClient - INFO - 27888 - worker_num=4 epoch_send=24409622 epoch_receive=665209201 total_send=24409622 total_receive=665209201
2026-02-10 19:59:57,224 - SplitNNServer - INFO - 28428 - phase=validation acc=0.9815 loss=0.06079750779214539 epoch=53 and step=79
2026-02-10 20:00:00,335 - SplitNNServer - INFO - 28428 - phase=train acc=1.0 loss=0.01352013647556305 epoch=54 and step=0
2026-02-10 20:00:01,626 - SplitNNServer - INFO - 28428 - phase=train acc=0.9964488636363636 loss=0.0010327374329790473 epoch=54 and step=10
2026-02-10 20:00:02,780 - SplitNNClient - INFO - 16028 - worker_num=5 epoch_send=19716739 epoch_receive=308315013 total_send=19716739 total_receive=308315013
2026-02-10 20:00:07,878 - SplitNNServer - INFO - 28428 - phase=validation acc=0.9774 loss=0.07377788971533374 epoch=54 and step=79
2026-02-10 20:00:10,999 - SplitNNServer - INFO - 28428 - phase=train acc=0.984375 loss=0.01611403003334999 epoch=55 and step=0
2026-02-10 20:00:12,293 - SplitNNServer - INFO - 28428 - phase=train acc=0.9928977272727273 loss=0.00577228469774127 epoch=55 and step=10
2026-02-10 20:00:13,652 - SplitNNServer - INFO - 28428 - phase=train acc=0.9955357142857143 loss=0.021641753613948822 epoch=55 and step=20
2026-02-10 20:00:14,942 - SplitNNServer - INFO - 28428 - phase=train acc=0.9967237903225806 loss=0.006936132442206144 epoch=55 and step=30
2026-02-10 20:00:14,970 - SplitNNClient - INFO - 24456 - worker_num=1 epoch_send=24519721 epoch_receive=548703827 total_send=24519721 total_receive=548703827
2026-02-10 20:00:20,356 - SplitNNServer - INFO - 28428 - phase=validation acc=0.9828 loss=0.05296072092322084 epoch=55 and step=79
2026-02-10 20:00:23,546 - SplitNNServer - INFO - 28428 - phase=train acc=0.9921875 loss=0.020202774554491043 epoch=56 and step=0
2026-02-10 20:00:24,827 - SplitNNServer - INFO - 28428 - phase=train acc=0.9971590909090909 loss=0.06235552951693535 epoch=56 and step=10
2026-02-10 20:00:26,114 - SplitNNServer - INFO - 28428 - phase=train acc=0.9966517857142857 loss=0.0035899998620152473 epoch=56 and step=20
2026-02-10 20:00:27,423 - SplitNNServer - INFO - 28428 - phase=train acc=0.9974798387096774 loss=0.001712985336780548 epoch=56 and step=30
2026-02-10 20:00:28,698 - SplitNNServer - INFO - 28428 - phase=train acc=0.9980945121951219 loss=0.0005689330282621086 epoch=56 and step=40
2026-02-10 20:00:29,960 - SplitNNServer - INFO - 28428 - phase=train acc=0.9984681372549019 loss=0.003088203025981784 epoch=56 and step=50
2026-02-10 20:00:31,432 - SplitNNServer - INFO - 28428 - phase=train acc=0.9985911885245902 loss=0.001131054013967514 epoch=56 and step=60
2026-02-10 20:00:32,756 - SplitNNServer - INFO - 28428 - phase=train acc=0.9986795774647887 loss=0.0014365657698363066 epoch=56 and step=70
2026-02-10 20:00:34,078 - SplitNNServer - INFO - 28428 - phase=train acc=0.9985532407407407 loss=0.0005167815834283829 epoch=56 and step=80
2026-02-10 20:00:34,127 - SplitNNClient - INFO - 21308 - worker_num=2 epoch_send=35981020 epoch_receive=1433577020 total_send=35981020 total_receive=1433577020
2026-02-10 20:00:39,396 - SplitNNServer - INFO - 28428 - phase=validation acc=0.9747 loss=0.08861329601385005 epoch=56 and step=79
2026-02-10 20:00:42,507 - SplitNNServer - INFO - 28428 - phase=train acc=1.0 loss=0.00025882243062369525 epoch=57 and step=0
2026-02-10 20:00:43,841 - SplitNNServer - INFO - 28428 - phase=train acc=0.9992897727272727 loss=0.006515164859592915 epoch=57 and step=10
2026-02-10 20:00:45,157 - SplitNNServer - INFO - 28428 - phase=train acc=0.9992559523809523 loss=0.003523308550938964 epoch=57 and step=20
2026-02-10 20:00:46,437 - SplitNNServer - INFO - 28428 - phase=train acc=0.9994959677419355 loss=0.0006330044125206769 epoch=57 and step=30
2026-02-10 20:00:47,749 - SplitNNClient - INFO - 5872 - worker_num=3 epoch_send=26658655 epoch_receive=707986156 total_send=26658655 total_receive=707986156
2026-02-10 20:00:53,032 - SplitNNServer - INFO - 28428 - phase=validation acc=0.9755 loss=0.08098015224463836 epoch=57 and step=79
2026-02-10 20:00:56,102 - SplitNNServer - INFO - 28428 - phase=train acc=0.984375 loss=0.024297045543789864 epoch=58 and step=0
2026-02-10 20:00:57,305 - SplitNNServer - INFO - 28428 - phase=train acc=0.9957386363636364 loss=0.002731472719460726 epoch=58 and step=10
2026-02-10 20:00:58,532 - SplitNNServer - INFO - 28428 - phase=train acc=0.9973958333333334 loss=0.0006836154498159885 epoch=58 and step=20
2026-02-10 20:00:59,961 - SplitNNServer - INFO - 28428 - phase=train acc=0.9977318548387096 loss=0.0011184985050931573 epoch=58 and step=30
2026-02-10 20:01:01,287 - SplitNNServer - INFO - 28428 - phase=train acc=0.9977134146341463 loss=0.008892694488167763 epoch=58 and step=40
2026-02-10 20:01:01,339 - SplitNNClient - INFO - 27888 - worker_num=4 epoch_send=26803561 epoch_receive=725683492 total_send=26803561 total_receive=725683492
2026-02-10 20:01:06,452 - SplitNNServer - INFO - 28428 - phase=validation acc=0.9821 loss=0.05892322168120366 epoch=58 and step=79
2026-02-10 20:01:09,583 - SplitNNServer - INFO - 28428 - phase=train acc=0.9921875 loss=0.019985463470220566 epoch=59 and step=0
2026-02-10 20:01:10,936 - SplitNNServer - INFO - 28428 - phase=train acc=0.9964488636363636 loss=0.0016286735190078616 epoch=59 and step=10
2026-02-10 20:01:12,079 - SplitNNClient - INFO - 16028 - worker_num=5 epoch_send=21607149 epoch_receive=336344188 total_send=21607149 total_receive=336344188
2026-02-10 20:01:17,202 - SplitNNServer - INFO - 28428 - phase=validation acc=0.9794 loss=0.067055917019135 epoch=59 and step=79
2026-02-10 20:01:20,285 - SplitNNServer - INFO - 28428 - phase=train acc=1.0 loss=0.0015903203748166561 epoch=60 and step=0
2026-02-10 20:01:21,610 - SplitNNServer - INFO - 28428 - phase=train acc=1.0 loss=0.008393533527851105 epoch=60 and step=10
2026-02-10 20:01:22,868 - SplitNNServer - INFO - 28428 - phase=train acc=0.9992559523809523 loss=0.001128108473494649 epoch=60 and step=20
2026-02-10 20:01:24,389 - SplitNNServer - INFO - 28428 - phase=train acc=0.9992439516129032 loss=0.005034127272665501 epoch=60 and step=30
2026-02-10 20:01:24,429 - SplitNNClient - INFO - 24456 - worker_num=1 epoch_send=26736221 epoch_receive=594430338 total_send=26736221 total_receive=594430338
2026-02-10 20:01:29,595 - SplitNNServer - INFO - 28428 - phase=validation acc=0.9827 loss=0.05451734690953494 epoch=60 and step=79
2026-02-10 20:01:32,700 - SplitNNServer - INFO - 28428 - phase=train acc=0.9921875 loss=0.022421328350901604 epoch=61 and step=0
2026-02-10 20:01:34,114 - SplitNNServer - INFO - 28428 - phase=train acc=0.9985795454545454 loss=0.0032667850609868765 epoch=61 and step=10
2026-02-10 20:01:35,419 - SplitNNServer - INFO - 28428 - phase=train acc=0.9988839285714286 loss=0.0028754188679158688 epoch=61 and step=20
2026-02-10 20:01:36,718 - SplitNNServer - INFO - 28428 - phase=train acc=0.998991935483871 loss=0.0009455609833821654 epoch=61 and step=30
2026-02-10 20:01:37,999 - SplitNNServer - INFO - 28428 - phase=train acc=0.9992378048780488 loss=0.0012713524047285318 epoch=61 and step=40
2026-02-10 20:01:39,295 - SplitNNServer - INFO - 28428 - phase=train acc=0.9993872549019608 loss=0.003980610985308886 epoch=61 and step=50
2026-02-10 20:01:40,604 - SplitNNServer - INFO - 28428 - phase=train acc=0.999359631147541 loss=0.00040583289228379726 epoch=61 and step=60
2026-02-10 20:01:42,179 - SplitNNServer - INFO - 28428 - phase=train acc=0.9993397887323944 loss=0.0005822203238494694 epoch=61 and step=70
2026-02-10 20:01:43,444 - SplitNNServer - INFO - 28428 - phase=train acc=0.9992283950617284 loss=0.005929260049015284 epoch=61 and step=80
2026-02-10 20:01:43,480 - SplitNNClient - INFO - 21308 - worker_num=2 epoch_send=39155139 epoch_receive=1553040431 total_send=39155139 total_receive=1553040431
2026-02-10 20:01:48,820 - SplitNNServer - INFO - 28428 - phase=validation acc=0.9743 loss=0.08999698573673333 epoch=61 and step=79
2026-02-10 20:01:51,898 - SplitNNServer - INFO - 28428 - phase=train acc=0.984375 loss=0.04207692667841911 epoch=62 and step=0
2026-02-10 20:01:53,188 - SplitNNServer - INFO - 28428 - phase=train acc=0.9964488636363636 loss=0.005983603186905384 epoch=62 and step=10
2026-02-10 20:01:54,654 - SplitNNServer - INFO - 28428 - phase=train acc=0.9973958333333334 loss=0.009071776643395424 epoch=62 and step=20
2026-02-10 20:01:55,952 - SplitNNServer - INFO - 28428 - phase=train acc=0.9982358870967742 loss=0.0003645323740784079 epoch=62 and step=30
2026-02-10 20:01:57,270 - SplitNNClient - INFO - 5872 - worker_num=3 epoch_send=28986045 epoch_receive=766983669 total_send=28986045 total_receive=766983669
2026-02-10 20:02:02,542 - SplitNNServer - INFO - 28428 - phase=validation acc=0.9733 loss=0.08783533149236766 epoch=62 and step=79
2026-02-10 20:02:05,644 - SplitNNServer - INFO - 28428 - phase=train acc=0.984375 loss=0.02807205729186535 epoch=63 and step=0
2026-02-10 20:02:06,967 - SplitNNServer - INFO - 28428 - phase=train acc=0.9936079545454546 loss=0.0015570147661492229 epoch=63 and step=10
2026-02-10 20:02:08,279 - SplitNNServer - INFO - 28428 - phase=train acc=0.9959077380952381 loss=0.0020379815250635147 epoch=63 and step=20
2026-02-10 20:02:09,605 - SplitNNServer - INFO - 28428 - phase=train acc=0.9964717741935484 loss=0.007415064610540867 epoch=63 and step=30
2026-02-10 20:02:10,898 - SplitNNServer - INFO - 28428 - phase=train acc=0.9967606707317073 loss=0.010890422388911247 epoch=63 and step=40
2026-02-10 20:02:10,951 - SplitNNClient - INFO - 27888 - worker_num=4 epoch_send=29214606 epoch_receive=786155783 total_send=29214606 total_receive=786155783
2026-02-10 20:02:16,092 - SplitNNServer - INFO - 28428 - phase=validation acc=0.9822 loss=0.05802125292973846 epoch=63 and step=79
2026-02-10 20:02:19,225 - SplitNNServer - INFO - 28428 - phase=train acc=1.0 loss=0.00832251738756895 epoch=64 and step=0
2026-02-10 20:02:20,646 - SplitNNServer - INFO - 28428 - phase=train acc=0.9992897727272727 loss=0.0004744740726891905 epoch=64 and step=10
2026-02-10 20:02:21,792 - SplitNNClient - INFO - 16028 - worker_num=5 epoch_send=23522218 epoch_receive=364371363 total_send=23522218 total_receive=364371363
2026-02-10 20:02:27,165 - SplitNNServer - INFO - 28428 - phase=validation acc=0.9811 loss=0.0581935782648094 epoch=64 and step=79
2026-02-10 20:02:30,239 - SplitNNServer - INFO - 28428 - phase=train acc=1.0 loss=0.016189465299248695 epoch=65 and step=0
2026-02-10 20:02:31,518 - SplitNNServer - INFO - 28428 - phase=train acc=0.9985795454545454 loss=0.004805028438568115 epoch=65 and step=10
2026-02-10 20:02:32,852 - SplitNNServer - INFO - 28428 - phase=train acc=0.9992559523809523 loss=0.005453342571854591 epoch=65 and step=20
2026-02-10 20:02:34,261 - SplitNNServer - INFO - 28428 - phase=train acc=0.9994959677419355 loss=0.0011925303842872381 epoch=65 and step=30
2026-02-10 20:02:34,311 - SplitNNClient - INFO - 24456 - worker_num=1 epoch_send=28897850 epoch_receive=640156849 total_send=28897850 total_receive=640156849
2026-02-10 20:02:39,514 - SplitNNServer - INFO - 28428 - phase=validation acc=0.9835 loss=0.05462884454188693 epoch=65 and step=79
2026-02-10 20:02:42,618 - SplitNNServer - INFO - 28428 - phase=train acc=0.9921875 loss=0.015423048287630081 epoch=66 and step=0
2026-02-10 20:02:43,949 - SplitNNServer - INFO - 28428 - phase=train acc=0.9978693181818182 loss=0.0030826819129288197 epoch=66 and step=10
2026-02-10 20:02:45,322 - SplitNNServer - INFO - 28428 - phase=train acc=0.9981398809523809 loss=0.0007533220923505723 epoch=66 and step=20
2026-02-10 20:02:46,688 - SplitNNServer - INFO - 28428 - phase=train acc=0.9987399193548387 loss=0.0011645210906863213 epoch=66 and step=30
2026-02-10 20:02:48,001 - SplitNNServer - INFO - 28428 - phase=train acc=0.999047256097561 loss=0.002840925008058548 epoch=66 and step=40
2026-02-10 20:02:49,224 - SplitNNServer - INFO - 28428 - phase=train acc=0.999234068627451 loss=0.003143809037283063 epoch=66 and step=50
2026-02-10 20:02:50,684 - SplitNNServer - INFO - 28428 - phase=train acc=0.9992315573770492 loss=0.0031232815235853195 epoch=66 and step=60
2026-02-10 20:02:52,112 - SplitNNServer - INFO - 28428 - phase=train acc=0.9993397887323944 loss=0.003011940745636821 epoch=66 and step=70
2026-02-10 20:02:53,393 - SplitNNServer - INFO - 28428 - phase=train acc=0.9993248456790124 loss=0.008382081985473633 epoch=66 and step=80
2026-02-10 20:02:53,432 - SplitNNClient - INFO - 21308 - worker_num=2 epoch_send=42244175 epoch_receive=1672503842 total_send=42244175 total_receive=1672503842
2026-02-10 20:02:58,727 - SplitNNServer - INFO - 28428 - phase=validation acc=0.9781 loss=0.08172965547198112 epoch=66 and step=79
2026-02-10 20:03:01,866 - SplitNNServer - INFO - 28428 - phase=train acc=1.0 loss=0.001351024373434484 epoch=67 and step=0
2026-02-10 20:03:03,222 - SplitNNServer - INFO - 28428 - phase=train acc=0.9964488636363636 loss=0.005202455446124077 epoch=67 and step=10
2026-02-10 20:03:04,765 - SplitNNServer - INFO - 28428 - phase=train acc=0.9973958333333334 loss=0.003078566864132881 epoch=67 and step=20
2026-02-10 20:03:06,114 - SplitNNServer - INFO - 28428 - phase=train acc=0.9982358870967742 loss=0.0014181177830323577 epoch=67 and step=30
2026-02-10 20:03:07,394 - SplitNNClient - INFO - 5872 - worker_num=3 epoch_send=31356753 epoch_receive=825983182 total_send=31356753 total_receive=825983182
2026-02-10 20:03:12,621 - SplitNNServer - INFO - 28428 - phase=validation acc=0.9769 loss=0.07537910582194152 epoch=67 and step=79
2026-02-10 20:03:15,746 - SplitNNServer - INFO - 28428 - phase=train acc=1.0 loss=0.008682328276336193 epoch=68 and step=0
2026-02-10 20:03:17,112 - SplitNNServer - INFO - 28428 - phase=train acc=0.9971590909090909 loss=0.0005826122942380607 epoch=68 and step=10
2026-02-10 20:03:18,445 - SplitNNServer - INFO - 28428 - phase=train acc=0.9985119047619048 loss=0.00025518183247186244 epoch=68 and step=20
2026-02-10 20:03:19,767 - SplitNNServer - INFO - 28428 - phase=train acc=0.998991935483871 loss=6.775282963644713e-05 epoch=68 and step=30
2026-02-10 20:03:21,031 - SplitNNServer - INFO - 28428 - phase=train acc=0.9992378048780488 loss=0.0016119731590151787 epoch=68 and step=40
2026-02-10 20:03:21,057 - SplitNNClient - INFO - 27888 - worker_num=4 epoch_send=31578333 epoch_receive=846628074 total_send=31578333 total_receive=846628074
2026-02-10 20:03:26,412 - SplitNNServer - INFO - 28428 - phase=validation acc=0.9802 loss=0.06435430036523214 epoch=68 and step=79
2026-02-10 20:03:29,542 - SplitNNServer - INFO - 28428 - phase=train acc=0.9921875 loss=0.010673443786799908 epoch=69 and step=0
2026-02-10 20:03:30,906 - SplitNNServer - INFO - 28428 - phase=train acc=0.9950284090909091 loss=0.007817527279257774 epoch=69 and step=10
2026-02-10 20:03:31,952 - SplitNNClient - INFO - 16028 - worker_num=5 epoch_send=25452393 epoch_receive=392398538 total_send=25452393 total_receive=392398538
2026-02-10 20:03:37,179 - SplitNNServer - INFO - 28428 - phase=validation acc=0.9822 loss=0.061573802446495206 epoch=69 and step=79
2026-02-10 20:03:40,276 - SplitNNServer - INFO - 28428 - phase=train acc=1.0 loss=0.005295891314744949 epoch=70 and step=0
2026-02-10 20:03:41,539 - SplitNNServer - INFO - 28428 - phase=train acc=0.9985795454545454 loss=0.0008245768258348107 epoch=70 and step=10
2026-02-10 20:03:42,976 - SplitNNServer - INFO - 28428 - phase=train acc=0.9988839285714286 loss=0.0015426143072545528 epoch=70 and step=20
2026-02-10 20:03:44,264 - SplitNNServer - INFO - 28428 - phase=train acc=0.9992439516129032 loss=0.004433869384229183 epoch=70 and step=30
2026-02-10 20:03:44,305 - SplitNNClient - INFO - 24456 - worker_num=1 epoch_send=31082138 epoch_receive=685881360 total_send=31082138 total_receive=685881360
2026-02-10 20:03:49,559 - SplitNNServer - INFO - 28428 - phase=validation acc=0.9807 loss=0.06624513622909368 epoch=70 and step=79
2026-02-10 20:03:52,656 - SplitNNServer - INFO - 28428 - phase=train acc=1.0 loss=0.001931363483890891 epoch=71 and step=0
2026-02-10 20:03:53,956 - SplitNNServer - INFO - 28428 - phase=train acc=0.9985795454545454 loss=0.007529465015977621 epoch=71 and step=10
2026-02-10 20:03:55,325 - SplitNNServer - INFO - 28428 - phase=train acc=0.9992559523809523 loss=0.004983730148524046 epoch=71 and step=20
2026-02-10 20:03:56,618 - SplitNNServer - INFO - 28428 - phase=train acc=0.9994959677419355 loss=0.00035934767220169306 epoch=71 and step=30
2026-02-10 20:03:58,008 - SplitNNServer - INFO - 28428 - phase=train acc=0.9996189024390244 loss=0.0016322685405611992 epoch=71 and step=40
2026-02-10 20:03:59,300 - SplitNNServer - INFO - 28428 - phase=train acc=0.9995404411764706 loss=0.0026600405108183622 epoch=71 and step=50
2026-02-10 20:04:00,569 - SplitNNServer - INFO - 28428 - phase=train acc=0.9996157786885246 loss=0.00021097726130392402 epoch=71 and step=60
2026-02-10 20:04:01,885 - SplitNNServer - INFO - 28428 - phase=train acc=0.9996698943661971 loss=0.0014874045737087727 epoch=71 and step=70
2026-02-10 20:04:03,152 - SplitNNServer - INFO - 28428 - phase=train acc=0.9996141975308642 loss=0.001961600501090288 epoch=71 and step=80
2026-02-10 20:04:03,194 - SplitNNClient - INFO - 21308 - worker_num=2 epoch_send=45395635 epoch_receive=1791967253 total_send=45395635 total_receive=1791967253
2026-02-10 20:04:08,569 - SplitNNServer - INFO - 28428 - phase=validation acc=0.9738 loss=0.09831474386221918 epoch=71 and step=79
2026-02-10 20:04:11,673 - SplitNNServer - INFO - 28428 - phase=train acc=1.0 loss=0.0013106903061270714 epoch=72 and step=0
2026-02-10 20:04:12,939 - SplitNNServer - INFO - 28428 - phase=train acc=0.9985795454545454 loss=0.01902168244123459 epoch=72 and step=10
2026-02-10 20:04:14,248 - SplitNNServer - INFO - 28428 - phase=train acc=0.9992559523809523 loss=0.005271243397146463 epoch=72 and step=20
2026-02-10 20:04:15,609 - SplitNNServer - INFO - 28428 - phase=train acc=0.9994959677419355 loss=0.0031992089934647083 epoch=72 and step=30
2026-02-10 20:04:16,833 - SplitNNClient - INFO - 5872 - worker_num=3 epoch_send=33651931 epoch_receive=884982695 total_send=33651931 total_receive=884982695
2026-02-10 20:04:22,086 - SplitNNServer - INFO - 28428 - phase=validation acc=0.9769 loss=0.08280557905849882 epoch=72 and step=79
2026-02-10 20:04:25,152 - SplitNNServer - INFO - 28428 - phase=train acc=1.0 loss=0.007479930762201548 epoch=73 and step=0
2026-02-10 20:04:26,487 - SplitNNServer - INFO - 28428 - phase=train acc=0.9971590909090909 loss=0.02738146297633648 epoch=73 and step=10
2026-02-10 20:04:27,798 - SplitNNServer - INFO - 28428 - phase=train acc=0.9985119047619048 loss=0.007587536703795195 epoch=73 and step=20
2026-02-10 20:04:29,022 - SplitNNServer - INFO - 28428 - phase=train acc=0.9984879032258065 loss=0.0014612982049584389 epoch=73 and step=30
2026-02-10 20:04:30,369 - SplitNNServer - INFO - 28428 - phase=train acc=0.9988567073170732 loss=0.000827958167064935 epoch=73 and step=40
2026-02-10 20:04:30,414 - SplitNNClient - INFO - 27888 - worker_num=4 epoch_send=33889189 epoch_receive=907100365 total_send=33889189 total_receive=907100365
2026-02-10 20:04:35,597 - SplitNNServer - INFO - 28428 - phase=validation acc=0.9814 loss=0.06518599616017899 epoch=73 and step=79
2026-02-10 20:04:38,718 - SplitNNServer - INFO - 28428 - phase=train acc=0.9921875 loss=0.01103037130087614 epoch=74 and step=0
2026-02-10 20:04:40,014 - SplitNNServer - INFO - 28428 - phase=train acc=0.9992897727272727 loss=0.004885703790932894 epoch=74 and step=10
2026-02-10 20:04:41,129 - SplitNNClient - INFO - 16028 - worker_num=5 epoch_send=27357909 epoch_receive=420427713 total_send=27357909 total_receive=420427713
2026-02-10 20:04:46,340 - SplitNNServer - INFO - 28428 - phase=validation acc=0.9835 loss=0.056403575738345986 epoch=74 and step=79
2026-02-10 20:04:49,471 - SplitNNServer - INFO - 28428 - phase=train acc=1.0 loss=0.0038768737576901913 epoch=75 and step=0
2026-02-10 20:04:50,707 - SplitNNServer - INFO - 28428 - phase=train acc=1.0 loss=0.0016876811860129237 epoch=75 and step=10
2026-02-10 20:04:52,019 - SplitNNServer - INFO - 28428 - phase=train acc=1.0 loss=0.0005626617348752916 epoch=75 and step=20
2026-02-10 20:04:53,315 - SplitNNServer - INFO - 28428 - phase=train acc=1.0 loss=0.011256253346800804 epoch=75 and step=30
2026-02-10 20:04:53,368 - SplitNNClient - INFO - 24456 - worker_num=1 epoch_send=33198449 epoch_receive=731607871 total_send=33198449 total_receive=731607871
2026-02-10 20:04:58,583 - SplitNNServer - INFO - 28428 - phase=validation acc=0.9861 loss=0.047816180182398735 epoch=75 and step=79
2026-02-10 20:05:01,657 - SplitNNServer - INFO - 28428 - phase=train acc=0.9921875 loss=0.02467500790953636 epoch=76 and step=0
2026-02-10 20:05:02,950 - SplitNNServer - INFO - 28428 - phase=train acc=0.9985795454545454 loss=0.003141069086268544 epoch=76 and step=10
2026-02-10 20:05:04,234 - SplitNNServer - INFO - 28428 - phase=train acc=0.9988839285714286 loss=0.000609809358138591 epoch=76 and step=20
2026-02-10 20:05:05,602 - SplitNNServer - INFO - 28428 - phase=train acc=0.998991935483871 loss=0.0035377303138375282 epoch=76 and step=30
2026-02-10 20:05:06,920 - SplitNNServer - INFO - 28428 - phase=train acc=0.999047256097561 loss=0.005257080774754286 epoch=76 and step=40
2026-02-10 20:05:08,206 - SplitNNServer - INFO - 28428 - phase=train acc=0.999234068627451 loss=0.0023134213406592607 epoch=76 and step=50
2026-02-10 20:05:09,522 - SplitNNServer - INFO - 28428 - phase=train acc=0.999359631147541 loss=0.0013042129576206207 epoch=76 and step=60
2026-02-10 20:05:10,828 - SplitNNServer - INFO - 28428 - phase=train acc=0.999449823943662 loss=0.0001504396350355819 epoch=76 and step=70
2026-02-10 20:05:12,400 - SplitNNServer - INFO - 28428 - phase=train acc=0.9995177469135802 loss=0.0009608917753212154 epoch=76 and step=80
2026-02-10 20:05:12,447 - SplitNNClient - INFO - 21308 - worker_num=2 epoch_send=48547095 epoch_receive=1911432664 total_send=48547095 total_receive=1911432664
2026-02-10 20:05:18,436 - SplitNNServer - INFO - 28428 - phase=validation acc=0.9733 loss=0.09886343424829958 epoch=76 and step=79
2026-02-10 20:05:21,560 - SplitNNServer - INFO - 28428 - phase=train acc=1.0 loss=0.0002483818680047989 epoch=77 and step=0
2026-02-10 20:05:22,864 - SplitNNServer - INFO - 28428 - phase=train acc=0.9992897727272727 loss=0.00046433572424575686 epoch=77 and step=10
2026-02-10 20:05:24,406 - SplitNNServer - INFO - 28428 - phase=train acc=0.9981398809523809 loss=0.0022141726221889257 epoch=77 and step=20
2026-02-10 20:05:25,656 - SplitNNServer - INFO - 28428 - phase=train acc=0.9987399193548387 loss=0.00032318884041160345 epoch=77 and step=30
2026-02-10 20:05:26,897 - SplitNNClient - INFO - 5872 - worker_num=3 epoch_send=36007533 epoch_receive=943982208 total_send=36007533 total_receive=943982208
2026-02-10 20:05:31,995 - SplitNNServer - INFO - 28428 - phase=validation acc=0.9793 loss=0.06949787344444613 epoch=77 and step=79
2026-02-10 20:05:35,135 - SplitNNServer - INFO - 28428 - phase=train acc=1.0 loss=0.0007910034619271755 epoch=78 and step=0
2026-02-10 20:05:36,409 - SplitNNServer - INFO - 28428 - phase=train acc=0.9978693181818182 loss=0.0005511990166269243 epoch=78 and step=10
2026-02-10 20:05:37,684 - SplitNNServer - INFO - 28428 - phase=train acc=0.9985119047619048 loss=0.00889609009027481 epoch=78 and step=20
2026-02-10 20:05:39,038 - SplitNNServer - INFO - 28428 - phase=train acc=0.998991935483871 loss=0.0007509600836783648 epoch=78 and step=30
2026-02-10 20:05:40,400 - SplitNNServer - INFO - 28428 - phase=train acc=0.999047256097561 loss=0.006627703085541725 epoch=78 and step=40
2026-02-10 20:05:40,448 - SplitNNClient - INFO - 27888 - worker_num=4 epoch_send=36262469 epoch_receive=967574656 total_send=36262469 total_receive=967574656
2026-02-10 20:05:45,595 - SplitNNServer - INFO - 28428 - phase=validation acc=0.9845 loss=0.05575731323685282 epoch=78 and step=79
2026-02-10 20:05:48,716 - SplitNNServer - INFO - 28428 - phase=train acc=0.9921875 loss=0.01954968459904194 epoch=79 and step=0
2026-02-10 20:05:49,988 - SplitNNServer - INFO - 28428 - phase=train acc=0.9992897727272727 loss=0.00028273186762817204 epoch=79 and step=10
2026-02-10 20:05:51,056 - SplitNNClient - INFO - 16028 - worker_num=5 epoch_send=29318296 epoch_receive=448456888 total_send=29318296 total_receive=448456888
2026-02-10 20:05:56,095 - SplitNNServer - INFO - 28428 - phase=validation acc=0.9795 loss=0.07305205700946386 epoch=79 and step=79
2026-02-10 20:05:59,183 - SplitNNServer - INFO - 28428 - phase=train acc=1.0 loss=0.007250656373798847 epoch=80 and step=0
2026-02-10 20:06:00,457 - SplitNNServer - INFO - 28428 - phase=train acc=1.0 loss=0.0012493189424276352 epoch=80 and step=10
2026-02-10 20:06:01,713 - SplitNNServer - INFO - 28428 - phase=train acc=1.0 loss=0.006504362914711237 epoch=80 and step=20
2026-02-10 20:06:03,077 - SplitNNServer - INFO - 28428 - phase=train acc=1.0 loss=0.00224439799785614 epoch=80 and step=30
2026-02-10 20:06:03,109 - SplitNNClient - INFO - 24456 - worker_num=1 epoch_send=35331866 epoch_receive=777332382 total_send=35331866 total_receive=777332382
2026-02-10 20:06:08,135 - SplitNNServer - INFO - 28428 - phase=validation acc=0.9847 loss=0.05364897271858031 epoch=80 and step=79
2026-02-10 20:06:11,217 - SplitNNServer - INFO - 28428 - phase=train acc=1.0 loss=0.0014271881664171815 epoch=81 and step=0
2026-02-10 20:06:12,476 - SplitNNServer - INFO - 28428 - phase=train acc=0.9971590909090909 loss=0.0006432439549826086 epoch=81 and step=10
2026-02-10 20:06:13,707 - SplitNNServer - INFO - 28428 - phase=train acc=0.9977678571428571 loss=0.0009661215008236468 epoch=81 and step=20
2026-02-10 20:06:15,019 - SplitNNServer - INFO - 28428 - phase=train acc=0.9984879032258065 loss=0.0015981921460479498 epoch=81 and step=30
2026-02-10 20:06:16,355 - SplitNNServer - INFO - 28428 - phase=train acc=0.9986661585365854 loss=0.0019102748483419418 epoch=81 and step=40
2026-02-10 20:06:17,626 - SplitNNServer - INFO - 28428 - phase=train acc=0.9989276960784313 loss=0.0008367176633328199 epoch=81 and step=50
2026-02-10 20:06:18,911 - SplitNNServer - INFO - 28428 - phase=train acc=0.9989754098360656 loss=0.005036273971199989 epoch=81 and step=60
2026-02-10 20:06:20,244 - SplitNNServer - INFO - 28428 - phase=train acc=0.9991197183098591 loss=0.00038864201633259654 epoch=81 and step=70
2026-02-10 20:06:21,504 - SplitNNServer - INFO - 28428 - phase=train acc=0.9992283950617284 loss=0.0013757653068751097 epoch=81 and step=80
2026-02-10 20:06:21,528 - SplitNNClient - INFO - 21308 - worker_num=2 epoch_send=51630578 epoch_receive=2030898075 total_send=51630578 total_receive=2030898075
2026-02-10 20:06:26,698 - SplitNNServer - INFO - 28428 - phase=validation acc=0.974 loss=0.09683215783159632 epoch=81 and step=79
2026-02-10 20:06:29,792 - SplitNNServer - INFO - 28428 - phase=train acc=1.0 loss=0.004024438560009003 epoch=82 and step=0
2026-02-10 20:06:31,112 - SplitNNServer - INFO - 28428 - phase=train acc=0.9992897727272727 loss=0.010773248970508575 epoch=82 and step=10
2026-02-10 20:06:32,324 - SplitNNServer - INFO - 28428 - phase=train acc=0.9992559523809523 loss=0.00016717155813239515 epoch=82 and step=20
2026-02-10 20:06:33,635 - SplitNNServer - INFO - 28428 - phase=train acc=0.9994959677419355 loss=0.003981498535722494 epoch=82 and step=30
2026-02-10 20:06:34,927 - SplitNNClient - INFO - 5872 - worker_num=3 epoch_send=38289605 epoch_receive=1002979721 total_send=38289605 total_receive=1002979721
2026-02-10 20:06:39,938 - SplitNNServer - INFO - 28428 - phase=validation acc=0.9783 loss=0.07730578184492526 epoch=82 and step=79
2026-02-10 20:06:43,029 - SplitNNServer - INFO - 28428 - phase=train acc=1.0 loss=0.00874638743698597 epoch=83 and step=0
2026-02-10 20:06:44,536 - SplitNNServer - INFO - 28428 - phase=train acc=0.9992897727272727 loss=0.0007655060617253184 epoch=83 and step=10
2026-02-10 20:06:45,848 - SplitNNServer - INFO - 28428 - phase=train acc=0.9996279761904762 loss=0.00047220889246091247 epoch=83 and step=20
2026-02-10 20:06:47,032 - SplitNNServer - INFO - 28428 - phase=train acc=0.9997479838709677 loss=0.001992699457332492 epoch=83 and step=30
2026-02-10 20:06:48,302 - SplitNNServer - INFO - 28428 - phase=train acc=0.9998094512195121 loss=0.00042924119043163955 epoch=83 and step=40
2026-02-10 20:06:48,355 - SplitNNClient - INFO - 27888 - worker_num=4 epoch_send=38635749 epoch_receive=1028048947 total_send=38635749 total_receive=1028048947
2026-02-10 20:06:53,404 - SplitNNServer - INFO - 28428 - phase=validation acc=0.9827 loss=0.061111314296449795 epoch=83 and step=79
2026-02-10 20:06:56,504 - SplitNNServer - INFO - 28428 - phase=train acc=1.0 loss=0.008798588998615742 epoch=84 and step=0
2026-02-10 20:06:57,782 - SplitNNServer - INFO - 28428 - phase=train acc=0.9992897727272727 loss=0.0015795569634065032 epoch=84 and step=10
2026-02-10 20:06:58,850 - SplitNNClient - INFO - 16028 - worker_num=5 epoch_send=31254024 epoch_receive=476486063 total_send=31254024 total_receive=476486063
2026-02-10 20:07:03,857 - SplitNNServer - INFO - 28428 - phase=validation acc=0.9813 loss=0.06487130263860907 epoch=84 and step=79
2026-02-10 20:07:06,975 - SplitNNServer - INFO - 28428 - phase=train acc=1.0 loss=0.012428591027855873 epoch=85 and step=0
2026-02-10 20:07:08,329 - SplitNNServer - INFO - 28428 - phase=train acc=1.0 loss=0.0014135480159893632 epoch=85 and step=10
2026-02-10 20:07:09,607 - SplitNNServer - INFO - 28428 - phase=train acc=1.0 loss=0.0007902065408416092 epoch=85 and step=20
2026-02-10 20:07:10,950 - SplitNNServer - INFO - 28428 - phase=train acc=1.0 loss=0.00033708318369463086 epoch=85 and step=30
2026-02-10 20:07:11,001 - SplitNNClient - INFO - 24456 - worker_num=1 epoch_send=37503048 epoch_receive=823058893 total_send=37503048 total_receive=823058893
2026-02-10 20:07:16,032 - SplitNNServer - INFO - 28428 - phase=validation acc=0.9834 loss=0.055260034422403057 epoch=85 and step=79
2026-02-10 20:07:19,162 - SplitNNServer - INFO - 28428 - phase=train acc=1.0 loss=0.0007465736125595868 epoch=86 and step=0
2026-02-10 20:07:20,899 - SplitNNServer - INFO - 28428 - phase=train acc=1.0 loss=0.0007451478159055114 epoch=86 and step=10
2026-02-10 20:07:22,265 - SplitNNServer - INFO - 28428 - phase=train acc=0.9992559523809523 loss=0.004894471261650324 epoch=86 and step=20
2026-02-10 20:07:23,819 - SplitNNServer - INFO - 28428 - phase=train acc=0.9994959677419355 loss=0.0004963886458426714 epoch=86 and step=30
2026-02-10 20:07:25,044 - SplitNNServer - INFO - 28428 - phase=train acc=0.9996189024390244 loss=0.0006408251938410103 epoch=86 and step=40
2026-02-10 20:07:26,443 - SplitNNServer - INFO - 28428 - phase=train acc=0.9996936274509803 loss=9.197693725582212e-05 epoch=86 and step=50
2026-02-10 20:07:27,671 - SplitNNServer - INFO - 28428 - phase=train acc=0.9997438524590164 loss=0.0007448270334862173 epoch=86 and step=60
2026-02-10 20:07:28,973 - SplitNNServer - INFO - 28428 - phase=train acc=0.9997799295774648 loss=0.00029218674171715975 epoch=86 and step=70
2026-02-10 20:07:30,276 - SplitNNServer - INFO - 28428 - phase=train acc=0.9997106481481481 loss=0.00026431033620610833 epoch=86 and step=80
2026-02-10 20:07:30,305 - SplitNNClient - INFO - 21308 - worker_num=2 epoch_send=54727167 epoch_receive=2150363486 total_send=54727167 total_receive=2150363486
2026-02-10 20:07:35,275 - SplitNNServer - INFO - 28428 - phase=validation acc=0.972 loss=0.10940231271708882 epoch=86 and step=79
2026-02-10 20:07:38,398 - SplitNNServer - INFO - 28428 - phase=train acc=1.0 loss=0.0013046577805653214 epoch=87 and step=0
2026-02-10 20:07:39,591 - SplitNNServer - INFO - 28428 - phase=train acc=0.9985795454545454 loss=0.008013918995857239 epoch=87 and step=10
2026-02-10 20:07:40,931 - SplitNNServer - INFO - 28428 - phase=train acc=0.9981398809523809 loss=0.0006541334441863 epoch=87 and step=20
2026-02-10 20:07:42,222 - SplitNNServer - INFO - 28428 - phase=train acc=0.9987399193548387 loss=0.004384202416986227 epoch=87 and step=30
2026-02-10 20:07:43,409 - SplitNNClient - INFO - 5872 - worker_num=3 epoch_send=40669866 epoch_receive=1061977234 total_send=40669866 total_receive=1061977234
2026-02-10 20:07:48,601 - SplitNNServer - INFO - 28428 - phase=validation acc=0.9761 loss=0.07988079735136862 epoch=87 and step=79
2026-02-10 20:07:51,691 - SplitNNServer - INFO - 28428 - phase=train acc=1.0 loss=0.0009095434215851128 epoch=88 and step=0
2026-02-10 20:07:52,943 - SplitNNServer - INFO - 28428 - phase=train acc=1.0 loss=0.003062623320147395 epoch=88 and step=10
2026-02-10 20:07:54,208 - SplitNNServer - INFO - 28428 - phase=train acc=1.0 loss=0.004908381961286068 epoch=88 and step=20
2026-02-10 20:07:55,474 - SplitNNServer - INFO - 28428 - phase=train acc=1.0 loss=0.0008701104670763016 epoch=88 and step=30
2026-02-10 20:07:56,798 - SplitNNServer - INFO - 28428 - phase=train acc=1.0 loss=0.0010043608490377665 epoch=88 and step=40
2026-02-10 20:07:56,826 - SplitNNClient - INFO - 27888 - worker_num=4 epoch_send=41024135 epoch_receive=1088523238 total_send=41024135 total_receive=1088523238
2026-02-10 20:08:01,794 - SplitNNServer - INFO - 28428 - phase=validation acc=0.9846 loss=0.053719179821085546 epoch=88 and step=79
2026-02-10 20:08:04,915 - SplitNNServer - INFO - 28428 - phase=train acc=1.0 loss=0.0005190225201658905 epoch=89 and step=0
2026-02-10 20:08:06,289 - SplitNNServer - INFO - 28428 - phase=train acc=0.9978693181818182 loss=0.0003727497532963753 epoch=89 and step=10
2026-02-10 20:08:07,389 - SplitNNClient - INFO - 16028 - worker_num=5 epoch_send=33161540 epoch_receive=504513238 total_send=33161540 total_receive=504513238
2026-02-10 20:08:12,437 - SplitNNServer - INFO - 28428 - phase=validation acc=0.979 loss=0.08151168647473932 epoch=89 and step=79
2026-02-10 20:08:15,521 - SplitNNServer - INFO - 28428 - phase=train acc=1.0 loss=0.0028144209645688534 epoch=90 and step=0
2026-02-10 20:08:16,833 - SplitNNServer - INFO - 28428 - phase=train acc=0.9985795454545454 loss=0.0025334442034363747 epoch=90 and step=10
2026-02-10 20:08:18,197 - SplitNNServer - INFO - 28428 - phase=train acc=0.9992559523809523 loss=0.0012263436801731586 epoch=90 and step=20
2026-02-10 20:08:19,522 - SplitNNServer - INFO - 28428 - phase=train acc=0.9994959677419355 loss=0.0013171988539397717 epoch=90 and step=30
2026-02-10 20:08:19,550 - SplitNNClient - INFO - 24456 - worker_num=1 epoch_send=39636465 epoch_receive=868783404 total_send=39636465 total_receive=868783404
2026-02-10 20:08:24,687 - SplitNNServer - INFO - 28428 - phase=validation acc=0.9857 loss=0.05079387102957494 epoch=90 and step=79
2026-02-10 20:08:27,801 - SplitNNServer - INFO - 28428 - phase=train acc=1.0 loss=0.0012727859430015087 epoch=91 and step=0
2026-02-10 20:08:29,070 - SplitNNServer - INFO - 28428 - phase=train acc=1.0 loss=0.0002698402386158705 epoch=91 and step=10
2026-02-10 20:08:30,315 - SplitNNServer - INFO - 28428 - phase=train acc=0.9996279761904762 loss=0.002130731474608183 epoch=91 and step=20
2026-02-10 20:08:31,637 - SplitNNServer - INFO - 28428 - phase=train acc=0.9997479838709677 loss=3.5808232496492565e-05 epoch=91 and step=30
2026-02-10 20:08:32,916 - SplitNNServer - INFO - 28428 - phase=train acc=0.9998094512195121 loss=0.002184028271585703 epoch=91 and step=40
2026-02-10 20:08:34,159 - SplitNNServer - INFO - 28428 - phase=train acc=0.9998468137254902 loss=0.00015685013204347342 epoch=91 and step=50
2026-02-10 20:08:35,415 - SplitNNServer - INFO - 28428 - phase=train acc=0.9998719262295082 loss=0.00032989823375828564 epoch=91 and step=60
2026-02-10 20:08:36,680 - SplitNNServer - INFO - 28428 - phase=train acc=0.9998899647887324 loss=0.00021394457144197077 epoch=91 and step=70
2026-02-10 20:08:37,946 - SplitNNServer - INFO - 28428 - phase=train acc=0.9999035493827161 loss=0.0013816531281918287 epoch=91 and step=80
2026-02-10 20:08:37,982 - SplitNNClient - INFO - 21308 - worker_num=2 epoch_send=57869074 epoch_receive=2269828897 total_send=57869074 total_receive=2269828897
2026-02-10 20:08:43,009 - SplitNNServer - INFO - 28428 - phase=validation acc=0.9724 loss=0.10919541074359079 epoch=91 and step=79
2026-02-10 20:08:46,141 - SplitNNServer - INFO - 28428 - phase=train acc=1.0 loss=0.0036698265466839075 epoch=92 and step=0
2026-02-10 20:08:47,421 - SplitNNServer - INFO - 28428 - phase=train acc=0.9992897727272727 loss=0.001110802753828466 epoch=92 and step=10
2026-02-10 20:08:48,693 - SplitNNServer - INFO - 28428 - phase=train acc=0.9992559523809523 loss=0.00024138903245329857 epoch=92 and step=20
2026-02-10 20:08:50,036 - SplitNNServer - INFO - 28428 - phase=train acc=0.9994959677419355 loss=0.00010642017878126353 epoch=92 and step=30
2026-02-10 20:08:51,301 - SplitNNClient - INFO - 5872 - worker_num=3 epoch_send=43080339 epoch_receive=1120974747 total_send=43080339 total_receive=1120974747
2026-02-10 20:08:56,413 - SplitNNServer - INFO - 28428 - phase=validation acc=0.9796 loss=0.0695535797258114 epoch=92 and step=79
2026-02-10 20:08:59,506 - SplitNNServer - INFO - 28428 - phase=train acc=1.0 loss=0.0035148258320987225 epoch=93 and step=0
2026-02-10 20:09:00,810 - SplitNNServer - INFO - 28428 - phase=train acc=1.0 loss=0.004347913898527622 epoch=93 and step=10
2026-02-10 20:09:02,068 - SplitNNServer - INFO - 28428 - phase=train acc=1.0 loss=0.00043514749268069863 epoch=93 and step=20
2026-02-10 20:09:03,390 - SplitNNServer - INFO - 28428 - phase=train acc=1.0 loss=0.0006630511488765478 epoch=93 and step=30
2026-02-10 20:09:04,605 - SplitNNServer - INFO - 28428 - phase=train acc=1.0 loss=0.00115995726082474 epoch=93 and step=40
2026-02-10 20:09:04,655 - SplitNNClient - INFO - 27888 - worker_num=4 epoch_send=43259461 epoch_receive=1148997529 total_send=43259461 total_receive=1148997529
2026-02-10 20:09:09,749 - SplitNNServer - INFO - 28428 - phase=validation acc=0.984 loss=0.055432035692135714 epoch=93 and step=79
2026-02-10 20:09:12,834 - SplitNNServer - INFO - 28428 - phase=train acc=1.0 loss=0.002366485074162483 epoch=94 and step=0
2026-02-10 20:09:14,147 - SplitNNServer - INFO - 28428 - phase=train acc=1.0 loss=0.0015845890156924725 epoch=94 and step=10
2026-02-10 20:09:15,162 - SplitNNClient - INFO - 16028 - worker_num=5 epoch_send=35067056 epoch_receive=532542413 total_send=35067056 total_receive=532542413
2026-02-10 20:09:20,178 - SplitNNServer - INFO - 28428 - phase=validation acc=0.9774 loss=0.08601257666308627 epoch=94 and step=79
2026-02-10 20:09:23,272 - SplitNNServer - INFO - 28428 - phase=train acc=1.0 loss=0.005715961568057537 epoch=95 and step=0
2026-02-10 20:09:24,761 - SplitNNServer - INFO - 28428 - phase=train acc=0.9992897727272727 loss=0.0009198065381497145 epoch=95 and step=10
2026-02-10 20:09:26,028 - SplitNNServer - INFO - 28428 - phase=train acc=0.9992559523809523 loss=0.002009773626923561 epoch=95 and step=20
2026-02-10 20:09:27,369 - SplitNNServer - INFO - 28428 - phase=train acc=0.9994959677419355 loss=0.0015522305620834231 epoch=95 and step=30
2026-02-10 20:09:27,404 - SplitNNClient - INFO - 24456 - worker_num=1 epoch_send=41807647 epoch_receive=914509915 total_send=41807647 total_receive=914509915
2026-02-10 20:09:32,444 - SplitNNServer - INFO - 28428 - phase=validation acc=0.9829 loss=0.06306921320617531 epoch=95 and step=79
2026-02-10 20:09:35,554 - SplitNNServer - INFO - 28428 - phase=train acc=1.0 loss=0.0002253468701383099 epoch=96 and step=0
2026-02-10 20:09:36,798 - SplitNNServer - INFO - 28428 - phase=train acc=0.9992897727272727 loss=0.0006281477399170399 epoch=96 and step=10
2026-02-10 20:09:38,094 - SplitNNServer - INFO - 28428 - phase=train acc=0.9988839285714286 loss=0.00024944698088802397 epoch=96 and step=20
2026-02-10 20:09:39,402 - SplitNNServer - INFO - 28428 - phase=train acc=0.998991935483871 loss=0.0004800683236680925 epoch=96 and step=30
2026-02-10 20:09:40,685 - SplitNNServer - INFO - 28428 - phase=train acc=0.9988567073170732 loss=0.0004711562069132924 epoch=96 and step=40
2026-02-10 20:09:42,082 - SplitNNServer - INFO - 28428 - phase=train acc=0.9989276960784313 loss=0.00040160169010050595 epoch=96 and step=50
2026-02-10 20:09:43,464 - SplitNNServer - INFO - 28428 - phase=train acc=0.9991034836065574 loss=0.00014785384701099247 epoch=96 and step=60
2026-02-10 20:09:44,712 - SplitNNServer - INFO - 28428 - phase=train acc=0.9992297535211268 loss=0.0005683668423444033 epoch=96 and step=70
2026-02-10 20:09:46,089 - SplitNNServer - INFO - 28428 - phase=train acc=0.9993248456790124 loss=0.00038125485298223794 epoch=96 and step=80
2026-02-10 20:09:46,132 - SplitNNClient - INFO - 21308 - worker_num=2 epoch_send=61109170 epoch_receive=2389292308 total_send=61109170 total_receive=2389292308
2026-02-10 20:09:51,220 - SplitNNServer - INFO - 28428 - phase=validation acc=0.9751 loss=0.10521370075587617 epoch=96 and step=79
2026-02-10 20:09:54,335 - SplitNNServer - INFO - 28428 - phase=train acc=1.0 loss=0.00019211534527130425 epoch=97 and step=0
2026-02-10 20:09:55,543 - SplitNNServer - INFO - 28428 - phase=train acc=0.9985795454545454 loss=0.0005413648905232549 epoch=97 and step=10
2026-02-10 20:09:56,850 - SplitNNServer - INFO - 28428 - phase=train acc=0.9992559523809523 loss=0.0006289507728070021 epoch=97 and step=20
2026-02-10 20:09:58,180 - SplitNNServer - INFO - 28428 - phase=train acc=0.9994959677419355 loss=0.002629408147186041 epoch=97 and step=30
2026-02-10 20:09:59,349 - SplitNNClient - INFO - 5872 - worker_num=3 epoch_send=45468153 epoch_receive=1179974260 total_send=45468153 total_receive=1179974260
2026-02-10 20:10:04,531 - SplitNNServer - INFO - 28428 - phase=validation acc=0.9777 loss=0.08039857574246376 epoch=97 and step=79
2026-02-10 20:10:07,661 - SplitNNServer - INFO - 28428 - phase=train acc=0.9921875 loss=0.01167431939393282 epoch=98 and step=0
2026-02-10 20:10:08,890 - SplitNNServer - INFO - 28428 - phase=train acc=0.9985795454545454 loss=0.003365712705999613 epoch=98 and step=10
2026-02-10 20:10:10,137 - SplitNNServer - INFO - 28428 - phase=train acc=0.9992559523809523 loss=0.00032073562033474445 epoch=98 and step=20
2026-02-10 20:10:11,499 - SplitNNServer - INFO - 28428 - phase=train acc=0.9994959677419355 loss=0.0009664971730671823 epoch=98 and step=30
2026-02-10 20:10:12,704 - SplitNNServer - INFO - 28428 - phase=train acc=0.9996189024390244 loss=7.489677227567881e-05 epoch=98 and step=40
2026-02-10 20:10:12,752 - SplitNNClient - INFO - 27888 - worker_num=4 epoch_send=45602529 epoch_receive=1209471820 total_send=45602529 total_receive=1209471820
2026-02-10 20:10:17,765 - SplitNNServer - INFO - 28428 - phase=validation acc=0.9863 loss=0.05128459362374629 epoch=98 and step=79
2026-02-10 20:10:20,878 - SplitNNServer - INFO - 28428 - phase=train acc=0.9921875 loss=0.02216075360774994 epoch=99 and step=0
2026-02-10 20:10:22,308 - SplitNNServer - INFO - 28428 - phase=train acc=0.9992897727272727 loss=0.0018554679118096828 epoch=99 and step=10
2026-02-10 20:10:23,532 - SplitNNClient - INFO - 16028 - worker_num=5 epoch_send=36989678 epoch_receive=560571588 total_send=36989678 total_receive=560571588
2026-02-10 20:10:28,544 - SplitNNServer - INFO - 28428 - phase=validation acc=0.9801 loss=0.07805030806748273 epoch=99 and step=79
2026-02-10 20:10:31,668 - SplitNNServer - INFO - 28428 - phase=train acc=0.9921875 loss=0.017223069444298744 epoch=100 and step=0
2026-02-10 20:10:33,031 - SplitNNServer - INFO - 28428 - phase=train acc=0.9992897727272727 loss=0.002229071455076337 epoch=100 and step=10
2026-02-10 20:10:34,370 - SplitNNServer - INFO - 28428 - phase=train acc=0.9996279761904762 loss=0.00017089414177462459 epoch=100 and step=20
2026-02-10 20:10:35,683 - SplitNNServer - INFO - 28428 - phase=train acc=0.9994959677419355 loss=0.0008673970587551594 epoch=100 and step=30
2026-02-10 20:10:35,730 - SplitNNClient - INFO - 24456 - worker_num=1 epoch_send=43969276 epoch_receive=960236426 total_send=43969276 total_receive=960236426
2026-02-10 20:10:40,835 - SplitNNServer - INFO - 28428 - phase=validation acc=0.9824 loss=0.062207131975983314 epoch=100 and step=79
2026-02-10 20:10:43,924 - SplitNNServer - INFO - 28428 - phase=train acc=0.9921875 loss=0.013996751047670841 epoch=101 and step=0
2026-02-10 20:10:45,146 - SplitNNServer - INFO - 28428 - phase=train acc=0.9971590909090909 loss=0.0017835472244769335 epoch=101 and step=10
2026-02-10 20:10:46,674 - SplitNNServer - INFO - 28428 - phase=train acc=0.9981398809523809 loss=0.0009481286979280412 epoch=101 and step=20
2026-02-10 20:10:48,032 - SplitNNServer - INFO - 28428 - phase=train acc=0.9987399193548387 loss=0.0001526934065623209 epoch=101 and step=30
2026-02-10 20:10:49,367 - SplitNNServer - INFO - 28428 - phase=train acc=0.999047256097561 loss=0.000678707379847765 epoch=101 and step=40
2026-02-10 20:10:50,661 - SplitNNServer - INFO - 28428 - phase=train acc=0.9990808823529411 loss=0.0002595116966404021 epoch=101 and step=50
2026-02-10 20:10:51,936 - SplitNNServer - INFO - 28428 - phase=train acc=0.9992315573770492 loss=0.0001995136117329821 epoch=101 and step=60
2026-02-10 20:10:53,239 - SplitNNServer - INFO - 28428 - phase=train acc=0.9993397887323944 loss=0.0006126456428319216 epoch=101 and step=70
2026-02-10 20:10:54,631 - SplitNNServer - INFO - 28428 - phase=train acc=0.9994212962962963 loss=0.0005643801996484399 epoch=101 and step=80
2026-02-10 20:10:54,677 - SplitNNClient - INFO - 21308 - worker_num=2 epoch_send=64230418 epoch_receive=2508757719 total_send=64230418 total_receive=2508757719
2026-02-10 20:10:59,686 - SplitNNServer - INFO - 28428 - phase=validation acc=0.976 loss=0.09959953565150868 epoch=101 and step=79
2026-02-10 20:11:02,798 - SplitNNServer - INFO - 28428 - phase=train acc=1.0 loss=0.003789070062339306 epoch=102 and step=0
2026-02-10 20:11:04,151 - SplitNNServer - INFO - 28428 - phase=train acc=0.9992897727272727 loss=0.0001582684344612062 epoch=102 and step=10
2026-02-10 20:11:05,429 - SplitNNServer - INFO - 28428 - phase=train acc=0.9992559523809523 loss=0.0005129260825924575 epoch=102 and step=20
2026-02-10 20:11:06,682 - SplitNNServer - INFO - 28428 - phase=train acc=0.9994959677419355 loss=0.00025911215925589204 epoch=102 and step=30
2026-02-10 20:11:07,837 - SplitNNClient - INFO - 5872 - worker_num=3 epoch_send=47787990 epoch_receive=1238973773 total_send=47787990 total_receive=1238973773
2026-02-10 20:11:12,855 - SplitNNServer - INFO - 28428 - phase=validation acc=0.9771 loss=0.0843811005363506 epoch=102 and step=79
2026-02-10 20:11:15,943 - SplitNNServer - INFO - 28428 - phase=train acc=1.0 loss=0.0038855045568197966 epoch=103 and step=0
2026-02-10 20:11:17,206 - SplitNNServer - INFO - 28428 - phase=train acc=1.0 loss=0.0009245866676792502 epoch=103 and step=10
2026-02-10 20:11:18,562 - SplitNNServer - INFO - 28428 - phase=train acc=1.0 loss=0.001166271511465311 epoch=103 and step=20
2026-02-10 20:11:19,895 - SplitNNServer - INFO - 28428 - phase=train acc=1.0 loss=0.00013613821647595614 epoch=103 and step=30
2026-02-10 20:11:21,244 - SplitNNServer - INFO - 28428 - phase=train acc=1.0 loss=0.0007634133799001575 epoch=103 and step=40
2026-02-10 20:11:21,293 - SplitNNClient - INFO - 27888 - worker_num=4 epoch_send=47930491 epoch_receive=1269944111 total_send=47930491 total_receive=1269944111
2026-02-10 20:11:26,333 - SplitNNServer - INFO - 28428 - phase=validation acc=0.9844 loss=0.054290509977823906 epoch=103 and step=79
2026-02-10 20:11:29,439 - SplitNNServer - INFO - 28428 - phase=train acc=1.0 loss=0.0008729540859349072 epoch=104 and step=0
2026-02-10 20:11:30,768 - SplitNNServer - INFO - 28428 - phase=train acc=0.9992897727272727 loss=0.0007493877783417702 epoch=104 and step=10
2026-02-10 20:11:31,978 - SplitNNClient - INFO - 16028 - worker_num=5 epoch_send=38866982 epoch_receive=588600763 total_send=38866982 total_receive=588600763
2026-02-10 20:11:37,028 - SplitNNServer - INFO - 28428 - phase=validation acc=0.9789 loss=0.08007050261651588 epoch=104 and step=79
2026-02-10 20:11:40,117 - SplitNNServer - INFO - 28428 - phase=train acc=1.0 loss=0.00828450545668602 epoch=105 and step=0
2026-02-10 20:11:41,395 - SplitNNServer - INFO - 28428 - phase=train acc=1.0 loss=0.0005788397393189371 epoch=105 and step=10
2026-02-10 20:11:42,767 - SplitNNServer - INFO - 28428 - phase=train acc=1.0 loss=0.003506650682538748 epoch=105 and step=20
2026-02-10 20:11:44,218 - SplitNNServer - INFO - 28428 - phase=train acc=1.0 loss=0.0011486365692690015 epoch=105 and step=30
2026-02-10 20:11:44,268 - SplitNNClient - INFO - 24456 - worker_num=1 epoch_send=46072481 epoch_receive=1005962937 total_send=46072481 total_receive=1005962937
2026-02-10 20:11:49,266 - SplitNNServer - INFO - 28428 - phase=validation acc=0.9849 loss=0.05441861432103606 epoch=105 and step=79
2026-02-10 20:11:52,379 - SplitNNServer - INFO - 28428 - phase=train acc=1.0 loss=0.0014533980283886194 epoch=106 and step=0
2026-02-10 20:11:53,705 - SplitNNServer - INFO - 28428 - phase=train acc=0.9992897727272727 loss=0.005030069500207901 epoch=106 and step=10
2026-02-10 20:11:55,074 - SplitNNServer - INFO - 28428 - phase=train acc=0.9996279761904762 loss=0.0008299939800053835 epoch=106 and step=20
2026-02-10 20:11:56,330 - SplitNNServer - INFO - 28428 - phase=train acc=0.9997479838709677 loss=0.00013545597903430462 epoch=106 and step=30
2026-02-10 20:11:57,688 - SplitNNServer - INFO - 28428 - phase=train acc=0.9998094512195121 loss=0.0006007125484757125 epoch=106 and step=40
2026-02-10 20:11:58,973 - SplitNNServer - INFO - 28428 - phase=train acc=0.9998468137254902 loss=0.0012058676220476627 epoch=106 and step=50
2026-02-10 20:12:00,254 - SplitNNServer - INFO - 28428 - phase=train acc=0.9998719262295082 loss=0.000522943097166717 epoch=106 and step=60
2026-02-10 20:12:01,582 - SplitNNServer - INFO - 28428 - phase=train acc=0.9998899647887324 loss=0.0015708677237853408 epoch=106 and step=70
2026-02-10 20:12:02,870 - SplitNNServer - INFO - 28428 - phase=train acc=0.9999035493827161 loss=0.0002175723493564874 epoch=106 and step=80
2026-02-10 20:12:02,908 - SplitNNClient - INFO - 21308 - worker_num=2 epoch_send=67283689 epoch_receive=2628223130 total_send=67283689 total_receive=2628223130
2026-02-10 20:12:07,973 - SplitNNServer - INFO - 28428 - phase=validation acc=0.976 loss=0.09466465101944824 epoch=106 and step=79
2026-02-10 20:12:11,064 - SplitNNServer - INFO - 28428 - phase=train acc=1.0 loss=0.006670997478067875 epoch=107 and step=0
2026-02-10 20:12:12,423 - SplitNNServer - INFO - 28428 - phase=train acc=0.9992897727272727 loss=0.0008217213908210397 epoch=107 and step=10
2026-02-10 20:12:13,772 - SplitNNServer - INFO - 28428 - phase=train acc=0.9996279761904762 loss=0.00030177319422364235 epoch=107 and step=20
2026-02-10 20:12:15,088 - SplitNNServer - INFO - 28428 - phase=train acc=0.9994959677419355 loss=0.008426236920058727 epoch=107 and step=30
2026-02-10 20:12:16,343 - SplitNNClient - INFO - 5872 - worker_num=3 epoch_send=50098274 epoch_receive=1297973286 total_send=50098274 total_receive=1297973286
2026-02-10 20:12:21,383 - SplitNNServer - INFO - 28428 - phase=validation acc=0.9773 loss=0.08297314236307689 epoch=107 and step=79
2026-02-10 20:12:24,536 - SplitNNServer - INFO - 28428 - phase=train acc=1.0 loss=0.005204613786190748 epoch=108 and step=0
2026-02-10 20:12:25,872 - SplitNNServer - INFO - 28428 - phase=train acc=1.0 loss=0.0010030046105384827 epoch=108 and step=10
2026-02-10 20:12:27,102 - SplitNNServer - INFO - 28428 - phase=train acc=1.0 loss=0.0005380994407460093 epoch=108 and step=20
2026-02-10 20:12:28,332 - SplitNNServer - INFO - 28428 - phase=train acc=1.0 loss=0.0007743540336377919 epoch=108 and step=30
2026-02-10 20:12:29,599 - SplitNNServer - INFO - 28428 - phase=train acc=1.0 loss=0.00025680591352283955 epoch=108 and step=40
2026-02-10 20:12:29,640 - SplitNNClient - INFO - 27888 - worker_num=4 epoch_send=50213135 epoch_receive=1330418402 total_send=50213135 total_receive=1330418402
2026-02-10 20:12:34,794 - SplitNNServer - INFO - 28428 - phase=validation acc=0.9833 loss=0.06073207801291804 epoch=108 and step=79
2026-02-10 20:12:37,900 - SplitNNServer - INFO - 28428 - phase=train acc=1.0 loss=0.0016188474837690592 epoch=109 and step=0
2026-02-10 20:12:39,188 - SplitNNServer - INFO - 28428 - phase=train acc=1.0 loss=0.001199429389089346 epoch=109 and step=10
2026-02-10 20:12:40,314 - SplitNNClient - INFO - 16028 - worker_num=5 epoch_send=40736733 epoch_receive=616629938 total_send=40736733 total_receive=616629938
2026-02-10 20:12:45,334 - SplitNNServer - INFO - 28428 - phase=validation acc=0.9833 loss=0.059478774683801805 epoch=109 and step=79
2026-02-10 20:12:48,436 - SplitNNServer - INFO - 28428 - phase=train acc=1.0 loss=0.0010900828056037426 epoch=110 and step=0
2026-02-10 20:12:49,700 - SplitNNServer - INFO - 28428 - phase=train acc=0.9992897727272727 loss=0.00031259251409210265 epoch=110 and step=10
2026-02-10 20:12:50,985 - SplitNNServer - INFO - 28428 - phase=train acc=0.9992559523809523 loss=0.0012738351942971349 epoch=110 and step=20
2026-02-10 20:12:52,439 - SplitNNServer - INFO - 28428 - phase=train acc=0.9994959677419355 loss=0.0015424125595018268 epoch=110 and step=30
2026-02-10 20:12:52,499 - SplitNNClient - INFO - 24456 - worker_num=1 epoch_send=48190792 epoch_receive=1051689448 total_send=48190792 total_receive=1051689448
2026-02-10 20:12:57,557 - SplitNNServer - INFO - 28428 - phase=validation acc=0.9847 loss=0.057470120733963584 epoch=110 and step=79
2026-02-10 20:13:00,671 - SplitNNServer - INFO - 28428 - phase=train acc=0.9921875 loss=0.012419013306498528 epoch=111 and step=0
2026-02-10 20:13:01,985 - SplitNNServer - INFO - 28428 - phase=train acc=0.9992897727272727 loss=0.0045553212985396385 epoch=111 and step=10
2026-02-10 20:13:03,417 - SplitNNServer - INFO - 28428 - phase=train acc=0.9996279761904762 loss=0.0005895692156627774 epoch=111 and step=20
2026-02-10 20:13:04,778 - SplitNNServer - INFO - 28428 - phase=train acc=0.9997479838709677 loss=0.0001757065037963912 epoch=111 and step=30
2026-02-10 20:13:06,097 - SplitNNServer - INFO - 28428 - phase=train acc=0.9998094512195121 loss=0.00032760208705440164 epoch=111 and step=40
2026-02-10 20:13:07,550 - SplitNNServer - INFO - 28428 - phase=train acc=0.9998468137254902 loss=9.489673175266944e-06 epoch=111 and step=50
2026-02-10 20:13:08,885 - SplitNNServer - INFO - 28428 - phase=train acc=0.9998719262295082 loss=0.003443100955337286 epoch=111 and step=60
2026-02-10 20:13:10,217 - SplitNNServer - INFO - 28428 - phase=train acc=0.9998899647887324 loss=0.0019723940640687943 epoch=111 and step=70
2026-02-10 20:13:11,569 - SplitNNServer - INFO - 28428 - phase=train acc=0.9999035493827161 loss=0.0015698005445301533 epoch=111 and step=80
2026-02-10 20:13:11,614 - SplitNNClient - INFO - 21308 - worker_num=2 epoch_send=70412490 epoch_receive=2747688541 total_send=70412490 total_receive=2747688541
2026-02-10 20:13:16,744 - SplitNNServer - INFO - 28428 - phase=validation acc=0.9778 loss=0.08999320643954578 epoch=111 and step=79
2026-02-10 20:13:19,848 - SplitNNServer - INFO - 28428 - phase=train acc=1.0 loss=0.0008905011927708983 epoch=112 and step=0
2026-02-10 20:13:21,071 - SplitNNServer - INFO - 28428 - phase=train acc=0.9992897727272727 loss=0.0011620145523920655 epoch=112 and step=10
2026-02-10 20:13:22,300 - SplitNNServer - INFO - 28428 - phase=train acc=0.9992559523809523 loss=0.0005763621884398162 epoch=112 and step=20
2026-02-10 20:13:23,793 - SplitNNServer - INFO - 28428 - phase=train acc=0.9994959677419355 loss=0.0003763934364542365 epoch=112 and step=30
2026-02-10 20:13:25,059 - SplitNNClient - INFO - 5872 - worker_num=3 epoch_send=52440770 epoch_receive=1356972799 total_send=52440770 total_receive=1356972799
2026-02-10 20:13:30,054 - SplitNNServer - INFO - 28428 - phase=validation acc=0.9775 loss=0.08587900230666008 epoch=112 and step=79
2026-02-10 20:13:33,216 - SplitNNServer - INFO - 28428 - phase=train acc=1.0 loss=0.0006679974030703306 epoch=113 and step=0
2026-02-10 20:13:34,555 - SplitNNServer - INFO - 28428 - phase=train acc=1.0 loss=0.002225335221737623 epoch=113 and step=10
2026-02-10 20:13:36,054 - SplitNNServer - INFO - 28428 - phase=train acc=1.0 loss=0.00038835956365801394 epoch=113 and step=20
2026-02-10 20:13:37,444 - SplitNNServer - INFO - 28428 - phase=train acc=1.0 loss=0.0006337472004815936 epoch=113 and step=30
2026-02-10 20:13:38,792 - SplitNNServer - INFO - 28428 - phase=train acc=1.0 loss=9.541392500977963e-05 epoch=113 and step=40
2026-02-10 20:13:38,847 - SplitNNClient - INFO - 27888 - worker_num=4 epoch_send=52548650 epoch_receive=1390892693 total_send=52548650 total_receive=1390892693
2026-02-10 20:13:43,843 - SplitNNServer - INFO - 28428 - phase=validation acc=0.984 loss=0.060755740303757425 epoch=113 and step=79
2026-02-10 20:13:46,937 - SplitNNServer - INFO - 28428 - phase=train acc=1.0 loss=0.00420308206230402 epoch=114 and step=0
2026-02-10 20:13:48,293 - SplitNNServer - INFO - 28428 - phase=train acc=1.0 loss=0.000596578698605299 epoch=114 and step=10
2026-02-10 20:13:49,447 - SplitNNClient - INFO - 16028 - worker_num=5 epoch_send=42651802 epoch_receive=644657113 total_send=42651802 total_receive=644657113
2026-02-10 20:13:54,514 - SplitNNServer - INFO - 28428 - phase=validation acc=0.9833 loss=0.06085595646385328 epoch=114 and step=79
2026-02-10 20:13:57,602 - SplitNNServer - INFO - 28428 - phase=train acc=1.0 loss=0.0028927491512149572 epoch=115 and step=0
2026-02-10 20:13:58,871 - SplitNNServer - INFO - 28428 - phase=train acc=1.0 loss=0.0011278949677944183 epoch=115 and step=10
2026-02-10 20:14:00,150 - SplitNNServer - INFO - 28428 - phase=train acc=1.0 loss=0.0016095055034384131 epoch=115 and step=20
2026-02-10 20:14:01,521 - SplitNNServer - INFO - 28428 - phase=train acc=1.0 loss=0.0002274597791256383 epoch=115 and step=30
2026-02-10 20:14:01,551 - SplitNNClient - INFO - 24456 - worker_num=1 epoch_send=50331762 epoch_receive=1097415959 total_send=50331762 total_receive=1097415959
2026-02-10 20:14:06,531 - SplitNNServer - INFO - 28428 - phase=validation acc=0.9848 loss=0.05521046825677193 epoch=115 and step=79
2026-02-10 20:14:09,631 - SplitNNServer - INFO - 28428 - phase=train acc=1.0 loss=0.00013661372940987349 epoch=116 and step=0
2026-02-10 20:14:10,870 - SplitNNServer - INFO - 28428 - phase=train acc=1.0 loss=0.000521367066539824 epoch=116 and step=10
2026-02-10 20:14:12,144 - SplitNNServer - INFO - 28428 - phase=train acc=1.0 loss=0.0004154343041591346 epoch=116 and step=20
2026-02-10 20:14:13,422 - SplitNNServer - INFO - 28428 - phase=train acc=1.0 loss=0.00036141456803306937 epoch=116 and step=30
2026-02-10 20:14:14,773 - SplitNNServer - INFO - 28428 - phase=train acc=1.0 loss=0.00021817490051034838 epoch=116 and step=40
2026-02-10 20:14:16,077 - SplitNNServer - INFO - 28428 - phase=train acc=1.0 loss=0.00047462803195230663 epoch=116 and step=50
2026-02-10 20:14:17,288 - SplitNNServer - INFO - 28428 - phase=train acc=1.0 loss=0.0002119703422067687 epoch=116 and step=60
2026-02-10 20:14:18,573 - SplitNNServer - INFO - 28428 - phase=train acc=1.0 loss=0.0002499140100553632 epoch=116 and step=70
2026-02-10 20:14:19,838 - SplitNNServer - INFO - 28428 - phase=train acc=1.0 loss=8.651224197819829e-05 epoch=116 and step=80
2026-02-10 20:14:19,897 - SplitNNClient - INFO - 21308 - worker_num=2 epoch_send=73541291 epoch_receive=2867153952 total_send=73541291 total_receive=2867153952
2026-02-10 20:14:25,055 - SplitNNServer - INFO - 28428 - phase=validation acc=0.9784 loss=0.09252044649461316 epoch=116 and step=79
2026-02-10 20:14:28,166 - SplitNNServer - INFO - 28428 - phase=train acc=1.0 loss=0.00041102615068666637 epoch=117 and step=0
2026-02-10 20:14:29,503 - SplitNNServer - INFO - 28428 - phase=train acc=1.0 loss=0.003410707227885723 epoch=117 and step=10
2026-02-10 20:14:30,776 - SplitNNServer - INFO - 28428 - phase=train acc=1.0 loss=0.0003456699778325856 epoch=117 and step=20
2026-02-10 20:14:32,014 - SplitNNServer - INFO - 28428 - phase=train acc=1.0 loss=0.0007478093612007797 epoch=117 and step=30
2026-02-10 20:14:33,233 - SplitNNClient - INFO - 5872 - worker_num=3 epoch_send=54775713 epoch_receive=1415972312 total_send=54775713 total_receive=1415972312
2026-02-10 20:14:38,355 - SplitNNServer - INFO - 28428 - phase=validation acc=0.9776 loss=0.08449771282475116 epoch=117 and step=79
2026-02-10 20:14:41,446 - SplitNNServer - INFO - 28428 - phase=train acc=1.0 loss=0.0012428407790139318 epoch=118 and step=0
2026-02-10 20:14:42,796 - SplitNNServer - INFO - 28428 - phase=train acc=1.0 loss=7.311491208383814e-05 epoch=118 and step=10
2026-02-10 20:14:44,164 - SplitNNServer - INFO - 28428 - phase=train acc=1.0 loss=0.00031091581331565976 epoch=118 and step=20
2026-02-10 20:14:45,650 - SplitNNServer - INFO - 28428 - phase=train acc=1.0 loss=0.00013279393897391856 epoch=118 and step=30
2026-02-10 20:14:47,226 - SplitNNServer - INFO - 28428 - phase=train acc=1.0 loss=0.0012313586194068193 epoch=118 and step=40
2026-02-10 20:14:47,273 - SplitNNClient - INFO - 27888 - worker_num=4 epoch_send=54821741 epoch_receive=1451364984 total_send=54821741 total_receive=1451364984
2026-02-10 20:14:52,342 - SplitNNServer - INFO - 28428 - phase=validation acc=0.9843 loss=0.05830161989849295 epoch=118 and step=79
2026-02-10 20:14:55,507 - SplitNNServer - INFO - 28428 - phase=train acc=0.9921875 loss=0.00843989010900259 epoch=119 and step=0
2026-02-10 20:14:56,930 - SplitNNServer - INFO - 28428 - phase=train acc=0.9992897727272727 loss=0.0010169281158596277 epoch=119 and step=10
2026-02-10 20:14:58,020 - SplitNNClient - INFO - 16028 - worker_num=5 epoch_send=44514000 epoch_receive=672684288 total_send=44514000 total_receive=672684288
2026-02-10 20:15:03,107 - SplitNNServer - INFO - 28428 - phase=validation acc=0.9806 loss=0.07415692529261084 epoch=119 and step=79
2026-02-10 20:15:06,150 - SplitNNServer - INFO - 28428 - phase=train acc=1.0 loss=0.0011489668395370245 epoch=120 and step=0
2026-02-10 20:15:07,500 - SplitNNServer - INFO - 28428 - phase=train acc=0.9992897727272727 loss=0.0004558836226351559 epoch=120 and step=10
2026-02-10 20:15:08,759 - SplitNNServer - INFO - 28428 - phase=train acc=0.9996279761904762 loss=0.0016066522803157568 epoch=120 and step=20
2026-02-10 20:15:10,128 - SplitNNServer - INFO - 28428 - phase=train acc=0.9997479838709677 loss=0.0012042749440297484 epoch=120 and step=30
2026-02-10 20:15:10,160 - SplitNNClient - INFO - 24456 - worker_num=1 epoch_send=52472732 epoch_receive=1143142470 total_send=52472732 total_receive=1143142470
2026-02-10 20:15:15,233 - SplitNNServer - INFO - 28428 - phase=validation acc=0.9864 loss=0.05064820302160155 epoch=120 and step=79
2026-02-10 20:15:18,347 - SplitNNServer - INFO - 28428 - phase=train acc=1.0 loss=0.005026462022215128 epoch=121 and step=0
2026-02-10 20:15:19,599 - SplitNNServer - INFO - 28428 - phase=train acc=1.0 loss=0.00048798194620758295 epoch=121 and step=10
2026-02-10 20:15:20,871 - SplitNNServer - INFO - 28428 - phase=train acc=1.0 loss=5.420465822680853e-05 epoch=121 and step=20
2026-02-10 20:15:22,177 - SplitNNServer - INFO - 28428 - phase=train acc=1.0 loss=0.0004194789216853678 epoch=121 and step=30
2026-02-10 20:15:23,692 - SplitNNServer - INFO - 28428 - phase=train acc=1.0 loss=0.0003821893478743732 epoch=121 and step=40
2026-02-10 20:15:24,961 - SplitNNServer - INFO - 28428 - phase=train acc=1.0 loss=0.0001009621046250686 epoch=121 and step=50
2026-02-10 20:15:26,244 - SplitNNServer - INFO - 28428 - phase=train acc=1.0 loss=0.0006047190399840474 epoch=121 and step=60
2026-02-10 20:15:27,582 - SplitNNServer - INFO - 28428 - phase=train acc=1.0 loss=0.00017022696556523442 epoch=121 and step=70
2026-02-10 20:15:28,770 - SplitNNServer - INFO - 28428 - phase=train acc=1.0 loss=0.00032213161466643214 epoch=121 and step=80
2026-02-10 20:15:28,810 - SplitNNClient - INFO - 21308 - worker_num=2 epoch_send=76677645 epoch_receive=2986619363 total_send=76677645 total_receive=2986619363
2026-02-10 20:15:33,856 - SplitNNServer - INFO - 28428 - phase=validation acc=0.9795 loss=0.08245710405312418 epoch=121 and step=79
2026-02-10 20:15:36,965 - SplitNNServer - INFO - 28428 - phase=train acc=1.0 loss=0.0008843477698974311 epoch=122 and step=0
2026-02-10 20:15:38,187 - SplitNNServer - INFO - 28428 - phase=train acc=1.0 loss=0.0003319219104014337 epoch=122 and step=10
2026-02-10 20:15:39,423 - SplitNNServer - INFO - 28428 - phase=train acc=1.0 loss=0.0020730597898364067 epoch=122 and step=20
2026-02-10 20:15:40,728 - SplitNNServer - INFO - 28428 - phase=train acc=1.0 loss=4.435665323399007e-05 epoch=122 and step=30
2026-02-10 20:15:42,030 - SplitNNClient - INFO - 5872 - worker_num=3 epoch_send=57055785 epoch_receive=1474971825 total_send=57055785 total_receive=1474971825
2026-02-10 20:15:47,030 - SplitNNServer - INFO - 28428 - phase=validation acc=0.9788 loss=0.07976558815808178 epoch=122 and step=79
2026-02-10 20:15:50,123 - SplitNNServer - INFO - 28428 - phase=train acc=1.0 loss=0.001918290974572301 epoch=123 and step=0
2026-02-10 20:15:51,445 - SplitNNServer - INFO - 28428 - phase=train acc=1.0 loss=0.0007517264457419515 epoch=123 and step=10
2026-02-10 20:15:52,812 - SplitNNServer - INFO - 28428 - phase=train acc=1.0 loss=0.00042892180499620736 epoch=123 and step=20
2026-02-10 20:15:54,294 - SplitNNServer - INFO - 28428 - phase=train acc=1.0 loss=0.0002955356321763247 epoch=123 and step=30
2026-02-10 20:15:55,597 - SplitNNServer - INFO - 28428 - phase=train acc=1.0 loss=0.0003715261700563133 epoch=123 and step=40
2026-02-10 20:15:55,643 - SplitNNClient - INFO - 27888 - worker_num=4 epoch_send=57140150 epoch_receive=1511839275 total_send=57140150 total_receive=1511839275
2026-02-10 20:16:00,768 - SplitNNServer - INFO - 28428 - phase=validation acc=0.9848 loss=0.05604340675983645 epoch=123 and step=79
2026-02-10 20:16:03,872 - SplitNNServer - INFO - 28428 - phase=train acc=1.0 loss=0.0017727224621921778 epoch=124 and step=0
2026-02-10 20:16:05,156 - SplitNNServer - INFO - 28428 - phase=train acc=1.0 loss=0.00028540578205138445 epoch=124 and step=10
2026-02-10 20:16:06,309 - SplitNNClient - INFO - 16028 - worker_num=5 epoch_send=46383751 epoch_receive=700713463 total_send=46383751 total_receive=700713463
2026-02-10 20:16:11,405 - SplitNNServer - INFO - 28428 - phase=validation acc=0.9837 loss=0.055684954847357644 epoch=124 and step=79
2026-02-10 20:16:14,502 - SplitNNServer - INFO - 28428 - phase=train acc=0.9921875 loss=0.010871121659874916 epoch=125 and step=0
2026-02-10 20:16:15,765 - SplitNNServer - INFO - 28428 - phase=train acc=0.9992897727272727 loss=0.001335510634817183 epoch=125 and step=10
2026-02-10 20:16:17,127 - SplitNNServer - INFO - 28428 - phase=train acc=0.9996279761904762 loss=0.0012336272047832608 epoch=125 and step=20
2026-02-10 20:16:18,443 - SplitNNServer - INFO - 28428 - phase=train acc=0.9997479838709677 loss=0.00030108061037026346 epoch=125 and step=30
2026-02-10 20:16:18,476 - SplitNNClient - INFO - 24456 - worker_num=1 epoch_send=54643914 epoch_receive=1188866981 total_send=54643914 total_receive=1188866981
2026-02-10 20:16:23,655 - SplitNNServer - INFO - 28428 - phase=validation acc=0.9841 loss=0.057657335270272295 epoch=125 and step=79
2026-02-10 20:16:26,686 - SplitNNServer - INFO - 28428 - phase=train acc=1.0 loss=0.0010950628202408552 epoch=126 and step=0
2026-02-10 20:16:28,028 - SplitNNServer - INFO - 28428 - phase=train acc=1.0 loss=0.00016919562767725438 epoch=126 and step=10
2026-02-10 20:16:29,342 - SplitNNServer - INFO - 28428 - phase=train acc=1.0 loss=0.000517424603458494 epoch=126 and step=20
2026-02-10 20:16:30,670 - SplitNNServer - INFO - 28428 - phase=train acc=1.0 loss=0.00024037720868363976 epoch=126 and step=30
2026-02-10 20:16:31,973 - SplitNNServer - INFO - 28428 - phase=train acc=1.0 loss=0.0007425540243275464 epoch=126 and step=40
2026-02-10 20:16:33,234 - SplitNNServer - INFO - 28428 - phase=train acc=1.0 loss=6.228981510503218e-05 epoch=126 and step=50
2026-02-10 20:16:34,563 - SplitNNServer - INFO - 28428 - phase=train acc=1.0 loss=0.00039721932262182236 epoch=126 and step=60
2026-02-10 20:16:35,891 - SplitNNServer - INFO - 28428 - phase=train acc=1.0 loss=0.00028356609982438385 epoch=126 and step=70
2026-02-10 20:16:37,187 - SplitNNServer - INFO - 28428 - phase=train acc=1.0 loss=0.00012082137982361019 epoch=126 and step=80
2026-02-10 20:16:37,277 - SplitNNClient - INFO - 21308 - worker_num=2 epoch_send=79813999 epoch_receive=3106084774 total_send=79813999 total_receive=3106084774
2026-02-10 20:16:42,307 - SplitNNServer - INFO - 28428 - phase=validation acc=0.9804 loss=0.0797564176199949 epoch=126 and step=79
2026-02-10 20:16:45,438 - SplitNNServer - INFO - 28428 - phase=train acc=1.0 loss=0.0001006241436698474 epoch=127 and step=0
2026-02-10 20:16:46,731 - SplitNNServer - INFO - 28428 - phase=train acc=1.0 loss=0.0009825623128563166 epoch=127 and step=10
2026-02-10 20:16:48,246 - SplitNNServer - INFO - 28428 - phase=train acc=1.0 loss=0.00010430620750412345 epoch=127 and step=20
2026-02-10 20:16:49,650 - SplitNNServer - INFO - 28428 - phase=train acc=1.0 loss=3.096671571256593e-05 epoch=127 and step=30
2026-02-10 20:16:50,900 - SplitNNClient - INFO - 5872 - worker_num=3 epoch_send=59390728 epoch_receive=1533971338 total_send=59390728 total_receive=1533971338
2026-02-10 20:16:55,928 - SplitNNServer - INFO - 28428 - phase=validation acc=0.9793 loss=0.08016782583393861 epoch=127 and step=79
2026-02-10 20:16:59,046 - SplitNNServer - INFO - 28428 - phase=train acc=1.0 loss=0.0010298267006874084 epoch=128 and step=0
2026-02-10 20:17:00,301 - SplitNNServer - INFO - 28428 - phase=train acc=0.9992897727272727 loss=0.0009486547205597162 epoch=128 and step=10
2026-02-10 20:17:01,698 - SplitNNServer - INFO - 28428 - phase=train acc=0.9996279761904762 loss=0.0005567445186898112 epoch=128 and step=20
2026-02-10 20:17:03,183 - SplitNNServer - INFO - 28428 - phase=train acc=0.9997479838709677 loss=0.00012816999515052885 epoch=128 and step=30
2026-02-10 20:17:04,545 - SplitNNServer - INFO - 28428 - phase=train acc=0.9998094512195121 loss=0.0004963575629517436 epoch=128 and step=40
2026-02-10 20:17:04,587 - SplitNNClient - INFO - 27888 - worker_num=4 epoch_send=59453006 epoch_receive=1572313566 total_send=59453006 total_receive=1572313566
2026-02-10 20:17:09,709 - SplitNNServer - INFO - 28428 - phase=validation acc=0.9841 loss=0.06325528889183721 epoch=128 and step=79
2026-02-10 20:17:12,810 - SplitNNServer - INFO - 28428 - phase=train acc=1.0 loss=0.001395433209836483 epoch=129 and step=0
2026-02-10 20:17:14,298 - SplitNNServer - INFO - 28428 - phase=train acc=1.0 loss=0.00015670375432819128 epoch=129 and step=10
2026-02-10 20:17:15,438 - SplitNNClient - INFO - 16028 - worker_num=5 epoch_send=48311926 epoch_receive=728742638 total_send=48311926 total_receive=728742638
2026-02-10 20:17:20,447 - SplitNNServer - INFO - 28428 - phase=validation acc=0.9834 loss=0.059143230679105326 epoch=129 and step=79
2026-02-10 20:17:23,645 - SplitNNServer - INFO - 28428 - phase=train acc=1.0 loss=0.0022966554388403893 epoch=130 and step=0
2026-02-10 20:17:24,943 - SplitNNServer - INFO - 28428 - phase=train acc=1.0 loss=0.0008207911159843206 epoch=130 and step=10
2026-02-10 20:17:26,213 - SplitNNServer - INFO - 28428 - phase=train acc=1.0 loss=0.00017925284919328988 epoch=130 and step=20
2026-02-10 20:17:27,642 - SplitNNServer - INFO - 28428 - phase=train acc=1.0 loss=0.0004159357922617346 epoch=130 and step=30
2026-02-10 20:17:27,741 - SplitNNClient - INFO - 24456 - worker_num=1 epoch_send=56739566 epoch_receive=1234593492 total_send=56739566 total_receive=1234593492
2026-02-10 20:17:32,817 - SplitNNServer - INFO - 28428 - phase=validation acc=0.9858 loss=0.053481293459360355 epoch=130 and step=79
2026-02-10 20:17:35,961 - SplitNNServer - INFO - 28428 - phase=train acc=1.0 loss=0.001060214824974537 epoch=131 and step=0
2026-02-10 20:17:37,276 - SplitNNServer - INFO - 28428 - phase=train acc=1.0 loss=0.0016643180279061198 epoch=131 and step=10
2026-02-10 20:17:38,592 - SplitNNServer - INFO - 28428 - phase=train acc=1.0 loss=0.00012300838716328144 epoch=131 and step=20
2026-02-10 20:17:39,848 - SplitNNServer - INFO - 28428 - phase=train acc=1.0 loss=0.0002915376680903137 epoch=131 and step=30
2026-02-10 20:17:41,124 - SplitNNServer - INFO - 28428 - phase=train acc=1.0 loss=0.0017018159851431847 epoch=131 and step=40
2026-02-10 20:17:42,482 - SplitNNServer - INFO - 28428 - phase=train acc=1.0 loss=0.0007605520077049732 epoch=131 and step=50
2026-02-10 20:17:43,777 - SplitNNServer - INFO - 28428 - phase=train acc=1.0 loss=0.00038000193308107555 epoch=131 and step=60
2026-02-10 20:17:45,140 - SplitNNServer - INFO - 28428 - phase=train acc=1.0 loss=0.00011198665742995217 epoch=131 and step=70
2026-02-10 20:17:46,399 - SplitNNServer - INFO - 28428 - phase=train acc=1.0 loss=0.0007900972268544137 epoch=131 and step=80
2026-02-10 20:17:46,456 - SplitNNClient - INFO - 21308 - worker_num=2 epoch_send=82927694 epoch_receive=3225550185 total_send=82927694 total_receive=3225550185
2026-02-10 20:17:51,571 - SplitNNServer - INFO - 28428 - phase=validation acc=0.9789 loss=0.0872666649363423 epoch=131 and step=79
2026-02-10 20:17:54,651 - SplitNNServer - INFO - 28428 - phase=train acc=1.0 loss=0.006485843099653721 epoch=132 and step=0
2026-02-10 20:17:55,931 - SplitNNServer - INFO - 28428 - phase=train acc=1.0 loss=0.00025394876138307154 epoch=132 and step=10
2026-02-10 20:17:57,373 - SplitNNServer - INFO - 28428 - phase=train acc=1.0 loss=0.0001461172359995544 epoch=132 and step=20
2026-02-10 20:17:58,808 - SplitNNServer - INFO - 28428 - phase=train acc=1.0 loss=0.00037060666363686323 epoch=132 and step=30
2026-02-10 20:18:00,140 - SplitNNClient - INFO - 5872 - worker_num=3 epoch_send=61687906 epoch_receive=1592970851 total_send=61687906 total_receive=1592970851
2026-02-10 20:18:05,191 - SplitNNServer - INFO - 28428 - phase=validation acc=0.9787 loss=0.08526672937832584 epoch=132 and step=79
2026-02-10 20:18:08,301 - SplitNNServer - INFO - 28428 - phase=train acc=1.0 loss=0.0014671471435576677 epoch=133 and step=0
2026-02-10 20:18:09,593 - SplitNNServer - INFO - 28428 - phase=train acc=1.0 loss=0.0007358596776612103 epoch=133 and step=10
2026-02-10 20:18:10,950 - SplitNNServer - INFO - 28428 - phase=train acc=1.0 loss=9.497450082562864e-05 epoch=133 and step=20
2026-02-10 20:18:12,242 - SplitNNServer - INFO - 28428 - phase=train acc=1.0 loss=0.0006368418107740581 epoch=133 and step=30
2026-02-10 20:18:13,525 - SplitNNServer - INFO - 28428 - phase=train acc=1.0 loss=6.523992487927899e-05 epoch=133 and step=40
2026-02-10 20:18:13,576 - SplitNNClient - INFO - 27888 - worker_num=4 epoch_send=61826286 epoch_receive=1632787857 total_send=61826286 total_receive=1632787857
2026-02-10 20:18:18,615 - SplitNNServer - INFO - 28428 - phase=validation acc=0.9839 loss=0.0623730173425613 epoch=133 and step=79
2026-02-10 20:18:21,727 - SplitNNServer - INFO - 28428 - phase=train acc=1.0 loss=0.0012774707283824682 epoch=134 and step=0
2026-02-10 20:18:23,119 - SplitNNServer - INFO - 28428 - phase=train acc=1.0 loss=0.0004584593407344073 epoch=134 and step=10
2026-02-10 20:18:24,530 - SplitNNClient - INFO - 16028 - worker_num=5 epoch_send=50279866 epoch_receive=756771813 total_send=50279866 total_receive=756771813
2026-02-10 20:18:29,500 - SplitNNServer - INFO - 28428 - phase=validation acc=0.9846 loss=0.05665329438801696 epoch=134 and step=79
2026-02-10 20:18:32,595 - SplitNNServer - INFO - 28428 - phase=train acc=1.0 loss=0.0004112178285140544 epoch=135 and step=0
2026-02-10 20:18:33,873 - SplitNNServer - INFO - 28428 - phase=train acc=0.9992897727272727 loss=0.0009007316548377275 epoch=135 and step=10
2026-02-10 20:18:35,222 - SplitNNServer - INFO - 28428 - phase=train acc=0.9996279761904762 loss=0.0005800795624963939 epoch=135 and step=20
2026-02-10 20:18:36,534 - SplitNNServer - INFO - 28428 - phase=train acc=0.9997479838709677 loss=0.000347809458617121 epoch=135 and step=30
2026-02-10 20:18:36,573 - SplitNNClient - INFO - 24456 - worker_num=1 epoch_send=58888089 epoch_receive=1280320003 total_send=58888089 total_receive=1280320003
2026-02-10 20:18:41,683 - SplitNNServer - INFO - 28428 - phase=validation acc=0.9843 loss=0.059845933299672215 epoch=135 and step=79
2026-02-10 20:18:44,792 - SplitNNServer - INFO - 28428 - phase=train acc=1.0 loss=9.974777640309185e-05 epoch=136 and step=0
2026-02-10 20:18:46,089 - SplitNNServer - INFO - 28428 - phase=train acc=1.0 loss=9.834659431362525e-05 epoch=136 and step=10
2026-02-10 20:18:47,346 - SplitNNServer - INFO - 28428 - phase=train acc=1.0 loss=0.0006691165035590529 epoch=136 and step=20
2026-02-10 20:18:48,701 - SplitNNServer - INFO - 28428 - phase=train acc=1.0 loss=0.00040984764927998185 epoch=136 and step=30
2026-02-10 20:18:49,975 - SplitNNServer - INFO - 28428 - phase=train acc=1.0 loss=0.00011355740571161732 epoch=136 and step=40
2026-02-10 20:18:51,286 - SplitNNServer - INFO - 28428 - phase=train acc=1.0 loss=0.0007015003357082605 epoch=136 and step=50
2026-02-10 20:18:52,630 - SplitNNServer - INFO - 28428 - phase=train acc=1.0 loss=0.00036877766251564026 epoch=136 and step=60
2026-02-10 20:18:53,881 - SplitNNServer - INFO - 28428 - phase=train acc=1.0 loss=0.0004999933298677206 epoch=136 and step=70
2026-02-10 20:18:55,167 - SplitNNServer - INFO - 28428 - phase=train acc=1.0 loss=7.832741539459676e-05 epoch=136 and step=80
2026-02-10 20:18:55,229 - SplitNNClient - INFO - 21308 - worker_num=2 epoch_send=86026283 epoch_receive=3345015596 total_send=86026283 total_receive=3345015596
2026-02-10 20:19:00,309 - SplitNNServer - INFO - 28428 - phase=validation acc=0.9791 loss=0.09027299091722202 epoch=136 and step=79
2026-02-10 20:19:03,418 - SplitNNServer - INFO - 28428 - phase=train acc=1.0 loss=0.0002633323601912707 epoch=137 and step=0
2026-02-10 20:19:04,702 - SplitNNServer - INFO - 28428 - phase=train acc=1.0 loss=0.00047734042163938284 epoch=137 and step=10
2026-02-10 20:19:06,004 - SplitNNServer - INFO - 28428 - phase=train acc=1.0 loss=0.00011533784709172323 epoch=137 and step=20
2026-02-10 20:19:07,293 - SplitNNServer - INFO - 28428 - phase=train acc=1.0 loss=0.0025565570686012506 epoch=137 and step=30
2026-02-10 20:19:08,560 - SplitNNClient - INFO - 5872 - worker_num=3 epoch_send=64015296 epoch_receive=1651970364 total_send=64015296 total_receive=1651970364
2026-02-10 20:19:13,581 - SplitNNServer - INFO - 28428 - phase=validation acc=0.9784 loss=0.08897989239820946 epoch=137 and step=79
2026-02-10 20:19:16,695 - SplitNNServer - INFO - 28428 - phase=train acc=1.0 loss=0.0015929255168884993 epoch=138 and step=0
2026-02-10 20:19:17,966 - SplitNNServer - INFO - 28428 - phase=train acc=1.0 loss=0.0026555953081697226 epoch=138 and step=10
2026-02-10 20:19:19,206 - SplitNNServer - INFO - 28428 - phase=train acc=1.0 loss=2.820026747940574e-05 epoch=138 and step=20
2026-02-10 20:19:20,488 - SplitNNServer - INFO - 28428 - phase=train acc=1.0 loss=0.00016280192357953638 epoch=138 and step=30
2026-02-10 20:19:21,709 - SplitNNServer - INFO - 28428 - phase=train acc=1.0 loss=0.00013718406262341887 epoch=138 and step=40
2026-02-10 20:19:21,759 - SplitNNClient - INFO - 27888 - worker_num=4 epoch_send=64093824 epoch_receive=1693262148 total_send=64093824 total_receive=1693262148
2026-02-10 20:19:26,826 - SplitNNServer - INFO - 28428 - phase=validation acc=0.9843 loss=0.060750017154854896 epoch=138 and step=79
2026-02-10 20:19:29,955 - SplitNNServer - INFO - 28428 - phase=train acc=1.0 loss=0.00044965409324504435 epoch=139 and step=0
2026-02-10 20:19:31,275 - SplitNNServer - INFO - 28428 - phase=train acc=1.0 loss=0.0006611115531995893 epoch=139 and step=10
2026-02-10 20:19:32,393 - SplitNNClient - INFO - 16028 - worker_num=5 epoch_send=52247806 epoch_receive=784800988 total_send=52247806 total_receive=784800988
2026-02-10 20:19:37,508 - SplitNNServer - INFO - 28428 - phase=validation acc=0.9847 loss=0.05788281872241033 epoch=139 and step=79
2026-02-10 20:19:40,600 - SplitNNServer - INFO - 28428 - phase=train acc=1.0 loss=0.0023823764640837908 epoch=140 and step=0
2026-02-10 20:19:41,814 - SplitNNServer - INFO - 28428 - phase=train acc=1.0 loss=0.0004349396040197462 epoch=140 and step=10
2026-02-10 20:19:43,113 - SplitNNServer - INFO - 28428 - phase=train acc=1.0 loss=0.00029008041019551456 epoch=140 and step=20
2026-02-10 20:19:44,377 - SplitNNServer - INFO - 28428 - phase=train acc=1.0 loss=8.710330803296529e-06 epoch=140 and step=30
2026-02-10 20:19:44,428 - SplitNNClient - INFO - 24456 - worker_num=1 epoch_send=61081930 epoch_receive=1326046514 total_send=61081930 total_receive=1326046514
2026-02-10 20:19:49,555 - SplitNNServer - INFO - 28428 - phase=validation acc=0.9854 loss=0.05555055095210782 epoch=140 and step=79
2026-02-10 20:19:52,651 - SplitNNServer - INFO - 28428 - phase=train acc=1.0 loss=0.0010069835698232055 epoch=141 and step=0
2026-02-10 20:19:53,876 - SplitNNServer - INFO - 28428 - phase=train acc=1.0 loss=0.00037415092810988426 epoch=141 and step=10
2026-02-10 20:19:55,184 - SplitNNServer - INFO - 28428 - phase=train acc=1.0 loss=0.00010651722550392151 epoch=141 and step=20
2026-02-10 20:19:56,433 - SplitNNServer - INFO - 28428 - phase=train acc=1.0 loss=0.0001227975299116224 epoch=141 and step=30
2026-02-10 20:19:57,757 - SplitNNServer - INFO - 28428 - phase=train acc=1.0 loss=0.0001875605812529102 epoch=141 and step=40
2026-02-10 20:19:59,088 - SplitNNServer - INFO - 28428 - phase=train acc=1.0 loss=0.0001462145010009408 epoch=141 and step=50
2026-02-10 20:20:00,326 - SplitNNServer - INFO - 28428 - phase=train acc=1.0 loss=6.904673500685021e-05 epoch=141 and step=60
2026-02-10 20:20:01,699 - SplitNNServer - INFO - 28428 - phase=train acc=1.0 loss=0.00019125409016851336 epoch=141 and step=70
2026-02-10 20:20:03,012 - SplitNNServer - INFO - 28428 - phase=train acc=1.0 loss=0.00018666719552129507 epoch=141 and step=80
2026-02-10 20:20:03,075 - SplitNNClient - INFO - 21308 - worker_num=2 epoch_send=89170190 epoch_receive=3464481007 total_send=89170190 total_receive=3464481007
2026-02-10 20:20:08,101 - SplitNNServer - INFO - 28428 - phase=validation acc=0.9811 loss=0.07867364277299951 epoch=141 and step=79
2026-02-10 20:20:11,206 - SplitNNServer - INFO - 28428 - phase=train acc=1.0 loss=0.002387965563684702 epoch=142 and step=0
2026-02-10 20:20:12,631 - SplitNNServer - INFO - 28428 - phase=train acc=1.0 loss=0.00017938230303116143 epoch=142 and step=10
2026-02-10 20:20:13,991 - SplitNNServer - INFO - 28428 - phase=train acc=1.0 loss=9.040557779371738e-05 epoch=142 and step=20
2026-02-10 20:20:15,282 - SplitNNServer - INFO - 28428 - phase=train acc=1.0 loss=0.000547269475646317 epoch=142 and step=30
2026-02-10 20:20:16,649 - SplitNNClient - INFO - 5872 - worker_num=3 epoch_send=66282262 epoch_receive=1710969877 total_send=66282262 total_receive=1710969877
2026-02-10 20:20:21,825 - SplitNNServer - INFO - 28428 - phase=validation acc=0.9792 loss=0.0830508841999048 epoch=142 and step=79
2026-02-10 20:20:24,935 - SplitNNServer - INFO - 28428 - phase=train acc=1.0 loss=0.0017385516548529267 epoch=143 and step=0
2026-02-10 20:20:26,358 - SplitNNServer - INFO - 28428 - phase=train acc=1.0 loss=0.000856267346534878 epoch=143 and step=10
2026-02-10 20:20:27,799 - SplitNNServer - INFO - 28428 - phase=train acc=1.0 loss=0.000127035949844867 epoch=143 and step=20
2026-02-10 20:20:29,110 - SplitNNServer - INFO - 28428 - phase=train acc=1.0 loss=0.00014899074449203908 epoch=143 and step=30
2026-02-10 20:20:30,508 - SplitNNServer - INFO - 28428 - phase=train acc=1.0 loss=6.071527968742885e-05 epoch=143 and step=40
2026-02-10 20:20:30,565 - SplitNNClient - INFO - 27888 - worker_num=4 epoch_send=66406680 epoch_receive=1753734439 total_send=66406680 total_receive=1753734439
2026-02-10 20:20:35,655 - SplitNNServer - INFO - 28428 - phase=validation acc=0.9831 loss=0.06444749512034326 epoch=143 and step=79
2026-02-10 20:20:38,744 - SplitNNServer - INFO - 28428 - phase=train acc=1.0 loss=0.0010465773520991206 epoch=144 and step=0
2026-02-10 20:20:40,084 - SplitNNServer - INFO - 28428 - phase=train acc=1.0 loss=7.902044308139011e-05 epoch=144 and step=10
2026-02-10 20:20:41,227 - SplitNNClient - INFO - 16028 - worker_num=5 epoch_send=54238405 epoch_receive=812830163 total_send=54238405 total_receive=812830163
2026-02-10 20:20:46,402 - SplitNNServer - INFO - 28428 - phase=validation acc=0.9841 loss=0.058205523935649706 epoch=144 and step=79
2026-02-10 20:20:49,512 - SplitNNServer - INFO - 28428 - phase=train acc=1.0 loss=0.0010648847091943026 epoch=145 and step=0
2026-02-10 20:20:50,889 - SplitNNServer - INFO - 28428 - phase=train acc=1.0 loss=0.00048087252071127295 epoch=145 and step=10
2026-02-10 20:20:52,222 - SplitNNServer - INFO - 28428 - phase=train acc=1.0 loss=0.000209464953513816 epoch=145 and step=20
2026-02-10 20:20:53,545 - SplitNNServer - INFO - 28428 - phase=train acc=1.0 loss=0.0016039726324379444 epoch=145 and step=30
2026-02-10 20:20:53,598 - SplitNNClient - INFO - 24456 - worker_num=1 epoch_send=63305983 epoch_receive=1371773025 total_send=63305983 total_receive=1371773025
2026-02-10 20:20:58,649 - SplitNNServer - INFO - 28428 - phase=validation acc=0.9848 loss=0.0559503990524001 epoch=145 and step=79
2026-02-10 20:21:01,762 - SplitNNServer - INFO - 28428 - phase=train acc=1.0 loss=0.0009506186470389366 epoch=146 and step=0
2026-02-10 20:21:03,026 - SplitNNServer - INFO - 28428 - phase=train acc=1.0 loss=0.0001614707289263606 epoch=146 and step=10
2026-02-10 20:21:04,332 - SplitNNServer - INFO - 28428 - phase=train acc=1.0 loss=0.00017373090668115765 epoch=146 and step=20
2026-02-10 20:21:05,677 - SplitNNServer - INFO - 28428 - phase=train acc=1.0 loss=0.00024751632008701563 epoch=146 and step=30
2026-02-10 20:21:06,926 - SplitNNServer - INFO - 28428 - phase=train acc=1.0 loss=0.00024746093549765646 epoch=146 and step=40
2026-02-10 20:21:08,350 - SplitNNServer - INFO - 28428 - phase=train acc=1.0 loss=0.00034830515505746007 epoch=146 and step=50
2026-02-10 20:21:09,603 - SplitNNServer - INFO - 28428 - phase=train acc=1.0 loss=0.0005902115372009575 epoch=146 and step=60
2026-02-10 20:21:10,991 - SplitNNServer - INFO - 28428 - phase=train acc=1.0 loss=5.799638893222436e-05 epoch=146 and step=70
2026-02-10 20:21:12,294 - SplitNNServer - INFO - 28428 - phase=train acc=1.0 loss=0.000331357354298234 epoch=146 and step=80
2026-02-10 20:21:12,348 - SplitNNClient - INFO - 21308 - worker_num=2 epoch_send=92321650 epoch_receive=3583946418 total_send=92321650 total_receive=3583946418
2026-02-10 20:21:17,437 - SplitNNServer - INFO - 28428 - phase=validation acc=0.9828 loss=0.07252706875244079 epoch=146 and step=79
2026-02-10 20:21:20,528 - SplitNNServer - INFO - 28428 - phase=train acc=1.0 loss=0.0005366296973079443 epoch=147 and step=0
2026-02-10 20:21:21,868 - SplitNNServer - INFO - 28428 - phase=train acc=1.0 loss=0.0003007336345035583 epoch=147 and step=10
2026-02-10 20:21:23,173 - SplitNNServer - INFO - 28428 - phase=train acc=1.0 loss=8.55431571835652e-05 epoch=147 and step=20
2026-02-10 20:21:24,742 - SplitNNServer - INFO - 28428 - phase=train acc=1.0 loss=0.00036827148869633675 epoch=147 and step=30
2026-02-10 20:21:26,102 - SplitNNClient - INFO - 5872 - worker_num=3 epoch_send=68554781 epoch_receive=1769967390 total_send=68554781 total_receive=1769967390
2026-02-10 20:21:31,196 - SplitNNServer - INFO - 28428 - phase=validation acc=0.9809 loss=0.07808126920970239 epoch=147 and step=79
2026-02-10 20:21:34,289 - SplitNNServer - INFO - 28428 - phase=train acc=1.0 loss=0.0021534026600420475 epoch=148 and step=0
2026-02-10 20:21:35,737 - SplitNNServer - INFO - 28428 - phase=train acc=1.0 loss=0.0002844785922206938 epoch=148 and step=10
2026-02-10 20:21:37,077 - SplitNNServer - INFO - 28428 - phase=train acc=1.0 loss=0.0005719921318814158 epoch=148 and step=20
2026-02-10 20:21:38,344 - SplitNNServer - INFO - 28428 - phase=train acc=1.0 loss=0.00021386731532402337 epoch=148 and step=30
2026-02-10 20:21:39,573 - SplitNNServer - INFO - 28428 - phase=train acc=1.0 loss=0.00032831967109814286 epoch=148 and step=40
2026-02-10 20:21:39,638 - SplitNNClient - INFO - 27888 - worker_num=4 epoch_send=68734642 epoch_receive=1814208730 total_send=68734642 total_receive=1814208730
2026-02-10 20:21:44,746 - SplitNNServer - INFO - 28428 - phase=validation acc=0.9829 loss=0.06742994806600858 epoch=148 and step=79
2026-02-10 20:21:47,864 - SplitNNServer - INFO - 28428 - phase=train acc=1.0 loss=0.00034596672048792243 epoch=149 and step=0
2026-02-10 20:21:49,175 - SplitNNServer - INFO - 28428 - phase=train acc=1.0 loss=0.001125182257965207 epoch=149 and step=10
2026-02-10 20:21:50,453 - SplitNNClient - INFO - 16028 - worker_num=5 epoch_send=56176133 epoch_receive=840859338 total_send=56176133 total_receive=840859338
2026-02-10 20:21:55,621 - SplitNNServer - INFO - 28428 - phase=validation acc=0.9839 loss=0.06021406578312813 epoch=149 and step=79
2026-02-10 20:21:58,747 - SplitNNServer - INFO - 28428 - phase=train acc=1.0 loss=0.00039803824620321393 epoch=150 and step=0
2026-02-10 20:22:00,128 - SplitNNServer - INFO - 28428 - phase=train acc=1.0 loss=0.0009313340997323394 epoch=150 and step=10
2026-02-10 20:22:01,554 - SplitNNServer - INFO - 28428 - phase=train acc=1.0 loss=0.00028640328673645854 epoch=150 and step=20
2026-02-10 20:22:02,863 - SplitNNServer - INFO - 28428 - phase=train acc=1.0 loss=0.0002471241168677807 epoch=150 and step=30
2026-02-10 20:22:02,908 - SplitNNClient - INFO - 24456 - worker_num=1 epoch_send=65439400 epoch_receive=1417499536 total_send=65439400 total_receive=1417499536
2026-02-10 20:22:08,066 - SplitNNServer - INFO - 28428 - phase=validation acc=0.9852 loss=0.0561171713035394 epoch=150 and step=79
2026-02-10 20:22:11,143 - SplitNNServer - INFO - 28428 - phase=train acc=1.0 loss=0.002416484523564577 epoch=151 and step=0
2026-02-10 20:22:12,502 - SplitNNServer - INFO - 28428 - phase=train acc=1.0 loss=0.00012340907414909452 epoch=151 and step=10
2026-02-10 20:22:13,959 - SplitNNServer - INFO - 28428 - phase=train acc=1.0 loss=0.0003507224901113659 epoch=151 and step=20
2026-02-10 20:22:15,378 - SplitNNServer - INFO - 28428 - phase=train acc=1.0 loss=9.570532711222768e-05 epoch=151 and step=30
2026-02-10 20:22:16,664 - SplitNNServer - INFO - 28428 - phase=train acc=1.0 loss=7.522591477027163e-05 epoch=151 and step=40
2026-02-10 20:22:18,025 - SplitNNServer - INFO - 28428 - phase=train acc=1.0 loss=0.00024388061137869954 epoch=151 and step=50
2026-02-10 20:22:19,321 - SplitNNServer - INFO - 28428 - phase=train acc=1.0 loss=6.72877868055366e-05 epoch=151 and step=60
2026-02-10 20:22:20,549 - SplitNNServer - INFO - 28428 - phase=train acc=1.0 loss=0.0003244643157813698 epoch=151 and step=70
2026-02-10 20:22:21,789 - SplitNNServer - INFO - 28428 - phase=train acc=1.0 loss=0.00015063805039972067 epoch=151 and step=80
2026-02-10 20:22:21,857 - SplitNNClient - INFO - 21308 - worker_num=2 epoch_send=95433345 epoch_receive=3703409829 total_send=95433345 total_receive=3703409829
2026-02-10 20:22:26,940 - SplitNNServer - INFO - 28428 - phase=validation acc=0.981 loss=0.08056588889761154 epoch=151 and step=79
2026-02-10 20:22:30,036 - SplitNNServer - INFO - 28428 - phase=train acc=1.0 loss=0.005033181514590979 epoch=152 and step=0
2026-02-10 20:22:31,282 - SplitNNServer - INFO - 28428 - phase=train acc=1.0 loss=0.000786471413448453 epoch=152 and step=10
2026-02-10 20:22:32,804 - SplitNNServer - INFO - 28428 - phase=train acc=1.0 loss=0.00029303779592737556 epoch=152 and step=20
2026-02-10 20:22:34,783 - SplitNNServer - INFO - 28428 - phase=train acc=1.0 loss=0.00013079804193694144 epoch=152 and step=30
2026-02-10 20:22:36,025 - SplitNNClient - INFO - 5872 - worker_num=3 epoch_send=70927489 epoch_receive=1828964903 total_send=70927489 total_receive=1828964903
2026-02-10 20:22:41,096 - SplitNNServer - INFO - 28428 - phase=validation acc=0.9803 loss=0.08181272620284497 epoch=152 and step=79
2026-02-10 20:22:44,207 - SplitNNServer - INFO - 28428 - phase=train acc=1.0 loss=0.0012817546958103776 epoch=153 and step=0
2026-02-10 20:22:45,628 - SplitNNServer - INFO - 28428 - phase=train acc=1.0 loss=0.000334525277139619 epoch=153 and step=10
2026-02-10 20:22:46,931 - SplitNNServer - INFO - 28428 - phase=train acc=1.0 loss=0.000288262905087322 epoch=153 and step=20
2026-02-10 20:22:48,359 - SplitNNServer - INFO - 28428 - phase=train acc=1.0 loss=0.0004761085147038102 epoch=153 and step=30
2026-02-10 20:22:49,681 - SplitNNServer - INFO - 28428 - phase=train acc=1.0 loss=0.00015229894779622555 epoch=153 and step=40
2026-02-10 20:22:49,715 - SplitNNClient - INFO - 27888 - worker_num=4 epoch_send=71085263 epoch_receive=1874683021 total_send=71085263 total_receive=1874683021
2026-02-10 20:22:54,806 - SplitNNServer - INFO - 28428 - phase=validation acc=0.9833 loss=0.06817133773113312 epoch=153 and step=79
2026-02-10 20:22:57,924 - SplitNNServer - INFO - 28428 - phase=train acc=1.0 loss=0.0007847575470805168 epoch=154 and step=0
2026-02-10 20:22:59,263 - SplitNNServer - INFO - 28428 - phase=train acc=1.0 loss=0.00028724316507577896 epoch=154 and step=10
2026-02-10 20:23:00,398 - SplitNNClient - INFO - 16028 - worker_num=5 epoch_send=58083649 epoch_receive=868888513 total_send=58083649 total_receive=868888513
2026-02-10 20:23:05,546 - SplitNNServer - INFO - 28428 - phase=validation acc=0.9843 loss=0.05988519407228063 epoch=154 and step=79
2026-02-10 20:23:08,676 - SplitNNServer - INFO - 28428 - phase=train acc=1.0 loss=0.0026544698048382998 epoch=155 and step=0
2026-02-10 20:23:09,938 - SplitNNServer - INFO - 28428 - phase=train acc=1.0 loss=0.0003604379598982632 epoch=155 and step=10
2026-02-10 20:23:11,142 - SplitNNServer - INFO - 28428 - phase=train acc=1.0 loss=0.0006412585498765111 epoch=155 and step=20
2026-02-10 20:23:12,525 - SplitNNServer - INFO - 28428 - phase=train acc=1.0 loss=0.0001753069955157116 epoch=155 and step=30
2026-02-10 20:23:12,563 - SplitNNClient - INFO - 24456 - worker_num=1 epoch_send=67684112 epoch_receive=1463226047 total_send=67684112 total_receive=1463226047
2026-02-10 20:23:17,642 - SplitNNServer - INFO - 28428 - phase=validation acc=0.9852 loss=0.055113003408299 epoch=155 and step=79
2026-02-10 20:23:20,776 - SplitNNServer - INFO - 28428 - phase=train acc=1.0 loss=0.00017972246860153973 epoch=156 and step=0
2026-02-10 20:23:22,119 - SplitNNServer - INFO - 28428 - phase=train acc=1.0 loss=0.00034779688576236367 epoch=156 and step=10
2026-02-10 20:23:23,671 - SplitNNServer - INFO - 28428 - phase=train acc=1.0 loss=0.0005343621596693993 epoch=156 and step=20
2026-02-10 20:23:24,960 - SplitNNServer - INFO - 28428 - phase=train acc=1.0 loss=0.00012593340943567455 epoch=156 and step=30
2026-02-10 20:23:26,295 - SplitNNServer - INFO - 28428 - phase=train acc=1.0 loss=5.3203861170914024e-05 epoch=156 and step=40
2026-02-10 20:23:27,571 - SplitNNServer - INFO - 28428 - phase=train acc=1.0 loss=0.0002200253220507875 epoch=156 and step=50
2026-02-10 20:23:28,832 - SplitNNServer - INFO - 28428 - phase=train acc=1.0 loss=0.00042807430145330727 epoch=156 and step=60
2026-02-10 20:23:30,166 - SplitNNServer - INFO - 28428 - phase=train acc=1.0 loss=3.4700373362284154e-05 epoch=156 and step=70
2026-02-10 20:23:31,513 - SplitNNServer - INFO - 28428 - phase=train acc=1.0 loss=0.00020690113888122141 epoch=156 and step=80
2026-02-10 20:23:31,538 - SplitNNClient - INFO - 21308 - worker_num=2 epoch_send=98560146 epoch_receive=3822875240 total_send=98560146 total_receive=3822875240
2026-02-10 20:23:36,474 - SplitNNServer - INFO - 28428 - phase=validation acc=0.9817 loss=0.07793291692428715 epoch=156 and step=79
2026-02-10 20:23:39,572 - SplitNNServer - INFO - 28428 - phase=train acc=1.0 loss=0.0008865009294822812 epoch=157 and step=0
2026-02-10 20:23:41,173 - SplitNNServer - INFO - 28428 - phase=train acc=1.0 loss=0.001568146632052958 epoch=157 and step=10
2026-02-10 20:23:42,528 - SplitNNServer - INFO - 28428 - phase=train acc=1.0 loss=0.0002309684787178412 epoch=157 and step=20
2026-02-10 20:23:43,917 - SplitNNServer - INFO - 28428 - phase=train acc=1.0 loss=0.0001760579616529867 epoch=157 and step=30
2026-02-10 20:23:45,268 - SplitNNClient - INFO - 5872 - worker_num=3 epoch_send=73254879 epoch_receive=1887964504 total_send=73254879 total_receive=1887964504
2026-02-10 20:23:50,625 - SplitNNServer - INFO - 28428 - phase=validation acc=0.9811 loss=0.07835473767817681 epoch=157 and step=79
2026-02-10 20:23:53,783 - SplitNNServer - INFO - 28428 - phase=train acc=1.0 loss=0.0035237246192991734 epoch=158 and step=0
2026-02-10 20:23:55,311 - SplitNNServer - INFO - 28428 - phase=train acc=1.0 loss=0.00018897713744081557 epoch=158 and step=10
2026-02-10 20:23:56,629 - SplitNNServer - INFO - 28428 - phase=train acc=1.0 loss=0.0005470412434078753 epoch=158 and step=20
2026-02-10 20:23:57,857 - SplitNNServer - INFO - 28428 - phase=train acc=1.0 loss=0.0006697317585349083 epoch=158 and step=30
2026-02-10 20:23:59,219 - SplitNNServer - INFO - 28428 - phase=train acc=1.0 loss=6.737968942616135e-05 epoch=158 and step=40
2026-02-10 20:23:59,243 - SplitNNClient - INFO - 27888 - worker_num=4 epoch_send=73413225 epoch_receive=1935157312 total_send=73413225 total_receive=1935157312
2026-02-10 20:24:04,314 - SplitNNServer - INFO - 28428 - phase=validation acc=0.9831 loss=0.06529054745634093 epoch=158 and step=79
2026-02-10 20:24:07,444 - SplitNNServer - INFO - 28428 - phase=train acc=1.0 loss=0.001216635457240045 epoch=159 and step=0
2026-02-10 20:24:08,809 - SplitNNServer - INFO - 28428 - phase=train acc=1.0 loss=0.0006125111249275506 epoch=159 and step=10
2026-02-10 20:24:09,912 - SplitNNClient - INFO - 16028 - worker_num=5 epoch_send=60013824 epoch_receive=896917688 total_send=60013824 total_receive=896917688
2026-02-10 20:24:14,956 - SplitNNServer - INFO - 28428 - phase=validation acc=0.9844 loss=0.05896649688654677 epoch=159 and step=79
2026-02-10 20:24:18,070 - SplitNNServer - INFO - 28428 - phase=train acc=1.0 loss=0.0008074616198427975 epoch=160 and step=0
2026-02-10 20:24:19,340 - SplitNNServer - INFO - 28428 - phase=train acc=1.0 loss=0.0002248269011033699 epoch=160 and step=10
2026-02-10 20:24:20,724 - SplitNNServer - INFO - 28428 - phase=train acc=1.0 loss=0.000964293023571372 epoch=160 and step=20
2026-02-10 20:24:22,200 - SplitNNServer - INFO - 28428 - phase=train acc=1.0 loss=0.0001468939590267837 epoch=160 and step=30
2026-02-10 20:24:22,243 - SplitNNClient - INFO - 24456 - worker_num=1 epoch_send=69847741 epoch_receive=1508952558 total_send=69847741 total_receive=1508952558
2026-02-10 20:24:27,348 - SplitNNServer - INFO - 28428 - phase=validation acc=0.9854 loss=0.055505126399054916 epoch=160 and step=79
2026-02-10 20:24:30,479 - SplitNNServer - INFO - 28428 - phase=train acc=1.0 loss=6.320391548797488e-05 epoch=161 and step=0
2026-02-10 20:24:31,821 - SplitNNServer - INFO - 28428 - phase=train acc=1.0 loss=0.00047364310012198985 epoch=161 and step=10
2026-02-10 20:24:33,176 - SplitNNServer - INFO - 28428 - phase=train acc=1.0 loss=0.00010648789611877874 epoch=161 and step=20
2026-02-10 20:24:34,549 - SplitNNServer - INFO - 28428 - phase=train acc=1.0 loss=0.00026131002232432365 epoch=161 and step=30
2026-02-10 20:24:35,784 - SplitNNServer - INFO - 28428 - phase=train acc=1.0 loss=3.815379022853449e-05 epoch=161 and step=40
2026-02-10 20:24:37,079 - SplitNNServer - INFO - 28428 - phase=train acc=1.0 loss=0.0006753941415809095 epoch=161 and step=50
2026-02-10 20:24:38,386 - SplitNNServer - INFO - 28428 - phase=train acc=1.0 loss=2.5426503270864487e-05 epoch=161 and step=60
2026-02-10 20:24:39,685 - SplitNNServer - INFO - 28428 - phase=train acc=1.0 loss=8.209235238609836e-05 epoch=161 and step=70
2026-02-10 20:24:40,957 - SplitNNServer - INFO - 28428 - phase=train acc=1.0 loss=0.00010637253581080586 epoch=161 and step=80
2026-02-10 20:24:40,999 - SplitNNClient - INFO - 21308 - worker_num=2 epoch_send=101643717 epoch_receive=3942340651 total_send=101643717 total_receive=3942340651
2026-02-10 20:24:46,112 - SplitNNServer - INFO - 28428 - phase=validation acc=0.9831 loss=0.07321801641453303 epoch=161 and step=79
2026-02-10 20:24:49,225 - SplitNNServer - INFO - 28428 - phase=train acc=1.0 loss=0.00037912532570771873 epoch=162 and step=0
2026-02-10 20:24:50,699 - SplitNNServer - INFO - 28428 - phase=train acc=0.9992897727272727 loss=0.00018465484026819468 epoch=162 and step=10
2026-02-10 20:24:52,220 - SplitNNServer - INFO - 28428 - phase=train acc=0.9996279761904762 loss=0.0009231068543158472 epoch=162 and step=20
2026-02-10 20:24:53,588 - SplitNNServer - INFO - 28428 - phase=train acc=0.9997479838709677 loss=0.00014912354527041316 epoch=162 and step=30
2026-02-10 20:24:54,880 - SplitNNClient - INFO - 5872 - worker_num=3 epoch_send=75567163 epoch_receive=1946964017 total_send=75567163 total_receive=1946964017
2026-02-10 20:24:59,928 - SplitNNServer - INFO - 28428 - phase=validation acc=0.9807 loss=0.07847138712838697 epoch=162 and step=79
2026-02-10 20:25:03,051 - SplitNNServer - INFO - 28428 - phase=train acc=1.0 loss=0.0003035138070117682 epoch=163 and step=0
2026-02-10 20:25:04,431 - SplitNNServer - INFO - 28428 - phase=train acc=1.0 loss=0.00021651889255736023 epoch=163 and step=10
2026-02-10 20:25:05,731 - SplitNNServer - INFO - 28428 - phase=train acc=1.0 loss=0.00044413525029085577 epoch=163 and step=20
2026-02-10 20:25:07,065 - SplitNNServer - INFO - 28428 - phase=train acc=1.0 loss=0.0001742863532854244 epoch=163 and step=30
2026-02-10 20:25:08,363 - SplitNNServer - INFO - 28428 - phase=train acc=1.0 loss=0.00012602396600414068 epoch=163 and step=40
2026-02-10 20:25:08,474 - SplitNNClient - INFO - 27888 - worker_num=4 epoch_send=75703422 epoch_receive=1995631603 total_send=75703422 total_receive=1995631603
2026-02-10 20:25:13,655 - SplitNNServer - INFO - 28428 - phase=validation acc=0.9838 loss=0.06435111354457886 epoch=163 and step=79
2026-02-10 20:25:16,753 - SplitNNServer - INFO - 28428 - phase=train acc=1.0 loss=0.000682369340211153 epoch=164 and step=0
2026-02-10 20:25:18,049 - SplitNNServer - INFO - 28428 - phase=train acc=1.0 loss=0.0006432056543417275 epoch=164 and step=10
2026-02-10 20:25:19,123 - SplitNNClient - INFO - 16028 - worker_num=5 epoch_send=61974211 epoch_receive=924946951 total_send=61974211 total_receive=924946951
2026-02-10 20:25:24,330 - SplitNNServer - INFO - 28428 - phase=validation acc=0.9846 loss=0.05931616235121262 epoch=164 and step=79
2026-02-10 20:25:27,409 - SplitNNServer - INFO - 28428 - phase=train acc=1.0 loss=0.0008179269498214126 epoch=165 and step=0
2026-02-10 20:25:28,687 - SplitNNServer - INFO - 28428 - phase=train acc=1.0 loss=0.0007443745853379369 epoch=165 and step=10
2026-02-10 20:25:29,937 - SplitNNServer - INFO - 28428 - phase=train acc=1.0 loss=0.0007537698838859797 epoch=165 and step=20
2026-02-10 20:25:31,157 - SplitNNServer - INFO - 28428 - phase=train acc=1.0 loss=0.00018916410044766963 epoch=165 and step=30
2026-02-10 20:25:31,206 - SplitNNClient - INFO - 24456 - worker_num=1 epoch_send=72034029 epoch_receive=1554677157 total_send=72034029 total_receive=1554677157
2026-02-10 20:25:36,241 - SplitNNServer - INFO - 28428 - phase=validation acc=0.9853 loss=0.055238135787252715 epoch=165 and step=79
2026-02-10 20:25:39,326 - SplitNNServer - INFO - 28428 - phase=train acc=1.0 loss=0.0001866362727014348 epoch=166 and step=0
2026-02-10 20:25:40,619 - SplitNNServer - INFO - 28428 - phase=train acc=1.0 loss=0.0002207778161391616 epoch=166 and step=10
2026-02-10 20:25:41,919 - SplitNNServer - INFO - 28428 - phase=train acc=1.0 loss=9.005744686874095e-06 epoch=166 and step=20
2026-02-10 20:25:43,240 - SplitNNServer - INFO - 28428 - phase=train acc=1.0 loss=4.753263056045398e-05 epoch=166 and step=30
2026-02-10 20:25:44,546 - SplitNNServer - INFO - 28428 - phase=train acc=1.0 loss=0.00013915407180320472 epoch=166 and step=40
2026-02-10 20:25:45,919 - SplitNNServer - INFO - 28428 - phase=train acc=1.0 loss=0.0006163919460959733 epoch=166 and step=50
2026-02-10 20:25:47,251 - SplitNNServer - INFO - 28428 - phase=train acc=1.0 loss=5.9659098042175174e-05 epoch=166 and step=60
2026-02-10 20:25:48,676 - SplitNNServer - INFO - 28428 - phase=train acc=1.0 loss=0.00018397484382148832 epoch=166 and step=70
2026-02-10 20:25:49,950 - SplitNNServer - INFO - 28428 - phase=train acc=1.0 loss=0.00045231005060486495 epoch=166 and step=80
2026-02-10 20:25:50,014 - SplitNNClient - INFO - 21308 - worker_num=2 epoch_send=104689435 epoch_receive=4061804150 total_send=104689435 total_receive=4061804150
2026-02-10 20:25:55,309 - SplitNNServer - INFO - 28428 - phase=validation acc=0.9835 loss=0.07147006927214784 epoch=166 and step=79
2026-02-10 20:25:58,419 - SplitNNServer - INFO - 28428 - phase=train acc=1.0 loss=0.002186421537771821 epoch=167 and step=0
2026-02-10 20:25:59,711 - SplitNNServer - INFO - 28428 - phase=train acc=1.0 loss=0.0005626014317385852 epoch=167 and step=10
2026-02-10 20:26:01,018 - SplitNNServer - INFO - 28428 - phase=train acc=1.0 loss=0.00021834149083588272 epoch=167 and step=20
2026-02-10 20:26:02,400 - SplitNNServer - INFO - 28428 - phase=train acc=1.0 loss=0.0002457009977661073 epoch=167 and step=30
2026-02-10 20:26:03,702 - SplitNNClient - INFO - 5872 - worker_num=3 epoch_send=77909659 epoch_receive=2005961530 total_send=77909659 total_receive=2005961530
2026-02-10 20:26:08,700 - SplitNNServer - INFO - 28428 - phase=validation acc=0.9811 loss=0.07937321918731718 epoch=167 and step=79
2026-02-10 20:26:11,787 - SplitNNServer - INFO - 28428 - phase=train acc=1.0 loss=0.0007522619562223554 epoch=168 and step=0
2026-02-10 20:26:13,048 - SplitNNServer - INFO - 28428 - phase=train acc=1.0 loss=0.0005092901410534978 epoch=168 and step=10
2026-02-10 20:26:14,399 - SplitNNServer - INFO - 28428 - phase=train acc=1.0 loss=0.00012997920566704124 epoch=168 and step=20
2026-02-10 20:26:15,696 - SplitNNServer - INFO - 28428 - phase=train acc=1.0 loss=0.00020495244825724512 epoch=168 and step=30
2026-02-10 20:26:16,986 - SplitNNServer - INFO - 28428 - phase=train acc=1.0 loss=0.0002332376316189766 epoch=168 and step=40
2026-02-10 20:26:17,023 - SplitNNClient - INFO - 27888 - worker_num=4 epoch_send=78008813 epoch_receive=2056105894 total_send=78008813 total_receive=2056105894
2026-02-10 20:26:22,057 - SplitNNServer - INFO - 28428 - phase=validation acc=0.9828 loss=0.06790194430775183 epoch=168 and step=79
2026-02-10 20:26:25,158 - SplitNNServer - INFO - 28428 - phase=train acc=1.0 loss=0.000741367693990469 epoch=169 and step=0
2026-02-10 20:26:26,423 - SplitNNServer - INFO - 28428 - phase=train acc=1.0 loss=0.000580585328862071 epoch=169 and step=10
2026-02-10 20:26:27,528 - SplitNNClient - INFO - 16028 - worker_num=5 epoch_send=63872262 epoch_receive=952976126 total_send=63872262 total_receive=952976126
2026-02-10 20:26:32,599 - SplitNNServer - INFO - 28428 - phase=validation acc=0.9844 loss=0.06048094540176264 epoch=169 and step=79
2026-02-10 20:26:35,675 - SplitNNServer - INFO - 28428 - phase=train acc=1.0 loss=0.0006460032891482115 epoch=170 and step=0
2026-02-10 20:26:37,052 - SplitNNServer - INFO - 28428 - phase=train acc=1.0 loss=0.0001534237089799717 epoch=170 and step=10
2026-02-10 20:26:38,366 - SplitNNServer - INFO - 28428 - phase=train acc=1.0 loss=0.0007699803099967539 epoch=170 and step=20
2026-02-10 20:26:39,684 - SplitNNServer - INFO - 28428 - phase=train acc=1.0 loss=0.0003083195479121059 epoch=170 and step=30
2026-02-10 20:26:39,724 - SplitNNClient - INFO - 24456 - worker_num=1 epoch_send=74233511 epoch_receive=1600403668 total_send=74233511 total_receive=1600403668
2026-02-10 20:26:44,805 - SplitNNServer - INFO - 28428 - phase=validation acc=0.9854 loss=0.05497369117570678 epoch=170 and step=79
2026-02-10 20:26:47,890 - SplitNNServer - INFO - 28428 - phase=train acc=1.0 loss=0.00039812916656956077 epoch=171 and step=0
2026-02-10 20:26:49,174 - SplitNNServer - INFO - 28428 - phase=train acc=1.0 loss=0.0003524189814925194 epoch=171 and step=10
2026-02-10 20:26:50,435 - SplitNNServer - INFO - 28428 - phase=train acc=1.0 loss=3.2364114304073155e-05 epoch=171 and step=20
2026-02-10 20:26:51,759 - SplitNNServer - INFO - 28428 - phase=train acc=1.0 loss=0.0002958449476864189 epoch=171 and step=30
2026-02-10 20:26:53,239 - SplitNNServer - INFO - 28428 - phase=train acc=1.0 loss=0.0001653537474339828 epoch=171 and step=40
2026-02-10 20:26:54,575 - SplitNNServer - INFO - 28428 - phase=train acc=1.0 loss=0.00022519522462971509 epoch=171 and step=50
2026-02-10 20:26:55,953 - SplitNNServer - INFO - 28428 - phase=train acc=1.0 loss=6.371318886522204e-05 epoch=171 and step=60
2026-02-10 20:26:57,246 - SplitNNServer - INFO - 28428 - phase=train acc=1.0 loss=0.0005164582398720086 epoch=171 and step=70
2026-02-10 20:26:58,532 - SplitNNServer - INFO - 28428 - phase=train acc=1.0 loss=1.6885416698642075e-05 epoch=171 and step=80
2026-02-10 20:26:58,559 - SplitNNClient - INFO - 21308 - worker_num=2 epoch_send=107846448 epoch_receive=4181269561 total_send=107846448 total_receive=4181269561
2026-02-10 20:27:03,718 - SplitNNServer - INFO - 28428 - phase=validation acc=0.9829 loss=0.07309234206363409 epoch=171 and step=79
2026-02-10 20:27:06,827 - SplitNNServer - INFO - 28428 - phase=train acc=1.0 loss=0.0008193074609152973 epoch=172 and step=0
2026-02-10 20:27:08,067 - SplitNNServer - INFO - 28428 - phase=train acc=1.0 loss=0.00019837674335576594 epoch=172 and step=10
2026-02-10 20:27:09,474 - SplitNNServer - INFO - 28428 - phase=train acc=1.0 loss=0.00012916186824440956 epoch=172 and step=20
2026-02-10 20:27:10,801 - SplitNNServer - INFO - 28428 - phase=train acc=1.0 loss=0.0003538406454026699 epoch=172 and step=30
2026-02-10 20:27:12,176 - SplitNNClient - INFO - 5872 - worker_num=3 epoch_send=80289920 epoch_receive=2064961043 total_send=80289920 total_receive=2064961043
2026-02-10 20:27:17,237 - SplitNNServer - INFO - 28428 - phase=validation acc=0.9817 loss=0.07334850875611065 epoch=172 and step=79
2026-02-10 20:27:20,372 - SplitNNServer - INFO - 28428 - phase=train acc=1.0 loss=0.0023791580460965633 epoch=173 and step=0
2026-02-10 20:27:21,676 - SplitNNServer - INFO - 28428 - phase=train acc=1.0 loss=0.00027956769918091595 epoch=173 and step=10
2026-02-10 20:27:23,126 - SplitNNServer - INFO - 28428 - phase=train acc=1.0 loss=0.0003055201377719641 epoch=173 and step=20
2026-02-10 20:27:25,151 - SplitNNServer - INFO - 28428 - phase=train acc=1.0 loss=0.00040062906919047236 epoch=173 and step=30
2026-02-10 20:27:27,033 - SplitNNServer - INFO - 28428 - phase=train acc=1.0 loss=0.0003542202466633171 epoch=173 and step=40
2026-02-10 20:27:27,090 - SplitNNClient - INFO - 27888 - worker_num=4 epoch_send=80389646 epoch_receive=2116580185 total_send=80389646 total_receive=2116580185
2026-02-10 20:27:32,080 - SplitNNServer - INFO - 28428 - phase=validation acc=0.9832 loss=0.07031419850267112 epoch=173 and step=79
2026-02-10 20:27:35,196 - SplitNNServer - INFO - 28428 - phase=train acc=1.0 loss=0.0003100531757809222 epoch=174 and step=0
2026-02-10 20:27:37,044 - SplitNNServer - INFO - 28428 - phase=train acc=1.0 loss=0.00029413169249892235 epoch=174 and step=10
2026-02-10 20:27:38,142 - SplitNNClient - INFO - 16028 - worker_num=5 epoch_send=65817543 epoch_receive=981005301 total_send=65817543 total_receive=981005301
2026-02-10 20:27:43,297 - SplitNNServer - INFO - 28428 - phase=validation acc=0.9834 loss=0.06400513831616807 epoch=174 and step=79
2026-02-10 20:27:46,423 - SplitNNServer - INFO - 28428 - phase=train acc=0.9921875 loss=0.008700337260961533 epoch=175 and step=0
2026-02-10 20:27:47,971 - SplitNNServer - INFO - 28428 - phase=train acc=0.9992897727272727 loss=0.0002044478605967015 epoch=175 and step=10
2026-02-10 20:27:49,307 - SplitNNServer - INFO - 28428 - phase=train acc=0.9996279761904762 loss=0.00020128303731326014 epoch=175 and step=20
2026-02-10 20:27:50,731 - SplitNNServer - INFO - 28428 - phase=train acc=0.9997479838709677 loss=7.497120532207191e-05 epoch=175 and step=30
2026-02-10 20:27:50,764 - SplitNNClient - INFO - 24456 - worker_num=1 epoch_send=76457564 epoch_receive=1646130179 total_send=76457564 total_receive=1646130179
2026-02-10 20:27:55,865 - SplitNNServer - INFO - 28428 - phase=validation acc=0.9848 loss=0.05550520601419273 epoch=175 and step=79
2026-02-10 20:27:58,983 - SplitNNServer - INFO - 28428 - phase=train acc=1.0 loss=0.00035741832107305527 epoch=176 and step=0
2026-02-10 20:28:00,252 - SplitNNServer - INFO - 28428 - phase=train acc=1.0 loss=0.0003343947173561901 epoch=176 and step=10
2026-02-10 20:28:01,505 - SplitNNServer - INFO - 28428 - phase=train acc=1.0 loss=3.30921720888e-05 epoch=176 and step=20
2026-02-10 20:28:02,809 - SplitNNServer - INFO - 28428 - phase=train acc=1.0 loss=0.0016285789897665381 epoch=176 and step=30
2026-02-10 20:28:04,051 - SplitNNServer - INFO - 28428 - phase=train acc=1.0 loss=0.0001571850007167086 epoch=176 and step=40
2026-02-10 20:28:05,523 - SplitNNServer - INFO - 28428 - phase=train acc=1.0 loss=8.154945680871606e-05 epoch=176 and step=50
2026-02-10 20:28:06,889 - SplitNNServer - INFO - 28428 - phase=train acc=1.0 loss=0.00019479756883811206 epoch=176 and step=60
2026-02-10 20:28:08,158 - SplitNNServer - INFO - 28428 - phase=train acc=1.0 loss=0.00015126066864468157 epoch=176 and step=70
2026-02-10 20:28:09,425 - SplitNNServer - INFO - 28428 - phase=train acc=1.0 loss=4.198801252641715e-05 epoch=176 and step=80
2026-02-10 20:28:09,470 - SplitNNClient - INFO - 21308 - worker_num=2 epoch_send=110990355 epoch_receive=4300734972 total_send=110990355 total_receive=4300734972
2026-02-10 20:28:14,619 - SplitNNServer - INFO - 28428 - phase=validation acc=0.9831 loss=0.07069237343070958 epoch=176 and step=79
2026-02-10 20:28:17,725 - SplitNNServer - INFO - 28428 - phase=train acc=1.0 loss=0.0002379850047873333 epoch=177 and step=0
2026-02-10 20:28:18,932 - SplitNNServer - INFO - 28428 - phase=train acc=1.0 loss=2.1465812096721493e-05 epoch=177 and step=10
2026-02-10 20:28:20,171 - SplitNNServer - INFO - 28428 - phase=train acc=1.0 loss=0.00026825559325516224 epoch=177 and step=20
2026-02-10 20:28:21,517 - SplitNNServer - INFO - 28428 - phase=train acc=1.0 loss=0.00028813770040869713 epoch=177 and step=30
2026-02-10 20:28:22,968 - SplitNNClient - INFO - 5872 - worker_num=3 epoch_send=82579545 epoch_receive=2123960556 total_send=82579545 total_receive=2123960556
2026-02-10 20:28:27,988 - SplitNNServer - INFO - 28428 - phase=validation acc=0.9817 loss=0.07602037735989166 epoch=177 and step=79
2026-02-10 20:28:31,105 - SplitNNServer - INFO - 28428 - phase=train acc=1.0 loss=0.0007808255613781512 epoch=178 and step=0
2026-02-10 20:28:32,435 - SplitNNServer - INFO - 28428 - phase=train acc=1.0 loss=0.0001396857260260731 epoch=178 and step=10
2026-02-10 20:28:33,738 - SplitNNServer - INFO - 28428 - phase=train acc=1.0 loss=0.0006357942475005984 epoch=178 and step=20
2026-02-10 20:28:35,074 - SplitNNServer - INFO - 28428 - phase=train acc=1.0 loss=0.00012244247773196548 epoch=178 and step=30
2026-02-10 20:28:36,317 - SplitNNServer - INFO - 28428 - phase=train acc=1.0 loss=0.000489364261738956 epoch=178 and step=40
2026-02-10 20:28:36,373 - SplitNNClient - INFO - 27888 - worker_num=4 epoch_send=82702502 epoch_receive=2177054476 total_send=82702502 total_receive=2177054476
2026-02-10 20:28:41,461 - SplitNNServer - INFO - 28428 - phase=validation acc=0.9823 loss=0.07148941387445523 epoch=178 and step=79
2026-02-10 20:28:44,551 - SplitNNServer - INFO - 28428 - phase=train acc=1.0 loss=0.00011006140266545117 epoch=179 and step=0
2026-02-10 20:28:45,920 - SplitNNServer - INFO - 28428 - phase=train acc=1.0 loss=0.00017070006288122386 epoch=179 and step=10
2026-02-10 20:28:47,021 - SplitNNClient - INFO - 16028 - worker_num=5 epoch_send=67808142 epoch_receive=1009034476 total_send=67808142 total_receive=1009034476
2026-02-10 20:28:52,135 - SplitNNServer - INFO - 28428 - phase=validation acc=0.9833 loss=0.06262826640459802 epoch=179 and step=79
2026-02-10 20:28:55,298 - SplitNNServer - INFO - 28428 - phase=train acc=1.0 loss=0.0004461442294996232 epoch=180 and step=0
2026-02-10 20:28:56,583 - SplitNNServer - INFO - 28428 - phase=train acc=1.0 loss=0.0002888399176299572 epoch=180 and step=10
2026-02-10 20:28:57,958 - SplitNNServer - INFO - 28428 - phase=train acc=1.0 loss=0.00036453414941206574 epoch=180 and step=20
2026-02-10 20:28:59,364 - SplitNNServer - INFO - 28428 - phase=train acc=1.0 loss=0.000184452481335029 epoch=180 and step=30
2026-02-10 20:28:59,415 - SplitNNClient - INFO - 24456 - worker_num=1 epoch_send=78636299 epoch_receive=1691856690 total_send=78636299 total_receive=1691856690
2026-02-10 20:29:04,375 - SplitNNServer - INFO - 28428 - phase=validation acc=0.985 loss=0.056065774569642415 epoch=180 and step=79
2026-02-10 20:29:07,468 - SplitNNServer - INFO - 28428 - phase=train acc=1.0 loss=7.6460768468678e-05 epoch=181 and step=0
2026-02-10 20:29:08,820 - SplitNNServer - INFO - 28428 - phase=train acc=1.0 loss=0.0005665573407895863 epoch=181 and step=10
2026-02-10 20:29:10,099 - SplitNNServer - INFO - 28428 - phase=train acc=1.0 loss=2.8899785320390947e-05 epoch=181 and step=20
2026-02-10 20:29:11,508 - SplitNNServer - INFO - 28428 - phase=train acc=1.0 loss=0.00019561480439733714 epoch=181 and step=30
2026-02-10 20:29:12,727 - SplitNNServer - INFO - 28428 - phase=train acc=1.0 loss=0.00029092206386849284 epoch=181 and step=40
2026-02-10 20:29:14,035 - SplitNNServer - INFO - 28428 - phase=train acc=1.0 loss=2.7554098778637126e-05 epoch=181 and step=50
2026-02-10 20:29:15,327 - SplitNNServer - INFO - 28428 - phase=train acc=1.0 loss=0.00042961540748365223 epoch=181 and step=60
2026-02-10 20:29:16,659 - SplitNNServer - INFO - 28428 - phase=train acc=1.0 loss=8.715727744856849e-05 epoch=181 and step=70
2026-02-10 20:29:17,913 - SplitNNServer - INFO - 28428 - phase=train acc=1.0 loss=9.973502164939418e-05 epoch=181 and step=80
2026-02-10 20:29:17,963 - SplitNNClient - INFO - 21308 - worker_num=2 epoch_send=114149368 epoch_receive=4420198383 total_send=114149368 total_receive=4420198383
2026-02-10 20:29:23,040 - SplitNNServer - INFO - 28428 - phase=validation acc=0.9836 loss=0.06866499475914245 epoch=181 and step=79
2026-02-10 20:29:26,141 - SplitNNServer - INFO - 28428 - phase=train acc=1.0 loss=0.0017158841947093606 epoch=182 and step=0
2026-02-10 20:29:27,471 - SplitNNServer - INFO - 28428 - phase=train acc=1.0 loss=0.00016250919725280255 epoch=182 and step=10
2026-02-10 20:29:28,830 - SplitNNServer - INFO - 28428 - phase=train acc=1.0 loss=0.0003575844457373023 epoch=182 and step=20
2026-02-10 20:29:30,146 - SplitNNServer - INFO - 28428 - phase=train acc=1.0 loss=6.482441676780581e-05 epoch=182 and step=30
2026-02-10 20:29:31,416 - SplitNNClient - INFO - 5872 - worker_num=3 epoch_send=84899382 epoch_receive=2182960069 total_send=84899382 total_receive=2182960069
2026-02-10 20:29:36,489 - SplitNNServer - INFO - 28428 - phase=validation acc=0.9826 loss=0.07327411809284703 epoch=182 and step=79
2026-02-10 20:29:39,604 - SplitNNServer - INFO - 28428 - phase=train acc=1.0 loss=0.0010570514714345336 epoch=183 and step=0
2026-02-10 20:29:40,912 - SplitNNServer - INFO - 28428 - phase=train acc=1.0 loss=7.45616780477576e-05 epoch=183 and step=10
2026-02-10 20:29:42,225 - SplitNNServer - INFO - 28428 - phase=train acc=1.0 loss=0.0001530554873170331 epoch=183 and step=20
2026-02-10 20:29:43,448 - SplitNNServer - INFO - 28428 - phase=train acc=1.0 loss=0.00034660278470255435 epoch=183 and step=30
2026-02-10 20:29:44,836 - SplitNNServer - INFO - 28428 - phase=train acc=1.0 loss=1.746512316458393e-05 epoch=183 and step=40
2026-02-10 20:29:44,881 - SplitNNClient - INFO - 27888 - worker_num=4 epoch_send=84954934 epoch_receive=2237528767 total_send=84954934 total_receive=2237528767
2026-02-10 20:29:50,023 - SplitNNServer - INFO - 28428 - phase=validation acc=0.983 loss=0.0698727287707355 epoch=183 and step=79
2026-02-10 20:29:53,127 - SplitNNServer - INFO - 28428 - phase=train acc=1.0 loss=0.0003452468372415751 epoch=184 and step=0
2026-02-10 20:29:54,676 - SplitNNServer - INFO - 28428 - phase=train acc=1.0 loss=0.00026916954084299505 epoch=184 and step=10
2026-02-10 20:29:55,781 - SplitNNClient - INFO - 16028 - worker_num=5 epoch_send=69700552 epoch_receive=1037061651 total_send=69700552 total_receive=1037061651
2026-02-10 20:30:00,744 - SplitNNServer - INFO - 28428 - phase=validation acc=0.9841 loss=0.0633997529280638 epoch=184 and step=79
2026-02-10 20:30:03,855 - SplitNNServer - INFO - 28428 - phase=train acc=1.0 loss=0.0016261788550764322 epoch=185 and step=0
2026-02-10 20:30:05,233 - SplitNNServer - INFO - 28428 - phase=train acc=1.0 loss=0.000949770852457732 epoch=185 and step=10
2026-02-10 20:30:06,539 - SplitNNServer - INFO - 28428 - phase=train acc=1.0 loss=0.0004815243883058429 epoch=185 and step=20
2026-02-10 20:30:07,915 - SplitNNServer - INFO - 28428 - phase=train acc=1.0 loss=0.00017844913236331195 epoch=185 and step=30
2026-02-10 20:30:07,973 - SplitNNClient - INFO - 24456 - worker_num=1 epoch_send=80782822 epoch_receive=1737581201 total_send=80782822 total_receive=1737581201
2026-02-10 20:30:13,026 - SplitNNServer - INFO - 28428 - phase=validation acc=0.9862 loss=0.05500494753837582 epoch=185 and step=79
2026-02-10 20:30:16,156 - SplitNNServer - INFO - 28428 - phase=train acc=1.0 loss=0.001109899953007698 epoch=186 and step=0
2026-02-10 20:30:17,482 - SplitNNServer - INFO - 28428 - phase=train acc=1.0 loss=0.00038440825301222503 epoch=186 and step=10
2026-02-10 20:30:18,803 - SplitNNServer - INFO - 28428 - phase=train acc=1.0 loss=3.610533894971013e-05 epoch=186 and step=20
2026-02-10 20:30:20,109 - SplitNNServer - INFO - 28428 - phase=train acc=1.0 loss=0.000278360239462927 epoch=186 and step=30
2026-02-10 20:30:21,456 - SplitNNServer - INFO - 28428 - phase=train acc=1.0 loss=9.367361781187356e-05 epoch=186 and step=40
2026-02-10 20:30:22,745 - SplitNNServer - INFO - 28428 - phase=train acc=1.0 loss=0.00013350928202271461 epoch=186 and step=50
2026-02-10 20:30:24,352 - SplitNNServer - INFO - 28428 - phase=train acc=1.0 loss=1.822456943045836e-05 epoch=186 and step=60
2026-02-10 20:30:25,685 - SplitNNServer - INFO - 28428 - phase=train acc=1.0 loss=0.00014467875007539988 epoch=186 and step=70
2026-02-10 20:30:26,984 - SplitNNServer - INFO - 28428 - phase=train acc=1.0 loss=0.0001243989245267585 epoch=186 and step=80
2026-02-10 20:30:27,017 - SplitNNClient - INFO - 21308 - worker_num=2 epoch_send=117300828 epoch_receive=4539661794 total_send=117300828 total_receive=4539661794
2026-02-10 20:30:32,095 - SplitNNServer - INFO - 28428 - phase=validation acc=0.9837 loss=0.06896567135145615 epoch=186 and step=79
2026-02-10 20:30:35,191 - SplitNNServer - INFO - 28428 - phase=train acc=1.0 loss=0.00011585766333155334 epoch=187 and step=0
2026-02-10 20:30:36,454 - SplitNNServer - INFO - 28428 - phase=train acc=1.0 loss=0.00038625820889137685 epoch=187 and step=10
2026-02-10 20:30:37,954 - SplitNNServer - INFO - 28428 - phase=train acc=1.0 loss=0.00022021305630914867 epoch=187 and step=20
2026-02-10 20:30:39,253 - SplitNNServer - INFO - 28428 - phase=train acc=1.0 loss=3.3118281862698495e-05 epoch=187 and step=30
2026-02-10 20:30:40,563 - SplitNNClient - INFO - 5872 - worker_num=3 epoch_send=87302302 epoch_receive=2241957582 total_send=87302302 total_receive=2241957582
2026-02-10 20:30:45,612 - SplitNNServer - INFO - 28428 - phase=validation acc=0.9823 loss=0.0729953517516669 epoch=187 and step=79
2026-02-10 20:30:48,747 - SplitNNServer - INFO - 28428 - phase=train acc=1.0 loss=0.0010675485245883465 epoch=188 and step=0
2026-02-10 20:30:50,056 - SplitNNServer - INFO - 28428 - phase=train acc=1.0 loss=0.0004145264974795282 epoch=188 and step=10
2026-02-10 20:30:51,373 - SplitNNServer - INFO - 28428 - phase=train acc=1.0 loss=0.00010624091373756528 epoch=188 and step=20
2026-02-10 20:30:52,701 - SplitNNServer - INFO - 28428 - phase=train acc=1.0 loss=9.031869558384642e-05 epoch=188 and step=30
2026-02-10 20:30:54,108 - SplitNNServer - INFO - 28428 - phase=train acc=1.0 loss=2.8785791528207483e-06 epoch=188 and step=40
2026-02-10 20:30:54,215 - SplitNNClient - INFO - 27888 - worker_num=4 epoch_send=87311108 epoch_receive=2298001058 total_send=87311108 total_receive=2298001058
2026-02-10 20:30:59,334 - SplitNNServer - INFO - 28428 - phase=validation acc=0.9827 loss=0.071271007281554 epoch=188 and step=79
2026-02-10 20:31:02,422 - SplitNNServer - INFO - 28428 - phase=train acc=1.0 loss=0.0005781756481155753 epoch=189 and step=0
2026-02-10 20:31:03,718 - SplitNNServer - INFO - 28428 - phase=train acc=1.0 loss=8.723739301785827e-05 epoch=189 and step=10
2026-02-10 20:31:04,831 - SplitNNClient - INFO - 16028 - worker_num=5 epoch_send=71621174 epoch_receive=1065088826 total_send=71621174 total_receive=1065088826
2026-02-10 20:31:09,838 - SplitNNServer - INFO - 28428 - phase=validation acc=0.9838 loss=0.0652852328856953 epoch=189 and step=79
2026-02-10 20:31:12,927 - SplitNNServer - INFO - 28428 - phase=train acc=1.0 loss=0.0006434582755900919 epoch=190 and step=0
2026-02-10 20:31:14,223 - SplitNNServer - INFO - 28428 - phase=train acc=1.0 loss=0.0005076617235317826 epoch=190 and step=10
2026-02-10 20:31:15,601 - SplitNNServer - INFO - 28428 - phase=train acc=1.0 loss=0.00022486998932436109 epoch=190 and step=20
2026-02-10 20:31:16,824 - SplitNNServer - INFO - 28428 - phase=train acc=1.0 loss=0.00015439210983458906 epoch=190 and step=30
2026-02-10 20:31:16,854 - SplitNNClient - INFO - 24456 - worker_num=1 epoch_send=82921792 epoch_receive=1783305712 total_send=82921792 total_receive=1783305712
2026-02-10 20:31:21,933 - SplitNNServer - INFO - 28428 - phase=validation acc=0.9856 loss=0.056722762649837714 epoch=190 and step=79
2026-02-10 20:31:25,047 - SplitNNServer - INFO - 28428 - phase=train acc=1.0 loss=1.5829380572540686e-05 epoch=191 and step=0
2026-02-10 20:31:26,366 - SplitNNServer - INFO - 28428 - phase=train acc=1.0 loss=0.0007077439222484827 epoch=191 and step=10
2026-02-10 20:31:27,632 - SplitNNServer - INFO - 28428 - phase=train acc=1.0 loss=0.00010443454812048003 epoch=191 and step=20
2026-02-10 20:31:28,896 - SplitNNServer - INFO - 28428 - phase=train acc=1.0 loss=0.0004125858540646732 epoch=191 and step=30
2026-02-10 20:31:30,193 - SplitNNServer - INFO - 28428 - phase=train acc=1.0 loss=0.00010785033373394981 epoch=191 and step=40
2026-02-10 20:31:31,568 - SplitNNServer - INFO - 28428 - phase=train acc=1.0 loss=0.00021228985860943794 epoch=191 and step=50
2026-02-10 20:31:32,894 - SplitNNServer - INFO - 28428 - phase=train acc=1.0 loss=5.0068912969436496e-05 epoch=191 and step=60
2026-02-10 20:31:34,204 - SplitNNServer - INFO - 28428 - phase=train acc=1.0 loss=5.646844147122465e-05 epoch=191 and step=70
2026-02-10 20:31:35,522 - SplitNNServer - INFO - 28428 - phase=train acc=1.0 loss=0.0003715906059369445 epoch=191 and step=80
2026-02-10 20:31:35,563 - SplitNNClient - INFO - 21308 - worker_num=2 epoch_send=120389864 epoch_receive=4659125205 total_send=120389864 total_receive=4659125205
2026-02-10 20:31:40,684 - SplitNNServer - INFO - 28428 - phase=validation acc=0.9831 loss=0.0728889508400711 epoch=191 and step=79
2026-02-10 20:31:43,765 - SplitNNServer - INFO - 28428 - phase=train acc=1.0 loss=0.00028659863164648414 epoch=192 and step=0
2026-02-10 20:31:45,138 - SplitNNServer - INFO - 28428 - phase=train acc=1.0 loss=0.00010702683357521892 epoch=192 and step=10
2026-02-10 20:31:46,454 - SplitNNServer - INFO - 28428 - phase=train acc=1.0 loss=4.081139559275471e-05 epoch=192 and step=20
2026-02-10 20:31:47,789 - SplitNNServer - INFO - 28428 - phase=train acc=1.0 loss=0.00016290359781123698 epoch=192 and step=30
2026-02-10 20:31:49,087 - SplitNNClient - INFO - 5872 - worker_num=3 epoch_send=89589927 epoch_receive=2300955095 total_send=89589927 total_receive=2300955095
2026-02-10 20:31:54,135 - SplitNNServer - INFO - 28428 - phase=validation acc=0.9824 loss=0.07373282602848812 epoch=192 and step=79
2026-02-10 20:31:57,228 - SplitNNServer - INFO - 28428 - phase=train acc=1.0 loss=0.0003075584245380014 epoch=193 and step=0
2026-02-10 20:31:58,589 - SplitNNServer - INFO - 28428 - phase=train acc=1.0 loss=0.00021227856632322073 epoch=193 and step=10
2026-02-10 20:31:59,972 - SplitNNServer - INFO - 28428 - phase=train acc=1.0 loss=0.000530316901858896 epoch=193 and step=20
2026-02-10 20:32:01,407 - SplitNNServer - INFO - 28428 - phase=train acc=1.0 loss=5.295420123729855e-05 epoch=193 and step=30
2026-02-10 20:32:02,669 - SplitNNServer - INFO - 28428 - phase=train acc=1.0 loss=0.00024332324392162263 epoch=193 and step=40
2026-02-10 20:32:02,707 - SplitNNClient - INFO - 27888 - worker_num=4 epoch_send=89599305 epoch_receive=2358473349 total_send=89599305 total_receive=2358473349
2026-02-10 20:32:07,714 - SplitNNServer - INFO - 28428 - phase=validation acc=0.9817 loss=0.07580046471131585 epoch=193 and step=79
2026-02-10 20:32:10,841 - SplitNNServer - INFO - 28428 - phase=train acc=1.0 loss=0.0002570034412201494 epoch=194 and step=0
2026-02-10 20:32:12,248 - SplitNNServer - INFO - 28428 - phase=train acc=1.0 loss=4.842650378122926e-05 epoch=194 and step=10
2026-02-10 20:32:13,417 - SplitNNClient - INFO - 16028 - worker_num=5 epoch_send=73534243 epoch_receive=1093116001 total_send=73534243 total_receive=1093116001
2026-02-10 20:32:18,554 - SplitNNServer - INFO - 28428 - phase=validation acc=0.9837 loss=0.0656107503454161 epoch=194 and step=79
2026-02-10 20:32:21,663 - SplitNNServer - INFO - 28428 - phase=train acc=1.0 loss=0.0004308804636821151 epoch=195 and step=0
2026-02-10 20:32:23,041 - SplitNNServer - INFO - 28428 - phase=train acc=1.0 loss=0.0002297761384397745 epoch=195 and step=10
2026-02-10 20:32:24,581 - SplitNNServer - INFO - 28428 - phase=train acc=1.0 loss=6.282961112447083e-05 epoch=195 and step=20
2026-02-10 20:32:25,968 - SplitNNServer - INFO - 28428 - phase=train acc=1.0 loss=0.0008492599008604884 epoch=195 and step=30
2026-02-10 20:32:26,023 - SplitNNClient - INFO - 24456 - worker_num=1 epoch_send=85083421 epoch_receive=1829030223 total_send=85083421 total_receive=1829030223
2026-02-10 20:32:31,203 - SplitNNServer - INFO - 28428 - phase=validation acc=0.9851 loss=0.057232228093652165 epoch=195 and step=79
2026-02-10 20:32:34,347 - SplitNNServer - INFO - 28428 - phase=train acc=1.0 loss=0.00013597712677437812 epoch=196 and step=0
2026-02-10 20:32:35,583 - SplitNNServer - INFO - 28428 - phase=train acc=1.0 loss=0.00030055042589083314 epoch=196 and step=10
2026-02-10 20:32:36,960 - SplitNNServer - INFO - 28428 - phase=train acc=1.0 loss=0.0001466225367039442 epoch=196 and step=20
2026-02-10 20:32:38,254 - SplitNNServer - INFO - 28428 - phase=train acc=1.0 loss=2.282366403960623e-05 epoch=196 and step=30
2026-02-10 20:32:39,556 - SplitNNServer - INFO - 28428 - phase=train acc=1.0 loss=6.386526365531608e-05 epoch=196 and step=40
2026-02-10 20:32:41,001 - SplitNNServer - INFO - 28428 - phase=train acc=1.0 loss=5.316389888321282e-06 epoch=196 and step=50
2026-02-10 20:32:42,532 - SplitNNServer - INFO - 28428 - phase=train acc=1.0 loss=0.00014874499174766243 epoch=196 and step=60
2026-02-10 20:32:44,408 - SplitNNServer - INFO - 28428 - phase=train acc=1.0 loss=9.828464681049809e-05 epoch=196 and step=70
2026-02-10 20:32:45,632 - SplitNNServer - INFO - 28428 - phase=train acc=1.0 loss=0.00031086712260730565 epoch=196 and step=80
2026-02-10 20:32:45,661 - SplitNNClient - INFO - 21308 - worker_num=2 epoch_send=123509112 epoch_receive=4778588616 total_send=123509112 total_receive=4778588616
2026-02-10 20:32:50,658 - SplitNNServer - INFO - 28428 - phase=validation acc=0.9837 loss=0.07093379594245254 epoch=196 and step=79
2026-02-10 20:32:53,760 - SplitNNServer - INFO - 28428 - phase=train acc=1.0 loss=0.00022991717560216784 epoch=197 and step=0
2026-02-10 20:32:55,276 - SplitNNServer - INFO - 28428 - phase=train acc=1.0 loss=0.00025811998057179153 epoch=197 and step=10
2026-02-10 20:32:56,647 - SplitNNServer - INFO - 28428 - phase=train acc=1.0 loss=7.153972546802834e-05 epoch=197 and step=20
2026-02-10 20:32:57,951 - SplitNNServer - INFO - 28428 - phase=train acc=1.0 loss=0.0001119117223424837 epoch=197 and step=30
2026-02-10 20:32:59,249 - SplitNNClient - INFO - 5872 - worker_num=3 epoch_send=91953082 epoch_receive=2359952608 total_send=91953082 total_receive=2359952608
2026-02-10 20:33:04,346 - SplitNNServer - INFO - 28428 - phase=validation acc=0.9826 loss=0.07389925932637965 epoch=197 and step=79
2026-02-10 20:33:07,482 - SplitNNServer - INFO - 28428 - phase=train acc=1.0 loss=0.0031417945865541697 epoch=198 and step=0
2026-02-10 20:33:08,821 - SplitNNServer - INFO - 28428 - phase=train acc=1.0 loss=6.130699330242351e-05 epoch=198 and step=10
2026-02-10 20:33:10,185 - SplitNNServer - INFO - 28428 - phase=train acc=1.0 loss=0.00013603702245745808 epoch=198 and step=20
2026-02-10 20:33:11,427 - SplitNNServer - INFO - 28428 - phase=train acc=1.0 loss=7.198106322903186e-05 epoch=198 and step=30
2026-02-10 20:33:12,839 - SplitNNServer - INFO - 28428 - phase=train acc=1.0 loss=5.764668821939267e-05 epoch=198 and step=40
2026-02-10 20:33:12,882 - SplitNNClient - INFO - 27888 - worker_num=4 epoch_send=91857290 epoch_receive=2418945640 total_send=91857290 total_receive=2418945640
2026-02-10 20:33:17,869 - SplitNNServer - INFO - 28428 - phase=validation acc=0.9837 loss=0.06927079243088359 epoch=198 and step=79
2026-02-10 20:33:20,983 - SplitNNServer - INFO - 28428 - phase=train acc=1.0 loss=0.00011190307122888044 epoch=199 and step=0
2026-02-10 20:33:22,329 - SplitNNServer - INFO - 28428 - phase=train acc=1.0 loss=3.59670739271678e-05 epoch=199 and step=10
2026-02-10 20:33:23,613 - SplitNNClient - INFO - 16028 - worker_num=5 epoch_send=75439759 epoch_receive=1121143176 total_send=75439759 total_receive=1121143176
2026-02-10 20:33:28,714 - SplitNNServer - INFO - 28428 - phase=validation acc=0.9838 loss=0.06425892671444228 epoch=199 and step=79
2026-02-10 20:33:31,843 - SplitNNServer - INFO - 28428 - phase=train acc=1.0 loss=0.00034566750400699675 epoch=200 and step=0
2026-02-10 20:33:33,411 - SplitNNServer - INFO - 28428 - phase=train acc=1.0 loss=0.0001536358322482556 epoch=200 and step=10
2026-02-10 20:33:34,830 - SplitNNServer - INFO - 28428 - phase=train acc=1.0 loss=0.00020959739049430937 epoch=200 and step=20
2026-02-10 20:33:36,261 - SplitNNServer - INFO - 28428 - phase=train acc=1.0 loss=0.0001450175477657467 epoch=200 and step=30
2026-02-10 20:33:36,367 - SplitNNClient - INFO - 24456 - worker_num=1 epoch_send=87252603 epoch_receive=1874754734 total_send=87252603 total_receive=1874754734
2026-02-10 20:33:41,482 - SplitNNServer - INFO - 28428 - phase=validation acc=0.9858 loss=0.05676879611977832 epoch=200 and step=79
2026-02-10 20:33:44,571 - SplitNNServer - INFO - 28428 - phase=train acc=1.0 loss=0.00042754781316034496 epoch=201 and step=0
2026-02-10 20:33:45,907 - SplitNNServer - INFO - 28428 - phase=train acc=1.0 loss=0.0008131412323564291 epoch=201 and step=10
2026-02-10 20:33:47,242 - SplitNNServer - INFO - 28428 - phase=train acc=1.0 loss=0.0006856618565507233 epoch=201 and step=20
2026-02-10 20:33:48,649 - SplitNNServer - INFO - 28428 - phase=train acc=1.0 loss=5.40387918590568e-06 epoch=201 and step=30
2026-02-10 20:33:49,959 - SplitNNServer - INFO - 28428 - phase=train acc=1.0 loss=0.0001134637714130804 epoch=201 and step=40
2026-02-10 20:33:51,267 - SplitNNServer - INFO - 28428 - phase=train acc=1.0 loss=0.00015978474402800202 epoch=201 and step=50
2026-02-10 20:33:52,576 - SplitNNServer - INFO - 28428 - phase=train acc=1.0 loss=0.00013893988216295838 epoch=201 and step=60
2026-02-10 20:33:53,804 - SplitNNServer - INFO - 28428 - phase=train acc=1.0 loss=5.895966387470253e-05 epoch=201 and step=70
2026-02-10 20:33:55,284 - SplitNNServer - INFO - 28428 - phase=train acc=1.0 loss=5.7753211876843125e-05 epoch=201 and step=80
2026-02-10 20:33:55,315 - SplitNNClient - INFO - 21308 - worker_num=2 epoch_send=126583042 epoch_receive=4898052027 total_send=126583042 total_receive=4898052027
2026-02-10 20:34:00,554 - SplitNNServer - INFO - 28428 - phase=validation acc=0.9833 loss=0.06957296805671759 epoch=201 and step=79
2026-02-10 20:34:03,655 - SplitNNServer - INFO - 28428 - phase=train acc=1.0 loss=0.0002767830155789852 epoch=202 and step=0
2026-02-10 20:34:05,089 - SplitNNServer - INFO - 28428 - phase=train acc=1.0 loss=0.0012235506437718868 epoch=202 and step=10
2026-02-10 20:34:06,577 - SplitNNServer - INFO - 28428 - phase=train acc=1.0 loss=2.509350815671496e-05 epoch=202 and step=20
2026-02-10 20:34:08,089 - SplitNNServer - INFO - 28428 - phase=train acc=1.0 loss=4.9464630137663335e-05 epoch=202 and step=30
2026-02-10 20:34:09,360 - SplitNNClient - INFO - 5872 - worker_num=3 epoch_send=94323790 epoch_receive=2418950121 total_send=94323790 total_receive=2418950121
2026-02-10 20:34:14,444 - SplitNNServer - INFO - 28428 - phase=validation acc=0.983 loss=0.0716022668283646 epoch=202 and step=79
2026-02-10 20:34:17,484 - SplitNNServer - INFO - 28428 - phase=train acc=1.0 loss=0.0004647123860195279 epoch=203 and step=0
2026-02-10 20:34:18,756 - SplitNNServer - INFO - 28428 - phase=train acc=1.0 loss=0.0001674072991590947 epoch=203 and step=10
2026-02-10 20:34:20,123 - SplitNNServer - INFO - 28428 - phase=train acc=1.0 loss=0.00017363502411171794 epoch=203 and step=20
2026-02-10 20:34:21,373 - SplitNNServer - INFO - 28428 - phase=train acc=1.0 loss=0.0003017215058207512 epoch=203 and step=30
2026-02-10 20:34:22,618 - SplitNNServer - INFO - 28428 - phase=train acc=1.0 loss=0.0003925108176190406 epoch=203 and step=40
2026-02-10 20:34:22,672 - SplitNNClient - INFO - 27888 - worker_num=4 epoch_send=94236123 epoch_receive=2479419931 total_send=94236123 total_receive=2479419931
2026-02-10 20:34:27,806 - SplitNNServer - INFO - 28428 - phase=validation acc=0.9833 loss=0.07015006486900531 epoch=203 and step=79
2026-02-10 20:34:30,894 - SplitNNServer - INFO - 28428 - phase=train acc=1.0 loss=0.0006345046567730606 epoch=204 and step=0
2026-02-10 20:34:32,246 - SplitNNServer - INFO - 28428 - phase=train acc=1.0 loss=0.00025903229834511876 epoch=204 and step=10
2026-02-10 20:34:33,374 - SplitNNClient - INFO - 16028 - worker_num=5 epoch_send=77383040 epoch_receive=1149170351 total_send=77383040 total_receive=1149170351
2026-02-10 20:34:38,518 - SplitNNServer - INFO - 28428 - phase=validation acc=0.9842 loss=0.0659790937995709 epoch=204 and step=79
2026-02-10 20:34:41,640 - SplitNNServer - INFO - 28428 - phase=train acc=1.0 loss=0.0015891394577920437 epoch=205 and step=0
2026-02-10 20:34:42,962 - SplitNNServer - INFO - 28428 - phase=train acc=1.0 loss=0.00022609464940614998 epoch=205 and step=10
2026-02-10 20:34:44,251 - SplitNNServer - INFO - 28428 - phase=train acc=1.0 loss=5.95677483943291e-05 epoch=205 and step=20
2026-02-10 20:34:45,693 - SplitNNServer - INFO - 28428 - phase=train acc=1.0 loss=3.4783057344611734e-05 epoch=205 and step=30
2026-02-10 20:34:45,734 - SplitNNClient - INFO - 24456 - worker_num=1 epoch_send=89361361 epoch_receive=1920479245 total_send=89361361 total_receive=1920479245
2026-02-10 20:34:50,760 - SplitNNServer - INFO - 28428 - phase=validation acc=0.9853 loss=0.05676604871710246 epoch=205 and step=79
2026-02-10 20:34:53,856 - SplitNNServer - INFO - 28428 - phase=train acc=1.0 loss=0.00020755661535076797 epoch=206 and step=0
2026-02-10 20:34:55,281 - SplitNNServer - INFO - 28428 - phase=train acc=1.0 loss=5.1785940740955994e-05 epoch=206 and step=10
2026-02-10 20:34:56,664 - SplitNNServer - INFO - 28428 - phase=train acc=1.0 loss=0.0007230567862279713 epoch=206 and step=20
2026-02-10 20:34:57,896 - SplitNNServer - INFO - 28428 - phase=train acc=1.0 loss=5.0208353059133515e-05 epoch=206 and step=30
2026-02-10 20:34:59,195 - SplitNNServer - INFO - 28428 - phase=train acc=1.0 loss=2.2275646188063547e-05 epoch=206 and step=40
2026-02-10 20:35:00,484 - SplitNNServer - INFO - 28428 - phase=train acc=1.0 loss=0.0007404388161376119 epoch=206 and step=50
2026-02-10 20:35:01,815 - SplitNNServer - INFO - 28428 - phase=train acc=1.0 loss=2.67466384684667e-06 epoch=206 and step=60
2026-02-10 20:35:03,150 - SplitNNServer - INFO - 28428 - phase=train acc=1.0 loss=0.0001472476578783244 epoch=206 and step=70
2026-02-10 20:35:04,474 - SplitNNServer - INFO - 28428 - phase=train acc=1.0 loss=0.00012207130203023553 epoch=206 and step=80
2026-02-10 20:35:04,528 - SplitNNClient - INFO - 21308 - worker_num=2 epoch_send=129619207 epoch_receive=5017515438 total_send=129619207 total_receive=5017515438
2026-02-10 20:35:09,710 - SplitNNServer - INFO - 28428 - phase=validation acc=0.9835 loss=0.07018052635186205 epoch=206 and step=79
2026-02-10 20:35:12,812 - SplitNNServer - INFO - 28428 - phase=train acc=1.0 loss=0.0002312220458406955 epoch=207 and step=0
2026-02-10 20:35:14,197 - SplitNNServer - INFO - 28428 - phase=train acc=1.0 loss=5.477897502714768e-05 epoch=207 and step=10
2026-02-10 20:35:15,530 - SplitNNServer - INFO - 28428 - phase=train acc=1.0 loss=0.0001732313830871135 epoch=207 and step=20
2026-02-10 20:35:16,878 - SplitNNServer - INFO - 28428 - phase=train acc=1.0 loss=4.643492502509616e-05 epoch=207 and step=30
2026-02-10 20:35:18,116 - SplitNNClient - INFO - 5872 - worker_num=3 epoch_send=96643627 epoch_receive=2477949634 total_send=96643627 total_receive=2477949634
2026-02-10 20:35:23,231 - SplitNNServer - INFO - 28428 - phase=validation acc=0.9825 loss=0.07231767393525129 epoch=207 and step=79
2026-02-10 20:35:26,347 - SplitNNServer - INFO - 28428 - phase=train acc=1.0 loss=0.0016504996456205845 epoch=208 and step=0
2026-02-10 20:35:27,710 - SplitNNServer - INFO - 28428 - phase=train acc=1.0 loss=0.0002295810409123078 epoch=208 and step=10
2026-02-10 20:35:29,035 - SplitNNServer - INFO - 28428 - phase=train acc=1.0 loss=4.679182529798709e-05 epoch=208 and step=20
2026-02-10 20:35:30,417 - SplitNNServer - INFO - 28428 - phase=train acc=1.0 loss=0.0002108381740981713 epoch=208 and step=30
2026-02-10 20:35:31,727 - SplitNNServer - INFO - 28428 - phase=train acc=1.0 loss=9.628359839553013e-05 epoch=208 and step=40
2026-02-10 20:35:31,822 - SplitNNClient - INFO - 27888 - worker_num=4 epoch_send=96524320 epoch_receive=2539894222 total_send=96524320 total_receive=2539894222
2026-02-10 20:35:36,934 - SplitNNServer - INFO - 28428 - phase=validation acc=0.9834 loss=0.07046109065347854 epoch=208 and step=79
2026-02-10 20:35:40,020 - SplitNNServer - INFO - 28428 - phase=train acc=1.0 loss=0.0001256786345038563 epoch=209 and step=0
2026-02-10 20:35:41,318 - SplitNNServer - INFO - 28428 - phase=train acc=1.0 loss=0.00014903751434758306 epoch=209 and step=10
2026-02-10 20:35:42,577 - SplitNNClient - INFO - 16028 - worker_num=5 epoch_send=79258344 epoch_receive=1177199526 total_send=79258344 total_receive=1177199526
2026-02-10 20:35:47,676 - SplitNNServer - INFO - 28428 - phase=validation acc=0.9839 loss=0.06667847071281513 epoch=209 and step=79
2026-02-10 20:35:50,759 - SplitNNServer - INFO - 28428 - phase=train acc=1.0 loss=0.00036599489976651967 epoch=210 and step=0
2026-02-10 20:35:52,096 - SplitNNServer - INFO - 28428 - phase=train acc=1.0 loss=0.0002634864067658782 epoch=210 and step=10
2026-02-10 20:35:53,547 - SplitNNServer - INFO - 28428 - phase=train acc=1.0 loss=0.00010272992949467152 epoch=210 and step=20
2026-02-10 20:35:54,906 - SplitNNServer - INFO - 28428 - phase=train acc=1.0 loss=0.0001599294482730329 epoch=210 and step=30
2026-02-10 20:35:54,948 - SplitNNClient - INFO - 24456 - worker_num=1 epoch_send=91560755 epoch_receive=1966205756 total_send=91560755 total_receive=1966205756
2026-02-10 20:36:00,073 - SplitNNServer - INFO - 28428 - phase=validation acc=0.9854 loss=0.05908288531677794 epoch=210 and step=79
2026-02-10 20:36:03,161 - SplitNNServer - INFO - 28428 - phase=train acc=1.0 loss=4.583310874295421e-05 epoch=211 and step=0
2026-02-10 20:36:04,510 - SplitNNServer - INFO - 28428 - phase=train acc=1.0 loss=0.0001026937025017105 epoch=211 and step=10
2026-02-10 20:36:05,758 - SplitNNServer - INFO - 28428 - phase=train acc=1.0 loss=0.00014849529543425888 epoch=211 and step=20
2026-02-10 20:36:07,183 - SplitNNServer - INFO - 28428 - phase=train acc=1.0 loss=0.0002226350043201819 epoch=211 and step=30
2026-02-10 20:36:08,472 - SplitNNServer - INFO - 28428 - phase=train acc=1.0 loss=7.472129072993994e-05 epoch=211 and step=40
2026-02-10 20:36:09,843 - SplitNNServer - INFO - 28428 - phase=train acc=1.0 loss=0.00023599891574122012 epoch=211 and step=50
2026-02-10 20:36:11,202 - SplitNNServer - INFO - 28428 - phase=train acc=1.0 loss=0.0001326948549831286 epoch=211 and step=60
2026-02-10 20:36:12,479 - SplitNNServer - INFO - 28428 - phase=train acc=1.0 loss=7.692103099543601e-05 epoch=211 and step=70
2026-02-10 20:36:13,801 - SplitNNServer - INFO - 28428 - phase=train acc=1.0 loss=0.00015877843543421477 epoch=211 and step=80
2026-02-10 20:36:13,833 - SplitNNClient - INFO - 21308 - worker_num=2 epoch_send=132815985 epoch_receive=5136980849 total_send=132815985 total_receive=5136980849
2026-02-10 20:36:19,024 - SplitNNServer - INFO - 28428 - phase=validation acc=0.9834 loss=0.06978212101974449 epoch=211 and step=79
2026-02-10 20:36:22,142 - SplitNNServer - INFO - 28428 - phase=train acc=1.0 loss=0.0001381743495585397 epoch=212 and step=0
2026-02-10 20:36:23,361 - SplitNNServer - INFO - 28428 - phase=train acc=1.0 loss=1.7480142560089007e-05 epoch=212 and step=10
2026-02-10 20:36:24,952 - SplitNNServer - INFO - 28428 - phase=train acc=1.0 loss=0.00019546097610145807 epoch=212 and step=20
2026-02-10 20:36:26,329 - SplitNNServer - INFO - 28428 - phase=train acc=1.0 loss=0.0005358440103009343 epoch=212 and step=30
2026-02-10 20:36:27,538 - SplitNNClient - INFO - 5872 - worker_num=3 epoch_send=98948358 epoch_receive=2536949147 total_send=98948358 total_receive=2536949147
2026-02-10 20:36:32,598 - SplitNNServer - INFO - 28428 - phase=validation acc=0.9834 loss=0.07160238690267283 epoch=212 and step=79
2026-02-10 20:36:35,697 - SplitNNServer - INFO - 28428 - phase=train acc=1.0 loss=0.00152186444029212 epoch=213 and step=0
2026-02-10 20:36:37,086 - SplitNNServer - INFO - 28428 - phase=train acc=1.0 loss=9.885891631711274e-05 epoch=213 and step=10
2026-02-10 20:36:38,494 - SplitNNServer - INFO - 28428 - phase=train acc=1.0 loss=0.00010362532339058816 epoch=213 and step=20
2026-02-10 20:36:40,020 - SplitNNServer - INFO - 28428 - phase=train acc=1.0 loss=5.722894275095314e-05 epoch=213 and step=30
2026-02-10 20:36:41,377 - SplitNNServer - INFO - 28428 - phase=train acc=1.0 loss=5.4494703363161534e-05 epoch=213 and step=40
2026-02-10 20:36:41,428 - SplitNNClient - INFO - 27888 - worker_num=4 epoch_send=98822070 epoch_receive=2600368513 total_send=98822070 total_receive=2600368513
2026-02-10 20:36:46,549 - SplitNNServer - INFO - 28428 - phase=validation acc=0.9836 loss=0.06952125951773605 epoch=213 and step=79
2026-02-10 20:36:49,656 - SplitNNServer - INFO - 28428 - phase=train acc=1.0 loss=3.507018118398264e-05 epoch=214 and step=0
2026-02-10 20:36:51,087 - SplitNNServer - INFO - 28428 - phase=train acc=1.0 loss=0.00018129072850570083 epoch=214 and step=10
2026-02-10 20:36:52,215 - SplitNNClient - INFO - 16028 - worker_num=5 epoch_send=81135648 epoch_receive=1205228701 total_send=81135648 total_receive=1205228701
2026-02-10 20:36:57,323 - SplitNNServer - INFO - 28428 - phase=validation acc=0.9837 loss=0.06641603524162545 epoch=214 and step=79
2026-02-10 20:37:00,426 - SplitNNServer - INFO - 28428 - phase=train acc=1.0 loss=0.0006196962203830481 epoch=215 and step=0
2026-02-10 20:37:01,736 - SplitNNServer - INFO - 28428 - phase=train acc=1.0 loss=8.070430340012535e-05 epoch=215 and step=10
2026-02-10 20:37:03,106 - SplitNNServer - INFO - 28428 - phase=train acc=1.0 loss=0.00016185638378374279 epoch=215 and step=20
2026-02-10 20:37:04,534 - SplitNNServer - INFO - 28428 - phase=train acc=1.0 loss=6.053240940673277e-05 epoch=215 and step=30
2026-02-10 20:37:04,571 - SplitNNClient - INFO - 24456 - worker_num=1 epoch_send=93747043 epoch_receive=2011932267 total_send=93747043 total_receive=2011932267
2026-02-10 20:37:09,648 - SplitNNServer - INFO - 28428 - phase=validation acc=0.9852 loss=0.057743648980035 epoch=215 and step=79
2026-02-10 20:37:12,769 - SplitNNServer - INFO - 28428 - phase=train acc=1.0 loss=5.037379014538601e-05 epoch=216 and step=0
2026-02-10 20:37:14,087 - SplitNNServer - INFO - 28428 - phase=train acc=1.0 loss=0.00014665417256765068 epoch=216 and step=10
2026-02-10 20:37:15,419 - SplitNNServer - INFO - 28428 - phase=train acc=1.0 loss=9.275670163333416e-05 epoch=216 and step=20
2026-02-10 20:37:16,722 - SplitNNServer - INFO - 28428 - phase=train acc=1.0 loss=9.35938223847188e-05 epoch=216 and step=30
2026-02-10 20:37:18,056 - SplitNNServer - INFO - 28428 - phase=train acc=1.0 loss=5.5252861784538254e-05 epoch=216 and step=40
2026-02-10 20:37:19,410 - SplitNNServer - INFO - 28428 - phase=train acc=1.0 loss=4.9075322749558836e-05 epoch=216 and step=50
2026-02-10 20:37:20,710 - SplitNNServer - INFO - 28428 - phase=train acc=1.0 loss=1.5250006072164979e-05 epoch=216 and step=60
2026-02-10 20:37:22,080 - SplitNNServer - INFO - 28428 - phase=train acc=1.0 loss=0.00016255993978120387 epoch=216 and step=70
2026-02-10 20:37:23,364 - SplitNNServer - INFO - 28428 - phase=train acc=1.0 loss=1.4413364624488167e-05 epoch=216 and step=80
2026-02-10 20:37:23,405 - SplitNNClient - INFO - 21308 - worker_num=2 epoch_send=135937233 epoch_receive=5256446260 total_send=135937233 total_receive=5256446260
2026-02-10 20:37:28,634 - SplitNNServer - INFO - 28428 - phase=validation acc=0.9838 loss=0.06842322795076386 epoch=216 and step=79
2026-02-10 20:37:31,725 - SplitNNServer - INFO - 28428 - phase=train acc=1.0 loss=0.0024017749819904566 epoch=217 and step=0
2026-02-10 20:37:33,016 - SplitNNServer - INFO - 28428 - phase=train acc=1.0 loss=0.00026448993594385684 epoch=217 and step=10
2026-02-10 20:37:34,356 - SplitNNServer - INFO - 28428 - phase=train acc=1.0 loss=8.616099512437358e-05 epoch=217 and step=20
2026-02-10 20:37:35,811 - SplitNNServer - INFO - 28428 - phase=train acc=1.0 loss=4.6526827645720914e-05 epoch=217 and step=30
2026-02-10 20:37:37,279 - SplitNNClient - INFO - 5872 - worker_num=3 epoch_send=101245536 epoch_receive=2595946660 total_send=101245536 total_receive=2595946660
2026-02-10 20:37:42,226 - SplitNNServer - INFO - 28428 - phase=validation acc=0.9831 loss=0.07123427535845156 epoch=217 and step=79
2026-02-10 20:37:45,335 - SplitNNServer - INFO - 28428 - phase=train acc=1.0 loss=0.0007820945465937257 epoch=218 and step=0
2026-02-10 20:37:46,775 - SplitNNServer - INFO - 28428 - phase=train acc=1.0 loss=0.0003083763876929879 epoch=218 and step=10
2026-02-10 20:37:48,192 - SplitNNServer - INFO - 28428 - phase=train acc=1.0 loss=1.5145286852202844e-05 epoch=218 and step=20
2026-02-10 20:37:49,534 - SplitNNServer - INFO - 28428 - phase=train acc=1.0 loss=1.1734930922102649e-05 epoch=218 and step=30
2026-02-10 20:37:50,919 - SplitNNServer - INFO - 28428 - phase=train acc=1.0 loss=1.822916055971291e-05 epoch=218 and step=40
2026-02-10 20:37:50,971 - SplitNNClient - INFO - 27888 - worker_num=4 epoch_send=101142479 epoch_receive=2660840804 total_send=101142479 total_receive=2660840804
2026-02-10 20:37:56,159 - SplitNNServer - INFO - 28428 - phase=validation acc=0.9826 loss=0.07330985090082415 epoch=218 and step=79
2026-02-10 20:37:59,260 - SplitNNServer - INFO - 28428 - phase=train acc=1.0 loss=0.00044902536319568753 epoch=219 and step=0
2026-02-10 20:38:00,804 - SplitNNServer - INFO - 28428 - phase=train acc=1.0 loss=0.00031376839615404606 epoch=219 and step=10
2026-02-10 20:38:01,875 - SplitNNClient - INFO - 16028 - worker_num=5 epoch_send=83050717 epoch_receive=1233257876 total_send=83050717 total_receive=1233257876
2026-02-10 20:38:07,169 - SplitNNServer - INFO - 28428 - phase=validation acc=0.9833 loss=0.06720783207402845 epoch=219 and step=79
2026-02-10 20:38:10,231 - SplitNNServer - INFO - 28428 - phase=train acc=1.0 loss=0.0014754767762497067 epoch=220 and step=0
2026-02-10 20:38:11,513 - SplitNNServer - INFO - 28428 - phase=train acc=1.0 loss=0.00026963010895997286 epoch=220 and step=10
2026-02-10 20:38:12,788 - SplitNNServer - INFO - 28428 - phase=train acc=1.0 loss=0.00011572946095839143 epoch=220 and step=20
2026-02-10 20:38:14,161 - SplitNNServer - INFO - 28428 - phase=train acc=1.0 loss=6.28207199042663e-05 epoch=220 and step=30
2026-02-10 20:38:14,212 - SplitNNClient - INFO - 24456 - worker_num=1 epoch_send=95888013 epoch_receive=2057658778 total_send=95888013 total_receive=2057658778
2026-02-10 20:38:19,360 - SplitNNServer - INFO - 28428 - phase=validation acc=0.985 loss=0.05924319849448793 epoch=220 and step=79
2026-02-10 20:38:22,450 - SplitNNServer - INFO - 28428 - phase=train acc=1.0 loss=0.0005766786052845418 epoch=221 and step=0
2026-02-10 20:38:23,967 - SplitNNServer - INFO - 28428 - phase=train acc=1.0 loss=0.00023913095355965197 epoch=221 and step=10
2026-02-10 20:38:25,154 - SplitNNServer - INFO - 28428 - phase=train acc=1.0 loss=0.000157603804836981 epoch=221 and step=20
2026-02-10 20:38:26,518 - SplitNNServer - INFO - 28428 - phase=train acc=1.0 loss=1.4717786143592093e-05 epoch=221 and step=30
2026-02-10 20:38:27,814 - SplitNNServer - INFO - 28428 - phase=train acc=1.0 loss=2.2249179892241955e-05 epoch=221 and step=40
2026-02-10 20:38:29,115 - SplitNNServer - INFO - 28428 - phase=train acc=1.0 loss=0.00014237206778489053 epoch=221 and step=50
2026-02-10 20:38:30,347 - SplitNNServer - INFO - 28428 - phase=train acc=1.0 loss=4.470039493753575e-05 epoch=221 and step=60
2026-02-10 20:38:31,657 - SplitNNServer - INFO - 28428 - phase=train acc=1.0 loss=8.088834874797612e-05 epoch=221 and step=70
2026-02-10 20:38:32,958 - SplitNNServer - INFO - 28428 - phase=train acc=1.0 loss=2.6884763428824954e-05 epoch=221 and step=80
2026-02-10 20:38:33,016 - SplitNNClient - INFO - 21308 - worker_num=2 epoch_send=139079140 epoch_receive=5375909671 total_send=139079140 total_receive=5375909671
2026-02-10 20:38:38,081 - SplitNNServer - INFO - 28428 - phase=validation acc=0.9841 loss=0.06886191258882819 epoch=221 and step=79
2026-02-10 20:38:41,175 - SplitNNServer - INFO - 28428 - phase=train acc=1.0 loss=0.00020942138507962227 epoch=222 and step=0
2026-02-10 20:38:42,512 - SplitNNServer - INFO - 28428 - phase=train acc=1.0 loss=0.00033325119875371456 epoch=222 and step=10
2026-02-10 20:38:43,764 - SplitNNServer - INFO - 28428 - phase=train acc=1.0 loss=0.00011916505900444463 epoch=222 and step=20
2026-02-10 20:38:45,168 - SplitNNServer - INFO - 28428 - phase=train acc=1.0 loss=0.00012326279829721898 epoch=222 and step=30
2026-02-10 20:38:46,404 - SplitNNClient - INFO - 5872 - worker_num=3 epoch_send=103601138 epoch_receive=2654944173 total_send=103601138 total_receive=2654944173
2026-02-10 20:38:51,464 - SplitNNServer - INFO - 28428 - phase=validation acc=0.9838 loss=0.07094043158006015 epoch=222 and step=79
2026-02-10 20:38:54,551 - SplitNNServer - INFO - 28428 - phase=train acc=1.0 loss=0.0012755513889715075 epoch=223 and step=0
2026-02-10 20:38:55,836 - SplitNNServer - INFO - 28428 - phase=train acc=1.0 loss=0.00011499841639306396 epoch=223 and step=10
2026-02-10 20:38:57,249 - SplitNNServer - INFO - 28428 - phase=train acc=1.0 loss=1.8666778487386182e-05 epoch=223 and step=20
2026-02-10 20:38:58,636 - SplitNNServer - INFO - 28428 - phase=train acc=1.0 loss=3.877613562508486e-05 epoch=223 and step=30
2026-02-10 20:38:59,916 - SplitNNServer - INFO - 28428 - phase=train acc=1.0 loss=7.323024328798056e-05 epoch=223 and step=40
2026-02-10 20:38:59,954 - SplitNNClient - INFO - 27888 - worker_num=4 epoch_send=103515759 epoch_receive=2721313095 total_send=103515759 total_receive=2721313095
2026-02-10 20:39:05,080 - SplitNNServer - INFO - 28428 - phase=validation acc=0.984 loss=0.07021584150418494 epoch=223 and step=79
2026-02-10 20:39:08,193 - SplitNNServer - INFO - 28428 - phase=train acc=1.0 loss=0.000367544824257493 epoch=224 and step=0
2026-02-10 20:39:09,521 - SplitNNServer - INFO - 28428 - phase=train acc=1.0 loss=0.0001438080071238801 epoch=224 and step=10
2026-02-10 20:39:10,743 - SplitNNClient - INFO - 16028 - worker_num=5 epoch_send=84920468 epoch_receive=1261287051 total_send=84920468 total_receive=1261287051
2026-02-10 20:39:15,752 - SplitNNServer - INFO - 28428 - phase=validation acc=0.9839 loss=0.06787702422973814 epoch=224 and step=79
2026-02-10 20:39:18,841 - SplitNNServer - INFO - 28428 - phase=train acc=1.0 loss=0.0006726788124069571 epoch=225 and step=0
2026-02-10 20:39:20,199 - SplitNNServer - INFO - 28428 - phase=train acc=1.0 loss=0.00035513544571585953 epoch=225 and step=10
2026-02-10 20:39:21,610 - SplitNNServer - INFO - 28428 - phase=train acc=1.0 loss=0.0003369944461155683 epoch=225 and step=20
2026-02-10 20:39:22,916 - SplitNNServer - INFO - 28428 - phase=train acc=1.0 loss=0.00010139209916815162 epoch=225 and step=30
2026-02-10 20:39:22,965 - SplitNNClient - INFO - 24456 - worker_num=1 epoch_send=98057195 epoch_receive=2103385289 total_send=98057195 total_receive=2103385289
2026-02-10 20:39:28,189 - SplitNNServer - INFO - 28428 - phase=validation acc=0.9852 loss=0.05907053582533963 epoch=225 and step=79
2026-02-10 20:39:31,267 - SplitNNServer - INFO - 28428 - phase=train acc=1.0 loss=3.601155913202092e-05 epoch=226 and step=0
2026-02-10 20:39:32,580 - SplitNNServer - INFO - 28428 - phase=train acc=1.0 loss=0.00024447732721455395 epoch=226 and step=10
2026-02-10 20:39:33,858 - SplitNNServer - INFO - 28428 - phase=train acc=1.0 loss=0.0003483447653707117 epoch=226 and step=20
2026-02-10 20:39:35,261 - SplitNNServer - INFO - 28428 - phase=train acc=1.0 loss=9.20161692192778e-05 epoch=226 and step=30
2026-02-10 20:39:36,489 - SplitNNServer - INFO - 28428 - phase=train acc=1.0 loss=1.8021431969827972e-05 epoch=226 and step=40
2026-02-10 20:39:37,802 - SplitNNServer - INFO - 28428 - phase=train acc=1.0 loss=6.43486127955839e-05 epoch=226 and step=50
2026-02-10 20:39:39,155 - SplitNNServer - INFO - 28428 - phase=train acc=1.0 loss=1.2069962394889444e-05 epoch=226 and step=60
2026-02-10 20:39:40,441 - SplitNNServer - INFO - 28428 - phase=train acc=1.0 loss=5.908566890866496e-05 epoch=226 and step=70
2026-02-10 20:39:41,762 - SplitNNServer - INFO - 28428 - phase=train acc=1.0 loss=5.960066118859686e-05 epoch=226 and step=80
2026-02-10 20:39:41,807 - SplitNNClient - INFO - 21308 - worker_num=2 epoch_send=142160623 epoch_receive=5495375082 total_send=142160623 total_receive=5495375082
2026-02-10 20:39:46,941 - SplitNNServer - INFO - 28428 - phase=validation acc=0.984 loss=0.06903349827403851 epoch=226 and step=79
2026-02-10 20:39:50,070 - SplitNNServer - INFO - 28428 - phase=train acc=1.0 loss=1.8411192286293954e-06 epoch=227 and step=0
2026-02-10 20:39:51,328 - SplitNNServer - INFO - 28428 - phase=train acc=1.0 loss=9.616120951250196e-05 epoch=227 and step=10
2026-02-10 20:39:52,725 - SplitNNServer - INFO - 28428 - phase=train acc=1.0 loss=4.9064277845900506e-05 epoch=227 and step=20
2026-02-10 20:39:54,171 - SplitNNServer - INFO - 28428 - phase=train acc=1.0 loss=0.00012768960732501 epoch=227 and step=30
2026-02-10 20:39:55,425 - SplitNNClient - INFO - 5872 - worker_num=3 epoch_send=105896316 epoch_receive=2713943686 total_send=105896316 total_receive=2713943686
2026-02-10 20:40:00,583 - SplitNNServer - INFO - 28428 - phase=validation acc=0.9833 loss=0.07219321337426103 epoch=227 and step=79
2026-02-10 20:40:03,715 - SplitNNServer - INFO - 28428 - phase=train acc=1.0 loss=0.0008147507323883474 epoch=228 and step=0
2026-02-10 20:40:04,994 - SplitNNServer - INFO - 28428 - phase=train acc=1.0 loss=0.00027939764549955726 epoch=228 and step=10
2026-02-10 20:40:06,410 - SplitNNServer - INFO - 28428 - phase=train acc=1.0 loss=0.0001252161164302379 epoch=228 and step=20
2026-02-10 20:40:07,685 - SplitNNServer - INFO - 28428 - phase=train acc=1.0 loss=7.612703484483063e-05 epoch=228 and step=30
2026-02-10 20:40:09,030 - SplitNNServer - INFO - 28428 - phase=train acc=1.0 loss=2.0329105609562248e-05 epoch=228 and step=40
2026-02-10 20:40:09,079 - SplitNNClient - INFO - 27888 - worker_num=4 epoch_send=105843721 epoch_receive=2781787386 total_send=105843721 total_receive=2781787386
2026-02-10 20:40:14,154 - SplitNNServer - INFO - 28428 - phase=validation acc=0.984 loss=0.07097557435246014 epoch=228 and step=79
2026-02-10 20:40:17,257 - SplitNNServer - INFO - 28428 - phase=train acc=1.0 loss=3.890085281454958e-05 epoch=229 and step=0
2026-02-10 20:40:18,612 - SplitNNServer - INFO - 28428 - phase=train acc=1.0 loss=0.0001469270937377587 epoch=229 and step=10
2026-02-10 20:40:19,714 - SplitNNClient - INFO - 16028 - worker_num=5 epoch_send=86790219 epoch_receive=1289316226 total_send=86790219 total_receive=1289316226
2026-02-10 20:40:24,831 - SplitNNServer - INFO - 28428 - phase=validation acc=0.984 loss=0.06837372758450853 epoch=229 and step=79
2026-02-10 20:40:27,938 - SplitNNServer - INFO - 28428 - phase=train acc=1.0 loss=0.0009141087648458779 epoch=230 and step=0
2026-02-10 20:40:29,300 - SplitNNServer - INFO - 28428 - phase=train acc=1.0 loss=0.00020682749163825065 epoch=230 and step=10
2026-02-10 20:40:30,642 - SplitNNServer - INFO - 28428 - phase=train acc=1.0 loss=0.00030491012148559093 epoch=230 and step=20
2026-02-10 20:40:32,049 - SplitNNServer - INFO - 28428 - phase=train acc=1.0 loss=0.0001273515954380855 epoch=230 and step=30
2026-02-10 20:40:32,085 - SplitNNClient - INFO - 24456 - worker_num=1 epoch_send=100235930 epoch_receive=2149111800 total_send=100235930 total_receive=2149111800
2026-02-10 20:40:37,163 - SplitNNServer - INFO - 28428 - phase=validation acc=0.9851 loss=0.059480324312487 epoch=230 and step=79
2026-02-10 20:40:40,288 - SplitNNServer - INFO - 28428 - phase=train acc=1.0 loss=0.0015389908803626895 epoch=231 and step=0
2026-02-10 20:40:41,602 - SplitNNServer - INFO - 28428 - phase=train acc=1.0 loss=6.562783528352156e-05 epoch=231 and step=10
2026-02-10 20:40:42,884 - SplitNNServer - INFO - 28428 - phase=train acc=1.0 loss=0.00015805874136276543 epoch=231 and step=20
2026-02-10 20:40:44,111 - SplitNNServer - INFO - 28428 - phase=train acc=1.0 loss=6.629103882005438e-05 epoch=231 and step=30
2026-02-10 20:40:45,466 - SplitNNServer - INFO - 28428 - phase=train acc=1.0 loss=4.855777297052555e-05 epoch=231 and step=40
2026-02-10 20:40:46,726 - SplitNNServer - INFO - 28428 - phase=train acc=1.0 loss=2.1069286958663724e-05 epoch=231 and step=50
2026-02-10 20:40:48,197 - SplitNNServer - INFO - 28428 - phase=train acc=1.0 loss=1.966685158549808e-05 epoch=231 and step=60
2026-02-10 20:40:49,491 - SplitNNServer - INFO - 28428 - phase=train acc=1.0 loss=0.00012569605314638466 epoch=231 and step=70
2026-02-10 20:40:50,803 - SplitNNServer - INFO - 28428 - phase=train acc=1.0 loss=0.00050525669939816 epoch=231 and step=80
2026-02-10 20:40:50,855 - SplitNNClient - INFO - 21308 - worker_num=2 epoch_send=145274318 epoch_receive=5614840493 total_send=145274318 total_receive=5614840493
2026-02-10 20:40:55,933 - SplitNNServer - INFO - 28428 - phase=validation acc=0.984 loss=0.06858609503988271 epoch=231 and step=79
2026-02-10 20:40:59,045 - SplitNNServer - INFO - 28428 - phase=train acc=1.0 loss=5.1440394599922e-05 epoch=232 and step=0
2026-02-10 20:41:00,294 - SplitNNServer - INFO - 28428 - phase=train acc=1.0 loss=5.557121767196804e-05 epoch=232 and step=10
2026-02-10 20:41:01,614 - SplitNNServer - INFO - 28428 - phase=train acc=1.0 loss=8.02794165792875e-05 epoch=232 and step=20
2026-02-10 20:41:02,936 - SplitNNServer - INFO - 28428 - phase=train acc=1.0 loss=5.291203342494555e-05 epoch=232 and step=30
2026-02-10 20:41:04,323 - SplitNNClient - INFO - 5872 - worker_num=3 epoch_send=108216153 epoch_receive=2772943199 total_send=108216153 total_receive=2772943199
2026-02-10 20:41:09,359 - SplitNNServer - INFO - 28428 - phase=validation acc=0.9836 loss=0.07104631885621367 epoch=232 and step=79
2026-02-10 20:41:12,439 - SplitNNServer - INFO - 28428 - phase=train acc=1.0 loss=0.001219893922097981 epoch=233 and step=0
2026-02-10 20:41:13,802 - SplitNNServer - INFO - 28428 - phase=train acc=1.0 loss=0.00013820527237839997 epoch=233 and step=10
2026-02-10 20:41:15,188 - SplitNNServer - INFO - 28428 - phase=train acc=1.0 loss=0.00017958249372895807 epoch=233 and step=20
2026-02-10 20:41:16,516 - SplitNNServer - INFO - 28428 - phase=train acc=1.0 loss=5.6624008720973507e-05 epoch=233 and step=30
2026-02-10 20:41:17,854 - SplitNNServer - INFO - 28428 - phase=train acc=1.0 loss=4.7248235205188394e-05 epoch=233 and step=40
2026-02-10 20:41:17,891 - SplitNNClient - INFO - 27888 - worker_num=4 epoch_send=108156577 epoch_receive=2842261677 total_send=108156577 total_receive=2842261677
2026-02-10 20:41:23,021 - SplitNNServer - INFO - 28428 - phase=validation acc=0.9841 loss=0.0683759434682298 epoch=233 and step=79
2026-02-10 20:41:26,127 - SplitNNServer - INFO - 28428 - phase=train acc=1.0 loss=0.00011385182733647525 epoch=234 and step=0
2026-02-10 20:41:27,475 - SplitNNServer - INFO - 28428 - phase=train acc=1.0 loss=4.683834049501456e-05 epoch=234 and step=10
2026-02-10 20:41:28,799 - SplitNNClient - INFO - 16028 - worker_num=5 epoch_send=88705288 epoch_receive=1317345401 total_send=88705288 total_receive=1317345401
2026-02-10 20:41:33,987 - SplitNNServer - INFO - 28428 - phase=validation acc=0.9839 loss=0.0668993230358662 epoch=234 and step=79
2026-02-10 20:41:37,117 - SplitNNServer - INFO - 28428 - phase=train acc=1.0 loss=0.00010915707389358431 epoch=235 and step=0
2026-02-10 20:41:38,431 - SplitNNServer - INFO - 28428 - phase=train acc=1.0 loss=0.00042448838939890265 epoch=235 and step=10
2026-02-10 20:41:39,722 - SplitNNServer - INFO - 28428 - phase=train acc=1.0 loss=0.00034583950764499605 epoch=235 and step=20
2026-02-10 20:41:41,121 - SplitNNServer - INFO - 28428 - phase=train acc=1.0 loss=0.0003811917267739773 epoch=235 and step=30
2026-02-10 20:41:41,155 - SplitNNClient - INFO - 24456 - worker_num=1 epoch_send=102376900 epoch_receive=2194838311 total_send=102376900 total_receive=2194838311
2026-02-10 20:41:46,327 - SplitNNServer - INFO - 28428 - phase=validation acc=0.9851 loss=0.06001488393232301 epoch=235 and step=79
2026-02-10 20:41:49,431 - SplitNNServer - INFO - 28428 - phase=train acc=1.0 loss=0.0005247631343081594 epoch=236 and step=0
2026-02-10 20:41:50,794 - SplitNNServer - INFO - 28428 - phase=train acc=1.0 loss=3.4787470212904736e-05 epoch=236 and step=10
2026-02-10 20:41:52,034 - SplitNNServer - INFO - 28428 - phase=train acc=1.0 loss=0.0001034694942063652 epoch=236 and step=20
2026-02-10 20:41:53,293 - SplitNNServer - INFO - 28428 - phase=train acc=1.0 loss=4.314355828682892e-05 epoch=236 and step=30
2026-02-10 20:41:54,654 - SplitNNServer - INFO - 28428 - phase=train acc=1.0 loss=7.246182940434664e-05 epoch=236 and step=40
2026-02-10 20:41:56,144 - SplitNNServer - INFO - 28428 - phase=train acc=1.0 loss=3.924886550521478e-05 epoch=236 and step=50
2026-02-10 20:41:57,432 - SplitNNServer - INFO - 28428 - phase=train acc=1.0 loss=2.506090140741435e-06 epoch=236 and step=60
2026-02-10 20:41:58,898 - SplitNNServer - INFO - 28428 - phase=train acc=1.0 loss=0.0001542642858112231 epoch=236 and step=70
2026-02-10 20:42:00,207 - SplitNNServer - INFO - 28428 - phase=train acc=1.0 loss=2.489406688255258e-05 epoch=236 and step=80
2026-02-10 20:42:00,239 - SplitNNClient - INFO - 21308 - worker_num=2 epoch_send=148380460 epoch_receive=5734305904 total_send=148380460 total_receive=5734305904
2026-02-10 20:42:05,462 - SplitNNServer - INFO - 28428 - phase=validation acc=0.9838 loss=0.0701563433301393 epoch=236 and step=79
2026-02-10 20:42:08,579 - SplitNNServer - INFO - 28428 - phase=train acc=1.0 loss=0.00011983564763795584 epoch=237 and step=0
2026-02-10 20:42:09,879 - SplitNNServer - INFO - 28428 - phase=train acc=1.0 loss=5.9351536037866026e-05 epoch=237 and step=10
2026-02-10 20:42:11,278 - SplitNNServer - INFO - 28428 - phase=train acc=1.0 loss=0.000169822815223597 epoch=237 and step=20
2026-02-10 20:42:12,701 - SplitNNServer - INFO - 28428 - phase=train acc=1.0 loss=7.41605763323605e-05 epoch=237 and step=30
2026-02-10 20:42:14,061 - SplitNNClient - INFO - 5872 - worker_num=3 epoch_send=110520884 epoch_receive=2831942712 total_send=110520884 total_receive=2831942712
2026-02-10 20:42:19,098 - SplitNNServer - INFO - 28428 - phase=validation acc=0.9834 loss=0.07176896673999666 epoch=237 and step=79
2026-02-10 20:42:22,193 - SplitNNServer - INFO - 28428 - phase=train acc=1.0 loss=0.0007768746581859887 epoch=238 and step=0
2026-02-10 20:42:23,534 - SplitNNServer - INFO - 28428 - phase=train acc=1.0 loss=8.354882993444335e-06 epoch=238 and step=10
2026-02-10 20:42:25,078 - SplitNNServer - INFO - 28428 - phase=train acc=1.0 loss=3.162818029522896e-05 epoch=238 and step=20
2026-02-10 20:42:26,345 - SplitNNServer - INFO - 28428 - phase=train acc=1.0 loss=0.00011228160292375833 epoch=238 and step=30
2026-02-10 20:42:27,728 - SplitNNServer - INFO - 28428 - phase=train acc=1.0 loss=0.0001321013260167092 epoch=238 and step=40
2026-02-10 20:42:27,764 - SplitNNClient - INFO - 27888 - worker_num=4 epoch_send=110454327 epoch_receive=2902735968 total_send=110454327 total_receive=2902735968
2026-02-10 20:42:32,875 - SplitNNServer - INFO - 28428 - phase=validation acc=0.984 loss=0.06818237654733547 epoch=238 and step=79
2026-02-10 20:42:35,989 - SplitNNServer - INFO - 28428 - phase=train acc=1.0 loss=0.0001853753929026425 epoch=239 and step=0
2026-02-10 20:42:37,268 - SplitNNServer - INFO - 28428 - phase=train acc=1.0 loss=0.00011129827908007428 epoch=239 and step=10
2026-02-10 20:42:38,403 - SplitNNClient - INFO - 16028 - worker_num=5 epoch_send=90612804 epoch_receive=1345374576 total_send=90612804 total_receive=1345374576
2026-02-10 20:42:43,544 - SplitNNServer - INFO - 28428 - phase=validation acc=0.9839 loss=0.0663666610967541 epoch=239 and step=79
2026-02-10 20:42:46,647 - SplitNNServer - INFO - 28428 - phase=train acc=1.0 loss=0.001080543384887278 epoch=240 and step=0
2026-02-10 20:42:48,016 - SplitNNServer - INFO - 28428 - phase=train acc=1.0 loss=0.00033196754520758986 epoch=240 and step=10
2026-02-10 20:42:49,564 - SplitNNServer - INFO - 28428 - phase=train acc=1.0 loss=0.00017871787713374943 epoch=240 and step=20
2026-02-10 20:42:51,403 - SplitNNServer - INFO - 28428 - phase=train acc=1.0 loss=0.0002445022691972554 epoch=240 and step=30
2026-02-10 20:42:51,538 - SplitNNClient - INFO - 24456 - worker_num=1 epoch_send=104570741 epoch_receive=2240564822 total_send=104570741 total_receive=2240564822
2026-02-10 20:42:56,545 - SplitNNServer - INFO - 28428 - phase=validation acc=0.9851 loss=0.060633554505654684 epoch=240 and step=79
2026-02-10 20:42:59,646 - SplitNNServer - INFO - 28428 - phase=train acc=1.0 loss=0.0003423241141717881 epoch=241 and step=0
2026-02-10 20:43:00,992 - SplitNNServer - INFO - 28428 - phase=train acc=1.0 loss=0.0006786267040297389 epoch=241 and step=10
2026-02-10 20:43:02,282 - SplitNNServer - INFO - 28428 - phase=train acc=1.0 loss=0.0001358729787170887 epoch=241 and step=20
2026-02-10 20:43:03,620 - SplitNNServer - INFO - 28428 - phase=train acc=1.0 loss=2.879318708437495e-05 epoch=241 and step=30
2026-02-10 20:43:04,964 - SplitNNServer - INFO - 28428 - phase=train acc=1.0 loss=0.00010253275831928477 epoch=241 and step=40
2026-02-10 20:43:06,234 - SplitNNServer - INFO - 28428 - phase=train acc=1.0 loss=1.7960319382837042e-05 epoch=241 and step=50
2026-02-10 20:43:07,533 - SplitNNServer - INFO - 28428 - phase=train acc=1.0 loss=1.5936255294946022e-05 epoch=241 and step=60
2026-02-10 20:43:09,234 - SplitNNServer - INFO - 28428 - phase=train acc=1.0 loss=0.00011048778105759993 epoch=241 and step=70
2026-02-10 20:43:12,221 - SplitNNServer - INFO - 28428 - phase=train acc=1.0 loss=6.449473585234955e-05 epoch=241 and step=80
2026-02-10 20:43:12,390 - SplitNNClient - INFO - 21308 - worker_num=2 epoch_send=151501708 epoch_receive=5853771315 total_send=151501708 total_receive=5853771315
2026-02-10 20:43:19,063 - SplitNNServer - INFO - 28428 - phase=validation acc=0.9841 loss=0.06935726936959867 epoch=241 and step=79
2026-02-10 20:43:22,131 - SplitNNServer - INFO - 28428 - phase=train acc=1.0 loss=0.000137902723508887 epoch=242 and step=0
2026-02-10 20:43:23,540 - SplitNNServer - INFO - 28428 - phase=train acc=1.0 loss=1.8867365724872798e-05 epoch=242 and step=10
2026-02-10 20:43:25,209 - SplitNNServer - INFO - 28428 - phase=train acc=1.0 loss=0.00011887342407135293 epoch=242 and step=20
2026-02-10 20:43:26,754 - SplitNNServer - INFO - 28428 - phase=train acc=1.0 loss=0.00016646957374177873 epoch=242 and step=30
2026-02-10 20:43:28,075 - SplitNNClient - INFO - 5872 - worker_num=3 epoch_send=112780297 epoch_receive=2890942225 total_send=112780297 total_receive=2890942225
2026-02-10 20:43:33,406 - SplitNNServer - INFO - 28428 - phase=validation acc=0.9836 loss=0.07193554059887974 epoch=242 and step=79
2026-02-10 20:43:36,516 - SplitNNServer - INFO - 28428 - phase=train acc=1.0 loss=0.0023730669636279345 epoch=243 and step=0
2026-02-10 20:43:38,171 - SplitNNServer - INFO - 28428 - phase=train acc=1.0 loss=0.00015616064774803817 epoch=243 and step=10
2026-02-10 20:43:39,666 - SplitNNServer - INFO - 28428 - phase=train acc=1.0 loss=4.127236024942249e-05 epoch=243 and step=20
2026-02-10 20:43:41,143 - SplitNNServer - INFO - 28428 - phase=train acc=1.0 loss=4.4272288505453616e-05 epoch=243 and step=30
2026-02-10 20:43:42,481 - SplitNNServer - INFO - 28428 - phase=train acc=1.0 loss=4.2582436435623094e-05 epoch=243 and step=40
2026-02-10 20:43:42,523 - SplitNNClient - INFO - 27888 - worker_num=4 epoch_send=112797395 epoch_receive=2963210259 total_send=112797395 total_receive=2963210259
2026-02-10 20:43:47,932 - SplitNNServer - INFO - 28428 - phase=validation acc=0.9842 loss=0.06915410410791217 epoch=243 and step=79
2026-02-10 20:43:51,055 - SplitNNServer - INFO - 28428 - phase=train acc=1.0 loss=0.00022837801952846348 epoch=244 and step=0
2026-02-10 20:43:52,408 - SplitNNServer - INFO - 28428 - phase=train acc=1.0 loss=0.0002500494010746479 epoch=244 and step=10
2026-02-10 20:43:53,493 - SplitNNClient - INFO - 16028 - worker_num=5 epoch_send=92565638 epoch_receive=1373403751 total_send=92565638 total_receive=1373403751
2026-02-10 20:43:58,599 - SplitNNServer - INFO - 28428 - phase=validation acc=0.984 loss=0.06713248749810036 epoch=244 and step=79
2026-02-10 20:44:01,722 - SplitNNServer - INFO - 28428 - phase=train acc=1.0 loss=0.0003254560870118439 epoch=245 and step=0
2026-02-10 20:44:03,041 - SplitNNServer - INFO - 28428 - phase=train acc=1.0 loss=0.00024226694949902594 epoch=245 and step=10
2026-02-10 20:44:04,316 - SplitNNServer - INFO - 28428 - phase=train acc=1.0 loss=0.00011088800965808332 epoch=245 and step=20
2026-02-10 20:44:05,708 - SplitNNServer - INFO - 28428 - phase=train acc=1.0 loss=0.00017623695021029562 epoch=245 and step=30
2026-02-10 20:44:05,795 - SplitNNClient - INFO - 24456 - worker_num=1 epoch_send=106741923 epoch_receive=2286291333 total_send=106741923 total_receive=2286291333
2026-02-10 20:44:10,868 - SplitNNServer - INFO - 28428 - phase=validation acc=0.985 loss=0.06062133902430754 epoch=245 and step=79
2026-02-10 20:44:13,970 - SplitNNServer - INFO - 28428 - phase=train acc=1.0 loss=2.8325830498943105e-05 epoch=246 and step=0
2026-02-10 20:44:15,333 - SplitNNServer - INFO - 28428 - phase=train acc=1.0 loss=8.60873915371485e-05 epoch=246 and step=10
2026-02-10 20:44:16,592 - SplitNNServer - INFO - 28428 - phase=train acc=1.0 loss=0.0001331264356849715 epoch=246 and step=20
2026-02-10 20:44:17,825 - SplitNNServer - INFO - 28428 - phase=train acc=1.0 loss=5.499640974448994e-05 epoch=246 and step=30
2026-02-10 20:44:19,195 - SplitNNServer - INFO - 28428 - phase=train acc=1.0 loss=0.00017074700735975057 epoch=246 and step=40
2026-02-10 20:44:20,512 - SplitNNServer - INFO - 28428 - phase=train acc=1.0 loss=1.4044298950466327e-05 epoch=246 and step=50
2026-02-10 20:44:21,919 - SplitNNServer - INFO - 28428 - phase=train acc=1.0 loss=5.086298187961802e-05 epoch=246 and step=60
2026-02-10 20:44:23,233 - SplitNNServer - INFO - 28428 - phase=train acc=1.0 loss=5.981719004921615e-05 epoch=246 and step=70
2026-02-10 20:44:24,817 - SplitNNServer - INFO - 28428 - phase=train acc=1.0 loss=4.6253506297944114e-05 epoch=246 and step=80
2026-02-10 20:44:24,853 - SplitNNClient - INFO - 21308 - worker_num=2 epoch_send=154600297 epoch_receive=5973236726 total_send=154600297 total_receive=5973236726
2026-02-10 20:44:29,950 - SplitNNServer - INFO - 28428 - phase=validation acc=0.9844 loss=0.06902692360063786 epoch=246 and step=79
2026-02-10 20:44:33,079 - SplitNNServer - INFO - 28428 - phase=train acc=1.0 loss=0.0008000083616934717 epoch=247 and step=0
2026-02-10 20:44:34,415 - SplitNNServer - INFO - 28428 - phase=train acc=1.0 loss=0.0004889319534413517 epoch=247 and step=10
2026-02-10 20:44:35,773 - SplitNNServer - INFO - 28428 - phase=train acc=1.0 loss=4.538534994935617e-05 epoch=247 and step=20
2026-02-10 20:44:37,105 - SplitNNServer - INFO - 28428 - phase=train acc=1.0 loss=2.932094139396213e-05 epoch=247 and step=30
2026-02-10 20:44:38,423 - SplitNNClient - INFO - 5872 - worker_num=3 epoch_send=115115240 epoch_receive=2949941738 total_send=115115240 total_receive=2949941738
2026-02-10 20:44:43,525 - SplitNNServer - INFO - 28428 - phase=validation acc=0.9835 loss=0.07164594169221475 epoch=247 and step=79
2026-02-10 20:44:46,645 - SplitNNServer - INFO - 28428 - phase=train acc=1.0 loss=0.0008687874069437385 epoch=248 and step=0
2026-02-10 20:44:47,951 - SplitNNServer - INFO - 28428 - phase=train acc=1.0 loss=0.00013099328498356044 epoch=248 and step=10
2026-02-10 20:44:49,262 - SplitNNServer - INFO - 28428 - phase=train acc=1.0 loss=1.5528177755186334e-05 epoch=248 and step=20
2026-02-10 20:44:50,749 - SplitNNServer - INFO - 28428 - phase=train acc=1.0 loss=4.144028207520023e-05 epoch=248 and step=30
2026-02-10 20:44:52,125 - SplitNNServer - INFO - 28428 - phase=train acc=1.0 loss=6.144327198853716e-05 epoch=248 and step=40
2026-02-10 20:44:52,156 - SplitNNClient - INFO - 27888 - worker_num=4 epoch_send=115140463 epoch_receive=3023684550 total_send=115140463 total_receive=3023684550
2026-02-10 20:44:57,244 - SplitNNServer - INFO - 28428 - phase=validation acc=0.9842 loss=0.07019549406115252 epoch=248 and step=79
2026-02-10 20:45:00,348 - SplitNNServer - INFO - 28428 - phase=train acc=1.0 loss=0.00018330513557884842 epoch=249 and step=0
2026-02-10 20:45:01,760 - SplitNNServer - INFO - 28428 - phase=train acc=1.0 loss=0.00013395739370025694 epoch=249 and step=10
2026-02-10 20:45:02,902 - SplitNNClient - INFO - 16028 - worker_num=5 epoch_send=94480707 epoch_receive=1401432926 total_send=94480707 total_receive=1401432926
2026-02-10 20:45:07,965 - SplitNNServer - INFO - 28428 - phase=validation acc=0.9841 loss=0.06796478238559561 epoch=249 and step=79
2026-02-10 20:45:08,000 - init_server - INFO - 28428 - Server run end
