2026-04-21 00:27:24,263 - datasetFactory - INFO - 3168 - cifar10
2026-04-21 00:27:24,263 - datasetFactory - INFO - 10748 - cifar10
2026-04-21 00:27:24,263 - datasetFactory - INFO - 22768 - cifar10
2026-04-21 00:27:24,264 - datasetFactory - INFO - 24044 - cifar10
2026-04-21 00:27:24,264 - datasetFactory - INFO - 22820 - cifar10
2026-04-21 00:27:24,264 - datasetFactory - INFO - 22816 - cifar10
2026-04-21 00:27:24,347 - main - INFO - 22816 - Process 6 initialized with device: cpu
2026-04-21 00:27:24,347 - SplitNN_distributed - INFO - 22816 - process_id == fed_server_rank : 6
2026-04-21 00:27:24,391 - TorchvisionDatasetController - INFO - 22820 - <bound method DataPartitioner.hetero of <datasets.Partition_Data.DataPartitioner object at 0x000002214B3A32C0>>
2026-04-21 00:27:24,391 - DataPartitioner - INFO - 10748 - hetero
2026-04-21 00:27:24,391 - TorchvisionDatasetController - INFO - 10748 - F:\phd\Split-Experiments\Split-Framework\datasets\downloads
2026-04-21 00:27:24,391 - DataPartitioner - INFO - 22820 - hetero
2026-04-21 00:27:24,391 - TorchvisionDatasetController - INFO - 22820 - F:\phd\Split-Experiments\Split-Framework\datasets\downloads
2026-04-21 00:27:24,392 - TorchvisionDatasetController - INFO - 24044 - <bound method DataPartitioner.hetero of <datasets.Partition_Data.DataPartitioner object at 0x000002A9D42724B0>>
2026-04-21 00:27:24,392 - DataPartitioner - INFO - 22768 - hetero
2026-04-21 00:27:24,392 - DataPartitioner - INFO - 24044 - hetero
2026-04-21 00:27:24,392 - TorchvisionDatasetController - INFO - 24044 - F:\phd\Split-Experiments\Split-Framework\datasets\downloads
2026-04-21 00:27:24,392 - TorchvisionDatasetController - INFO - 22656 - <bound method DataPartitioner.hetero of <datasets.Partition_Data.DataPartitioner object at 0x0000029FE5DEE9F0>>
2026-04-21 00:27:24,392 - DataPartitioner - INFO - 22656 - hetero
2026-04-21 00:27:24,392 - TorchvisionDatasetController - INFO - 22656 - F:\phd\Split-Experiments\Split-Framework\datasets\downloads
2026-04-21 00:27:24,731 - TorchvisionDatasetController - INFO - 3168 - <bound method DataPartitioner.hetero of <datasets.Partition_Data.DataPartitioner object at 0x0000018BBB2DE300>>
2026-04-21 00:27:24,731 - DataPartitioner - INFO - 3168 - hetero
2026-04-21 00:27:24,731 - TorchvisionDatasetController - INFO - 3168 - F:\phd\Split-Experiments\Split-Framework\datasets\downloads
2026-04-21 00:27:24,736 - init_fed_server - INFO - 22816 - FedServer run begin SplitFed
2026-04-21 00:27:27,313 - DataPartitioner - INFO - 22820 - traindata_cls_counts: {0: {0: 2538, 1: 2206, 2: 409, 3: 3154, 4: 40, 5: 178, 6: 387, 7: 128, 8: 2363, 9: 4251}, 1: {0: 43, 1: 215, 2: 202, 3: 1423, 4: 1777, 5: 2276, 6: 1, 7: 498, 8: 446, 9: 131}, 2: {0: 23, 1: 1517, 2: 1244, 3: 192, 4: 2349, 5: 208, 6: 259, 7: 2175, 8: 682, 9: 17}, 3: {0: 1053, 1: 1004, 2: 2473, 4: 108, 5: 512, 6: 897, 7: 1057, 8: 1368, 9: 387}, 4: {0: 1343, 1: 58, 2: 672, 3: 231, 4: 726, 5: 1826, 6: 3456, 7: 1142, 8: 141, 9: 214}}
2026-04-21 00:27:27,314 - DataPartitioner - INFO - 10748 - traindata_cls_counts: {0: {0: 2538, 1: 2206, 2: 409, 3: 3154, 4: 40, 5: 178, 6: 387, 7: 128, 8: 2363, 9: 4251}, 1: {0: 43, 1: 215, 2: 202, 3: 1423, 4: 1777, 5: 2276, 6: 1, 7: 498, 8: 446, 9: 131}, 2: {0: 23, 1: 1517, 2: 1244, 3: 192, 4: 2349, 5: 208, 6: 259, 7: 2175, 8: 682, 9: 17}, 3: {0: 1053, 1: 1004, 2: 2473, 4: 108, 5: 512, 6: 897, 7: 1057, 8: 1368, 9: 387}, 4: {0: 1343, 1: 58, 2: 672, 3: 231, 4: 726, 5: 1826, 6: 3456, 7: 1142, 8: 141, 9: 214}}
2026-04-21 00:27:27,314 - TorchvisionDatasetController - INFO - 22820 - rank = 5, local_sample_number = 9809
2026-04-21 00:27:27,314 - DataPartitioner - INFO - 22656 - traindata_cls_counts: {0: {0: 2538, 1: 2206, 2: 409, 3: 3154, 4: 40, 5: 178, 6: 387, 7: 128, 8: 2363, 9: 4251}, 1: {0: 43, 1: 215, 2: 202, 3: 1423, 4: 1777, 5: 2276, 6: 1, 7: 498, 8: 446, 9: 131}, 2: {0: 23, 1: 1517, 2: 1244, 3: 192, 4: 2349, 5: 208, 6: 259, 7: 2175, 8: 682, 9: 17}, 3: {0: 1053, 1: 1004, 2: 2473, 4: 108, 5: 512, 6: 897, 7: 1057, 8: 1368, 9: 387}, 4: {0: 1343, 1: 58, 2: 672, 3: 231, 4: 726, 5: 1826, 6: 3456, 7: 1142, 8: 141, 9: 214}}
2026-04-21 00:27:27,315 - TorchvisionDatasetController - INFO - 10748 - rank = 4, local_sample_number = 8859
2026-04-21 00:27:27,315 - TorchvisionDatasetController - INFO - 22656 - rank = 3, local_sample_number = 8666
2026-04-21 00:27:27,315 - DataPartitioner - INFO - 3168 - traindata_cls_counts: {0: {0: 2538, 1: 2206, 2: 409, 3: 3154, 4: 40, 5: 178, 6: 387, 7: 128, 8: 2363, 9: 4251}, 1: {0: 43, 1: 215, 2: 202, 3: 1423, 4: 1777, 5: 2276, 6: 1, 7: 498, 8: 446, 9: 131}, 2: {0: 23, 1: 1517, 2: 1244, 3: 192, 4: 2349, 5: 208, 6: 259, 7: 2175, 8: 682, 9: 17}, 3: {0: 1053, 1: 1004, 2: 2473, 4: 108, 5: 512, 6: 897, 7: 1057, 8: 1368, 9: 387}, 4: {0: 1343, 1: 58, 2: 672, 3: 231, 4: 726, 5: 1826, 6: 3456, 7: 1142, 8: 141, 9: 214}}
2026-04-21 00:27:27,317 - DataPartitioner - INFO - 24044 - traindata_cls_counts: {0: {0: 2538, 1: 2206, 2: 409, 3: 3154, 4: 40, 5: 178, 6: 387, 7: 128, 8: 2363, 9: 4251}, 1: {0: 43, 1: 215, 2: 202, 3: 1423, 4: 1777, 5: 2276, 6: 1, 7: 498, 8: 446, 9: 131}, 2: {0: 23, 1: 1517, 2: 1244, 3: 192, 4: 2349, 5: 208, 6: 259, 7: 2175, 8: 682, 9: 17}, 3: {0: 1053, 1: 1004, 2: 2473, 4: 108, 5: 512, 6: 897, 7: 1057, 8: 1368, 9: 387}, 4: {0: 1343, 1: 58, 2: 672, 3: 231, 4: 726, 5: 1826, 6: 3456, 7: 1142, 8: 141, 9: 214}}
2026-04-21 00:27:27,317 - DataPartitioner - INFO - 22768 - traindata_cls_counts: {0: {0: 2538, 1: 2206, 2: 409, 3: 3154, 4: 40, 5: 178, 6: 387, 7: 128, 8: 2363, 9: 4251}, 1: {0: 43, 1: 215, 2: 202, 3: 1423, 4: 1777, 5: 2276, 6: 1, 7: 498, 8: 446, 9: 131}, 2: {0: 23, 1: 1517, 2: 1244, 3: 192, 4: 2349, 5: 208, 6: 259, 7: 2175, 8: 682, 9: 17}, 3: {0: 1053, 1: 1004, 2: 2473, 4: 108, 5: 512, 6: 897, 7: 1057, 8: 1368, 9: 387}, 4: {0: 1343, 1: 58, 2: 672, 3: 231, 4: 726, 5: 1826, 6: 3456, 7: 1142, 8: 141, 9: 214}}
2026-04-21 00:27:27,317 - TorchvisionDatasetController - INFO - 24044 - rank = 2, local_sample_number = 7012
2026-04-21 00:27:27,318 - TorchvisionDatasetController - INFO - 22768 - rank = 1, local_sample_number = 15654
2026-04-21 00:27:28,702 - TorchvisionDatasetController - INFO - 22820 - process_id = 5, batch_num_train_local = 76, batch_num_test_local = 79
2026-04-21 00:27:28,723 - main - INFO - 22820 - Process 5 initialized with device: cpu
2026-04-21 00:27:28,723 - SplitNN_distributed - INFO - 22820 - process_id == client_rank : 5
2026-04-21 00:27:28,884 - TorchvisionDatasetController - INFO - 3168 - train_dl_global number = 390
2026-04-21 00:27:28,885 - TorchvisionDatasetController - INFO - 3168 - test_dl_global number = 79
2026-04-21 00:27:28,897 - TorchvisionDatasetController - INFO - 22768 - process_id = 1, batch_num_train_local = 122, batch_num_test_local = 79
2026-04-21 00:27:28,898 - TorchvisionDatasetController - INFO - 10748 - process_id = 4, batch_num_train_local = 69, batch_num_test_local = 79
2026-04-21 00:27:28,898 - TorchvisionDatasetController - INFO - 24044 - process_id = 2, batch_num_train_local = 54, batch_num_test_local = 79
2026-04-21 00:27:28,899 - TorchvisionDatasetController - INFO - 22656 - process_id = 3, batch_num_train_local = 67, batch_num_test_local = 79
2026-04-21 00:27:28,911 - main - INFO - 3168 - Process 0 initialized with device: cuda:0
2026-04-21 00:27:28,911 - SplitNN_distributed - INFO - 3168 - process_id == server_rank : 0
2026-04-21 00:27:28,916 - main - INFO - 24044 - Process 2 initialized with device: cpu
2026-04-21 00:27:28,916 - SplitNN_distributed - INFO - 24044 - process_id == client_rank : 2
2026-04-21 00:27:28,917 - main - INFO - 22768 - Process 1 initialized with device: cpu
2026-04-21 00:27:28,917 - main - INFO - 10748 - Process 4 initialized with device: cpu
2026-04-21 00:27:28,917 - SplitNN_distributed - INFO - 22768 - process_id == client_rank : 1
2026-04-21 00:27:28,919 - main - INFO - 22656 - Process 3 initialized with device: cpu
2026-04-21 00:27:28,919 - SplitNN_distributed - INFO - 22656 - process_id == client_rank : 3
2026-04-21 00:27:28,929 - init_server - INFO - 3168 - Server run begin SplitFed
2026-04-21 00:27:29,266 - init_client - INFO - 10748 - Client 4 run begin
2026-04-21 00:27:29,266 - init_client - INFO - 24044 - Client 2 run begin
2026-04-21 00:27:34,420 - CommBreakdown - INFO - 24044 - tensor_distribution rank=2 node_type=client phase=train epoch=0 sample=early tensor=activations[0] shape=(128, 64, 16, 16) mean=0.868937 std=1.08163 min=0 max=13.6888 mean_abs=0.868937 max_abs=13.6888 p95_abs=3.0397 p99_abs=4.65488 skewness=1.83357 kurtosis=7.63086 mean_channel_std=1.07154 std_channel_std=0.141049 max_channel_scale_over_min_channel_scale=2.0951 spread=medium spread_score=1.24477 outliers=medium outlier_score=2.00385 near_zero=medium near_zero_fraction=0.350108
2026-04-21 00:27:34,420 - CommBreakdown - INFO - 22820 - tensor_distribution rank=5 node_type=client phase=train epoch=0 sample=early tensor=activations[0] shape=(128, 64, 16, 16) mean=0.867061 std=1.08411 min=0 max=15.3728 mean_abs=0.867061 max_abs=15.3728 p95_abs=3.03548 p99_abs=4.67053 skewness=1.87015 kurtosis=7.96985 mean_channel_std=1.07406 std_channel_std=0.141444 max_channel_scale_over_min_channel_scale=2.36478 spread=high spread_score=1.25033 outliers=medium outlier_score=2.01358 near_zero=medium near_zero_fraction=0.350359
2026-04-21 00:27:34,421 - CommBreakdown - INFO - 10748 - tensor_distribution rank=4 node_type=client phase=train epoch=0 sample=early tensor=activations[0] shape=(128, 64, 16, 16) mean=0.866696 std=1.08357 min=0 max=17.2712 mean_abs=0.866696 max_abs=17.2712 p95_abs=3.03877 p99_abs=4.67391 skewness=1.86903 kurtosis=7.9764 mean_channel_std=1.07412 std_channel_std=0.137209 max_channel_scale_over_min_channel_scale=2.63028 spread=high spread_score=1.25023 outliers=medium outlier_score=2.01569 near_zero=medium near_zero_fraction=0.350193
2026-04-21 00:27:34,435 - CommBreakdown - INFO - 22768 - tensor_distribution rank=1 node_type=client phase=train epoch=0 sample=early tensor=activations[0] shape=(128, 64, 16, 16) mean=0.86877 std=1.08215 min=0 max=14.4465 mean_abs=0.86877 max_abs=14.4465 p95_abs=3.03547 p99_abs=4.65714 skewness=1.85151 kurtosis=7.84187 mean_channel_std=1.07301 std_channel_std=0.134987 max_channel_scale_over_min_channel_scale=2.47253 spread=medium spread_score=1.24561 outliers=medium outlier_score=2.0085 near_zero=medium near_zero_fraction=0.349651
2026-04-21 00:27:42,338 - CommBreakdown - INFO - 3168 - tensor_distribution rank=0 node_type=server phase=train epoch=0 sample=early tensor=activation_grads shape=(128, 64, 16, 16) mean=2.30453e-09 std=5.48064e-05 min=-0.000543301 max=0.000562482 mean_abs=3.97893e-05 max_abs=0.000562482 p95_abs=0.000114321 p99_abs=0.000174452 skewness=0.000168364 kurtosis=4.94773e-05 mean_channel_std=5.47826e-05 std_channel_std=1.61376e-06 max_channel_scale_over_min_channel_scale=1.79526 spread=high spread_score=1.37742 outliers=medium outlier_score=1.96362 near_zero=low near_zero_fraction=0.0807738
2026-04-21 00:28:35,843 - SplitNNClient - INFO - 10748 - phase=train acc=0.215625 loss=29.332889080047607 epoch=0 and step=10
2026-04-21 00:28:36,999 - SplitNNClient - INFO - 22820 - phase=train acc=0.3046875 loss=30.25199580192566 epoch=0 and step=10
2026-04-21 00:28:38,243 - SplitNNClient - INFO - 24044 - phase=train acc=0.24375 loss=32.390610694885254 epoch=0 and step=10
2026-04-21 00:28:39,458 - SplitNNClient - INFO - 22656 - phase=train acc=0.209375 loss=27.679226636886597 epoch=0 and step=10
2026-04-21 00:28:40,649 - SplitNNClient - INFO - 22768 - phase=train acc=0.1671875 loss=29.004085779190063 epoch=0 and step=10
2026-04-21 00:29:35,411 - SplitNNClient - INFO - 10748 - phase=train acc=0.2609375 loss=50.203611731529236 epoch=0 and step=20
2026-04-21 00:29:36,625 - SplitNNClient - INFO - 22820 - phase=train acc=0.36875 loss=48.64881730079651 epoch=0 and step=20
2026-04-21 00:29:37,840 - SplitNNClient - INFO - 24044 - phase=train acc=0.26171875 loss=52.25450563430786 epoch=0 and step=20
2026-04-21 00:29:38,989 - SplitNNClient - INFO - 22656 - phase=train acc=0.225 loss=48.4853777885437 epoch=0 and step=20
2026-04-21 00:29:40,172 - SplitNNClient - INFO - 22768 - phase=train acc=0.22421875 loss=49.82268559932709 epoch=0 and step=20
2026-04-21 00:30:34,959 - SplitNNClient - INFO - 10748 - phase=train acc=0.27291666666666664 loss=69.8444391489029 epoch=0 and step=30
2026-04-21 00:30:36,145 - SplitNNClient - INFO - 22820 - phase=train acc=0.39427083333333335 loss=66.95739185810089 epoch=0 and step=30
2026-04-21 00:30:37,350 - SplitNNClient - INFO - 24044 - phase=train acc=0.278125 loss=71.69210028648376 epoch=0 and step=30
2026-04-21 00:30:38,508 - SplitNNClient - INFO - 22656 - phase=train acc=0.24244791666666668 loss=68.29355347156525 epoch=0 and step=30
2026-04-21 00:30:39,687 - SplitNNClient - INFO - 22768 - phase=train acc=0.24114583333333334 loss=70.05596482753754 epoch=0 and step=30
2026-04-21 00:31:34,124 - SplitNNClient - INFO - 10748 - phase=train acc=0.28671875 loss=88.62119555473328 epoch=0 and step=40
2026-04-21 00:31:35,368 - SplitNNClient - INFO - 22820 - phase=train acc=0.399609375 loss=83.95884811878204 epoch=0 and step=40
2026-04-21 00:31:36,576 - SplitNNClient - INFO - 24044 - phase=train acc=0.280078125 loss=89.38800549507141 epoch=0 and step=40
2026-04-21 00:31:37,793 - SplitNNClient - INFO - 22656 - phase=train acc=0.251953125 loss=86.72746884822845 epoch=0 and step=40
2026-04-21 00:31:38,981 - SplitNNClient - INFO - 22768 - phase=train acc=0.258203125 loss=88.21231126785278 epoch=0 and step=40
2026-04-21 00:32:33,738 - SplitNNClient - INFO - 10748 - phase=train acc=0.29125 loss=107.16353964805603 epoch=0 and step=50
2026-04-21 00:32:34,918 - SplitNNClient - INFO - 22820 - phase=train acc=0.4046875 loss=101.19944489002228 epoch=0 and step=50
2026-04-21 00:32:36,165 - SplitNNClient - INFO - 24044 - phase=train acc=0.28828125 loss=107.36515367031097 epoch=0 and step=50
2026-04-21 00:32:37,373 - SplitNNClient - INFO - 22656 - phase=train acc=0.26828125 loss=105.21721339225769 epoch=0 and step=50
2026-04-21 00:32:38,561 - SplitNNClient - INFO - 22768 - phase=train acc=0.276875 loss=105.38510239124298 epoch=0 and step=50
2026-04-21 00:33:26,810 - SplitNNClient - INFO - 10748 - phase=train acc=0.301171875 loss=124.62740910053253 epoch=0 and step=60
2026-04-21 00:33:27,990 - SplitNNClient - INFO - 22820 - phase=train acc=0.41744791666666664 loss=117.34369480609894 epoch=0 and step=60
2026-04-21 00:33:29,175 - SplitNNClient - INFO - 22656 - phase=train acc=0.278515625 loss=122.84476208686829 epoch=0 and step=60
2026-04-21 00:33:30,328 - SplitNNClient - INFO - 22768 - phase=train acc=0.29140625 loss=122.6824254989624 epoch=0 and step=60
2026-04-21 00:34:11,452 - SplitNNClient - INFO - 22820 - phase=train acc=0.4252232142857143 loss=133.37334752082825 epoch=0 and step=70
2026-04-21 00:34:12,668 - SplitNNClient - INFO - 22768 - phase=train acc=0.30870535714285713 loss=138.60985565185547 epoch=0 and step=70
2026-04-21 00:34:34,994 - SplitNNClient - INFO - 22768 - phase=train acc=0.320703125 loss=155.12194204330444 epoch=0 and step=80
2026-04-21 00:34:54,964 - SplitNNClient - INFO - 22768 - phase=train acc=0.33038194444444446 loss=171.2734807729721 epoch=0 and step=90
2026-04-21 00:35:15,047 - SplitNNClient - INFO - 22768 - phase=train acc=0.342421875 loss=186.15975856781006 epoch=0 and step=100
2026-04-21 00:35:35,272 - SplitNNClient - INFO - 22768 - phase=train acc=0.35390625 loss=201.1838390827179 epoch=0 and step=110
2026-04-21 00:35:55,597 - SplitNNClient - INFO - 22768 - phase=train acc=0.36236979166666666 loss=216.06687450408936 epoch=0 and step=120
2026-04-21 00:35:59,707 - FedServerManager - INFO - 22816 - get all model params ---- from rank fed_server
2026-04-21 00:36:12,624 - SplitNNClient - INFO - 22820 - phase=validation acc=0.1 loss=185.73495984077454 epoch=0 and step=79
2026-04-21 00:36:12,853 - SplitNNClient - INFO - 22656 - phase=validation acc=0.1 loss=185.73495984077454 epoch=0 and step=79
2026-04-21 00:36:12,910 - SplitNNClient - INFO - 22768 - phase=validation acc=0.1 loss=185.73495984077454 epoch=0 and step=79
2026-04-21 00:36:12,959 - SplitNNClient - INFO - 24044 - phase=validation acc=0.1 loss=185.73495984077454 epoch=0 and step=79
2026-04-21 00:36:13,061 - SplitNNClient - INFO - 10748 - phase=validation acc=0.1 loss=185.73495984077454 epoch=0 and step=79
2026-04-21 00:36:16,495 - SplitNNClient - INFO - 10748 - phase=train acc=0.2671875 loss=22.113237977027893 epoch=1 and step=10
2026-04-21 00:36:16,568 - SplitNNClient - INFO - 22768 - phase=train acc=0.34765625 loss=18.331786513328552 epoch=1 and step=10
2026-04-21 00:36:16,610 - SplitNNClient - INFO - 22656 - phase=train acc=0.2828125 loss=19.428268909454346 epoch=1 and step=10
2026-04-21 00:36:16,707 - SplitNNClient - INFO - 24044 - phase=train acc=0.32421875 loss=19.58809220790863 epoch=1 and step=10
2026-04-21 00:36:16,788 - SplitNNClient - INFO - 22820 - phase=train acc=0.31328125 loss=20.514561533927917 epoch=1 and step=10
2026-04-21 00:36:20,062 - SplitNNClient - INFO - 10748 - phase=train acc=0.294921875 loss=41.61738157272339 epoch=1 and step=20
2026-04-21 00:36:20,160 - SplitNNClient - INFO - 22768 - phase=train acc=0.369921875 loss=35.44711446762085 epoch=1 and step=20
2026-04-21 00:36:20,202 - SplitNNClient - INFO - 22656 - phase=train acc=0.35546875 loss=35.761348605155945 epoch=1 and step=20
2026-04-21 00:36:20,310 - SplitNNClient - INFO - 24044 - phase=train acc=0.33828125 loss=36.61898708343506 epoch=1 and step=20
2026-04-21 00:36:20,355 - SplitNNClient - INFO - 22820 - phase=train acc=0.378125 loss=38.3046258687973 epoch=1 and step=20
2026-04-21 00:36:23,555 - SplitNNClient - INFO - 10748 - phase=train acc=0.30494791666666665 loss=59.43929576873779 epoch=1 and step=30
2026-04-21 00:36:23,596 - SplitNNClient - INFO - 22768 - phase=train acc=0.39166666666666666 loss=50.93353259563446 epoch=1 and step=30
2026-04-21 00:36:23,666 - SplitNNClient - INFO - 22656 - phase=train acc=0.36692708333333335 loss=51.6940301656723 epoch=1 and step=30
2026-04-21 00:36:23,739 - SplitNNClient - INFO - 22820 - phase=train acc=0.3958333333333333 loss=55.711928486824036 epoch=1 and step=30
2026-04-21 00:36:23,806 - SplitNNClient - INFO - 24044 - phase=train acc=0.34869791666666666 loss=52.52178406715393 epoch=1 and step=30
2026-04-21 00:36:27,054 - SplitNNClient - INFO - 10748 - phase=train acc=0.317578125 loss=76.36872291564941 epoch=1 and step=40
2026-04-21 00:36:27,118 - SplitNNClient - INFO - 22768 - phase=train acc=0.403515625 loss=66.24690091609955 epoch=1 and step=40
2026-04-21 00:36:27,194 - SplitNNClient - INFO - 22656 - phase=train acc=0.3802734375 loss=67.48046410083771 epoch=1 and step=40
2026-04-21 00:36:27,262 - SplitNNClient - INFO - 22820 - phase=train acc=0.4138671875 loss=71.89706909656525 epoch=1 and step=40
2026-04-21 00:36:27,331 - SplitNNClient - INFO - 24044 - phase=train acc=0.3638671875 loss=67.84104573726654 epoch=1 and step=40
2026-04-21 00:36:30,667 - SplitNNClient - INFO - 10748 - phase=train acc=0.32453125 loss=93.66512680053711 epoch=1 and step=50
2026-04-21 00:36:30,737 - SplitNNClient - INFO - 22768 - phase=train acc=0.41046875 loss=81.44943237304688 epoch=1 and step=50
2026-04-21 00:36:30,779 - SplitNNClient - INFO - 22820 - phase=train acc=0.42140625 loss=88.14307630062103 epoch=1 and step=50
2026-04-21 00:36:30,873 - SplitNNClient - INFO - 22656 - phase=train acc=0.38875 loss=83.42208540439606 epoch=1 and step=50
2026-04-21 00:36:30,957 - SplitNNClient - INFO - 24044 - phase=train acc=0.37265625 loss=83.47527861595154 epoch=1 and step=50
2026-04-21 00:36:33,977 - SplitNNClient - INFO - 10748 - phase=train acc=0.3279947916666667 loss=110.83032715320587 epoch=1 and step=60
2026-04-21 00:36:34,051 - SplitNNClient - INFO - 22768 - phase=train acc=0.4139322916666667 loss=96.96160507202148 epoch=1 and step=60
2026-04-21 00:36:34,121 - SplitNNClient - INFO - 22820 - phase=train acc=0.430859375 loss=104.47394108772278 epoch=1 and step=60
2026-04-21 00:36:34,167 - SplitNNClient - INFO - 22656 - phase=train acc=0.39479166666666665 loss=99.05802428722382 epoch=1 and step=60
2026-04-21 00:36:36,855 - SplitNNClient - INFO - 22820 - phase=train acc=0.4359375 loss=120.62396001815796 epoch=1 and step=70
2026-04-21 00:36:36,923 - SplitNNClient - INFO - 22768 - phase=train acc=0.41941964285714284 loss=111.78989660739899 epoch=1 and step=70
2026-04-21 00:36:38,928 - SplitNNClient - INFO - 22768 - phase=train acc=0.42734375 loss=126.01141059398651 epoch=1 and step=80
2026-04-21 00:36:40,724 - SplitNNClient - INFO - 22768 - phase=train acc=0.43046875 loss=140.72352766990662 epoch=1 and step=90
2026-04-21 00:36:42,459 - SplitNNClient - INFO - 22768 - phase=train acc=0.4346875 loss=155.21248650550842 epoch=1 and step=100
2026-04-21 00:36:44,321 - SplitNNClient - INFO - 22768 - phase=train acc=0.4382102272727273 loss=169.70791172981262 epoch=1 and step=110
2026-04-21 00:36:46,094 - SplitNNClient - INFO - 22768 - phase=train acc=0.4397786458333333 loss=184.37082040309906 epoch=1 and step=120
2026-04-21 00:36:46,530 - FedServerManager - INFO - 22816 - get all model params ---- from rank fed_server
2026-04-21 00:36:59,119 - SplitNNClient - INFO - 22820 - phase=validation acc=0.1574 loss=177.38409757614136 epoch=1 and step=79
2026-04-21 00:36:59,553 - SplitNNClient - INFO - 22768 - phase=validation acc=0.1574 loss=177.38409757614136 epoch=1 and step=79
2026-04-21 00:36:59,736 - SplitNNClient - INFO - 22656 - phase=validation acc=0.1574 loss=177.38409757614136 epoch=1 and step=79
2026-04-21 00:36:59,906 - SplitNNClient - INFO - 24044 - phase=validation acc=0.1574 loss=177.38409757614136 epoch=1 and step=79
2026-04-21 00:36:59,946 - SplitNNClient - INFO - 10748 - phase=validation acc=0.1574 loss=177.38409757614136 epoch=1 and step=79
2026-04-21 00:37:03,293 - SplitNNClient - INFO - 22768 - phase=train acc=0.3796875 loss=16.61694896221161 epoch=2 and step=10
2026-04-21 00:37:03,360 - SplitNNClient - INFO - 24044 - phase=train acc=0.35078125 loss=17.291686296463013 epoch=2 and step=10
2026-04-21 00:37:03,434 - SplitNNClient - INFO - 22656 - phase=train acc=0.37265625 loss=16.95520842075348 epoch=2 and step=10
2026-04-21 00:37:03,508 - SplitNNClient - INFO - 22820 - phase=train acc=0.40859375 loss=17.476736903190613 epoch=2 and step=10
2026-04-21 00:37:03,576 - SplitNNClient - INFO - 10748 - phase=train acc=0.3421875 loss=18.561249613761902 epoch=2 and step=10
2026-04-21 00:37:06,735 - SplitNNClient - INFO - 22768 - phase=train acc=0.400390625 loss=32.0325243473053 epoch=2 and step=20
2026-04-21 00:37:06,806 - SplitNNClient - INFO - 24044 - phase=train acc=0.396484375 loss=32.65745234489441 epoch=2 and step=20
2026-04-21 00:37:06,850 - SplitNNClient - INFO - 22656 - phase=train acc=0.423046875 loss=31.926562190055847 epoch=2 and step=20
2026-04-21 00:37:06,921 - SplitNNClient - INFO - 22820 - phase=train acc=0.4359375 loss=33.888543009757996 epoch=2 and step=20
2026-04-21 00:37:06,993 - SplitNNClient - INFO - 10748 - phase=train acc=0.358203125 loss=35.40615165233612 epoch=2 and step=20
2026-04-21 00:37:10,058 - SplitNNClient - INFO - 22768 - phase=train acc=0.42890625 loss=46.43260633945465 epoch=2 and step=30
2026-04-21 00:37:10,133 - SplitNNClient - INFO - 24044 - phase=train acc=0.40729166666666666 loss=47.942444801330566 epoch=2 and step=30
2026-04-21 00:37:10,206 - SplitNNClient - INFO - 22656 - phase=train acc=0.42526041666666664 loss=47.313409090042114 epoch=2 and step=30
2026-04-21 00:37:10,249 - SplitNNClient - INFO - 22820 - phase=train acc=0.44973958333333336 loss=49.441466331481934 epoch=2 and step=30
2026-04-21 00:37:10,320 - SplitNNClient - INFO - 10748 - phase=train acc=0.36796875 loss=51.78860092163086 epoch=2 and step=30
2026-04-21 00:37:13,478 - SplitNNClient - INFO - 22768 - phase=train acc=0.4328125 loss=61.019126653671265 epoch=2 and step=40
2026-04-21 00:37:13,617 - SplitNNClient - INFO - 24044 - phase=train acc=0.412109375 loss=63.06498396396637 epoch=2 and step=40
2026-04-21 00:37:13,658 - SplitNNClient - INFO - 22820 - phase=train acc=0.45625 loss=65.41435670852661 epoch=2 and step=40
2026-04-21 00:37:13,724 - SplitNNClient - INFO - 22656 - phase=train acc=0.434375 loss=62.040361285209656 epoch=2 and step=40
2026-04-21 00:37:13,879 - SplitNNClient - INFO - 10748 - phase=train acc=0.378515625 loss=67.48453831672668 epoch=2 and step=40
2026-04-21 00:37:16,844 - SplitNNClient - INFO - 22768 - phase=train acc=0.43703125 loss=75.371213555336 epoch=2 and step=50
2026-04-21 00:37:16,959 - SplitNNClient - INFO - 22820 - phase=train acc=0.45609375 loss=81.56764554977417 epoch=2 and step=50
2026-04-21 00:37:17,036 - SplitNNClient - INFO - 24044 - phase=train acc=0.41578125 loss=77.99783515930176 epoch=2 and step=50
2026-04-21 00:37:17,074 - SplitNNClient - INFO - 22656 - phase=train acc=0.4396875 loss=76.4376779794693 epoch=2 and step=50
2026-04-21 00:37:17,246 - SplitNNClient - INFO - 10748 - phase=train acc=0.38625 loss=83.733243227005 epoch=2 and step=50
2026-04-21 00:37:19,958 - SplitNNClient - INFO - 22768 - phase=train acc=0.442578125 loss=89.84779608249664 epoch=2 and step=60
2026-04-21 00:37:20,026 - SplitNNClient - INFO - 22820 - phase=train acc=0.45807291666666666 loss=97.6067646741867 epoch=2 and step=60
2026-04-21 00:37:20,141 - SplitNNClient - INFO - 22656 - phase=train acc=0.45065104166666664 loss=90.46419107913971 epoch=2 and step=60
2026-04-21 00:37:20,382 - SplitNNClient - INFO - 10748 - phase=train acc=0.38828125 loss=99.89066731929779 epoch=2 and step=60
2026-04-21 00:37:22,691 - SplitNNClient - INFO - 22768 - phase=train acc=0.446875 loss=104.06280636787415 epoch=2 and step=70
2026-04-21 00:37:22,791 - SplitNNClient - INFO - 22820 - phase=train acc=0.4603794642857143 loss=112.84512412548065 epoch=2 and step=70
2026-04-21 00:37:24,722 - SplitNNClient - INFO - 22768 - phase=train acc=0.45390625 loss=117.91333734989166 epoch=2 and step=80
2026-04-21 00:37:26,426 - SplitNNClient - INFO - 22768 - phase=train acc=0.4587673611111111 loss=131.57600057125092 epoch=2 and step=90
2026-04-21 00:37:28,066 - SplitNNClient - INFO - 22768 - phase=train acc=0.462890625 loss=144.92747688293457 epoch=2 and step=100
2026-04-21 00:37:29,703 - SplitNNClient - INFO - 22768 - phase=train acc=0.4653409090909091 loss=158.4809285402298 epoch=2 and step=110
2026-04-21 00:37:31,292 - SplitNNClient - INFO - 22768 - phase=train acc=0.4680989583333333 loss=172.1132594347 epoch=2 and step=120
2026-04-21 00:37:31,724 - FedServerManager - INFO - 22816 - get all model params ---- from rank fed_server
2026-04-21 00:37:44,394 - SplitNNClient - INFO - 22820 - phase=validation acc=0.2636 loss=158.7880619764328 epoch=2 and step=79
2026-04-21 00:37:44,605 - SplitNNClient - INFO - 22656 - phase=validation acc=0.2636 loss=158.7880619764328 epoch=2 and step=79
2026-04-21 00:37:44,664 - SplitNNClient - INFO - 24044 - phase=validation acc=0.2636 loss=158.7880619764328 epoch=2 and step=79
2026-04-21 00:37:44,693 - SplitNNClient - INFO - 22768 - phase=validation acc=0.2636 loss=158.7880619764328 epoch=2 and step=79
2026-04-21 00:37:44,921 - SplitNNClient - INFO - 10748 - phase=validation acc=0.2636 loss=158.7880619764328 epoch=2 and step=79
2026-04-21 00:37:48,155 - SplitNNClient - INFO - 22820 - phase=train acc=0.40859375 loss=16.734460592269897 epoch=3 and step=10
2026-04-21 00:37:48,230 - SplitNNClient - INFO - 24044 - phase=train acc=0.40546875 loss=16.622361183166504 epoch=3 and step=10
2026-04-21 00:37:48,303 - SplitNNClient - INFO - 22656 - phase=train acc=0.475 loss=15.172027587890625 epoch=3 and step=10
2026-04-21 00:37:48,400 - SplitNNClient - INFO - 10748 - phase=train acc=0.4203125 loss=16.071182012557983 epoch=3 and step=10
2026-04-21 00:37:48,447 - SplitNNClient - INFO - 22768 - phase=train acc=0.44140625 loss=15.410219430923462 epoch=3 and step=10
2026-04-21 00:37:51,541 - SplitNNClient - INFO - 22820 - phase=train acc=0.44921875 loss=31.94925808906555 epoch=3 and step=20
2026-04-21 00:37:51,640 - SplitNNClient - INFO - 24044 - phase=train acc=0.42265625 loss=31.695846557617188 epoch=3 and step=20
2026-04-21 00:37:51,716 - SplitNNClient - INFO - 22656 - phase=train acc=0.483984375 loss=29.39940106868744 epoch=3 and step=20
2026-04-21 00:37:51,753 - SplitNNClient - INFO - 10748 - phase=train acc=0.42265625 loss=32.14350366592407 epoch=3 and step=20
2026-04-21 00:37:51,952 - SplitNNClient - INFO - 22768 - phase=train acc=0.47890625 loss=28.89748764038086 epoch=3 and step=20
2026-04-21 00:37:54,923 - SplitNNClient - INFO - 22820 - phase=train acc=0.465625 loss=47.142194509506226 epoch=3 and step=30
2026-04-21 00:37:55,073 - SplitNNClient - INFO - 22656 - phase=train acc=0.47994791666666664 loss=43.559178829193115 epoch=3 and step=30
2026-04-21 00:37:55,140 - SplitNNClient - INFO - 24044 - phase=train acc=0.43333333333333335 loss=46.148844480514526 epoch=3 and step=30
2026-04-21 00:37:55,214 - SplitNNClient - INFO - 10748 - phase=train acc=0.4236979166666667 loss=47.85031974315643 epoch=3 and step=30
2026-04-21 00:37:55,321 - SplitNNClient - INFO - 22768 - phase=train acc=0.48802083333333335 loss=42.527355909347534 epoch=3 and step=30
2026-04-21 00:37:58,318 - SplitNNClient - INFO - 22820 - phase=train acc=0.4767578125 loss=61.7631596326828 epoch=3 and step=40
2026-04-21 00:37:58,468 - SplitNNClient - INFO - 24044 - phase=train acc=0.437890625 loss=60.830650329589844 epoch=3 and step=40
2026-04-21 00:37:58,506 - SplitNNClient - INFO - 22656 - phase=train acc=0.4830078125 loss=57.23905372619629 epoch=3 and step=40
2026-04-21 00:37:58,604 - SplitNNClient - INFO - 10748 - phase=train acc=0.424609375 loss=63.22375702857971 epoch=3 and step=40
2026-04-21 00:37:58,722 - SplitNNClient - INFO - 22768 - phase=train acc=0.49453125 loss=56.32707130908966 epoch=3 and step=40
2026-04-21 00:38:01,657 - SplitNNClient - INFO - 22820 - phase=train acc=0.47890625 loss=76.84007751941681 epoch=3 and step=50
2026-04-21 00:38:01,868 - SplitNNClient - INFO - 24044 - phase=train acc=0.44421875 loss=74.65584993362427 epoch=3 and step=50
2026-04-21 00:38:01,944 - SplitNNClient - INFO - 22656 - phase=train acc=0.4846875 loss=70.99005854129791 epoch=3 and step=50
2026-04-21 00:38:02,054 - SplitNNClient - INFO - 10748 - phase=train acc=0.42625 loss=78.55224812030792 epoch=3 and step=50
2026-04-21 00:38:02,157 - SplitNNClient - INFO - 22768 - phase=train acc=0.4946875 loss=70.0743054151535 epoch=3 and step=50
2026-04-21 00:38:04,778 - SplitNNClient - INFO - 22820 - phase=train acc=0.48932291666666666 loss=90.89027452468872 epoch=3 and step=60
2026-04-21 00:38:04,965 - SplitNNClient - INFO - 22656 - phase=train acc=0.48684895833333336 loss=84.32959771156311 epoch=3 and step=60
2026-04-21 00:38:05,109 - SplitNNClient - INFO - 10748 - phase=train acc=0.42526041666666664 loss=93.95084714889526 epoch=3 and step=60
2026-04-21 00:38:05,179 - SplitNNClient - INFO - 22768 - phase=train acc=0.49296875 loss=83.81879460811615 epoch=3 and step=60
2026-04-21 00:38:07,479 - SplitNNClient - INFO - 22820 - phase=train acc=0.4928571428571429 loss=105.44585061073303 epoch=3 and step=70
2026-04-21 00:38:07,846 - SplitNNClient - INFO - 22768 - phase=train acc=0.4963169642857143 loss=97.13124227523804 epoch=3 and step=70
2026-04-21 00:38:09,803 - SplitNNClient - INFO - 22768 - phase=train acc=0.49482421875 loss=110.92454147338867 epoch=3 and step=80
2026-04-21 00:38:11,440 - SplitNNClient - INFO - 22768 - phase=train acc=0.4973090277777778 loss=124.29800415039062 epoch=3 and step=90
2026-04-21 00:38:13,200 - SplitNNClient - INFO - 22768 - phase=train acc=0.501953125 loss=137.08137667179108 epoch=3 and step=100
2026-04-21 00:38:14,834 - SplitNNClient - INFO - 22768 - phase=train acc=0.5029119318181818 loss=150.6639028787613 epoch=3 and step=110
2026-04-21 00:38:16,502 - SplitNNClient - INFO - 22768 - phase=train acc=0.5037109375 loss=164.3147691488266 epoch=3 and step=120
2026-04-21 00:38:16,865 - FedServerManager - INFO - 22816 - get all model params ---- from rank fed_server
2026-04-21 00:38:29,677 - SplitNNClient - INFO - 22820 - phase=validation acc=0.3303 loss=142.27947187423706 epoch=3 and step=79
2026-04-21 00:38:30,041 - SplitNNClient - INFO - 22656 - phase=validation acc=0.3303 loss=142.27947187423706 epoch=3 and step=79
2026-04-21 00:38:30,367 - SplitNNClient - INFO - 22768 - phase=validation acc=0.3303 loss=142.27947187423706 epoch=3 and step=79
2026-04-21 00:38:30,379 - SplitNNClient - INFO - 10748 - phase=validation acc=0.3303 loss=142.27947187423706 epoch=3 and step=79
2026-04-21 00:38:30,405 - SplitNNClient - INFO - 24044 - phase=validation acc=0.3303 loss=142.27947187423706 epoch=3 and step=79
2026-04-21 00:38:33,698 - SplitNNClient - INFO - 22820 - phase=train acc=0.4546875 loss=16.290915608406067 epoch=4 and step=10
2026-04-21 00:38:33,765 - SplitNNClient - INFO - 10748 - phase=train acc=0.44296875 loss=15.51241660118103 epoch=4 and step=10
2026-04-21 00:38:33,834 - SplitNNClient - INFO - 22768 - phase=train acc=0.4828125 loss=14.393185019493103 epoch=4 and step=10
2026-04-21 00:38:33,937 - SplitNNClient - INFO - 22656 - phase=train acc=0.45703125 loss=15.209776043891907 epoch=4 and step=10
2026-04-21 00:38:33,985 - SplitNNClient - INFO - 24044 - phase=train acc=0.43359375 loss=15.745946526527405 epoch=4 and step=10
2026-04-21 00:38:37,045 - SplitNNClient - INFO - 22820 - phase=train acc=0.48203125 loss=31.192198038101196 epoch=4 and step=20
2026-04-21 00:38:37,115 - SplitNNClient - INFO - 10748 - phase=train acc=0.4484375 loss=30.069557905197144 epoch=4 and step=20
2026-04-21 00:38:37,185 - SplitNNClient - INFO - 22768 - phase=train acc=0.5 loss=27.432233929634094 epoch=4 and step=20
2026-04-21 00:38:37,250 - SplitNNClient - INFO - 22656 - phase=train acc=0.48828125 loss=28.803217887878418 epoch=4 and step=20
2026-04-21 00:38:37,321 - SplitNNClient - INFO - 24044 - phase=train acc=0.444140625 loss=30.350586533546448 epoch=4 and step=20
2026-04-21 00:38:40,456 - SplitNNClient - INFO - 22820 - phase=train acc=0.490625 loss=45.984492897987366 epoch=4 and step=30
2026-04-21 00:38:40,530 - SplitNNClient - INFO - 10748 - phase=train acc=0.45260416666666664 loss=45.195332527160645 epoch=4 and step=30
2026-04-21 00:38:40,600 - SplitNNClient - INFO - 22768 - phase=train acc=0.50703125 loss=40.73519778251648 epoch=4 and step=30
2026-04-21 00:38:40,646 - SplitNNClient - INFO - 22656 - phase=train acc=0.49921875 loss=42.23163139820099 epoch=4 and step=30
2026-04-21 00:38:40,717 - SplitNNClient - INFO - 24044 - phase=train acc=0.45078125 loss=44.30783724784851 epoch=4 and step=30
2026-04-21 00:38:43,808 - SplitNNClient - INFO - 22820 - phase=train acc=0.5009765625 loss=60.30437636375427 epoch=4 and step=40
2026-04-21 00:38:43,881 - SplitNNClient - INFO - 22768 - phase=train acc=0.514453125 loss=53.930174231529236 epoch=4 and step=40
2026-04-21 00:38:43,955 - SplitNNClient - INFO - 10748 - phase=train acc=0.4587890625 loss=59.80984544754028 epoch=4 and step=40
2026-04-21 00:38:44,022 - SplitNNClient - INFO - 22656 - phase=train acc=0.510546875 loss=55.015393137931824 epoch=4 and step=40
2026-04-21 00:38:44,088 - SplitNNClient - INFO - 24044 - phase=train acc=0.456640625 loss=57.98842263221741 epoch=4 and step=40
2026-04-21 00:38:47,194 - SplitNNClient - INFO - 22820 - phase=train acc=0.50984375 loss=74.02784383296967 epoch=4 and step=50
2026-04-21 00:38:47,271 - SplitNNClient - INFO - 22768 - phase=train acc=0.5165625 loss=66.83333837985992 epoch=4 and step=50
2026-04-21 00:38:47,344 - SplitNNClient - INFO - 10748 - phase=train acc=0.46375 loss=73.86160492897034 epoch=4 and step=50
2026-04-21 00:38:47,386 - SplitNNClient - INFO - 22656 - phase=train acc=0.5103125 loss=68.29295086860657 epoch=4 and step=50
2026-04-21 00:38:47,457 - SplitNNClient - INFO - 24044 - phase=train acc=0.45765625 loss=71.6049474477768 epoch=4 and step=50
2026-04-21 00:38:50,396 - SplitNNClient - INFO - 22820 - phase=train acc=0.5106770833333333 loss=88.27672338485718 epoch=4 and step=60
2026-04-21 00:38:50,535 - SplitNNClient - INFO - 22768 - phase=train acc=0.5216145833333333 loss=79.24597299098969 epoch=4 and step=60
2026-04-21 00:38:50,608 - SplitNNClient - INFO - 10748 - phase=train acc=0.46484375 loss=88.21397066116333 epoch=4 and step=60
2026-04-21 00:38:50,722 - SplitNNClient - INFO - 22656 - phase=train acc=0.5118489583333333 loss=81.48169577121735 epoch=4 and step=60
2026-04-21 00:38:53,257 - SplitNNClient - INFO - 22820 - phase=train acc=0.5169642857142858 loss=102.04019343852997 epoch=4 and step=70
2026-04-21 00:38:53,457 - SplitNNClient - INFO - 22768 - phase=train acc=0.5245535714285714 loss=91.62373888492584 epoch=4 and step=70
2026-04-21 00:38:55,386 - SplitNNClient - INFO - 22768 - phase=train acc=0.52568359375 loss=104.29222846031189 epoch=4 and step=80
2026-04-21 00:38:56,935 - SplitNNClient - INFO - 22768 - phase=train acc=0.5282118055555556 loss=116.4727920293808 epoch=4 and step=90
2026-04-21 00:38:58,730 - SplitNNClient - INFO - 22768 - phase=train acc=0.528515625 loss=129.3186446428299 epoch=4 and step=100
2026-04-21 00:39:00,343 - SplitNNClient - INFO - 22768 - phase=train acc=0.5303977272727273 loss=141.90222442150116 epoch=4 and step=110
2026-04-21 00:39:02,013 - SplitNNClient - INFO - 22768 - phase=train acc=0.5326171875 loss=154.49294090270996 epoch=4 and step=120
2026-04-21 00:39:02,418 - FedServerManager - INFO - 22816 - get all model params ---- from rank fed_server
2026-04-21 00:39:15,650 - SplitNNClient - INFO - 22820 - phase=validation acc=0.3659 loss=131.7914422750473 epoch=4 and step=79
2026-04-21 00:39:16,606 - SplitNNClient - INFO - 24044 - phase=validation acc=0.3659 loss=131.7914422750473 epoch=4 and step=79
2026-04-21 00:39:16,607 - SplitNNClient - INFO - 10748 - phase=validation acc=0.3659 loss=131.7914422750473 epoch=4 and step=79
2026-04-21 00:39:16,781 - SplitNNClient - INFO - 22656 - phase=validation acc=0.3659 loss=131.7914422750473 epoch=4 and step=79
2026-04-21 00:39:16,887 - SplitNNClient - INFO - 22768 - phase=validation acc=0.3659 loss=131.7914422750473 epoch=4 and step=79
2026-04-21 00:39:20,175 - SplitNNClient - INFO - 22656 - phase=train acc=0.5046875 loss=14.140756964683533 epoch=5 and step=10
2026-04-21 00:39:20,258 - SplitNNClient - INFO - 22820 - phase=train acc=0.46796875 loss=15.786955952644348 epoch=5 and step=10
2026-04-21 00:39:20,318 - SplitNNClient - INFO - 22768 - phase=train acc=0.503125 loss=14.099452137947083 epoch=5 and step=10
2026-04-21 00:39:20,392 - SplitNNClient - INFO - 24044 - phase=train acc=0.4390625 loss=15.128705859184265 epoch=5 and step=10
2026-04-21 00:39:20,458 - SplitNNClient - INFO - 10748 - phase=train acc=0.4671875 loss=14.920877456665039 epoch=5 and step=10
2026-04-21 00:39:23,585 - SplitNNClient - INFO - 22820 - phase=train acc=0.491796875 loss=30.10031533241272 epoch=5 and step=20
2026-04-21 00:39:23,633 - SplitNNClient - INFO - 22656 - phase=train acc=0.50859375 loss=27.492191791534424 epoch=5 and step=20
2026-04-21 00:39:23,700 - SplitNNClient - INFO - 22768 - phase=train acc=0.500390625 loss=27.580492734909058 epoch=5 and step=20
2026-04-21 00:39:23,764 - SplitNNClient - INFO - 24044 - phase=train acc=0.44765625 loss=28.945788025856018 epoch=5 and step=20
2026-04-21 00:39:23,830 - SplitNNClient - INFO - 10748 - phase=train acc=0.466015625 loss=29.218802332878113 epoch=5 and step=20
2026-04-21 00:39:26,874 - SplitNNClient - INFO - 22820 - phase=train acc=0.5127604166666667 loss=43.70672845840454 epoch=5 and step=30
2026-04-21 00:39:26,945 - SplitNNClient - INFO - 22656 - phase=train acc=0.5203125 loss=40.190234780311584 epoch=5 and step=30
2026-04-21 00:39:27,020 - SplitNNClient - INFO - 22768 - phase=train acc=0.5197916666666667 loss=40.13027203083038 epoch=5 and step=30
2026-04-21 00:39:27,085 - SplitNNClient - INFO - 24044 - phase=train acc=0.46328125 loss=42.21936345100403 epoch=5 and step=30
2026-04-21 00:39:27,158 - SplitNNClient - INFO - 10748 - phase=train acc=0.47604166666666664 loss=43.26821684837341 epoch=5 and step=30
2026-04-21 00:39:30,351 - SplitNNClient - INFO - 22768 - phase=train acc=0.528125 loss=52.64388465881348 epoch=5 and step=40
2026-04-21 00:39:30,420 - SplitNNClient - INFO - 22656 - phase=train acc=0.528125 loss=52.874290466308594 epoch=5 and step=40
2026-04-21 00:39:30,503 - SplitNNClient - INFO - 22820 - phase=train acc=0.5236328125 loss=57.372796416282654 epoch=5 and step=40
2026-04-21 00:39:30,565 - SplitNNClient - INFO - 24044 - phase=train acc=0.46171875 loss=55.98705208301544 epoch=5 and step=40
2026-04-21 00:39:30,639 - SplitNNClient - INFO - 10748 - phase=train acc=0.48515625 loss=57.22761356830597 epoch=5 and step=40
2026-04-21 00:39:33,790 - SplitNNClient - INFO - 22656 - phase=train acc=0.5296875 loss=65.18829596042633 epoch=5 and step=50
2026-04-21 00:39:33,857 - SplitNNClient - INFO - 22768 - phase=train acc=0.53203125 loss=65.02914440631866 epoch=5 and step=50
2026-04-21 00:39:33,902 - SplitNNClient - INFO - 22820 - phase=train acc=0.52875 loss=71.20472133159637 epoch=5 and step=50
2026-04-21 00:39:33,978 - SplitNNClient - INFO - 24044 - phase=train acc=0.47390625 loss=68.86911153793335 epoch=5 and step=50
2026-04-21 00:39:34,080 - SplitNNClient - INFO - 10748 - phase=train acc=0.48734375 loss=70.71494138240814 epoch=5 and step=50
2026-04-21 00:39:36,940 - SplitNNClient - INFO - 22820 - phase=train acc=0.5302083333333333 loss=84.86847710609436 epoch=5 and step=60
2026-04-21 00:39:36,981 - SplitNNClient - INFO - 22656 - phase=train acc=0.5319010416666666 loss=77.90075218677521 epoch=5 and step=60
2026-04-21 00:39:37,055 - SplitNNClient - INFO - 22768 - phase=train acc=0.5421875 loss=76.89145314693451 epoch=5 and step=60
2026-04-21 00:39:37,125 - SplitNNClient - INFO - 10748 - phase=train acc=0.48997395833333335 loss=84.3700897693634 epoch=5 and step=60
2026-04-21 00:39:39,610 - SplitNNClient - INFO - 22820 - phase=train acc=0.5286830357142858 loss=98.86222076416016 epoch=5 and step=70
2026-04-21 00:39:39,775 - SplitNNClient - INFO - 22768 - phase=train acc=0.5443080357142858 loss=88.95342063903809 epoch=5 and step=70
2026-04-21 00:39:41,769 - SplitNNClient - INFO - 22768 - phase=train acc=0.54765625 loss=101.03182989358902 epoch=5 and step=80
2026-04-21 00:39:43,378 - SplitNNClient - INFO - 22768 - phase=train acc=0.5506076388888889 loss=113.34731942415237 epoch=5 and step=90
2026-04-21 00:39:45,138 - SplitNNClient - INFO - 22768 - phase=train acc=0.55140625 loss=125.61970776319504 epoch=5 and step=100
2026-04-21 00:39:46,681 - SplitNNClient - INFO - 22768 - phase=train acc=0.5522727272727272 loss=137.55740970373154 epoch=5 and step=110
2026-04-21 00:39:48,234 - SplitNNClient - INFO - 22768 - phase=train acc=0.5526041666666667 loss=149.6209552884102 epoch=5 and step=120
2026-04-21 00:39:48,635 - FedServerManager - INFO - 22816 - get all model params ---- from rank fed_server
2026-04-21 00:40:01,860 - SplitNNClient - INFO - 22820 - phase=validation acc=0.4102 loss=124.3797709941864 epoch=5 and step=79
2026-04-21 00:40:02,485 - SplitNNClient - INFO - 22768 - phase=validation acc=0.4102 loss=124.3797709941864 epoch=5 and step=79
2026-04-21 00:40:02,545 - SplitNNClient - INFO - 10748 - phase=validation acc=0.4102 loss=124.3797709941864 epoch=5 and step=79
2026-04-21 00:40:02,875 - SplitNNClient - INFO - 22656 - phase=validation acc=0.4102 loss=124.3797709941864 epoch=5 and step=79
2026-04-21 00:40:02,890 - SplitNNClient - INFO - 24044 - phase=validation acc=0.4102 loss=124.3797709941864 epoch=5 and step=79
2026-04-21 00:40:06,075 - SplitNNClient - INFO - 22820 - phase=train acc=0.515625 loss=14.57076382637024 epoch=6 and step=10
2026-04-21 00:40:06,216 - SplitNNClient - INFO - 10748 - phase=train acc=0.47578125 loss=14.67638099193573 epoch=6 and step=10
2026-04-21 00:40:06,287 - SplitNNClient - INFO - 22768 - phase=train acc=0.52421875 loss=13.296071529388428 epoch=6 and step=10
2026-04-21 00:40:06,331 - SplitNNClient - INFO - 22656 - phase=train acc=0.50546875 loss=13.637178659439087 epoch=6 and step=10
2026-04-21 00:40:06,471 - SplitNNClient - INFO - 24044 - phase=train acc=0.43984375 loss=15.359429836273193 epoch=6 and step=10
2026-04-21 00:40:09,537 - SplitNNClient - INFO - 22820 - phase=train acc=0.529296875 loss=28.275808095932007 epoch=6 and step=20
2026-04-21 00:40:09,651 - SplitNNClient - INFO - 10748 - phase=train acc=0.48203125 loss=28.502830505371094 epoch=6 and step=20
2026-04-21 00:40:09,716 - SplitNNClient - INFO - 22768 - phase=train acc=0.55078125 loss=25.116095066070557 epoch=6 and step=20
2026-04-21 00:40:09,796 - SplitNNClient - INFO - 22656 - phase=train acc=0.526171875 loss=26.057584166526794 epoch=6 and step=20
2026-04-21 00:40:09,935 - SplitNNClient - INFO - 24044 - phase=train acc=0.4578125 loss=28.643460512161255 epoch=6 and step=20
2026-04-21 00:40:12,916 - SplitNNClient - INFO - 22820 - phase=train acc=0.5239583333333333 loss=42.21212613582611 epoch=6 and step=30
2026-04-21 00:40:13,070 - SplitNNClient - INFO - 10748 - phase=train acc=0.4934895833333333 loss=41.91337704658508 epoch=6 and step=30
2026-04-21 00:40:13,195 - SplitNNClient - INFO - 22768 - phase=train acc=0.55078125 loss=37.472005128860474 epoch=6 and step=30
2026-04-21 00:40:13,240 - SplitNNClient - INFO - 22656 - phase=train acc=0.5328125 loss=38.239465951919556 epoch=6 and step=30
2026-04-21 00:40:13,377 - SplitNNClient - INFO - 24044 - phase=train acc=0.4705729166666667 loss=41.607237696647644 epoch=6 and step=30
2026-04-21 00:40:16,356 - SplitNNClient - INFO - 22820 - phase=train acc=0.5296875 loss=55.797826290130615 epoch=6 and step=40
2026-04-21 00:40:16,524 - SplitNNClient - INFO - 10748 - phase=train acc=0.5064453125 loss=55.173994302749634 epoch=6 and step=40
2026-04-21 00:40:16,569 - SplitNNClient - INFO - 22768 - phase=train acc=0.54765625 loss=49.968682527542114 epoch=6 and step=40
2026-04-21 00:40:16,638 - SplitNNClient - INFO - 22656 - phase=train acc=0.53984375 loss=50.55214214324951 epoch=6 and step=40
2026-04-21 00:40:16,781 - SplitNNClient - INFO - 24044 - phase=train acc=0.4748046875 loss=54.77340924739838 epoch=6 and step=40
2026-04-21 00:40:19,682 - SplitNNClient - INFO - 22820 - phase=train acc=0.53328125 loss=69.19595086574554 epoch=6 and step=50
2026-04-21 00:40:19,897 - SplitNNClient - INFO - 10748 - phase=train acc=0.51328125 loss=68.59266018867493 epoch=6 and step=50
2026-04-21 00:40:19,934 - SplitNNClient - INFO - 22768 - phase=train acc=0.5559375 loss=61.777367770671844 epoch=6 and step=50
2026-04-21 00:40:20,071 - SplitNNClient - INFO - 22656 - phase=train acc=0.5396875 loss=62.570133447647095 epoch=6 and step=50
2026-04-21 00:40:20,166 - SplitNNClient - INFO - 24044 - phase=train acc=0.4784375 loss=67.93506991863251 epoch=6 and step=50
2026-04-21 00:40:22,812 - SplitNNClient - INFO - 22820 - phase=train acc=0.5364583333333334 loss=82.90864825248718 epoch=6 and step=60
2026-04-21 00:40:22,987 - SplitNNClient - INFO - 10748 - phase=train acc=0.5134114583333333 loss=81.80466389656067 epoch=6 and step=60
2026-04-21 00:40:23,026 - SplitNNClient - INFO - 22768 - phase=train acc=0.5610677083333333 loss=73.37215942144394 epoch=6 and step=60
2026-04-21 00:40:23,201 - SplitNNClient - INFO - 22656 - phase=train acc=0.5455729166666666 loss=74.48068571090698 epoch=6 and step=60
2026-04-21 00:40:25,483 - SplitNNClient - INFO - 22820 - phase=train acc=0.5425223214285714 loss=95.97870147228241 epoch=6 and step=70
2026-04-21 00:40:25,810 - SplitNNClient - INFO - 22768 - phase=train acc=0.5665178571428572 loss=84.72523999214172 epoch=6 and step=70
2026-04-21 00:40:27,717 - SplitNNClient - INFO - 22768 - phase=train acc=0.5673828125 loss=96.42783188819885 epoch=6 and step=80
2026-04-21 00:40:29,542 - SplitNNClient - INFO - 22768 - phase=train acc=0.5691840277777778 loss=108.1825749874115 epoch=6 and step=90
2026-04-21 00:40:31,152 - SplitNNClient - INFO - 22768 - phase=train acc=0.57 loss=120.47650420665741 epoch=6 and step=100
2026-04-21 00:40:32,805 - SplitNNClient - INFO - 22768 - phase=train acc=0.5705965909090909 loss=132.13431823253632 epoch=6 and step=110
2026-04-21 00:40:34,633 - SplitNNClient - INFO - 22768 - phase=train acc=0.5702473958333333 loss=144.35212743282318 epoch=6 and step=120
2026-04-21 00:40:35,045 - FedServerManager - INFO - 22816 - get all model params ---- from rank fed_server
2026-04-21 00:40:48,203 - SplitNNClient - INFO - 22820 - phase=validation acc=0.4203 loss=122.80874752998352 epoch=6 and step=79
2026-04-21 00:40:49,352 - SplitNNClient - INFO - 22768 - phase=validation acc=0.4203 loss=122.80874752998352 epoch=6 and step=79
2026-04-21 00:40:49,503 - SplitNNClient - INFO - 24044 - phase=validation acc=0.4203 loss=122.80874752998352 epoch=6 and step=79
2026-04-21 00:40:49,590 - SplitNNClient - INFO - 22656 - phase=validation acc=0.4203 loss=122.80874752998352 epoch=6 and step=79
2026-04-21 00:40:49,710 - SplitNNClient - INFO - 10748 - phase=validation acc=0.4203 loss=122.80874752998352 epoch=6 and step=79
2026-04-21 00:40:52,911 - SplitNNClient - INFO - 22656 - phase=train acc=0.53046875 loss=13.037156343460083 epoch=7 and step=10
2026-04-21 00:40:52,984 - SplitNNClient - INFO - 24044 - phase=train acc=0.44921875 loss=14.855069756507874 epoch=7 and step=10
2026-04-21 00:40:53,055 - SplitNNClient - INFO - 22820 - phase=train acc=0.51953125 loss=15.012546420097351 epoch=7 and step=10
2026-04-21 00:40:53,121 - SplitNNClient - INFO - 22768 - phase=train acc=0.53515625 loss=12.994075417518616 epoch=7 and step=10
2026-04-21 00:40:53,197 - SplitNNClient - INFO - 10748 - phase=train acc=0.50703125 loss=13.616736769676208 epoch=7 and step=10
2026-04-21 00:40:56,241 - SplitNNClient - INFO - 22656 - phase=train acc=0.543359375 loss=25.438710570335388 epoch=7 and step=20
2026-04-21 00:40:56,317 - SplitNNClient - INFO - 24044 - phase=train acc=0.475390625 loss=28.097832441329956 epoch=7 and step=20
2026-04-21 00:40:56,388 - SplitNNClient - INFO - 22820 - phase=train acc=0.541015625 loss=28.54038941860199 epoch=7 and step=20
2026-04-21 00:40:56,461 - SplitNNClient - INFO - 22768 - phase=train acc=0.554296875 loss=24.90702199935913 epoch=7 and step=20
2026-04-21 00:40:56,508 - SplitNNClient - INFO - 10748 - phase=train acc=0.515625 loss=27.22296178340912 epoch=7 and step=20
2026-04-21 00:40:59,640 - SplitNNClient - INFO - 22656 - phase=train acc=0.5505208333333333 loss=37.67820906639099 epoch=7 and step=30
2026-04-21 00:40:59,683 - SplitNNClient - INFO - 24044 - phase=train acc=0.4825520833333333 loss=40.8641642332077 epoch=7 and step=30
2026-04-21 00:40:59,748 - SplitNNClient - INFO - 22820 - phase=train acc=0.55078125 loss=41.70662999153137 epoch=7 and step=30
2026-04-21 00:40:59,823 - SplitNNClient - INFO - 22768 - phase=train acc=0.5682291666666667 loss=36.32564353942871 epoch=7 and step=30
2026-04-21 00:40:59,924 - SplitNNClient - INFO - 10748 - phase=train acc=0.5296875 loss=40.100881576538086 epoch=7 and step=30
2026-04-21 00:41:02,982 - SplitNNClient - INFO - 22656 - phase=train acc=0.5556640625 loss=49.43021380901337 epoch=7 and step=40
2026-04-21 00:41:03,037 - SplitNNClient - INFO - 24044 - phase=train acc=0.4837890625 loss=53.58896291255951 epoch=7 and step=40
2026-04-21 00:41:03,097 - SplitNNClient - INFO - 22820 - phase=train acc=0.554296875 loss=54.81218993663788 epoch=7 and step=40
2026-04-21 00:41:03,164 - SplitNNClient - INFO - 22768 - phase=train acc=0.5736328125 loss=48.151514291763306 epoch=7 and step=40
2026-04-21 00:41:03,230 - SplitNNClient - INFO - 10748 - phase=train acc=0.537109375 loss=52.78446805477142 epoch=7 and step=40
2026-04-21 00:41:06,476 - SplitNNClient - INFO - 22656 - phase=train acc=0.5575 loss=61.34162902832031 epoch=7 and step=50
2026-04-21 00:41:06,518 - SplitNNClient - INFO - 24044 - phase=train acc=0.48375 loss=66.50107765197754 epoch=7 and step=50
2026-04-21 00:41:06,584 - SplitNNClient - INFO - 22768 - phase=train acc=0.58140625 loss=59.55215895175934 epoch=7 and step=50
2026-04-21 00:41:06,627 - SplitNNClient - INFO - 22820 - phase=train acc=0.55390625 loss=68.07260811328888 epoch=7 and step=50
2026-04-21 00:41:06,721 - SplitNNClient - INFO - 10748 - phase=train acc=0.53296875 loss=66.25437819957733 epoch=7 and step=50
2026-04-21 00:41:09,612 - SplitNNClient - INFO - 22820 - phase=train acc=0.5548177083333333 loss=81.4565806388855 epoch=7 and step=60
2026-04-21 00:41:09,661 - SplitNNClient - INFO - 22656 - phase=train acc=0.559765625 loss=72.97358274459839 epoch=7 and step=60
2026-04-21 00:41:09,732 - SplitNNClient - INFO - 22768 - phase=train acc=0.587109375 loss=70.30685305595398 epoch=7 and step=60
2026-04-21 00:41:09,807 - SplitNNClient - INFO - 10748 - phase=train acc=0.5338541666666666 loss=78.82181870937347 epoch=7 and step=60
2026-04-21 00:41:12,288 - SplitNNClient - INFO - 22820 - phase=train acc=0.5512276785714286 loss=94.9863373041153 epoch=7 and step=70
2026-04-21 00:41:12,458 - SplitNNClient - INFO - 22768 - phase=train acc=0.5890625 loss=81.70807814598083 epoch=7 and step=70
2026-04-21 00:41:14,480 - SplitNNClient - INFO - 22768 - phase=train acc=0.59033203125 loss=93.35742926597595 epoch=7 and step=80
2026-04-21 00:41:16,227 - SplitNNClient - INFO - 22768 - phase=train acc=0.590625 loss=104.93143904209137 epoch=7 and step=90
2026-04-21 00:41:17,836 - SplitNNClient - INFO - 22768 - phase=train acc=0.590703125 loss=116.34433019161224 epoch=7 and step=100
2026-04-21 00:41:19,693 - SplitNNClient - INFO - 22768 - phase=train acc=0.5928977272727273 loss=127.0643298625946 epoch=7 and step=110
2026-04-21 00:41:21,306 - SplitNNClient - INFO - 22768 - phase=train acc=0.5930989583333334 loss=138.11684656143188 epoch=7 and step=120
2026-04-21 00:41:21,668 - FedServerManager - INFO - 22816 - get all model params ---- from rank fed_server
2026-04-21 00:41:34,702 - SplitNNClient - INFO - 22820 - phase=validation acc=0.4551 loss=115.4283879995346 epoch=7 and step=79
2026-04-21 00:41:35,861 - SplitNNClient - INFO - 22768 - phase=validation acc=0.4551 loss=115.4283879995346 epoch=7 and step=79
2026-04-21 00:41:35,946 - SplitNNClient - INFO - 10748 - phase=validation acc=0.4551 loss=115.4283879995346 epoch=7 and step=79
2026-04-21 00:41:36,079 - SplitNNClient - INFO - 22656 - phase=validation acc=0.4551 loss=115.4283879995346 epoch=7 and step=79
2026-04-21 00:41:36,230 - SplitNNClient - INFO - 24044 - phase=validation acc=0.4551 loss=115.4283879995346 epoch=7 and step=79
2026-04-21 00:41:39,297 - SplitNNClient - INFO - 24044 - phase=train acc=0.4546875 loss=14.910332202911377 epoch=8 and step=10
2026-04-21 00:41:39,440 - SplitNNClient - INFO - 22768 - phase=train acc=0.5546875 loss=12.740098357200623 epoch=8 and step=10
2026-04-21 00:41:39,510 - SplitNNClient - INFO - 22656 - phase=train acc=0.525 loss=13.289459466934204 epoch=8 and step=10
2026-04-21 00:41:39,556 - SplitNNClient - INFO - 22820 - phase=train acc=0.5515625 loss=14.029296636581421 epoch=8 and step=10
2026-04-21 00:41:39,699 - SplitNNClient - INFO - 10748 - phase=train acc=0.5203125 loss=13.444591760635376 epoch=8 and step=10
2026-04-21 00:41:42,553 - SplitNNClient - INFO - 24044 - phase=train acc=0.483984375 loss=27.544389247894287 epoch=8 and step=20
2026-04-21 00:41:42,694 - SplitNNClient - INFO - 22820 - phase=train acc=0.5578125 loss=27.246404767036438 epoch=8 and step=20
2026-04-21 00:41:42,758 - SplitNNClient - INFO - 22768 - phase=train acc=0.5859375 loss=23.999756455421448 epoch=8 and step=20
2026-04-21 00:41:42,829 - SplitNNClient - INFO - 22656 - phase=train acc=0.54375 loss=25.39976477622986 epoch=8 and step=20
2026-04-21 00:41:42,939 - SplitNNClient - INFO - 10748 - phase=train acc=0.52734375 loss=26.3595712184906 epoch=8 and step=20
2026-04-21 00:41:45,956 - SplitNNClient - INFO - 24044 - phase=train acc=0.4942708333333333 loss=40.37282204627991 epoch=8 and step=30
2026-04-21 00:41:46,071 - SplitNNClient - INFO - 22820 - phase=train acc=0.5643229166666667 loss=39.96587085723877 epoch=8 and step=30
2026-04-21 00:41:46,200 - SplitNNClient - INFO - 22768 - phase=train acc=0.5927083333333333 loss=35.27646803855896 epoch=8 and step=30
2026-04-21 00:41:46,247 - SplitNNClient - INFO - 22656 - phase=train acc=0.5463541666666667 loss=37.38679754734039 epoch=8 and step=30
2026-04-21 00:41:46,365 - SplitNNClient - INFO - 10748 - phase=train acc=0.5307291666666667 loss=39.3008918762207 epoch=8 and step=30
2026-04-21 00:41:49,521 - SplitNNClient - INFO - 24044 - phase=train acc=0.50078125 loss=52.874786734580994 epoch=8 and step=40
2026-04-21 00:41:49,631 - SplitNNClient - INFO - 22820 - phase=train acc=0.5662109375 loss=52.569562792778015 epoch=8 and step=40
2026-04-21 00:41:49,706 - SplitNNClient - INFO - 22768 - phase=train acc=0.5908203125 loss=47.03796136379242 epoch=8 and step=40
2026-04-21 00:41:49,779 - SplitNNClient - INFO - 22656 - phase=train acc=0.550390625 loss=48.96730214357376 epoch=8 and step=40
2026-04-21 00:41:49,886 - SplitNNClient - INFO - 10748 - phase=train acc=0.5365234375 loss=51.63453137874603 epoch=8 and step=40
2026-04-21 00:41:52,881 - SplitNNClient - INFO - 24044 - phase=train acc=0.5040625 loss=65.06585049629211 epoch=8 and step=50
2026-04-21 00:41:52,952 - SplitNNClient - INFO - 22820 - phase=train acc=0.56953125 loss=65.14368629455566 epoch=8 and step=50
2026-04-21 00:41:53,066 - SplitNNClient - INFO - 22768 - phase=train acc=0.5946875 loss=58.12135875225067 epoch=8 and step=50
2026-04-21 00:41:53,142 - SplitNNClient - INFO - 22656 - phase=train acc=0.55046875 loss=61.085536777973175 epoch=8 and step=50
2026-04-21 00:41:53,350 - SplitNNClient - INFO - 10748 - phase=train acc=0.53953125 loss=64.36715292930603 epoch=8 and step=50
2026-04-21 00:41:56,046 - SplitNNClient - INFO - 22820 - phase=train acc=0.572265625 loss=77.66403639316559 epoch=8 and step=60
2026-04-21 00:41:56,228 - SplitNNClient - INFO - 22768 - phase=train acc=0.59375 loss=69.738250374794 epoch=8 and step=60
2026-04-21 00:41:56,268 - SplitNNClient - INFO - 22656 - phase=train acc=0.55078125 loss=72.90442496538162 epoch=8 and step=60
2026-04-21 00:41:56,385 - SplitNNClient - INFO - 10748 - phase=train acc=0.5345052083333334 loss=77.72214567661285 epoch=8 and step=60
2026-04-21 00:41:58,777 - SplitNNClient - INFO - 22820 - phase=train acc=0.5753348214285714 loss=89.79194164276123 epoch=8 and step=70
2026-04-21 00:41:58,979 - SplitNNClient - INFO - 22768 - phase=train acc=0.5979910714285714 loss=80.531289935112 epoch=8 and step=70
2026-04-21 00:42:00,980 - SplitNNClient - INFO - 22768 - phase=train acc=0.59951171875 loss=91.32503378391266 epoch=8 and step=80
2026-04-21 00:42:02,686 - SplitNNClient - INFO - 22768 - phase=train acc=0.6014756944444445 loss=101.9634827375412 epoch=8 and step=90
2026-04-21 00:42:04,519 - SplitNNClient - INFO - 22768 - phase=train acc=0.601328125 loss=113.21858537197113 epoch=8 and step=100
2026-04-21 00:42:06,348 - SplitNNClient - INFO - 22768 - phase=train acc=0.6009943181818181 loss=124.20869863033295 epoch=8 and step=110
2026-04-21 00:42:07,992 - SplitNNClient - INFO - 22768 - phase=train acc=0.6031901041666666 loss=134.9764221906662 epoch=8 and step=120
2026-04-21 00:42:08,427 - FedServerManager - INFO - 22816 - get all model params ---- from rank fed_server
2026-04-21 00:42:21,321 - SplitNNClient - INFO - 22820 - phase=validation acc=0.4776 loss=111.60471618175507 epoch=8 and step=79
2026-04-21 00:42:21,745 - SplitNNClient - INFO - 22656 - phase=validation acc=0.4776 loss=111.60471618175507 epoch=8 and step=79
2026-04-21 00:42:21,835 - SplitNNClient - INFO - 22768 - phase=validation acc=0.4776 loss=111.60471618175507 epoch=8 and step=79
2026-04-21 00:42:21,994 - SplitNNClient - INFO - 24044 - phase=validation acc=0.4776 loss=111.60471618175507 epoch=8 and step=79
2026-04-21 00:42:22,204 - SplitNNClient - INFO - 10748 - phase=validation acc=0.4776 loss=111.60471618175507 epoch=8 and step=79
2026-04-21 00:42:25,413 - SplitNNClient - INFO - 10748 - phase=train acc=0.56484375 loss=12.716705679893494 epoch=9 and step=10
2026-04-21 00:42:25,462 - SplitNNClient - INFO - 24044 - phase=train acc=0.46796875 loss=14.489044666290283 epoch=9 and step=10
2026-04-21 00:42:25,531 - SplitNNClient - INFO - 22768 - phase=train acc=0.5640625 loss=12.668582439422607 epoch=9 and step=10
2026-04-21 00:42:25,609 - SplitNNClient - INFO - 22656 - phase=train acc=0.54140625 loss=12.694967985153198 epoch=9 and step=10
2026-04-21 00:42:25,671 - SplitNNClient - INFO - 22820 - phase=train acc=0.54609375 loss=13.877854704856873 epoch=9 and step=10
2026-04-21 00:42:28,884 - SplitNNClient - INFO - 24044 - phase=train acc=0.494921875 loss=26.997255444526672 epoch=9 and step=20
2026-04-21 00:42:28,926 - SplitNNClient - INFO - 10748 - phase=train acc=0.556640625 loss=25.389187693595886 epoch=9 and step=20
2026-04-21 00:42:28,993 - SplitNNClient - INFO - 22768 - phase=train acc=0.599609375 loss=23.077305912971497 epoch=9 and step=20
2026-04-21 00:42:29,073 - SplitNNClient - INFO - 22820 - phase=train acc=0.56796875 loss=26.06374979019165 epoch=9 and step=20
2026-04-21 00:42:29,143 - SplitNNClient - INFO - 22656 - phase=train acc=0.576953125 loss=23.491143226623535 epoch=9 and step=20
2026-04-21 00:42:32,223 - SplitNNClient - INFO - 24044 - phase=train acc=0.5033854166666667 loss=39.277708649635315 epoch=9 and step=30
2026-04-21 00:42:32,290 - SplitNNClient - INFO - 22768 - phase=train acc=0.59921875 loss=34.866249799728394 epoch=9 and step=30
2026-04-21 00:42:32,368 - SplitNNClient - INFO - 22820 - phase=train acc=0.575 loss=38.51224100589752 epoch=9 and step=30
2026-04-21 00:42:32,442 - SplitNNClient - INFO - 10748 - phase=train acc=0.5481770833333334 loss=38.043795466423035 epoch=9 and step=30
2026-04-21 00:42:32,507 - SplitNNClient - INFO - 22656 - phase=train acc=0.575 loss=35.01299500465393 epoch=9 and step=30
2026-04-21 00:42:35,587 - SplitNNClient - INFO - 24044 - phase=train acc=0.507421875 loss=51.423797488212585 epoch=9 and step=40
2026-04-21 00:42:35,655 - SplitNNClient - INFO - 22768 - phase=train acc=0.605078125 loss=45.358253479003906 epoch=9 and step=40
2026-04-21 00:42:35,722 - SplitNNClient - INFO - 22820 - phase=train acc=0.5728515625 loss=50.840630531311035 epoch=9 and step=40
2026-04-21 00:42:35,770 - SplitNNClient - INFO - 10748 - phase=train acc=0.5515625 loss=50.930424213409424 epoch=9 and step=40
2026-04-21 00:42:35,833 - SplitNNClient - INFO - 22656 - phase=train acc=0.5791015625 loss=46.30492722988129 epoch=9 and step=40
2026-04-21 00:42:38,975 - SplitNNClient - INFO - 24044 - phase=train acc=0.51078125 loss=63.669644236564636 epoch=9 and step=50
2026-04-21 00:42:39,047 - SplitNNClient - INFO - 22820 - phase=train acc=0.5775 loss=63.295682430267334 epoch=9 and step=50
2026-04-21 00:42:39,112 - SplitNNClient - INFO - 22768 - phase=train acc=0.61015625 loss=56.07235890626907 epoch=9 and step=50
2026-04-21 00:42:39,158 - SplitNNClient - INFO - 10748 - phase=train acc=0.5521875 loss=63.19629764556885 epoch=9 and step=50
2026-04-21 00:42:39,223 - SplitNNClient - INFO - 22656 - phase=train acc=0.58109375 loss=57.56046164035797 epoch=9 and step=50
2026-04-21 00:42:42,086 - SplitNNClient - INFO - 22820 - phase=train acc=0.5791666666666667 loss=75.51289343833923 epoch=9 and step=60
2026-04-21 00:42:42,151 - SplitNNClient - INFO - 22768 - phase=train acc=0.6138020833333333 loss=66.4093787074089 epoch=9 and step=60
2026-04-21 00:42:42,224 - SplitNNClient - INFO - 22656 - phase=train acc=0.583984375 loss=68.51999682188034 epoch=9 and step=60
2026-04-21 00:42:42,295 - SplitNNClient - INFO - 10748 - phase=train acc=0.5563802083333333 loss=75.27425193786621 epoch=9 and step=60
2026-04-21 00:42:44,786 - SplitNNClient - INFO - 22820 - phase=train acc=0.5791294642857143 loss=87.97856783866882 epoch=9 and step=70
2026-04-21 00:42:44,983 - SplitNNClient - INFO - 22768 - phase=train acc=0.6143973214285714 loss=76.98039901256561 epoch=9 and step=70
2026-04-21 00:42:46,907 - SplitNNClient - INFO - 22768 - phase=train acc=0.6173828125 loss=86.95090436935425 epoch=9 and step=80
2026-04-21 00:42:48,523 - SplitNNClient - INFO - 22768 - phase=train acc=0.6183159722222222 loss=97.5014117360115 epoch=9 and step=90
2026-04-21 00:42:50,080 - SplitNNClient - INFO - 22768 - phase=train acc=0.61859375 loss=107.97985988855362 epoch=9 and step=100
2026-04-21 00:42:51,636 - SplitNNClient - INFO - 22768 - phase=train acc=0.6206676136363637 loss=118.55450069904327 epoch=9 and step=110
2026-04-21 00:42:53,328 - SplitNNClient - INFO - 22768 - phase=train acc=0.6216796875 loss=129.0070816874504 epoch=9 and step=120
2026-04-21 00:42:53,711 - FedServerManager - INFO - 22816 - get all model params ---- from rank fed_server
2026-04-21 00:43:06,015 - SplitNNClient - INFO - 22820 - phase=validation acc=0.492 loss=108.2989649772644 epoch=9 and step=79
2026-04-21 00:43:06,151 - SplitNNClient - INFO - 22768 - phase=validation acc=0.492 loss=108.2989649772644 epoch=9 and step=79
2026-04-21 00:43:06,231 - SplitNNClient - INFO - 22656 - phase=validation acc=0.492 loss=108.2989649772644 epoch=9 and step=79
2026-04-21 00:43:06,252 - SplitNNClient - INFO - 10748 - phase=validation acc=0.492 loss=108.2989649772644 epoch=9 and step=79
2026-04-21 00:43:06,329 - SplitNNClient - INFO - 24044 - phase=validation acc=0.492 loss=108.2989649772644 epoch=9 and step=79
2026-04-21 00:43:09,585 - SplitNNClient - INFO - 22820 - phase=train acc=0.58359375 loss=13.096640944480896 epoch=10 and step=10
2026-04-21 00:43:09,632 - SplitNNClient - INFO - 24044 - phase=train acc=0.47109375 loss=14.145885229110718 epoch=10 and step=10
2026-04-21 00:43:09,693 - SplitNNClient - INFO - 10748 - phase=train acc=0.55234375 loss=12.990273118019104 epoch=10 and step=10
2026-04-21 00:43:09,768 - SplitNNClient - INFO - 22656 - phase=train acc=0.55859375 loss=12.482211112976074 epoch=10 and step=10
2026-04-21 00:43:09,830 - SplitNNClient - INFO - 22768 - phase=train acc=0.6046875 loss=11.910823345184326 epoch=10 and step=10
2026-04-21 00:43:12,830 - SplitNNClient - INFO - 22820 - phase=train acc=0.5796875 loss=25.805932760238647 epoch=10 and step=20
2026-04-21 00:43:12,962 - SplitNNClient - INFO - 24044 - phase=train acc=0.497265625 loss=26.63224720954895 epoch=10 and step=20
2026-04-21 00:43:13,030 - SplitNNClient - INFO - 10748 - phase=train acc=0.578125 loss=24.2477707862854 epoch=10 and step=20
2026-04-21 00:43:13,096 - SplitNNClient - INFO - 22656 - phase=train acc=0.576953125 loss=23.931425094604492 epoch=10 and step=20
2026-04-21 00:43:13,242 - SplitNNClient - INFO - 22768 - phase=train acc=0.61796875 loss=22.546082675457 epoch=10 and step=20
2026-04-21 00:43:16,115 - SplitNNClient - INFO - 22820 - phase=train acc=0.57578125 loss=38.64853799343109 epoch=10 and step=30
2026-04-21 00:43:16,331 - SplitNNClient - INFO - 24044 - phase=train acc=0.5098958333333333 loss=38.519994497299194 epoch=10 and step=30
2026-04-21 00:43:16,373 - SplitNNClient - INFO - 10748 - phase=train acc=0.5731770833333333 loss=36.275134563446045 epoch=10 and step=30
2026-04-21 00:43:16,512 - SplitNNClient - INFO - 22656 - phase=train acc=0.5864583333333333 loss=34.69712841510773 epoch=10 and step=30
2026-04-21 00:43:16,587 - SplitNNClient - INFO - 22768 - phase=train acc=0.62109375 loss=33.57375079393387 epoch=10 and step=30
2026-04-21 00:43:19,459 - SplitNNClient - INFO - 22820 - phase=train acc=0.5767578125 loss=51.55708396434784 epoch=10 and step=40
2026-04-21 00:43:19,635 - SplitNNClient - INFO - 24044 - phase=train acc=0.515234375 loss=50.475536823272705 epoch=10 and step=40
2026-04-21 00:43:19,703 - SplitNNClient - INFO - 10748 - phase=train acc=0.5755859375 loss=47.83654606342316 epoch=10 and step=40
2026-04-21 00:43:19,846 - SplitNNClient - INFO - 22656 - phase=train acc=0.5904296875 loss=45.525520741939545 epoch=10 and step=40
2026-04-21 00:43:19,940 - SplitNNClient - INFO - 22768 - phase=train acc=0.6208984375 loss=44.06293994188309 epoch=10 and step=40
2026-04-21 00:43:22,931 - SplitNNClient - INFO - 22820 - phase=train acc=0.58859375 loss=62.78122615814209 epoch=10 and step=50
2026-04-21 00:43:23,138 - SplitNNClient - INFO - 22768 - phase=train acc=0.6203125 loss=54.5691402554512 epoch=10 and step=50
2026-04-21 00:43:23,216 - SplitNNClient - INFO - 24044 - phase=train acc=0.5246875 loss=61.99984514713287 epoch=10 and step=50
2026-04-21 00:43:23,323 - SplitNNClient - INFO - 10748 - phase=train acc=0.57484375 loss=59.77611589431763 epoch=10 and step=50
2026-04-21 00:43:23,396 - SplitNNClient - INFO - 22656 - phase=train acc=0.58859375 loss=56.52444225549698 epoch=10 and step=50
2026-04-21 00:43:25,888 - SplitNNClient - INFO - 22820 - phase=train acc=0.5893229166666667 loss=74.85151839256287 epoch=10 and step=60
2026-04-21 00:43:26,258 - SplitNNClient - INFO - 22768 - phase=train acc=0.6197916666666666 loss=65.27531522512436 epoch=10 and step=60
2026-04-21 00:43:26,326 - SplitNNClient - INFO - 10748 - phase=train acc=0.574609375 loss=71.77366209030151 epoch=10 and step=60
2026-04-21 00:43:26,394 - SplitNNClient - INFO - 22656 - phase=train acc=0.5923177083333333 loss=67.02633410692215 epoch=10 and step=60
2026-04-21 00:43:28,659 - SplitNNClient - INFO - 22820 - phase=train acc=0.5919642857142857 loss=86.75307214260101 epoch=10 and step=70
2026-04-21 00:43:28,997 - SplitNNClient - INFO - 22768 - phase=train acc=0.6213169642857143 loss=75.91942262649536 epoch=10 and step=70
2026-04-21 00:43:30,949 - SplitNNClient - INFO - 22768 - phase=train acc=0.62373046875 loss=85.98297202587128 epoch=10 and step=80
2026-04-21 00:43:32,564 - SplitNNClient - INFO - 22768 - phase=train acc=0.6234375 loss=96.41189020872116 epoch=10 and step=90
2026-04-21 00:43:34,426 - SplitNNClient - INFO - 22768 - phase=train acc=0.62453125 loss=106.63472712039948 epoch=10 and step=100
2026-04-21 00:43:36,009 - SplitNNClient - INFO - 22768 - phase=train acc=0.62734375 loss=116.43126785755157 epoch=10 and step=110
2026-04-21 00:43:37,593 - SplitNNClient - INFO - 22768 - phase=train acc=0.6283854166666667 loss=126.40436387062073 epoch=10 and step=120
2026-04-21 00:43:37,990 - FedServerManager - INFO - 22816 - get all model params ---- from rank fed_server
2026-04-21 00:43:50,366 - SplitNNClient - INFO - 22820 - phase=validation acc=0.5036 loss=104.35136675834656 epoch=10 and step=79
2026-04-21 00:43:50,524 - SplitNNClient - INFO - 22656 - phase=validation acc=0.5036 loss=104.35136675834656 epoch=10 and step=79
2026-04-21 00:43:50,595 - SplitNNClient - INFO - 10748 - phase=validation acc=0.5036 loss=104.35136675834656 epoch=10 and step=79
2026-04-21 00:43:50,747 - SplitNNClient - INFO - 24044 - phase=validation acc=0.5036 loss=104.35136675834656 epoch=10 and step=79
2026-04-21 00:43:50,759 - SplitNNClient - INFO - 22768 - phase=validation acc=0.5036 loss=104.35136675834656 epoch=10 and step=79
2026-04-21 00:43:53,955 - SplitNNClient - INFO - 22820 - phase=train acc=0.5609375 loss=13.232699990272522 epoch=11 and step=10
2026-04-21 00:43:54,025 - SplitNNClient - INFO - 24044 - phase=train acc=0.4484375 loss=14.685611605644226 epoch=11 and step=10
2026-04-21 00:43:54,096 - SplitNNClient - INFO - 22768 - phase=train acc=0.58125 loss=11.905815839767456 epoch=11 and step=10
2026-04-21 00:43:54,139 - SplitNNClient - INFO - 22656 - phase=train acc=0.57734375 loss=11.902603387832642 epoch=11 and step=10
2026-04-21 00:43:54,235 - SplitNNClient - INFO - 10748 - phase=train acc=0.5765625 loss=12.148283839225769 epoch=11 and step=10
2026-04-21 00:43:57,228 - SplitNNClient - INFO - 22820 - phase=train acc=0.58515625 loss=25.227760553359985 epoch=11 and step=20
2026-04-21 00:43:57,378 - SplitNNClient - INFO - 24044 - phase=train acc=0.48359375 loss=27.138614892959595 epoch=11 and step=20
2026-04-21 00:43:57,444 - SplitNNClient - INFO - 22768 - phase=train acc=0.60703125 loss=22.12494534254074 epoch=11 and step=20
2026-04-21 00:43:57,517 - SplitNNClient - INFO - 22656 - phase=train acc=0.58671875 loss=22.89494091272354 epoch=11 and step=20
2026-04-21 00:43:57,657 - SplitNNClient - INFO - 10748 - phase=train acc=0.58671875 loss=24.091490745544434 epoch=11 and step=20
2026-04-21 00:44:00,683 - SplitNNClient - INFO - 24044 - phase=train acc=0.5046875 loss=38.732375502586365 epoch=11 and step=30
2026-04-21 00:44:00,720 - SplitNNClient - INFO - 22820 - phase=train acc=0.59609375 loss=36.734089851379395 epoch=11 and step=30
2026-04-21 00:44:00,872 - SplitNNClient - INFO - 22768 - phase=train acc=0.6161458333333333 loss=32.897011518478394 epoch=11 and step=30
2026-04-21 00:44:00,944 - SplitNNClient - INFO - 22656 - phase=train acc=0.59140625 loss=33.78450125455856 epoch=11 and step=30
2026-04-21 00:44:01,126 - SplitNNClient - INFO - 10748 - phase=train acc=0.5877604166666667 loss=35.62078273296356 epoch=11 and step=30
2026-04-21 00:44:04,053 - SplitNNClient - INFO - 24044 - phase=train acc=0.51796875 loss=49.89552664756775 epoch=11 and step=40
2026-04-21 00:44:04,086 - SplitNNClient - INFO - 22820 - phase=train acc=0.59453125 loss=48.73116797208786 epoch=11 and step=40
2026-04-21 00:44:04,252 - SplitNNClient - INFO - 22768 - phase=train acc=0.623828125 loss=42.88082963228226 epoch=11 and step=40
2026-04-21 00:44:04,294 - SplitNNClient - INFO - 22656 - phase=train acc=0.5998046875 loss=44.06906181573868 epoch=11 and step=40
2026-04-21 00:44:04,508 - SplitNNClient - INFO - 10748 - phase=train acc=0.59375 loss=46.70280879735947 epoch=11 and step=40
2026-04-21 00:44:07,440 - SplitNNClient - INFO - 24044 - phase=train acc=0.52515625 loss=61.4311466217041 epoch=11 and step=50
2026-04-21 00:44:07,508 - SplitNNClient - INFO - 22820 - phase=train acc=0.5971875 loss=60.17375731468201 epoch=11 and step=50
2026-04-21 00:44:07,647 - SplitNNClient - INFO - 22768 - phase=train acc=0.6328125 loss=52.62694227695465 epoch=11 and step=50
2026-04-21 00:44:07,715 - SplitNNClient - INFO - 22656 - phase=train acc=0.59765625 loss=55.2438138127327 epoch=11 and step=50
2026-04-21 00:44:07,897 - SplitNNClient - INFO - 10748 - phase=train acc=0.59484375 loss=58.319630205631256 epoch=11 and step=50
2026-04-21 00:44:10,473 - SplitNNClient - INFO - 22820 - phase=train acc=0.596875 loss=72.3612961769104 epoch=11 and step=60
2026-04-21 00:44:10,646 - SplitNNClient - INFO - 22768 - phase=train acc=0.6369791666666667 loss=62.57261836528778 epoch=11 and step=60
2026-04-21 00:44:10,754 - SplitNNClient - INFO - 22656 - phase=train acc=0.60546875 loss=65.14917463064194 epoch=11 and step=60
2026-04-21 00:44:10,864 - SplitNNClient - INFO - 10748 - phase=train acc=0.5983072916666666 loss=69.556709587574 epoch=11 and step=60
2026-04-21 00:44:13,222 - SplitNNClient - INFO - 22820 - phase=train acc=0.596875 loss=84.5110182762146 epoch=11 and step=70
2026-04-21 00:44:13,396 - SplitNNClient - INFO - 22768 - phase=train acc=0.6366071428571428 loss=72.6625582575798 epoch=11 and step=70
2026-04-21 00:44:15,342 - SplitNNClient - INFO - 22768 - phase=train acc=0.6396484375 loss=82.64501786231995 epoch=11 and step=80
2026-04-21 00:44:16,886 - SplitNNClient - INFO - 22768 - phase=train acc=0.6411458333333333 loss=92.74857920408249 epoch=11 and step=90
2026-04-21 00:44:18,671 - SplitNNClient - INFO - 22768 - phase=train acc=0.64171875 loss=102.77305990457535 epoch=11 and step=100
2026-04-21 00:44:20,462 - SplitNNClient - INFO - 22768 - phase=train acc=0.6416903409090909 loss=112.83110958337784 epoch=11 and step=110
2026-04-21 00:44:22,069 - SplitNNClient - INFO - 22768 - phase=train acc=0.6431640625 loss=122.51281744241714 epoch=11 and step=120
2026-04-21 00:44:22,424 - FedServerManager - INFO - 22816 - get all model params ---- from rank fed_server
2026-04-21 00:44:34,750 - SplitNNClient - INFO - 22820 - phase=validation acc=0.521 loss=101.49150347709656 epoch=11 and step=79
2026-04-21 00:44:35,004 - SplitNNClient - INFO - 22768 - phase=validation acc=0.521 loss=101.49150347709656 epoch=11 and step=79
2026-04-21 00:44:35,080 - SplitNNClient - INFO - 22656 - phase=validation acc=0.521 loss=101.49150347709656 epoch=11 and step=79
2026-04-21 00:44:35,114 - SplitNNClient - INFO - 24044 - phase=validation acc=0.521 loss=101.49150347709656 epoch=11 and step=79
2026-04-21 00:44:35,223 - SplitNNClient - INFO - 10748 - phase=validation acc=0.521 loss=101.49150347709656 epoch=11 and step=79
2026-04-21 00:44:38,529 - SplitNNClient - INFO - 22820 - phase=train acc=0.58984375 loss=12.32071602344513 epoch=12 and step=10
2026-04-21 00:44:38,599 - SplitNNClient - INFO - 22656 - phase=train acc=0.60234375 loss=11.14901602268219 epoch=12 and step=10
2026-04-21 00:44:38,663 - SplitNNClient - INFO - 24044 - phase=train acc=0.4921875 loss=13.551169157028198 epoch=12 and step=10
2026-04-21 00:44:38,738 - SplitNNClient - INFO - 10748 - phase=train acc=0.62734375 loss=11.201751172542572 epoch=12 and step=10
2026-04-21 00:44:38,811 - SplitNNClient - INFO - 22768 - phase=train acc=0.625 loss=11.158245205879211 epoch=12 and step=10
2026-04-21 00:44:41,805 - SplitNNClient - INFO - 22820 - phase=train acc=0.590234375 loss=24.37242865562439 epoch=12 and step=20
2026-04-21 00:44:41,950 - SplitNNClient - INFO - 22656 - phase=train acc=0.59609375 loss=22.564000964164734 epoch=12 and step=20
2026-04-21 00:44:42,009 - SplitNNClient - INFO - 24044 - phase=train acc=0.524609375 loss=25.329161405563354 epoch=12 and step=20
2026-04-21 00:44:42,147 - SplitNNClient - INFO - 10748 - phase=train acc=0.608203125 loss=22.64611440896988 epoch=12 and step=20
2026-04-21 00:44:42,215 - SplitNNClient - INFO - 22768 - phase=train acc=0.63515625 loss=21.20031303167343 epoch=12 and step=20
2026-04-21 00:44:45,092 - SplitNNClient - INFO - 22820 - phase=train acc=0.6057291666666667 loss=35.44046485424042 epoch=12 and step=30
2026-04-21 00:44:45,300 - SplitNNClient - INFO - 22656 - phase=train acc=0.60546875 loss=33.332320749759674 epoch=12 and step=30
2026-04-21 00:44:45,377 - SplitNNClient - INFO - 24044 - phase=train acc=0.5213541666666667 loss=37.49593675136566 epoch=12 and step=30
2026-04-21 00:44:45,485 - SplitNNClient - INFO - 10748 - phase=train acc=0.5895833333333333 loss=35.08699804544449 epoch=12 and step=30
2026-04-21 00:44:45,525 - SplitNNClient - INFO - 22768 - phase=train acc=0.65078125 loss=30.493329405784607 epoch=12 and step=30
2026-04-21 00:44:48,474 - SplitNNClient - INFO - 22820 - phase=train acc=0.614453125 loss=46.53925496339798 epoch=12 and step=40
2026-04-21 00:44:48,656 - SplitNNClient - INFO - 22656 - phase=train acc=0.6107421875 loss=43.81973260641098 epoch=12 and step=40
2026-04-21 00:44:48,735 - SplitNNClient - INFO - 24044 - phase=train acc=0.526953125 loss=48.937599301338196 epoch=12 and step=40
2026-04-21 00:44:48,852 - SplitNNClient - INFO - 22768 - phase=train acc=0.65234375 loss=40.360170781612396 epoch=12 and step=40
2026-04-21 00:44:48,912 - SplitNNClient - INFO - 10748 - phase=train acc=0.593359375 loss=46.095559775829315 epoch=12 and step=40
2026-04-21 00:44:51,790 - SplitNNClient - INFO - 22820 - phase=train acc=0.61203125 loss=58.686547100543976 epoch=12 and step=50
2026-04-21 00:44:52,007 - SplitNNClient - INFO - 22656 - phase=train acc=0.6159375 loss=53.78611886501312 epoch=12 and step=50
2026-04-21 00:44:52,082 - SplitNNClient - INFO - 24044 - phase=train acc=0.53546875 loss=60.02688145637512 epoch=12 and step=50
2026-04-21 00:44:52,195 - SplitNNClient - INFO - 22768 - phase=train acc=0.655625 loss=50.00342673063278 epoch=12 and step=50
2026-04-21 00:44:52,270 - SplitNNClient - INFO - 10748 - phase=train acc=0.596875 loss=56.85477113723755 epoch=12 and step=50
2026-04-21 00:44:54,943 - SplitNNClient - INFO - 22820 - phase=train acc=0.6139322916666666 loss=69.93758517503738 epoch=12 and step=60
2026-04-21 00:44:55,157 - SplitNNClient - INFO - 22656 - phase=train acc=0.61640625 loss=64.31640833616257 epoch=12 and step=60
2026-04-21 00:44:55,300 - SplitNNClient - INFO - 22768 - phase=train acc=0.65078125 loss=60.533898770809174 epoch=12 and step=60
2026-04-21 00:44:55,344 - SplitNNClient - INFO - 10748 - phase=train acc=0.5997395833333333 loss=67.93866384029388 epoch=12 and step=60
2026-04-21 00:44:57,845 - SplitNNClient - INFO - 22820 - phase=train acc=0.6171875 loss=81.22822004556656 epoch=12 and step=70
2026-04-21 00:44:58,014 - SplitNNClient - INFO - 22768 - phase=train acc=0.6521205357142857 loss=70.26983052492142 epoch=12 and step=70
2026-04-21 00:44:59,907 - SplitNNClient - INFO - 22768 - phase=train acc=0.6533203125 loss=79.95332807302475 epoch=12 and step=80
2026-04-21 00:45:01,494 - SplitNNClient - INFO - 22768 - phase=train acc=0.65625 loss=89.37423872947693 epoch=12 and step=90
2026-04-21 00:45:03,141 - SplitNNClient - INFO - 22768 - phase=train acc=0.65703125 loss=98.95304667949677 epoch=12 and step=100
2026-04-21 00:45:04,781 - SplitNNClient - INFO - 22768 - phase=train acc=0.6591619318181818 loss=108.36468183994293 epoch=12 and step=110
2026-04-21 00:45:06,511 - SplitNNClient - INFO - 22768 - phase=train acc=0.6583984375 loss=118.01419681310654 epoch=12 and step=120
2026-04-21 00:45:06,897 - FedServerManager - INFO - 22816 - get all model params ---- from rank fed_server
2026-04-21 00:45:19,141 - SplitNNClient - INFO - 22820 - phase=validation acc=0.5446 loss=96.92298626899719 epoch=12 and step=79
2026-04-21 00:45:19,647 - SplitNNClient - INFO - 22656 - phase=validation acc=0.5446 loss=96.92298626899719 epoch=12 and step=79
2026-04-21 00:45:19,664 - SplitNNClient - INFO - 22768 - phase=validation acc=0.5446 loss=96.92298626899719 epoch=12 and step=79
2026-04-21 00:45:19,687 - SplitNNClient - INFO - 24044 - phase=validation acc=0.5446 loss=96.92298626899719 epoch=12 and step=79
2026-04-21 00:45:19,712 - SplitNNClient - INFO - 10748 - phase=validation acc=0.5446 loss=96.92298626899719 epoch=12 and step=79
2026-04-21 00:45:22,869 - SplitNNClient - INFO - 22820 - phase=train acc=0.5890625 loss=12.270994246006012 epoch=13 and step=10
2026-04-21 00:45:22,974 - SplitNNClient - INFO - 22768 - phase=train acc=0.64375 loss=10.375443398952484 epoch=13 and step=10
2026-04-21 00:45:23,047 - SplitNNClient - INFO - 22656 - phase=train acc=0.59296875 loss=11.804480075836182 epoch=13 and step=10
2026-04-21 00:45:23,114 - SplitNNClient - INFO - 24044 - phase=train acc=0.509375 loss=13.497118353843689 epoch=13 and step=10
2026-04-21 00:45:23,257 - SplitNNClient - INFO - 10748 - phase=train acc=0.61015625 loss=11.414248526096344 epoch=13 and step=10
2026-04-21 00:45:26,161 - SplitNNClient - INFO - 22820 - phase=train acc=0.596875 loss=23.616221487522125 epoch=13 and step=20
2026-04-21 00:45:26,271 - SplitNNClient - INFO - 22768 - phase=train acc=0.658203125 loss=19.97724586725235 epoch=13 and step=20
2026-04-21 00:45:26,373 - SplitNNClient - INFO - 22656 - phase=train acc=0.6171875 loss=21.836019575595856 epoch=13 and step=20
2026-04-21 00:45:26,441 - SplitNNClient - INFO - 24044 - phase=train acc=0.534765625 loss=24.807050824165344 epoch=13 and step=20
2026-04-21 00:45:26,580 - SplitNNClient - INFO - 10748 - phase=train acc=0.612109375 loss=22.218162059783936 epoch=13 and step=20
2026-04-21 00:45:29,477 - SplitNNClient - INFO - 22820 - phase=train acc=0.6036458333333333 loss=34.811411917209625 epoch=13 and step=30
2026-04-21 00:45:29,591 - SplitNNClient - INFO - 22768 - phase=train acc=0.6591145833333333 loss=29.588916540145874 epoch=13 and step=30
2026-04-21 00:45:29,662 - SplitNNClient - INFO - 22656 - phase=train acc=0.6231770833333333 loss=31.99830675125122 epoch=13 and step=30
2026-04-21 00:45:29,739 - SplitNNClient - INFO - 24044 - phase=train acc=0.5473958333333333 loss=36.094947159290314 epoch=13 and step=30
2026-04-21 00:45:29,860 - SplitNNClient - INFO - 10748 - phase=train acc=0.6104166666666667 loss=33.65994143486023 epoch=13 and step=30
2026-04-21 00:45:32,910 - SplitNNClient - INFO - 22768 - phase=train acc=0.665625 loss=38.67048269510269 epoch=13 and step=40
2026-04-21 00:45:32,983 - SplitNNClient - INFO - 22820 - phase=train acc=0.6056640625 loss=46.35090619325638 epoch=13 and step=40
2026-04-21 00:45:33,091 - SplitNNClient - INFO - 22656 - phase=train acc=0.6306640625 loss=41.63400512933731 epoch=13 and step=40
2026-04-21 00:45:33,161 - SplitNNClient - INFO - 24044 - phase=train acc=0.55 loss=47.559185564517975 epoch=13 and step=40
2026-04-21 00:45:33,353 - SplitNNClient - INFO - 10748 - phase=train acc=0.61640625 loss=44.11821812391281 epoch=13 and step=40
2026-04-21 00:45:36,206 - SplitNNClient - INFO - 22820 - phase=train acc=0.6159375 loss=57.02930682897568 epoch=13 and step=50
2026-04-21 00:45:36,273 - SplitNNClient - INFO - 22768 - phase=train acc=0.66984375 loss=47.85469025373459 epoch=13 and step=50
2026-04-21 00:45:36,417 - SplitNNClient - INFO - 22656 - phase=train acc=0.6278125 loss=52.24993675947189 epoch=13 and step=50
2026-04-21 00:45:36,465 - SplitNNClient - INFO - 24044 - phase=train acc=0.555625 loss=58.622290194034576 epoch=13 and step=50
2026-04-21 00:45:36,677 - SplitNNClient - INFO - 10748 - phase=train acc=0.62109375 loss=54.38227045536041 epoch=13 and step=50
2026-04-21 00:45:39,255 - SplitNNClient - INFO - 22820 - phase=train acc=0.61875 loss=68.15297871828079 epoch=13 and step=60
2026-04-21 00:45:39,396 - SplitNNClient - INFO - 22768 - phase=train acc=0.6677083333333333 loss=57.73825991153717 epoch=13 and step=60
2026-04-21 00:45:39,574 - SplitNNClient - INFO - 22656 - phase=train acc=0.633203125 loss=62.05559194087982 epoch=13 and step=60
2026-04-21 00:45:39,749 - SplitNNClient - INFO - 10748 - phase=train acc=0.6217447916666666 loss=64.91633725166321 epoch=13 and step=60
2026-04-21 00:45:41,937 - SplitNNClient - INFO - 22820 - phase=train acc=0.6203125 loss=79.28216052055359 epoch=13 and step=70
2026-04-21 00:45:42,112 - SplitNNClient - INFO - 22768 - phase=train acc=0.6689732142857143 loss=67.04393666982651 epoch=13 and step=70
2026-04-21 00:45:44,007 - SplitNNClient - INFO - 22768 - phase=train acc=0.6703125 loss=76.1870127916336 epoch=13 and step=80
2026-04-21 00:45:45,797 - SplitNNClient - INFO - 22768 - phase=train acc=0.67109375 loss=85.4349895119667 epoch=13 and step=90
2026-04-21 00:45:47,529 - SplitNNClient - INFO - 22768 - phase=train acc=0.669609375 loss=95.43095886707306 epoch=13 and step=100
2026-04-21 00:45:49,108 - SplitNNClient - INFO - 22768 - phase=train acc=0.66796875 loss=104.8891014456749 epoch=13 and step=110
2026-04-21 00:45:50,715 - SplitNNClient - INFO - 22768 - phase=train acc=0.6690104166666667 loss=114.13159358501434 epoch=13 and step=120
2026-04-21 00:45:51,148 - FedServerManager - INFO - 22816 - get all model params ---- from rank fed_server
2026-04-21 00:46:03,511 - SplitNNClient - INFO - 22820 - phase=validation acc=0.5699 loss=90.62277400493622 epoch=13 and step=79
2026-04-21 00:46:03,672 - SplitNNClient - INFO - 22768 - phase=validation acc=0.5699 loss=90.62277400493622 epoch=13 and step=79
2026-04-21 00:46:03,681 - SplitNNClient - INFO - 10748 - phase=validation acc=0.5699 loss=90.62277400493622 epoch=13 and step=79
2026-04-21 00:46:03,715 - SplitNNClient - INFO - 22656 - phase=validation acc=0.5699 loss=90.62277400493622 epoch=13 and step=79
2026-04-21 00:46:03,723 - SplitNNClient - INFO - 24044 - phase=validation acc=0.5699 loss=90.62277400493622 epoch=13 and step=79
2026-04-21 00:46:06,946 - SplitNNClient - INFO - 22820 - phase=train acc=0.60546875 loss=12.354079842567444 epoch=14 and step=10
2026-04-21 00:46:06,987 - SplitNNClient - INFO - 22768 - phase=train acc=0.61484375 loss=11.033983767032623 epoch=14 and step=10
2026-04-21 00:46:07,056 - SplitNNClient - INFO - 22656 - phase=train acc=0.5859375 loss=11.517448008060455 epoch=14 and step=10
2026-04-21 00:46:07,133 - SplitNNClient - INFO - 24044 - phase=train acc=0.52109375 loss=13.085130453109741 epoch=14 and step=10
2026-04-21 00:46:07,198 - SplitNNClient - INFO - 10748 - phase=train acc=0.6125 loss=11.282860398292542 epoch=14 and step=10
2026-04-21 00:46:10,190 - SplitNNClient - INFO - 22820 - phase=train acc=0.6171875 loss=23.861130356788635 epoch=14 and step=20
2026-04-21 00:46:10,362 - SplitNNClient - INFO - 22768 - phase=train acc=0.640234375 loss=20.379039883613586 epoch=14 and step=20
2026-04-21 00:46:10,424 - SplitNNClient - INFO - 22656 - phase=train acc=0.616796875 loss=20.947162628173828 epoch=14 and step=20
2026-04-21 00:46:10,502 - SplitNNClient - INFO - 24044 - phase=train acc=0.532421875 loss=24.847929894924164 epoch=14 and step=20
2026-04-21 00:46:10,752 - SplitNNClient - INFO - 10748 - phase=train acc=0.624609375 loss=21.719466865062714 epoch=14 and step=20
2026-04-21 00:46:13,564 - SplitNNClient - INFO - 22820 - phase=train acc=0.621875 loss=34.95446848869324 epoch=14 and step=30
2026-04-21 00:46:13,775 - SplitNNClient - INFO - 22768 - phase=train acc=0.6546875 loss=29.58645260334015 epoch=14 and step=30
2026-04-21 00:46:13,844 - SplitNNClient - INFO - 22656 - phase=train acc=0.63203125 loss=30.83046656847 epoch=14 and step=30
2026-04-21 00:46:13,996 - SplitNNClient - INFO - 24044 - phase=train acc=0.5421875 loss=35.85989409685135 epoch=14 and step=30
2026-04-21 00:46:14,046 - SplitNNClient - INFO - 10748 - phase=train acc=0.6192708333333333 loss=32.775349259376526 epoch=14 and step=30
2026-04-21 00:46:16,915 - SplitNNClient - INFO - 22820 - phase=train acc=0.6271484375 loss=45.5985894203186 epoch=14 and step=40
2026-04-21 00:46:17,131 - SplitNNClient - INFO - 22768 - phase=train acc=0.6623046875 loss=38.54857039451599 epoch=14 and step=40
2026-04-21 00:46:17,201 - SplitNNClient - INFO - 22656 - phase=train acc=0.63359375 loss=40.91610133647919 epoch=14 and step=40
2026-04-21 00:46:17,318 - SplitNNClient - INFO - 24044 - phase=train acc=0.5515625 loss=46.73851031064987 epoch=14 and step=40
2026-04-21 00:46:17,396 - SplitNNClient - INFO - 10748 - phase=train acc=0.6220703125 loss=43.04562282562256 epoch=14 and step=40
2026-04-21 00:46:20,291 - SplitNNClient - INFO - 22820 - phase=train acc=0.6296875 loss=56.39908456802368 epoch=14 and step=50
2026-04-21 00:46:20,500 - SplitNNClient - INFO - 22768 - phase=train acc=0.66546875 loss=47.50564634799957 epoch=14 and step=50
2026-04-21 00:46:20,579 - SplitNNClient - INFO - 22656 - phase=train acc=0.64203125 loss=49.96731758117676 epoch=14 and step=50
2026-04-21 00:46:20,718 - SplitNNClient - INFO - 24044 - phase=train acc=0.5534375 loss=58.128935635089874 epoch=14 and step=50
2026-04-21 00:46:20,789 - SplitNNClient - INFO - 10748 - phase=train acc=0.6221875 loss=53.80119013786316 epoch=14 and step=50
2026-04-21 00:46:23,434 - SplitNNClient - INFO - 22820 - phase=train acc=0.6291666666666667 loss=67.46059858798981 epoch=14 and step=60
2026-04-21 00:46:23,603 - SplitNNClient - INFO - 22768 - phase=train acc=0.6680989583333333 loss=56.78168845176697 epoch=14 and step=60
2026-04-21 00:46:23,740 - SplitNNClient - INFO - 22656 - phase=train acc=0.6381510416666667 loss=60.09081780910492 epoch=14 and step=60
2026-04-21 00:46:23,815 - SplitNNClient - INFO - 10748 - phase=train acc=0.6260416666666667 loss=64.36557346582413 epoch=14 and step=60
2026-04-21 00:46:26,096 - SplitNNClient - INFO - 22820 - phase=train acc=0.6291294642857143 loss=78.32887303829193 epoch=14 and step=70
2026-04-21 00:46:26,247 - SplitNNClient - INFO - 22768 - phase=train acc=0.6736607142857143 loss=65.37878221273422 epoch=14 and step=70
2026-04-21 00:46:28,120 - SplitNNClient - INFO - 22768 - phase=train acc=0.6755859375 loss=74.20685225725174 epoch=14 and step=80
2026-04-21 00:46:29,756 - SplitNNClient - INFO - 22768 - phase=train acc=0.6744791666666666 loss=83.7425736784935 epoch=14 and step=90
2026-04-21 00:46:31,406 - SplitNNClient - INFO - 22768 - phase=train acc=0.674375 loss=93.2193386554718 epoch=14 and step=100
2026-04-21 00:46:33,079 - SplitNNClient - INFO - 22768 - phase=train acc=0.675 loss=102.12485975027084 epoch=14 and step=110
2026-04-21 00:46:34,902 - SplitNNClient - INFO - 22768 - phase=train acc=0.675390625 loss=111.29383915662766 epoch=14 and step=120
2026-04-21 00:46:35,339 - FedServerManager - INFO - 22816 - get all model params ---- from rank fed_server
2026-04-21 00:46:47,533 - SplitNNClient - INFO - 24044 - phase=validation acc=0.569 loss=89.49793028831482 epoch=14 and step=79
2026-04-21 00:46:47,549 - SplitNNClient - INFO - 22820 - phase=validation acc=0.569 loss=89.49793028831482 epoch=14 and step=79
2026-04-21 00:46:47,572 - SplitNNClient - INFO - 10748 - phase=validation acc=0.569 loss=89.49793028831482 epoch=14 and step=79
2026-04-21 00:46:47,638 - SplitNNClient - INFO - 22768 - phase=validation acc=0.569 loss=89.49793028831482 epoch=14 and step=79
2026-04-21 00:46:47,658 - SplitNNClient - INFO - 22656 - phase=validation acc=0.569 loss=89.49793028831482 epoch=14 and step=79
2026-04-21 00:46:50,902 - SplitNNClient - INFO - 22768 - phase=train acc=0.62421875 loss=10.41405999660492 epoch=15 and step=10
2026-04-21 00:46:50,975 - SplitNNClient - INFO - 22820 - phase=train acc=0.60390625 loss=12.01071548461914 epoch=15 and step=10
2026-04-21 00:46:51,095 - SplitNNClient - INFO - 22656 - phase=train acc=0.64375 loss=10.087979555130005 epoch=15 and step=10
2026-04-21 00:46:51,162 - SplitNNClient - INFO - 24044 - phase=train acc=0.50546875 loss=13.192852139472961 epoch=15 and step=10
2026-04-21 00:46:51,350 - SplitNNClient - INFO - 10748 - phase=train acc=0.65078125 loss=10.582076489925385 epoch=15 and step=10
2026-04-21 00:46:54,177 - SplitNNClient - INFO - 22768 - phase=train acc=0.6484375 loss=19.812003433704376 epoch=15 and step=20
2026-04-21 00:46:54,273 - SplitNNClient - INFO - 22820 - phase=train acc=0.618359375 loss=23.28899347782135 epoch=15 and step=20
2026-04-21 00:46:54,415 - SplitNNClient - INFO - 22656 - phase=train acc=0.643359375 loss=20.0905402302742 epoch=15 and step=20
2026-04-21 00:46:54,486 - SplitNNClient - INFO - 24044 - phase=train acc=0.53671875 loss=24.501073122024536 epoch=15 and step=20
2026-04-21 00:46:54,678 - SplitNNClient - INFO - 10748 - phase=train acc=0.63671875 loss=21.249998569488525 epoch=15 and step=20
2026-04-21 00:46:57,529 - SplitNNClient - INFO - 22768 - phase=train acc=0.6645833333333333 loss=28.67149645090103 epoch=15 and step=30
2026-04-21 00:46:57,604 - SplitNNClient - INFO - 22820 - phase=train acc=0.62421875 loss=34.13685941696167 epoch=15 and step=30
2026-04-21 00:46:57,739 - SplitNNClient - INFO - 22656 - phase=train acc=0.646875 loss=29.801357865333557 epoch=15 and step=30
2026-04-21 00:46:57,782 - SplitNNClient - INFO - 24044 - phase=train acc=0.5432291666666667 loss=35.9324871301651 epoch=15 and step=30
2026-04-21 00:46:57,989 - SplitNNClient - INFO - 10748 - phase=train acc=0.6369791666666667 loss=31.247336864471436 epoch=15 and step=30
2026-04-21 00:47:00,860 - SplitNNClient - INFO - 22768 - phase=train acc=0.673046875 loss=37.29677075147629 epoch=15 and step=40
2026-04-21 00:47:00,925 - SplitNNClient - INFO - 22820 - phase=train acc=0.626171875 loss=45.0214706659317 epoch=15 and step=40
2026-04-21 00:47:01,075 - SplitNNClient - INFO - 24044 - phase=train acc=0.55546875 loss=46.77518367767334 epoch=15 and step=40
2026-04-21 00:47:01,122 - SplitNNClient - INFO - 22656 - phase=train acc=0.6466796875 loss=39.44564360380173 epoch=15 and step=40
2026-04-21 00:47:01,331 - SplitNNClient - INFO - 10748 - phase=train acc=0.640234375 loss=41.38302171230316 epoch=15 and step=40
2026-04-21 00:47:04,180 - SplitNNClient - INFO - 22820 - phase=train acc=0.62640625 loss=55.988537311553955 epoch=15 and step=50
2026-04-21 00:47:04,255 - SplitNNClient - INFO - 22768 - phase=train acc=0.675 loss=46.377319395542145 epoch=15 and step=50
2026-04-21 00:47:04,364 - SplitNNClient - INFO - 24044 - phase=train acc=0.564375 loss=57.40396249294281 epoch=15 and step=50
2026-04-21 00:47:04,437 - SplitNNClient - INFO - 22656 - phase=train acc=0.64984375 loss=48.87712347507477 epoch=15 and step=50
2026-04-21 00:47:04,656 - SplitNNClient - INFO - 10748 - phase=train acc=0.6421875 loss=51.59689658880234 epoch=15 and step=50
2026-04-21 00:47:07,265 - SplitNNClient - INFO - 22820 - phase=train acc=0.6291666666666667 loss=66.61634355783463 epoch=15 and step=60
2026-04-21 00:47:07,441 - SplitNNClient - INFO - 22768 - phase=train acc=0.678515625 loss=55.21327501535416 epoch=15 and step=60
2026-04-21 00:47:07,624 - SplitNNClient - INFO - 22656 - phase=train acc=0.64921875 loss=58.59619051218033 epoch=15 and step=60
2026-04-21 00:47:07,867 - SplitNNClient - INFO - 10748 - phase=train acc=0.6390625 loss=62.18454909324646 epoch=15 and step=60
2026-04-21 00:47:10,018 - SplitNNClient - INFO - 22820 - phase=train acc=0.6330357142857143 loss=77.10006040334702 epoch=15 and step=70
2026-04-21 00:47:10,188 - SplitNNClient - INFO - 22768 - phase=train acc=0.6806919642857143 loss=63.96749448776245 epoch=15 and step=70
2026-04-21 00:47:12,150 - SplitNNClient - INFO - 22768 - phase=train acc=0.6818359375 loss=72.83404237031937 epoch=15 and step=80
2026-04-21 00:47:13,787 - SplitNNClient - INFO - 22768 - phase=train acc=0.6839409722222223 loss=81.60342222452164 epoch=15 and step=90
2026-04-21 00:47:15,571 - SplitNNClient - INFO - 22768 - phase=train acc=0.68703125 loss=90.43827885389328 epoch=15 and step=100
2026-04-21 00:47:17,124 - SplitNNClient - INFO - 22768 - phase=train acc=0.6852272727272727 loss=99.56830161809921 epoch=15 and step=110
2026-04-21 00:47:18,704 - SplitNNClient - INFO - 22768 - phase=train acc=0.6865234375 loss=108.36526364088058 epoch=15 and step=120
2026-04-21 00:47:19,102 - FedServerManager - INFO - 22816 - get all model params ---- from rank fed_server
2026-04-21 00:47:31,118 - SplitNNClient - INFO - 22820 - phase=validation acc=0.5973 loss=86.01999789476395 epoch=15 and step=79
2026-04-21 00:47:31,355 - SplitNNClient - INFO - 10748 - phase=validation acc=0.5973 loss=86.01999789476395 epoch=15 and step=79
2026-04-21 00:47:31,389 - SplitNNClient - INFO - 24044 - phase=validation acc=0.5973 loss=86.01999789476395 epoch=15 and step=79
2026-04-21 00:47:31,441 - SplitNNClient - INFO - 22768 - phase=validation acc=0.5973 loss=86.01999789476395 epoch=15 and step=79
2026-04-21 00:47:31,630 - SplitNNClient - INFO - 22656 - phase=validation acc=0.5973 loss=86.01999789476395 epoch=15 and step=79
2026-04-21 00:47:34,725 - SplitNNClient - INFO - 24044 - phase=train acc=0.54609375 loss=12.599391341209412 epoch=16 and step=10
2026-04-21 00:47:34,792 - SplitNNClient - INFO - 10748 - phase=train acc=0.63046875 loss=10.073938369750977 epoch=16 and step=10
2026-04-21 00:47:34,857 - SplitNNClient - INFO - 22656 - phase=train acc=0.62578125 loss=10.507784962654114 epoch=16 and step=10
2026-04-21 00:47:34,930 - SplitNNClient - INFO - 22768 - phase=train acc=0.66484375 loss=9.893950700759888 epoch=16 and step=10
2026-04-21 00:47:34,972 - SplitNNClient - INFO - 22820 - phase=train acc=0.59609375 loss=12.048579931259155 epoch=16 and step=10
2026-04-21 00:47:38,059 - SplitNNClient - INFO - 24044 - phase=train acc=0.55078125 loss=24.565749406814575 epoch=16 and step=20
2026-04-21 00:47:38,105 - SplitNNClient - INFO - 10748 - phase=train acc=0.639453125 loss=19.888349413871765 epoch=16 and step=20
2026-04-21 00:47:38,170 - SplitNNClient - INFO - 22656 - phase=train acc=0.653125 loss=19.407796502113342 epoch=16 and step=20
2026-04-21 00:47:38,244 - SplitNNClient - INFO - 22768 - phase=train acc=0.67890625 loss=19.062150299549103 epoch=16 and step=20
2026-04-21 00:47:38,307 - SplitNNClient - INFO - 22820 - phase=train acc=0.615625 loss=23.150253415107727 epoch=16 and step=20
2026-04-21 00:47:41,355 - SplitNNClient - INFO - 24044 - phase=train acc=0.55390625 loss=36.077983021736145 epoch=16 and step=30
2026-04-21 00:47:41,428 - SplitNNClient - INFO - 10748 - phase=train acc=0.6432291666666666 loss=30.10067194700241 epoch=16 and step=30
2026-04-21 00:47:41,472 - SplitNNClient - INFO - 22656 - phase=train acc=0.6458333333333334 loss=29.125456869602203 epoch=16 and step=30
2026-04-21 00:47:41,541 - SplitNNClient - INFO - 22768 - phase=train acc=0.6807291666666667 loss=28.25075054168701 epoch=16 and step=30
2026-04-21 00:47:41,614 - SplitNNClient - INFO - 22820 - phase=train acc=0.6299479166666667 loss=33.62347251176834 epoch=16 and step=30
2026-04-21 00:47:44,758 - SplitNNClient - INFO - 24044 - phase=train acc=0.5650390625 loss=46.27514761686325 epoch=16 and step=40
2026-04-21 00:47:44,832 - SplitNNClient - INFO - 22768 - phase=train acc=0.68046875 loss=37.35026252269745 epoch=16 and step=40
2026-04-21 00:47:44,904 - SplitNNClient - INFO - 22656 - phase=train acc=0.651171875 loss=38.609583258628845 epoch=16 and step=40
2026-04-21 00:47:44,978 - SplitNNClient - INFO - 10748 - phase=train acc=0.6505859375 loss=39.64863646030426 epoch=16 and step=40
2026-04-21 00:47:45,020 - SplitNNClient - INFO - 22820 - phase=train acc=0.6376953125 loss=43.908177971839905 epoch=16 and step=40
2026-04-21 00:47:48,058 - SplitNNClient - INFO - 24044 - phase=train acc=0.570625 loss=56.72003901004791 epoch=16 and step=50
2026-04-21 00:47:48,195 - SplitNNClient - INFO - 22768 - phase=train acc=0.68296875 loss=46.511014223098755 epoch=16 and step=50
2026-04-21 00:47:48,267 - SplitNNClient - INFO - 22656 - phase=train acc=0.6559375 loss=47.836771965026855 epoch=16 and step=50
2026-04-21 00:47:48,338 - SplitNNClient - INFO - 22820 - phase=train acc=0.63984375 loss=54.24885731935501 epoch=16 and step=50
2026-04-21 00:47:48,454 - SplitNNClient - INFO - 10748 - phase=train acc=0.651875 loss=49.41366899013519 epoch=16 and step=50
2026-04-21 00:47:51,150 - SplitNNClient - INFO - 22768 - phase=train acc=0.6852864583333333 loss=55.2814080119133 epoch=16 and step=60
2026-04-21 00:47:51,217 - SplitNNClient - INFO - 22820 - phase=train acc=0.639453125 loss=64.90640240907669 epoch=16 and step=60
2026-04-21 00:47:51,396 - SplitNNClient - INFO - 22656 - phase=train acc=0.6576822916666667 loss=57.323442816734314 epoch=16 and step=60
2026-04-21 00:47:51,556 - SplitNNClient - INFO - 10748 - phase=train acc=0.65234375 loss=59.391412913799286 epoch=16 and step=60
2026-04-21 00:47:53,930 - SplitNNClient - INFO - 22768 - phase=train acc=0.6878348214285714 loss=63.47495627403259 epoch=16 and step=70
2026-04-21 00:47:54,028 - SplitNNClient - INFO - 22820 - phase=train acc=0.6424107142857143 loss=74.89110064506531 epoch=16 and step=70
2026-04-21 00:47:55,938 - SplitNNClient - INFO - 22768 - phase=train acc=0.688671875 loss=72.1190157532692 epoch=16 and step=80
2026-04-21 00:47:57,729 - SplitNNClient - INFO - 22768 - phase=train acc=0.6885416666666667 loss=81.19153308868408 epoch=16 and step=90
2026-04-21 00:47:59,276 - SplitNNClient - INFO - 22768 - phase=train acc=0.689921875 loss=89.60260689258575 epoch=16 and step=100
2026-04-21 00:48:00,883 - SplitNNClient - INFO - 22768 - phase=train acc=0.690625 loss=98.19224339723587 epoch=16 and step=110
2026-04-21 00:48:02,564 - SplitNNClient - INFO - 22768 - phase=train acc=0.692578125 loss=106.44828832149506 epoch=16 and step=120
2026-04-21 00:48:02,958 - FedServerManager - INFO - 22816 - get all model params ---- from rank fed_server
2026-04-21 00:48:16,215 - SplitNNClient - INFO - 22820 - phase=validation acc=0.6068 loss=84.31088441610336 epoch=16 and step=79
2026-04-21 00:48:16,788 - SplitNNClient - INFO - 22656 - phase=validation acc=0.6068 loss=84.31088441610336 epoch=16 and step=79
2026-04-21 00:48:16,796 - SplitNNClient - INFO - 24044 - phase=validation acc=0.6068 loss=84.31088441610336 epoch=16 and step=79
2026-04-21 00:48:16,855 - SplitNNClient - INFO - 22768 - phase=validation acc=0.6068 loss=84.31088441610336 epoch=16 and step=79
2026-04-21 00:48:16,863 - SplitNNClient - INFO - 10748 - phase=validation acc=0.6068 loss=84.31088441610336 epoch=16 and step=79
2026-04-21 00:48:20,338 - SplitNNClient - INFO - 24044 - phase=train acc=0.5390625 loss=12.822665274143219 epoch=17 and step=10
2026-04-21 00:48:20,410 - SplitNNClient - INFO - 22768 - phase=train acc=0.6453125 loss=9.844996988773346 epoch=17 and step=10
2026-04-21 00:48:20,515 - SplitNNClient - INFO - 22656 - phase=train acc=0.66171875 loss=10.191374480724335 epoch=17 and step=10
2026-04-21 00:48:20,563 - SplitNNClient - INFO - 22820 - phase=train acc=0.596875 loss=11.975704669952393 epoch=17 and step=10
2026-04-21 00:48:20,604 - SplitNNClient - INFO - 10748 - phase=train acc=0.6578125 loss=10.406042158603668 epoch=17 and step=10
2026-04-21 00:48:24,179 - SplitNNClient - INFO - 24044 - phase=train acc=0.540234375 loss=25.001945674419403 epoch=17 and step=20
2026-04-21 00:48:24,284 - SplitNNClient - INFO - 22768 - phase=train acc=0.6765625 loss=18.359728574752808 epoch=17 and step=20
2026-04-21 00:48:24,329 - SplitNNClient - INFO - 22820 - phase=train acc=0.633203125 loss=22.083493888378143 epoch=17 and step=20
2026-04-21 00:48:24,420 - SplitNNClient - INFO - 22656 - phase=train acc=0.666796875 loss=19.091544687747955 epoch=17 and step=20
2026-04-21 00:48:24,473 - SplitNNClient - INFO - 10748 - phase=train acc=0.657421875 loss=20.24275439977646 epoch=17 and step=20
2026-04-21 00:48:27,738 - SplitNNClient - INFO - 22820 - phase=train acc=0.6494791666666667 loss=31.83944571018219 epoch=17 and step=30
2026-04-21 00:48:27,808 - SplitNNClient - INFO - 24044 - phase=train acc=0.5401041666666667 loss=36.49647241830826 epoch=17 and step=30
2026-04-21 00:48:27,884 - SplitNNClient - INFO - 22768 - phase=train acc=0.6802083333333333 loss=27.110071182250977 epoch=17 and step=30
2026-04-21 00:48:27,958 - SplitNNClient - INFO - 22656 - phase=train acc=0.6614583333333334 loss=28.48226022720337 epoch=17 and step=30
2026-04-21 00:48:28,072 - SplitNNClient - INFO - 10748 - phase=train acc=0.6606770833333333 loss=29.737376153469086 epoch=17 and step=30
2026-04-21 00:48:31,053 - SplitNNClient - INFO - 22820 - phase=train acc=0.655859375 loss=41.805302143096924 epoch=17 and step=40
2026-04-21 00:48:31,169 - SplitNNClient - INFO - 24044 - phase=train acc=0.55625 loss=46.88316881656647 epoch=17 and step=40
2026-04-21 00:48:31,238 - SplitNNClient - INFO - 22768 - phase=train acc=0.6857421875 loss=35.830062091350555 epoch=17 and step=40
2026-04-21 00:48:31,316 - SplitNNClient - INFO - 22656 - phase=train acc=0.6591796875 loss=38.20219820737839 epoch=17 and step=40
2026-04-21 00:48:31,438 - SplitNNClient - INFO - 10748 - phase=train acc=0.65625 loss=39.70728760957718 epoch=17 and step=40
2026-04-21 00:48:34,392 - SplitNNClient - INFO - 22820 - phase=train acc=0.6515625 loss=52.300573885440826 epoch=17 and step=50
2026-04-21 00:48:34,531 - SplitNNClient - INFO - 24044 - phase=train acc=0.5671875 loss=57.03078097105026 epoch=17 and step=50
2026-04-21 00:48:34,576 - SplitNNClient - INFO - 22768 - phase=train acc=0.68984375 loss=44.361707627773285 epoch=17 and step=50
2026-04-21 00:48:34,647 - SplitNNClient - INFO - 22656 - phase=train acc=0.66109375 loss=47.443517327308655 epoch=17 and step=50
2026-04-21 00:48:34,787 - SplitNNClient - INFO - 10748 - phase=train acc=0.6590625 loss=49.46837621927261 epoch=17 and step=50
2026-04-21 00:48:37,483 - SplitNNClient - INFO - 22820 - phase=train acc=0.6515625 loss=62.967382192611694 epoch=17 and step=60
2026-04-21 00:48:37,595 - SplitNNClient - INFO - 22768 - phase=train acc=0.6903645833333333 loss=53.32847487926483 epoch=17 and step=60
2026-04-21 00:48:37,689 - SplitNNClient - INFO - 22656 - phase=train acc=0.6619791666666667 loss=56.89247417449951 epoch=17 and step=60
2026-04-21 00:48:37,840 - SplitNNClient - INFO - 10748 - phase=train acc=0.6600260416666667 loss=59.497761487960815 epoch=17 and step=60
2026-04-21 00:48:40,286 - SplitNNClient - INFO - 22820 - phase=train acc=0.6514508928571429 loss=73.1393860578537 epoch=17 and step=70
2026-04-21 00:48:40,398 - SplitNNClient - INFO - 22768 - phase=train acc=0.6926339285714286 loss=61.634784042835236 epoch=17 and step=70
2026-04-21 00:48:42,418 - SplitNNClient - INFO - 22768 - phase=train acc=0.6935546875 loss=70.43215680122375 epoch=17 and step=80
2026-04-21 00:48:43,967 - SplitNNClient - INFO - 22768 - phase=train acc=0.6943576388888889 loss=79.0805351138115 epoch=17 and step=90
2026-04-21 00:48:45,543 - SplitNNClient - INFO - 22768 - phase=train acc=0.69328125 loss=87.93606811761856 epoch=17 and step=100
2026-04-21 00:48:47,411 - SplitNNClient - INFO - 22768 - phase=train acc=0.692684659090909 loss=96.72508490085602 epoch=17 and step=110
2026-04-21 00:48:48,973 - SplitNNClient - INFO - 22768 - phase=train acc=0.6955078125 loss=104.65565276145935 epoch=17 and step=120
2026-04-21 00:48:49,365 - FedServerManager - INFO - 22816 - get all model params ---- from rank fed_server
2026-04-21 00:49:01,970 - SplitNNClient - INFO - 22820 - phase=validation acc=0.6362 loss=79.30011373758316 epoch=17 and step=79
2026-04-21 00:49:02,397 - SplitNNClient - INFO - 22656 - phase=validation acc=0.6362 loss=79.30011373758316 epoch=17 and step=79
2026-04-21 00:49:02,506 - SplitNNClient - INFO - 22768 - phase=validation acc=0.6362 loss=79.30011373758316 epoch=17 and step=79
2026-04-21 00:49:02,697 - SplitNNClient - INFO - 10748 - phase=validation acc=0.6362 loss=79.30011373758316 epoch=17 and step=79
2026-04-21 00:49:02,792 - SplitNNClient - INFO - 24044 - phase=validation acc=0.6362 loss=79.30011373758316 epoch=17 and step=79
2026-04-21 00:49:06,029 - SplitNNClient - INFO - 10748 - phase=train acc=0.665625 loss=9.352119624614716 epoch=18 and step=10
2026-04-21 00:49:06,068 - SplitNNClient - INFO - 22656 - phase=train acc=0.6375 loss=10.224735140800476 epoch=18 and step=10
2026-04-21 00:49:06,136 - SplitNNClient - INFO - 24044 - phase=train acc=0.53046875 loss=12.217349648475647 epoch=18 and step=10
2026-04-21 00:49:06,210 - SplitNNClient - INFO - 22768 - phase=train acc=0.68125 loss=9.613805115222931 epoch=18 and step=10
2026-04-21 00:49:06,282 - SplitNNClient - INFO - 22820 - phase=train acc=0.61796875 loss=11.978734791278839 epoch=18 and step=10
2026-04-21 00:49:09,354 - SplitNNClient - INFO - 10748 - phase=train acc=0.653515625 loss=19.472278356552124 epoch=18 and step=20
2026-04-21 00:49:09,425 - SplitNNClient - INFO - 22656 - phase=train acc=0.653125 loss=19.479278802871704 epoch=18 and step=20
2026-04-21 00:49:09,467 - SplitNNClient - INFO - 24044 - phase=train acc=0.54921875 loss=23.151938319206238 epoch=18 and step=20
2026-04-21 00:49:09,540 - SplitNNClient - INFO - 22768 - phase=train acc=0.6921875 loss=18.191922068595886 epoch=18 and step=20
2026-04-21 00:49:09,611 - SplitNNClient - INFO - 22820 - phase=train acc=0.62890625 loss=22.445483207702637 epoch=18 and step=20
2026-04-21 00:49:12,788 - SplitNNClient - INFO - 10748 - phase=train acc=0.65625 loss=29.021556079387665 epoch=18 and step=30
2026-04-21 00:49:12,864 - SplitNNClient - INFO - 22656 - phase=train acc=0.6614583333333334 loss=28.193707048892975 epoch=18 and step=30
2026-04-21 00:49:12,909 - SplitNNClient - INFO - 22820 - phase=train acc=0.6361979166666667 loss=32.92836916446686 epoch=18 and step=30
2026-04-21 00:49:12,977 - SplitNNClient - INFO - 24044 - phase=train acc=0.559375 loss=33.749907076358795 epoch=18 and step=30
2026-04-21 00:49:13,050 - SplitNNClient - INFO - 22768 - phase=train acc=0.6924479166666667 loss=26.920258343219757 epoch=18 and step=30
2026-04-21 00:49:16,266 - SplitNNClient - INFO - 10748 - phase=train acc=0.6626953125 loss=38.39818757772446 epoch=18 and step=40
2026-04-21 00:49:16,333 - SplitNNClient - INFO - 22656 - phase=train acc=0.6658203125 loss=37.37414789199829 epoch=18 and step=40
2026-04-21 00:49:16,414 - SplitNNClient - INFO - 22820 - phase=train acc=0.6416015625 loss=43.28415060043335 epoch=18 and step=40
2026-04-21 00:49:16,478 - SplitNNClient - INFO - 22768 - phase=train acc=0.697265625 loss=35.57108145952225 epoch=18 and step=40
2026-04-21 00:49:16,562 - SplitNNClient - INFO - 24044 - phase=train acc=0.56796875 loss=44.25073057413101 epoch=18 and step=40
2026-04-21 00:49:19,766 - SplitNNClient - INFO - 22820 - phase=train acc=0.64328125 loss=53.4411626458168 epoch=18 and step=50
2026-04-21 00:49:19,944 - SplitNNClient - INFO - 22656 - phase=train acc=0.669375 loss=45.95649975538254 epoch=18 and step=50
2026-04-21 00:49:19,985 - SplitNNClient - INFO - 10748 - phase=train acc=0.6653125 loss=47.86353123188019 epoch=18 and step=50
2026-04-21 00:49:20,021 - SplitNNClient - INFO - 22768 - phase=train acc=0.70171875 loss=43.74108773469925 epoch=18 and step=50
2026-04-21 00:49:20,091 - SplitNNClient - INFO - 24044 - phase=train acc=0.57171875 loss=54.81411874294281 epoch=18 and step=50
2026-04-21 00:49:22,924 - SplitNNClient - INFO - 22820 - phase=train acc=0.6493489583333333 loss=63.178818464279175 epoch=18 and step=60
2026-04-21 00:49:22,994 - SplitNNClient - INFO - 10748 - phase=train acc=0.6678385416666667 loss=57.18360722064972 epoch=18 and step=60
2026-04-21 00:49:23,069 - SplitNNClient - INFO - 22656 - phase=train acc=0.66796875 loss=55.21730691194534 epoch=18 and step=60
2026-04-21 00:49:23,172 - SplitNNClient - INFO - 22768 - phase=train acc=0.7057291666666666 loss=51.680985510349274 epoch=18 and step=60
2026-04-21 00:49:25,701 - SplitNNClient - INFO - 22820 - phase=train acc=0.6545758928571429 loss=72.7425189614296 epoch=18 and step=70
2026-04-21 00:49:25,855 - SplitNNClient - INFO - 22768 - phase=train acc=0.7087053571428571 loss=59.7629331946373 epoch=18 and step=70
2026-04-21 00:49:27,766 - SplitNNClient - INFO - 22768 - phase=train acc=0.71171875 loss=67.58838760852814 epoch=18 and step=80
2026-04-21 00:49:29,564 - SplitNNClient - INFO - 22768 - phase=train acc=0.7108506944444445 loss=75.88401252031326 epoch=18 and step=90
2026-04-21 00:49:31,170 - SplitNNClient - INFO - 22768 - phase=train acc=0.71078125 loss=84.31374096870422 epoch=18 and step=100
2026-04-21 00:49:32,779 - SplitNNClient - INFO - 22768 - phase=train acc=0.70859375 loss=92.90008133649826 epoch=18 and step=110
2026-04-21 00:49:34,398 - SplitNNClient - INFO - 22768 - phase=train acc=0.7095703125 loss=101.02149242162704 epoch=18 and step=120
2026-04-21 00:49:34,829 - FedServerManager - INFO - 22816 - get all model params ---- from rank fed_server
2026-04-21 00:49:47,561 - SplitNNClient - INFO - 22820 - phase=validation acc=0.6193 loss=82.00681155920029 epoch=18 and step=79
2026-04-21 00:49:47,981 - SplitNNClient - INFO - 22656 - phase=validation acc=0.6193 loss=82.00681155920029 epoch=18 and step=79
2026-04-21 00:49:48,063 - SplitNNClient - INFO - 10748 - phase=validation acc=0.6193 loss=82.00681155920029 epoch=18 and step=79
2026-04-21 00:49:48,129 - SplitNNClient - INFO - 24044 - phase=validation acc=0.6193 loss=82.00681155920029 epoch=18 and step=79
2026-04-21 00:49:48,172 - SplitNNClient - INFO - 22768 - phase=validation acc=0.6193 loss=82.00681155920029 epoch=18 and step=79
2026-04-21 00:49:51,568 - SplitNNClient - INFO - 22820 - phase=train acc=0.61875 loss=11.810646891593933 epoch=19 and step=10
2026-04-21 00:49:51,675 - SplitNNClient - INFO - 22768 - phase=train acc=0.68828125 loss=9.155040860176086 epoch=19 and step=10
2026-04-21 00:49:51,745 - SplitNNClient - INFO - 22656 - phase=train acc=0.64609375 loss=10.02542519569397 epoch=19 and step=10
2026-04-21 00:49:51,811 - SplitNNClient - INFO - 24044 - phase=train acc=0.5703125 loss=11.847209334373474 epoch=19 and step=10
2026-04-21 00:49:51,957 - SplitNNClient - INFO - 10748 - phase=train acc=0.67421875 loss=9.50649219751358 epoch=19 and step=10
2026-04-21 00:49:55,351 - SplitNNClient - INFO - 22820 - phase=train acc=0.643359375 loss=22.107721269130707 epoch=19 and step=20
2026-04-21 00:49:55,463 - SplitNNClient - INFO - 22768 - phase=train acc=0.7 loss=17.565557777881622 epoch=19 and step=20
2026-04-21 00:49:55,539 - SplitNNClient - INFO - 22656 - phase=train acc=0.6671875 loss=19.13897693157196 epoch=19 and step=20
2026-04-21 00:49:55,612 - SplitNNClient - INFO - 24044 - phase=train acc=0.586328125 loss=22.202254235744476 epoch=19 and step=20
2026-04-21 00:49:55,755 - SplitNNClient - INFO - 10748 - phase=train acc=0.672265625 loss=19.01740688085556 epoch=19 and step=20
2026-04-21 00:49:58,741 - SplitNNClient - INFO - 22820 - phase=train acc=0.6502604166666667 loss=32.37482142448425 epoch=19 and step=30
2026-04-21 00:49:58,885 - SplitNNClient - INFO - 22768 - phase=train acc=0.7026041666666667 loss=26.081684708595276 epoch=19 and step=30
2026-04-21 00:49:58,950 - SplitNNClient - INFO - 22656 - phase=train acc=0.6721354166666667 loss=28.31805181503296 epoch=19 and step=30
2026-04-21 00:49:59,027 - SplitNNClient - INFO - 24044 - phase=train acc=0.590625 loss=32.60406404733658 epoch=19 and step=30
2026-04-21 00:49:59,140 - SplitNNClient - INFO - 10748 - phase=train acc=0.6708333333333333 loss=28.109674215316772 epoch=19 and step=30
2026-04-21 00:50:02,265 - SplitNNClient - INFO - 22768 - phase=train acc=0.70625 loss=34.260174572467804 epoch=19 and step=40
2026-04-21 00:50:02,334 - SplitNNClient - INFO - 22820 - phase=train acc=0.6572265625 loss=41.85396933555603 epoch=19 and step=40
2026-04-21 00:50:02,405 - SplitNNClient - INFO - 22656 - phase=train acc=0.68125 loss=36.89443004131317 epoch=19 and step=40
2026-04-21 00:50:02,542 - SplitNNClient - INFO - 24044 - phase=train acc=0.595703125 loss=42.79483723640442 epoch=19 and step=40
2026-04-21 00:50:02,805 - SplitNNClient - INFO - 10748 - phase=train acc=0.6599609375 loss=38.33168321847916 epoch=19 and step=40
2026-04-21 00:50:05,604 - SplitNNClient - INFO - 22820 - phase=train acc=0.66296875 loss=51.36864870786667 epoch=19 and step=50
2026-04-21 00:50:05,715 - SplitNNClient - INFO - 22768 - phase=train acc=0.70453125 loss=42.6620157957077 epoch=19 and step=50
2026-04-21 00:50:05,792 - SplitNNClient - INFO - 22656 - phase=train acc=0.6840625 loss=45.371202290058136 epoch=19 and step=50
2026-04-21 00:50:05,829 - SplitNNClient - INFO - 24044 - phase=train acc=0.59359375 loss=53.402357041835785 epoch=19 and step=50
2026-04-21 00:50:06,326 - SplitNNClient - INFO - 10748 - phase=train acc=0.66359375 loss=47.72666776180267 epoch=19 and step=50
2026-04-21 00:50:08,795 - SplitNNClient - INFO - 22820 - phase=train acc=0.6619791666666667 loss=61.265132427215576 epoch=19 and step=60
2026-04-21 00:50:08,836 - SplitNNClient - INFO - 22768 - phase=train acc=0.7061197916666667 loss=50.86290043592453 epoch=19 and step=60
2026-04-21 00:50:09,000 - SplitNNClient - INFO - 22656 - phase=train acc=0.6821614583333333 loss=54.15212881565094 epoch=19 and step=60
2026-04-21 00:50:09,502 - SplitNNClient - INFO - 10748 - phase=train acc=0.6662760416666667 loss=57.01152676343918 epoch=19 and step=60
2026-04-21 00:50:11,523 - SplitNNClient - INFO - 22820 - phase=train acc=0.6666294642857142 loss=70.46022421121597 epoch=19 and step=70
2026-04-21 00:50:11,586 - SplitNNClient - INFO - 22768 - phase=train acc=0.71015625 loss=58.644155740737915 epoch=19 and step=70
2026-04-21 00:50:13,620 - SplitNNClient - INFO - 22768 - phase=train acc=0.711328125 loss=66.95690280199051 epoch=19 and step=80
2026-04-21 00:50:15,173 - SplitNNClient - INFO - 22768 - phase=train acc=0.7129340277777778 loss=75.12373423576355 epoch=19 and step=90
2026-04-21 00:50:16,876 - SplitNNClient - INFO - 22768 - phase=train acc=0.710625 loss=83.63163149356842 epoch=19 and step=100
2026-04-21 00:50:18,640 - SplitNNClient - INFO - 22768 - phase=train acc=0.7114346590909091 loss=91.47242641448975 epoch=19 and step=110
2026-04-21 00:50:20,221 - SplitNNClient - INFO - 22768 - phase=train acc=0.7127604166666667 loss=99.22004580497742 epoch=19 and step=120
2026-04-21 00:50:20,580 - FedServerManager - INFO - 22816 - get all model params ---- from rank fed_server
2026-04-21 00:50:33,003 - SplitNNClient - INFO - 22820 - phase=validation acc=0.6406 loss=77.36939465999603 epoch=19 and step=79
2026-04-21 00:50:33,468 - SplitNNClient - INFO - 24044 - phase=validation acc=0.6406 loss=77.36939465999603 epoch=19 and step=79
2026-04-21 00:50:33,489 - SplitNNClient - INFO - 10748 - phase=validation acc=0.6406 loss=77.36939465999603 epoch=19 and step=79
2026-04-21 00:50:33,584 - SplitNNClient - INFO - 22656 - phase=validation acc=0.6406 loss=77.36939465999603 epoch=19 and step=79
2026-04-21 00:50:33,589 - SplitNNClient - INFO - 22768 - phase=validation acc=0.6406 loss=77.36939465999603 epoch=19 and step=79
2026-04-21 00:50:37,017 - SplitNNClient - INFO - 24044 - phase=train acc=0.54609375 loss=12.503380060195923 epoch=20 and step=10
2026-04-21 00:50:37,119 - SplitNNClient - INFO - 22820 - phase=train acc=0.6484375 loss=10.857078671455383 epoch=20 and step=10
2026-04-21 00:50:37,191 - SplitNNClient - INFO - 22768 - phase=train acc=0.69609375 loss=9.075014293193817 epoch=20 and step=10
2026-04-21 00:50:37,264 - SplitNNClient - INFO - 22656 - phase=train acc=0.67421875 loss=9.2590451836586 epoch=20 and step=10
2026-04-21 00:50:37,336 - SplitNNClient - INFO - 10748 - phase=train acc=0.66328125 loss=9.705018818378448 epoch=20 and step=10
2026-04-21 00:50:40,656 - SplitNNClient - INFO - 24044 - phase=train acc=0.566796875 loss=23.225240767002106 epoch=20 and step=20
2026-04-21 00:50:40,724 - SplitNNClient - INFO - 22820 - phase=train acc=0.647265625 loss=21.483886897563934 epoch=20 and step=20
2026-04-21 00:50:40,794 - SplitNNClient - INFO - 22768 - phase=train acc=0.704296875 loss=17.515420973300934 epoch=20 and step=20
2026-04-21 00:50:40,873 - SplitNNClient - INFO - 22656 - phase=train acc=0.677734375 loss=18.11923724412918 epoch=20 and step=20
2026-04-21 00:50:40,943 - SplitNNClient - INFO - 10748 - phase=train acc=0.6625 loss=19.332540154457092 epoch=20 and step=20
2026-04-21 00:50:44,374 - SplitNNClient - INFO - 24044 - phase=train acc=0.5864583333333333 loss=33.52664476633072 epoch=20 and step=30
2026-04-21 00:50:44,474 - SplitNNClient - INFO - 22820 - phase=train acc=0.6588541666666666 loss=31.25654822587967 epoch=20 and step=30
2026-04-21 00:50:44,545 - SplitNNClient - INFO - 22768 - phase=train acc=0.7052083333333333 loss=26.134701371192932 epoch=20 and step=30
2026-04-21 00:50:44,624 - SplitNNClient - INFO - 22656 - phase=train acc=0.678125 loss=26.877022802829742 epoch=20 and step=30
2026-04-21 00:50:44,694 - SplitNNClient - INFO - 10748 - phase=train acc=0.6752604166666667 loss=28.21433335542679 epoch=20 and step=30
2026-04-21 00:50:47,834 - SplitNNClient - INFO - 24044 - phase=train acc=0.5888671875 loss=43.69705772399902 epoch=20 and step=40
2026-04-21 00:50:47,907 - SplitNNClient - INFO - 22820 - phase=train acc=0.669140625 loss=40.40032243728638 epoch=20 and step=40
2026-04-21 00:50:47,944 - SplitNNClient - INFO - 22768 - phase=train acc=0.7080078125 loss=34.327292919158936 epoch=20 and step=40
2026-04-21 00:50:48,047 - SplitNNClient - INFO - 22656 - phase=train acc=0.6861328125 loss=35.14878785610199 epoch=20 and step=40
2026-04-21 00:50:48,093 - SplitNNClient - INFO - 10748 - phase=train acc=0.680859375 loss=36.94052451848984 epoch=20 and step=40
2026-04-21 00:50:51,251 - SplitNNClient - INFO - 24044 - phase=train acc=0.59390625 loss=53.5952787399292 epoch=20 and step=50
2026-04-21 00:50:51,316 - SplitNNClient - INFO - 22820 - phase=train acc=0.66984375 loss=50.09527909755707 epoch=20 and step=50
2026-04-21 00:50:51,381 - SplitNNClient - INFO - 22768 - phase=train acc=0.71109375 loss=42.23838812112808 epoch=20 and step=50
2026-04-21 00:50:51,475 - SplitNNClient - INFO - 22656 - phase=train acc=0.6875 loss=43.48723787069321 epoch=20 and step=50
2026-04-21 00:50:51,551 - SplitNNClient - INFO - 10748 - phase=train acc=0.6871875 loss=45.705789268016815 epoch=20 and step=50
2026-04-21 00:50:54,375 - SplitNNClient - INFO - 22820 - phase=train acc=0.6704427083333333 loss=59.6784143447876 epoch=20 and step=60
2026-04-21 00:50:54,496 - SplitNNClient - INFO - 22768 - phase=train acc=0.715625 loss=50.271675527095795 epoch=20 and step=60
2026-04-21 00:50:54,564 - SplitNNClient - INFO - 22656 - phase=train acc=0.6852864583333333 loss=52.41503220796585 epoch=20 and step=60
2026-04-21 00:50:54,728 - SplitNNClient - INFO - 10748 - phase=train acc=0.683984375 loss=54.99633675813675 epoch=20 and step=60
2026-04-21 00:50:57,177 - SplitNNClient - INFO - 22820 - phase=train acc=0.67109375 loss=69.12488031387329 epoch=20 and step=70
2026-04-21 00:50:57,405 - SplitNNClient - INFO - 22768 - phase=train acc=0.7168526785714285 loss=58.178615152835846 epoch=20 and step=70
2026-04-21 00:50:59,363 - SplitNNClient - INFO - 22768 - phase=train acc=0.718359375 loss=65.98840826749802 epoch=20 and step=80
2026-04-21 00:51:00,922 - SplitNNClient - INFO - 22768 - phase=train acc=0.7205729166666667 loss=73.3140879869461 epoch=20 and step=90
2026-04-21 00:51:02,468 - SplitNNClient - INFO - 22768 - phase=train acc=0.721171875 loss=81.51939243078232 epoch=20 and step=100
2026-04-21 00:51:04,224 - SplitNNClient - INFO - 22768 - phase=train acc=0.7213068181818182 loss=89.18291646242142 epoch=20 and step=110
2026-04-21 00:51:05,978 - SplitNNClient - INFO - 22768 - phase=train acc=0.7237630208333333 loss=96.83550328016281 epoch=20 and step=120
2026-04-21 00:51:06,369 - FedServerManager - INFO - 22816 - get all model params ---- from rank fed_server
2026-04-21 00:51:18,609 - SplitNNClient - INFO - 22820 - phase=validation acc=0.6541 loss=75.2529228925705 epoch=20 and step=79
2026-04-21 00:51:19,201 - SplitNNClient - INFO - 24044 - phase=validation acc=0.6541 loss=75.2529228925705 epoch=20 and step=79
2026-04-21 00:51:19,229 - SplitNNClient - INFO - 22656 - phase=validation acc=0.6541 loss=75.2529228925705 epoch=20 and step=79
2026-04-21 00:51:19,367 - SplitNNClient - INFO - 10748 - phase=validation acc=0.6541 loss=75.2529228925705 epoch=20 and step=79
2026-04-21 00:51:22,613 - SplitNNClient - INFO - 22820 - phase=train acc=0.63515625 loss=10.8698051571846 epoch=21 and step=10
2026-04-21 00:51:22,678 - SplitNNClient - INFO - 10748 - phase=train acc=0.70546875 loss=8.780649244785309 epoch=21 and step=10
2026-04-21 00:51:22,751 - SplitNNClient - INFO - 24044 - phase=train acc=0.5609375 loss=11.878857731819153 epoch=21 and step=10
2026-04-21 00:51:22,824 - SplitNNClient - INFO - 22768 - phase=train acc=0.6921875 loss=9.349216997623444 epoch=21 and step=10
2026-04-21 00:51:22,896 - SplitNNClient - INFO - 22656 - phase=train acc=0.69765625 loss=8.929175436496735 epoch=21 and step=10
2026-04-21 00:51:25,912 - SplitNNClient - INFO - 22820 - phase=train acc=0.658203125 loss=20.752988278865814 epoch=21 and step=20
2026-04-21 00:51:26,025 - SplitNNClient - INFO - 10748 - phase=train acc=0.696875 loss=17.865059971809387 epoch=21 and step=20
2026-04-21 00:51:26,096 - SplitNNClient - INFO - 24044 - phase=train acc=0.581640625 loss=22.480548083782196 epoch=21 and step=20
2026-04-21 00:51:26,171 - SplitNNClient - INFO - 22768 - phase=train acc=0.7078125 loss=17.572805881500244 epoch=21 and step=20
2026-04-21 00:51:26,277 - SplitNNClient - INFO - 22656 - phase=train acc=0.686328125 loss=17.961943447589874 epoch=21 and step=20
2026-04-21 00:51:29,258 - SplitNNClient - INFO - 22820 - phase=train acc=0.6645833333333333 loss=30.00244116783142 epoch=21 and step=30
2026-04-21 00:51:29,419 - SplitNNClient - INFO - 24044 - phase=train acc=0.5861979166666667 loss=32.84118694067001 epoch=21 and step=30
2026-04-21 00:51:29,488 - SplitNNClient - INFO - 10748 - phase=train acc=0.6877604166666667 loss=27.29772788286209 epoch=21 and step=30
2026-04-21 00:51:29,526 - SplitNNClient - INFO - 22768 - phase=train acc=0.7119791666666667 loss=25.738261878490448 epoch=21 and step=30
2026-04-21 00:51:29,670 - SplitNNClient - INFO - 22656 - phase=train acc=0.6838541666666667 loss=26.6190043091774 epoch=21 and step=30
2026-04-21 00:51:32,621 - SplitNNClient - INFO - 22820 - phase=train acc=0.6662109375 loss=39.776571691036224 epoch=21 and step=40
2026-04-21 00:51:32,696 - SplitNNClient - INFO - 24044 - phase=train acc=0.5888671875 loss=43.158263027668 epoch=21 and step=40
2026-04-21 00:51:32,844 - SplitNNClient - INFO - 10748 - phase=train acc=0.6921875 loss=35.96206372976303 epoch=21 and step=40
2026-04-21 00:51:32,893 - SplitNNClient - INFO - 22768 - phase=train acc=0.7158203125 loss=33.745802998542786 epoch=21 and step=40
2026-04-21 00:51:33,102 - SplitNNClient - INFO - 22656 - phase=train acc=0.687109375 loss=34.986129462718964 epoch=21 and step=40
2026-04-21 00:51:35,943 - SplitNNClient - INFO - 22820 - phase=train acc=0.67046875 loss=49.15305143594742 epoch=21 and step=50
2026-04-21 00:51:36,161 - SplitNNClient - INFO - 24044 - phase=train acc=0.59515625 loss=52.83645421266556 epoch=21 and step=50
2026-04-21 00:51:36,249 - SplitNNClient - INFO - 22768 - phase=train acc=0.71890625 loss=41.57236534357071 epoch=21 and step=50
2026-04-21 00:51:36,490 - SplitNNClient - INFO - 10748 - phase=train acc=0.686875 loss=45.44882243871689 epoch=21 and step=50
2026-04-21 00:51:36,755 - SplitNNClient - INFO - 22656 - phase=train acc=0.685 loss=43.82173615694046 epoch=21 and step=50
2026-04-21 00:51:39,003 - SplitNNClient - INFO - 22820 - phase=train acc=0.6705729166666666 loss=58.68540358543396 epoch=21 and step=60
2026-04-21 00:51:39,386 - SplitNNClient - INFO - 22768 - phase=train acc=0.7234375 loss=48.889738500118256 epoch=21 and step=60
2026-04-21 00:51:39,520 - SplitNNClient - INFO - 10748 - phase=train acc=0.689453125 loss=53.83076494932175 epoch=21 and step=60
2026-04-21 00:51:39,729 - SplitNNClient - INFO - 22656 - phase=train acc=0.6869791666666667 loss=52.38064467906952 epoch=21 and step=60
2026-04-21 00:51:41,873 - SplitNNClient - INFO - 22820 - phase=train acc=0.6736607142857143 loss=67.72436779737473 epoch=21 and step=70
2026-04-21 00:51:42,204 - SplitNNClient - INFO - 22768 - phase=train acc=0.7265625 loss=56.157708168029785 epoch=21 and step=70
2026-04-21 00:51:44,122 - SplitNNClient - INFO - 22768 - phase=train acc=0.72607421875 loss=64.05409276485443 epoch=21 and step=80
2026-04-21 00:51:45,709 - SplitNNClient - INFO - 22768 - phase=train acc=0.7248263888888888 loss=72.23427355289459 epoch=21 and step=90
2026-04-21 00:51:47,417 - SplitNNClient - INFO - 22768 - phase=train acc=0.726953125 loss=79.55571097135544 epoch=21 and step=100
2026-04-21 00:51:48,975 - SplitNNClient - INFO - 22768 - phase=train acc=0.7290482954545454 loss=86.96404320001602 epoch=21 and step=110
2026-04-21 00:51:50,641 - SplitNNClient - INFO - 22768 - phase=train acc=0.7291666666666666 loss=94.96361994743347 epoch=21 and step=120
2026-04-21 00:51:51,003 - FedServerManager - INFO - 22816 - get all model params ---- from rank fed_server
2026-04-21 00:52:03,089 - SplitNNClient - INFO - 10748 - phase=validation acc=0.6531 loss=75.22943013906479 epoch=21 and step=79
2026-04-21 00:52:03,141 - SplitNNClient - INFO - 22820 - phase=validation acc=0.6531 loss=75.22943013906479 epoch=21 and step=79
2026-04-21 00:52:03,172 - SplitNNClient - INFO - 22768 - phase=validation acc=0.6531 loss=75.22943013906479 epoch=21 and step=79
2026-04-21 00:52:03,207 - SplitNNClient - INFO - 22656 - phase=validation acc=0.6531 loss=75.22943013906479 epoch=21 and step=79
2026-04-21 00:52:03,252 - SplitNNClient - INFO - 24044 - phase=validation acc=0.6531 loss=75.22943013906479 epoch=21 and step=79
2026-04-21 00:52:06,544 - SplitNNClient - INFO - 22820 - phase=train acc=0.64453125 loss=10.943855047225952 epoch=22 and step=10
2026-04-21 00:52:06,582 - SplitNNClient - INFO - 10748 - phase=train acc=0.69921875 loss=9.072534501552582 epoch=22 and step=10
2026-04-21 00:52:06,677 - SplitNNClient - INFO - 22656 - phase=train acc=0.66171875 loss=9.446106433868408 epoch=22 and step=10
2026-04-21 00:52:06,748 - SplitNNClient - INFO - 22768 - phase=train acc=0.72734375 loss=8.201683640480042 epoch=22 and step=10
2026-04-21 00:52:06,796 - SplitNNClient - INFO - 24044 - phase=train acc=0.54765625 loss=12.2297203540802 epoch=22 and step=10
2026-04-21 00:52:09,879 - SplitNNClient - INFO - 22820 - phase=train acc=0.659375 loss=20.76181274652481 epoch=22 and step=20
2026-04-21 00:52:09,952 - SplitNNClient - INFO - 10748 - phase=train acc=0.701953125 loss=17.311800003051758 epoch=22 and step=20
2026-04-21 00:52:10,017 - SplitNNClient - INFO - 22656 - phase=train acc=0.68203125 loss=17.786420226097107 epoch=22 and step=20
2026-04-21 00:52:10,061 - SplitNNClient - INFO - 22768 - phase=train acc=0.729296875 loss=16.362665951251984 epoch=22 and step=20
2026-04-21 00:52:10,129 - SplitNNClient - INFO - 24044 - phase=train acc=0.584375 loss=22.124811053276062 epoch=22 and step=20
2026-04-21 00:52:13,242 - SplitNNClient - INFO - 22820 - phase=train acc=0.65703125 loss=30.913148999214172 epoch=22 and step=30
2026-04-21 00:52:13,383 - SplitNNClient - INFO - 10748 - phase=train acc=0.69375 loss=26.600412964820862 epoch=22 and step=30
2026-04-21 00:52:13,454 - SplitNNClient - INFO - 22656 - phase=train acc=0.6859375 loss=26.39599120616913 epoch=22 and step=30
2026-04-21 00:52:13,502 - SplitNNClient - INFO - 22768 - phase=train acc=0.7268229166666667 loss=24.363832890987396 epoch=22 and step=30
2026-04-21 00:52:13,634 - SplitNNClient - INFO - 24044 - phase=train acc=0.5903645833333333 loss=32.315515756607056 epoch=22 and step=30
2026-04-21 00:52:16,587 - SplitNNClient - INFO - 22820 - phase=train acc=0.6640625 loss=40.398880779743195 epoch=22 and step=40
2026-04-21 00:52:16,734 - SplitNNClient - INFO - 10748 - phase=train acc=0.6859375 loss=36.39991354942322 epoch=22 and step=40
2026-04-21 00:52:16,807 - SplitNNClient - INFO - 22656 - phase=train acc=0.689453125 loss=34.47557348012924 epoch=22 and step=40
2026-04-21 00:52:16,846 - SplitNNClient - INFO - 22768 - phase=train acc=0.7283203125 loss=32.30710417032242 epoch=22 and step=40
2026-04-21 00:52:16,987 - SplitNNClient - INFO - 24044 - phase=train acc=0.5943359375 loss=42.14137130975723 epoch=22 and step=40
2026-04-21 00:52:19,922 - SplitNNClient - INFO - 22820 - phase=train acc=0.67046875 loss=49.7149795293808 epoch=22 and step=50
2026-04-21 00:52:20,068 - SplitNNClient - INFO - 10748 - phase=train acc=0.68390625 loss=45.333342015743256 epoch=22 and step=50
2026-04-21 00:52:20,141 - SplitNNClient - INFO - 22656 - phase=train acc=0.6921875 loss=42.92699187994003 epoch=22 and step=50
2026-04-21 00:52:20,194 - SplitNNClient - INFO - 22768 - phase=train acc=0.730625 loss=39.86420923471451 epoch=22 and step=50
2026-04-21 00:52:20,325 - SplitNNClient - INFO - 24044 - phase=train acc=0.59765625 loss=51.75114065408707 epoch=22 and step=50
2026-04-21 00:52:22,883 - SplitNNClient - INFO - 22820 - phase=train acc=0.6783854166666666 loss=58.26150959730148 epoch=22 and step=60
2026-04-21 00:52:23,217 - SplitNNClient - INFO - 10748 - phase=train acc=0.6842447916666666 loss=54.19611740112305 epoch=22 and step=60
2026-04-21 00:52:23,282 - SplitNNClient - INFO - 22656 - phase=train acc=0.6907552083333334 loss=51.53063589334488 epoch=22 and step=60
2026-04-21 00:52:23,354 - SplitNNClient - INFO - 22768 - phase=train acc=0.7311197916666666 loss=47.6831921339035 epoch=22 and step=60
2026-04-21 00:52:25,666 - SplitNNClient - INFO - 22820 - phase=train acc=0.6797991071428572 loss=67.55588036775589 epoch=22 and step=70
2026-04-21 00:52:26,001 - SplitNNClient - INFO - 22768 - phase=train acc=0.7354910714285714 loss=54.68574494123459 epoch=22 and step=70
2026-04-21 00:52:27,944 - SplitNNClient - INFO - 22768 - phase=train acc=0.73212890625 loss=62.71125441789627 epoch=22 and step=80
2026-04-21 00:52:29,642 - SplitNNClient - INFO - 22768 - phase=train acc=0.7325520833333333 loss=70.27076506614685 epoch=22 and step=90
2026-04-21 00:52:31,199 - SplitNNClient - INFO - 22768 - phase=train acc=0.7321875 loss=78.20732843875885 epoch=22 and step=100
2026-04-21 00:52:32,963 - SplitNNClient - INFO - 22768 - phase=train acc=0.7309659090909091 loss=86.1113713979721 epoch=22 and step=110
2026-04-21 00:52:34,693 - SplitNNClient - INFO - 22768 - phase=train acc=0.7337239583333334 loss=93.16333049535751 epoch=22 and step=120
2026-04-21 00:52:35,055 - FedServerManager - INFO - 22816 - get all model params ---- from rank fed_server
2026-04-21 00:52:47,294 - SplitNNClient - INFO - 22820 - phase=validation acc=0.6617 loss=72.21162211894989 epoch=22 and step=79
2026-04-21 00:52:47,347 - SplitNNClient - INFO - 22768 - phase=validation acc=0.6617 loss=72.21162211894989 epoch=22 and step=79
2026-04-21 00:52:47,405 - SplitNNClient - INFO - 10748 - phase=validation acc=0.6617 loss=72.21162211894989 epoch=22 and step=79
2026-04-21 00:52:47,411 - SplitNNClient - INFO - 24044 - phase=validation acc=0.6617 loss=72.21162211894989 epoch=22 and step=79
2026-04-21 00:52:47,458 - SplitNNClient - INFO - 22656 - phase=validation acc=0.6617 loss=72.21162211894989 epoch=22 and step=79
2026-04-21 00:52:50,754 - SplitNNClient - INFO - 22768 - phase=train acc=0.7203125 loss=8.434781074523926 epoch=23 and step=10
2026-04-21 00:52:50,826 - SplitNNClient - INFO - 24044 - phase=train acc=0.57578125 loss=11.721367120742798 epoch=23 and step=10
2026-04-21 00:52:50,889 - SplitNNClient - INFO - 10748 - phase=train acc=0.70703125 loss=8.74947202205658 epoch=23 and step=10
2026-04-21 00:52:50,936 - SplitNNClient - INFO - 22656 - phase=train acc=0.67265625 loss=9.40919405221939 epoch=23 and step=10
2026-04-21 00:52:51,009 - SplitNNClient - INFO - 22820 - phase=train acc=0.646875 loss=10.727621734142303 epoch=23 and step=10
2026-04-21 00:52:54,101 - SplitNNClient - INFO - 22768 - phase=train acc=0.732421875 loss=16.344795405864716 epoch=23 and step=20
2026-04-21 00:52:54,201 - SplitNNClient - INFO - 24044 - phase=train acc=0.58828125 loss=22.31948095560074 epoch=23 and step=20
2026-04-21 00:52:54,241 - SplitNNClient - INFO - 10748 - phase=train acc=0.710546875 loss=17.03471040725708 epoch=23 and step=20
2026-04-21 00:52:54,308 - SplitNNClient - INFO - 22656 - phase=train acc=0.684375 loss=18.440083920955658 epoch=23 and step=20
2026-04-21 00:52:54,384 - SplitNNClient - INFO - 22820 - phase=train acc=0.668359375 loss=19.797174215316772 epoch=23 and step=20
2026-04-21 00:52:57,471 - SplitNNClient - INFO - 22768 - phase=train acc=0.7325520833333333 loss=23.72587013244629 epoch=23 and step=30
2026-04-21 00:52:57,541 - SplitNNClient - INFO - 24044 - phase=train acc=0.5942708333333333 loss=32.20840531587601 epoch=23 and step=30
2026-04-21 00:52:57,578 - SplitNNClient - INFO - 22820 - phase=train acc=0.6716145833333333 loss=29.266399562358856 epoch=23 and step=30
2026-04-21 00:52:57,650 - SplitNNClient - INFO - 10748 - phase=train acc=0.7044270833333334 loss=25.866214334964752 epoch=23 and step=30
2026-04-21 00:52:57,729 - SplitNNClient - INFO - 22656 - phase=train acc=0.6846354166666667 loss=27.132466912269592 epoch=23 and step=30
2026-04-21 00:53:00,768 - SplitNNClient - INFO - 22768 - phase=train acc=0.737890625 loss=31.01818871498108 epoch=23 and step=40
2026-04-21 00:53:00,879 - SplitNNClient - INFO - 24044 - phase=train acc=0.600390625 loss=42.39589881896973 epoch=23 and step=40
2026-04-21 00:53:00,948 - SplitNNClient - INFO - 22820 - phase=train acc=0.6802734375 loss=37.98761981725693 epoch=23 and step=40
2026-04-21 00:53:01,015 - SplitNNClient - INFO - 10748 - phase=train acc=0.6990234375 loss=34.869683027267456 epoch=23 and step=40
2026-04-21 00:53:01,152 - SplitNNClient - INFO - 22656 - phase=train acc=0.6869140625 loss=35.65019005537033 epoch=23 and step=40
2026-04-21 00:53:04,143 - SplitNNClient - INFO - 22768 - phase=train acc=0.7396875 loss=38.34337389469147 epoch=23 and step=50
2026-04-21 00:53:04,250 - SplitNNClient - INFO - 24044 - phase=train acc=0.6034375 loss=52.1968868970871 epoch=23 and step=50
2026-04-21 00:53:04,345 - SplitNNClient - INFO - 22820 - phase=train acc=0.68359375 loss=47.27212917804718 epoch=23 and step=50
2026-04-21 00:53:04,413 - SplitNNClient - INFO - 10748 - phase=train acc=0.7003125 loss=43.39611637592316 epoch=23 and step=50
2026-04-21 00:53:04,554 - SplitNNClient - INFO - 22656 - phase=train acc=0.68890625 loss=43.857788026332855 epoch=23 and step=50
2026-04-21 00:53:07,267 - SplitNNClient - INFO - 22768 - phase=train acc=0.743359375 loss=45.67814612388611 epoch=23 and step=60
2026-04-21 00:53:07,308 - SplitNNClient - INFO - 22820 - phase=train acc=0.68671875 loss=56.3146807551384 epoch=23 and step=60
2026-04-21 00:53:07,457 - SplitNNClient - INFO - 10748 - phase=train acc=0.6997395833333333 loss=51.862741589546204 epoch=23 and step=60
2026-04-21 00:53:07,677 - SplitNNClient - INFO - 22656 - phase=train acc=0.6932291666666667 loss=52.04555809497833 epoch=23 and step=60
2026-04-21 00:53:10,070 - SplitNNClient - INFO - 22820 - phase=train acc=0.6853794642857143 loss=65.58626943826675 epoch=23 and step=70
2026-04-21 00:53:10,244 - SplitNNClient - INFO - 22768 - phase=train acc=0.7446428571428572 loss=53.10557061433792 epoch=23 and step=70
2026-04-21 00:53:12,227 - SplitNNClient - INFO - 22768 - phase=train acc=0.74404296875 loss=60.406442284584045 epoch=23 and step=80
2026-04-21 00:53:13,924 - SplitNNClient - INFO - 22768 - phase=train acc=0.7446180555555556 loss=67.59376358985901 epoch=23 and step=90
2026-04-21 00:53:15,469 - SplitNNClient - INFO - 22768 - phase=train acc=0.74546875 loss=74.98581385612488 epoch=23 and step=100
2026-04-21 00:53:17,088 - SplitNNClient - INFO - 22768 - phase=train acc=0.7461647727272728 loss=82.24911773204803 epoch=23 and step=110
2026-04-21 00:53:18,909 - SplitNNClient - INFO - 22768 - phase=train acc=0.7468098958333333 loss=89.74803906679153 epoch=23 and step=120
2026-04-21 00:53:19,347 - FedServerManager - INFO - 22816 - get all model params ---- from rank fed_server
2026-04-21 00:53:32,233 - SplitNNClient - INFO - 22820 - phase=validation acc=0.6675 loss=71.85404425859451 epoch=23 and step=79
2026-04-21 00:53:32,701 - SplitNNClient - INFO - 24044 - phase=validation acc=0.6675 loss=71.85404425859451 epoch=23 and step=79
2026-04-21 00:53:32,851 - SplitNNClient - INFO - 10748 - phase=validation acc=0.6675 loss=71.85404425859451 epoch=23 and step=79
2026-04-21 00:53:33,036 - SplitNNClient - INFO - 22656 - phase=validation acc=0.6675 loss=71.85404425859451 epoch=23 and step=79
2026-04-21 00:53:33,143 - SplitNNClient - INFO - 22768 - phase=validation acc=0.6675 loss=71.85404425859451 epoch=23 and step=79
2026-04-21 00:53:36,321 - SplitNNClient - INFO - 22656 - phase=train acc=0.68046875 loss=9.070336759090424 epoch=24 and step=10
2026-04-21 00:53:36,393 - SplitNNClient - INFO - 22768 - phase=train acc=0.7375 loss=7.854632794857025 epoch=24 and step=10
2026-04-21 00:53:36,464 - SplitNNClient - INFO - 24044 - phase=train acc=0.58046875 loss=11.474060297012329 epoch=24 and step=10
2026-04-21 00:53:36,529 - SplitNNClient - INFO - 22820 - phase=train acc=0.625 loss=10.884327709674835 epoch=24 and step=10
2026-04-21 00:53:36,600 - SplitNNClient - INFO - 10748 - phase=train acc=0.6953125 loss=9.120996952056885 epoch=24 and step=10
2026-04-21 00:53:39,675 - SplitNNClient - INFO - 22656 - phase=train acc=0.691796875 loss=17.535810589790344 epoch=24 and step=20
2026-04-21 00:53:39,745 - SplitNNClient - INFO - 22768 - phase=train acc=0.737109375 loss=15.75534701347351 epoch=24 and step=20
2026-04-21 00:53:39,818 - SplitNNClient - INFO - 24044 - phase=train acc=0.58828125 loss=21.66039925813675 epoch=24 and step=20
2026-04-21 00:53:39,856 - SplitNNClient - INFO - 22820 - phase=train acc=0.648046875 loss=20.810958445072174 epoch=24 and step=20
2026-04-21 00:53:39,921 - SplitNNClient - INFO - 10748 - phase=train acc=0.68828125 loss=18.46478623151779 epoch=24 and step=20
2026-04-21 00:53:43,005 - SplitNNClient - INFO - 22656 - phase=train acc=0.6934895833333333 loss=25.67359721660614 epoch=24 and step=30
2026-04-21 00:53:43,149 - SplitNNClient - INFO - 24044 - phase=train acc=0.59609375 loss=31.522412419319153 epoch=24 and step=30
2026-04-21 00:53:43,205 - SplitNNClient - INFO - 22768 - phase=train acc=0.7375 loss=23.37689858675003 epoch=24 and step=30
2026-04-21 00:53:43,287 - SplitNNClient - INFO - 22820 - phase=train acc=0.67265625 loss=29.434837579727173 epoch=24 and step=30
2026-04-21 00:53:43,419 - SplitNNClient - INFO - 10748 - phase=train acc=0.6901041666666666 loss=27.133741438388824 epoch=24 and step=30
2026-04-21 00:53:46,701 - SplitNNClient - INFO - 22656 - phase=train acc=0.696484375 loss=33.57447689771652 epoch=24 and step=40
2026-04-21 00:53:46,778 - SplitNNClient - INFO - 24044 - phase=train acc=0.6076171875 loss=40.63435250520706 epoch=24 and step=40
2026-04-21 00:53:46,815 - SplitNNClient - INFO - 22768 - phase=train acc=0.7310546875 loss=31.22721576690674 epoch=24 and step=40
2026-04-21 00:53:46,882 - SplitNNClient - INFO - 22820 - phase=train acc=0.6794921875 loss=38.76878136396408 epoch=24 and step=40
2026-04-21 00:53:46,978 - SplitNNClient - INFO - 10748 - phase=train acc=0.6978515625 loss=35.33234429359436 epoch=24 and step=40
2026-04-21 00:53:50,109 - SplitNNClient - INFO - 24044 - phase=train acc=0.6140625 loss=50.39285182952881 epoch=24 and step=50
2026-04-21 00:53:50,179 - SplitNNClient - INFO - 22656 - phase=train acc=0.700625 loss=41.682278752326965 epoch=24 and step=50
2026-04-21 00:53:50,256 - SplitNNClient - INFO - 22768 - phase=train acc=0.73265625 loss=38.97421211004257 epoch=24 and step=50
2026-04-21 00:53:50,325 - SplitNNClient - INFO - 22820 - phase=train acc=0.68640625 loss=47.48374027013779 epoch=24 and step=50
2026-04-21 00:53:50,403 - SplitNNClient - INFO - 10748 - phase=train acc=0.69609375 loss=44.03476756811142 epoch=24 and step=50
2026-04-21 00:53:53,255 - SplitNNClient - INFO - 22656 - phase=train acc=0.7024739583333334 loss=49.61614978313446 epoch=24 and step=60
2026-04-21 00:53:53,358 - SplitNNClient - INFO - 22768 - phase=train acc=0.7311197916666666 loss=46.69628715515137 epoch=24 and step=60
2026-04-21 00:53:53,428 - SplitNNClient - INFO - 22820 - phase=train acc=0.6921875 loss=56.22906696796417 epoch=24 and step=60
2026-04-21 00:53:53,465 - SplitNNClient - INFO - 10748 - phase=train acc=0.6984375 loss=52.652197897434235 epoch=24 and step=60
2026-04-21 00:53:56,143 - SplitNNClient - INFO - 22820 - phase=train acc=0.6964285714285714 loss=64.98368459939957 epoch=24 and step=70
2026-04-21 00:53:56,243 - SplitNNClient - INFO - 22768 - phase=train acc=0.7332589285714286 loss=53.93380045890808 epoch=24 and step=70
2026-04-21 00:53:58,170 - SplitNNClient - INFO - 22768 - phase=train acc=0.7390625 loss=60.599992871284485 epoch=24 and step=80
2026-04-21 00:53:59,817 - SplitNNClient - INFO - 22768 - phase=train acc=0.7440104166666667 loss=67.022096991539 epoch=24 and step=90
2026-04-21 00:54:01,607 - SplitNNClient - INFO - 22768 - phase=train acc=0.744765625 loss=74.31518346071243 epoch=24 and step=100
2026-04-21 00:54:03,427 - SplitNNClient - INFO - 22768 - phase=train acc=0.7440340909090909 loss=82.2375493645668 epoch=24 and step=110
2026-04-21 00:54:05,006 - SplitNNClient - INFO - 22768 - phase=train acc=0.7445963541666667 loss=89.51241075992584 epoch=24 and step=120
2026-04-21 00:54:05,366 - FedServerManager - INFO - 22816 - get all model params ---- from rank fed_server
2026-04-21 00:54:17,652 - SplitNNClient - INFO - 22820 - phase=validation acc=0.664 loss=71.02505338191986 epoch=24 and step=79
2026-04-21 00:54:17,880 - SplitNNClient - INFO - 10748 - phase=validation acc=0.664 loss=71.02505338191986 epoch=24 and step=79
2026-04-21 00:54:17,886 - SplitNNClient - INFO - 24044 - phase=validation acc=0.664 loss=71.02505338191986 epoch=24 and step=79
2026-04-21 00:54:17,945 - SplitNNClient - INFO - 22768 - phase=validation acc=0.664 loss=71.02505338191986 epoch=24 and step=79
2026-04-21 00:54:17,967 - SplitNNClient - INFO - 22656 - phase=validation acc=0.664 loss=71.02505338191986 epoch=24 and step=79
2026-04-21 00:54:19,011 - CommBreakdown - INFO - 22768 - tensor_distribution rank=1 node_type=client phase=train epoch=25 sample=middle tensor=activations[0] shape=(128, 64, 16, 16) mean=1.35828 std=1.72585 min=0 max=20.7717 mean_abs=1.35828 max_abs=20.7717 p95_abs=4.90131 p99_abs=6.80631 skewness=1.5483 kurtosis=5.6866 mean_channel_std=1.02 std_channel_std=0.362053 max_channel_scale_over_min_channel_scale=11.7923 spread=high spread_score=1.27061 outliers=medium outlier_score=1.70937 near_zero=medium near_zero_fraction=0.383275
2026-04-21 00:54:19,022 - CommBreakdown - INFO - 22820 - tensor_distribution rank=5 node_type=client phase=train epoch=25 sample=middle tensor=activations[0] shape=(128, 64, 16, 16) mean=1.34947 std=1.72556 min=0 max=23.9656 mean_abs=1.34947 max_abs=23.9656 p95_abs=4.89283 p99_abs=6.87727 skewness=1.61244 kurtosis=6.19328 mean_channel_std=1.01522 std_channel_std=0.362815 max_channel_scale_over_min_channel_scale=8.19818 spread=high spread_score=1.2787 outliers=medium outlier_score=1.74697 near_zero=medium near_zero_fraction=0.380362
2026-04-21 00:54:19,074 - CommBreakdown - INFO - 10748 - tensor_distribution rank=4 node_type=client phase=train epoch=25 sample=middle tensor=activations[0] shape=(128, 64, 16, 16) mean=1.36003 std=1.73122 min=0 max=23.2193 mean_abs=1.36003 max_abs=23.2193 p95_abs=4.90452 p99_abs=6.84586 skewness=1.57556 kurtosis=5.92243 mean_channel_std=1.02984 std_channel_std=0.362539 max_channel_scale_over_min_channel_scale=8.73057 spread=high spread_score=1.27293 outliers=medium outlier_score=1.72323 near_zero=medium near_zero_fraction=0.383027
2026-04-21 00:54:19,080 - CommBreakdown - INFO - 24044 - tensor_distribution rank=2 node_type=client phase=train epoch=25 sample=middle tensor=activations[0] shape=(128, 64, 16, 16) mean=1.35723 std=1.72448 min=0 max=21.1712 mean_abs=1.35723 max_abs=21.1712 p95_abs=4.8961 p99_abs=6.8356 skewness=1.56357 kurtosis=5.795 mean_channel_std=1.01976 std_channel_std=0.359558 max_channel_scale_over_min_channel_scale=9.37989 spread=high spread_score=1.27059 outliers=medium outlier_score=1.72618 near_zero=medium near_zero_fraction=0.380788
2026-04-21 00:54:19,084 - CommBreakdown - INFO - 22656 - tensor_distribution rank=3 node_type=client phase=train epoch=25 sample=middle tensor=activations[0] shape=(128, 64, 16, 16) mean=1.35163 std=1.72462 min=0 max=21.8703 mean_abs=1.35163 max_abs=21.8703 p95_abs=4.89583 p99_abs=6.84403 skewness=1.59141 kurtosis=5.98956 mean_channel_std=1.01386 std_channel_std=0.364203 max_channel_scale_over_min_channel_scale=8.99738 spread=high spread_score=1.27596 outliers=medium outlier_score=1.73403 near_zero=medium near_zero_fraction=0.380875
2026-04-21 00:54:20,154 - CommBreakdown - INFO - 3168 - tensor_distribution rank=0 node_type=server phase=train epoch=25 sample=middle tensor=activation_grads shape=(128, 64, 16, 16) mean=5.14148e-09 std=1.82812e-05 min=-0.000842091 max=0.00106789 mean_abs=7.03016e-06 max_abs=0.00106789 p95_abs=2.86764e-05 p99_abs=7.51677e-05 skewness=0.00331535 kurtosis=1.68474e-05 mean_channel_std=1.75918e-05 std_channel_std=4.97309e-06 max_channel_scale_over_min_channel_scale=4.60062 spread=high spread_score=2.6004 outliers=high outlier_score=4.48519 near_zero=medium near_zero_fraction=0.261248
2026-04-21 00:55:12,120 - SplitNNClient - INFO - 22768 - phase=train acc=0.7203125 loss=8.134228587150574 epoch=25 and step=10
2026-04-21 00:55:13,274 - SplitNNClient - INFO - 22820 - phase=train acc=0.68046875 loss=10.100442469120026 epoch=25 and step=10
2026-04-21 00:55:14,463 - SplitNNClient - INFO - 24044 - phase=train acc=0.5578125 loss=11.975213289260864 epoch=25 and step=10
2026-04-21 00:55:15,526 - SplitNNClient - INFO - 10748 - phase=train acc=0.71015625 loss=8.80372804403305 epoch=25 and step=10
2026-04-21 00:55:16,703 - SplitNNClient - INFO - 22656 - phase=train acc=0.665625 loss=9.106228351593018 epoch=25 and step=10
2026-04-21 00:56:09,767 - SplitNNClient - INFO - 22768 - phase=train acc=0.735546875 loss=15.73360201716423 epoch=25 and step=20
2026-04-21 00:56:10,915 - SplitNNClient - INFO - 22820 - phase=train acc=0.6828125 loss=19.563231348991394 epoch=25 and step=20
2026-04-21 00:56:12,005 - SplitNNClient - INFO - 24044 - phase=train acc=0.590625 loss=21.969561874866486 epoch=25 and step=20
2026-04-21 00:56:13,153 - SplitNNClient - INFO - 10748 - phase=train acc=0.706640625 loss=16.923958897590637 epoch=25 and step=20
2026-04-21 00:56:14,304 - SplitNNClient - INFO - 22656 - phase=train acc=0.69140625 loss=16.941170811653137 epoch=25 and step=20
2026-04-21 00:57:07,493 - SplitNNClient - INFO - 22768 - phase=train acc=0.7385416666666667 loss=23.226943284273148 epoch=25 and step=30
2026-04-21 00:57:08,645 - SplitNNClient - INFO - 22820 - phase=train acc=0.69453125 loss=28.222318649291992 epoch=25 and step=30
2026-04-21 00:57:09,799 - SplitNNClient - INFO - 24044 - phase=train acc=0.5966145833333333 loss=31.590376794338226 epoch=25 and step=30
2026-04-21 00:57:10,979 - SplitNNClient - INFO - 10748 - phase=train acc=0.70703125 loss=25.342727184295654 epoch=25 and step=30
2026-04-21 00:57:12,125 - SplitNNClient - INFO - 22656 - phase=train acc=0.6984375 loss=25.01891541481018 epoch=25 and step=30
2026-04-21 00:58:05,209 - SplitNNClient - INFO - 22768 - phase=train acc=0.744921875 loss=30.29306247830391 epoch=25 and step=40
2026-04-21 00:58:06,329 - SplitNNClient - INFO - 22820 - phase=train acc=0.699609375 loss=36.69632762670517 epoch=25 and step=40
2026-04-21 00:58:07,513 - SplitNNClient - INFO - 24044 - phase=train acc=0.6037109375 loss=41.274939596652985 epoch=25 and step=40
2026-04-21 00:58:08,695 - SplitNNClient - INFO - 10748 - phase=train acc=0.711328125 loss=33.31545853614807 epoch=25 and step=40
2026-04-21 00:58:09,846 - SplitNNClient - INFO - 22656 - phase=train acc=0.7015625 loss=33.00289714336395 epoch=25 and step=40
2026-04-21 00:59:02,717 - SplitNNClient - INFO - 22768 - phase=train acc=0.7496875 loss=37.04070630669594 epoch=25 and step=50
2026-04-21 00:59:03,836 - SplitNNClient - INFO - 22820 - phase=train acc=0.7 loss=45.29603981971741 epoch=25 and step=50
2026-04-21 00:59:04,990 - SplitNNClient - INFO - 24044 - phase=train acc=0.6134375 loss=50.327599585056305 epoch=25 and step=50
2026-04-21 00:59:06,176 - SplitNNClient - INFO - 10748 - phase=train acc=0.71171875 loss=41.90797758102417 epoch=25 and step=50
2026-04-21 00:59:07,357 - SplitNNClient - INFO - 22656 - phase=train acc=0.70375 loss=41.05108165740967 epoch=25 and step=50
2026-04-21 00:59:54,502 - SplitNNClient - INFO - 22768 - phase=train acc=0.753125 loss=43.73761543631554 epoch=25 and step=60
2026-04-21 00:59:55,625 - SplitNNClient - INFO - 22820 - phase=train acc=0.7013020833333333 loss=53.99210625886917 epoch=25 and step=60
2026-04-21 00:59:56,813 - SplitNNClient - INFO - 10748 - phase=train acc=0.7095052083333333 loss=50.23740530014038 epoch=25 and step=60
2026-04-21 00:59:57,908 - SplitNNClient - INFO - 22656 - phase=train acc=0.704296875 loss=49.29219400882721 epoch=25 and step=60
2026-04-21 01:00:38,140 - SplitNNClient - INFO - 22768 - phase=train acc=0.7540178571428572 loss=50.850715190172195 epoch=25 and step=70
2026-04-21 01:00:39,234 - SplitNNClient - INFO - 22820 - phase=train acc=0.6998883928571429 loss=63.31985300779343 epoch=25 and step=70
2026-04-21 01:01:00,137 - SplitNNClient - INFO - 22768 - phase=train acc=0.75654296875 loss=57.49964579939842 epoch=25 and step=80
2026-04-21 01:01:19,595 - SplitNNClient - INFO - 22768 - phase=train acc=0.7560763888888888 loss=64.7633264362812 epoch=25 and step=90
2026-04-21 01:01:39,296 - SplitNNClient - INFO - 22768 - phase=train acc=0.756328125 loss=71.64953663945198 epoch=25 and step=100
2026-04-21 01:01:58,987 - SplitNNClient - INFO - 22768 - phase=train acc=0.7556107954545455 loss=79.25735053420067 epoch=25 and step=110
2026-04-21 01:02:18,795 - SplitNNClient - INFO - 22768 - phase=train acc=0.75390625 loss=86.93713602423668 epoch=25 and step=120
2026-04-21 01:02:22,747 - FedServerManager - INFO - 22816 - get all model params ---- from rank fed_server
2026-04-21 01:02:35,099 - SplitNNClient - INFO - 22820 - phase=validation acc=0.6766 loss=69.40719985961914 epoch=25 and step=79
2026-04-21 01:02:35,414 - SplitNNClient - INFO - 24044 - phase=validation acc=0.6766 loss=69.40719985961914 epoch=25 and step=79
2026-04-21 01:02:35,471 - SplitNNClient - INFO - 22656 - phase=validation acc=0.6766 loss=69.40719985961914 epoch=25 and step=79
2026-04-21 01:02:35,477 - SplitNNClient - INFO - 10748 - phase=validation acc=0.6766 loss=69.40719985961914 epoch=25 and step=79
2026-04-21 01:02:35,529 - SplitNNClient - INFO - 22768 - phase=validation acc=0.6766 loss=69.40719985961914 epoch=25 and step=79
2026-04-21 01:02:38,700 - SplitNNClient - INFO - 22768 - phase=train acc=0.7109375 loss=8.72627180814743 epoch=26 and step=10
2026-04-21 01:02:38,762 - SplitNNClient - INFO - 22656 - phase=train acc=0.70546875 loss=8.667630910873413 epoch=26 and step=10
2026-04-21 01:02:38,902 - SplitNNClient - INFO - 22820 - phase=train acc=0.67578125 loss=10.092876613140106 epoch=26 and step=10
2026-04-21 01:02:38,975 - SplitNNClient - INFO - 10748 - phase=train acc=0.7140625 loss=8.585902452468872 epoch=26 and step=10
2026-04-21 01:02:39,157 - SplitNNClient - INFO - 24044 - phase=train acc=0.584375 loss=11.10066843032837 epoch=26 and step=10
2026-04-21 01:02:42,028 - SplitNNClient - INFO - 22768 - phase=train acc=0.737109375 loss=15.77145653963089 epoch=26 and step=20
2026-04-21 01:02:42,103 - SplitNNClient - INFO - 22656 - phase=train acc=0.699609375 loss=17.36231815814972 epoch=26 and step=20
2026-04-21 01:02:42,251 - SplitNNClient - INFO - 22820 - phase=train acc=0.685546875 loss=19.23471873998642 epoch=26 and step=20
2026-04-21 01:02:42,318 - SplitNNClient - INFO - 10748 - phase=train acc=0.7203125 loss=16.474113702774048 epoch=26 and step=20
2026-04-21 01:02:42,507 - SplitNNClient - INFO - 24044 - phase=train acc=0.6125 loss=20.64617109298706 epoch=26 and step=20
2026-04-21 01:02:45,339 - SplitNNClient - INFO - 22768 - phase=train acc=0.74140625 loss=23.179895401000977 epoch=26 and step=30
2026-04-21 01:02:45,407 - SplitNNClient - INFO - 22656 - phase=train acc=0.7036458333333333 loss=25.27246344089508 epoch=26 and step=30
2026-04-21 01:02:45,523 - SplitNNClient - INFO - 22820 - phase=train acc=0.6875 loss=28.182906985282898 epoch=26 and step=30
2026-04-21 01:02:45,591 - SplitNNClient - INFO - 10748 - phase=train acc=0.7255208333333333 loss=24.486475110054016 epoch=26 and step=30
2026-04-21 01:02:45,804 - SplitNNClient - INFO - 24044 - phase=train acc=0.6192708333333333 loss=30.02875393629074 epoch=26 and step=30
2026-04-21 01:02:48,738 - SplitNNClient - INFO - 22768 - phase=train acc=0.74765625 loss=30.368321537971497 epoch=26 and step=40
2026-04-21 01:02:48,838 - SplitNNClient - INFO - 22656 - phase=train acc=0.7072265625 loss=33.06210535764694 epoch=26 and step=40
2026-04-21 01:02:48,960 - SplitNNClient - INFO - 22820 - phase=train acc=0.689453125 loss=37.08547246456146 epoch=26 and step=40
2026-04-21 01:02:49,030 - SplitNNClient - INFO - 10748 - phase=train acc=0.7185546875 loss=32.81175225973129 epoch=26 and step=40
2026-04-21 01:02:49,279 - SplitNNClient - INFO - 24044 - phase=train acc=0.62265625 loss=39.97669380903244 epoch=26 and step=40
2026-04-21 01:02:52,220 - SplitNNClient - INFO - 22768 - phase=train acc=0.75 loss=37.44525772333145 epoch=26 and step=50
2026-04-21 01:02:52,321 - SplitNNClient - INFO - 22656 - phase=train acc=0.7096875 loss=40.79602664709091 epoch=26 and step=50
2026-04-21 01:02:52,397 - SplitNNClient - INFO - 22820 - phase=train acc=0.69515625 loss=45.615823447704315 epoch=26 and step=50
2026-04-21 01:02:52,517 - SplitNNClient - INFO - 10748 - phase=train acc=0.71859375 loss=41.17918759584427 epoch=26 and step=50
2026-04-21 01:02:52,794 - SplitNNClient - INFO - 24044 - phase=train acc=0.61890625 loss=49.81851387023926 epoch=26 and step=50
2026-04-21 01:02:55,591 - SplitNNClient - INFO - 22768 - phase=train acc=0.754296875 loss=44.25797897577286 epoch=26 and step=60
2026-04-21 01:02:55,642 - SplitNNClient - INFO - 22656 - phase=train acc=0.7127604166666667 loss=48.44695037603378 epoch=26 and step=60
2026-04-21 01:02:55,712 - SplitNNClient - INFO - 22820 - phase=train acc=0.6984375 loss=54.32907223701477 epoch=26 and step=60
2026-04-21 01:02:55,782 - SplitNNClient - INFO - 10748 - phase=train acc=0.7201822916666667 loss=48.93699187040329 epoch=26 and step=60
2026-04-21 01:02:58,321 - SplitNNClient - INFO - 22768 - phase=train acc=0.7536830357142857 loss=51.42909073829651 epoch=26 and step=70
2026-04-21 01:02:58,386 - SplitNNClient - INFO - 22820 - phase=train acc=0.7004464285714286 loss=63.16712498664856 epoch=26 and step=70
2026-04-21 01:03:00,379 - SplitNNClient - INFO - 22768 - phase=train acc=0.75615234375 loss=58.35912811756134 epoch=26 and step=80
2026-04-21 01:03:02,076 - SplitNNClient - INFO - 22768 - phase=train acc=0.7573784722222222 loss=65.40972316265106 epoch=26 and step=90
2026-04-21 01:03:03,741 - SplitNNClient - INFO - 22768 - phase=train acc=0.75515625 loss=72.78926575183868 epoch=26 and step=100
2026-04-21 01:03:05,295 - SplitNNClient - INFO - 22768 - phase=train acc=0.7552556818181818 loss=79.738356590271 epoch=26 and step=110
2026-04-21 01:03:06,848 - SplitNNClient - INFO - 22768 - phase=train acc=0.7565104166666666 loss=86.66776299476624 epoch=26 and step=120
2026-04-21 01:03:07,212 - FedServerManager - INFO - 22816 - get all model params ---- from rank fed_server
2026-04-21 01:03:19,307 - SplitNNClient - INFO - 22820 - phase=validation acc=0.6911 loss=67.89565986394882 epoch=26 and step=79
2026-04-21 01:03:19,545 - SplitNNClient - INFO - 22656 - phase=validation acc=0.6911 loss=67.89565986394882 epoch=26 and step=79
2026-04-21 01:03:19,579 - SplitNNClient - INFO - 24044 - phase=validation acc=0.6911 loss=67.89565986394882 epoch=26 and step=79
2026-04-21 01:03:19,625 - SplitNNClient - INFO - 10748 - phase=validation acc=0.6911 loss=67.89565986394882 epoch=26 and step=79
2026-04-21 01:03:19,654 - SplitNNClient - INFO - 22768 - phase=validation acc=0.6911 loss=67.89565986394882 epoch=26 and step=79
2026-04-21 01:03:22,902 - SplitNNClient - INFO - 22820 - phase=train acc=0.6859375 loss=9.92003345489502 epoch=27 and step=10
2026-04-21 01:03:22,967 - SplitNNClient - INFO - 10748 - phase=train acc=0.71484375 loss=8.199536681175232 epoch=27 and step=10
2026-04-21 01:03:23,038 - SplitNNClient - INFO - 22768 - phase=train acc=0.74375 loss=7.850698113441467 epoch=27 and step=10
2026-04-21 01:03:23,110 - SplitNNClient - INFO - 22656 - phase=train acc=0.69375 loss=9.042838156223297 epoch=27 and step=10
2026-04-21 01:03:23,151 - SplitNNClient - INFO - 24044 - phase=train acc=0.61328125 loss=10.791568994522095 epoch=27 and step=10
2026-04-21 01:03:26,229 - SplitNNClient - INFO - 22820 - phase=train acc=0.704296875 loss=18.68806618452072 epoch=27 and step=20
2026-04-21 01:03:26,300 - SplitNNClient - INFO - 10748 - phase=train acc=0.719140625 loss=16.14937198162079 epoch=27 and step=20
2026-04-21 01:03:26,368 - SplitNNClient - INFO - 22768 - phase=train acc=0.7578125 loss=14.586368322372437 epoch=27 and step=20
2026-04-21 01:03:26,439 - SplitNNClient - INFO - 22656 - phase=train acc=0.716015625 loss=16.903354942798615 epoch=27 and step=20
2026-04-21 01:03:26,481 - SplitNNClient - INFO - 24044 - phase=train acc=0.62109375 loss=20.71732461452484 epoch=27 and step=20
2026-04-21 01:03:29,585 - SplitNNClient - INFO - 22820 - phase=train acc=0.7002604166666667 loss=27.955951273441315 epoch=27 and step=30
2026-04-21 01:03:29,686 - SplitNNClient - INFO - 10748 - phase=train acc=0.72109375 loss=24.319730281829834 epoch=27 and step=30
2026-04-21 01:03:29,788 - SplitNNClient - INFO - 22768 - phase=train acc=0.76015625 loss=21.748234510421753 epoch=27 and step=30
2026-04-21 01:03:29,860 - SplitNNClient - INFO - 22656 - phase=train acc=0.71484375 loss=25.132527351379395 epoch=27 and step=30
2026-04-21 01:03:29,902 - SplitNNClient - INFO - 24044 - phase=train acc=0.6197916666666666 loss=30.424710512161255 epoch=27 and step=30
2026-04-21 01:03:33,119 - SplitNNClient - INFO - 22820 - phase=train acc=0.698828125 loss=37.15041261911392 epoch=27 and step=40
2026-04-21 01:03:33,223 - SplitNNClient - INFO - 22768 - phase=train acc=0.7564453125 loss=28.927680492401123 epoch=27 and step=40
2026-04-21 01:03:33,300 - SplitNNClient - INFO - 10748 - phase=train acc=0.7171875 loss=32.65879666805267 epoch=27 and step=40
2026-04-21 01:03:33,375 - SplitNNClient - INFO - 24044 - phase=train acc=0.6244140625 loss=39.88225734233856 epoch=27 and step=40
2026-04-21 01:03:33,413 - SplitNNClient - INFO - 22656 - phase=train acc=0.71484375 loss=32.848281145095825 epoch=27 and step=40
2026-04-21 01:03:36,584 - SplitNNClient - INFO - 22820 - phase=train acc=0.70453125 loss=45.64679855108261 epoch=27 and step=50
2026-04-21 01:03:36,761 - SplitNNClient - INFO - 22768 - phase=train acc=0.75734375 loss=35.63436508178711 epoch=27 and step=50
2026-04-21 01:03:36,799 - SplitNNClient - INFO - 10748 - phase=train acc=0.71765625 loss=40.38340401649475 epoch=27 and step=50
2026-04-21 01:03:36,901 - SplitNNClient - INFO - 24044 - phase=train acc=0.62375 loss=49.69953465461731 epoch=27 and step=50
2026-04-21 01:03:37,022 - SplitNNClient - INFO - 22656 - phase=train acc=0.7165625 loss=40.368867456912994 epoch=27 and step=50
2026-04-21 01:03:39,778 - SplitNNClient - INFO - 22820 - phase=train acc=0.7029947916666667 loss=54.4208944439888 epoch=27 and step=60
2026-04-21 01:03:39,955 - SplitNNClient - INFO - 22768 - phase=train acc=0.7610677083333334 loss=42.36121594905853 epoch=27 and step=60
2026-04-21 01:03:39,998 - SplitNNClient - INFO - 10748 - phase=train acc=0.7171875 loss=48.623001873493195 epoch=27 and step=60
2026-04-21 01:03:40,132 - SplitNNClient - INFO - 22656 - phase=train acc=0.7165364583333333 loss=48.30284082889557 epoch=27 and step=60
2026-04-21 01:03:42,596 - SplitNNClient - INFO - 22820 - phase=train acc=0.7050223214285715 loss=62.893457770347595 epoch=27 and step=70
2026-04-21 01:03:42,666 - SplitNNClient - INFO - 22768 - phase=train acc=0.7612723214285714 loss=49.220141887664795 epoch=27 and step=70
2026-04-21 01:03:44,559 - SplitNNClient - INFO - 22768 - phase=train acc=0.7619140625 loss=56.18063199520111 epoch=27 and step=80
2026-04-21 01:03:46,386 - SplitNNClient - INFO - 22768 - phase=train acc=0.7620659722222223 loss=63.26835656166077 epoch=27 and step=90
2026-04-21 01:03:48,204 - SplitNNClient - INFO - 22768 - phase=train acc=0.76234375 loss=70.29315575957298 epoch=27 and step=100
2026-04-21 01:03:50,055 - SplitNNClient - INFO - 22768 - phase=train acc=0.76171875 loss=77.31258031725883 epoch=27 and step=110
2026-04-21 01:03:51,658 - SplitNNClient - INFO - 22768 - phase=train acc=0.7607421875 loss=84.58990839123726 epoch=27 and step=120
2026-04-21 01:03:52,062 - FedServerManager - INFO - 22816 - get all model params ---- from rank fed_server
2026-04-21 01:04:04,531 - SplitNNClient - INFO - 22820 - phase=validation acc=0.6925 loss=67.46765756607056 epoch=27 and step=79
2026-04-21 01:04:04,805 - SplitNNClient - INFO - 24044 - phase=validation acc=0.6925 loss=67.46765756607056 epoch=27 and step=79
2026-04-21 01:04:04,922 - SplitNNClient - INFO - 22656 - phase=validation acc=0.6925 loss=67.46765756607056 epoch=27 and step=79
2026-04-21 01:04:04,960 - SplitNNClient - INFO - 22768 - phase=validation acc=0.6925 loss=67.46765756607056 epoch=27 and step=79
2026-04-21 01:04:05,020 - SplitNNClient - INFO - 10748 - phase=validation acc=0.6925 loss=67.46765756607056 epoch=27 and step=79
2026-04-21 01:04:08,384 - SplitNNClient - INFO - 22820 - phase=train acc=0.665625 loss=10.13264012336731 epoch=28 and step=10
2026-04-21 01:04:08,454 - SplitNNClient - INFO - 24044 - phase=train acc=0.57109375 loss=11.633752882480621 epoch=28 and step=10
2026-04-21 01:04:08,561 - SplitNNClient - INFO - 22768 - phase=train acc=0.7125 loss=8.315436482429504 epoch=28 and step=10
2026-04-21 01:04:08,661 - SplitNNClient - INFO - 22656 - phase=train acc=0.696875 loss=8.485524237155914 epoch=28 and step=10
2026-04-21 01:04:08,736 - SplitNNClient - INFO - 10748 - phase=train acc=0.70703125 loss=8.28124314546585 epoch=28 and step=10
2026-04-21 01:04:11,936 - SplitNNClient - INFO - 22820 - phase=train acc=0.688671875 loss=18.84281885623932 epoch=28 and step=20
2026-04-21 01:04:12,077 - SplitNNClient - INFO - 22768 - phase=train acc=0.740234375 loss=15.241162478923798 epoch=28 and step=20
2026-04-21 01:04:12,149 - SplitNNClient - INFO - 22656 - phase=train acc=0.715234375 loss=16.298596620559692 epoch=28 and step=20
2026-04-21 01:04:12,228 - SplitNNClient - INFO - 24044 - phase=train acc=0.596875 loss=21.75799971818924 epoch=28 and step=20
2026-04-21 01:04:12,360 - SplitNNClient - INFO - 10748 - phase=train acc=0.715234375 loss=16.46191120147705 epoch=28 and step=20
2026-04-21 01:04:15,523 - SplitNNClient - INFO - 22820 - phase=train acc=0.6932291666666667 loss=27.78463989496231 epoch=28 and step=30
2026-04-21 01:04:15,660 - SplitNNClient - INFO - 22768 - phase=train acc=0.74609375 loss=22.52574372291565 epoch=28 and step=30
2026-04-21 01:04:15,702 - SplitNNClient - INFO - 22656 - phase=train acc=0.71640625 loss=24.283975303173065 epoch=28 and step=30
2026-04-21 01:04:15,782 - SplitNNClient - INFO - 24044 - phase=train acc=0.6088541666666667 loss=31.155500888824463 epoch=28 and step=30
2026-04-21 01:04:15,921 - SplitNNClient - INFO - 10748 - phase=train acc=0.7177083333333333 loss=24.27442467212677 epoch=28 and step=30
2026-04-21 01:04:18,770 - SplitNNClient - INFO - 22820 - phase=train acc=0.697265625 loss=36.43443447351456 epoch=28 and step=40
2026-04-21 01:04:18,987 - SplitNNClient - INFO - 22768 - phase=train acc=0.7576171875 loss=28.83050173521042 epoch=28 and step=40
2026-04-21 01:04:19,177 - SplitNNClient - INFO - 22656 - phase=train acc=0.7205078125 loss=31.82861816883087 epoch=28 and step=40
2026-04-21 01:04:19,218 - SplitNNClient - INFO - 24044 - phase=train acc=0.615234375 loss=40.88559353351593 epoch=28 and step=40
2026-04-21 01:04:19,367 - SplitNNClient - INFO - 10748 - phase=train acc=0.7189453125 loss=32.3506520986557 epoch=28 and step=40
2026-04-21 01:04:22,111 - SplitNNClient - INFO - 22820 - phase=train acc=0.70078125 loss=45.02429723739624 epoch=28 and step=50
2026-04-21 01:04:22,347 - SplitNNClient - INFO - 22768 - phase=train acc=0.75875 loss=35.60354149341583 epoch=28 and step=50
2026-04-21 01:04:22,514 - SplitNNClient - INFO - 22656 - phase=train acc=0.7259375 loss=39.24471551179886 epoch=28 and step=50
2026-04-21 01:04:22,589 - SplitNNClient - INFO - 24044 - phase=train acc=0.6190625 loss=50.21670860052109 epoch=28 and step=50
2026-04-21 01:04:22,760 - SplitNNClient - INFO - 10748 - phase=train acc=0.71546875 loss=40.556786239147186 epoch=28 and step=50
2026-04-21 01:04:25,353 - SplitNNClient - INFO - 22820 - phase=train acc=0.7015625 loss=54.04591244459152 epoch=28 and step=60
2026-04-21 01:04:25,495 - SplitNNClient - INFO - 22768 - phase=train acc=0.75703125 loss=43.34549981355667 epoch=28 and step=60
2026-04-21 01:04:25,710 - SplitNNClient - INFO - 22656 - phase=train acc=0.7247395833333333 loss=47.169083058834076 epoch=28 and step=60
2026-04-21 01:04:25,853 - SplitNNClient - INFO - 10748 - phase=train acc=0.718359375 loss=48.019387781620026 epoch=28 and step=60
2026-04-21 01:04:28,080 - SplitNNClient - INFO - 22820 - phase=train acc=0.7029017857142857 loss=62.559384644031525 epoch=28 and step=70
2026-04-21 01:04:28,250 - SplitNNClient - INFO - 22768 - phase=train acc=0.7606026785714286 loss=50.1923251748085 epoch=28 and step=70
2026-04-21 01:04:30,336 - SplitNNClient - INFO - 22768 - phase=train acc=0.76171875 loss=56.83370906114578 epoch=28 and step=80
2026-04-21 01:04:31,939 - SplitNNClient - INFO - 22768 - phase=train acc=0.7643229166666666 loss=63.116650342941284 epoch=28 and step=90
2026-04-21 01:04:33,791 - SplitNNClient - INFO - 22768 - phase=train acc=0.7659375 loss=69.45254656672478 epoch=28 and step=100
2026-04-21 01:04:35,652 - SplitNNClient - INFO - 22768 - phase=train acc=0.7660511363636363 loss=76.38433703780174 epoch=28 and step=110
2026-04-21 01:04:37,287 - SplitNNClient - INFO - 22768 - phase=train acc=0.7638671875 loss=84.09274724125862 epoch=28 and step=120
2026-04-21 01:04:37,649 - FedServerManager - INFO - 22816 - get all model params ---- from rank fed_server
2026-04-21 01:04:50,376 - SplitNNClient - INFO - 22820 - phase=validation acc=0.684 loss=68.7576053738594 epoch=28 and step=79
2026-04-21 01:04:50,405 - SplitNNClient - INFO - 22768 - phase=validation acc=0.684 loss=68.7576053738594 epoch=28 and step=79
2026-04-21 01:04:50,441 - SplitNNClient - INFO - 10748 - phase=validation acc=0.684 loss=68.7576053738594 epoch=28 and step=79
2026-04-21 01:04:50,452 - SplitNNClient - INFO - 24044 - phase=validation acc=0.684 loss=68.7576053738594 epoch=28 and step=79
2026-04-21 01:04:50,644 - SplitNNClient - INFO - 22656 - phase=validation acc=0.684 loss=68.7576053738594 epoch=28 and step=79
2026-04-21 01:04:53,673 - SplitNNClient - INFO - 22820 - phase=train acc=0.6859375 loss=9.718873381614685 epoch=29 and step=10
2026-04-21 01:04:53,884 - SplitNNClient - INFO - 22768 - phase=train acc=0.7640625 loss=7.189804136753082 epoch=29 and step=10
2026-04-21 01:04:53,952 - SplitNNClient - INFO - 24044 - phase=train acc=0.6125 loss=10.962567448616028 epoch=29 and step=10
2026-04-21 01:04:54,091 - SplitNNClient - INFO - 10748 - phase=train acc=0.74375 loss=7.572504162788391 epoch=29 and step=10
2026-04-21 01:04:54,161 - SplitNNClient - INFO - 22656 - phase=train acc=0.7015625 loss=8.077157735824585 epoch=29 and step=10
2026-04-21 01:04:57,045 - SplitNNClient - INFO - 22820 - phase=train acc=0.700390625 loss=18.157522678375244 epoch=29 and step=20
2026-04-21 01:04:57,253 - SplitNNClient - INFO - 22768 - phase=train acc=0.7734375 loss=14.168463736772537 epoch=29 and step=20
2026-04-21 01:04:57,299 - SplitNNClient - INFO - 24044 - phase=train acc=0.63046875 loss=19.862389624118805 epoch=29 and step=20
2026-04-21 01:04:57,446 - SplitNNClient - INFO - 10748 - phase=train acc=0.737890625 loss=15.513398706912994 epoch=29 and step=20
2026-04-21 01:04:57,512 - SplitNNClient - INFO - 22656 - phase=train acc=0.715625 loss=15.81780207157135 epoch=29 and step=20
2026-04-21 01:05:00,409 - SplitNNClient - INFO - 22820 - phase=train acc=0.7036458333333333 loss=26.928855240345 epoch=29 and step=30
2026-04-21 01:05:00,619 - SplitNNClient - INFO - 24044 - phase=train acc=0.63359375 loss=29.086720049381256 epoch=29 and step=30
2026-04-21 01:05:00,694 - SplitNNClient - INFO - 22768 - phase=train acc=0.7653645833333333 loss=21.238794654607773 epoch=29 and step=30
2026-04-21 01:05:00,811 - SplitNNClient - INFO - 10748 - phase=train acc=0.73359375 loss=23.594099819660187 epoch=29 and step=30
2026-04-21 01:05:00,891 - SplitNNClient - INFO - 22656 - phase=train acc=0.7182291666666667 loss=23.29361182451248 epoch=29 and step=30
2026-04-21 01:05:03,822 - SplitNNClient - INFO - 22820 - phase=train acc=0.705859375 loss=35.30486732721329 epoch=29 and step=40
2026-04-21 01:05:04,013 - SplitNNClient - INFO - 24044 - phase=train acc=0.633984375 loss=38.63459253311157 epoch=29 and step=40
2026-04-21 01:05:04,077 - SplitNNClient - INFO - 22768 - phase=train acc=0.7640625 loss=27.93989196419716 epoch=29 and step=40
2026-04-21 01:05:04,211 - SplitNNClient - INFO - 10748 - phase=train acc=0.7361328125 loss=30.989459455013275 epoch=29 and step=40
2026-04-21 01:05:04,285 - SplitNNClient - INFO - 22656 - phase=train acc=0.71796875 loss=31.27155715227127 epoch=29 and step=40
2026-04-21 01:05:07,184 - SplitNNClient - INFO - 22820 - phase=train acc=0.7053125 loss=44.379398226737976 epoch=29 and step=50
2026-04-21 01:05:07,470 - SplitNNClient - INFO - 24044 - phase=train acc=0.64 loss=47.674997448921204 epoch=29 and step=50
2026-04-21 01:05:07,537 - SplitNNClient - INFO - 22768 - phase=train acc=0.76703125 loss=34.2671402990818 epoch=29 and step=50
2026-04-21 01:05:07,648 - SplitNNClient - INFO - 10748 - phase=train acc=0.73578125 loss=38.674295127391815 epoch=29 and step=50
2026-04-21 01:05:07,743 - SplitNNClient - INFO - 22656 - phase=train acc=0.72046875 loss=38.790185153484344 epoch=29 and step=50
2026-04-21 01:05:10,395 - SplitNNClient - INFO - 22820 - phase=train acc=0.707421875 loss=52.66596871614456 epoch=29 and step=60
2026-04-21 01:05:10,604 - SplitNNClient - INFO - 22768 - phase=train acc=0.7697916666666667 loss=40.56775230169296 epoch=29 and step=60
2026-04-21 01:05:10,710 - SplitNNClient - INFO - 10748 - phase=train acc=0.731640625 loss=46.719986855983734 epoch=29 and step=60
2026-04-21 01:05:10,782 - SplitNNClient - INFO - 22656 - phase=train acc=0.72421875 loss=46.04475820064545 epoch=29 and step=60
2026-04-21 01:05:13,067 - SplitNNClient - INFO - 22820 - phase=train acc=0.7091517857142857 loss=60.88056641817093 epoch=29 and step=70
2026-04-21 01:05:13,423 - SplitNNClient - INFO - 22768 - phase=train acc=0.7719866071428572 loss=46.894653379917145 epoch=29 and step=70
2026-04-21 01:05:15,303 - SplitNNClient - INFO - 22768 - phase=train acc=0.77099609375 loss=54.09726417064667 epoch=29 and step=80
2026-04-21 01:05:17,088 - SplitNNClient - INFO - 22768 - phase=train acc=0.7723958333333333 loss=60.80475413799286 epoch=29 and step=90
2026-04-21 01:05:18,725 - SplitNNClient - INFO - 22768 - phase=train acc=0.772265625 loss=67.63288673758507 epoch=29 and step=100
2026-04-21 01:05:20,553 - SplitNNClient - INFO - 22768 - phase=train acc=0.7704545454545455 loss=74.77922251820564 epoch=29 and step=110
2026-04-21 01:05:22,171 - SplitNNClient - INFO - 22768 - phase=train acc=0.771875 loss=81.36421623826027 epoch=29 and step=120
2026-04-21 01:05:22,530 - FedServerManager - INFO - 22816 - get all model params ---- from rank fed_server
2026-04-21 01:05:35,004 - SplitNNClient - INFO - 24044 - phase=validation acc=0.6978 loss=66.56883454322815 epoch=29 and step=79
2026-04-21 01:05:35,007 - SplitNNClient - INFO - 22820 - phase=validation acc=0.6978 loss=66.56883454322815 epoch=29 and step=79
2026-04-21 01:05:35,112 - SplitNNClient - INFO - 22656 - phase=validation acc=0.6978 loss=66.56883454322815 epoch=29 and step=79
2026-04-21 01:05:35,208 - SplitNNClient - INFO - 22768 - phase=validation acc=0.6978 loss=66.56883454322815 epoch=29 and step=79
2026-04-21 01:05:35,214 - SplitNNClient - INFO - 10748 - phase=validation acc=0.6978 loss=66.56883454322815 epoch=29 and step=79
2026-04-21 01:05:38,383 - SplitNNClient - INFO - 22820 - phase=train acc=0.6765625 loss=9.987291753292084 epoch=30 and step=10
2026-04-21 01:05:38,526 - SplitNNClient - INFO - 22768 - phase=train acc=0.73828125 loss=7.557162642478943 epoch=30 and step=10
2026-04-21 01:05:38,594 - SplitNNClient - INFO - 22656 - phase=train acc=0.70546875 loss=8.343734860420227 epoch=30 and step=10
2026-04-21 01:05:38,669 - SplitNNClient - INFO - 24044 - phase=train acc=0.58046875 loss=11.77243822813034 epoch=30 and step=10
2026-04-21 01:05:38,809 - SplitNNClient - INFO - 10748 - phase=train acc=0.70703125 loss=8.513294041156769 epoch=30 and step=10
2026-04-21 01:05:41,697 - SplitNNClient - INFO - 22820 - phase=train acc=0.684765625 loss=18.698846340179443 epoch=30 and step=20
2026-04-21 01:05:41,877 - SplitNNClient - INFO - 22768 - phase=train acc=0.75078125 loss=14.53940898180008 epoch=30 and step=20
2026-04-21 01:05:41,946 - SplitNNClient - INFO - 22656 - phase=train acc=0.71875 loss=15.794712841510773 epoch=30 and step=20
2026-04-21 01:05:42,086 - SplitNNClient - INFO - 24044 - phase=train acc=0.605078125 loss=21.322907090187073 epoch=30 and step=20
2026-04-21 01:05:42,163 - SplitNNClient - INFO - 10748 - phase=train acc=0.7109375 loss=16.16325181722641 epoch=30 and step=20
2026-04-21 01:05:44,952 - SplitNNClient - INFO - 22820 - phase=train acc=0.6997395833333333 loss=26.74201214313507 epoch=30 and step=30
2026-04-21 01:05:45,376 - SplitNNClient - INFO - 22768 - phase=train acc=0.76484375 loss=20.730180621147156 epoch=30 and step=30
2026-04-21 01:05:45,440 - SplitNNClient - INFO - 22656 - phase=train acc=0.7236979166666667 loss=23.383470952510834 epoch=30 and step=30
2026-04-21 01:05:45,517 - SplitNNClient - INFO - 24044 - phase=train acc=0.6213541666666667 loss=30.331044495105743 epoch=30 and step=30
2026-04-21 01:05:45,560 - SplitNNClient - INFO - 10748 - phase=train acc=0.7184895833333333 loss=23.970063745975494 epoch=30 and step=30
2026-04-21 01:05:48,357 - SplitNNClient - INFO - 22820 - phase=train acc=0.705859375 loss=34.96646302938461 epoch=30 and step=40
2026-04-21 01:05:48,836 - SplitNNClient - INFO - 22768 - phase=train acc=0.769140625 loss=27.33008885383606 epoch=30 and step=40
2026-04-21 01:05:48,904 - SplitNNClient - INFO - 22656 - phase=train acc=0.72578125 loss=30.92782759666443 epoch=30 and step=40
2026-04-21 01:05:48,983 - SplitNNClient - INFO - 24044 - phase=train acc=0.6349609375 loss=38.97577327489853 epoch=30 and step=40
2026-04-21 01:05:49,091 - SplitNNClient - INFO - 10748 - phase=train acc=0.724609375 loss=31.06145751476288 epoch=30 and step=40
2026-04-21 01:05:51,824 - SplitNNClient - INFO - 22820 - phase=train acc=0.70765625 loss=43.51773637533188 epoch=30 and step=50
2026-04-21 01:05:52,289 - SplitNNClient - INFO - 22768 - phase=train acc=0.7671875 loss=34.14917504787445 epoch=30 and step=50
2026-04-21 01:05:52,358 - SplitNNClient - INFO - 22656 - phase=train acc=0.728125 loss=38.29204285144806 epoch=30 and step=50
2026-04-21 01:05:52,435 - SplitNNClient - INFO - 24044 - phase=train acc=0.6353125 loss=48.133941292762756 epoch=30 and step=50
2026-04-21 01:05:52,548 - SplitNNClient - INFO - 10748 - phase=train acc=0.72984375 loss=38.71078658103943 epoch=30 and step=50
2026-04-21 01:05:54,932 - SplitNNClient - INFO - 22820 - phase=train acc=0.7110677083333333 loss=51.737369656562805 epoch=30 and step=60
2026-04-21 01:05:55,373 - SplitNNClient - INFO - 22768 - phase=train acc=0.7704427083333333 loss=40.51104909181595 epoch=30 and step=60
2026-04-21 01:05:55,446 - SplitNNClient - INFO - 22656 - phase=train acc=0.73125 loss=45.60424882173538 epoch=30 and step=60
2026-04-21 01:05:55,559 - SplitNNClient - INFO - 10748 - phase=train acc=0.7295572916666667 loss=46.49210035800934 epoch=30 and step=60
2026-04-21 01:05:57,714 - SplitNNClient - INFO - 22820 - phase=train acc=0.71328125 loss=59.74493980407715 epoch=30 and step=70
2026-04-21 01:05:58,090 - SplitNNClient - INFO - 22768 - phase=train acc=0.7704241071428571 loss=46.947308003902435 epoch=30 and step=70
2026-04-21 01:06:00,073 - SplitNNClient - INFO - 22768 - phase=train acc=0.77041015625 loss=53.89677393436432 epoch=30 and step=80
2026-04-21 01:06:01,770 - SplitNNClient - INFO - 22768 - phase=train acc=0.76953125 loss=60.80580085515976 epoch=30 and step=90
2026-04-21 01:06:03,439 - SplitNNClient - INFO - 22768 - phase=train acc=0.771953125 loss=67.08573418855667 epoch=30 and step=100
2026-04-21 01:06:05,146 - SplitNNClient - INFO - 22768 - phase=train acc=0.7730113636363637 loss=73.55451512336731 epoch=30 and step=110
2026-04-21 01:06:06,870 - SplitNNClient - INFO - 22768 - phase=train acc=0.7724609375 loss=80.57490944862366 epoch=30 and step=120
2026-04-21 01:06:07,310 - FedServerManager - INFO - 22816 - get all model params ---- from rank fed_server
2026-04-21 01:06:19,719 - SplitNNClient - INFO - 22820 - phase=validation acc=0.7071 loss=63.710363149642944 epoch=30 and step=79
2026-04-21 01:06:20,374 - SplitNNClient - INFO - 24044 - phase=validation acc=0.7071 loss=63.710363149642944 epoch=30 and step=79
2026-04-21 01:06:20,382 - SplitNNClient - INFO - 22768 - phase=validation acc=0.7071 loss=63.710363149642944 epoch=30 and step=79
2026-04-21 01:06:20,423 - SplitNNClient - INFO - 10748 - phase=validation acc=0.7071 loss=63.710363149642944 epoch=30 and step=79
2026-04-21 01:06:20,525 - SplitNNClient - INFO - 22656 - phase=validation acc=0.7071 loss=63.710363149642944 epoch=30 and step=79
2026-04-21 01:06:23,824 - SplitNNClient - INFO - 22820 - phase=train acc=0.69453125 loss=9.168651640415192 epoch=31 and step=10
2026-04-21 01:06:23,903 - SplitNNClient - INFO - 24044 - phase=train acc=0.609375 loss=10.093103349208832 epoch=31 and step=10
2026-04-21 01:06:23,974 - SplitNNClient - INFO - 10748 - phase=train acc=0.75234375 loss=7.485886037349701 epoch=31 and step=10
2026-04-21 01:06:24,011 - SplitNNClient - INFO - 22768 - phase=train acc=0.7328125 loss=7.452613830566406 epoch=31 and step=10
2026-04-21 01:06:24,085 - SplitNNClient - INFO - 22656 - phase=train acc=0.71015625 loss=8.287315785884857 epoch=31 and step=10
2026-04-21 01:06:27,292 - SplitNNClient - INFO - 22820 - phase=train acc=0.686328125 loss=18.456580758094788 epoch=31 and step=20
2026-04-21 01:06:27,339 - SplitNNClient - INFO - 22768 - phase=train acc=0.743359375 loss=14.983736097812653 epoch=31 and step=20
2026-04-21 01:06:27,408 - SplitNNClient - INFO - 24044 - phase=train acc=0.62421875 loss=19.514369130134583 epoch=31 and step=20
2026-04-21 01:06:27,481 - SplitNNClient - INFO - 10748 - phase=train acc=0.754296875 loss=14.63073742389679 epoch=31 and step=20
2026-04-21 01:06:27,546 - SplitNNClient - INFO - 22656 - phase=train acc=0.728125 loss=15.51454609632492 epoch=31 and step=20
2026-04-21 01:06:30,543 - SplitNNClient - INFO - 22820 - phase=train acc=0.6966145833333334 loss=26.861778020858765 epoch=31 and step=30
2026-04-21 01:06:30,691 - SplitNNClient - INFO - 22768 - phase=train acc=0.7546875 loss=21.68949204683304 epoch=31 and step=30
2026-04-21 01:06:30,736 - SplitNNClient - INFO - 24044 - phase=train acc=0.6231770833333333 loss=28.588374197483063 epoch=31 and step=30
2026-04-21 01:06:30,802 - SplitNNClient - INFO - 10748 - phase=train acc=0.7408854166666666 loss=22.668507277965546 epoch=31 and step=30
2026-04-21 01:06:30,942 - SplitNNClient - INFO - 22656 - phase=train acc=0.7265625 loss=23.219436466693878 epoch=31 and step=30
2026-04-21 01:06:33,900 - SplitNNClient - INFO - 22820 - phase=train acc=0.70234375 loss=35.28782206773758 epoch=31 and step=40
2026-04-21 01:06:34,112 - SplitNNClient - INFO - 22768 - phase=train acc=0.7638671875 loss=28.12174290418625 epoch=31 and step=40
2026-04-21 01:06:34,190 - SplitNNClient - INFO - 24044 - phase=train acc=0.624609375 loss=38.16388028860092 epoch=31 and step=40
2026-04-21 01:06:34,324 - SplitNNClient - INFO - 10748 - phase=train acc=0.73515625 loss=30.626071333885193 epoch=31 and step=40
2026-04-21 01:06:34,394 - SplitNNClient - INFO - 22656 - phase=train acc=0.7310546875 loss=30.58961457014084 epoch=31 and step=40
2026-04-21 01:06:37,188 - SplitNNClient - INFO - 22820 - phase=train acc=0.70484375 loss=43.75636976957321 epoch=31 and step=50
2026-04-21 01:06:37,456 - SplitNNClient - INFO - 22768 - phase=train acc=0.7696875 loss=34.317617535591125 epoch=31 and step=50
2026-04-21 01:06:37,603 - SplitNNClient - INFO - 24044 - phase=train acc=0.6275 loss=47.67578500509262 epoch=31 and step=50
2026-04-21 01:06:37,698 - SplitNNClient - INFO - 10748 - phase=train acc=0.73515625 loss=38.15681952238083 epoch=31 and step=50
2026-04-21 01:06:37,743 - SplitNNClient - INFO - 22656 - phase=train acc=0.7371875 loss=37.5184805393219 epoch=31 and step=50
2026-04-21 01:06:40,427 - SplitNNClient - INFO - 22820 - phase=train acc=0.709765625 loss=51.88593810796738 epoch=31 and step=60
2026-04-21 01:06:40,636 - SplitNNClient - INFO - 22768 - phase=train acc=0.7704427083333333 loss=41.029779851436615 epoch=31 and step=60
2026-04-21 01:06:40,779 - SplitNNClient - INFO - 10748 - phase=train acc=0.7346354166666667 loss=45.71244943141937 epoch=31 and step=60
2026-04-21 01:06:40,882 - SplitNNClient - INFO - 22656 - phase=train acc=0.7385416666666667 loss=44.9265718460083 epoch=31 and step=60
2026-04-21 01:06:43,408 - SplitNNClient - INFO - 22820 - phase=train acc=0.7108258928571428 loss=59.93624520301819 epoch=31 and step=70
2026-04-21 01:06:43,830 - SplitNNClient - INFO - 22768 - phase=train acc=0.7706473214285714 loss=47.78826969861984 epoch=31 and step=70
2026-04-21 01:06:45,725 - SplitNNClient - INFO - 22768 - phase=train acc=0.773828125 loss=54.0297035574913 epoch=31 and step=80
2026-04-21 01:06:47,272 - SplitNNClient - INFO - 22768 - phase=train acc=0.7738715277777778 loss=60.388317942619324 epoch=31 and step=90
2026-04-21 01:06:48,828 - SplitNNClient - INFO - 22768 - phase=train acc=0.77421875 loss=66.97186437249184 epoch=31 and step=100
2026-04-21 01:06:50,403 - SplitNNClient - INFO - 22768 - phase=train acc=0.7755681818181818 loss=73.3298873603344 epoch=31 and step=110
2026-04-21 01:06:52,162 - SplitNNClient - INFO - 22768 - phase=train acc=0.7774088541666667 loss=79.51988813281059 epoch=31 and step=120
2026-04-21 01:06:52,600 - FedServerManager - INFO - 22816 - get all model params ---- from rank fed_server
2026-04-21 01:07:05,215 - SplitNNClient - INFO - 22820 - phase=validation acc=0.7171 loss=62.05126053094864 epoch=31 and step=79
2026-04-21 01:07:05,736 - SplitNNClient - INFO - 22768 - phase=validation acc=0.7171 loss=62.05126053094864 epoch=31 and step=79
2026-04-21 01:07:05,818 - SplitNNClient - INFO - 24044 - phase=validation acc=0.7171 loss=62.05126053094864 epoch=31 and step=79
2026-04-21 01:07:05,831 - SplitNNClient - INFO - 10748 - phase=validation acc=0.7171 loss=62.05126053094864 epoch=31 and step=79
2026-04-21 01:07:05,840 - SplitNNClient - INFO - 22656 - phase=validation acc=0.7171 loss=62.05126053094864 epoch=31 and step=79
2026-04-21 01:07:09,336 - SplitNNClient - INFO - 22820 - phase=train acc=0.7109375 loss=8.630364954471588 epoch=32 and step=10
2026-04-21 01:07:09,384 - SplitNNClient - INFO - 22656 - phase=train acc=0.734375 loss=7.604225754737854 epoch=32 and step=10
2026-04-21 01:07:09,481 - SplitNNClient - INFO - 10748 - phase=train acc=0.740625 loss=7.869309961795807 epoch=32 and step=10
2026-04-21 01:07:09,557 - SplitNNClient - INFO - 22768 - phase=train acc=0.74140625 loss=8.19674527645111 epoch=32 and step=10
2026-04-21 01:07:09,623 - SplitNNClient - INFO - 24044 - phase=train acc=0.61875 loss=10.54762351512909 epoch=32 and step=10
2026-04-21 01:07:12,746 - SplitNNClient - INFO - 22820 - phase=train acc=0.713671875 loss=17.36636197566986 epoch=32 and step=20
2026-04-21 01:07:12,825 - SplitNNClient - INFO - 22656 - phase=train acc=0.7359375 loss=14.98209810256958 epoch=32 and step=20
2026-04-21 01:07:12,898 - SplitNNClient - INFO - 10748 - phase=train acc=0.746484375 loss=15.059772253036499 epoch=32 and step=20
2026-04-21 01:07:12,971 - SplitNNClient - INFO - 22768 - phase=train acc=0.7609375 loss=14.934309303760529 epoch=32 and step=20
2026-04-21 01:07:13,015 - SplitNNClient - INFO - 24044 - phase=train acc=0.632421875 loss=19.752063989639282 epoch=32 and step=20
2026-04-21 01:07:16,260 - SplitNNClient - INFO - 22820 - phase=train acc=0.7174479166666666 loss=25.505673348903656 epoch=32 and step=30
2026-04-21 01:07:16,328 - SplitNNClient - INFO - 22656 - phase=train acc=0.7395833333333334 loss=22.154461324214935 epoch=32 and step=30
2026-04-21 01:07:16,432 - SplitNNClient - INFO - 10748 - phase=train acc=0.7385416666666667 loss=22.896846413612366 epoch=32 and step=30
2026-04-21 01:07:16,470 - SplitNNClient - INFO - 22768 - phase=train acc=0.7609375 loss=21.896259367465973 epoch=32 and step=30
2026-04-21 01:07:16,542 - SplitNNClient - INFO - 24044 - phase=train acc=0.6328125 loss=29.087414264678955 epoch=32 and step=30
2026-04-21 01:07:19,691 - SplitNNClient - INFO - 22820 - phase=train acc=0.7279296875 loss=32.99232864379883 epoch=32 and step=40
2026-04-21 01:07:19,838 - SplitNNClient - INFO - 22656 - phase=train acc=0.7373046875 loss=29.772874236106873 epoch=32 and step=40
2026-04-21 01:07:19,905 - SplitNNClient - INFO - 10748 - phase=train acc=0.7376953125 loss=30.269682824611664 epoch=32 and step=40
2026-04-21 01:07:19,981 - SplitNNClient - INFO - 22768 - phase=train acc=0.7693359375 loss=28.28305971622467 epoch=32 and step=40
2026-04-21 01:07:20,127 - SplitNNClient - INFO - 24044 - phase=train acc=0.640625 loss=37.731055080890656 epoch=32 and step=40
2026-04-21 01:07:23,209 - SplitNNClient - INFO - 22820 - phase=train acc=0.73015625 loss=41.07171958684921 epoch=32 and step=50
2026-04-21 01:07:23,344 - SplitNNClient - INFO - 22768 - phase=train acc=0.77171875 loss=34.44417533278465 epoch=32 and step=50
2026-04-21 01:07:23,414 - SplitNNClient - INFO - 22656 - phase=train acc=0.7371875 loss=37.098595678806305 epoch=32 and step=50
2026-04-21 01:07:23,483 - SplitNNClient - INFO - 10748 - phase=train acc=0.7359375 loss=37.74433606863022 epoch=32 and step=50
2026-04-21 01:07:23,618 - SplitNNClient - INFO - 24044 - phase=train acc=0.6434375 loss=46.25312924385071 epoch=32 and step=50
2026-04-21 01:07:26,462 - SplitNNClient - INFO - 22820 - phase=train acc=0.7291666666666666 loss=49.431031584739685 epoch=32 and step=60
2026-04-21 01:07:26,726 - SplitNNClient - INFO - 22768 - phase=train acc=0.7739583333333333 loss=40.58599951863289 epoch=32 and step=60
2026-04-21 01:07:26,939 - SplitNNClient - INFO - 22656 - phase=train acc=0.7403645833333333 loss=44.16200256347656 epoch=32 and step=60
2026-04-21 01:07:27,009 - SplitNNClient - INFO - 10748 - phase=train acc=0.7384114583333333 loss=45.08673846721649 epoch=32 and step=60
2026-04-21 01:07:29,535 - SplitNNClient - INFO - 22820 - phase=train acc=0.7327008928571429 loss=56.83498752117157 epoch=32 and step=70
2026-04-21 01:07:29,741 - SplitNNClient - INFO - 22768 - phase=train acc=0.7719866071428572 loss=47.286979615688324 epoch=32 and step=70
2026-04-21 01:07:31,767 - SplitNNClient - INFO - 22768 - phase=train acc=0.77373046875 loss=53.66722649335861 epoch=32 and step=80
2026-04-21 01:07:33,344 - SplitNNClient - INFO - 22768 - phase=train acc=0.7751736111111112 loss=60.25754010677338 epoch=32 and step=90
2026-04-21 01:07:34,982 - SplitNNClient - INFO - 22768 - phase=train acc=0.777109375 loss=66.3051345050335 epoch=32 and step=100
2026-04-21 01:07:36,677 - SplitNNClient - INFO - 22768 - phase=train acc=0.7796164772727273 loss=72.34966507554054 epoch=32 and step=110
2026-04-21 01:07:38,226 - SplitNNClient - INFO - 22768 - phase=train acc=0.7809895833333333 loss=78.51064211130142 epoch=32 and step=120
2026-04-21 01:07:38,585 - FedServerManager - INFO - 22816 - get all model params ---- from rank fed_server
2026-04-21 01:07:51,331 - SplitNNClient - INFO - 22820 - phase=validation acc=0.7105 loss=63.561868250370026 epoch=32 and step=79
2026-04-21 01:07:51,722 - SplitNNClient - INFO - 22656 - phase=validation acc=0.7105 loss=63.561868250370026 epoch=32 and step=79
2026-04-21 01:07:51,793 - SplitNNClient - INFO - 22768 - phase=validation acc=0.7105 loss=63.561868250370026 epoch=32 and step=79
2026-04-21 01:07:52,013 - SplitNNClient - INFO - 24044 - phase=validation acc=0.7105 loss=63.561868250370026 epoch=32 and step=79
2026-04-21 01:07:52,049 - SplitNNClient - INFO - 10748 - phase=validation acc=0.7105 loss=63.561868250370026 epoch=32 and step=79
2026-04-21 01:07:55,243 - SplitNNClient - INFO - 10748 - phase=train acc=0.73984375 loss=7.630963027477264 epoch=33 and step=10
2026-04-21 01:07:55,308 - SplitNNClient - INFO - 22768 - phase=train acc=0.7515625 loss=7.36012601852417 epoch=33 and step=10
2026-04-21 01:07:55,344 - SplitNNClient - INFO - 22820 - phase=train acc=0.696875 loss=9.02596789598465 epoch=33 and step=10
2026-04-21 01:07:55,419 - SplitNNClient - INFO - 22656 - phase=train acc=0.72890625 loss=7.8308645486831665 epoch=33 and step=10
2026-04-21 01:07:55,498 - SplitNNClient - INFO - 24044 - phase=train acc=0.6296875 loss=10.003256678581238 epoch=33 and step=10
2026-04-21 01:07:58,744 - SplitNNClient - INFO - 10748 - phase=train acc=0.74453125 loss=15.219710290431976 epoch=33 and step=20
2026-04-21 01:07:58,790 - SplitNNClient - INFO - 22820 - phase=train acc=0.708203125 loss=17.755605280399323 epoch=33 and step=20
2026-04-21 01:07:58,886 - SplitNNClient - INFO - 22768 - phase=train acc=0.766015625 loss=13.557813614606857 epoch=33 and step=20
2026-04-21 01:07:58,966 - SplitNNClient - INFO - 22656 - phase=train acc=0.73125 loss=15.429558753967285 epoch=33 and step=20
2026-04-21 01:07:59,025 - SplitNNClient - INFO - 24044 - phase=train acc=0.629296875 loss=19.500722229480743 epoch=33 and step=20
2026-04-21 01:08:02,239 - SplitNNClient - INFO - 22820 - phase=train acc=0.7140625 loss=25.859726667404175 epoch=33 and step=30
2026-04-21 01:08:02,281 - SplitNNClient - INFO - 10748 - phase=train acc=0.7453125 loss=22.705774784088135 epoch=33 and step=30
2026-04-21 01:08:02,346 - SplitNNClient - INFO - 22768 - phase=train acc=0.7708333333333334 loss=20.041237086057663 epoch=33 and step=30
2026-04-21 01:08:02,411 - SplitNNClient - INFO - 22656 - phase=train acc=0.7421875 loss=21.951301276683807 epoch=33 and step=30
2026-04-21 01:08:02,486 - SplitNNClient - INFO - 24044 - phase=train acc=0.6361979166666667 loss=29.049462497234344 epoch=33 and step=30
2026-04-21 01:08:05,558 - SplitNNClient - INFO - 22820 - phase=train acc=0.71640625 loss=34.129662334918976 epoch=33 and step=40
2026-04-21 01:08:05,625 - SplitNNClient - INFO - 10748 - phase=train acc=0.7453125 loss=29.958471834659576 epoch=33 and step=40
2026-04-21 01:08:05,693 - SplitNNClient - INFO - 22768 - phase=train acc=0.7744140625 loss=26.373526215553284 epoch=33 and step=40
2026-04-21 01:08:05,760 - SplitNNClient - INFO - 22656 - phase=train acc=0.74140625 loss=29.388826072216034 epoch=33 and step=40
2026-04-21 01:08:05,906 - SplitNNClient - INFO - 24044 - phase=train acc=0.635546875 loss=38.18905544281006 epoch=33 and step=40
2026-04-21 01:08:08,772 - SplitNNClient - INFO - 22820 - phase=train acc=0.7171875 loss=42.23114454746246 epoch=33 and step=50
2026-04-21 01:08:09,060 - SplitNNClient - INFO - 10748 - phase=train acc=0.7465625 loss=37.48469024896622 epoch=33 and step=50
2026-04-21 01:08:09,240 - SplitNNClient - INFO - 22768 - phase=train acc=0.77671875 loss=32.703675389289856 epoch=33 and step=50
2026-04-21 01:08:09,315 - SplitNNClient - INFO - 22656 - phase=train acc=0.74296875 loss=36.43187516927719 epoch=33 and step=50
2026-04-21 01:08:09,380 - SplitNNClient - INFO - 24044 - phase=train acc=0.63828125 loss=47.12744867801666 epoch=33 and step=50
2026-04-21 01:08:12,075 - SplitNNClient - INFO - 22820 - phase=train acc=0.7205729166666667 loss=50.00902271270752 epoch=33 and step=60
2026-04-21 01:08:12,266 - SplitNNClient - INFO - 10748 - phase=train acc=0.7428385416666666 loss=45.22895234823227 epoch=33 and step=60
2026-04-21 01:08:12,406 - SplitNNClient - INFO - 22768 - phase=train acc=0.778515625 loss=39.12599003314972 epoch=33 and step=60
2026-04-21 01:08:12,496 - SplitNNClient - INFO - 22656 - phase=train acc=0.7380208333333333 loss=44.16028469800949 epoch=33 and step=60
2026-04-21 01:08:14,981 - SplitNNClient - INFO - 22820 - phase=train acc=0.7225446428571428 loss=58.10782581567764 epoch=33 and step=70
2026-04-21 01:08:15,309 - SplitNNClient - INFO - 22768 - phase=train acc=0.7805803571428571 loss=44.99763935804367 epoch=33 and step=70
2026-04-21 01:08:17,220 - SplitNNClient - INFO - 22768 - phase=train acc=0.78349609375 loss=51.011948466300964 epoch=33 and step=80
2026-04-21 01:08:18,808 - SplitNNClient - INFO - 22768 - phase=train acc=0.784375 loss=57.25070407986641 epoch=33 and step=90
2026-04-21 01:08:20,457 - SplitNNClient - INFO - 22768 - phase=train acc=0.78421875 loss=63.62407514452934 epoch=33 and step=100
2026-04-21 01:08:22,129 - SplitNNClient - INFO - 22768 - phase=train acc=0.7843039772727273 loss=69.6928426027298 epoch=33 and step=110
2026-04-21 01:08:23,771 - SplitNNClient - INFO - 22768 - phase=train acc=0.7844401041666667 loss=75.9344824552536 epoch=33 and step=120
2026-04-21 01:08:24,169 - FedServerManager - INFO - 22816 - get all model params ---- from rank fed_server
2026-04-21 01:08:36,748 - SplitNNClient - INFO - 22820 - phase=validation acc=0.7185 loss=61.23924160003662 epoch=33 and step=79
2026-04-21 01:08:37,076 - SplitNNClient - INFO - 22768 - phase=validation acc=0.7185 loss=61.23924160003662 epoch=33 and step=79
2026-04-21 01:08:37,269 - SplitNNClient - INFO - 22656 - phase=validation acc=0.7185 loss=61.23924160003662 epoch=33 and step=79
2026-04-21 01:08:37,312 - SplitNNClient - INFO - 24044 - phase=validation acc=0.7185 loss=61.23924160003662 epoch=33 and step=79
2026-04-21 01:08:37,317 - SplitNNClient - INFO - 10748 - phase=validation acc=0.7185 loss=61.23924160003662 epoch=33 and step=79
2026-04-21 01:08:40,620 - SplitNNClient - INFO - 24044 - phase=train acc=0.609375 loss=10.737823903560638 epoch=34 and step=10
2026-04-21 01:08:40,682 - SplitNNClient - INFO - 22820 - phase=train acc=0.68515625 loss=9.447675347328186 epoch=34 and step=10
2026-04-21 01:08:40,759 - SplitNNClient - INFO - 10748 - phase=train acc=0.7453125 loss=7.452310919761658 epoch=34 and step=10
2026-04-21 01:08:40,830 - SplitNNClient - INFO - 22768 - phase=train acc=0.78359375 loss=6.72752258181572 epoch=34 and step=10
2026-04-21 01:08:40,900 - SplitNNClient - INFO - 22656 - phase=train acc=0.71171875 loss=8.297722935676575 epoch=34 and step=10
2026-04-21 01:08:43,950 - SplitNNClient - INFO - 22820 - phase=train acc=0.701171875 loss=17.802007377147675 epoch=34 and step=20
2026-04-21 01:08:44,023 - SplitNNClient - INFO - 24044 - phase=train acc=0.625 loss=20.00528645515442 epoch=34 and step=20
2026-04-21 01:08:44,123 - SplitNNClient - INFO - 10748 - phase=train acc=0.73671875 loss=15.114860236644745 epoch=34 and step=20
2026-04-21 01:08:44,164 - SplitNNClient - INFO - 22768 - phase=train acc=0.7859375 loss=12.859703987836838 epoch=34 and step=20
2026-04-21 01:08:44,231 - SplitNNClient - INFO - 22656 - phase=train acc=0.737890625 loss=14.992875128984451 epoch=34 and step=20
2026-04-21 01:08:47,336 - SplitNNClient - INFO - 22820 - phase=train acc=0.7127604166666667 loss=25.89350175857544 epoch=34 and step=30
2026-04-21 01:08:47,405 - SplitNNClient - INFO - 24044 - phase=train acc=0.6416666666666667 loss=28.689923465251923 epoch=34 and step=30
2026-04-21 01:08:47,471 - SplitNNClient - INFO - 10748 - phase=train acc=0.7354166666666667 loss=22.916074216365814 epoch=34 and step=30
2026-04-21 01:08:47,511 - SplitNNClient - INFO - 22768 - phase=train acc=0.7791666666666667 loss=19.872861057519913 epoch=34 and step=30
2026-04-21 01:08:47,587 - SplitNNClient - INFO - 22656 - phase=train acc=0.740625 loss=22.445081800222397 epoch=34 and step=30
2026-04-21 01:08:50,554 - SplitNNClient - INFO - 22820 - phase=train acc=0.721875 loss=33.67937916517258 epoch=34 and step=40
2026-04-21 01:08:50,735 - SplitNNClient - INFO - 24044 - phase=train acc=0.6470703125 loss=37.16695863008499 epoch=34 and step=40
2026-04-21 01:08:50,805 - SplitNNClient - INFO - 10748 - phase=train acc=0.74296875 loss=29.58522206544876 epoch=34 and step=40
2026-04-21 01:08:50,951 - SplitNNClient - INFO - 22768 - phase=train acc=0.7875 loss=25.585210293531418 epoch=34 and step=40
2026-04-21 01:08:51,082 - SplitNNClient - INFO - 22656 - phase=train acc=0.7484375 loss=28.83752802014351 epoch=34 and step=40
2026-04-21 01:08:53,877 - SplitNNClient - INFO - 22820 - phase=train acc=0.72578125 loss=41.614271461963654 epoch=34 and step=50
2026-04-21 01:08:53,995 - SplitNNClient - INFO - 24044 - phase=train acc=0.649375 loss=45.69686359167099 epoch=34 and step=50
2026-04-21 01:08:54,145 - SplitNNClient - INFO - 10748 - phase=train acc=0.74578125 loss=36.64788967370987 epoch=34 and step=50
2026-04-21 01:08:54,284 - SplitNNClient - INFO - 22768 - phase=train acc=0.78453125 loss=32.26775920391083 epoch=34 and step=50
2026-04-21 01:08:54,421 - SplitNNClient - INFO - 22656 - phase=train acc=0.75 loss=35.63332250714302 epoch=34 and step=50
2026-04-21 01:08:56,929 - SplitNNClient - INFO - 22820 - phase=train acc=0.72734375 loss=49.71680748462677 epoch=34 and step=60
2026-04-21 01:08:57,254 - SplitNNClient - INFO - 10748 - phase=train acc=0.7444010416666667 loss=43.912600576877594 epoch=34 and step=60
2026-04-21 01:08:57,323 - SplitNNClient - INFO - 22768 - phase=train acc=0.7819010416666666 loss=39.02750074863434 epoch=34 and step=60
2026-04-21 01:08:57,419 - SplitNNClient - INFO - 22656 - phase=train acc=0.7498697916666667 loss=42.54043564200401 epoch=34 and step=60
2026-04-21 01:08:59,803 - SplitNNClient - INFO - 22820 - phase=train acc=0.7285714285714285 loss=57.818776190280914 epoch=34 and step=70
2026-04-21 01:09:00,090 - SplitNNClient - INFO - 22768 - phase=train acc=0.7833705357142857 loss=45.21889418363571 epoch=34 and step=70
2026-04-21 01:09:01,993 - SplitNNClient - INFO - 22768 - phase=train acc=0.78193359375 loss=51.66008913516998 epoch=34 and step=80
2026-04-21 01:09:03,784 - SplitNNClient - INFO - 22768 - phase=train acc=0.7792534722222222 loss=58.308452129364014 epoch=34 and step=90
2026-04-21 01:09:05,640 - SplitNNClient - INFO - 22768 - phase=train acc=0.7784375 loss=64.70921084284782 epoch=34 and step=100
2026-04-21 01:09:07,498 - SplitNNClient - INFO - 22768 - phase=train acc=0.7767045454545455 loss=71.38393947482109 epoch=34 and step=110
2026-04-21 01:09:09,135 - SplitNNClient - INFO - 22768 - phase=train acc=0.7774088541666667 loss=78.0561948120594 epoch=34 and step=120
2026-04-21 01:09:09,524 - FedServerManager - INFO - 22816 - get all model params ---- from rank fed_server
2026-04-21 01:09:21,868 - SplitNNClient - INFO - 22820 - phase=validation acc=0.7221 loss=59.86436718702316 epoch=34 and step=79
2026-04-21 01:09:22,203 - SplitNNClient - INFO - 22656 - phase=validation acc=0.7221 loss=59.86436718702316 epoch=34 and step=79
2026-04-21 01:09:22,242 - SplitNNClient - INFO - 24044 - phase=validation acc=0.7221 loss=59.86436718702316 epoch=34 and step=79
2026-04-21 01:09:22,295 - SplitNNClient - INFO - 10748 - phase=validation acc=0.7221 loss=59.86436718702316 epoch=34 and step=79
2026-04-21 01:09:22,423 - SplitNNClient - INFO - 22768 - phase=validation acc=0.7221 loss=59.86436718702316 epoch=34 and step=79
2026-04-21 01:09:25,725 - SplitNNClient - INFO - 22656 - phase=train acc=0.7296875 loss=7.8367257714271545 epoch=35 and step=10
2026-04-21 01:09:25,801 - SplitNNClient - INFO - 24044 - phase=train acc=0.596875 loss=11.03117024898529 epoch=35 and step=10
2026-04-21 01:09:25,841 - SplitNNClient - INFO - 10748 - phase=train acc=0.73515625 loss=8.002283871173859 epoch=35 and step=10
2026-04-21 01:09:25,904 - SplitNNClient - INFO - 22768 - phase=train acc=0.76484375 loss=7.079065144062042 epoch=35 and step=10
2026-04-21 01:09:25,981 - SplitNNClient - INFO - 22820 - phase=train acc=0.709375 loss=8.956495106220245 epoch=35 and step=10
2026-04-21 01:09:29,152 - SplitNNClient - INFO - 22656 - phase=train acc=0.738671875 loss=14.85057508945465 epoch=35 and step=20
2026-04-21 01:09:29,254 - SplitNNClient - INFO - 10748 - phase=train acc=0.7390625 loss=15.359064936637878 epoch=35 and step=20
2026-04-21 01:09:29,399 - SplitNNClient - INFO - 22768 - phase=train acc=0.77265625 loss=13.637363016605377 epoch=35 and step=20
2026-04-21 01:09:29,469 - SplitNNClient - INFO - 22820 - phase=train acc=0.719140625 loss=16.90964961051941 epoch=35 and step=20
2026-04-21 01:09:29,713 - SplitNNClient - INFO - 24044 - phase=train acc=0.62734375 loss=20.018112778663635 epoch=35 and step=20
2026-04-21 01:09:32,766 - SplitNNClient - INFO - 22656 - phase=train acc=0.7515625 loss=21.472137808799744 epoch=35 and step=30
2026-04-21 01:09:32,836 - SplitNNClient - INFO - 22820 - phase=train acc=0.7252604166666666 loss=25.08783483505249 epoch=35 and step=30
2026-04-21 01:09:32,909 - SplitNNClient - INFO - 10748 - phase=train acc=0.7458333333333333 loss=22.33679175376892 epoch=35 and step=30
2026-04-21 01:09:33,021 - SplitNNClient - INFO - 22768 - phase=train acc=0.77421875 loss=20.234632074832916 epoch=35 and step=30
2026-04-21 01:09:33,304 - SplitNNClient - INFO - 24044 - phase=train acc=0.6372395833333333 loss=28.725880682468414 epoch=35 and step=30
2026-04-21 01:09:36,381 - SplitNNClient - INFO - 22656 - phase=train acc=0.7525390625 loss=28.381086349487305 epoch=35 and step=40
2026-04-21 01:09:36,495 - SplitNNClient - INFO - 22820 - phase=train acc=0.729296875 loss=32.64288550615311 epoch=35 and step=40
2026-04-21 01:09:36,593 - SplitNNClient - INFO - 10748 - phase=train acc=0.75 loss=28.914285838603973 epoch=35 and step=40
2026-04-21 01:09:36,639 - SplitNNClient - INFO - 22768 - phase=train acc=0.7814453125 loss=26.056837737560272 epoch=35 and step=40
2026-04-21 01:09:36,804 - SplitNNClient - INFO - 24044 - phase=train acc=0.644140625 loss=37.1643722653389 epoch=35 and step=40
2026-04-21 01:09:39,946 - SplitNNClient - INFO - 22820 - phase=train acc=0.730625 loss=40.672275364398956 epoch=35 and step=50
2026-04-21 01:09:40,043 - SplitNNClient - INFO - 22656 - phase=train acc=0.75453125 loss=35.29968160390854 epoch=35 and step=50
2026-04-21 01:09:40,159 - SplitNNClient - INFO - 10748 - phase=train acc=0.754375 loss=35.76062738895416 epoch=35 and step=50
2026-04-21 01:09:40,228 - SplitNNClient - INFO - 22768 - phase=train acc=0.7809375 loss=32.097352206707 epoch=35 and step=50
2026-04-21 01:09:40,470 - SplitNNClient - INFO - 24044 - phase=train acc=0.6509375 loss=45.557461977005005 epoch=35 and step=50
2026-04-21 01:09:43,304 - SplitNNClient - INFO - 22820 - phase=train acc=0.7328125 loss=48.3224133849144 epoch=35 and step=60
2026-04-21 01:09:43,371 - SplitNNClient - INFO - 22656 - phase=train acc=0.7553385416666667 loss=42.05266863107681 epoch=35 and step=60
2026-04-21 01:09:43,442 - SplitNNClient - INFO - 22768 - phase=train acc=0.7813802083333333 loss=38.45523390173912 epoch=35 and step=60
2026-04-21 01:09:43,546 - SplitNNClient - INFO - 10748 - phase=train acc=0.7518229166666667 loss=43.4913250207901 epoch=35 and step=60
2026-04-21 01:09:46,038 - SplitNNClient - INFO - 22820 - phase=train acc=0.7331473214285714 loss=56.27207976579666 epoch=35 and step=70
2026-04-21 01:09:46,150 - SplitNNClient - INFO - 22768 - phase=train acc=0.7850446428571428 loss=44.23392280936241 epoch=35 and step=70
2026-04-21 01:09:48,184 - SplitNNClient - INFO - 22768 - phase=train acc=0.7859375 loss=50.52827462553978 epoch=35 and step=80
2026-04-21 01:09:49,979 - SplitNNClient - INFO - 22768 - phase=train acc=0.7887152777777777 loss=56.25833314657211 epoch=35 and step=90
2026-04-21 01:09:51,533 - SplitNNClient - INFO - 22768 - phase=train acc=0.789609375 loss=62.13389366865158 epoch=35 and step=100
2026-04-21 01:09:53,124 - SplitNNClient - INFO - 22768 - phase=train acc=0.7889204545454546 loss=68.68605953454971 epoch=35 and step=110
2026-04-21 01:09:54,675 - SplitNNClient - INFO - 22768 - phase=train acc=0.7875 loss=75.5294389128685 epoch=35 and step=120
2026-04-21 01:09:55,034 - FedServerManager - INFO - 22816 - get all model params ---- from rank fed_server
2026-04-21 01:10:07,792 - SplitNNClient - INFO - 22820 - phase=validation acc=0.7139 loss=62.26365786790848 epoch=35 and step=79
2026-04-21 01:10:07,823 - SplitNNClient - INFO - 22768 - phase=validation acc=0.7139 loss=62.26365786790848 epoch=35 and step=79
2026-04-21 01:10:07,889 - SplitNNClient - INFO - 22656 - phase=validation acc=0.7139 loss=62.26365786790848 epoch=35 and step=79
2026-04-21 01:10:07,894 - SplitNNClient - INFO - 24044 - phase=validation acc=0.7139 loss=62.26365786790848 epoch=35 and step=79
2026-04-21 01:10:07,926 - SplitNNClient - INFO - 10748 - phase=validation acc=0.7139 loss=62.26365786790848 epoch=35 and step=79
2026-04-21 01:10:11,207 - SplitNNClient - INFO - 22820 - phase=train acc=0.7234375 loss=8.713155925273895 epoch=36 and step=10
2026-04-21 01:10:11,257 - SplitNNClient - INFO - 10748 - phase=train acc=0.7265625 loss=7.632254958152771 epoch=36 and step=10
2026-04-21 01:10:11,323 - SplitNNClient - INFO - 22768 - phase=train acc=0.746875 loss=7.1827117800712585 epoch=36 and step=10
2026-04-21 01:10:11,426 - SplitNNClient - INFO - 22656 - phase=train acc=0.7296875 loss=7.328884482383728 epoch=36 and step=10
2026-04-21 01:10:11,498 - SplitNNClient - INFO - 24044 - phase=train acc=0.64453125 loss=9.798552632331848 epoch=36 and step=10
2026-04-21 01:10:14,577 - SplitNNClient - INFO - 22820 - phase=train acc=0.730859375 loss=16.501299560070038 epoch=36 and step=20
2026-04-21 01:10:14,650 - SplitNNClient - INFO - 10748 - phase=train acc=0.746875 loss=14.351948320865631 epoch=36 and step=20
2026-04-21 01:10:14,721 - SplitNNClient - INFO - 22768 - phase=train acc=0.7640625 loss=13.320582181215286 epoch=36 and step=20
2026-04-21 01:10:14,787 - SplitNNClient - INFO - 22656 - phase=train acc=0.731640625 loss=14.338741958141327 epoch=36 and step=20
2026-04-21 01:10:15,063 - SplitNNClient - INFO - 24044 - phase=train acc=0.65546875 loss=18.620871424674988 epoch=36 and step=20
2026-04-21 01:10:18,012 - SplitNNClient - INFO - 22820 - phase=train acc=0.7403645833333333 loss=23.62056115269661 epoch=36 and step=30
2026-04-21 01:10:18,156 - SplitNNClient - INFO - 10748 - phase=train acc=0.74765625 loss=21.273446261882782 epoch=36 and step=30
2026-04-21 01:10:18,228 - SplitNNClient - INFO - 22768 - phase=train acc=0.7692708333333333 loss=19.876296788454056 epoch=36 and step=30
2026-04-21 01:10:18,304 - SplitNNClient - INFO - 22656 - phase=train acc=0.73359375 loss=21.569801568984985 epoch=36 and step=30
2026-04-21 01:10:18,444 - SplitNNClient - INFO - 24044 - phase=train acc=0.6546875 loss=27.548771679401398 epoch=36 and step=30
2026-04-21 01:10:21,503 - SplitNNClient - INFO - 22820 - phase=train acc=0.7369140625 loss=31.77034279704094 epoch=36 and step=40
2026-04-21 01:10:21,676 - SplitNNClient - INFO - 10748 - phase=train acc=0.7458984375 loss=28.39234435558319 epoch=36 and step=40
2026-04-21 01:10:21,742 - SplitNNClient - INFO - 22768 - phase=train acc=0.7724609375 loss=26.340270817279816 epoch=36 and step=40
2026-04-21 01:10:21,809 - SplitNNClient - INFO - 22656 - phase=train acc=0.741796875 loss=28.132396697998047 epoch=36 and step=40
2026-04-21 01:10:21,929 - SplitNNClient - INFO - 24044 - phase=train acc=0.6576171875 loss=36.35688090324402 epoch=36 and step=40
2026-04-21 01:10:25,028 - SplitNNClient - INFO - 22820 - phase=train acc=0.738125 loss=39.35998943448067 epoch=36 and step=50
2026-04-21 01:10:25,143 - SplitNNClient - INFO - 10748 - phase=train acc=0.74640625 loss=35.625517785549164 epoch=36 and step=50
2026-04-21 01:10:25,214 - SplitNNClient - INFO - 22768 - phase=train acc=0.7753125 loss=32.40665912628174 epoch=36 and step=50
2026-04-21 01:10:25,284 - SplitNNClient - INFO - 22656 - phase=train acc=0.7459375 loss=35.02930223941803 epoch=36 and step=50
2026-04-21 01:10:25,428 - SplitNNClient - INFO - 24044 - phase=train acc=0.65984375 loss=44.80993664264679 epoch=36 and step=50
2026-04-21 01:10:28,169 - SplitNNClient - INFO - 22820 - phase=train acc=0.74140625 loss=46.67221608757973 epoch=36 and step=60
2026-04-21 01:10:28,232 - SplitNNClient - INFO - 10748 - phase=train acc=0.749609375 loss=42.42981743812561 epoch=36 and step=60
2026-04-21 01:10:28,332 - SplitNNClient - INFO - 22768 - phase=train acc=0.7751302083333333 loss=38.55484738945961 epoch=36 and step=60
2026-04-21 01:10:28,474 - SplitNNClient - INFO - 22656 - phase=train acc=0.748828125 loss=41.773240745067596 epoch=36 and step=60
2026-04-21 01:10:31,008 - SplitNNClient - INFO - 22820 - phase=train acc=0.74140625 loss=54.476877480745316 epoch=36 and step=70
2026-04-21 01:10:31,170 - SplitNNClient - INFO - 22768 - phase=train acc=0.7793526785714285 loss=44.566651076078415 epoch=36 and step=70
2026-04-21 01:10:33,127 - SplitNNClient - INFO - 22768 - phase=train acc=0.78173828125 loss=50.37474337220192 epoch=36 and step=80
2026-04-21 01:10:34,708 - SplitNNClient - INFO - 22768 - phase=train acc=0.7815104166666667 loss=56.857353538274765 epoch=36 and step=90
2026-04-21 01:10:36,381 - SplitNNClient - INFO - 22768 - phase=train acc=0.7825 loss=62.832449555397034 epoch=36 and step=100
2026-04-21 01:10:38,176 - SplitNNClient - INFO - 22768 - phase=train acc=0.7838068181818182 loss=68.99904468655586 epoch=36 and step=110
2026-04-21 01:10:40,029 - SplitNNClient - INFO - 22768 - phase=train acc=0.7827473958333333 loss=75.41379502415657 epoch=36 and step=120
2026-04-21 01:10:40,476 - FedServerManager - INFO - 22816 - get all model params ---- from rank fed_server
2026-04-21 01:10:52,673 - SplitNNClient - INFO - 22820 - phase=validation acc=0.7328 loss=58.95070493221283 epoch=36 and step=79
2026-04-21 01:10:52,916 - SplitNNClient - INFO - 10748 - phase=validation acc=0.7328 loss=58.95070493221283 epoch=36 and step=79
2026-04-21 01:10:53,002 - SplitNNClient - INFO - 22768 - phase=validation acc=0.7328 loss=58.95070493221283 epoch=36 and step=79
2026-04-21 01:10:53,176 - SplitNNClient - INFO - 22656 - phase=validation acc=0.7328 loss=58.95070493221283 epoch=36 and step=79
2026-04-21 01:10:53,232 - SplitNNClient - INFO - 24044 - phase=validation acc=0.7328 loss=58.95070493221283 epoch=36 and step=79
2026-04-21 01:10:56,485 - SplitNNClient - INFO - 22656 - phase=train acc=0.74765625 loss=7.42649120092392 epoch=37 and step=10
2026-04-21 01:10:56,553 - SplitNNClient - INFO - 24044 - phase=train acc=0.60625 loss=10.34429281949997 epoch=37 and step=10
2026-04-21 01:10:56,688 - SplitNNClient - INFO - 22820 - phase=train acc=0.6984375 loss=9.300535798072815 epoch=37 and step=10
2026-04-21 01:10:56,730 - SplitNNClient - INFO - 22768 - phase=train acc=0.76875 loss=6.631031543016434 epoch=37 and step=10
2026-04-21 01:10:56,950 - SplitNNClient - INFO - 10748 - phase=train acc=0.77109375 loss=7.174128949642181 epoch=37 and step=10
2026-04-21 01:10:59,830 - SplitNNClient - INFO - 22656 - phase=train acc=0.7421875 loss=14.847532391548157 epoch=37 and step=20
2026-04-21 01:10:59,889 - SplitNNClient - INFO - 24044 - phase=train acc=0.63125 loss=19.46704876422882 epoch=37 and step=20
2026-04-21 01:11:00,037 - SplitNNClient - INFO - 22820 - phase=train acc=0.725 loss=16.543400049209595 epoch=37 and step=20
2026-04-21 01:11:00,104 - SplitNNClient - INFO - 22768 - phase=train acc=0.783203125 loss=12.59316000342369 epoch=37 and step=20
2026-04-21 01:11:00,312 - SplitNNClient - INFO - 10748 - phase=train acc=0.765625 loss=14.164320349693298 epoch=37 and step=20
2026-04-21 01:11:03,192 - SplitNNClient - INFO - 22656 - phase=train acc=0.75546875 loss=21.272515952587128 epoch=37 and step=30
2026-04-21 01:11:03,297 - SplitNNClient - INFO - 24044 - phase=train acc=0.64375 loss=28.0333970785141 epoch=37 and step=30
2026-04-21 01:11:03,366 - SplitNNClient - INFO - 22820 - phase=train acc=0.7325520833333333 loss=24.166413009166718 epoch=37 and step=30
2026-04-21 01:11:03,477 - SplitNNClient - INFO - 22768 - phase=train acc=0.7859375 loss=18.65566399693489 epoch=37 and step=30
2026-04-21 01:11:03,735 - SplitNNClient - INFO - 10748 - phase=train acc=0.76328125 loss=21.145051062107086 epoch=37 and step=30
2026-04-21 01:11:06,566 - SplitNNClient - INFO - 22656 - phase=train acc=0.7546875 loss=28.094699323177338 epoch=37 and step=40
2026-04-21 01:11:06,672 - SplitNNClient - INFO - 24044 - phase=train acc=0.648828125 loss=36.938715517520905 epoch=37 and step=40
2026-04-21 01:11:06,740 - SplitNNClient - INFO - 22820 - phase=train acc=0.733203125 loss=31.931206583976746 epoch=37 and step=40
2026-04-21 01:11:06,854 - SplitNNClient - INFO - 22768 - phase=train acc=0.7888671875 loss=24.62099316716194 epoch=37 and step=40
2026-04-21 01:11:07,141 - SplitNNClient - INFO - 10748 - phase=train acc=0.7654296875 loss=27.79981154203415 epoch=37 and step=40
2026-04-21 01:11:09,985 - SplitNNClient - INFO - 22656 - phase=train acc=0.7575 loss=34.62822622060776 epoch=37 and step=50
2026-04-21 01:11:10,054 - SplitNNClient - INFO - 24044 - phase=train acc=0.65453125 loss=45.34036910533905 epoch=37 and step=50
2026-04-21 01:11:10,132 - SplitNNClient - INFO - 22820 - phase=train acc=0.73609375 loss=39.53943306207657 epoch=37 and step=50
2026-04-21 01:11:10,269 - SplitNNClient - INFO - 22768 - phase=train acc=0.78765625 loss=30.927793592214584 epoch=37 and step=50
2026-04-21 01:11:10,532 - SplitNNClient - INFO - 10748 - phase=train acc=0.7665625 loss=34.79696798324585 epoch=37 and step=50
2026-04-21 01:11:13,130 - SplitNNClient - INFO - 22656 - phase=train acc=0.7604166666666666 loss=41.31767159700394 epoch=37 and step=60
2026-04-21 01:11:13,198 - SplitNNClient - INFO - 22820 - phase=train acc=0.7411458333333333 loss=46.63480108976364 epoch=37 and step=60
2026-04-21 01:11:13,315 - SplitNNClient - INFO - 22768 - phase=train acc=0.7895833333333333 loss=37.07085672020912 epoch=37 and step=60
2026-04-21 01:11:13,511 - SplitNNClient - INFO - 10748 - phase=train acc=0.7634114583333333 loss=41.936806082725525 epoch=37 and step=60
2026-04-21 01:11:15,930 - SplitNNClient - INFO - 22820 - phase=train acc=0.7383928571428572 loss=54.532118916511536 epoch=37 and step=70
2026-04-21 01:11:16,146 - SplitNNClient - INFO - 22768 - phase=train acc=0.790625 loss=42.98440429568291 epoch=37 and step=70
2026-04-21 01:11:18,123 - SplitNNClient - INFO - 22768 - phase=train acc=0.79052734375 loss=48.901580423116684 epoch=37 and step=80
2026-04-21 01:11:19,786 - SplitNNClient - INFO - 22768 - phase=train acc=0.79296875 loss=54.34451577067375 epoch=37 and step=90
2026-04-21 01:11:21,610 - SplitNNClient - INFO - 22768 - phase=train acc=0.7928125 loss=61.006912022829056 epoch=37 and step=100
2026-04-21 01:11:23,468 - SplitNNClient - INFO - 22768 - phase=train acc=0.7931107954545454 loss=66.87490820884705 epoch=37 and step=110
2026-04-21 01:11:25,198 - SplitNNClient - INFO - 22768 - phase=train acc=0.79609375 loss=71.89992833137512 epoch=37 and step=120
2026-04-21 01:11:25,587 - FedServerManager - INFO - 22816 - get all model params ---- from rank fed_server
2026-04-21 01:11:37,926 - SplitNNClient - INFO - 22820 - phase=validation acc=0.7332 loss=58.32709389925003 epoch=37 and step=79
2026-04-21 01:11:38,368 - SplitNNClient - INFO - 24044 - phase=validation acc=0.7332 loss=58.32709389925003 epoch=37 and step=79
2026-04-21 01:11:38,414 - SplitNNClient - INFO - 22656 - phase=validation acc=0.7332 loss=58.32709389925003 epoch=37 and step=79
2026-04-21 01:11:38,437 - SplitNNClient - INFO - 22768 - phase=validation acc=0.7332 loss=58.32709389925003 epoch=37 and step=79
2026-04-21 01:11:38,475 - SplitNNClient - INFO - 10748 - phase=validation acc=0.7332 loss=58.32709389925003 epoch=37 and step=79
2026-04-21 01:11:41,667 - SplitNNClient - INFO - 22820 - phase=train acc=0.715625 loss=8.53902119398117 epoch=38 and step=10
2026-04-21 01:11:41,745 - SplitNNClient - INFO - 22768 - phase=train acc=0.76328125 loss=6.803970098495483 epoch=38 and step=10
2026-04-21 01:11:41,816 - SplitNNClient - INFO - 24044 - phase=train acc=0.625 loss=10.164310932159424 epoch=38 and step=10
2026-04-21 01:11:41,886 - SplitNNClient - INFO - 22656 - phase=train acc=0.75234375 loss=7.2674630880355835 epoch=38 and step=10
2026-04-21 01:11:41,925 - SplitNNClient - INFO - 10748 - phase=train acc=0.75546875 loss=7.207554817199707 epoch=38 and step=10
2026-04-21 01:11:45,002 - SplitNNClient - INFO - 22820 - phase=train acc=0.726953125 loss=16.283296585083008 epoch=38 and step=20
2026-04-21 01:11:45,077 - SplitNNClient - INFO - 22768 - phase=train acc=0.7875 loss=12.425707578659058 epoch=38 and step=20
2026-04-21 01:11:45,147 - SplitNNClient - INFO - 24044 - phase=train acc=0.645703125 loss=18.93561202287674 epoch=38 and step=20
2026-04-21 01:11:45,215 - SplitNNClient - INFO - 10748 - phase=train acc=0.753125 loss=14.356689512729645 epoch=38 and step=20
2026-04-21 01:11:45,258 - SplitNNClient - INFO - 22656 - phase=train acc=0.758984375 loss=13.68752807378769 epoch=38 and step=20
2026-04-21 01:11:48,261 - SplitNNClient - INFO - 22820 - phase=train acc=0.7302083333333333 loss=24.038825035095215 epoch=38 and step=30
2026-04-21 01:11:48,447 - SplitNNClient - INFO - 22768 - phase=train acc=0.7947916666666667 loss=18.432705342769623 epoch=38 and step=30
2026-04-21 01:11:48,518 - SplitNNClient - INFO - 24044 - phase=train acc=0.6513020833333333 loss=27.723495423793793 epoch=38 and step=30
2026-04-21 01:11:48,663 - SplitNNClient - INFO - 10748 - phase=train acc=0.7619791666666667 loss=20.889253556728363 epoch=38 and step=30
2026-04-21 01:11:48,738 - SplitNNClient - INFO - 22656 - phase=train acc=0.7565104166666666 loss=20.72482931613922 epoch=38 and step=30
2026-04-21 01:11:51,746 - SplitNNClient - INFO - 22820 - phase=train acc=0.7337890625 loss=31.945619642734528 epoch=38 and step=40
2026-04-21 01:11:51,979 - SplitNNClient - INFO - 22768 - phase=train acc=0.7982421875 loss=24.043087154626846 epoch=38 and step=40
2026-04-21 01:11:52,023 - SplitNNClient - INFO - 24044 - phase=train acc=0.655078125 loss=36.00815486907959 epoch=38 and step=40
2026-04-21 01:11:52,168 - SplitNNClient - INFO - 10748 - phase=train acc=0.7625 loss=27.830499529838562 epoch=38 and step=40
2026-04-21 01:11:52,243 - SplitNNClient - INFO - 22656 - phase=train acc=0.7568359375 loss=27.490254640579224 epoch=38 and step=40
2026-04-21 01:11:55,217 - SplitNNClient - INFO - 22820 - phase=train acc=0.73703125 loss=39.37280201911926 epoch=38 and step=50
2026-04-21 01:11:55,419 - SplitNNClient - INFO - 22768 - phase=train acc=0.80296875 loss=29.43358287215233 epoch=38 and step=50
2026-04-21 01:11:55,463 - SplitNNClient - INFO - 24044 - phase=train acc=0.6590625 loss=44.24137610197067 epoch=38 and step=50
2026-04-21 01:11:55,605 - SplitNNClient - INFO - 10748 - phase=train acc=0.75875 loss=35.00241535902023 epoch=38 and step=50
2026-04-21 01:11:55,674 - SplitNNClient - INFO - 22656 - phase=train acc=0.75765625 loss=34.33256369829178 epoch=38 and step=50
2026-04-21 01:11:58,445 - SplitNNClient - INFO - 22820 - phase=train acc=0.7388020833333333 loss=47.21588385105133 epoch=38 and step=60
2026-04-21 01:11:58,665 - SplitNNClient - INFO - 22768 - phase=train acc=0.8010416666666667 loss=35.427957981824875 epoch=38 and step=60
2026-04-21 01:11:58,768 - SplitNNClient - INFO - 10748 - phase=train acc=0.7576822916666667 loss=42.079423904418945 epoch=38 and step=60
2026-04-21 01:11:58,844 - SplitNNClient - INFO - 22656 - phase=train acc=0.7592447916666667 loss=41.123741924762726 epoch=38 and step=60
2026-04-21 01:12:01,047 - SplitNNClient - INFO - 22820 - phase=train acc=0.7389508928571429 loss=54.75895994901657 epoch=38 and step=70
2026-04-21 01:12:01,486 - SplitNNClient - INFO - 22768 - phase=train acc=0.8012276785714286 loss=41.12107726931572 epoch=38 and step=70
2026-04-21 01:12:03,522 - SplitNNClient - INFO - 22768 - phase=train acc=0.80009765625 loss=47.152697682380676 epoch=38 and step=80
2026-04-21 01:12:05,377 - SplitNNClient - INFO - 22768 - phase=train acc=0.7979166666666667 loss=53.281960010528564 epoch=38 and step=90
2026-04-21 01:12:07,107 - SplitNNClient - INFO - 22768 - phase=train acc=0.798671875 loss=59.1809062063694 epoch=38 and step=100
2026-04-21 01:12:08,660 - SplitNNClient - INFO - 22768 - phase=train acc=0.7991477272727273 loss=65.36637327075005 epoch=38 and step=110
2026-04-21 01:12:10,217 - SplitNNClient - INFO - 22768 - phase=train acc=0.7994140625 loss=71.33300939202309 epoch=38 and step=120
2026-04-21 01:12:10,582 - FedServerManager - INFO - 22816 - get all model params ---- from rank fed_server
2026-04-21 01:12:22,585 - SplitNNClient - INFO - 22820 - phase=validation acc=0.7383 loss=56.958556801080704 epoch=38 and step=79
2026-04-21 01:12:22,851 - SplitNNClient - INFO - 24044 - phase=validation acc=0.7383 loss=56.958556801080704 epoch=38 and step=79
2026-04-21 01:12:22,870 - SplitNNClient - INFO - 22656 - phase=validation acc=0.7383 loss=56.958556801080704 epoch=38 and step=79
2026-04-21 01:12:22,930 - SplitNNClient - INFO - 22768 - phase=validation acc=0.7383 loss=56.958556801080704 epoch=38 and step=79
2026-04-21 01:12:23,059 - SplitNNClient - INFO - 10748 - phase=validation acc=0.7383 loss=56.958556801080704 epoch=38 and step=79
2026-04-21 01:12:26,311 - SplitNNClient - INFO - 24044 - phase=train acc=0.6421875 loss=9.640594363212585 epoch=39 and step=10
2026-04-21 01:12:26,425 - SplitNNClient - INFO - 10748 - phase=train acc=0.76484375 loss=7.031849563121796 epoch=39 and step=10
2026-04-21 01:12:26,504 - SplitNNClient - INFO - 22820 - phase=train acc=0.71015625 loss=8.784411072731018 epoch=39 and step=10
2026-04-21 01:12:26,571 - SplitNNClient - INFO - 22768 - phase=train acc=0.78828125 loss=6.316519200801849 epoch=39 and step=10
2026-04-21 01:12:26,714 - SplitNNClient - INFO - 22656 - phase=train acc=0.71875 loss=7.669975817203522 epoch=39 and step=10
2026-04-21 01:12:29,903 - SplitNNClient - INFO - 24044 - phase=train acc=0.653125 loss=18.253153264522552 epoch=39 and step=20
2026-04-21 01:12:29,971 - SplitNNClient - INFO - 10748 - phase=train acc=0.7640625 loss=14.090170323848724 epoch=39 and step=20
2026-04-21 01:12:30,032 - SplitNNClient - INFO - 22820 - phase=train acc=0.71640625 loss=16.814728558063507 epoch=39 and step=20
2026-04-21 01:12:30,101 - SplitNNClient - INFO - 22768 - phase=train acc=0.798046875 loss=12.07417443394661 epoch=39 and step=20
2026-04-21 01:12:30,206 - SplitNNClient - INFO - 22656 - phase=train acc=0.742578125 loss=14.450960993766785 epoch=39 and step=20
2026-04-21 01:12:33,316 - SplitNNClient - INFO - 24044 - phase=train acc=0.6645833333333333 loss=26.648215174674988 epoch=39 and step=30
2026-04-21 01:12:33,384 - SplitNNClient - INFO - 22820 - phase=train acc=0.7278645833333334 loss=23.977127254009247 epoch=39 and step=30
2026-04-21 01:12:33,425 - SplitNNClient - INFO - 10748 - phase=train acc=0.7651041666666667 loss=21.007350206375122 epoch=39 and step=30
2026-04-21 01:12:33,490 - SplitNNClient - INFO - 22768 - phase=train acc=0.8036458333333333 loss=17.64694920182228 epoch=39 and step=30
2026-04-21 01:12:33,562 - SplitNNClient - INFO - 22656 - phase=train acc=0.7479166666666667 loss=21.25001174211502 epoch=39 and step=30
2026-04-21 01:12:36,903 - SplitNNClient - INFO - 24044 - phase=train acc=0.6666015625 loss=34.99030417203903 epoch=39 and step=40
2026-04-21 01:12:36,943 - SplitNNClient - INFO - 22820 - phase=train acc=0.732421875 loss=31.419646561145782 epoch=39 and step=40
2026-04-21 01:12:37,039 - SplitNNClient - INFO - 10748 - phase=train acc=0.763671875 loss=27.836758375167847 epoch=39 and step=40
2026-04-21 01:12:37,116 - SplitNNClient - INFO - 22768 - phase=train acc=0.80234375 loss=23.274428963661194 epoch=39 and step=40
2026-04-21 01:12:37,185 - SplitNNClient - INFO - 22656 - phase=train acc=0.753515625 loss=27.737808525562286 epoch=39 and step=40
2026-04-21 01:12:40,418 - SplitNNClient - INFO - 24044 - phase=train acc=0.6675 loss=43.50310671329498 epoch=39 and step=50
2026-04-21 01:12:40,480 - SplitNNClient - INFO - 22820 - phase=train acc=0.734375 loss=39.004519283771515 epoch=39 and step=50
2026-04-21 01:12:40,556 - SplitNNClient - INFO - 10748 - phase=train acc=0.76390625 loss=34.78732430934906 epoch=39 and step=50
2026-04-21 01:12:40,627 - SplitNNClient - INFO - 22768 - phase=train acc=0.80171875 loss=29.332049936056137 epoch=39 and step=50
2026-04-21 01:12:40,675 - SplitNNClient - INFO - 22656 - phase=train acc=0.75515625 loss=34.423292338848114 epoch=39 and step=50
2026-04-21 01:12:43,536 - SplitNNClient - INFO - 22820 - phase=train acc=0.737109375 loss=46.44963937997818 epoch=39 and step=60
2026-04-21 01:12:43,581 - SplitNNClient - INFO - 10748 - phase=train acc=0.7626302083333333 loss=41.58806389570236 epoch=39 and step=60
2026-04-21 01:12:43,653 - SplitNNClient - INFO - 22768 - phase=train acc=0.8036458333333333 loss=34.93121129274368 epoch=39 and step=60
2026-04-21 01:12:43,725 - SplitNNClient - INFO - 22656 - phase=train acc=0.7571614583333334 loss=40.70365682244301 epoch=39 and step=60
2026-04-21 01:12:46,386 - SplitNNClient - INFO - 22820 - phase=train acc=0.7358258928571428 loss=54.57920128107071 epoch=39 and step=70
2026-04-21 01:12:46,452 - SplitNNClient - INFO - 22768 - phase=train acc=0.8026785714285715 loss=41.16996273398399 epoch=39 and step=70
2026-04-21 01:12:48,498 - SplitNNClient - INFO - 22768 - phase=train acc=0.80205078125 loss=47.6574909389019 epoch=39 and step=80
2026-04-21 01:12:50,267 - SplitNNClient - INFO - 22768 - phase=train acc=0.80234375 loss=53.54761764407158 epoch=39 and step=90
2026-04-21 01:12:51,975 - SplitNNClient - INFO - 22768 - phase=train acc=0.802265625 loss=59.19768929481506 epoch=39 and step=100
2026-04-21 01:12:53,792 - SplitNNClient - INFO - 22768 - phase=train acc=0.8022727272727272 loss=65.17187842726707 epoch=39 and step=110
2026-04-21 01:12:55,656 - SplitNNClient - INFO - 22768 - phase=train acc=0.8018229166666667 loss=70.99102073907852 epoch=39 and step=120
2026-04-21 01:12:56,176 - FedServerManager - INFO - 22816 - get all model params ---- from rank fed_server
2026-04-21 01:13:08,457 - SplitNNClient - INFO - 22820 - phase=validation acc=0.747 loss=56.080608665943146 epoch=39 and step=79
2026-04-21 01:13:08,539 - SplitNNClient - INFO - 22656 - phase=validation acc=0.747 loss=56.080608665943146 epoch=39 and step=79
2026-04-21 01:13:08,570 - SplitNNClient - INFO - 22768 - phase=validation acc=0.747 loss=56.080608665943146 epoch=39 and step=79
2026-04-21 01:13:08,586 - SplitNNClient - INFO - 24044 - phase=validation acc=0.747 loss=56.080608665943146 epoch=39 and step=79
2026-04-21 01:13:08,628 - SplitNNClient - INFO - 10748 - phase=validation acc=0.747 loss=56.080608665943146 epoch=39 and step=79
2026-04-21 01:13:11,920 - SplitNNClient - INFO - 22768 - phase=train acc=0.77109375 loss=6.633496135473251 epoch=40 and step=10
2026-04-21 01:13:11,993 - SplitNNClient - INFO - 22820 - phase=train acc=0.7328125 loss=8.013396799564362 epoch=40 and step=10
2026-04-21 01:13:12,066 - SplitNNClient - INFO - 24044 - phase=train acc=0.6296875 loss=10.07252687215805 epoch=40 and step=10
2026-04-21 01:13:12,104 - SplitNNClient - INFO - 22656 - phase=train acc=0.77421875 loss=6.6538039445877075 epoch=40 and step=10
2026-04-21 01:13:12,175 - SplitNNClient - INFO - 10748 - phase=train acc=0.77734375 loss=6.332830727100372 epoch=40 and step=10
2026-04-21 01:13:15,292 - SplitNNClient - INFO - 22768 - phase=train acc=0.778515625 loss=12.869340926408768 epoch=40 and step=20
2026-04-21 01:13:15,329 - SplitNNClient - INFO - 22820 - phase=train acc=0.727734375 loss=16.050887644290924 epoch=40 and step=20
2026-04-21 01:13:15,434 - SplitNNClient - INFO - 24044 - phase=train acc=0.639453125 loss=19.687060594558716 epoch=40 and step=20
2026-04-21 01:13:15,479 - SplitNNClient - INFO - 22656 - phase=train acc=0.768359375 loss=13.336241960525513 epoch=40 and step=20
2026-04-21 01:13:15,577 - SplitNNClient - INFO - 10748 - phase=train acc=0.764453125 loss=13.515935778617859 epoch=40 and step=20
2026-04-21 01:13:18,736 - SplitNNClient - INFO - 22768 - phase=train acc=0.7888020833333333 loss=18.492810666561127 epoch=40 and step=30
2026-04-21 01:13:18,802 - SplitNNClient - INFO - 22820 - phase=train acc=0.7341145833333333 loss=23.672330617904663 epoch=40 and step=30
2026-04-21 01:13:18,875 - SplitNNClient - INFO - 22656 - phase=train acc=0.7700520833333333 loss=19.801089644432068 epoch=40 and step=30
2026-04-21 01:13:18,948 - SplitNNClient - INFO - 24044 - phase=train acc=0.6510416666666666 loss=27.934803009033203 epoch=40 and step=30
2026-04-21 01:13:19,046 - SplitNNClient - INFO - 10748 - phase=train acc=0.759375 loss=20.583423018455505 epoch=40 and step=30
2026-04-21 01:13:22,175 - SplitNNClient - INFO - 22768 - phase=train acc=0.7951171875 loss=24.204206734895706 epoch=40 and step=40
2026-04-21 01:13:22,283 - SplitNNClient - INFO - 22820 - phase=train acc=0.7408203125 loss=30.799481689929962 epoch=40 and step=40
2026-04-21 01:13:22,324 - SplitNNClient - INFO - 22656 - phase=train acc=0.7724609375 loss=26.032489776611328 epoch=40 and step=40
2026-04-21 01:13:22,389 - SplitNNClient - INFO - 24044 - phase=train acc=0.6521484375 loss=36.57891511917114 epoch=40 and step=40
2026-04-21 01:13:22,464 - SplitNNClient - INFO - 10748 - phase=train acc=0.758984375 loss=27.36713582277298 epoch=40 and step=40
2026-04-21 01:13:25,872 - SplitNNClient - INFO - 22768 - phase=train acc=0.79734375 loss=29.94096079468727 epoch=40 and step=50
2026-04-21 01:13:25,917 - SplitNNClient - INFO - 22820 - phase=train acc=0.74359375 loss=38.001709282398224 epoch=40 and step=50
2026-04-21 01:13:25,955 - SplitNNClient - INFO - 22656 - phase=train acc=0.77328125 loss=32.22635677456856 epoch=40 and step=50
2026-04-21 01:13:26,059 - SplitNNClient - INFO - 24044 - phase=train acc=0.6615625 loss=44.42672425508499 epoch=40 and step=50
2026-04-21 01:13:26,104 - SplitNNClient - INFO - 10748 - phase=train acc=0.7615625 loss=33.760107696056366 epoch=40 and step=50
2026-04-21 01:13:28,954 - SplitNNClient - INFO - 22820 - phase=train acc=0.7486979166666666 loss=45.011254370212555 epoch=40 and step=60
2026-04-21 01:13:29,067 - SplitNNClient - INFO - 22768 - phase=train acc=0.7970052083333333 loss=35.86166474223137 epoch=40 and step=60
2026-04-21 01:13:29,171 - SplitNNClient - INFO - 22656 - phase=train acc=0.76875 loss=39.10008779168129 epoch=40 and step=60
2026-04-21 01:13:29,287 - SplitNNClient - INFO - 10748 - phase=train acc=0.7598958333333333 loss=40.71161377429962 epoch=40 and step=60
2026-04-21 01:13:31,633 - SplitNNClient - INFO - 22820 - phase=train acc=0.7508928571428571 loss=52.13575857877731 epoch=40 and step=70
2026-04-21 01:13:31,835 - SplitNNClient - INFO - 22768 - phase=train acc=0.7969866071428572 loss=41.793767750263214 epoch=40 and step=70
2026-04-21 01:13:33,816 - SplitNNClient - INFO - 22768 - phase=train acc=0.7951171875 loss=47.91527700424194 epoch=40 and step=80
2026-04-21 01:13:35,368 - SplitNNClient - INFO - 22768 - phase=train acc=0.7954861111111111 loss=53.551965951919556 epoch=40 and step=90
2026-04-21 01:13:37,015 - SplitNNClient - INFO - 22768 - phase=train acc=0.796484375 loss=59.32780832052231 epoch=40 and step=100
2026-04-21 01:13:38,840 - SplitNNClient - INFO - 22768 - phase=train acc=0.7971590909090909 loss=65.3820321559906 epoch=40 and step=110
2026-04-21 01:13:40,692 - SplitNNClient - INFO - 22768 - phase=train acc=0.797265625 loss=71.50078409910202 epoch=40 and step=120
2026-04-21 01:13:41,110 - FedServerManager - INFO - 22816 - get all model params ---- from rank fed_server
2026-04-21 01:13:54,296 - SplitNNClient - INFO - 22820 - phase=validation acc=0.7499 loss=55.408969938755035 epoch=40 and step=79
2026-04-21 01:13:55,530 - SplitNNClient - INFO - 24044 - phase=validation acc=0.7499 loss=55.408969938755035 epoch=40 and step=79
2026-04-21 01:13:55,633 - SplitNNClient - INFO - 22656 - phase=validation acc=0.7499 loss=55.408969938755035 epoch=40 and step=79
2026-04-21 01:13:55,685 - SplitNNClient - INFO - 10748 - phase=validation acc=0.7499 loss=55.408969938755035 epoch=40 and step=79
2026-04-21 01:13:55,770 - SplitNNClient - INFO - 22768 - phase=validation acc=0.7499 loss=55.408969938755035 epoch=40 and step=79
2026-04-21 01:13:59,035 - SplitNNClient - INFO - 22656 - phase=train acc=0.73515625 loss=7.4393951296806335 epoch=41 and step=10
2026-04-21 01:13:59,103 - SplitNNClient - INFO - 24044 - phase=train acc=0.64765625 loss=9.31552141904831 epoch=41 and step=10
2026-04-21 01:13:59,167 - SplitNNClient - INFO - 10748 - phase=train acc=0.7703125 loss=6.566877901554108 epoch=41 and step=10
2026-04-21 01:13:59,242 - SplitNNClient - INFO - 22820 - phase=train acc=0.72109375 loss=8.410901427268982 epoch=41 and step=10
2026-04-21 01:13:59,332 - SplitNNClient - INFO - 22768 - phase=train acc=0.7796875 loss=6.514427185058594 epoch=41 and step=10
2026-04-21 01:14:02,440 - SplitNNClient - INFO - 22656 - phase=train acc=0.748828125 loss=14.071354806423187 epoch=41 and step=20
2026-04-21 01:14:02,515 - SplitNNClient - INFO - 24044 - phase=train acc=0.65546875 loss=18.148032188415527 epoch=41 and step=20
2026-04-21 01:14:02,586 - SplitNNClient - INFO - 22820 - phase=train acc=0.74296875 loss=15.581929326057434 epoch=41 and step=20
2026-04-21 01:14:02,657 - SplitNNClient - INFO - 10748 - phase=train acc=0.768359375 loss=13.145429342985153 epoch=41 and step=20
2026-04-21 01:14:02,705 - SplitNNClient - INFO - 22768 - phase=train acc=0.795703125 loss=12.002586305141449 epoch=41 and step=20
2026-04-21 01:14:05,798 - SplitNNClient - INFO - 22656 - phase=train acc=0.75546875 loss=20.61026567220688 epoch=41 and step=30
2026-04-21 01:14:05,871 - SplitNNClient - INFO - 24044 - phase=train acc=0.66171875 loss=26.881339251995087 epoch=41 and step=30
2026-04-21 01:14:05,938 - SplitNNClient - INFO - 22820 - phase=train acc=0.74921875 loss=22.70738297700882 epoch=41 and step=30
2026-04-21 01:14:06,002 - SplitNNClient - INFO - 10748 - phase=train acc=0.7703125 loss=19.37197557091713 epoch=41 and step=30
2026-04-21 01:14:06,067 - SplitNNClient - INFO - 22768 - phase=train acc=0.7989583333333333 loss=17.674298226833344 epoch=41 and step=30
2026-04-21 01:14:09,283 - SplitNNClient - INFO - 22656 - phase=train acc=0.758984375 loss=27.343030035495758 epoch=41 and step=40
2026-04-21 01:14:09,355 - SplitNNClient - INFO - 24044 - phase=train acc=0.66953125 loss=34.994703590869904 epoch=41 and step=40
2026-04-21 01:14:09,423 - SplitNNClient - INFO - 22820 - phase=train acc=0.74921875 loss=29.95430052280426 epoch=41 and step=40
2026-04-21 01:14:09,506 - SplitNNClient - INFO - 22768 - phase=train acc=0.7958984375 loss=23.965177804231644 epoch=41 and step=40
2026-04-21 01:14:09,581 - SplitNNClient - INFO - 10748 - phase=train acc=0.7705078125 loss=26.167852491140366 epoch=41 and step=40
2026-04-21 01:14:12,705 - SplitNNClient - INFO - 22656 - phase=train acc=0.76125 loss=33.915763318538666 epoch=41 and step=50
2026-04-21 01:14:12,789 - SplitNNClient - INFO - 24044 - phase=train acc=0.66984375 loss=43.60000902414322 epoch=41 and step=50
2026-04-21 01:14:12,851 - SplitNNClient - INFO - 22820 - phase=train acc=0.75015625 loss=37.304042756557465 epoch=41 and step=50
2026-04-21 01:14:12,923 - SplitNNClient - INFO - 22768 - phase=train acc=0.80046875 loss=29.412542045116425 epoch=41 and step=50
2026-04-21 01:14:12,993 - SplitNNClient - INFO - 10748 - phase=train acc=0.76984375 loss=32.59925952553749 epoch=41 and step=50
2026-04-21 01:14:15,871 - SplitNNClient - INFO - 22656 - phase=train acc=0.7639322916666667 loss=40.201361775398254 epoch=41 and step=60
2026-04-21 01:14:15,942 - SplitNNClient - INFO - 22820 - phase=train acc=0.7513020833333334 loss=44.67971634864807 epoch=41 and step=60
2026-04-21 01:14:15,988 - SplitNNClient - INFO - 22768 - phase=train acc=0.8028645833333333 loss=34.90167745947838 epoch=41 and step=60
2026-04-21 01:14:16,060 - SplitNNClient - INFO - 10748 - phase=train acc=0.76796875 loss=39.52267608046532 epoch=41 and step=60
2026-04-21 01:14:18,573 - SplitNNClient - INFO - 22820 - phase=train acc=0.7542410714285714 loss=51.61625337600708 epoch=41 and step=70
2026-04-21 01:14:18,641 - SplitNNClient - INFO - 22768 - phase=train acc=0.8050223214285714 loss=40.14792984724045 epoch=41 and step=70
2026-04-21 01:14:20,665 - SplitNNClient - INFO - 22768 - phase=train acc=0.80322265625 loss=46.26683643460274 epoch=41 and step=80
2026-04-21 01:14:22,305 - SplitNNClient - INFO - 22768 - phase=train acc=0.8048611111111111 loss=51.699023097753525 epoch=41 and step=90
2026-04-21 01:14:24,042 - SplitNNClient - INFO - 22768 - phase=train acc=0.80578125 loss=57.23292478919029 epoch=41 and step=100
2026-04-21 01:14:25,896 - SplitNNClient - INFO - 22768 - phase=train acc=0.8061789772727272 loss=62.91745200753212 epoch=41 and step=110
2026-04-21 01:14:27,506 - SplitNNClient - INFO - 22768 - phase=train acc=0.8060546875 loss=68.50149089097977 epoch=41 and step=120
2026-04-21 01:14:27,901 - FedServerManager - INFO - 22816 - get all model params ---- from rank fed_server
2026-04-21 01:14:40,434 - SplitNNClient - INFO - 22820 - phase=validation acc=0.7634 loss=52.89014545083046 epoch=41 and step=79
2026-04-21 01:14:41,095 - SplitNNClient - INFO - 22656 - phase=validation acc=0.7634 loss=52.89014545083046 epoch=41 and step=79
2026-04-21 01:14:41,210 - SplitNNClient - INFO - 24044 - phase=validation acc=0.7634 loss=52.89014545083046 epoch=41 and step=79
2026-04-21 01:14:41,359 - SplitNNClient - INFO - 22768 - phase=validation acc=0.7634 loss=52.89014545083046 epoch=41 and step=79
2026-04-21 01:14:41,508 - SplitNNClient - INFO - 10748 - phase=validation acc=0.7634 loss=52.89014545083046 epoch=41 and step=79
2026-04-21 01:14:44,737 - SplitNNClient - INFO - 22820 - phase=train acc=0.72265625 loss=8.176946878433228 epoch=42 and step=10
2026-04-21 01:14:44,786 - SplitNNClient - INFO - 22656 - phase=train acc=0.746875 loss=7.212970644235611 epoch=42 and step=10
2026-04-21 01:14:44,850 - SplitNNClient - INFO - 22768 - phase=train acc=0.79609375 loss=6.060322195291519 epoch=42 and step=10
2026-04-21 01:14:44,945 - SplitNNClient - INFO - 10748 - phase=train acc=0.7609375 loss=7.068365812301636 epoch=42 and step=10
2026-04-21 01:14:45,013 - SplitNNClient - INFO - 24044 - phase=train acc=0.65859375 loss=9.341913521289825 epoch=42 and step=10
2026-04-21 01:14:48,189 - SplitNNClient - INFO - 22768 - phase=train acc=0.80390625 loss=11.768833667039871 epoch=42 and step=20
2026-04-21 01:14:48,258 - SplitNNClient - INFO - 22656 - phase=train acc=0.757421875 loss=13.918371170759201 epoch=42 and step=20
2026-04-21 01:14:48,331 - SplitNNClient - INFO - 22820 - phase=train acc=0.737109375 loss=15.658712446689606 epoch=42 and step=20
2026-04-21 01:14:48,375 - SplitNNClient - INFO - 10748 - phase=train acc=0.759765625 loss=13.686268150806427 epoch=42 and step=20
2026-04-21 01:14:48,446 - SplitNNClient - INFO - 24044 - phase=train acc=0.65625 loss=18.55187052488327 epoch=42 and step=20
2026-04-21 01:14:51,597 - SplitNNClient - INFO - 22768 - phase=train acc=0.80703125 loss=17.066192388534546 epoch=42 and step=30
2026-04-21 01:14:51,667 - SplitNNClient - INFO - 22820 - phase=train acc=0.7528645833333333 loss=22.08229148387909 epoch=42 and step=30
2026-04-21 01:14:51,737 - SplitNNClient - INFO - 22656 - phase=train acc=0.7572916666666667 loss=20.826079815626144 epoch=42 and step=30
2026-04-21 01:14:51,779 - SplitNNClient - INFO - 10748 - phase=train acc=0.7609375 loss=20.145307183265686 epoch=42 and step=30
2026-04-21 01:14:51,846 - SplitNNClient - INFO - 24044 - phase=train acc=0.6619791666666667 loss=26.872303426265717 epoch=42 and step=30
2026-04-21 01:14:54,927 - SplitNNClient - INFO - 22768 - phase=train acc=0.803515625 loss=23.272441118955612 epoch=42 and step=40
2026-04-21 01:14:54,997 - SplitNNClient - INFO - 22820 - phase=train acc=0.7576171875 loss=29.079925775527954 epoch=42 and step=40
2026-04-21 01:14:55,041 - SplitNNClient - INFO - 22656 - phase=train acc=0.7611328125 loss=27.091664999723434 epoch=42 and step=40
2026-04-21 01:14:55,138 - SplitNNClient - INFO - 10748 - phase=train acc=0.764453125 loss=26.650772392749786 epoch=42 and step=40
2026-04-21 01:14:55,212 - SplitNNClient - INFO - 24044 - phase=train acc=0.674609375 loss=34.834267377853394 epoch=42 and step=40
2026-04-21 01:14:58,294 - SplitNNClient - INFO - 22820 - phase=train acc=0.756875 loss=36.345872819423676 epoch=42 and step=50
2026-04-21 01:14:58,359 - SplitNNClient - INFO - 22768 - phase=train acc=0.805625 loss=28.979961723089218 epoch=42 and step=50
2026-04-21 01:14:58,468 - SplitNNClient - INFO - 22656 - phase=train acc=0.761875 loss=33.69690153002739 epoch=42 and step=50
2026-04-21 01:14:58,538 - SplitNNClient - INFO - 10748 - phase=train acc=0.764375 loss=33.30781528353691 epoch=42 and step=50
2026-04-21 01:14:58,708 - SplitNNClient - INFO - 24044 - phase=train acc=0.67578125 loss=43.10637593269348 epoch=42 and step=50
2026-04-21 01:15:01,462 - SplitNNClient - INFO - 22820 - phase=train acc=0.758203125 loss=43.256925880908966 epoch=42 and step=60
2026-04-21 01:15:01,627 - SplitNNClient - INFO - 22768 - phase=train acc=0.8044270833333333 loss=34.87759694457054 epoch=42 and step=60
2026-04-21 01:15:01,765 - SplitNNClient - INFO - 22656 - phase=train acc=0.7649739583333334 loss=39.79766210913658 epoch=42 and step=60
2026-04-21 01:15:01,833 - SplitNNClient - INFO - 10748 - phase=train acc=0.765234375 loss=39.98121574521065 epoch=42 and step=60
2026-04-21 01:15:04,275 - SplitNNClient - INFO - 22820 - phase=train acc=0.7597098214285715 loss=50.08375060558319 epoch=42 and step=70
2026-04-21 01:15:04,344 - SplitNNClient - INFO - 22768 - phase=train acc=0.8043526785714286 loss=40.52367743849754 epoch=42 and step=70
2026-04-21 01:15:06,497 - SplitNNClient - INFO - 22768 - phase=train acc=0.80361328125 loss=46.36975148320198 epoch=42 and step=80
2026-04-21 01:15:08,264 - SplitNNClient - INFO - 22768 - phase=train acc=0.80625 loss=51.732792407274246 epoch=42 and step=90
2026-04-21 01:15:09,931 - SplitNNClient - INFO - 22768 - phase=train acc=0.80640625 loss=57.55316612124443 epoch=42 and step=100
2026-04-21 01:15:11,782 - SplitNNClient - INFO - 22768 - phase=train acc=0.8039772727272727 loss=63.85157734155655 epoch=42 and step=110
2026-04-21 01:15:13,360 - SplitNNClient - INFO - 22768 - phase=train acc=0.8054036458333333 loss=69.05943953990936 epoch=42 and step=120
2026-04-21 01:15:13,722 - FedServerManager - INFO - 22816 - get all model params ---- from rank fed_server
2026-04-21 01:15:26,826 - SplitNNClient - INFO - 22820 - phase=validation acc=0.7533 loss=53.83563992381096 epoch=42 and step=79
2026-04-21 01:15:27,050 - SplitNNClient - INFO - 22656 - phase=validation acc=0.7533 loss=53.83563992381096 epoch=42 and step=79
2026-04-21 01:15:27,133 - SplitNNClient - INFO - 22768 - phase=validation acc=0.7533 loss=53.83563992381096 epoch=42 and step=79
2026-04-21 01:15:27,137 - SplitNNClient - INFO - 24044 - phase=validation acc=0.7533 loss=53.83563992381096 epoch=42 and step=79
2026-04-21 01:15:27,201 - SplitNNClient - INFO - 10748 - phase=validation acc=0.7533 loss=53.83563992381096 epoch=42 and step=79
2026-04-21 01:15:30,445 - SplitNNClient - INFO - 22820 - phase=train acc=0.73671875 loss=8.372484743595123 epoch=43 and step=10
2026-04-21 01:15:30,484 - SplitNNClient - INFO - 22656 - phase=train acc=0.753125 loss=6.948709666728973 epoch=43 and step=10
2026-04-21 01:15:30,556 - SplitNNClient - INFO - 24044 - phase=train acc=0.6453125 loss=9.717710077762604 epoch=43 and step=10
2026-04-21 01:15:30,631 - SplitNNClient - INFO - 10748 - phase=train acc=0.79296875 loss=6.340985327959061 epoch=43 and step=10
2026-04-21 01:15:30,668 - SplitNNClient - INFO - 22768 - phase=train acc=0.77890625 loss=6.4201540648937225 epoch=43 and step=10
2026-04-21 01:15:33,701 - SplitNNClient - INFO - 22820 - phase=train acc=0.7609375 loss=15.031953930854797 epoch=43 and step=20
2026-04-21 01:15:33,775 - SplitNNClient - INFO - 22656 - phase=train acc=0.774609375 loss=12.680677592754364 epoch=43 and step=20
2026-04-21 01:15:33,850 - SplitNNClient - INFO - 24044 - phase=train acc=0.66796875 loss=18.0685715675354 epoch=43 and step=20
2026-04-21 01:15:33,917 - SplitNNClient - INFO - 22768 - phase=train acc=0.7921875 loss=12.358899116516113 epoch=43 and step=20
2026-04-21 01:15:33,994 - SplitNNClient - INFO - 10748 - phase=train acc=0.794921875 loss=12.313864052295685 epoch=43 and step=20
2026-04-21 01:15:36,938 - SplitNNClient - INFO - 22820 - phase=train acc=0.75859375 loss=22.35673201084137 epoch=43 and step=30
2026-04-21 01:15:37,011 - SplitNNClient - INFO - 22656 - phase=train acc=0.77578125 loss=19.035248696804047 epoch=43 and step=30
2026-04-21 01:15:37,084 - SplitNNClient - INFO - 22768 - phase=train acc=0.8005208333333333 loss=18.134820818901062 epoch=43 and step=30
2026-04-21 01:15:37,156 - SplitNNClient - INFO - 24044 - phase=train acc=0.6697916666666667 loss=26.44952756166458 epoch=43 and step=30
2026-04-21 01:15:37,229 - SplitNNClient - INFO - 10748 - phase=train acc=0.7880208333333333 loss=18.817987740039825 epoch=43 and step=30
2026-04-21 01:15:40,214 - SplitNNClient - INFO - 22820 - phase=train acc=0.759765625 loss=29.417196691036224 epoch=43 and step=40
2026-04-21 01:15:40,287 - SplitNNClient - INFO - 22656 - phase=train acc=0.777734375 loss=25.3898965716362 epoch=43 and step=40
2026-04-21 01:15:40,335 - SplitNNClient - INFO - 22768 - phase=train acc=0.8068359375 loss=23.640821516513824 epoch=43 and step=40
2026-04-21 01:15:40,403 - SplitNNClient - INFO - 24044 - phase=train acc=0.671875 loss=34.679786920547485 epoch=43 and step=40
2026-04-21 01:15:40,478 - SplitNNClient - INFO - 10748 - phase=train acc=0.784765625 loss=25.23174661397934 epoch=43 and step=40
2026-04-21 01:15:43,577 - SplitNNClient - INFO - 22768 - phase=train acc=0.80421875 loss=29.54679173231125 epoch=43 and step=50
2026-04-21 01:15:43,627 - SplitNNClient - INFO - 22656 - phase=train acc=0.7721875 loss=32.54617381095886 epoch=43 and step=50
2026-04-21 01:15:43,685 - SplitNNClient - INFO - 22820 - phase=train acc=0.759375 loss=36.72078323364258 epoch=43 and step=50
2026-04-21 01:15:43,754 - SplitNNClient - INFO - 24044 - phase=train acc=0.67765625 loss=42.80490320920944 epoch=43 and step=50
2026-04-21 01:15:43,823 - SplitNNClient - INFO - 10748 - phase=train acc=0.778125 loss=32.37274891138077 epoch=43 and step=50
2026-04-21 01:15:46,543 - SplitNNClient - INFO - 22768 - phase=train acc=0.807421875 loss=34.82610818743706 epoch=43 and step=60
2026-04-21 01:15:46,657 - SplitNNClient - INFO - 22820 - phase=train acc=0.760546875 loss=43.3245609998703 epoch=43 and step=60
2026-04-21 01:15:46,702 - SplitNNClient - INFO - 22656 - phase=train acc=0.773046875 loss=39.193416714668274 epoch=43 and step=60
2026-04-21 01:15:46,877 - SplitNNClient - INFO - 10748 - phase=train acc=0.772265625 loss=39.27750289440155 epoch=43 and step=60
2026-04-21 01:15:49,195 - SplitNNClient - INFO - 22768 - phase=train acc=0.8081473214285714 loss=40.132934898138046 epoch=43 and step=70
2026-04-21 01:15:49,366 - SplitNNClient - INFO - 22820 - phase=train acc=0.7610491071428571 loss=50.75355416536331 epoch=43 and step=70
2026-04-21 01:15:51,231 - SplitNNClient - INFO - 22768 - phase=train acc=0.80966796875 loss=45.51194167137146 epoch=43 and step=80
2026-04-21 01:15:53,022 - SplitNNClient - INFO - 22768 - phase=train acc=0.8118055555555556 loss=50.75606891512871 epoch=43 and step=90
2026-04-21 01:15:54,570 - SplitNNClient - INFO - 22768 - phase=train acc=0.80875 loss=56.9118587076664 epoch=43 and step=100
2026-04-21 01:15:56,248 - SplitNNClient - INFO - 22768 - phase=train acc=0.8093039772727273 loss=62.14326909184456 epoch=43 and step=110
2026-04-21 01:15:57,978 - SplitNNClient - INFO - 22768 - phase=train acc=0.8077473958333333 loss=67.8323903977871 epoch=43 and step=120
2026-04-21 01:15:58,367 - FedServerManager - INFO - 22816 - get all model params ---- from rank fed_server
2026-04-21 01:16:10,913 - SplitNNClient - INFO - 22820 - phase=validation acc=0.7676 loss=51.81495729088783 epoch=43 and step=79
2026-04-21 01:16:11,189 - SplitNNClient - INFO - 22768 - phase=validation acc=0.7676 loss=51.81495729088783 epoch=43 and step=79
2026-04-21 01:16:11,232 - SplitNNClient - INFO - 10748 - phase=validation acc=0.7676 loss=51.81495729088783 epoch=43 and step=79
2026-04-21 01:16:11,408 - SplitNNClient - INFO - 24044 - phase=validation acc=0.7676 loss=51.81495729088783 epoch=43 and step=79
2026-04-21 01:16:11,443 - SplitNNClient - INFO - 22656 - phase=validation acc=0.7676 loss=51.81495729088783 epoch=43 and step=79
2026-04-21 01:16:14,480 - SplitNNClient - INFO - 22768 - phase=train acc=0.80703125 loss=5.7769885659217834 epoch=44 and step=10
2026-04-21 01:16:14,549 - SplitNNClient - INFO - 22656 - phase=train acc=0.74375 loss=7.247723937034607 epoch=44 and step=10
2026-04-21 01:16:14,614 - SplitNNClient - INFO - 24044 - phase=train acc=0.63828125 loss=10.25809359550476 epoch=44 and step=10
2026-04-21 01:16:14,680 - SplitNNClient - INFO - 22820 - phase=train acc=0.73359375 loss=7.803859114646912 epoch=44 and step=10
2026-04-21 01:16:14,747 - SplitNNClient - INFO - 10748 - phase=train acc=0.75078125 loss=7.025576651096344 epoch=44 and step=10
2026-04-21 01:16:17,656 - SplitNNClient - INFO - 22768 - phase=train acc=0.81328125 loss=11.039611250162125 epoch=44 and step=20
2026-04-21 01:16:17,724 - SplitNNClient - INFO - 22656 - phase=train acc=0.758984375 loss=13.583836257457733 epoch=44 and step=20
2026-04-21 01:16:17,790 - SplitNNClient - INFO - 24044 - phase=train acc=0.66171875 loss=18.7664892077446 epoch=44 and step=20
2026-04-21 01:16:17,836 - SplitNNClient - INFO - 22820 - phase=train acc=0.749609375 loss=14.571654677391052 epoch=44 and step=20
2026-04-21 01:16:17,905 - SplitNNClient - INFO - 10748 - phase=train acc=0.768359375 loss=13.229195892810822 epoch=44 and step=20
2026-04-21 01:16:20,898 - SplitNNClient - INFO - 22768 - phase=train acc=0.8114583333333333 loss=16.697962433099747 epoch=44 and step=30
2026-04-21 01:16:20,966 - SplitNNClient - INFO - 22656 - phase=train acc=0.7651041666666667 loss=20.1391681432724 epoch=44 and step=30
2026-04-21 01:16:21,033 - SplitNNClient - INFO - 24044 - phase=train acc=0.6776041666666667 loss=26.72307574748993 epoch=44 and step=30
2026-04-21 01:16:21,108 - SplitNNClient - INFO - 22820 - phase=train acc=0.7473958333333334 loss=21.807272136211395 epoch=44 and step=30
2026-04-21 01:16:21,183 - SplitNNClient - INFO - 10748 - phase=train acc=0.7697916666666667 loss=19.534865617752075 epoch=44 and step=30
2026-04-21 01:16:24,165 - SplitNNClient - INFO - 22768 - phase=train acc=0.8140625 loss=22.13048565387726 epoch=44 and step=40
2026-04-21 01:16:24,230 - SplitNNClient - INFO - 22656 - phase=train acc=0.769140625 loss=26.413937985897064 epoch=44 and step=40
2026-04-21 01:16:24,302 - SplitNNClient - INFO - 24044 - phase=train acc=0.68046875 loss=34.59004044532776 epoch=44 and step=40
2026-04-21 01:16:24,368 - SplitNNClient - INFO - 22820 - phase=train acc=0.75 loss=28.995408356189728 epoch=44 and step=40
2026-04-21 01:16:24,440 - SplitNNClient - INFO - 10748 - phase=train acc=0.7724609375 loss=25.55624896287918 epoch=44 and step=40
2026-04-21 01:16:27,442 - SplitNNClient - INFO - 22768 - phase=train acc=0.81484375 loss=27.47845384478569 epoch=44 and step=50
2026-04-21 01:16:27,510 - SplitNNClient - INFO - 22656 - phase=train acc=0.7703125 loss=32.7371968626976 epoch=44 and step=50
2026-04-21 01:16:27,593 - SplitNNClient - INFO - 22820 - phase=train acc=0.7521875 loss=36.35391443967819 epoch=44 and step=50
2026-04-21 01:16:27,631 - SplitNNClient - INFO - 10748 - phase=train acc=0.775 loss=31.575701236724854 epoch=44 and step=50
2026-04-21 01:16:27,705 - SplitNNClient - INFO - 24044 - phase=train acc=0.68265625 loss=42.480090498924255 epoch=44 and step=50
2026-04-21 01:16:30,408 - SplitNNClient - INFO - 22768 - phase=train acc=0.8119791666666667 loss=33.516816169023514 epoch=44 and step=60
2026-04-21 01:16:30,501 - SplitNNClient - INFO - 22656 - phase=train acc=0.7735677083333333 loss=38.80493080615997 epoch=44 and step=60
2026-04-21 01:16:30,568 - SplitNNClient - INFO - 22820 - phase=train acc=0.7555989583333333 loss=43.27728706598282 epoch=44 and step=60
2026-04-21 01:16:30,610 - SplitNNClient - INFO - 10748 - phase=train acc=0.7766927083333334 loss=37.78344142436981 epoch=44 and step=60
2026-04-21 01:16:33,109 - SplitNNClient - INFO - 22768 - phase=train acc=0.8138392857142858 loss=38.781111150979996 epoch=44 and step=70
2026-04-21 01:16:33,148 - SplitNNClient - INFO - 22820 - phase=train acc=0.7579241071428572 loss=50.36861455440521 epoch=44 and step=70
2026-04-21 01:16:35,040 - SplitNNClient - INFO - 22768 - phase=train acc=0.815234375 loss=44.24522086977959 epoch=44 and step=80
2026-04-21 01:16:36,645 - SplitNNClient - INFO - 22768 - phase=train acc=0.8166666666666667 loss=49.53528720140457 epoch=44 and step=90
2026-04-21 01:16:38,372 - SplitNNClient - INFO - 22768 - phase=train acc=0.81453125 loss=55.13385531306267 epoch=44 and step=100
2026-04-21 01:16:39,945 - SplitNNClient - INFO - 22768 - phase=train acc=0.8142045454545455 loss=60.52420774102211 epoch=44 and step=110
2026-04-21 01:16:41,792 - SplitNNClient - INFO - 22768 - phase=train acc=0.8147786458333334 loss=65.99882438778877 epoch=44 and step=120
2026-04-21 01:16:42,238 - FedServerManager - INFO - 22816 - get all model params ---- from rank fed_server
2026-04-21 01:16:54,345 - SplitNNClient - INFO - 22656 - phase=validation acc=0.7693 loss=52.20141190290451 epoch=44 and step=79
2026-04-21 01:16:54,359 - SplitNNClient - INFO - 22820 - phase=validation acc=0.7693 loss=52.20141190290451 epoch=44 and step=79
2026-04-21 01:16:54,413 - SplitNNClient - INFO - 10748 - phase=validation acc=0.7693 loss=52.20141190290451 epoch=44 and step=79
2026-04-21 01:16:54,540 - SplitNNClient - INFO - 24044 - phase=validation acc=0.7693 loss=52.20141190290451 epoch=44 and step=79
2026-04-21 01:16:54,617 - SplitNNClient - INFO - 22768 - phase=validation acc=0.7693 loss=52.20141190290451 epoch=44 and step=79
2026-04-21 01:16:57,741 - SplitNNClient - INFO - 22768 - phase=train acc=0.7984375 loss=6.135265439748764 epoch=45 and step=10
2026-04-21 01:16:57,789 - SplitNNClient - INFO - 24044 - phase=train acc=0.659375 loss=9.82105940580368 epoch=45 and step=10
2026-04-21 01:16:57,958 - SplitNNClient - INFO - 22820 - phase=train acc=0.76015625 loss=7.581488847732544 epoch=45 and step=10
2026-04-21 01:16:58,031 - SplitNNClient - INFO - 22656 - phase=train acc=0.77421875 loss=6.436997890472412 epoch=45 and step=10
2026-04-21 01:16:58,213 - SplitNNClient - INFO - 10748 - phase=train acc=0.7890625 loss=6.495525896549225 epoch=45 and step=10
2026-04-21 01:17:00,986 - SplitNNClient - INFO - 22768 - phase=train acc=0.80234375 loss=12.058592826128006 epoch=45 and step=20
2026-04-21 01:17:01,022 - SplitNNClient - INFO - 24044 - phase=train acc=0.676953125 loss=18.267641007900238 epoch=45 and step=20
2026-04-21 01:17:01,091 - SplitNNClient - INFO - 22820 - phase=train acc=0.76640625 loss=14.053184419870377 epoch=45 and step=20
2026-04-21 01:17:01,237 - SplitNNClient - INFO - 22656 - phase=train acc=0.775390625 loss=13.03942459821701 epoch=45 and step=20
2026-04-21 01:17:01,490 - SplitNNClient - INFO - 10748 - phase=train acc=0.7875 loss=13.01978749036789 epoch=45 and step=20
2026-04-21 01:17:04,169 - SplitNNClient - INFO - 22768 - phase=train acc=0.8080729166666667 loss=17.22564759850502 epoch=45 and step=30
2026-04-21 01:17:04,212 - SplitNNClient - INFO - 24044 - phase=train acc=0.6783854166666666 loss=26.489789724349976 epoch=45 and step=30
2026-04-21 01:17:04,305 - SplitNNClient - INFO - 22820 - phase=train acc=0.77109375 loss=20.406692534685135 epoch=45 and step=30
2026-04-21 01:17:04,413 - SplitNNClient - INFO - 22656 - phase=train acc=0.7783854166666667 loss=19.30007755756378 epoch=45 and step=30
2026-04-21 01:17:04,686 - SplitNNClient - INFO - 10748 - phase=train acc=0.7833333333333333 loss=19.41596168279648 epoch=45 and step=30
2026-04-21 01:17:07,390 - SplitNNClient - INFO - 22768 - phase=train acc=0.8125 loss=22.684510469436646 epoch=45 and step=40
2026-04-21 01:17:07,427 - SplitNNClient - INFO - 24044 - phase=train acc=0.678125 loss=34.63776910305023 epoch=45 and step=40
2026-04-21 01:17:07,495 - SplitNNClient - INFO - 22820 - phase=train acc=0.769921875 loss=27.339715391397476 epoch=45 and step=40
2026-04-21 01:17:07,634 - SplitNNClient - INFO - 22656 - phase=train acc=0.7783203125 loss=25.726977348327637 epoch=45 and step=40
2026-04-21 01:17:07,878 - SplitNNClient - INFO - 10748 - phase=train acc=0.7802734375 loss=25.678595066070557 epoch=45 and step=40
2026-04-21 01:17:10,563 - SplitNNClient - INFO - 22768 - phase=train acc=0.80828125 loss=28.48022350668907 epoch=45 and step=50
2026-04-21 01:17:10,629 - SplitNNClient - INFO - 24044 - phase=train acc=0.67875 loss=43.114369213581085 epoch=45 and step=50
2026-04-21 01:17:10,670 - SplitNNClient - INFO - 22820 - phase=train acc=0.766875 loss=34.90287020802498 epoch=45 and step=50
2026-04-21 01:17:10,813 - SplitNNClient - INFO - 22656 - phase=train acc=0.7778125 loss=31.80842837691307 epoch=45 and step=50
2026-04-21 01:17:11,063 - SplitNNClient - INFO - 10748 - phase=train acc=0.78 loss=32.023729503154755 epoch=45 and step=50
2026-04-21 01:17:13,531 - SplitNNClient - INFO - 22768 - phase=train acc=0.8111979166666666 loss=33.72019982337952 epoch=45 and step=60
2026-04-21 01:17:13,601 - SplitNNClient - INFO - 22820 - phase=train acc=0.7625 loss=42.4790321290493 epoch=45 and step=60
2026-04-21 01:17:13,643 - SplitNNClient - INFO - 22656 - phase=train acc=0.7772135416666667 loss=38.13279351592064 epoch=45 and step=60
2026-04-21 01:17:13,973 - SplitNNClient - INFO - 10748 - phase=train acc=0.77890625 loss=38.59732782840729 epoch=45 and step=60
2026-04-21 01:17:16,214 - SplitNNClient - INFO - 22768 - phase=train acc=0.8135044642857143 loss=38.922434628009796 epoch=45 and step=70
2026-04-21 01:17:16,314 - SplitNNClient - INFO - 22820 - phase=train acc=0.7614955357142857 loss=49.781286150217056 epoch=45 and step=70
2026-04-21 01:17:18,225 - SplitNNClient - INFO - 22768 - phase=train acc=0.81396484375 loss=44.71781504154205 epoch=45 and step=80
2026-04-21 01:17:20,070 - SplitNNClient - INFO - 22768 - phase=train acc=0.8151041666666666 loss=50.23405933380127 epoch=45 and step=90
2026-04-21 01:17:21,774 - SplitNNClient - INFO - 22768 - phase=train acc=0.81609375 loss=55.50921979546547 epoch=45 and step=100
2026-04-21 01:17:23,382 - SplitNNClient - INFO - 22768 - phase=train acc=0.8151988636363636 loss=61.23350256681442 epoch=45 and step=110
2026-04-21 01:17:25,053 - SplitNNClient - INFO - 22768 - phase=train acc=0.8143229166666667 loss=66.94374424219131 epoch=45 and step=120
2026-04-21 01:17:25,485 - FedServerManager - INFO - 22816 - get all model params ---- from rank fed_server
2026-04-21 01:17:38,399 - SplitNNClient - INFO - 22820 - phase=validation acc=0.7745 loss=50.934903651475906 epoch=45 and step=79
2026-04-21 01:17:39,102 - SplitNNClient - INFO - 24044 - phase=validation acc=0.7745 loss=50.934903651475906 epoch=45 and step=79
2026-04-21 01:17:39,174 - SplitNNClient - INFO - 10748 - phase=validation acc=0.7745 loss=50.934903651475906 epoch=45 and step=79
2026-04-21 01:17:39,374 - SplitNNClient - INFO - 22768 - phase=validation acc=0.7745 loss=50.934903651475906 epoch=45 and step=79
2026-04-21 01:17:39,624 - SplitNNClient - INFO - 22656 - phase=validation acc=0.7745 loss=50.934903651475906 epoch=45 and step=79
2026-04-21 01:17:42,666 - SplitNNClient - INFO - 10748 - phase=train acc=0.77421875 loss=6.561290919780731 epoch=46 and step=10
2026-04-21 01:17:42,727 - SplitNNClient - INFO - 22768 - phase=train acc=0.80625 loss=5.632628262042999 epoch=46 and step=10
2026-04-21 01:17:42,792 - SplitNNClient - INFO - 22656 - phase=train acc=0.78515625 loss=6.559290051460266 epoch=46 and step=10
2026-04-21 01:17:42,857 - SplitNNClient - INFO - 24044 - phase=train acc=0.62578125 loss=10.221044480800629 epoch=46 and step=10
2026-04-21 01:17:42,896 - SplitNNClient - INFO - 22820 - phase=train acc=0.73515625 loss=8.038272678852081 epoch=46 and step=10
2026-04-21 01:17:45,819 - SplitNNClient - INFO - 10748 - phase=train acc=0.780859375 loss=12.624373197555542 epoch=46 and step=20
2026-04-21 01:17:45,891 - SplitNNClient - INFO - 22768 - phase=train acc=0.812890625 loss=11.152552664279938 epoch=46 and step=20
2026-04-21 01:17:45,957 - SplitNNClient - INFO - 22656 - phase=train acc=0.78359375 loss=12.790879279375076 epoch=46 and step=20
2026-04-21 01:17:46,004 - SplitNNClient - INFO - 24044 - phase=train acc=0.659765625 loss=18.45549249649048 epoch=46 and step=20
2026-04-21 01:17:46,071 - SplitNNClient - INFO - 22820 - phase=train acc=0.755078125 loss=14.791625440120697 epoch=46 and step=20
2026-04-21 01:17:48,942 - SplitNNClient - INFO - 10748 - phase=train acc=0.7768229166666667 loss=19.328541159629822 epoch=46 and step=30
2026-04-21 01:17:48,991 - SplitNNClient - INFO - 22768 - phase=train acc=0.8184895833333333 loss=16.285420268774033 epoch=46 and step=30
2026-04-21 01:17:49,057 - SplitNNClient - INFO - 22656 - phase=train acc=0.7846354166666667 loss=18.750677317380905 epoch=46 and step=30
2026-04-21 01:17:49,124 - SplitNNClient - INFO - 22820 - phase=train acc=0.75625 loss=21.982202291488647 epoch=46 and step=30
2026-04-21 01:17:49,200 - SplitNNClient - INFO - 24044 - phase=train acc=0.6731770833333334 loss=26.346987068653107 epoch=46 and step=30
2026-04-21 01:17:52,120 - SplitNNClient - INFO - 10748 - phase=train acc=0.7771484375 loss=26.10450577735901 epoch=46 and step=40
2026-04-21 01:17:52,192 - SplitNNClient - INFO - 22768 - phase=train acc=0.8177734375 loss=21.829643577337265 epoch=46 and step=40
2026-04-21 01:17:52,235 - SplitNNClient - INFO - 22656 - phase=train acc=0.7806640625 loss=25.264193326234818 epoch=46 and step=40
2026-04-21 01:17:52,301 - SplitNNClient - INFO - 22820 - phase=train acc=0.7583984375 loss=29.05607509613037 epoch=46 and step=40
2026-04-21 01:17:52,403 - SplitNNClient - INFO - 24044 - phase=train acc=0.68125 loss=34.34463405609131 epoch=46 and step=40
2026-04-21 01:17:55,461 - SplitNNClient - INFO - 10748 - phase=train acc=0.77453125 loss=32.62394064664841 epoch=46 and step=50
2026-04-21 01:17:55,523 - SplitNNClient - INFO - 22768 - phase=train acc=0.81765625 loss=26.95550227165222 epoch=46 and step=50
2026-04-21 01:17:55,602 - SplitNNClient - INFO - 22656 - phase=train acc=0.78203125 loss=31.279853016138077 epoch=46 and step=50
2026-04-21 01:17:55,667 - SplitNNClient - INFO - 22820 - phase=train acc=0.75890625 loss=35.816108882427216 epoch=46 and step=50
2026-04-21 01:17:55,732 - SplitNNClient - INFO - 24044 - phase=train acc=0.68296875 loss=42.52128440141678 epoch=46 and step=50
2026-04-21 01:17:58,414 - SplitNNClient - INFO - 10748 - phase=train acc=0.7783854166666667 loss=38.42530000209808 epoch=46 and step=60
2026-04-21 01:17:58,479 - SplitNNClient - INFO - 22768 - phase=train acc=0.8174479166666667 loss=32.48470988869667 epoch=46 and step=60
2026-04-21 01:17:58,551 - SplitNNClient - INFO - 22656 - phase=train acc=0.7782552083333333 loss=37.685820668935776 epoch=46 and step=60
2026-04-21 01:17:58,593 - SplitNNClient - INFO - 22820 - phase=train acc=0.7591145833333334 loss=42.723540008068085 epoch=46 and step=60
2026-04-21 01:18:01,088 - SplitNNClient - INFO - 22768 - phase=train acc=0.8162946428571428 loss=38.05637863278389 epoch=46 and step=70
2026-04-21 01:18:01,151 - SplitNNClient - INFO - 22820 - phase=train acc=0.7639508928571429 loss=48.92200684547424 epoch=46 and step=70
2026-04-21 01:18:02,975 - SplitNNClient - INFO - 22768 - phase=train acc=0.81484375 loss=43.67098122835159 epoch=46 and step=80
2026-04-21 01:18:04,667 - SplitNNClient - INFO - 22768 - phase=train acc=0.81640625 loss=48.80237618088722 epoch=46 and step=90
2026-04-21 01:18:06,392 - SplitNNClient - INFO - 22768 - phase=train acc=0.81609375 loss=54.20849469304085 epoch=46 and step=100
2026-04-21 01:18:07,935 - SplitNNClient - INFO - 22768 - phase=train acc=0.8159090909090909 loss=59.659202843904495 epoch=46 and step=110
2026-04-21 01:18:09,626 - SplitNNClient - INFO - 22768 - phase=train acc=0.8141927083333333 loss=65.5547243654728 epoch=46 and step=120
2026-04-21 01:18:09,984 - FedServerManager - INFO - 22816 - get all model params ---- from rank fed_server
2026-04-21 01:18:22,418 - SplitNNClient - INFO - 22820 - phase=validation acc=0.7582 loss=53.30547648668289 epoch=46 and step=79
2026-04-21 01:18:22,995 - SplitNNClient - INFO - 22656 - phase=validation acc=0.7582 loss=53.30547648668289 epoch=46 and step=79
2026-04-21 01:18:23,046 - SplitNNClient - INFO - 22768 - phase=validation acc=0.7582 loss=53.30547648668289 epoch=46 and step=79
2026-04-21 01:18:23,066 - SplitNNClient - INFO - 24044 - phase=validation acc=0.7582 loss=53.30547648668289 epoch=46 and step=79
2026-04-21 01:18:23,074 - SplitNNClient - INFO - 10748 - phase=validation acc=0.7582 loss=53.30547648668289 epoch=46 and step=79
2026-04-21 01:18:26,254 - SplitNNClient - INFO - 22820 - phase=train acc=0.7453125 loss=7.528486013412476 epoch=47 and step=10
2026-04-21 01:18:26,356 - SplitNNClient - INFO - 22768 - phase=train acc=0.8078125 loss=6.003910481929779 epoch=47 and step=10
2026-04-21 01:18:26,423 - SplitNNClient - INFO - 24044 - phase=train acc=0.665625 loss=9.497104346752167 epoch=47 and step=10
2026-04-21 01:18:26,462 - SplitNNClient - INFO - 22656 - phase=train acc=0.78828125 loss=6.380369186401367 epoch=47 and step=10
2026-04-21 01:18:26,530 - SplitNNClient - INFO - 10748 - phase=train acc=0.78984375 loss=6.09598171710968 epoch=47 and step=10
2026-04-21 01:18:29,512 - SplitNNClient - INFO - 22820 - phase=train acc=0.75390625 loss=14.679667472839355 epoch=47 and step=20
2026-04-21 01:18:29,652 - SplitNNClient - INFO - 22768 - phase=train acc=0.80625 loss=12.11170580983162 epoch=47 and step=20
2026-04-21 01:18:29,723 - SplitNNClient - INFO - 24044 - phase=train acc=0.6734375 loss=18.119636058807373 epoch=47 and step=20
2026-04-21 01:18:29,796 - SplitNNClient - INFO - 22656 - phase=train acc=0.7859375 loss=12.491895169019699 epoch=47 and step=20
2026-04-21 01:18:29,906 - SplitNNClient - INFO - 10748 - phase=train acc=0.785546875 loss=12.231627315282822 epoch=47 and step=20
2026-04-21 01:18:32,875 - SplitNNClient - INFO - 22820 - phase=train acc=0.7533854166666667 loss=21.954871118068695 epoch=47 and step=30
2026-04-21 01:18:33,017 - SplitNNClient - INFO - 22768 - phase=train acc=0.8098958333333334 loss=17.4846892952919 epoch=47 and step=30
2026-04-21 01:18:33,054 - SplitNNClient - INFO - 24044 - phase=train acc=0.6739583333333333 loss=26.393730640411377 epoch=47 and step=30
2026-04-21 01:18:33,118 - SplitNNClient - INFO - 22656 - phase=train acc=0.7841145833333333 loss=18.559840142726898 epoch=47 and step=30
2026-04-21 01:18:33,260 - SplitNNClient - INFO - 10748 - phase=train acc=0.7901041666666667 loss=18.370906978845596 epoch=47 and step=30
2026-04-21 01:18:36,075 - SplitNNClient - INFO - 22820 - phase=train acc=0.7599609375 loss=28.481214582920074 epoch=47 and step=40
2026-04-21 01:18:36,264 - SplitNNClient - INFO - 22768 - phase=train acc=0.816796875 loss=22.477460026741028 epoch=47 and step=40
2026-04-21 01:18:36,326 - SplitNNClient - INFO - 24044 - phase=train acc=0.68125 loss=34.21892553567886 epoch=47 and step=40
2026-04-21 01:18:36,463 - SplitNNClient - INFO - 22656 - phase=train acc=0.784765625 loss=24.639222145080566 epoch=47 and step=40
2026-04-21 01:18:36,532 - SplitNNClient - INFO - 10748 - phase=train acc=0.789453125 loss=24.682206124067307 epoch=47 and step=40
2026-04-21 01:18:39,331 - SplitNNClient - INFO - 22820 - phase=train acc=0.76015625 loss=35.49075627326965 epoch=47 and step=50
2026-04-21 01:18:39,575 - SplitNNClient - INFO - 22768 - phase=train acc=0.8178125 loss=27.744722485542297 epoch=47 and step=50
2026-04-21 01:18:39,711 - SplitNNClient - INFO - 24044 - phase=train acc=0.69046875 loss=41.573268830776215 epoch=47 and step=50
2026-04-21 01:18:39,788 - SplitNNClient - INFO - 22656 - phase=train acc=0.785625 loss=30.15147790312767 epoch=47 and step=50
2026-04-21 01:18:39,856 - SplitNNClient - INFO - 10748 - phase=train acc=0.7896875 loss=30.873176842927933 epoch=47 and step=50
2026-04-21 01:18:42,347 - SplitNNClient - INFO - 22820 - phase=train acc=0.76328125 loss=41.84791639447212 epoch=47 and step=60
2026-04-21 01:18:42,559 - SplitNNClient - INFO - 22768 - phase=train acc=0.81875 loss=32.95597666501999 epoch=47 and step=60
2026-04-21 01:18:42,666 - SplitNNClient - INFO - 22656 - phase=train acc=0.785546875 loss=36.1376870572567 epoch=47 and step=60
2026-04-21 01:18:42,766 - SplitNNClient - INFO - 10748 - phase=train acc=0.7873697916666667 loss=37.03242167830467 epoch=47 and step=60
2026-04-21 01:18:45,050 - SplitNNClient - INFO - 22820 - phase=train acc=0.765625 loss=48.45519831776619 epoch=47 and step=70
2026-04-21 01:18:45,321 - SplitNNClient - INFO - 22768 - phase=train acc=0.8197544642857143 loss=38.14809465408325 epoch=47 and step=70
2026-04-21 01:18:47,265 - SplitNNClient - INFO - 22768 - phase=train acc=0.82109375 loss=43.099187076091766 epoch=47 and step=80
2026-04-21 01:18:48,941 - SplitNNClient - INFO - 22768 - phase=train acc=0.8213541666666667 loss=48.436985552310944 epoch=47 and step=90
2026-04-21 01:18:50,701 - SplitNNClient - INFO - 22768 - phase=train acc=0.8221875 loss=53.8436823785305 epoch=47 and step=100
2026-04-21 01:18:52,303 - SplitNNClient - INFO - 22768 - phase=train acc=0.8203835227272728 loss=59.65097659826279 epoch=47 and step=110
2026-04-21 01:18:54,150 - SplitNNClient - INFO - 22768 - phase=train acc=0.8205729166666667 loss=65.00710660219193 epoch=47 and step=120
2026-04-21 01:18:54,558 - FedServerManager - INFO - 22816 - get all model params ---- from rank fed_server
2026-04-21 01:19:06,393 - SplitNNClient - INFO - 22820 - phase=validation acc=0.7786 loss=48.832154363393784 epoch=47 and step=79
2026-04-21 01:19:06,689 - SplitNNClient - INFO - 22656 - phase=validation acc=0.7786 loss=48.832154363393784 epoch=47 and step=79
2026-04-21 01:19:06,693 - SplitNNClient - INFO - 24044 - phase=validation acc=0.7786 loss=48.832154363393784 epoch=47 and step=79
2026-04-21 01:19:06,801 - SplitNNClient - INFO - 22768 - phase=validation acc=0.7786 loss=48.832154363393784 epoch=47 and step=79
2026-04-21 01:19:06,953 - SplitNNClient - INFO - 10748 - phase=validation acc=0.7786 loss=48.832154363393784 epoch=47 and step=79
2026-04-21 01:19:10,094 - SplitNNClient - INFO - 24044 - phase=train acc=0.65 loss=9.561540246009827 epoch=48 and step=10
2026-04-21 01:19:10,195 - SplitNNClient - INFO - 22820 - phase=train acc=0.7359375 loss=7.6732261180877686 epoch=48 and step=10
2026-04-21 01:19:10,234 - SplitNNClient - INFO - 10748 - phase=train acc=0.778125 loss=6.296130955219269 epoch=48 and step=10
2026-04-21 01:19:10,297 - SplitNNClient - INFO - 22768 - phase=train acc=0.80703125 loss=5.874069333076477 epoch=48 and step=10
2026-04-21 01:19:10,365 - SplitNNClient - INFO - 22656 - phase=train acc=0.77421875 loss=6.553976774215698 epoch=48 and step=10
2026-04-21 01:19:13,323 - SplitNNClient - INFO - 24044 - phase=train acc=0.6703125 loss=17.761874735355377 epoch=48 and step=20
2026-04-21 01:19:13,391 - SplitNNClient - INFO - 22820 - phase=train acc=0.755078125 loss=14.329933166503906 epoch=48 and step=20
2026-04-21 01:19:13,436 - SplitNNClient - INFO - 10748 - phase=train acc=0.78671875 loss=12.315307527780533 epoch=48 and step=20
2026-04-21 01:19:13,507 - SplitNNClient - INFO - 22768 - phase=train acc=0.81796875 loss=10.898089945316315 epoch=48 and step=20
2026-04-21 01:19:13,603 - SplitNNClient - INFO - 22656 - phase=train acc=0.77578125 loss=12.895934522151947 epoch=48 and step=20
2026-04-21 01:19:16,587 - SplitNNClient - INFO - 22820 - phase=train acc=0.7609375 loss=21.178186357021332 epoch=48 and step=30
2026-04-21 01:19:16,622 - SplitNNClient - INFO - 24044 - phase=train acc=0.6734375 loss=26.277884662151337 epoch=48 and step=30
2026-04-21 01:19:16,690 - SplitNNClient - INFO - 10748 - phase=train acc=0.78984375 loss=18.350399166345596 epoch=48 and step=30
2026-04-21 01:19:16,756 - SplitNNClient - INFO - 22768 - phase=train acc=0.81953125 loss=16.083392202854156 epoch=48 and step=30
2026-04-21 01:19:16,827 - SplitNNClient - INFO - 22656 - phase=train acc=0.77109375 loss=19.403018593788147 epoch=48 and step=30
2026-04-21 01:19:19,768 - SplitNNClient - INFO - 22820 - phase=train acc=0.7669921875 loss=27.52247166633606 epoch=48 and step=40
2026-04-21 01:19:19,837 - SplitNNClient - INFO - 24044 - phase=train acc=0.68203125 loss=34.03458893299103 epoch=48 and step=40
2026-04-21 01:19:19,906 - SplitNNClient - INFO - 10748 - phase=train acc=0.7921875 loss=24.488080233335495 epoch=48 and step=40
2026-04-21 01:19:19,972 - SplitNNClient - INFO - 22768 - phase=train acc=0.8177734375 loss=21.663847774267197 epoch=48 and step=40
2026-04-21 01:19:20,018 - SplitNNClient - INFO - 22656 - phase=train acc=0.7791015625 loss=25.2257958650589 epoch=48 and step=40
2026-04-21 01:19:22,971 - SplitNNClient - INFO - 22820 - phase=train acc=0.7696875 loss=33.97184765338898 epoch=48 and step=50
2026-04-21 01:19:23,036 - SplitNNClient - INFO - 24044 - phase=train acc=0.68515625 loss=41.726054549217224 epoch=48 and step=50
2026-04-21 01:19:23,111 - SplitNNClient - INFO - 10748 - phase=train acc=0.79609375 loss=30.065303653478622 epoch=48 and step=50
2026-04-21 01:19:23,170 - SplitNNClient - INFO - 22768 - phase=train acc=0.81921875 loss=26.871468245983124 epoch=48 and step=50
2026-04-21 01:19:23,244 - SplitNNClient - INFO - 22656 - phase=train acc=0.77921875 loss=31.040854901075363 epoch=48 and step=50
2026-04-21 01:19:26,078 - SplitNNClient - INFO - 22820 - phase=train acc=0.7712239583333333 loss=40.59964483976364 epoch=48 and step=60
2026-04-21 01:19:26,219 - SplitNNClient - INFO - 10748 - phase=train acc=0.791015625 loss=36.66998964548111 epoch=48 and step=60
2026-04-21 01:19:26,261 - SplitNNClient - INFO - 22768 - phase=train acc=0.818359375 loss=32.376982897520065 epoch=48 and step=60
2026-04-21 01:19:26,399 - SplitNNClient - INFO - 22656 - phase=train acc=0.7795572916666667 loss=37.586326867341995 epoch=48 and step=60
2026-04-21 01:19:28,683 - SplitNNClient - INFO - 22820 - phase=train acc=0.7688616071428571 loss=47.87908262014389 epoch=48 and step=70
2026-04-21 01:19:28,980 - SplitNNClient - INFO - 22768 - phase=train acc=0.8215401785714286 loss=37.23112803697586 epoch=48 and step=70
2026-04-21 01:19:30,893 - SplitNNClient - INFO - 22768 - phase=train acc=0.820703125 loss=42.55283060669899 epoch=48 and step=80
2026-04-21 01:19:32,621 - SplitNNClient - INFO - 22768 - phase=train acc=0.8211805555555556 loss=47.84146890044212 epoch=48 and step=90
2026-04-21 01:19:34,258 - SplitNNClient - INFO - 22768 - phase=train acc=0.821171875 loss=52.96155381202698 epoch=48 and step=100
2026-04-21 01:19:36,017 - SplitNNClient - INFO - 22768 - phase=train acc=0.8218039772727272 loss=57.95146945118904 epoch=48 and step=110
2026-04-21 01:19:37,626 - SplitNNClient - INFO - 22768 - phase=train acc=0.8215494791666667 loss=63.38029205799103 epoch=48 and step=120
2026-04-21 01:19:37,988 - FedServerManager - INFO - 22816 - get all model params ---- from rank fed_server
2026-04-21 01:19:50,530 - SplitNNClient - INFO - 22820 - phase=validation acc=0.7838 loss=48.2342044711113 epoch=48 and step=79
2026-04-21 01:19:50,776 - SplitNNClient - INFO - 22768 - phase=validation acc=0.7838 loss=48.2342044711113 epoch=48 and step=79
2026-04-21 01:19:50,913 - SplitNNClient - INFO - 24044 - phase=validation acc=0.7838 loss=48.2342044711113 epoch=48 and step=79
2026-04-21 01:19:51,003 - SplitNNClient - INFO - 22656 - phase=validation acc=0.7838 loss=48.2342044711113 epoch=48 and step=79
2026-04-21 01:19:51,005 - SplitNNClient - INFO - 10748 - phase=validation acc=0.7838 loss=48.2342044711113 epoch=48 and step=79
2026-04-21 01:19:52,064 - CommBreakdown - INFO - 10748 - tensor_distribution rank=4 node_type=client phase=train epoch=49 sample=late tensor=activations[0] shape=(128, 64, 16, 16) mean=1.73969 std=2.33351 min=0 max=27.1691 mean_abs=1.73969 max_abs=27.1691 p95_abs=6.83467 p99_abs=9.09831 skewness=1.60159 kurtosis=5.3509 mean_channel_std=1.20519 std_channel_std=0.424581 max_channel_scale_over_min_channel_scale=6.89694 spread=high spread_score=1.34133 outliers=medium outlier_score=1.69326 near_zero=medium near_zero_fraction=0.395477
2026-04-21 01:19:52,105 - CommBreakdown - INFO - 22820 - tensor_distribution rank=5 node_type=client phase=train epoch=49 sample=late tensor=activations[0] shape=(128, 64, 16, 16) mean=1.74558 std=2.32979 min=0 max=25.9742 mean_abs=1.74558 max_abs=25.9742 p95_abs=6.83513 p99_abs=9.03372 skewness=1.59019 kurtosis=5.29562 mean_channel_std=1.20121 std_channel_std=0.420165 max_channel_scale_over_min_channel_scale=7.02513 spread=high spread_score=1.33468 outliers=medium outlier_score=1.68152 near_zero=medium near_zero_fraction=0.39197
2026-04-21 01:19:52,126 - CommBreakdown - INFO - 22656 - tensor_distribution rank=3 node_type=client phase=train epoch=49 sample=late tensor=activations[0] shape=(128, 64, 16, 16) mean=1.73997 std=2.33153 min=0 max=26.7314 mean_abs=1.73997 max_abs=26.7314 p95_abs=6.81491 p99_abs=9.05518 skewness=1.61098 kurtosis=5.45666 mean_channel_std=1.20142 std_channel_std=0.416295 max_channel_scale_over_min_channel_scale=6.72368 spread=high spread_score=1.33998 outliers=medium outlier_score=1.68919 near_zero=medium near_zero_fraction=0.394687
2026-04-21 01:19:52,130 - CommBreakdown - INFO - 22768 - tensor_distribution rank=1 node_type=client phase=train epoch=49 sample=late tensor=activations[0] shape=(128, 64, 16, 16) mean=1.74416 std=2.33136 min=0 max=24.9205 mean_abs=1.74416 max_abs=24.9205 p95_abs=6.85783 p99_abs=9.13222 skewness=1.57932 kurtosis=5.19603 mean_channel_std=1.20125 std_channel_std=0.421953 max_channel_scale_over_min_channel_scale=6.27602 spread=high spread_score=1.33666 outliers=medium outlier_score=1.69894 near_zero=medium near_zero_fraction=0.394845
2026-04-21 01:19:52,138 - CommBreakdown - INFO - 24044 - tensor_distribution rank=2 node_type=client phase=train epoch=49 sample=late tensor=activations[0] shape=(128, 64, 16, 16) mean=1.74055 std=2.33023 min=0 max=26.7238 mean_abs=1.74055 max_abs=26.7238 p95_abs=6.79232 p99_abs=9.03702 skewness=1.61852 kurtosis=5.53911 mean_channel_std=1.20026 std_channel_std=0.425004 max_channel_scale_over_min_channel_scale=5.6937 spread=high spread_score=1.33879 outliers=medium outlier_score=1.68736 near_zero=medium near_zero_fraction=0.393234
2026-04-21 01:19:53,193 - CommBreakdown - INFO - 3168 - tensor_distribution rank=0 node_type=server phase=train epoch=49 sample=late tensor=activation_grads shape=(128, 64, 16, 16) mean=-1.5675e-09 std=1.4074e-05 min=-0.000717403 max=0.000589993 mean_abs=5.80772e-06 max_abs=0.000717403 p95_abs=2.40593e-05 p99_abs=6.02469e-05 skewness=-0.00142934 kurtosis=3.53157e-06 mean_channel_std=1.37028e-05 std_channel_std=3.21116e-06 max_channel_scale_over_min_channel_scale=4.88539 spread=high spread_score=2.42333 outliers=high outlier_score=4.28084 near_zero=medium near_zero_fraction=0.244168
2026-04-21 01:20:45,190 - SplitNNClient - INFO - 10748 - phase=train acc=0.80546875 loss=5.850069940090179 epoch=49 and step=10
2026-04-21 01:20:46,374 - SplitNNClient - INFO - 22820 - phase=train acc=0.76015625 loss=7.489607751369476 epoch=49 and step=10
2026-04-21 01:20:47,555 - SplitNNClient - INFO - 22768 - phase=train acc=0.79921875 loss=5.7936564683914185 epoch=49 and step=10
2026-04-21 01:20:48,710 - SplitNNClient - INFO - 22656 - phase=train acc=0.7984375 loss=5.985767066478729 epoch=49 and step=10
2026-04-21 01:20:49,833 - SplitNNClient - INFO - 24044 - phase=train acc=0.68359375 loss=9.116657674312592 epoch=49 and step=10
2026-04-21 01:21:42,775 - SplitNNClient - INFO - 10748 - phase=train acc=0.8046875 loss=11.70084497332573 epoch=49 and step=20
2026-04-21 01:21:43,895 - SplitNNClient - INFO - 22820 - phase=train acc=0.776171875 loss=14.135334432125092 epoch=49 and step=20
2026-04-21 01:21:45,113 - SplitNNClient - INFO - 22768 - phase=train acc=0.823046875 loss=10.57682129740715 epoch=49 and step=20
2026-04-21 01:21:46,262 - SplitNNClient - INFO - 22656 - phase=train acc=0.79296875 loss=12.000633418560028 epoch=49 and step=20
2026-04-21 01:21:47,418 - SplitNNClient - INFO - 24044 - phase=train acc=0.68671875 loss=17.425095319747925 epoch=49 and step=20
2026-04-21 01:22:40,201 - SplitNNClient - INFO - 10748 - phase=train acc=0.8028645833333333 loss=17.718381077051163 epoch=49 and step=30
2026-04-21 01:22:41,383 - SplitNNClient - INFO - 22820 - phase=train acc=0.7809895833333333 loss=20.783739805221558 epoch=49 and step=30
2026-04-21 01:22:42,539 - SplitNNClient - INFO - 22768 - phase=train acc=0.8190104166666666 loss=16.181180506944656 epoch=49 and step=30
2026-04-21 01:22:43,668 - SplitNNClient - INFO - 22656 - phase=train acc=0.7950520833333333 loss=17.55006116628647 epoch=49 and step=30
2026-04-21 01:22:44,788 - SplitNNClient - INFO - 24044 - phase=train acc=0.69296875 loss=25.165894508361816 epoch=49 and step=30
2026-04-21 01:23:37,503 - SplitNNClient - INFO - 10748 - phase=train acc=0.7970703125 loss=24.061638325452805 epoch=49 and step=40
2026-04-21 01:23:38,691 - SplitNNClient - INFO - 22820 - phase=train acc=0.7783203125 loss=27.640041291713715 epoch=49 and step=40
2026-04-21 01:23:39,816 - SplitNNClient - INFO - 22768 - phase=train acc=0.8193359375 loss=21.446508705615997 epoch=49 and step=40
2026-04-21 01:23:40,939 - SplitNNClient - INFO - 22656 - phase=train acc=0.789453125 loss=23.793013274669647 epoch=49 and step=40
2026-04-21 01:23:42,092 - SplitNNClient - INFO - 24044 - phase=train acc=0.6953125 loss=33.02784305810928 epoch=49 and step=40
2026-04-21 01:24:35,207 - SplitNNClient - INFO - 10748 - phase=train acc=0.79734375 loss=29.99706968665123 epoch=49 and step=50
2026-04-21 01:24:36,325 - SplitNNClient - INFO - 22820 - phase=train acc=0.78046875 loss=33.996812999248505 epoch=49 and step=50
2026-04-21 01:24:37,507 - SplitNNClient - INFO - 22768 - phase=train acc=0.82421875 loss=26.16221731901169 epoch=49 and step=50
2026-04-21 01:24:38,659 - SplitNNClient - INFO - 22656 - phase=train acc=0.791875 loss=29.573863625526428 epoch=49 and step=50
2026-04-21 01:24:39,814 - SplitNNClient - INFO - 24044 - phase=train acc=0.69859375 loss=40.430260837078094 epoch=49 and step=50
2026-04-21 01:25:27,097 - SplitNNClient - INFO - 10748 - phase=train acc=0.796484375 loss=36.06924310326576 epoch=49 and step=60
2026-04-21 01:25:28,277 - SplitNNClient - INFO - 22820 - phase=train acc=0.7786458333333334 loss=40.799982488155365 epoch=49 and step=60
2026-04-21 01:25:29,490 - SplitNNClient - INFO - 22768 - phase=train acc=0.8263020833333333 loss=31.315583616495132 epoch=49 and step=60
2026-04-21 01:25:30,638 - SplitNNClient - INFO - 22656 - phase=train acc=0.78984375 loss=35.6921124458313 epoch=49 and step=60
2026-04-21 01:26:10,998 - SplitNNClient - INFO - 22820 - phase=train acc=0.7766741071428571 loss=47.559146761894226 epoch=49 and step=70
2026-04-21 01:26:12,116 - SplitNNClient - INFO - 22768 - phase=train acc=0.8261160714285715 loss=36.34948909282684 epoch=49 and step=70
2026-04-21 01:26:33,847 - SplitNNClient - INFO - 22768 - phase=train acc=0.82744140625 loss=41.341971665620804 epoch=49 and step=80
2026-04-21 01:26:54,045 - SplitNNClient - INFO - 22768 - phase=train acc=0.8290798611111111 loss=46.09686827659607 epoch=49 and step=90
2026-04-21 01:27:14,329 - SplitNNClient - INFO - 22768 - phase=train acc=0.828984375 loss=51.481774389743805 epoch=49 and step=100
2026-04-21 01:27:34,579 - SplitNNClient - INFO - 22768 - phase=train acc=0.8287642045454545 loss=56.56078803539276 epoch=49 and step=110
2026-04-21 01:27:54,517 - SplitNNClient - INFO - 22768 - phase=train acc=0.8276692708333333 loss=62.217465192079544 epoch=49 and step=120
2026-04-21 01:27:58,494 - FedServerManager - INFO - 22816 - get all model params ---- from rank fed_server
2026-04-21 01:28:10,617 - SplitNNClient - INFO - 22820 - phase=validation acc=0.7746 loss=49.64512199163437 epoch=49 and step=79
2026-04-21 01:28:10,638 - CommBreakdown - INFO - 22820 - rank=5 node_type=client total_send=16207579374 total_receive=8005967288 send_by_category={'ACTS': 16175905050, 'MODEL': 31662900, 'OTHER': 11424} recv_by_category={'GRADS': 7974295700, 'MODEL': 31660500, 'OTHER': 11088} send_by_type={2: 16175905050, 7: 31662900, 3: 5600, 4: 5600, 5: 224} recv_by_type={1: 7974295700, 8: 31660500, 11: 5600, 12: 5488} mm_send_by_type={2: 16175688050, 7: 31661500, 3: 4200, 4: 4200, 5: 168} mm_recv_by_type={1: 7974295700, 8: 31660500, 11: 5600, 12: 5488}
2026-04-21 01:28:10,666 - init_client - INFO - 22820 - Client 5 run end
2026-04-21 01:28:10,855 - SplitNNClient - INFO - 22768 - phase=validation acc=0.7746 loss=49.64512199163437 epoch=49 and step=79
2026-04-21 01:28:10,886 - CommBreakdown - INFO - 22768 - rank=1 node_type=client total_send=21035401274 total_receive=12831553588 send_by_category={'ACTS': 21003726950, 'MODEL': 31662900, 'OTHER': 11424} recv_by_category={'GRADS': 12799882000, 'MODEL': 31660500, 'OTHER': 11088} send_by_type={2: 21003726950, 7: 31662900, 3: 5600, 4: 5600, 5: 224} recv_by_type={1: 12799882000, 8: 31660500, 11: 5600, 12: 5488} mm_send_by_type={2: 21003445550, 7: 31661500, 3: 4200, 4: 4200, 5: 168} mm_recv_by_type={1: 12799882000, 8: 31660500, 11: 5600, 12: 5488}
2026-04-21 01:28:10,891 - SplitNNClient - INFO - 22656 - phase=validation acc=0.7746 loss=49.64512199163437 epoch=49 and step=79
2026-04-21 01:28:10,901 - CommBreakdown - INFO - 22656 - rank=3 node_type=client total_send=15263005524 total_receive=7061830838 send_by_category={'ACTS': 15231331200, 'MODEL': 31662900, 'OTHER': 11424} recv_by_category={'GRADS': 7030159250, 'MODEL': 31660500, 'OTHER': 11088} send_by_type={2: 15231331200, 7: 31662900, 3: 5600, 4: 5600, 5: 224} recv_by_type={1: 7030159250, 8: 31660500, 11: 5600, 12: 5488} mm_send_by_type={2: 15231126800, 7: 31661500, 3: 4200, 4: 4200, 5: 168} mm_recv_by_type={1: 7030159250, 8: 31660500, 11: 5600, 12: 5488}
2026-04-21 01:28:10,913 - init_client - INFO - 22768 - Client 1 run end
2026-04-21 01:28:10,924 - init_client - INFO - 22656 - Client 3 run end
2026-04-21 01:28:10,980 - SplitNNClient - INFO - 24044 - phase=validation acc=0.7746 loss=49.64512199163437 epoch=49 and step=79
2026-04-21 01:28:11,011 - CommBreakdown - INFO - 24044 - rank=2 node_type=client total_send=13898621074 total_receive=5698078188 send_by_category={'ACTS': 13866946750, 'MODEL': 31662900, 'OTHER': 11424} recv_by_category={'GRADS': 5666406600, 'MODEL': 31660500, 'OTHER': 11088} send_by_type={2: 13866946750, 7: 31662900, 3: 5600, 4: 5600, 5: 224} recv_by_type={1: 5666406600, 8: 31660500, 11: 5600, 12: 5488} mm_send_by_type={2: 13866760550, 7: 31661500, 3: 4200, 4: 4200, 5: 168} mm_recv_by_type={1: 5666406600, 8: 31660500, 11: 5600, 12: 5488}
2026-04-21 01:28:11,046 - init_client - INFO - 24044 - Client 2 run end
2026-04-21 01:28:11,160 - SplitNNClient - INFO - 10748 - phase=validation acc=0.7746 loss=49.64512199163437 epoch=49 and step=79
2026-04-21 01:28:11,183 - CommBreakdown - INFO - 22816 - rank=6 node_type=server total_send=158302500 total_receive=158315060 send_by_category={'MODEL': 158302500} recv_by_category={'MODEL': 158314500, 'OTHER': 560} send_by_type={8: 158302500} recv_by_type={7: 158314500, 5: 560} mm_send_by_type={8: 158295500} mm_recv_by_type={7: 158314500, 5: 560}
2026-04-21 01:28:11,185 - CommBreakdown - INFO - 3168 - rank=0 node_type=server total_send=40710766340 total_receive=81719203010 send_by_category={'GRADS': 40710710900, 'OTHER': 55440} recv_by_category={'ACTS': 81719146450, 'OTHER': 56560} send_by_type={1: 40710710900, 11: 28000, 12: 27440} recv_by_type={2: 81719146450, 3: 28000, 4: 28000, 5: 560} mm_send_by_type={1: 40709614700, 11: 21000, 12: 20580} mm_recv_by_type={2: 81719146450, 3: 28000, 4: 28000, 5: 560}
2026-04-21 01:28:11,192 - CommBreakdown - INFO - 10748 - rank=4 node_type=client total_send=15472910824 total_receive=7271638938 send_by_category={'ACTS': 15441236500, 'MODEL': 31662900, 'OTHER': 11424} recv_by_category={'GRADS': 7239967350, 'MODEL': 31660500, 'OTHER': 11088} send_by_type={2: 15441236500, 7: 31662900, 3: 5600, 4: 5600, 5: 224} recv_by_type={1: 7239967350, 8: 31660500, 11: 5600, 12: 5488} mm_send_by_type={2: 15441029300, 7: 31661500, 3: 4200, 4: 4200, 5: 168} mm_recv_by_type={1: 7239967350, 8: 31660500, 11: 5600, 12: 5488}
2026-04-21 01:28:11,194 - init_fed_server - INFO - 22816 - FedServer run end
2026-04-21 01:28:11,216 - init_server - INFO - 3168 - Server run end
2026-04-21 01:28:11,221 - init_client - INFO - 10748 - Client 4 run end
