2026-04-19 10:09:01,428 - datasetFactory - INFO - 17116 - cifar10
2026-04-19 10:09:01,428 - datasetFactory - INFO - 18260 - cifar10
2026-04-19 10:09:01,428 - datasetFactory - INFO - 16812 - cifar10
2026-04-19 10:09:01,429 - datasetFactory - INFO - 24840 - cifar10
2026-04-19 10:09:01,429 - datasetFactory - INFO - 26292 - cifar10
2026-04-19 10:09:01,509 - TorchvisionDatasetController - INFO - 24840 - <bound method DataPartitioner.hetero of <datasets.Partition_Data.DataPartitioner object at 0x000001F1D1C4C9B0>>
2026-04-19 10:09:01,509 - DataPartitioner - INFO - 24840 - hetero
2026-04-19 10:09:01,509 - TorchvisionDatasetController - INFO - 24840 - F:\phd\Split-Experiments\Split-Framework\datasets\downloads
2026-04-19 10:09:01,543 - TorchvisionDatasetController - INFO - 16812 - <bound method DataPartitioner.hetero of <datasets.Partition_Data.DataPartitioner object at 0x0000015A5F587FE0>>
2026-04-19 10:09:01,543 - DataPartitioner - INFO - 16812 - hetero
2026-04-19 10:09:01,544 - TorchvisionDatasetController - INFO - 16812 - F:\phd\Split-Experiments\Split-Framework\datasets\downloads
2026-04-19 10:09:01,552 - TorchvisionDatasetController - INFO - 26216 - <bound method DataPartitioner.hetero of <datasets.Partition_Data.DataPartitioner object at 0x000002E7BA3AE540>>
2026-04-19 10:09:01,552 - DataPartitioner - INFO - 26216 - hetero
2026-04-19 10:09:01,553 - TorchvisionDatasetController - INFO - 26216 - F:\phd\Split-Experiments\Split-Framework\datasets\downloads
2026-04-19 10:09:01,553 - TorchvisionDatasetController - INFO - 18260 - <bound method DataPartitioner.hetero of <datasets.Partition_Data.DataPartitioner object at 0x000001BC3E6DE5D0>>
2026-04-19 10:09:01,553 - DataPartitioner - INFO - 18260 - hetero
2026-04-19 10:09:01,553 - TorchvisionDatasetController - INFO - 18260 - F:\phd\Split-Experiments\Split-Framework\datasets\downloads
2026-04-19 10:09:01,554 - TorchvisionDatasetController - INFO - 17116 - <bound method DataPartitioner.hetero of <datasets.Partition_Data.DataPartitioner object at 0x0000022D67DEB260>>
2026-04-19 10:09:01,554 - DataPartitioner - INFO - 17116 - hetero
2026-04-19 10:09:01,555 - TorchvisionDatasetController - INFO - 17116 - F:\phd\Split-Experiments\Split-Framework\datasets\downloads
2026-04-19 10:09:01,556 - TorchvisionDatasetController - INFO - 26292 - <bound method DataPartitioner.hetero of <datasets.Partition_Data.DataPartitioner object at 0x0000017E01896FF0>>
2026-04-19 10:09:01,556 - DataPartitioner - INFO - 26292 - hetero
2026-04-19 10:09:01,556 - TorchvisionDatasetController - INFO - 26292 - F:\phd\Split-Experiments\Split-Framework\datasets\downloads
2026-04-19 10:09:03,782 - DataPartitioner - INFO - 17116 - traindata_cls_counts: {0: {0: 2538, 1: 2206, 2: 409, 3: 3154, 4: 40, 5: 178, 6: 387, 7: 128, 8: 2363, 9: 4251}, 1: {0: 43, 1: 215, 2: 202, 3: 1423, 4: 1777, 5: 2276, 6: 1, 7: 498, 8: 446, 9: 131}, 2: {0: 23, 1: 1517, 2: 1244, 3: 192, 4: 2349, 5: 208, 6: 259, 7: 2175, 8: 682, 9: 17}, 3: {0: 1053, 1: 1004, 2: 2473, 4: 108, 5: 512, 6: 897, 7: 1057, 8: 1368, 9: 387}, 4: {0: 1343, 1: 58, 2: 672, 3: 231, 4: 726, 5: 1826, 6: 3456, 7: 1142, 8: 141, 9: 214}}
2026-04-19 10:09:03,782 - TorchvisionDatasetController - INFO - 17116 - rank = 1, local_sample_number = 15654
2026-04-19 10:09:03,782 - DataPartitioner - INFO - 26216 - traindata_cls_counts: {0: {0: 2538, 1: 2206, 2: 409, 3: 3154, 4: 40, 5: 178, 6: 387, 7: 128, 8: 2363, 9: 4251}, 1: {0: 43, 1: 215, 2: 202, 3: 1423, 4: 1777, 5: 2276, 6: 1, 7: 498, 8: 446, 9: 131}, 2: {0: 23, 1: 1517, 2: 1244, 3: 192, 4: 2349, 5: 208, 6: 259, 7: 2175, 8: 682, 9: 17}, 3: {0: 1053, 1: 1004, 2: 2473, 4: 108, 5: 512, 6: 897, 7: 1057, 8: 1368, 9: 387}, 4: {0: 1343, 1: 58, 2: 672, 3: 231, 4: 726, 5: 1826, 6: 3456, 7: 1142, 8: 141, 9: 214}}
2026-04-19 10:09:03,783 - TorchvisionDatasetController - INFO - 26216 - rank = 4, local_sample_number = 8859
, 3: 3154, 4: 40, 5: 178, 6: 387, 7: 128, 8: 2363, 9: 4251}, 1: {0: 43, 1: 215, 2: 202, 3: 1423, 4: 1777, 5: 2276, 6: 1, 7: 498, 8: 446, 9: 131}, 2: {0: 23, 1: 1517, 2: 1244, 3: 192, 4: 2349, 5: 208, 6: 259, 7: 2175, 8: 682, 9: 17}, 3: {0: 1053, 1: 1004, 2: 2473, 4: 108, 5: 512, 6: 897, 7: 1057, 8: 1368, 9: 387}, 4: {0: 1343, 1: 58, 2: 672, 3: 231, 4: 726, 5: 1826, 6: 3456, 7: 1142, 8: 141, 9: 214}}
2026-04-19 10:09:03,783 - DataPartitioner - INFO - 18260 - traindata_cls_counts: {0: {0: 2538, 1: 2206, 2: 409, 3: 3154, 4: 40, 5: 178, 6: 387, 7: 128, 8: 2363, 9: 4251}, 1: {0: 43, 1: 215, 2: 202, 3: 1423, 4: 1777, 5: 2276, 6: 1, 7: 498, 8: 446, 9: 131}, 2: {0: 23, 1: 1517, 2: 1244, 3: 192, 4: 2349, 5: 208, 6: 259, 7: 2175, 8: 682, 9: 17}, 3: {0: 1053, 1: 1004, 2: 2473, 4: 108, 5: 512, 6: 897, 7: 1057, 8: 1368, 9: 387}, 4: {0: 1343, 1: 58, 2: 672, 3: 231, 4: 726, 5: 1826, 6: 3456, 7: 1142, 8: 141, 9: 214}}
2026-04-19 10:09:03,784 - TorchvisionDatasetController - INFO - 24840 - rank = 2, local_sample_number = 7012
2026-04-19 10:09:03,784 - DataPartitioner - INFO - 16812 - traindata_cls_counts: {0: {0: 2538, 1: 2206, 2: 409, 3: 3154, 4: 40, 5: 178, 6: 387, 7: 128, 8: 2363, 9: 4251}, 1: {0: 43, 1: 215, 2: 202, 3: 1423, 4: 1777, 5: 2276, 6: 1, 7: 498, 8: 446, 9: 131}, 2: {0: 23, 1: 1517, 2: 1244, 3: 192, 4: 2349, 5: 208, 6: 259, 7: 2175, 8: 682, 9: 17}, 3: {0: 1053, 1: 1004, 2: 2473, 4: 108, 5: 512, 6: 897, 7: 1057, 8: 1368, 9: 387}, 4: {0: 1343, 1: 58, 2: 672, 3: 231, 4: 726, 5: 1826, 6: 3456, 7: 1142, 8: 141, 9: 214}}
2026-04-19 10:09:03,784 - TorchvisionDatasetController - INFO - 16812 - rank = 5, local_sample_number = 9809
2026-04-19 10:09:05,028 - TorchvisionDatasetController - INFO - 18260 - train_dl_global number = 390
2026-04-19 10:09:05,028 - TorchvisionDatasetController - INFO - 18260 - test_dl_global number = 79
2026-04-19 10:09:05,043 - main - INFO - 18260 - Process 0 initialized with device: cuda:0
2026-04-19 10:09:05,044 - SplitNN_distributed - INFO - 18260 - process_id == server_rank : 0
2026-04-19 10:09:05,067 - TorchvisionDatasetController - INFO - 26216 - process_id = 4, batch_num_train_local = 69, batch_num_test_local = 79
2026-04-19 10:09:05,067 - TorchvisionDatasetController - INFO - 26292 - process_id = 3, batch_num_train_local = 67, batch_num_test_local = 79
2026-04-19 10:09:05,067 - TorchvisionDatasetController - INFO - 24840 - process_id = 2, batch_num_train_local = 54, batch_num_test_local = 79
2026-04-19 10:09:05,079 - main - INFO - 26292 - Process 3 initialized with device: cpu
2026-04-19 10:09:05,080 - main - INFO - 26216 - Process 4 initialized with device: cpu
2026-04-19 10:09:05,080 - SplitNN_distributed - INFO - 26292 - process_id == client_rank : 3
2026-04-19 10:09:05,080 - SplitNN_distributed - INFO - 26216 - process_id == client_rank : 4
2026-04-19 10:09:05,080 - main - INFO - 24840 - Process 2 initialized with device: cpu
2026-04-19 10:09:05,081 - init_server - INFO - 18260 - Server run begin fedavg
2026-04-19 10:09:05,082 - SplitNN_distributed - INFO - 24840 - process_id == client_rank : 2
2026-04-19 10:09:05,085 - TorchvisionDatasetController - INFO - 17116 - process_id = 1, batch_num_train_local = 122, batch_num_test_local = 79
2026-04-19 10:09:05,087 - init_client - INFO - 26292 - Client 3 run begin
2026-04-19 10:09:05,088 - init_client - INFO - 26216 - Client 4 run begin
2026-04-19 10:09:05,089 - init_client - INFO - 24840 - Client 2 run begin
2026-04-19 10:09:05,096 - main - INFO - 17116 - Process 1 initialized with device: cpu
2026-04-19 10:09:05,096 - SplitNN_distributed - INFO - 17116 - process_id == client_rank : 1
2026-04-19 10:09:05,099 - TorchvisionDatasetController - INFO - 16812 - process_id = 5, batch_num_train_local = 76, batch_num_test_local = 79
2026-04-19 10:09:05,101 - init_client - INFO - 17116 - Client 1 run begin
2026-04-19 10:09:05,107 - main - INFO - 16812 - Process 5 initialized with device: cpu
2026-04-19 10:09:05,107 - SplitNN_distributed - INFO - 16812 - process_id == client_rank : 5
2026-04-19 10:09:05,113 - init_client - INFO - 16812 - Client 5 run begin
2026-04-19 10:09:11,831 - SplitNNClient - INFO - 26292 - phase=train acc=0.2203125 loss=30.1220965385437 epoch=0 and step=10
2026-04-19 10:09:11,833 - SplitNNClient - INFO - 26216 - phase=train acc=0.21640625 loss=29.056883335113525 epoch=0 and step=10
2026-04-19 10:09:11,905 - SplitNNClient - INFO - 17116 - phase=train acc=0.178125 loss=28.49622917175293 epoch=0 and step=10
2026-04-19 10:09:12,101 - SplitNNClient - INFO - 24840 - phase=train acc=0.26796875 loss=30.218202352523804 epoch=0 and step=10
2026-04-19 10:09:12,124 - SplitNNClient - INFO - 16812 - phase=train acc=0.30625 loss=28.7965145111084 epoch=0 and step=10
2026-04-19 10:09:19,170 - SplitNNClient - INFO - 26292 - phase=train acc=0.25078125 loss=48.94500434398651 epoch=0 and step=20
2026-04-19 10:09:19,214 - SplitNNClient - INFO - 17116 - phase=train acc=0.232421875 loss=48.83703076839447 epoch=0 and step=20
2026-04-19 10:09:19,536 - SplitNNClient - INFO - 24840 - phase=train acc=0.30078125 loss=49.771937251091 epoch=0 and step=20
2026-04-19 10:09:19,539 - SplitNNClient - INFO - 16812 - phase=train acc=0.334765625 loss=49.72207069396973 epoch=0 and step=20
2026-04-19 10:09:26,581 - SplitNNClient - INFO - 26216 - phase=train acc=0.26979166666666665 loss=70.03307092189789 epoch=0 and step=30
2026-04-19 10:09:26,602 - SplitNNClient - INFO - 26292 - phase=train acc=0.2565104166666667 loss=68.00356602668762 epoch=0 and step=30
2026-04-19 10:09:26,616 - SplitNNClient - INFO - 17116 - phase=train acc=0.2604166666666667 loss=68.23056995868683 epoch=0 and step=30
2026-04-19 10:09:26,977 - SplitNNClient - INFO - 24840 - phase=train acc=0.309375 loss=67.67923069000244 epoch=0 and step=30
2026-04-19 10:09:26,978 - SplitNNClient - INFO - 16812 - phase=train acc=0.35625 loss=69.18917667865753 epoch=0 and step=30
2026-04-19 10:09:33,939 - SplitNNClient - INFO - 26216 - phase=train acc=0.283203125 loss=88.57242524623871 epoch=0 and step=40
2026-04-19 10:09:33,957 - SplitNNClient - INFO - 17116 - phase=train acc=0.28359375 loss=86.2724609375 epoch=0 and step=40
2026-04-19 10:09:34,000 - SplitNNClient - INFO - 26292 - phase=train acc=0.2556640625 loss=86.65331447124481 epoch=0 and step=40
2026-04-19 10:09:34,374 - SplitNNClient - INFO - 24840 - phase=train acc=0.3177734375 loss=84.85716891288757 epoch=0 and step=40
2026-04-19 10:09:34,388 - SplitNNClient - INFO - 16812 - phase=train acc=0.3697265625 loss=86.89660811424255 epoch=0 and step=40
2026-04-19 10:09:41,383 - SplitNNClient - INFO - 26216 - phase=train acc=0.28671875 loss=106.89243519306183 epoch=0 and step=50
2026-04-19 10:09:41,385 - SplitNNClient - INFO - 17116 - phase=train acc=0.3003125 loss=103.24265277385712 epoch=0 and step=50
2026-04-19 10:09:41,450 - SplitNNClient - INFO - 26292 - phase=train acc=0.25890625 loss=105.72521317005157 epoch=0 and step=50
2026-04-19 10:09:41,854 - SplitNNClient - INFO - 24840 - phase=train acc=0.330625 loss=101.77078831195831 epoch=0 and step=50
2026-04-19 10:09:41,877 - SplitNNClient - INFO - 16812 - phase=train acc=0.37984375 loss=104.40131866931915 epoch=0 and step=50
2026-04-19 10:09:47,929 - SplitNNClient - INFO - 26292 - phase=train acc=0.2657552083333333 loss=124.13740587234497 epoch=0 and step=60
2026-04-19 10:09:48,166 - SplitNNClient - INFO - 26216 - phase=train acc=0.29765625 loss=124.25814199447632 epoch=0 and step=60
2026-04-19 10:09:48,167 - SplitNNClient - INFO - 17116 - phase=train acc=0.31106770833333336 loss=120.50266897678375 epoch=0 and step=60
2026-04-19 10:09:48,499 - SplitNNClient - INFO - 16812 - phase=train acc=0.39283854166666665 loss=120.7857655286789 epoch=0 and step=60
2026-04-19 10:09:53,526 - SplitNNClient - INFO - 17116 - phase=train acc=0.32589285714285715 loss=137.2109602689743 epoch=0 and step=70
2026-04-19 10:09:53,708 - SplitNNClient - INFO - 16812 - phase=train acc=0.4036830357142857 loss=137.1595081090927 epoch=0 and step=70
2026-04-19 10:09:56,216 - SplitNNClient - INFO - 17116 - phase=train acc=0.334765625 loss=153.94693338871002 epoch=0 and step=80
2026-04-19 10:09:58,489 - SplitNNClient - INFO - 17116 - phase=train acc=0.3416666666666667 loss=170.29041492938995 epoch=0 and step=90
2026-04-19 10:10:00,742 - SplitNNClient - INFO - 17116 - phase=train acc=0.3496875 loss=185.4423509836197 epoch=0 and step=100
2026-04-19 10:10:03,003 - SplitNNClient - INFO - 17116 - phase=train acc=0.3594460227272727 loss=200.4231995344162 epoch=0 and step=110
2026-04-19 10:10:05,270 - SplitNNClient - INFO - 17116 - phase=train acc=0.3697916666666667 loss=215.2044256925583 epoch=0 and step=120
2026-04-19 10:10:05,923 - ServerManager - INFO - 18260 - get all model params ---- from rank 0
2026-04-19 10:10:05,944 - ServerManager - INFO - 18260 - Dist:19.986583709716797
2026-04-19 10:10:18,924 - SplitNNClient - INFO - 26292 - phase=validation acc=0.1 loss=183.294415473938 epoch=0 and step=79
2026-04-19 10:10:21,061 - SplitNNClient - INFO - 17116 - phase=validation acc=0.1 loss=183.294415473938 epoch=0 and step=79
2026-04-19 10:10:21,071 - SplitNNClient - INFO - 24840 - phase=validation acc=0.1 loss=183.294415473938 epoch=0 and step=79
2026-04-19 10:10:21,236 - SplitNNClient - INFO - 16812 - phase=validation acc=0.1 loss=183.294415473938 epoch=0 and step=79
2026-04-19 10:10:21,257 - SplitNNClient - INFO - 26216 - phase=validation acc=0.1 loss=183.294415473938 epoch=0 and step=79
2026-04-19 10:10:24,904 - SplitNNClient - INFO - 26292 - phase=train acc=0.29375 loss=18.693604469299316 epoch=1 and step=10
2026-04-19 10:10:27,810 - SplitNNClient - INFO - 17116 - phase=train acc=0.36640625 loss=17.250210642814636 epoch=1 and step=10
2026-04-19 10:10:28,062 - SplitNNClient - INFO - 16812 - phase=train acc=0.30703125 loss=19.406567215919495 epoch=1 and step=10
2026-04-19 10:10:28,082 - SplitNNClient - INFO - 26216 - phase=train acc=0.3453125 loss=18.068435549736023 epoch=1 and step=10
2026-04-19 10:10:28,135 - SplitNNClient - INFO - 24840 - phase=train acc=0.3140625 loss=19.050679206848145 epoch=1 and step=10
2026-04-19 10:10:31,548 - SplitNNClient - INFO - 26292 - phase=train acc=0.360546875 loss=34.44464099407196 epoch=1 and step=20
2026-04-19 10:10:35,152 - SplitNNClient - INFO - 17116 - phase=train acc=0.383984375 loss=33.612730741500854 epoch=1 and step=20
2026-04-19 10:10:35,410 - SplitNNClient - INFO - 16812 - phase=train acc=0.37421875 loss=36.385292172431946 epoch=1 and step=20
2026-04-19 10:10:35,438 - SplitNNClient - INFO - 26216 - phase=train acc=0.340625 loss=35.90089285373688 epoch=1 and step=20
2026-04-19 10:10:35,832 - SplitNNClient - INFO - 24840 - phase=train acc=0.360546875 loss=35.353732109069824 epoch=1 and step=20
2026-04-19 10:10:38,242 - SplitNNClient - INFO - 26292 - phase=train acc=0.3802083333333333 loss=49.814149260520935 epoch=1 and step=30
2026-04-19 10:10:42,542 - SplitNNClient - INFO - 17116 - phase=train acc=0.3963541666666667 loss=48.75057601928711 epoch=1 and step=30
2026-04-19 10:10:42,797 - SplitNNClient - INFO - 26216 - phase=train acc=0.3489583333333333 loss=52.829028844833374 epoch=1 and step=30
2026-04-19 10:10:42,800 - SplitNNClient - INFO - 16812 - phase=train acc=0.40078125 loss=52.24552321434021 epoch=1 and step=30
2026-04-19 10:10:43,358 - SplitNNClient - INFO - 24840 - phase=train acc=0.37994791666666666 loss=51.0230758190155 epoch=1 and step=30
2026-04-19 10:10:44,996 - SplitNNClient - INFO - 26292 - phase=train acc=0.3978515625 loss=64.93774390220642 epoch=1 and step=40
2026-04-19 10:10:49,893 - SplitNNClient - INFO - 17116 - phase=train acc=0.4087890625 loss=63.63633382320404 epoch=1 and step=40
2026-04-19 10:10:50,254 - SplitNNClient - INFO - 16812 - phase=train acc=0.416796875 loss=68.18519818782806 epoch=1 and step=40
2026-04-19 10:10:50,264 - SplitNNClient - INFO - 26216 - phase=train acc=0.3615234375 loss=69.10758006572723 epoch=1 and step=40
2026-04-19 10:10:51,060 - SplitNNClient - INFO - 24840 - phase=train acc=0.3912109375 loss=66.20438766479492 epoch=1 and step=40
2026-04-19 10:10:51,910 - SplitNNClient - INFO - 26292 - phase=train acc=0.4028125 loss=80.29448759555817 epoch=1 and step=50
2026-04-19 10:10:57,258 - SplitNNClient - INFO - 17116 - phase=train acc=0.42 loss=78.19482100009918 epoch=1 and step=50
2026-04-19 10:10:57,601 - SplitNNClient - INFO - 16812 - phase=train acc=0.4234375 loss=84.58191621303558 epoch=1 and step=50
2026-04-19 10:10:57,651 - SplitNNClient - INFO - 26216 - phase=train acc=0.365 loss=85.54426372051239 epoch=1 and step=50
2026-04-19 10:10:58,847 - SplitNNClient - INFO - 24840 - phase=train acc=0.39140625 loss=81.98103201389313 epoch=1 and step=50
2026-04-19 10:10:58,850 - SplitNNClient - INFO - 26292 - phase=train acc=0.4078125 loss=95.85263454914093 epoch=1 and step=60
2026-04-19 10:11:04,167 - SplitNNClient - INFO - 17116 - phase=train acc=0.4264322916666667 loss=93.04757630825043 epoch=1 and step=60
2026-04-19 10:11:04,356 - SplitNNClient - INFO - 26216 - phase=train acc=0.365625 loss=102.7171813249588 epoch=1 and step=60
2026-04-19 10:11:04,370 - SplitNNClient - INFO - 16812 - phase=train acc=0.42669270833333334 loss=100.75818037986755 epoch=1 and step=60
2026-04-19 10:11:08,366 - SplitNNClient - INFO - 17116 - phase=train acc=0.4323660714285714 loss=107.65281641483307 epoch=1 and step=70
2026-04-19 10:11:08,539 - SplitNNClient - INFO - 16812 - phase=train acc=0.43470982142857145 loss=116.56458032131195 epoch=1 and step=70
2026-04-19 10:11:11,079 - SplitNNClient - INFO - 17116 - phase=train acc=0.4375 loss=122.17822360992432 epoch=1 and step=80
2026-04-19 10:11:13,320 - SplitNNClient - INFO - 17116 - phase=train acc=0.4405381944444444 loss=137.01191520690918 epoch=1 and step=90
2026-04-19 10:11:15,563 - SplitNNClient - INFO - 17116 - phase=train acc=0.444375 loss=151.48082304000854 epoch=1 and step=100
2026-04-19 10:11:17,816 - SplitNNClient - INFO - 17116 - phase=train acc=0.44559659090909093 loss=166.01313841342926 epoch=1 and step=110
2026-04-19 10:11:20,050 - SplitNNClient - INFO - 17116 - phase=train acc=0.4474609375 loss=180.67464685440063 epoch=1 and step=120
2026-04-19 10:11:20,683 - ServerManager - INFO - 18260 - get all model params ---- from rank 0
2026-04-19 10:11:20,705 - ServerManager - INFO - 18260 - Dist:43.29787826538086
2026-04-19 10:11:34,648 - SplitNNClient - INFO - 24840 - phase=validation acc=0.2195 loss=163.51752042770386 epoch=1 and step=79
2026-04-19 10:11:35,384 - SplitNNClient - INFO - 26292 - phase=validation acc=0.2195 loss=163.51752042770386 epoch=1 and step=79
2026-04-19 10:11:35,800 - SplitNNClient - INFO - 17116 - phase=validation acc=0.2195 loss=163.51752042770386 epoch=1 and step=79
2026-04-19 10:11:36,344 - SplitNNClient - INFO - 26216 - phase=validation acc=0.2195 loss=163.51752042770386 epoch=1 and step=79
2026-04-19 10:11:36,349 - SplitNNClient - INFO - 16812 - phase=validation acc=0.2195 loss=163.51752042770386 epoch=1 and step=79
2026-04-19 10:11:41,201 - SplitNNClient - INFO - 24840 - phase=train acc=0.35546875 loss=17.805437922477722 epoch=2 and step=10
2026-04-19 10:11:41,851 - SplitNNClient - INFO - 26292 - phase=train acc=0.42421875 loss=16.0156432390213 epoch=2 and step=10
2026-04-19 10:11:42,565 - SplitNNClient - INFO - 17116 - phase=train acc=0.45078125 loss=15.495790243148804 epoch=2 and step=10
2026-04-19 10:11:43,287 - SplitNNClient - INFO - 26216 - phase=train acc=0.38125 loss=17.014272451400757 epoch=2 and step=10
2026-04-19 10:11:43,294 - SplitNNClient - INFO - 16812 - phase=train acc=0.3953125 loss=18.092082619667053 epoch=2 and step=10
2026-04-19 10:11:48,481 - SplitNNClient - INFO - 24840 - phase=train acc=0.387109375 loss=32.87765920162201 epoch=2 and step=20
2026-04-19 10:11:49,189 - SplitNNClient - INFO - 26292 - phase=train acc=0.45625 loss=30.68621575832367 epoch=2 and step=20
2026-04-19 10:11:50,063 - SplitNNClient - INFO - 17116 - phase=train acc=0.45390625 loss=30.44725489616394 epoch=2 and step=20
2026-04-19 10:11:50,682 - SplitNNClient - INFO - 26216 - phase=train acc=0.401171875 loss=32.84286570549011 epoch=2 and step=20
2026-04-19 10:11:50,683 - SplitNNClient - INFO - 16812 - phase=train acc=0.425 loss=34.38438272476196 epoch=2 and step=20
2026-04-19 10:11:55,556 - SplitNNClient - INFO - 24840 - phase=train acc=0.4049479166666667 loss=47.63291919231415 epoch=2 and step=30
2026-04-19 10:11:56,252 - SplitNNClient - INFO - 26292 - phase=train acc=0.45364583333333336 loss=45.62471842765808 epoch=2 and step=30
2026-04-19 10:11:57,433 - SplitNNClient - INFO - 17116 - phase=train acc=0.4630208333333333 loss=44.5369918346405 epoch=2 and step=30
2026-04-19 10:11:58,126 - SplitNNClient - INFO - 26216 - phase=train acc=0.4083333333333333 loss=48.56376612186432 epoch=2 and step=30
2026-04-19 10:11:58,137 - SplitNNClient - INFO - 16812 - phase=train acc=0.4479166666666667 loss=49.680445432662964 epoch=2 and step=30
2026-04-19 10:12:02,764 - SplitNNClient - INFO - 24840 - phase=train acc=0.40703125 loss=62.37757623195648 epoch=2 and step=40
2026-04-19 10:12:03,390 - SplitNNClient - INFO - 26292 - phase=train acc=0.4556640625 loss=60.591344714164734 epoch=2 and step=40
2026-04-19 10:12:04,866 - SplitNNClient - INFO - 17116 - phase=train acc=0.4625 loss=58.913867592811584 epoch=2 and step=40
2026-04-19 10:12:05,466 - SplitNNClient - INFO - 26216 - phase=train acc=0.4125 loss=63.80633544921875 epoch=2 and step=40
2026-04-19 10:12:05,593 - SplitNNClient - INFO - 16812 - phase=train acc=0.4615234375 loss=65.20719528198242 epoch=2 and step=40
2026-04-19 10:12:10,003 - SplitNNClient - INFO - 24840 - phase=train acc=0.4115625 loss=76.98683285713196 epoch=2 and step=50
2026-04-19 10:12:10,455 - SplitNNClient - INFO - 26292 - phase=train acc=0.46234375 loss=74.67283308506012 epoch=2 and step=50
2026-04-19 10:12:12,326 - SplitNNClient - INFO - 17116 - phase=train acc=0.46921875 loss=72.80053389072418 epoch=2 and step=50
2026-04-19 10:12:12,695 - SplitNNClient - INFO - 26216 - phase=train acc=0.41515625 loss=79.66030168533325 epoch=2 and step=50
2026-04-19 10:12:13,017 - SplitNNClient - INFO - 16812 - phase=train acc=0.46765625 loss=80.50339376926422 epoch=2 and step=50
2026-04-19 10:12:16,712 - SplitNNClient - INFO - 26292 - phase=train acc=0.47018229166666664 loss=88.67602872848511 epoch=2 and step=60
2026-04-19 10:12:18,508 - SplitNNClient - INFO - 17116 - phase=train acc=0.47122395833333336 loss=86.83212280273438 epoch=2 and step=60
2026-04-19 10:12:18,765 - SplitNNClient - INFO - 26216 - phase=train acc=0.41380208333333335 loss=95.5823724269867 epoch=2 and step=60
2026-04-19 10:12:19,075 - SplitNNClient - INFO - 16812 - phase=train acc=0.47018229166666664 loss=95.74365031719208 epoch=2 and step=60
2026-04-19 10:12:23,514 - SplitNNClient - INFO - 17116 - phase=train acc=0.47566964285714286 loss=100.79629802703857 epoch=2 and step=70
2026-04-19 10:12:23,858 - SplitNNClient - INFO - 16812 - phase=train acc=0.4765625 loss=110.17967283725739 epoch=2 and step=70
2026-04-19 10:12:26,447 - SplitNNClient - INFO - 17116 - phase=train acc=0.47822265625 loss=114.41040885448456 epoch=2 and step=80
2026-04-19 10:12:28,779 - SplitNNClient - INFO - 17116 - phase=train acc=0.48246527777777776 loss=127.73963785171509 epoch=2 and step=90
2026-04-19 10:12:31,002 - SplitNNClient - INFO - 17116 - phase=train acc=0.486328125 loss=140.887105345726 epoch=2 and step=100
2026-04-19 10:12:33,251 - SplitNNClient - INFO - 17116 - phase=train acc=0.48735795454545455 loss=154.02790558338165 epoch=2 and step=110
2026-04-19 10:12:35,537 - SplitNNClient - INFO - 17116 - phase=train acc=0.48984375 loss=167.42694091796875 epoch=2 and step=120
2026-04-19 10:12:36,196 - ServerManager - INFO - 18260 - get all model params ---- from rank 0
2026-04-19 10:12:36,217 - ServerManager - INFO - 18260 - Dist:7.129123210906982
2026-04-19 10:12:49,923 - SplitNNClient - INFO - 24840 - phase=validation acc=0.2905 loss=146.4471286535263 epoch=2 and step=79
2026-04-19 10:12:50,308 - SplitNNClient - INFO - 26292 - phase=validation acc=0.2905 loss=146.4471286535263 epoch=2 and step=79
2026-04-19 10:12:50,561 - SplitNNClient - INFO - 26216 - phase=validation acc=0.2905 loss=146.4471286535263 epoch=2 and step=79
2026-04-19 10:12:50,731 - SplitNNClient - INFO - 17116 - phase=validation acc=0.2905 loss=146.4471286535263 epoch=2 and step=79
2026-04-19 10:12:51,135 - SplitNNClient - INFO - 16812 - phase=validation acc=0.2905 loss=146.4471286535263 epoch=2 and step=79
2026-04-19 10:12:56,330 - SplitNNClient - INFO - 24840 - phase=train acc=0.365625 loss=17.141603589057922 epoch=3 and step=10
2026-04-19 10:12:56,837 - SplitNNClient - INFO - 26292 - phase=train acc=0.4328125 loss=15.995615363121033 epoch=3 and step=10
2026-04-19 10:12:57,360 - SplitNNClient - INFO - 26216 - phase=train acc=0.45078125 loss=15.506366610527039 epoch=3 and step=10
2026-04-19 10:12:57,715 - SplitNNClient - INFO - 17116 - phase=train acc=0.41328125 loss=15.77498710155487 epoch=3 and step=10
2026-04-19 10:12:58,085 - SplitNNClient - INFO - 16812 - phase=train acc=0.4046875 loss=17.16868245601654 epoch=3 and step=10
2026-04-19 10:13:03,299 - SplitNNClient - INFO - 24840 - phase=train acc=0.421484375 loss=31.621219158172607 epoch=3 and step=20
2026-04-19 10:13:04,086 - SplitNNClient - INFO - 26292 - phase=train acc=0.46953125 loss=30.042184233665466 epoch=3 and step=20
2026-04-19 10:13:04,772 - SplitNNClient - INFO - 26216 - phase=train acc=0.430078125 loss=31.419225096702576 epoch=3 and step=20
2026-04-19 10:13:05,256 - SplitNNClient - INFO - 17116 - phase=train acc=0.4515625 loss=29.624629259109497 epoch=3 and step=20
2026-04-19 10:13:05,518 - SplitNNClient - INFO - 16812 - phase=train acc=0.444921875 loss=32.51275098323822 epoch=3 and step=20
2026-04-19 10:13:10,454 - SplitNNClient - INFO - 24840 - phase=train acc=0.4401041666666667 loss=45.42625629901886 epoch=3 and step=30
2026-04-19 10:13:11,299 - SplitNNClient - INFO - 26292 - phase=train acc=0.48020833333333335 loss=43.65267050266266 epoch=3 and step=30
2026-04-19 10:13:12,135 - SplitNNClient - INFO - 26216 - phase=train acc=0.4283854166666667 loss=46.638757944107056 epoch=3 and step=30
2026-04-19 10:13:12,542 - SplitNNClient - INFO - 17116 - phase=train acc=0.4671875 loss=43.17671740055084 epoch=3 and step=30
2026-04-19 10:13:12,871 - SplitNNClient - INFO - 16812 - phase=train acc=0.4635416666666667 loss=47.65862286090851 epoch=3 and step=30
2026-04-19 10:13:17,407 - SplitNNClient - INFO - 24840 - phase=train acc=0.445703125 loss=59.467053055763245 epoch=3 and step=40
2026-04-19 10:13:18,572 - SplitNNClient - INFO - 26292 - phase=train acc=0.4806640625 loss=57.127856492996216 epoch=3 and step=40
2026-04-19 10:13:19,394 - SplitNNClient - INFO - 26216 - phase=train acc=0.42578125 loss=61.90108597278595 epoch=3 and step=40
2026-04-19 10:13:19,849 - SplitNNClient - INFO - 17116 - phase=train acc=0.48125 loss=56.09369206428528 epoch=3 and step=40
2026-04-19 10:13:20,191 - SplitNNClient - INFO - 16812 - phase=train acc=0.4763671875 loss=62.0683434009552 epoch=3 and step=40
2026-04-19 10:13:24,507 - SplitNNClient - INFO - 24840 - phase=train acc=0.44859375 loss=73.40146541595459 epoch=3 and step=50
2026-04-19 10:13:25,673 - SplitNNClient - INFO - 26292 - phase=train acc=0.48609375 loss=70.81233608722687 epoch=3 and step=50
2026-04-19 10:13:26,811 - SplitNNClient - INFO - 26216 - phase=train acc=0.4275 loss=77.19880187511444 epoch=3 and step=50
2026-04-19 10:13:27,215 - SplitNNClient - INFO - 17116 - phase=train acc=0.48390625 loss=69.83562672138214 epoch=3 and step=50
2026-04-19 10:13:27,577 - SplitNNClient - INFO - 16812 - phase=train acc=0.4815625 loss=76.65634024143219 epoch=3 and step=50
2026-04-19 10:13:31,695 - SplitNNClient - INFO - 26292 - phase=train acc=0.49114583333333334 loss=84.2072160243988 epoch=3 and step=60
2026-04-19 10:13:32,944 - SplitNNClient - INFO - 26216 - phase=train acc=0.4276041666666667 loss=92.42322862148285 epoch=3 and step=60
2026-04-19 10:13:33,255 - SplitNNClient - INFO - 17116 - phase=train acc=0.4856770833333333 loss=83.55760586261749 epoch=3 and step=60
2026-04-19 10:13:33,552 - SplitNNClient - INFO - 16812 - phase=train acc=0.4928385416666667 loss=90.42946398258209 epoch=3 and step=60
2026-04-19 10:13:38,151 - SplitNNClient - INFO - 17116 - phase=train acc=0.4885044642857143 loss=97.07223832607269 epoch=3 and step=70
2026-04-19 10:13:38,322 - SplitNNClient - INFO - 16812 - phase=train acc=0.4987723214285714 loss=104.54023551940918 epoch=3 and step=70
2026-04-19 10:13:40,827 - SplitNNClient - INFO - 17116 - phase=train acc=0.491796875 loss=110.3573727607727 epoch=3 and step=80
2026-04-19 10:13:43,095 - SplitNNClient - INFO - 17116 - phase=train acc=0.4930555555555556 loss=123.61082029342651 epoch=3 and step=90
2026-04-19 10:13:45,364 - SplitNNClient - INFO - 17116 - phase=train acc=0.49890625 loss=135.95746326446533 epoch=3 and step=100
2026-04-19 10:13:47,632 - SplitNNClient - INFO - 17116 - phase=train acc=0.5022727272727273 loss=148.92755126953125 epoch=3 and step=110
2026-04-19 10:13:49,914 - SplitNNClient - INFO - 17116 - phase=train acc=0.5028645833333333 loss=162.04764890670776 epoch=3 and step=120
2026-04-19 10:13:50,568 - ServerManager - INFO - 18260 - get all model params ---- from rank 0
2026-04-19 10:13:50,590 - ServerManager - INFO - 18260 - Dist:5.885392189025879
2026-04-19 10:14:04,422 - SplitNNClient - INFO - 24840 - phase=validation acc=0.3307 loss=137.56076323986053 epoch=3 and step=79
2026-04-19 10:14:04,975 - SplitNNClient - INFO - 26216 - phase=validation acc=0.3307 loss=137.56076323986053 epoch=3 and step=79
2026-04-19 10:14:04,987 - SplitNNClient - INFO - 26292 - phase=validation acc=0.3307 loss=137.56076323986053 epoch=3 and step=79
2026-04-19 10:14:05,328 - SplitNNClient - INFO - 17116 - phase=validation acc=0.3307 loss=137.56076323986053 epoch=3 and step=79
2026-04-19 10:14:05,570 - SplitNNClient - INFO - 16812 - phase=validation acc=0.3307 loss=137.56076323986053 epoch=3 and step=79
2026-04-19 10:14:11,053 - SplitNNClient - INFO - 24840 - phase=train acc=0.43203125 loss=16.473868012428284 epoch=4 and step=10
2026-04-19 10:14:11,745 - SplitNNClient - INFO - 26292 - phase=train acc=0.44453125 loss=15.611287832260132 epoch=4 and step=10
2026-04-19 10:14:11,943 - SplitNNClient - INFO - 26216 - phase=train acc=0.43359375 loss=15.125581979751587 epoch=4 and step=10
2026-04-19 10:14:12,227 - SplitNNClient - INFO - 17116 - phase=train acc=0.47421875 loss=14.41845691204071 epoch=4 and step=10
2026-04-19 10:14:12,597 - SplitNNClient - INFO - 16812 - phase=train acc=0.4421875 loss=16.76113212108612 epoch=4 and step=10
2026-04-19 10:14:18,265 - SplitNNClient - INFO - 24840 - phase=train acc=0.438671875 loss=31.161497116088867 epoch=4 and step=20
2026-04-19 10:14:18,953 - SplitNNClient - INFO - 26292 - phase=train acc=0.491796875 loss=29.153902292251587 epoch=4 and step=20
2026-04-19 10:14:19,296 - SplitNNClient - INFO - 26216 - phase=train acc=0.445703125 loss=29.632921934127808 epoch=4 and step=20
2026-04-19 10:14:19,583 - SplitNNClient - INFO - 17116 - phase=train acc=0.489453125 loss=27.976741433143616 epoch=4 and step=20
2026-04-19 10:14:19,989 - SplitNNClient - INFO - 16812 - phase=train acc=0.476171875 loss=31.685582280158997 epoch=4 and step=20
2026-04-19 10:14:25,442 - SplitNNClient - INFO - 24840 - phase=train acc=0.45364583333333336 loss=44.71569859981537 epoch=4 and step=30
2026-04-19 10:14:26,148 - SplitNNClient - INFO - 26292 - phase=train acc=0.496875 loss=42.85044205188751 epoch=4 and step=30
2026-04-19 10:14:26,604 - SplitNNClient - INFO - 26216 - phase=train acc=0.45234375 loss=44.179354548454285 epoch=4 and step=30
2026-04-19 10:14:26,990 - SplitNNClient - INFO - 17116 - phase=train acc=0.49583333333333335 loss=41.54517138004303 epoch=4 and step=30
2026-04-19 10:14:27,370 - SplitNNClient - INFO - 16812 - phase=train acc=0.48854166666666665 loss=46.14687144756317 epoch=4 and step=30
2026-04-19 10:14:32,687 - SplitNNClient - INFO - 24840 - phase=train acc=0.4537109375 loss=58.09872853755951 epoch=4 and step=40
2026-04-19 10:14:33,413 - SplitNNClient - INFO - 26292 - phase=train acc=0.50390625 loss=55.83219349384308 epoch=4 and step=40
2026-04-19 10:14:33,961 - SplitNNClient - INFO - 26216 - phase=train acc=0.460546875 loss=58.22422277927399 epoch=4 and step=40
2026-04-19 10:14:34,467 - SplitNNClient - INFO - 17116 - phase=train acc=0.5056640625 loss=54.794766902923584 epoch=4 and step=40
2026-04-19 10:14:34,729 - SplitNNClient - INFO - 16812 - phase=train acc=0.496484375 loss=60.611977219581604 epoch=4 and step=40
2026-04-19 10:14:39,916 - SplitNNClient - INFO - 24840 - phase=train acc=0.45875 loss=71.51564145088196 epoch=4 and step=50
2026-04-19 10:14:40,643 - SplitNNClient - INFO - 26292 - phase=train acc=0.50546875 loss=69.0536117553711 epoch=4 and step=50
2026-04-19 10:14:41,496 - SplitNNClient - INFO - 26216 - phase=train acc=0.46875 loss=71.73382318019867 epoch=4 and step=50
2026-04-19 10:14:41,875 - SplitNNClient - INFO - 17116 - phase=train acc=0.5090625 loss=67.7113733291626 epoch=4 and step=50
2026-04-19 10:14:42,201 - SplitNNClient - INFO - 16812 - phase=train acc=0.509375 loss=74.1267204284668 epoch=4 and step=50
2026-04-19 10:14:46,843 - SplitNNClient - INFO - 26292 - phase=train acc=0.509375 loss=82.17222774028778 epoch=4 and step=60
2026-04-19 10:14:47,815 - SplitNNClient - INFO - 26216 - phase=train acc=0.47239583333333335 loss=85.75547111034393 epoch=4 and step=60
2026-04-19 10:14:48,037 - SplitNNClient - INFO - 17116 - phase=train acc=0.515234375 loss=79.9313713312149 epoch=4 and step=60
2026-04-19 10:14:48,376 - SplitNNClient - INFO - 16812 - phase=train acc=0.5131510416666667 loss=88.21060907840729 epoch=4 and step=60
2026-04-19 10:14:53,060 - SplitNNClient - INFO - 17116 - phase=train acc=0.5191964285714286 loss=92.25915324687958 epoch=4 and step=70
2026-04-19 10:14:53,243 - SplitNNClient - INFO - 16812 - phase=train acc=0.51953125 loss=101.80163049697876 epoch=4 and step=70
2026-04-19 10:14:55,723 - SplitNNClient - INFO - 17116 - phase=train acc=0.51982421875 loss=104.86545753479004 epoch=4 and step=80
2026-04-19 10:14:57,951 - SplitNNClient - INFO - 17116 - phase=train acc=0.5245659722222222 loss=116.81625306606293 epoch=4 and step=90
2026-04-19 10:15:00,163 - SplitNNClient - INFO - 17116 - phase=train acc=0.527421875 loss=129.4247659444809 epoch=4 and step=100
2026-04-19 10:15:02,371 - SplitNNClient - INFO - 17116 - phase=train acc=0.5284801136363636 loss=142.18259739875793 epoch=4 and step=110
2026-04-19 10:15:04,623 - SplitNNClient - INFO - 17116 - phase=train acc=0.5307942708333333 loss=154.66750538349152 epoch=4 and step=120
2026-04-19 10:15:05,268 - ServerManager - INFO - 18260 - get all model params ---- from rank 0
2026-04-19 10:15:05,287 - ServerManager - INFO - 18260 - Dist:17.459253311157227
2026-04-19 10:15:19,724 - SplitNNClient - INFO - 16812 - phase=validation acc=0.3702 loss=130.1551889181137 epoch=4 and step=79
2026-04-19 10:15:19,754 - SplitNNClient - INFO - 26292 - phase=validation acc=0.3702 loss=130.1551889181137 epoch=4 and step=79
2026-04-19 10:15:19,892 - SplitNNClient - INFO - 17116 - phase=validation acc=0.3702 loss=130.1551889181137 epoch=4 and step=79
2026-04-19 10:15:20,224 - SplitNNClient - INFO - 26216 - phase=validation acc=0.3702 loss=130.1551889181137 epoch=4 and step=79
2026-04-19 10:15:20,290 - SplitNNClient - INFO - 24840 - phase=validation acc=0.3702 loss=130.1551889181137 epoch=4 and step=79
2026-04-19 10:15:26,400 - SplitNNClient - INFO - 17116 - phase=train acc=0.4859375 loss=14.55298638343811 epoch=5 and step=10
2026-04-19 10:15:26,444 - SplitNNClient - INFO - 16812 - phase=train acc=0.4421875 loss=16.096030712127686 epoch=5 and step=10
2026-04-19 10:15:26,572 - SplitNNClient - INFO - 26292 - phase=train acc=0.48984375 loss=14.799327731132507 epoch=5 and step=10
2026-04-19 10:15:26,715 - SplitNNClient - INFO - 26216 - phase=train acc=0.49375 loss=14.570212006568909 epoch=5 and step=10
2026-04-19 10:15:27,234 - SplitNNClient - INFO - 24840 - phase=train acc=0.390625 loss=16.271010160446167 epoch=5 and step=10
2026-04-19 10:15:33,400 - SplitNNClient - INFO - 17116 - phase=train acc=0.51015625 loss=28.018097281455994 epoch=5 and step=20
2026-04-19 10:15:33,518 - SplitNNClient - INFO - 16812 - phase=train acc=0.48828125 loss=30.50445294380188 epoch=5 and step=20
2026-04-19 10:15:33,711 - SplitNNClient - INFO - 26216 - phase=train acc=0.4921875 loss=28.304662942886353 epoch=5 and step=20
2026-04-19 10:15:34,000 - SplitNNClient - INFO - 26292 - phase=train acc=0.505078125 loss=27.95525336265564 epoch=5 and step=20
2026-04-19 10:15:34,707 - SplitNNClient - INFO - 24840 - phase=train acc=0.423046875 loss=30.074644565582275 epoch=5 and step=20
2026-04-19 10:15:40,692 - SplitNNClient - INFO - 16812 - phase=train acc=0.5114583333333333 loss=43.94969713687897 epoch=5 and step=30
2026-04-19 10:15:40,704 - SplitNNClient - INFO - 17116 - phase=train acc=0.5234375 loss=40.67619860172272 epoch=5 and step=30
2026-04-19 10:15:41,170 - SplitNNClient - INFO - 26216 - phase=train acc=0.4921875 loss=41.96428203582764 epoch=5 and step=30
2026-04-19 10:15:41,406 - SplitNNClient - INFO - 26292 - phase=train acc=0.5221354166666666 loss=40.52134025096893 epoch=5 and step=30
2026-04-19 10:15:42,174 - SplitNNClient - INFO - 24840 - phase=train acc=0.45078125 loss=43.167101979255676 epoch=5 and step=30
2026-04-19 10:15:48,154 - SplitNNClient - INFO - 17116 - phase=train acc=0.5298828125 loss=53.145697593688965 epoch=5 and step=40
2026-04-19 10:15:48,169 - SplitNNClient - INFO - 16812 - phase=train acc=0.521484375 loss=57.50708818435669 epoch=5 and step=40
2026-04-19 10:15:48,578 - SplitNNClient - INFO - 26216 - phase=train acc=0.4958984375 loss=55.725947976112366 epoch=5 and step=40
2026-04-19 10:15:48,932 - SplitNNClient - INFO - 26292 - phase=train acc=0.5263671875 loss=53.36222183704376 epoch=5 and step=40
2026-04-19 10:15:49,716 - SplitNNClient - INFO - 24840 - phase=train acc=0.460546875 loss=56.484471917152405 epoch=5 and step=40
2026-04-19 10:15:55,526 - SplitNNClient - INFO - 17116 - phase=train acc=0.5325 loss=65.8549393415451 epoch=5 and step=50
2026-04-19 10:15:55,533 - SplitNNClient - INFO - 16812 - phase=train acc=0.52671875 loss=71.03566551208496 epoch=5 and step=50
2026-04-19 10:15:55,847 - SplitNNClient - INFO - 26216 - phase=train acc=0.4953125 loss=69.19314515590668 epoch=5 and step=50
2026-04-19 10:15:56,455 - SplitNNClient - INFO - 26292 - phase=train acc=0.52875 loss=65.82724404335022 epoch=5 and step=50
2026-04-19 10:15:57,280 - SplitNNClient - INFO - 24840 - phase=train acc=0.4740625 loss=69.0127649307251 epoch=5 and step=50
2026-04-19 10:16:02,436 - SplitNNClient - INFO - 17116 - phase=train acc=0.5390625 loss=78.05083131790161 epoch=5 and step=60
2026-04-19 10:16:02,444 - SplitNNClient - INFO - 16812 - phase=train acc=0.5299479166666666 loss=84.44344818592072 epoch=5 and step=60
2026-04-19 10:16:02,732 - SplitNNClient - INFO - 26216 - phase=train acc=0.498046875 loss=82.55480086803436 epoch=5 and step=60
2026-04-19 10:16:03,192 - SplitNNClient - INFO - 26292 - phase=train acc=0.5325520833333334 loss=78.30586898326874 epoch=5 and step=60
2026-04-19 10:16:08,117 - SplitNNClient - INFO - 16812 - phase=train acc=0.5314732142857143 loss=98.1784725189209 epoch=5 and step=70
2026-04-19 10:16:08,124 - SplitNNClient - INFO - 17116 - phase=train acc=0.5430803571428572 loss=90.01702153682709 epoch=5 and step=70
2026-04-19 10:16:10,825 - SplitNNClient - INFO - 17116 - phase=train acc=0.54580078125 loss=101.95169138908386 epoch=5 and step=80
2026-04-19 10:16:13,092 - SplitNNClient - INFO - 17116 - phase=train acc=0.5504340277777777 loss=113.79968893527985 epoch=5 and step=90
2026-04-19 10:16:15,341 - SplitNNClient - INFO - 17116 - phase=train acc=0.55171875 loss=125.92617499828339 epoch=5 and step=100
2026-04-19 10:16:17,610 - SplitNNClient - INFO - 17116 - phase=train acc=0.5537642045454545 loss=137.64973521232605 epoch=5 and step=110
2026-04-19 10:16:19,861 - SplitNNClient - INFO - 17116 - phase=train acc=0.5553385416666666 loss=149.3240585923195 epoch=5 and step=120
2026-04-19 10:16:20,515 - ServerManager - INFO - 18260 - get all model params ---- from rank 0
2026-04-19 10:16:20,536 - ServerManager - INFO - 18260 - Dist:17.04814338684082
2026-04-19 10:16:34,414 - SplitNNClient - INFO - 24840 - phase=validation acc=0.4162 loss=124.8600298166275 epoch=5 and step=79
2026-04-19 10:16:34,454 - SplitNNClient - INFO - 26292 - phase=validation acc=0.4162 loss=124.8600298166275 epoch=5 and step=79
2026-04-19 10:16:35,642 - SplitNNClient - INFO - 17116 - phase=validation acc=0.4162 loss=124.8600298166275 epoch=5 and step=79
2026-04-19 10:16:35,645 - SplitNNClient - INFO - 26216 - phase=validation acc=0.4162 loss=124.8600298166275 epoch=5 and step=79
2026-04-19 10:16:35,790 - SplitNNClient - INFO - 16812 - phase=validation acc=0.4162 loss=124.8600298166275 epoch=5 and step=79
2026-04-19 10:16:40,895 - SplitNNClient - INFO - 24840 - phase=train acc=0.390625 loss=16.680392861366272 epoch=6 and step=10
2026-04-19 10:16:41,231 - SplitNNClient - INFO - 26292 - phase=train acc=0.48125 loss=14.372356653213501 epoch=6 and step=10
2026-04-19 10:16:42,420 - SplitNNClient - INFO - 17116 - phase=train acc=0.509375 loss=13.79235029220581 epoch=6 and step=10
2026-04-19 10:16:42,440 - SplitNNClient - INFO - 26216 - phase=train acc=0.4859375 loss=14.54571807384491 epoch=6 and step=10
2026-04-19 10:16:42,797 - SplitNNClient - INFO - 16812 - phase=train acc=0.5109375 loss=15.02842378616333 epoch=6 and step=10
2026-04-19 10:16:48,177 - SplitNNClient - INFO - 24840 - phase=train acc=0.428125 loss=30.389060854911804 epoch=6 and step=20
2026-04-19 10:16:48,585 - SplitNNClient - INFO - 26292 - phase=train acc=0.512890625 loss=26.961515307426453 epoch=6 and step=20
2026-04-19 10:16:49,702 - SplitNNClient - INFO - 17116 - phase=train acc=0.5515625 loss=25.61820662021637 epoch=6 and step=20
2026-04-19 10:16:49,709 - SplitNNClient - INFO - 26216 - phase=train acc=0.502734375 loss=27.544657707214355 epoch=6 and step=20
2026-04-19 10:16:50,086 - SplitNNClient - INFO - 16812 - phase=train acc=0.5390625 loss=28.77994418144226 epoch=6 and step=20
2026-04-19 10:16:55,656 - SplitNNClient - INFO - 24840 - phase=train acc=0.44921875 loss=43.23841917514801 epoch=6 and step=30
2026-04-19 10:16:56,049 - SplitNNClient - INFO - 26292 - phase=train acc=0.5223958333333333 loss=39.41350829601288 epoch=6 and step=30
2026-04-19 10:16:57,073 - SplitNNClient - INFO - 17116 - phase=train acc=0.5588541666666667 loss=37.76679337024689 epoch=6 and step=30
2026-04-19 10:16:57,143 - SplitNNClient - INFO - 26216 - phase=train acc=0.5127604166666667 loss=40.48485219478607 epoch=6 and step=30
2026-04-19 10:16:57,480 - SplitNNClient - INFO - 16812 - phase=train acc=0.5411458333333333 loss=42.35821342468262 epoch=6 and step=30
2026-04-19 10:17:03,097 - SplitNNClient - INFO - 24840 - phase=train acc=0.462890625 loss=56.083200454711914 epoch=6 and step=40
2026-04-19 10:17:03,485 - SplitNNClient - INFO - 26292 - phase=train acc=0.5330078125 loss=51.87369000911713 epoch=6 and step=40
2026-04-19 10:17:04,480 - SplitNNClient - INFO - 17116 - phase=train acc=0.558984375 loss=50.13875067234039 epoch=6 and step=40
2026-04-19 10:17:04,498 - SplitNNClient - INFO - 26216 - phase=train acc=0.519140625 loss=53.44741761684418 epoch=6 and step=40
2026-04-19 10:17:04,908 - SplitNNClient - INFO - 16812 - phase=train acc=0.5421875 loss=55.86843967437744 epoch=6 and step=40
2026-04-19 10:17:10,480 - SplitNNClient - INFO - 24840 - phase=train acc=0.4696875 loss=68.88282752037048 epoch=6 and step=50
2026-04-19 10:17:10,892 - SplitNNClient - INFO - 26292 - phase=train acc=0.53625 loss=64.04983520507812 epoch=6 and step=50
2026-04-19 10:17:11,905 - SplitNNClient - INFO - 26216 - phase=train acc=0.52609375 loss=66.27025389671326 epoch=6 and step=50
2026-04-19 10:17:11,929 - SplitNNClient - INFO - 17116 - phase=train acc=0.5615625 loss=62.064458668231964 epoch=6 and step=50
2026-04-19 10:17:12,323 - SplitNNClient - INFO - 16812 - phase=train acc=0.54859375 loss=68.75792980194092 epoch=6 and step=50
2026-04-19 10:17:17,214 - SplitNNClient - INFO - 26292 - phase=train acc=0.540625 loss=76.11204600334167 epoch=6 and step=60
2026-04-19 10:17:18,280 - SplitNNClient - INFO - 26216 - phase=train acc=0.527734375 loss=79.06626749038696 epoch=6 and step=60
2026-04-19 10:17:18,281 - SplitNNClient - INFO - 17116 - phase=train acc=0.5653645833333333 loss=73.7422998547554 epoch=6 and step=60
2026-04-19 10:17:18,676 - SplitNNClient - INFO - 16812 - phase=train acc=0.552734375 loss=82.22386074066162 epoch=6 and step=60
2026-04-19 10:17:23,564 - SplitNNClient - INFO - 17116 - phase=train acc=0.5703125 loss=84.86108791828156 epoch=6 and step=70
2026-04-19 10:17:23,733 - SplitNNClient - INFO - 16812 - phase=train acc=0.5550223214285714 loss=95.19528460502625 epoch=6 and step=70
2026-04-19 10:17:26,247 - SplitNNClient - INFO - 17116 - phase=train acc=0.5734375 loss=96.66756075620651 epoch=6 and step=80
2026-04-19 10:17:28,478 - SplitNNClient - INFO - 17116 - phase=train acc=0.5752604166666667 loss=107.99697548151016 epoch=6 and step=90
2026-04-19 10:17:30,738 - SplitNNClient - INFO - 17116 - phase=train acc=0.573984375 loss=120.18556064367294 epoch=6 and step=100
2026-04-19 10:17:33,019 - SplitNNClient - INFO - 17116 - phase=train acc=0.5737215909090909 loss=131.98613101243973 epoch=6 and step=110
2026-04-19 10:17:35,288 - SplitNNClient - INFO - 17116 - phase=train acc=0.5723307291666667 loss=144.20108395814896 epoch=6 and step=120
2026-04-19 10:17:35,951 - ServerManager - INFO - 18260 - get all model params ---- from rank 0
2026-04-19 10:17:35,972 - ServerManager - INFO - 18260 - Dist:15.031041145324707
2026-04-19 10:17:50,313 - SplitNNClient - INFO - 17116 - phase=validation acc=0.4148 loss=118.95211410522461 epoch=6 and step=79
2026-04-19 10:17:51,191 - SplitNNClient - INFO - 26216 - phase=validation acc=0.4148 loss=118.95211410522461 epoch=6 and step=79
2026-04-19 10:17:51,210 - SplitNNClient - INFO - 24840 - phase=validation acc=0.4148 loss=118.95211410522461 epoch=6 and step=79
2026-04-19 10:17:51,305 - SplitNNClient - INFO - 16812 - phase=validation acc=0.4148 loss=118.95211410522461 epoch=6 and step=79
2026-04-19 10:17:51,359 - SplitNNClient - INFO - 26292 - phase=validation acc=0.4148 loss=118.95211410522461 epoch=6 and step=79
2026-04-19 10:17:56,967 - SplitNNClient - INFO - 17116 - phase=train acc=0.509375 loss=13.66173231601715 epoch=7 and step=10
2026-04-19 10:17:58,058 - SplitNNClient - INFO - 26216 - phase=train acc=0.52265625 loss=13.379775762557983 epoch=7 and step=10
2026-04-19 10:17:58,094 - SplitNNClient - INFO - 24840 - phase=train acc=0.42109375 loss=15.897008895874023 epoch=7 and step=10
2026-04-19 10:17:58,107 - SplitNNClient - INFO - 16812 - phase=train acc=0.4921875 loss=15.556443095207214 epoch=7 and step=10
2026-04-19 10:17:58,479 - SplitNNClient - INFO - 26292 - phase=train acc=0.5203125 loss=13.811499834060669 epoch=7 and step=10
2026-04-19 10:18:04,442 - SplitNNClient - INFO - 17116 - phase=train acc=0.54765625 loss=25.77019238471985 epoch=7 and step=20
2026-04-19 10:18:05,481 - SplitNNClient - INFO - 26216 - phase=train acc=0.51796875 loss=26.878114700317383 epoch=7 and step=20
2026-04-19 10:18:05,517 - SplitNNClient - INFO - 24840 - phase=train acc=0.462109375 loss=29.06516122817993 epoch=7 and step=20
2026-04-19 10:18:05,519 - SplitNNClient - INFO - 16812 - phase=train acc=0.53203125 loss=28.83054292201996 epoch=7 and step=20
2026-04-19 10:18:05,972 - SplitNNClient - INFO - 26292 - phase=train acc=0.54140625 loss=26.334951639175415 epoch=7 and step=20
2026-04-19 10:18:11,829 - SplitNNClient - INFO - 17116 - phase=train acc=0.5635416666666667 loss=36.96054744720459 epoch=7 and step=30
2026-04-19 10:18:12,892 - SplitNNClient - INFO - 16812 - phase=train acc=0.5479166666666667 loss=41.804561376571655 epoch=7 and step=30
2026-04-19 10:18:12,915 - SplitNNClient - INFO - 26216 - phase=train acc=0.5223958333333333 loss=40.02537965774536 epoch=7 and step=30
2026-04-19 10:18:12,941 - SplitNNClient - INFO - 24840 - phase=train acc=0.47994791666666664 loss=41.52428615093231 epoch=7 and step=30
2026-04-19 10:18:13,439 - SplitNNClient - INFO - 26292 - phase=train acc=0.5489583333333333 loss=38.54096519947052 epoch=7 and step=30
2026-04-19 10:18:19,159 - SplitNNClient - INFO - 17116 - phase=train acc=0.5703125 loss=48.84085440635681 epoch=7 and step=40
2026-04-19 10:18:20,239 - SplitNNClient - INFO - 16812 - phase=train acc=0.55546875 loss=54.6956821680069 epoch=7 and step=40
2026-04-19 10:18:20,312 - SplitNNClient - INFO - 26216 - phase=train acc=0.5279296875 loss=52.59291326999664 epoch=7 and step=40
2026-04-19 10:18:20,481 - SplitNNClient - INFO - 24840 - phase=train acc=0.48671875 loss=54.07493185997009 epoch=7 and step=40
2026-04-19 10:18:21,174 - SplitNNClient - INFO - 26292 - phase=train acc=0.5546875 loss=50.26869356632233 epoch=7 and step=40
2026-04-19 10:18:26,514 - SplitNNClient - INFO - 17116 - phase=train acc=0.57671875 loss=60.20727205276489 epoch=7 and step=50
2026-04-19 10:18:27,624 - SplitNNClient - INFO - 16812 - phase=train acc=0.56 loss=67.31426048278809 epoch=7 and step=50
2026-04-19 10:18:27,660 - SplitNNClient - INFO - 26216 - phase=train acc=0.53 loss=65.88206386566162 epoch=7 and step=50
2026-04-19 10:18:28,052 - SplitNNClient - INFO - 24840 - phase=train acc=0.4878125 loss=66.70158910751343 epoch=7 and step=50
2026-04-19 10:18:28,774 - SplitNNClient - INFO - 26292 - phase=train acc=0.55484375 loss=62.12569737434387 epoch=7 and step=50
2026-04-19 10:18:33,451 - SplitNNClient - INFO - 17116 - phase=train acc=0.5833333333333334 loss=71.22093272209167 epoch=7 and step=60
2026-04-19 10:18:34,317 - SplitNNClient - INFO - 16812 - phase=train acc=0.562890625 loss=80.04106485843658 epoch=7 and step=60
2026-04-19 10:18:34,334 - SplitNNClient - INFO - 26216 - phase=train acc=0.533984375 loss=78.13428151607513 epoch=7 and step=60
2026-04-19 10:18:34,996 - SplitNNClient - INFO - 26292 - phase=train acc=0.5565104166666667 loss=73.88450515270233 epoch=7 and step=60
2026-04-19 10:18:39,394 - SplitNNClient - INFO - 17116 - phase=train acc=0.5861607142857143 loss=82.52941232919693 epoch=7 and step=70
2026-04-19 10:18:40,016 - SplitNNClient - INFO - 16812 - phase=train acc=0.5620535714285714 loss=93.02783536911011 epoch=7 and step=70
2026-04-19 10:18:42,336 - SplitNNClient - INFO - 17116 - phase=train acc=0.58740234375 loss=94.0327695608139 epoch=7 and step=80
2026-04-19 10:18:44,584 - SplitNNClient - INFO - 17116 - phase=train acc=0.5850694444444444 loss=105.59045720100403 epoch=7 and step=90
2026-04-19 10:18:46,837 - SplitNNClient - INFO - 17116 - phase=train acc=0.585703125 loss=116.94505602121353 epoch=7 and step=100
2026-04-19 10:18:49,089 - SplitNNClient - INFO - 17116 - phase=train acc=0.5897017045454546 loss=127.56684225797653 epoch=7 and step=110
2026-04-19 10:18:51,330 - SplitNNClient - INFO - 17116 - phase=train acc=0.5908203125 loss=138.48464387655258 epoch=7 and step=120
2026-04-19 10:18:51,999 - ServerManager - INFO - 18260 - get all model params ---- from rank 0
2026-04-19 10:18:52,020 - ServerManager - INFO - 18260 - Dist:12.517081260681152
2026-04-19 10:19:07,004 - SplitNNClient - INFO - 26292 - phase=validation acc=0.4589 loss=114.41800594329834 epoch=7 and step=79
2026-04-19 10:19:07,180 - SplitNNClient - INFO - 26216 - phase=validation acc=0.4589 loss=114.41800594329834 epoch=7 and step=79
2026-04-19 10:19:07,311 - SplitNNClient - INFO - 17116 - phase=validation acc=0.4589 loss=114.41800594329834 epoch=7 and step=79
2026-04-19 10:19:07,318 - SplitNNClient - INFO - 16812 - phase=validation acc=0.4589 loss=114.41800594329834 epoch=7 and step=79
2026-04-19 10:19:07,325 - SplitNNClient - INFO - 24840 - phase=validation acc=0.4589 loss=114.41800594329834 epoch=7 and step=79
2026-04-19 10:19:13,862 - SplitNNClient - INFO - 26292 - phase=train acc=0.48984375 loss=13.876890420913696 epoch=8 and step=10
2026-04-19 10:19:14,127 - SplitNNClient - INFO - 24840 - phase=train acc=0.4171875 loss=15.821026921272278 epoch=8 and step=10
2026-04-19 10:19:14,183 - SplitNNClient - INFO - 26216 - phase=train acc=0.5484375 loss=12.953277349472046 epoch=8 and step=10
2026-04-19 10:19:14,187 - SplitNNClient - INFO - 16812 - phase=train acc=0.52109375 loss=14.53737723827362 epoch=8 and step=10
2026-04-19 10:19:14,237 - SplitNNClient - INFO - 17116 - phase=train acc=0.5265625 loss=13.24240106344223 epoch=8 and step=10
2026-04-19 10:19:21,139 - SplitNNClient - INFO - 26292 - phase=train acc=0.5265625 loss=26.170390009880066 epoch=8 and step=20
2026-04-19 10:19:21,438 - SplitNNClient - INFO - 24840 - phase=train acc=0.45859375 loss=29.033798813819885 epoch=8 and step=20
2026-04-19 10:19:21,494 - SplitNNClient - INFO - 16812 - phase=train acc=0.555859375 loss=27.624497294425964 epoch=8 and step=20
2026-04-19 10:19:21,500 - SplitNNClient - INFO - 26216 - phase=train acc=0.5625 loss=25.07386815547943 epoch=8 and step=20
2026-04-19 10:19:21,555 - SplitNNClient - INFO - 17116 - phase=train acc=0.5734375 loss=24.368775248527527 epoch=8 and step=20
2026-04-19 10:19:28,435 - SplitNNClient - INFO - 26292 - phase=train acc=0.5356770833333333 loss=38.05205416679382 epoch=8 and step=30
2026-04-19 10:19:28,787 - SplitNNClient - INFO - 24840 - phase=train acc=0.47239583333333335 loss=41.944761872291565 epoch=8 and step=30
2026-04-19 10:19:28,829 - SplitNNClient - INFO - 17116 - phase=train acc=0.5807291666666666 loss=35.72693741321564 epoch=8 and step=30
2026-04-19 10:19:28,852 - SplitNNClient - INFO - 26216 - phase=train acc=0.5611979166666666 loss=37.466349363327026 epoch=8 and step=30
2026-04-19 10:19:28,904 - SplitNNClient - INFO - 16812 - phase=train acc=0.5721354166666667 loss=39.90547800064087 epoch=8 and step=30
2026-04-19 10:19:35,704 - SplitNNClient - INFO - 26292 - phase=train acc=0.54609375 loss=49.730849504470825 epoch=8 and step=40
2026-04-19 10:19:36,094 - SplitNNClient - INFO - 24840 - phase=train acc=0.4861328125 loss=54.45020282268524 epoch=8 and step=40
2026-04-19 10:19:36,157 - SplitNNClient - INFO - 26216 - phase=train acc=0.5591796875 loss=49.621994614601135 epoch=8 and step=40
2026-04-19 10:19:36,158 - SplitNNClient - INFO - 17116 - phase=train acc=0.5865234375 loss=47.18852782249451 epoch=8 and step=40
2026-04-19 10:19:36,232 - SplitNNClient - INFO - 16812 - phase=train acc=0.5744140625 loss=52.12351584434509 epoch=8 and step=40
2026-04-19 10:19:43,081 - SplitNNClient - INFO - 26292 - phase=train acc=0.55109375 loss=61.60901093482971 epoch=8 and step=50
2026-04-19 10:19:43,088 - SplitNNClient - INFO - 24840 - phase=train acc=0.4928125 loss=66.49087572097778 epoch=8 and step=50
2026-04-19 10:19:43,537 - SplitNNClient - INFO - 17116 - phase=train acc=0.59125 loss=58.195547342300415 epoch=8 and step=50
2026-04-19 10:19:43,537 - SplitNNClient - INFO - 26216 - phase=train acc=0.5621875 loss=62.10500502586365 epoch=8 and step=50
2026-04-19 10:19:43,571 - SplitNNClient - INFO - 16812 - phase=train acc=0.57515625 loss=64.495177090168 epoch=8 and step=50
2026-04-19 10:19:49,553 - SplitNNClient - INFO - 26292 - phase=train acc=0.5552083333333333 loss=73.45523881912231 epoch=8 and step=60
2026-04-19 10:19:50,123 - SplitNNClient - INFO - 26216 - phase=train acc=0.559765625 loss=74.51338469982147 epoch=8 and step=60
2026-04-19 10:19:50,137 - SplitNNClient - INFO - 17116 - phase=train acc=0.5916666666666667 loss=69.57675671577454 epoch=8 and step=60
2026-04-19 10:19:50,146 - SplitNNClient - INFO - 16812 - phase=train acc=0.579296875 loss=76.66985481977463 epoch=8 and step=60
2026-04-19 10:19:55,528 - SplitNNClient - INFO - 16812 - phase=train acc=0.5831473214285714 loss=88.42035382986069 epoch=8 and step=70
2026-04-19 10:19:55,529 - SplitNNClient - INFO - 17116 - phase=train acc=0.5983258928571429 loss=80.09388935565948 epoch=8 and step=70
2026-04-19 10:19:58,369 - SplitNNClient - INFO - 17116 - phase=train acc=0.601171875 loss=90.65376055240631 epoch=8 and step=80
2026-04-19 10:20:00,635 - SplitNNClient - INFO - 17116 - phase=train acc=0.6035590277777778 loss=101.42594426870346 epoch=8 and step=90
2026-04-19 10:20:02,905 - SplitNNClient - INFO - 17116 - phase=train acc=0.603515625 loss=112.55445647239685 epoch=8 and step=100
2026-04-19 10:20:05,160 - SplitNNClient - INFO - 17116 - phase=train acc=0.6024857954545455 loss=123.58536171913147 epoch=8 and step=110
2026-04-19 10:20:07,436 - SplitNNClient - INFO - 17116 - phase=train acc=0.6030598958333333 loss=134.4945289492607 epoch=8 and step=120
2026-04-19 10:20:08,077 - ServerManager - INFO - 18260 - get all model params ---- from rank 0
2026-04-19 10:20:08,100 - ServerManager - INFO - 18260 - Dist:30.27533721923828
2026-04-19 10:20:23,045 - SplitNNClient - INFO - 17116 - phase=validation acc=0.4779 loss=108.69457042217255 epoch=8 and step=79
2026-04-19 10:20:23,364 - SplitNNClient - INFO - 16812 - phase=validation acc=0.4779 loss=108.69457042217255 epoch=8 and step=79
2026-04-19 10:20:23,558 - SplitNNClient - INFO - 24840 - phase=validation acc=0.4779 loss=108.69457042217255 epoch=8 and step=79
2026-04-19 10:20:23,725 - SplitNNClient - INFO - 26292 - phase=validation acc=0.4779 loss=108.69457042217255 epoch=8 and step=79
2026-04-19 10:20:24,776 - SplitNNClient - INFO - 26216 - phase=validation acc=0.4779 loss=108.69457042217255 epoch=8 and step=79
2026-04-19 10:20:30,094 - SplitNNClient - INFO - 17116 - phase=train acc=0.54609375 loss=13.084663808345795 epoch=9 and step=10
2026-04-19 10:20:30,477 - SplitNNClient - INFO - 24840 - phase=train acc=0.44453125 loss=15.212456226348877 epoch=9 and step=10
2026-04-19 10:20:30,518 - SplitNNClient - INFO - 16812 - phase=train acc=0.5265625 loss=14.34640884399414 epoch=9 and step=10
2026-04-19 10:20:30,876 - SplitNNClient - INFO - 26292 - phase=train acc=0.53515625 loss=12.897146940231323 epoch=9 and step=10
2026-04-19 10:20:32,011 - SplitNNClient - INFO - 26216 - phase=train acc=0.57421875 loss=12.427628636360168 epoch=9 and step=10
2026-04-19 10:20:37,852 - SplitNNClient - INFO - 17116 - phase=train acc=0.60234375 loss=23.502280473709106 epoch=9 and step=20
2026-04-19 10:20:38,168 - SplitNNClient - INFO - 24840 - phase=train acc=0.479296875 loss=27.85432994365692 epoch=9 and step=20
2026-04-19 10:20:38,201 - SplitNNClient - INFO - 16812 - phase=train acc=0.5640625 loss=26.691895306110382 epoch=9 and step=20
2026-04-19 10:20:38,578 - SplitNNClient - INFO - 26292 - phase=train acc=0.573828125 loss=23.633544921875 epoch=9 and step=20
2026-04-19 10:20:39,690 - SplitNNClient - INFO - 26216 - phase=train acc=0.567578125 loss=24.422757148742676 epoch=9 and step=20
2026-04-19 10:20:45,545 - SplitNNClient - INFO - 17116 - phase=train acc=0.6002604166666666 loss=35.51815319061279 epoch=9 and step=30
2026-04-19 10:20:45,801 - SplitNNClient - INFO - 24840 - phase=train acc=0.49375 loss=40.07462680339813 epoch=9 and step=30
2026-04-19 10:20:45,829 - SplitNNClient - INFO - 16812 - phase=train acc=0.56640625 loss=39.38952332735062 epoch=9 and step=30
2026-04-19 10:20:46,244 - SplitNNClient - INFO - 26292 - phase=train acc=0.5734375 loss=35.394938588142395 epoch=9 and step=30
2026-04-19 10:20:47,349 - SplitNNClient - INFO - 26216 - phase=train acc=0.5611979166666666 loss=36.70684230327606 epoch=9 and step=30
2026-04-19 10:20:53,123 - SplitNNClient - INFO - 17116 - phase=train acc=0.61015625 loss=45.97682964801788 epoch=9 and step=40
2026-04-19 10:20:53,418 - SplitNNClient - INFO - 24840 - phase=train acc=0.5060546875 loss=52.06937372684479 epoch=9 and step=40
2026-04-19 10:20:53,491 - SplitNNClient - INFO - 16812 - phase=train acc=0.5658203125 loss=52.04050821065903 epoch=9 and step=40
2026-04-19 10:20:53,829 - SplitNNClient - INFO - 26292 - phase=train acc=0.57421875 loss=46.79621613025665 epoch=9 and step=40
2026-04-19 10:20:55,003 - SplitNNClient - INFO - 26216 - phase=train acc=0.5638671875 loss=49.09964919090271 epoch=9 and step=40
2026-04-19 10:21:00,768 - SplitNNClient - INFO - 17116 - phase=train acc=0.61375 loss=56.54019385576248 epoch=9 and step=50
2026-04-19 10:21:01,071 - SplitNNClient - INFO - 24840 - phase=train acc=0.51375 loss=64.08375990390778 epoch=9 and step=50
2026-04-19 10:21:01,146 - SplitNNClient - INFO - 16812 - phase=train acc=0.5671875 loss=64.29395920038223 epoch=9 and step=50
2026-04-19 10:21:01,445 - SplitNNClient - INFO - 26292 - phase=train acc=0.57734375 loss=58.078890800476074 epoch=9 and step=50
2026-04-19 10:21:02,663 - SplitNNClient - INFO - 26216 - phase=train acc=0.56109375 loss=61.25612163543701 epoch=9 and step=50
2026-04-19 10:21:07,601 - SplitNNClient - INFO - 17116 - phase=train acc=0.6194010416666667 loss=66.65294975042343 epoch=9 and step=60
2026-04-19 10:21:07,962 - SplitNNClient - INFO - 26292 - phase=train acc=0.5813802083333334 loss=68.9070081114769 epoch=9 and step=60
2026-04-19 10:21:07,975 - SplitNNClient - INFO - 16812 - phase=train acc=0.5739583333333333 loss=76.01843005418777 epoch=9 and step=60
2026-04-19 10:21:09,215 - SplitNNClient - INFO - 26216 - phase=train acc=0.5634114583333333 loss=73.01218295097351 epoch=9 and step=60
2026-04-19 10:21:13,459 - SplitNNClient - INFO - 17116 - phase=train acc=0.6193080357142857 loss=77.28585255146027 epoch=9 and step=70
2026-04-19 10:21:13,686 - SplitNNClient - INFO - 16812 - phase=train acc=0.5776785714285714 loss=88.08199864625931 epoch=9 and step=70
2026-04-19 10:21:16,536 - SplitNNClient - INFO - 17116 - phase=train acc=0.62373046875 loss=86.9886983036995 epoch=9 and step=80
2026-04-19 10:21:18,788 - SplitNNClient - INFO - 17116 - phase=train acc=0.6272569444444445 loss=97.07705330848694 epoch=9 and step=90
2026-04-19 10:21:21,025 - SplitNNClient - INFO - 17116 - phase=train acc=0.627578125 loss=107.0878393650055 epoch=9 and step=100
2026-04-19 10:21:23,250 - SplitNNClient - INFO - 17116 - phase=train acc=0.6279829545454545 loss=117.38261651992798 epoch=9 and step=110
2026-04-19 10:21:25,535 - SplitNNClient - INFO - 17116 - phase=train acc=0.6287760416666667 loss=127.59965234994888 epoch=9 and step=120
2026-04-19 10:21:26,195 - ServerManager - INFO - 18260 - get all model params ---- from rank 0
2026-04-19 10:21:26,214 - ServerManager - INFO - 18260 - Dist:17.367563247680664
2026-04-19 10:21:40,175 - SplitNNClient - INFO - 26216 - phase=validation acc=0.4991 loss=106.57751870155334 epoch=9 and step=79
2026-04-19 10:21:40,500 - SplitNNClient - INFO - 24840 - phase=validation acc=0.4991 loss=106.57751870155334 epoch=9 and step=79
2026-04-19 10:21:40,867 - SplitNNClient - INFO - 17116 - phase=validation acc=0.4991 loss=106.57751870155334 epoch=9 and step=79
2026-04-19 10:21:41,249 - SplitNNClient - INFO - 16812 - phase=validation acc=0.4991 loss=106.57751870155334 epoch=9 and step=79
2026-04-19 10:21:41,355 - SplitNNClient - INFO - 26292 - phase=validation acc=0.4991 loss=106.57751870155334 epoch=9 and step=79
2026-04-19 10:21:46,839 - SplitNNClient - INFO - 26216 - phase=train acc=0.57265625 loss=12.55586051940918 epoch=10 and step=10
2026-04-19 10:21:47,176 - SplitNNClient - INFO - 24840 - phase=train acc=0.42109375 loss=15.359221458435059 epoch=10 and step=10
2026-04-19 10:21:47,573 - SplitNNClient - INFO - 17116 - phase=train acc=0.56328125 loss=12.020078480243683 epoch=10 and step=10
2026-04-19 10:21:48,021 - SplitNNClient - INFO - 16812 - phase=train acc=0.56875 loss=13.778294563293457 epoch=10 and step=10
2026-04-19 10:21:48,361 - SplitNNClient - INFO - 26292 - phase=train acc=0.53125 loss=13.394611239433289 epoch=10 and step=10
2026-04-19 10:21:54,089 - SplitNNClient - INFO - 26216 - phase=train acc=0.595703125 loss=23.387921929359436 epoch=10 and step=20
2026-04-19 10:21:54,406 - SplitNNClient - INFO - 24840 - phase=train acc=0.465234375 loss=28.255533933639526 epoch=10 and step=20
2026-04-19 10:21:54,796 - SplitNNClient - INFO - 17116 - phase=train acc=0.601953125 loss=22.517505288124084 epoch=10 and step=20
2026-04-19 10:21:55,194 - SplitNNClient - INFO - 16812 - phase=train acc=0.5734375 loss=26.04629933834076 epoch=10 and step=20
2026-04-19 10:21:55,933 - SplitNNClient - INFO - 26292 - phase=train acc=0.5625 loss=24.916783332824707 epoch=10 and step=20
2026-04-19 10:22:01,282 - SplitNNClient - INFO - 26216 - phase=train acc=0.5950520833333334 loss=35.03651833534241 epoch=10 and step=30
2026-04-19 10:22:01,574 - SplitNNClient - INFO - 24840 - phase=train acc=0.49609375 loss=39.81813156604767 epoch=10 and step=30
2026-04-19 10:22:02,022 - SplitNNClient - INFO - 17116 - phase=train acc=0.60859375 loss=33.217588901519775 epoch=10 and step=30
2026-04-19 10:22:02,365 - SplitNNClient - INFO - 16812 - phase=train acc=0.5760416666666667 loss=38.477588534355164 epoch=10 and step=30
2026-04-19 10:22:03,431 - SplitNNClient - INFO - 26292 - phase=train acc=0.57109375 loss=35.93848383426666 epoch=10 and step=30
2026-04-19 10:22:08,473 - SplitNNClient - INFO - 26216 - phase=train acc=0.5947265625 loss=46.23584842681885 epoch=10 and step=40
2026-04-19 10:22:08,726 - SplitNNClient - INFO - 24840 - phase=train acc=0.5044921875 loss=51.75119125843048 epoch=10 and step=40
2026-04-19 10:22:09,206 - SplitNNClient - INFO - 17116 - phase=train acc=0.612109375 loss=43.58038538694382 epoch=10 and step=40
2026-04-19 10:22:09,485 - SplitNNClient - INFO - 16812 - phase=train acc=0.5810546875 loss=50.82860445976257 epoch=10 and step=40
2026-04-19 10:22:10,871 - SplitNNClient - INFO - 26292 - phase=train acc=0.578125 loss=46.78696286678314 epoch=10 and step=40
2026-04-19 10:22:15,594 - SplitNNClient - INFO - 26216 - phase=train acc=0.59125 loss=57.95877802371979 epoch=10 and step=50
2026-04-19 10:22:15,894 - SplitNNClient - INFO - 24840 - phase=train acc=0.51421875 loss=63.2487074136734 epoch=10 and step=50
2026-04-19 10:22:16,370 - SplitNNClient - INFO - 17116 - phase=train acc=0.61375 loss=54.040174424648285 epoch=10 and step=50
2026-04-19 10:22:16,643 - SplitNNClient - INFO - 16812 - phase=train acc=0.59734375 loss=61.366852819919586 epoch=10 and step=50
2026-04-19 10:22:18,460 - SplitNNClient - INFO - 26292 - phase=train acc=0.58078125 loss=57.682761549949646 epoch=10 and step=50
2026-04-19 10:22:22,152 - SplitNNClient - INFO - 26216 - phase=train acc=0.5897135416666667 loss=69.69145512580872 epoch=10 and step=60
2026-04-19 10:22:22,780 - SplitNNClient - INFO - 17116 - phase=train acc=0.6149739583333333 loss=64.69197124242783 epoch=10 and step=60
2026-04-19 10:22:23,093 - SplitNNClient - INFO - 16812 - phase=train acc=0.6018229166666667 loss=72.91695082187653 epoch=10 and step=60
2026-04-19 10:22:24,299 - SplitNNClient - INFO - 26292 - phase=train acc=0.5854166666666667 loss=68.47913789749146 epoch=10 and step=60
2026-04-19 10:22:28,568 - SplitNNClient - INFO - 17116 - phase=train acc=0.6160714285714286 loss=75.4907415509224 epoch=10 and step=70
2026-04-19 10:22:28,724 - SplitNNClient - INFO - 16812 - phase=train acc=0.6053571428571428 loss=84.27554577589035 epoch=10 and step=70
2026-04-19 10:22:31,345 - SplitNNClient - INFO - 17116 - phase=train acc=0.619921875 loss=85.25406968593597 epoch=10 and step=80
2026-04-19 10:22:33,607 - SplitNNClient - INFO - 17116 - phase=train acc=0.6236111111111111 loss=95.18832725286484 epoch=10 and step=90
2026-04-19 10:22:35,878 - SplitNNClient - INFO - 17116 - phase=train acc=0.6271875 loss=105.08123016357422 epoch=10 and step=100
2026-04-19 10:22:38,120 - SplitNNClient - INFO - 17116 - phase=train acc=0.6303977272727272 loss=114.78664511442184 epoch=10 and step=110
2026-04-19 10:22:40,370 - SplitNNClient - INFO - 17116 - phase=train acc=0.6317708333333333 loss=124.77093017101288 epoch=10 and step=120
2026-04-19 10:22:41,020 - ServerManager - INFO - 18260 - get all model params ---- from rank 0
2026-04-19 10:22:41,038 - ServerManager - INFO - 18260 - Dist:14.33594036102295
2026-04-19 10:22:55,080 - SplitNNClient - INFO - 17116 - phase=validation acc=0.516 loss=100.58804678916931 epoch=10 and step=79
2026-04-19 10:22:55,316 - SplitNNClient - INFO - 24840 - phase=validation acc=0.516 loss=100.58804678916931 epoch=10 and step=79
2026-04-19 10:22:55,404 - SplitNNClient - INFO - 16812 - phase=validation acc=0.516 loss=100.58804678916931 epoch=10 and step=79
2026-04-19 10:22:55,675 - SplitNNClient - INFO - 26216 - phase=validation acc=0.516 loss=100.58804678916931 epoch=10 and step=79
2026-04-19 10:22:56,061 - SplitNNClient - INFO - 26292 - phase=validation acc=0.516 loss=100.58804678916931 epoch=10 and step=79
2026-04-19 10:23:01,357 - SplitNNClient - INFO - 17116 - phase=train acc=0.56796875 loss=12.261870324611664 epoch=11 and step=10
2026-04-19 10:23:01,716 - SplitNNClient - INFO - 16812 - phase=train acc=0.53046875 loss=13.815591096878052 epoch=11 and step=10
2026-04-19 10:23:02,227 - SplitNNClient - INFO - 24840 - phase=train acc=0.42734375 loss=15.86056399345398 epoch=11 and step=10
2026-04-19 10:23:02,669 - SplitNNClient - INFO - 26216 - phase=train acc=0.58515625 loss=11.949083089828491 epoch=11 and step=10
2026-04-19 10:23:03,023 - SplitNNClient - INFO - 26292 - phase=train acc=0.5359375 loss=12.72661030292511 epoch=11 and step=10
2026-04-19 10:23:08,183 - SplitNNClient - INFO - 17116 - phase=train acc=0.60625 loss=22.42779892683029 epoch=11 and step=20
2026-04-19 10:23:08,549 - SplitNNClient - INFO - 16812 - phase=train acc=0.5734375 loss=25.797218322753906 epoch=11 and step=20
2026-04-19 10:23:09,716 - SplitNNClient - INFO - 24840 - phase=train acc=0.476171875 loss=28.189011931419373 epoch=11 and step=20
2026-04-19 10:23:09,976 - SplitNNClient - INFO - 26216 - phase=train acc=0.601171875 loss=22.92481815814972 epoch=11 and step=20
2026-04-19 10:23:10,439 - SplitNNClient - INFO - 26292 - phase=train acc=0.56875 loss=23.44506871700287 epoch=11 and step=20
2026-04-19 10:23:15,425 - SplitNNClient - INFO - 17116 - phase=train acc=0.6234375 loss=32.76149117946625 epoch=11 and step=30
2026-04-19 10:23:15,716 - SplitNNClient - INFO - 16812 - phase=train acc=0.5921875 loss=36.97966814041138 epoch=11 and step=30
2026-04-19 10:23:16,894 - SplitNNClient - INFO - 24840 - phase=train acc=0.5088541666666667 loss=39.17816823720932 epoch=11 and step=30
2026-04-19 10:23:17,151 - SplitNNClient - INFO - 26216 - phase=train acc=0.60390625 loss=33.92678642272949 epoch=11 and step=30
2026-04-19 10:23:17,582 - SplitNNClient - INFO - 26292 - phase=train acc=0.5802083333333333 loss=34.283005237579346 epoch=11 and step=30
2026-04-19 10:23:22,587 - SplitNNClient - INFO - 17116 - phase=train acc=0.6349609375 loss=42.250696778297424 epoch=11 and step=40
2026-04-19 10:23:22,971 - SplitNNClient - INFO - 16812 - phase=train acc=0.5935546875 loss=48.74474561214447 epoch=11 and step=40
2026-04-19 10:23:24,030 - SplitNNClient - INFO - 24840 - phase=train acc=0.526953125 loss=50.25140881538391 epoch=11 and step=40
2026-04-19 10:23:24,305 - SplitNNClient - INFO - 26216 - phase=train acc=0.6111328125 loss=44.40085071325302 epoch=11 and step=40
2026-04-19 10:23:24,753 - SplitNNClient - INFO - 26292 - phase=train acc=0.5884765625 loss=44.88017624616623 epoch=11 and step=40
2026-04-19 10:23:29,813 - SplitNNClient - INFO - 17116 - phase=train acc=0.64359375 loss=51.68117672204971 epoch=11 and step=50
2026-04-19 10:23:30,226 - SplitNNClient - INFO - 16812 - phase=train acc=0.5975 loss=60.00922465324402 epoch=11 and step=50
2026-04-19 10:23:31,340 - SplitNNClient - INFO - 24840 - phase=train acc=0.5334375 loss=61.53890538215637 epoch=11 and step=50
2026-04-19 10:23:31,629 - SplitNNClient - INFO - 26216 - phase=train acc=0.61359375 loss=55.34907537698746 epoch=11 and step=50
2026-04-19 10:23:32,091 - SplitNNClient - INFO - 26292 - phase=train acc=0.59453125 loss=55.72458702325821 epoch=11 and step=50
2026-04-19 10:23:36,774 - SplitNNClient - INFO - 17116 - phase=train acc=0.64296875 loss=61.91527718305588 epoch=11 and step=60
2026-04-19 10:23:37,070 - SplitNNClient - INFO - 16812 - phase=train acc=0.6009114583333334 loss=71.51444900035858 epoch=11 and step=60
2026-04-19 10:23:38,200 - SplitNNClient - INFO - 26216 - phase=train acc=0.616015625 loss=66.24399393796921 epoch=11 and step=60
2026-04-19 10:23:38,317 - SplitNNClient - INFO - 26292 - phase=train acc=0.6002604166666666 loss=65.9734137058258 epoch=11 and step=60
2026-04-19 10:23:42,739 - SplitNNClient - INFO - 17116 - phase=train acc=0.64453125 loss=71.73674035072327 epoch=11 and step=70
2026-04-19 10:23:42,900 - SplitNNClient - INFO - 16812 - phase=train acc=0.6014508928571428 loss=83.13320505619049 epoch=11 and step=70
2026-04-19 10:23:45,712 - SplitNNClient - INFO - 17116 - phase=train acc=0.64853515625 loss=81.24161070585251 epoch=11 and step=80
2026-04-19 10:23:47,989 - SplitNNClient - INFO - 17116 - phase=train acc=0.6494791666666667 loss=90.98116827011108 epoch=11 and step=90
2026-04-19 10:23:50,324 - SplitNNClient - INFO - 17116 - phase=train acc=0.6503125 loss=100.98458856344223 epoch=11 and step=100
2026-04-19 10:23:52,673 - SplitNNClient - INFO - 17116 - phase=train acc=0.6504261363636363 loss=110.9854685664177 epoch=11 and step=110
2026-04-19 10:23:54,989 - SplitNNClient - INFO - 17116 - phase=train acc=0.6516927083333334 loss=120.46835261583328 epoch=11 and step=120
2026-04-19 10:23:55,650 - ServerManager - INFO - 18260 - get all model params ---- from rank 0
2026-04-19 10:23:55,688 - ServerManager - INFO - 18260 - Dist:36.40802764892578
2026-04-19 10:24:09,640 - SplitNNClient - INFO - 24840 - phase=validation acc=0.5227 loss=100.60326313972473 epoch=11 and step=79
2026-04-19 10:24:10,008 - SplitNNClient - INFO - 26292 - phase=validation acc=0.5227 loss=100.60326313972473 epoch=11 and step=79
2026-04-19 10:24:10,703 - SplitNNClient - INFO - 26216 - phase=validation acc=0.5227 loss=100.60326313972473 epoch=11 and step=79
2026-04-19 10:24:10,871 - SplitNNClient - INFO - 16812 - phase=validation acc=0.5227 loss=100.60326313972473 epoch=11 and step=79
2026-04-19 10:24:10,877 - SplitNNClient - INFO - 17116 - phase=validation acc=0.5227 loss=100.60326313972473 epoch=11 and step=79
2026-04-19 10:24:16,014 - SplitNNClient - INFO - 26292 - phase=train acc=0.57109375 loss=12.16522467136383 epoch=12 and step=10
2026-04-19 10:24:16,613 - SplitNNClient - INFO - 24840 - phase=train acc=0.46953125 loss=14.451269149780273 epoch=12 and step=10
2026-04-19 10:24:17,625 - SplitNNClient - INFO - 26216 - phase=train acc=0.6328125 loss=10.930551826953888 epoch=12 and step=10
2026-04-19 10:24:17,941 - SplitNNClient - INFO - 17116 - phase=train acc=0.58828125 loss=11.60940408706665 epoch=12 and step=10
2026-04-19 10:24:17,993 - SplitNNClient - INFO - 16812 - phase=train acc=0.58125 loss=12.545698404312134 epoch=12 and step=10
2026-04-19 10:24:22,563 - SplitNNClient - INFO - 26292 - phase=train acc=0.594140625 loss=23.137384474277496 epoch=12 and step=20
2026-04-19 10:24:24,194 - SplitNNClient - INFO - 24840 - phase=train acc=0.50546875 loss=26.614400446414948 epoch=12 and step=20
2026-04-19 10:24:25,038 - SplitNNClient - INFO - 26216 - phase=train acc=0.626953125 loss=21.74189305305481 epoch=12 and step=20
2026-04-19 10:24:25,375 - SplitNNClient - INFO - 17116 - phase=train acc=0.630078125 loss=21.469009160995483 epoch=12 and step=20
2026-04-19 10:24:25,428 - SplitNNClient - INFO - 16812 - phase=train acc=0.59609375 loss=24.383635640144348 epoch=12 and step=20
2026-04-19 10:24:29,040 - SplitNNClient - INFO - 26292 - phase=train acc=0.6065104166666667 loss=33.42122107744217 epoch=12 and step=30
2026-04-19 10:24:31,763 - SplitNNClient - INFO - 24840 - phase=train acc=0.5166666666666667 loss=38.66225332021713 epoch=12 and step=30
2026-04-19 10:24:32,533 - SplitNNClient - INFO - 26216 - phase=train acc=0.6174479166666667 loss=33.09768009185791 epoch=12 and step=30
2026-04-19 10:24:32,879 - SplitNNClient - INFO - 16812 - phase=train acc=0.6166666666666667 loss=34.95549297332764 epoch=12 and step=30
2026-04-19 10:24:32,891 - SplitNNClient - INFO - 17116 - phase=train acc=0.6463541666666667 loss=30.91003006696701 epoch=12 and step=30
2026-04-19 10:24:35,534 - SplitNNClient - INFO - 26292 - phase=train acc=0.6115234375 loss=43.72059464454651 epoch=12 and step=40
2026-04-19 10:24:39,257 - SplitNNClient - INFO - 24840 - phase=train acc=0.52890625 loss=49.70888638496399 epoch=12 and step=40
2026-04-19 10:24:40,076 - SplitNNClient - INFO - 26216 - phase=train acc=0.6205078125 loss=43.503143191337585 epoch=12 and step=40
2026-04-19 10:24:40,339 - SplitNNClient - INFO - 16812 - phase=train acc=0.6251953125 loss=45.691685259342194 epoch=12 and step=40
2026-04-19 10:24:40,340 - SplitNNClient - INFO - 17116 - phase=train acc=0.648046875 loss=40.69422650337219 epoch=12 and step=40
2026-04-19 10:24:42,412 - SplitNNClient - INFO - 26292 - phase=train acc=0.616875 loss=53.74823021888733 epoch=12 and step=50
2026-04-19 10:24:46,628 - SplitNNClient - INFO - 24840 - phase=train acc=0.541875 loss=60.36930447816849 epoch=12 and step=50
2026-04-19 10:24:47,411 - SplitNNClient - INFO - 26216 - phase=train acc=0.62640625 loss=53.47530072927475 epoch=12 and step=50
2026-04-19 10:24:47,741 - SplitNNClient - INFO - 17116 - phase=train acc=0.6578125 loss=49.538781583309174 epoch=12 and step=50
2026-04-19 10:24:47,741 - SplitNNClient - INFO - 16812 - phase=train acc=0.62296875 loss=57.320739686489105 epoch=12 and step=50
2026-04-19 10:24:49,238 - SplitNNClient - INFO - 26292 - phase=train acc=0.6188802083333333 loss=64.11120527982712 epoch=12 and step=60
2026-04-19 10:24:53,855 - SplitNNClient - INFO - 26216 - phase=train acc=0.6256510416666666 loss=64.23090159893036 epoch=12 and step=60
2026-04-19 10:24:54,032 - SplitNNClient - INFO - 16812 - phase=train acc=0.6279947916666667 loss=67.83668345212936 epoch=12 and step=60
2026-04-19 10:24:54,054 - SplitNNClient - INFO - 17116 - phase=train acc=0.6546875 loss=59.93807703256607 epoch=12 and step=60
2026-04-19 10:24:58,155 - SplitNNClient - INFO - 17116 - phase=train acc=0.6551339285714286 loss=69.69087368249893 epoch=12 and step=70
2026-04-19 10:24:58,196 - SplitNNClient - INFO - 16812 - phase=train acc=0.6309151785714285 loss=78.92046171426773 epoch=12 and step=70
2026-04-19 10:25:00,802 - SplitNNClient - INFO - 17116 - phase=train acc=0.65634765625 loss=79.26929008960724 epoch=12 and step=80
2026-04-19 10:25:03,041 - SplitNNClient - INFO - 17116 - phase=train acc=0.6599826388888889 loss=88.66532784700394 epoch=12 and step=90
2026-04-19 10:25:05,271 - SplitNNClient - INFO - 17116 - phase=train acc=0.662421875 loss=97.8341418504715 epoch=12 and step=100
2026-04-19 10:25:07,502 - SplitNNClient - INFO - 17116 - phase=train acc=0.6631392045454545 loss=107.04727435112 epoch=12 and step=110
2026-04-19 10:25:09,764 - SplitNNClient - INFO - 17116 - phase=train acc=0.6639322916666667 loss=116.51959675550461 epoch=12 and step=120
2026-04-19 10:25:10,446 - ServerManager - INFO - 18260 - get all model params ---- from rank 0
2026-04-19 10:25:10,487 - ServerManager - INFO - 18260 - Dist:41.7336311340332
2026-04-19 10:25:24,723 - SplitNNClient - INFO - 26292 - phase=validation acc=0.541 loss=95.71730542182922 epoch=12 and step=79
2026-04-19 10:25:25,303 - SplitNNClient - INFO - 24840 - phase=validation acc=0.541 loss=95.71730542182922 epoch=12 and step=79
2026-04-19 10:25:25,314 - SplitNNClient - INFO - 17116 - phase=validation acc=0.541 loss=95.71730542182922 epoch=12 and step=79
2026-04-19 10:25:25,971 - SplitNNClient - INFO - 26216 - phase=validation acc=0.541 loss=95.71730542182922 epoch=12 and step=79
2026-04-19 10:25:26,395 - SplitNNClient - INFO - 16812 - phase=validation acc=0.541 loss=95.71730542182922 epoch=12 and step=79
2026-04-19 10:25:31,273 - SplitNNClient - INFO - 26292 - phase=train acc=0.56796875 loss=12.178229212760925 epoch=13 and step=10
2026-04-19 10:25:31,844 - SplitNNClient - INFO - 24840 - phase=train acc=0.4734375 loss=14.716905951499939 epoch=13 and step=10
2026-04-19 10:25:32,252 - SplitNNClient - INFO - 17116 - phase=train acc=0.6265625 loss=10.653810739517212 epoch=13 and step=10
2026-04-19 10:25:33,063 - SplitNNClient - INFO - 26216 - phase=train acc=0.61796875 loss=11.159071028232574 epoch=13 and step=10
2026-04-19 10:25:33,521 - SplitNNClient - INFO - 16812 - phase=train acc=0.58984375 loss=12.854649245738983 epoch=13 and step=10
2026-04-19 10:25:38,359 - SplitNNClient - INFO - 26292 - phase=train acc=0.6015625 loss=22.238096594810486 epoch=13 and step=20
2026-04-19 10:25:38,652 - SplitNNClient - INFO - 24840 - phase=train acc=0.526953125 loss=26.022682070732117 epoch=13 and step=20
2026-04-19 10:25:39,662 - SplitNNClient - INFO - 17116 - phase=train acc=0.64765625 loss=20.388418912887573 epoch=13 and step=20
2026-04-19 10:25:40,606 - SplitNNClient - INFO - 26216 - phase=train acc=0.626171875 loss=21.62500536441803 epoch=13 and step=20
2026-04-19 10:25:41,004 - SplitNNClient - INFO - 16812 - phase=train acc=0.607421875 loss=24.143976747989655 epoch=13 and step=20
2026-04-19 10:25:45,690 - SplitNNClient - INFO - 24840 - phase=train acc=0.5471354166666667 loss=36.888891518116 epoch=13 and step=30
2026-04-19 10:25:45,732 - SplitNNClient - INFO - 26292 - phase=train acc=0.6091145833333333 loss=32.58105057477951 epoch=13 and step=30
2026-04-19 10:25:46,870 - SplitNNClient - INFO - 17116 - phase=train acc=0.6526041666666667 loss=29.71845382452011 epoch=13 and step=30
2026-04-19 10:25:47,973 - SplitNNClient - INFO - 26216 - phase=train acc=0.6278645833333333 loss=32.07789295911789 epoch=13 and step=30
2026-04-19 10:25:48,352 - SplitNNClient - INFO - 16812 - phase=train acc=0.6190104166666667 loss=34.897076427936554 epoch=13 and step=30
2026-04-19 10:25:52,972 - SplitNNClient - INFO - 24840 - phase=train acc=0.5533203125 loss=47.95463365316391 epoch=13 and step=40
2026-04-19 10:25:53,061 - SplitNNClient - INFO - 26292 - phase=train acc=0.621484375 loss=41.97219753265381 epoch=13 and step=40
2026-04-19 10:25:54,103 - SplitNNClient - INFO - 17116 - phase=train acc=0.66328125 loss=38.661579966545105 epoch=13 and step=40
2026-04-19 10:25:55,248 - SplitNNClient - INFO - 26216 - phase=train acc=0.633984375 loss=42.06332266330719 epoch=13 and step=40
2026-04-19 10:25:55,612 - SplitNNClient - INFO - 16812 - phase=train acc=0.620703125 loss=46.02041703462601 epoch=13 and step=40
2026-04-19 10:26:00,246 - SplitNNClient - INFO - 24840 - phase=train acc=0.5559375 loss=58.89648622274399 epoch=13 and step=50
2026-04-19 10:26:00,554 - SplitNNClient - INFO - 26292 - phase=train acc=0.6225 loss=52.16791743040085 epoch=13 and step=50
2026-04-19 10:26:01,354 - SplitNNClient - INFO - 17116 - phase=train acc=0.66390625 loss=47.844235479831696 epoch=13 and step=50
2026-04-19 10:26:02,545 - SplitNNClient - INFO - 26216 - phase=train acc=0.63953125 loss=52.02112728357315 epoch=13 and step=50
2026-04-19 10:26:02,887 - SplitNNClient - INFO - 16812 - phase=train acc=0.62703125 loss=56.30879306793213 epoch=13 and step=50
2026-04-19 10:26:07,201 - SplitNNClient - INFO - 26292 - phase=train acc=0.6239583333333333 loss=62.01813042163849 epoch=13 and step=60
2026-04-19 10:26:07,879 - SplitNNClient - INFO - 17116 - phase=train acc=0.6649739583333333 loss=57.436948359012604 epoch=13 and step=60
2026-04-19 10:26:08,826 - SplitNNClient - INFO - 26216 - phase=train acc=0.6403645833333333 loss=62.27972078323364 epoch=13 and step=60
2026-04-19 10:26:09,092 - SplitNNClient - INFO - 16812 - phase=train acc=0.6350260416666667 loss=66.56749349832535 epoch=13 and step=60
2026-04-19 10:26:13,383 - SplitNNClient - INFO - 17116 - phase=train acc=0.6643973214285714 loss=66.74248385429382 epoch=13 and step=70
2026-04-19 10:26:14,144 - SplitNNClient - INFO - 16812 - phase=train acc=0.6378348214285714 loss=76.82229697704315 epoch=13 and step=70
2026-04-19 10:26:16,399 - SplitNNClient - INFO - 17116 - phase=train acc=0.66689453125 loss=75.75647574663162 epoch=13 and step=80
2026-04-19 10:26:18,668 - SplitNNClient - INFO - 17116 - phase=train acc=0.6690104166666667 loss=84.801333963871 epoch=13 and step=90
2026-04-19 10:26:20,908 - SplitNNClient - INFO - 17116 - phase=train acc=0.668984375 loss=94.22343122959137 epoch=13 and step=100
2026-04-19 10:26:23,159 - SplitNNClient - INFO - 17116 - phase=train acc=0.6697443181818182 loss=103.30939292907715 epoch=13 and step=110
2026-04-19 10:26:25,369 - SplitNNClient - INFO - 17116 - phase=train acc=0.6716796875 loss=112.53307741880417 epoch=13 and step=120
2026-04-19 10:26:26,021 - ServerManager - INFO - 18260 - get all model params ---- from rank 0
2026-04-19 10:26:26,042 - ServerManager - INFO - 18260 - Dist:52.686378479003906
2026-04-19 10:26:41,142 - SplitNNClient - INFO - 26216 - phase=validation acc=0.5752 loss=89.4877101778984 epoch=13 and step=79
2026-04-19 10:26:41,368 - SplitNNClient - INFO - 26292 - phase=validation acc=0.5752 loss=89.4877101778984 epoch=13 and step=79
2026-04-19 10:26:41,504 - SplitNNClient - INFO - 17116 - phase=validation acc=0.5752 loss=89.4877101778984 epoch=13 and step=79
2026-04-19 10:26:41,637 - SplitNNClient - INFO - 16812 - phase=validation acc=0.5752 loss=89.4877101778984 epoch=13 and step=79
2026-04-19 10:26:41,716 - SplitNNClient - INFO - 24840 - phase=validation acc=0.5752 loss=89.4877101778984 epoch=13 and step=79
2026-04-19 10:26:47,913 - SplitNNClient - INFO - 26216 - phase=train acc=0.63515625 loss=10.836745858192444 epoch=14 and step=10
2026-04-19 10:26:48,279 - SplitNNClient - INFO - 17116 - phase=train acc=0.5890625 loss=11.313290536403656 epoch=14 and step=10
2026-04-19 10:26:48,348 - SplitNNClient - INFO - 26292 - phase=train acc=0.571875 loss=12.054684519767761 epoch=14 and step=10
2026-04-19 10:26:48,655 - SplitNNClient - INFO - 16812 - phase=train acc=0.5765625 loss=12.787463665008545 epoch=14 and step=10
2026-04-19 10:26:48,737 - SplitNNClient - INFO - 24840 - phase=train acc=0.49140625 loss=13.919665575027466 epoch=14 and step=10
2026-04-19 10:26:55,147 - SplitNNClient - INFO - 26216 - phase=train acc=0.64609375 loss=20.803654849529266 epoch=14 and step=20
2026-04-19 10:26:55,524 - SplitNNClient - INFO - 17116 - phase=train acc=0.628125 loss=20.91225701570511 epoch=14 and step=20
2026-04-19 10:26:55,765 - SplitNNClient - INFO - 26292 - phase=train acc=0.61640625 loss=21.542029201984406 epoch=14 and step=20
2026-04-19 10:26:55,928 - SplitNNClient - INFO - 16812 - phase=train acc=0.607421875 loss=23.80474716424942 epoch=14 and step=20
2026-04-19 10:26:56,188 - SplitNNClient - INFO - 24840 - phase=train acc=0.525 loss=25.599329471588135 epoch=14 and step=20
2026-04-19 10:27:02,494 - SplitNNClient - INFO - 26216 - phase=train acc=0.6372395833333333 loss=31.109960913658142 epoch=14 and step=30
2026-04-19 10:27:02,878 - SplitNNClient - INFO - 17116 - phase=train acc=0.6440104166666667 loss=30.25502073764801 epoch=14 and step=30
2026-04-19 10:27:03,245 - SplitNNClient - INFO - 16812 - phase=train acc=0.62109375 loss=34.596326410770416 epoch=14 and step=30
2026-04-19 10:27:03,330 - SplitNNClient - INFO - 26292 - phase=train acc=0.63125 loss=31.207067251205444 epoch=14 and step=30
2026-04-19 10:27:03,660 - SplitNNClient - INFO - 24840 - phase=train acc=0.54375 loss=36.446094036102295 epoch=14 and step=30
2026-04-19 10:27:09,767 - SplitNNClient - INFO - 26216 - phase=train acc=0.6404296875 loss=40.93381530046463 epoch=14 and step=40
2026-04-19 10:27:10,176 - SplitNNClient - INFO - 17116 - phase=train acc=0.6537109375 loss=39.45330661535263 epoch=14 and step=40
2026-04-19 10:27:10,534 - SplitNNClient - INFO - 16812 - phase=train acc=0.6349609375 loss=44.75370007753372 epoch=14 and step=40
2026-04-19 10:27:10,792 - SplitNNClient - INFO - 26292 - phase=train acc=0.6345703125 loss=41.09207093715668 epoch=14 and step=40
2026-04-19 10:27:11,025 - SplitNNClient - INFO - 24840 - phase=train acc=0.5537109375 loss=47.05790549516678 epoch=14 and step=40
2026-04-19 10:27:17,086 - SplitNNClient - INFO - 26216 - phase=train acc=0.6390625 loss=51.00638943910599 epoch=14 and step=50
2026-04-19 10:27:17,458 - SplitNNClient - INFO - 17116 - phase=train acc=0.6621875 loss=48.08357697725296 epoch=14 and step=50
2026-04-19 10:27:17,820 - SplitNNClient - INFO - 16812 - phase=train acc=0.63921875 loss=55.16954177618027 epoch=14 and step=50
2026-04-19 10:27:18,264 - SplitNNClient - INFO - 26292 - phase=train acc=0.64625 loss=49.84065729379654 epoch=14 and step=50
2026-04-19 10:27:18,572 - SplitNNClient - INFO - 24840 - phase=train acc=0.55953125 loss=57.98051154613495 epoch=14 and step=50
2026-04-19 10:27:24,034 - SplitNNClient - INFO - 26216 - phase=train acc=0.6407552083333333 loss=61.08126896619797 epoch=14 and step=60
2026-04-19 10:27:24,343 - SplitNNClient - INFO - 17116 - phase=train acc=0.665234375 loss=57.20289194583893 epoch=14 and step=60
2026-04-19 10:27:24,665 - SplitNNClient - INFO - 16812 - phase=train acc=0.6380208333333334 loss=65.83894991874695 epoch=14 and step=60
2026-04-19 10:27:24,826 - SplitNNClient - INFO - 26292 - phase=train acc=0.6451822916666666 loss=59.712584376335144 epoch=14 and step=60
2026-04-19 10:27:29,887 - SplitNNClient - INFO - 17116 - phase=train acc=0.6739955357142857 loss=65.60553508996964 epoch=14 and step=70
2026-04-19 10:27:30,072 - SplitNNClient - INFO - 16812 - phase=train acc=0.6389508928571429 loss=76.33848035335541 epoch=14 and step=70
2026-04-19 10:27:32,599 - SplitNNClient - INFO - 17116 - phase=train acc=0.67421875 loss=74.56351631879807 epoch=14 and step=80
2026-04-19 10:27:34,903 - SplitNNClient - INFO - 17116 - phase=train acc=0.6754340277777777 loss=84.07902491092682 epoch=14 and step=90
2026-04-19 10:27:37,136 - SplitNNClient - INFO - 17116 - phase=train acc=0.67453125 loss=93.51743465662003 epoch=14 and step=100
2026-04-19 10:27:39,395 - SplitNNClient - INFO - 17116 - phase=train acc=0.67578125 loss=102.16346180438995 epoch=14 and step=110
2026-04-19 10:27:41,640 - SplitNNClient - INFO - 17116 - phase=train acc=0.6771484375 loss=110.97256606817245 epoch=14 and step=120
2026-04-19 10:27:42,313 - ServerManager - INFO - 18260 - get all model params ---- from rank 0
2026-04-19 10:27:42,336 - ServerManager - INFO - 18260 - Dist:18.918642044067383
2026-04-19 10:27:56,703 - SplitNNClient - INFO - 26292 - phase=validation acc=0.5763 loss=89.53368109464645 epoch=14 and step=79
2026-04-19 10:27:56,705 - SplitNNClient - INFO - 24840 - phase=validation acc=0.5763 loss=89.53368109464645 epoch=14 and step=79
2026-04-19 10:27:57,328 - SplitNNClient - INFO - 26216 - phase=validation acc=0.5763 loss=89.53368109464645 epoch=14 and step=79
2026-04-19 10:27:57,462 - SplitNNClient - INFO - 17116 - phase=validation acc=0.5763 loss=89.53368109464645 epoch=14 and step=79
2026-04-19 10:27:57,669 - SplitNNClient - INFO - 16812 - phase=validation acc=0.5763 loss=89.53368109464645 epoch=14 and step=79
2026-04-19 10:28:03,567 - SplitNNClient - INFO - 26292 - phase=train acc=0.62265625 loss=10.98264992237091 epoch=15 and step=10
2026-04-19 10:28:03,603 - SplitNNClient - INFO - 24840 - phase=train acc=0.4765625 loss=14.339717268943787 epoch=15 and step=10
2026-04-19 10:28:04,310 - SplitNNClient - INFO - 26216 - phase=train acc=0.665625 loss=10.140828371047974 epoch=15 and step=10
2026-04-19 10:28:04,313 - SplitNNClient - INFO - 17116 - phase=train acc=0.61875 loss=10.659155189990997 epoch=15 and step=10
2026-04-19 10:28:04,775 - SplitNNClient - INFO - 16812 - phase=train acc=0.5921875 loss=12.495261311531067 epoch=15 and step=10
2026-04-19 10:28:11,089 - SplitNNClient - INFO - 26292 - phase=train acc=0.640625 loss=20.747966945171356 epoch=15 and step=20
2026-04-19 10:28:11,142 - SplitNNClient - INFO - 24840 - phase=train acc=0.51953125 loss=25.77360737323761 epoch=15 and step=20
2026-04-19 10:28:11,772 - SplitNNClient - INFO - 17116 - phase=train acc=0.655859375 loss=19.897148609161377 epoch=15 and step=20
2026-04-19 10:28:11,806 - SplitNNClient - INFO - 26216 - phase=train acc=0.659765625 loss=19.84418159723282 epoch=15 and step=20
2026-04-19 10:28:12,223 - SplitNNClient - INFO - 16812 - phase=train acc=0.6171875 loss=23.479101717472076 epoch=15 and step=20
2026-04-19 10:28:18,687 - SplitNNClient - INFO - 26292 - phase=train acc=0.64609375 loss=30.18807363510132 epoch=15 and step=30
2026-04-19 10:28:18,719 - SplitNNClient - INFO - 24840 - phase=train acc=0.5291666666666667 loss=37.18989098072052 epoch=15 and step=30
2026-04-19 10:28:19,066 - SplitNNClient - INFO - 17116 - phase=train acc=0.671875 loss=28.71761453151703 epoch=15 and step=30
2026-04-19 10:28:19,161 - SplitNNClient - INFO - 26216 - phase=train acc=0.66484375 loss=29.431812584400177 epoch=15 and step=30
2026-04-19 10:28:19,494 - SplitNNClient - INFO - 16812 - phase=train acc=0.6302083333333334 loss=34.05270737409592 epoch=15 and step=30
2026-04-19 10:28:26,244 - SplitNNClient - INFO - 24840 - phase=train acc=0.545703125 loss=47.888648331165314 epoch=15 and step=40
2026-04-19 10:28:26,317 - SplitNNClient - INFO - 26292 - phase=train acc=0.6455078125 loss=40.043910443782806 epoch=15 and step=40
2026-04-19 10:28:26,482 - SplitNNClient - INFO - 17116 - phase=train acc=0.6791015625 loss=37.21192383766174 epoch=15 and step=40
2026-04-19 10:28:26,537 - SplitNNClient - INFO - 26216 - phase=train acc=0.6599609375 loss=39.25061583518982 epoch=15 and step=40
2026-04-19 10:28:26,868 - SplitNNClient - INFO - 16812 - phase=train acc=0.6361328125 loss=44.513285875320435 epoch=15 and step=40
2026-04-19 10:28:33,789 - SplitNNClient - INFO - 17116 - phase=train acc=0.6834375 loss=45.960001051425934 epoch=15 and step=50
2026-04-19 10:28:33,815 - SplitNNClient - INFO - 26216 - phase=train acc=0.66046875 loss=48.946732580661774 epoch=15 and step=50
2026-04-19 10:28:33,842 - SplitNNClient - INFO - 24840 - phase=train acc=0.55171875 loss=58.380761206150055 epoch=15 and step=50
2026-04-19 10:28:33,905 - SplitNNClient - INFO - 26292 - phase=train acc=0.64984375 loss=49.703309535980225 epoch=15 and step=50
2026-04-19 10:28:34,198 - SplitNNClient - INFO - 16812 - phase=train acc=0.64171875 loss=54.644239127635956 epoch=15 and step=50
2026-04-19 10:28:40,376 - SplitNNClient - INFO - 17116 - phase=train acc=0.6865885416666667 loss=54.38024091720581 epoch=15 and step=60
2026-04-19 10:28:40,461 - SplitNNClient - INFO - 26292 - phase=train acc=0.6509114583333333 loss=59.2770671248436 epoch=15 and step=60
2026-04-19 10:28:40,542 - SplitNNClient - INFO - 26216 - phase=train acc=0.6579427083333333 loss=58.993758380413055 epoch=15 and step=60
2026-04-19 10:28:40,766 - SplitNNClient - INFO - 16812 - phase=train acc=0.64609375 loss=64.59703493118286 epoch=15 and step=60
2026-04-19 10:28:45,868 - SplitNNClient - INFO - 17116 - phase=train acc=0.6936383928571429 loss=62.492761731147766 epoch=15 and step=70
2026-04-19 10:28:46,075 - SplitNNClient - INFO - 16812 - phase=train acc=0.6479910714285714 loss=74.94896304607391 epoch=15 and step=70
2026-04-19 10:28:48,574 - SplitNNClient - INFO - 17116 - phase=train acc=0.6939453125 loss=71.1546910405159 epoch=15 and step=80
2026-04-19 10:28:50,817 - SplitNNClient - INFO - 17116 - phase=train acc=0.6943576388888889 loss=79.78201103210449 epoch=15 and step=90
2026-04-19 10:28:53,049 - SplitNNClient - INFO - 17116 - phase=train acc=0.69515625 loss=88.43363791704178 epoch=15 and step=100
2026-04-19 10:28:55,275 - SplitNNClient - INFO - 17116 - phase=train acc=0.69453125 loss=97.36869871616364 epoch=15 and step=110
2026-04-19 10:28:57,527 - SplitNNClient - INFO - 17116 - phase=train acc=0.694140625 loss=106.18006443977356 epoch=15 and step=120
2026-04-19 10:28:58,185 - ServerManager - INFO - 18260 - get all model params ---- from rank 0
2026-04-19 10:28:58,207 - ServerManager - INFO - 18260 - Dist:35.61874771118164
2026-04-19 10:29:12,346 - SplitNNClient - INFO - 24840 - phase=validation acc=0.5887 loss=86.60711753368378 epoch=15 and step=79
2026-04-19 10:29:13,074 - SplitNNClient - INFO - 17116 - phase=validation acc=0.5887 loss=86.60711753368378 epoch=15 and step=79
2026-04-19 10:29:13,532 - SplitNNClient - INFO - 26292 - phase=validation acc=0.5887 loss=86.60711753368378 epoch=15 and step=79
2026-04-19 10:29:13,572 - SplitNNClient - INFO - 26216 - phase=validation acc=0.5887 loss=86.60711753368378 epoch=15 and step=79
2026-04-19 10:29:13,762 - SplitNNClient - INFO - 16812 - phase=validation acc=0.5887 loss=86.60711753368378 epoch=15 and step=79
2026-04-19 10:29:19,199 - SplitNNClient - INFO - 24840 - phase=train acc=0.51484375 loss=13.821007370948792 epoch=16 and step=10
2026-04-19 10:29:19,950 - SplitNNClient - INFO - 17116 - phase=train acc=0.63359375 loss=10.681935489177704 epoch=16 and step=10
2026-04-19 10:29:20,175 - SplitNNClient - INFO - 26292 - phase=train acc=0.61875 loss=10.897245585918427 epoch=16 and step=10
2026-04-19 10:29:20,420 - SplitNNClient - INFO - 26216 - phase=train acc=0.65625 loss=9.929097294807434 epoch=16 and step=10
2026-04-19 10:29:20,718 - SplitNNClient - INFO - 16812 - phase=train acc=0.60078125 loss=12.466569483280182 epoch=16 and step=10
2026-04-19 10:29:26,661 - SplitNNClient - INFO - 24840 - phase=train acc=0.5359375 loss=25.56071925163269 epoch=16 and step=20
2026-04-19 10:29:27,445 - SplitNNClient - INFO - 17116 - phase=train acc=0.671484375 loss=19.417502641677856 epoch=16 and step=20
2026-04-19 10:29:27,519 - SplitNNClient - INFO - 26292 - phase=train acc=0.651171875 loss=19.58207881450653 epoch=16 and step=20
2026-04-19 10:29:27,759 - SplitNNClient - INFO - 26216 - phase=train acc=0.6734375 loss=18.94563090801239 epoch=16 and step=20
2026-04-19 10:29:28,214 - SplitNNClient - INFO - 16812 - phase=train acc=0.61875 loss=23.23582488298416 epoch=16 and step=20
2026-04-19 10:29:34,181 - SplitNNClient - INFO - 24840 - phase=train acc=0.5471354166666667 loss=36.55531233549118 epoch=16 and step=30
2026-04-19 10:29:34,863 - SplitNNClient - INFO - 17116 - phase=train acc=0.67890625 loss=28.18697679042816 epoch=16 and step=30
2026-04-19 10:29:35,203 - SplitNNClient - INFO - 26216 - phase=train acc=0.6671875 loss=29.054328083992004 epoch=16 and step=30
2026-04-19 10:29:35,271 - SplitNNClient - INFO - 26292 - phase=train acc=0.6559895833333333 loss=29.047697961330414 epoch=16 and step=30
2026-04-19 10:29:35,622 - SplitNNClient - INFO - 16812 - phase=train acc=0.6346354166666667 loss=33.55036103725433 epoch=16 and step=30
2026-04-19 10:29:41,670 - SplitNNClient - INFO - 24840 - phase=train acc=0.5615234375 loss=46.40422838926315 epoch=16 and step=40
2026-04-19 10:29:42,317 - SplitNNClient - INFO - 17116 - phase=train acc=0.6853515625 loss=36.74385792016983 epoch=16 and step=40
2026-04-19 10:29:42,604 - SplitNNClient - INFO - 26216 - phase=train acc=0.67109375 loss=38.245474100112915 epoch=16 and step=40
2026-04-19 10:29:42,823 - SplitNNClient - INFO - 26292 - phase=train acc=0.658984375 loss=38.31294047832489 epoch=16 and step=40
2026-04-19 10:29:43,014 - SplitNNClient - INFO - 16812 - phase=train acc=0.645703125 loss=43.52725523710251 epoch=16 and step=40
2026-04-19 10:29:49,346 - SplitNNClient - INFO - 24840 - phase=train acc=0.57125 loss=56.36819952726364 epoch=16 and step=50
2026-04-19 10:29:49,628 - SplitNNClient - INFO - 17116 - phase=train acc=0.69125 loss=45.349551141262054 epoch=16 and step=50
2026-04-19 10:29:50,031 - SplitNNClient - INFO - 26216 - phase=train acc=0.67296875 loss=47.64710479974747 epoch=16 and step=50
2026-04-19 10:29:50,370 - SplitNNClient - INFO - 16812 - phase=train acc=0.65078125 loss=53.29213958978653 epoch=16 and step=50
2026-04-19 10:29:50,439 - SplitNNClient - INFO - 26292 - phase=train acc=0.658125 loss=47.54221308231354 epoch=16 and step=50
2026-04-19 10:29:56,335 - SplitNNClient - INFO - 17116 - phase=train acc=0.6927083333333334 loss=54.08229994773865 epoch=16 and step=60
2026-04-19 10:29:56,576 - SplitNNClient - INFO - 26216 - phase=train acc=0.6712239583333334 loss=57.471194326877594 epoch=16 and step=60
2026-04-19 10:29:56,653 - SplitNNClient - INFO - 26292 - phase=train acc=0.6598958333333333 loss=56.76044100522995 epoch=16 and step=60
2026-04-19 10:29:56,890 - SplitNNClient - INFO - 16812 - phase=train acc=0.6490885416666666 loss=63.53740328550339 epoch=16 and step=60
2026-04-19 10:30:01,941 - SplitNNClient - INFO - 17116 - phase=train acc=0.6958705357142857 loss=62.0306156873703 epoch=16 and step=70
2026-04-19 10:30:02,283 - SplitNNClient - INFO - 16812 - phase=train acc=0.6518973214285714 loss=73.37808966636658 epoch=16 and step=70
2026-04-19 10:30:04,918 - SplitNNClient - INFO - 17116 - phase=train acc=0.69716796875 loss=70.52717953920364 epoch=16 and step=80
2026-04-19 10:30:07,197 - SplitNNClient - INFO - 17116 - phase=train acc=0.6979166666666666 loss=79.2332171201706 epoch=16 and step=90
2026-04-19 10:30:09,487 - SplitNNClient - INFO - 17116 - phase=train acc=0.70078125 loss=87.41681212186813 epoch=16 and step=100
2026-04-19 10:30:11,728 - SplitNNClient - INFO - 17116 - phase=train acc=0.7040482954545455 loss=95.59600853919983 epoch=16 and step=110
2026-04-19 10:30:13,958 - SplitNNClient - INFO - 17116 - phase=train acc=0.7048177083333333 loss=103.70481985807419 epoch=16 and step=120
2026-04-19 10:30:14,612 - ServerManager - INFO - 18260 - get all model params ---- from rank 0
2026-04-19 10:30:14,632 - ServerManager - INFO - 18260 - Dist:51.7243766784668
2026-04-19 10:30:28,561 - SplitNNClient - INFO - 24840 - phase=validation acc=0.5997 loss=83.11849111318588 epoch=16 and step=79
2026-04-19 10:30:28,961 - SplitNNClient - INFO - 26216 - phase=validation acc=0.5997 loss=83.11849111318588 epoch=16 and step=79
2026-04-19 10:30:29,104 - SplitNNClient - INFO - 17116 - phase=validation acc=0.5997 loss=83.11849111318588 epoch=16 and step=79
2026-04-19 10:30:29,574 - SplitNNClient - INFO - 26292 - phase=validation acc=0.5997 loss=83.11849111318588 epoch=16 and step=79
2026-04-19 10:30:29,658 - SplitNNClient - INFO - 16812 - phase=validation acc=0.5997 loss=83.11849111318588 epoch=16 and step=79
2026-04-19 10:30:35,207 - SplitNNClient - INFO - 24840 - phase=train acc=0.5140625 loss=13.834936082363129 epoch=17 and step=10
2026-04-19 10:30:35,732 - SplitNNClient - INFO - 26216 - phase=train acc=0.66171875 loss=10.035267353057861 epoch=17 and step=10
2026-04-19 10:30:36,053 - SplitNNClient - INFO - 17116 - phase=train acc=0.6453125 loss=10.187584519386292 epoch=17 and step=10
2026-04-19 10:30:36,440 - SplitNNClient - INFO - 16812 - phase=train acc=0.5984375 loss=12.387733519077301 epoch=17 and step=10
2026-04-19 10:30:36,794 - SplitNNClient - INFO - 26292 - phase=train acc=0.6328125 loss=10.715350866317749 epoch=17 and step=10
2026-04-19 10:30:42,463 - SplitNNClient - INFO - 24840 - phase=train acc=0.523046875 loss=25.654090344905853 epoch=17 and step=20
2026-04-19 10:30:43,008 - SplitNNClient - INFO - 26216 - phase=train acc=0.67265625 loss=19.456110179424286 epoch=17 and step=20
2026-04-19 10:30:43,477 - SplitNNClient - INFO - 17116 - phase=train acc=0.68125 loss=18.433152198791504 epoch=17 and step=20
2026-04-19 10:30:43,781 - SplitNNClient - INFO - 16812 - phase=train acc=0.6328125 loss=22.278821408748627 epoch=17 and step=20
2026-04-19 10:30:44,570 - SplitNNClient - INFO - 26292 - phase=train acc=0.655859375 loss=19.43451762199402 epoch=17 and step=20
2026-04-19 10:30:49,697 - SplitNNClient - INFO - 24840 - phase=train acc=0.5354166666666667 loss=36.65447509288788 epoch=17 and step=30
2026-04-19 10:30:50,463 - SplitNNClient - INFO - 26216 - phase=train acc=0.6723958333333333 loss=28.5927392244339 epoch=17 and step=30
2026-04-19 10:30:50,862 - SplitNNClient - INFO - 17116 - phase=train acc=0.6934895833333333 loss=26.74845027923584 epoch=17 and step=30
2026-04-19 10:30:51,220 - SplitNNClient - INFO - 16812 - phase=train acc=0.6489583333333333 loss=31.911407589912415 epoch=17 and step=30
2026-04-19 10:30:52,298 - SplitNNClient - INFO - 26292 - phase=train acc=0.6552083333333333 loss=28.73374593257904 epoch=17 and step=30
2026-04-19 10:30:56,994 - SplitNNClient - INFO - 24840 - phase=train acc=0.5537109375 loss=46.94794023036957 epoch=17 and step=40
2026-04-19 10:30:57,822 - SplitNNClient - INFO - 26216 - phase=train acc=0.66953125 loss=37.949303448200226 epoch=17 and step=40
2026-04-19 10:30:58,236 - SplitNNClient - INFO - 17116 - phase=train acc=0.6970703125 loss=35.53410404920578 epoch=17 and step=40
2026-04-19 10:30:58,516 - SplitNNClient - INFO - 16812 - phase=train acc=0.655859375 loss=41.40678423643112 epoch=17 and step=40
2026-04-19 10:31:00,029 - SplitNNClient - INFO - 26292 - phase=train acc=0.657421875 loss=38.16643702983856 epoch=17 and step=40
2026-04-19 10:31:04,365 - SplitNNClient - INFO - 24840 - phase=train acc=0.56609375 loss=56.94384956359863 epoch=17 and step=50
2026-04-19 10:31:05,207 - SplitNNClient - INFO - 26216 - phase=train acc=0.67203125 loss=46.90860325098038 epoch=17 and step=50
2026-04-19 10:31:05,539 - SplitNNClient - INFO - 17116 - phase=train acc=0.7034375 loss=43.71284407377243 epoch=17 and step=50
2026-04-19 10:31:05,910 - SplitNNClient - INFO - 16812 - phase=train acc=0.6596875 loss=51.41829872131348 epoch=17 and step=50
2026-04-19 10:31:07,726 - SplitNNClient - INFO - 26292 - phase=train acc=0.665625 loss=46.924641847610474 epoch=17 and step=50
2026-04-19 10:31:11,717 - SplitNNClient - INFO - 26216 - phase=train acc=0.669921875 loss=56.58850020170212 epoch=17 and step=60
2026-04-19 10:31:11,997 - SplitNNClient - INFO - 17116 - phase=train acc=0.7059895833333333 loss=52.090995371341705 epoch=17 and step=60
2026-04-19 10:31:12,287 - SplitNNClient - INFO - 16812 - phase=train acc=0.658203125 loss=61.816382467746735 epoch=17 and step=60
2026-04-19 10:31:13,656 - SplitNNClient - INFO - 26292 - phase=train acc=0.6671875 loss=55.892937660217285 epoch=17 and step=60
2026-04-19 10:31:17,963 - SplitNNClient - INFO - 17116 - phase=train acc=0.7087053571428571 loss=60.145900905132294 epoch=17 and step=70
2026-04-19 10:31:18,130 - SplitNNClient - INFO - 16812 - phase=train acc=0.6597098214285714 loss=71.81444722414017 epoch=17 and step=70
2026-04-19 10:31:20,658 - SplitNNClient - INFO - 17116 - phase=train acc=0.70888671875 loss=68.58463752269745 epoch=17 and step=80
2026-04-19 10:31:22,924 - SplitNNClient - INFO - 17116 - phase=train acc=0.7107638888888889 loss=76.64668226242065 epoch=17 and step=90
2026-04-19 10:31:25,177 - SplitNNClient - INFO - 17116 - phase=train acc=0.711953125 loss=84.69720166921616 epoch=17 and step=100
2026-04-19 10:31:27,450 - SplitNNClient - INFO - 17116 - phase=train acc=0.7127840909090909 loss=92.79642713069916 epoch=17 and step=110
2026-04-19 10:31:29,695 - SplitNNClient - INFO - 17116 - phase=train acc=0.7160807291666667 loss=100.24809139966965 epoch=17 and step=120
2026-04-19 10:31:30,346 - ServerManager - INFO - 18260 - get all model params ---- from rank 0
2026-04-19 10:31:30,366 - ServerManager - INFO - 18260 - Dist:52.80516815185547
2026-04-19 10:31:44,912 - SplitNNClient - INFO - 26216 - phase=validation acc=0.6274 loss=77.98631793260574 epoch=17 and step=79
2026-04-19 10:31:45,286 - SplitNNClient - INFO - 24840 - phase=validation acc=0.6274 loss=77.98631793260574 epoch=17 and step=79
2026-04-19 10:31:45,483 - SplitNNClient - INFO - 17116 - phase=validation acc=0.6274 loss=77.98631793260574 epoch=17 and step=79
2026-04-19 10:31:45,640 - SplitNNClient - INFO - 26292 - phase=validation acc=0.6274 loss=77.98631793260574 epoch=17 and step=79
2026-04-19 10:31:45,839 - SplitNNClient - INFO - 16812 - phase=validation acc=0.6274 loss=77.98631793260574 epoch=17 and step=79
2026-04-19 10:31:51,195 - SplitNNClient - INFO - 26216 - phase=train acc=0.68515625 loss=9.407814383506775 epoch=18 and step=10
2026-04-19 10:31:52,102 - SplitNNClient - INFO - 24840 - phase=train acc=0.53046875 loss=12.872334599494934 epoch=18 and step=10
2026-04-19 10:31:52,492 - SplitNNClient - INFO - 26292 - phase=train acc=0.62265625 loss=10.536945283412933 epoch=18 and step=10
2026-04-19 10:31:52,546 - SplitNNClient - INFO - 17116 - phase=train acc=0.67734375 loss=9.766446471214294 epoch=18 and step=10
2026-04-19 10:31:52,934 - SplitNNClient - INFO - 16812 - phase=train acc=0.609375 loss=12.40293663740158 epoch=18 and step=10
2026-04-19 10:31:57,782 - SplitNNClient - INFO - 26216 - phase=train acc=0.678515625 loss=18.5385861992836 epoch=18 and step=20
2026-04-19 10:31:59,291 - SplitNNClient - INFO - 24840 - phase=train acc=0.551953125 loss=23.431168973445892 epoch=18 and step=20
2026-04-19 10:31:59,860 - SplitNNClient - INFO - 26292 - phase=train acc=0.66015625 loss=19.43945562839508 epoch=18 and step=20
2026-04-19 10:31:59,961 - SplitNNClient - INFO - 17116 - phase=train acc=0.70234375 loss=17.97903710603714 epoch=18 and step=20
2026-04-19 10:32:00,346 - SplitNNClient - INFO - 16812 - phase=train acc=0.63359375 loss=22.933882236480713 epoch=18 and step=20
2026-04-19 10:32:04,434 - SplitNNClient - INFO - 26216 - phase=train acc=0.67109375 loss=28.219714760780334 epoch=18 and step=30
2026-04-19 10:32:06,618 - SplitNNClient - INFO - 24840 - phase=train acc=0.5653645833333333 loss=33.63292694091797 epoch=18 and step=30
2026-04-19 10:32:07,332 - SplitNNClient - INFO - 26292 - phase=train acc=0.6671875 loss=28.094621658325195 epoch=18 and step=30
2026-04-19 10:32:07,449 - SplitNNClient - INFO - 17116 - phase=train acc=0.7125 loss=25.76460063457489 epoch=18 and step=30
2026-04-19 10:32:07,818 - SplitNNClient - INFO - 16812 - phase=train acc=0.6440104166666667 loss=33.157859802246094 epoch=18 and step=30
2026-04-19 10:32:11,211 - SplitNNClient - INFO - 26216 - phase=train acc=0.673046875 loss=37.34073317050934 epoch=18 and step=40
2026-04-19 10:32:13,980 - SplitNNClient - INFO - 24840 - phase=train acc=0.57265625 loss=44.08192753791809 epoch=18 and step=40
2026-04-19 10:32:14,751 - SplitNNClient - INFO - 26292 - phase=train acc=0.6689453125 loss=37.15743565559387 epoch=18 and step=40
2026-04-19 10:32:15,121 - SplitNNClient - INFO - 17116 - phase=train acc=0.7126953125 loss=34.154816806316376 epoch=18 and step=40
2026-04-19 10:32:15,286 - SplitNNClient - INFO - 16812 - phase=train acc=0.6505859375 loss=43.071749448776245 epoch=18 and step=40
2026-04-19 10:32:17,996 - SplitNNClient - INFO - 26216 - phase=train acc=0.674375 loss=46.59416455030441 epoch=18 and step=50
2026-04-19 10:32:21,367 - SplitNNClient - INFO - 24840 - phase=train acc=0.57875 loss=54.247319519519806 epoch=18 and step=50
2026-04-19 10:32:22,035 - SplitNNClient - INFO - 26292 - phase=train acc=0.67375 loss=45.54184693098068 epoch=18 and step=50
2026-04-19 10:32:22,632 - SplitNNClient - INFO - 17116 - phase=train acc=0.7159375 loss=42.129729092121124 epoch=18 and step=50
2026-04-19 10:32:22,899 - SplitNNClient - INFO - 16812 - phase=train acc=0.654375 loss=52.74776744842529 epoch=18 and step=50
2026-04-19 10:32:24,740 - SplitNNClient - INFO - 26216 - phase=train acc=0.6765625 loss=55.45004498958588 epoch=18 and step=60
2026-04-19 10:32:28,119 - SplitNNClient - INFO - 26292 - phase=train acc=0.6734375 loss=54.64837574958801 epoch=18 and step=60
2026-04-19 10:32:29,023 - SplitNNClient - INFO - 17116 - phase=train acc=0.7180989583333334 loss=49.96462839841843 epoch=18 and step=60
2026-04-19 10:32:29,262 - SplitNNClient - INFO - 16812 - phase=train acc=0.6606770833333333 loss=62.08626449108124 epoch=18 and step=60
2026-04-19 10:32:33,015 - SplitNNClient - INFO - 17116 - phase=train acc=0.7184151785714286 loss=57.88626563549042 epoch=18 and step=70
2026-04-19 10:32:33,160 - SplitNNClient - INFO - 16812 - phase=train acc=0.66484375 loss=71.47663640975952 epoch=18 and step=70
2026-04-19 10:32:35,681 - SplitNNClient - INFO - 17116 - phase=train acc=0.72294921875 loss=65.29718786478043 epoch=18 and step=80
2026-04-19 10:32:37,924 - SplitNNClient - INFO - 17116 - phase=train acc=0.7231770833333333 loss=73.1553920507431 epoch=18 and step=90
2026-04-19 10:32:40,144 - SplitNNClient - INFO - 17116 - phase=train acc=0.72328125 loss=81.19971257448196 epoch=18 and step=100
2026-04-19 10:32:42,399 - SplitNNClient - INFO - 17116 - phase=train acc=0.7227982954545454 loss=89.44992136955261 epoch=18 and step=110
2026-04-19 10:32:44,637 - SplitNNClient - INFO - 17116 - phase=train acc=0.7246744791666667 loss=97.04349738359451 epoch=18 and step=120
2026-04-19 10:32:45,310 - ServerManager - INFO - 18260 - get all model params ---- from rank 0
2026-04-19 10:32:45,330 - ServerManager - INFO - 18260 - Dist:25.96128273010254
2026-04-19 10:32:59,403 - SplitNNClient - INFO - 26216 - phase=validation acc=0.6222 loss=78.64913552999496 epoch=18 and step=79
2026-04-19 10:33:00,447 - SplitNNClient - INFO - 17116 - phase=validation acc=0.6222 loss=78.64913552999496 epoch=18 and step=79
2026-04-19 10:33:00,549 - SplitNNClient - INFO - 26292 - phase=validation acc=0.6222 loss=78.64913552999496 epoch=18 and step=79
2026-04-19 10:33:00,722 - SplitNNClient - INFO - 24840 - phase=validation acc=0.6222 loss=78.64913552999496 epoch=18 and step=79
2026-04-19 10:33:00,794 - SplitNNClient - INFO - 16812 - phase=validation acc=0.6222 loss=78.64913552999496 epoch=18 and step=79
2026-04-19 10:33:05,899 - SplitNNClient - INFO - 26216 - phase=train acc=0.68046875 loss=9.65766441822052 epoch=19 and step=10
2026-04-19 10:33:07,088 - SplitNNClient - INFO - 17116 - phase=train acc=0.653125 loss=9.997035086154938 epoch=19 and step=10
2026-04-19 10:33:07,585 - SplitNNClient - INFO - 16812 - phase=train acc=0.61796875 loss=12.113327503204346 epoch=19 and step=10
2026-04-19 10:33:07,615 - SplitNNClient - INFO - 26292 - phase=train acc=0.6234375 loss=10.36104029417038 epoch=19 and step=10
2026-04-19 10:33:07,977 - SplitNNClient - INFO - 24840 - phase=train acc=0.53671875 loss=13.09360420703888 epoch=19 and step=10
2026-04-19 10:33:13,042 - SplitNNClient - INFO - 26216 - phase=train acc=0.6890625 loss=18.425136744976044 epoch=19 and step=20
2026-04-19 10:33:14,302 - SplitNNClient - INFO - 17116 - phase=train acc=0.69140625 loss=17.92384284734726 epoch=19 and step=20
2026-04-19 10:33:14,706 - SplitNNClient - INFO - 16812 - phase=train acc=0.644140625 loss=22.031098067760468 epoch=19 and step=20
2026-04-19 10:33:15,180 - SplitNNClient - INFO - 26292 - phase=train acc=0.65859375 loss=19.155029237270355 epoch=19 and step=20
2026-04-19 10:33:15,657 - SplitNNClient - INFO - 24840 - phase=train acc=0.5609375 loss=23.68182873725891 epoch=19 and step=20
2026-04-19 10:33:20,236 - SplitNNClient - INFO - 26216 - phase=train acc=0.6966145833333334 loss=26.757701635360718 epoch=19 and step=30
2026-04-19 10:33:21,444 - SplitNNClient - INFO - 17116 - phase=train acc=0.69765625 loss=26.37767916917801 epoch=19 and step=30
2026-04-19 10:33:21,953 - SplitNNClient - INFO - 16812 - phase=train acc=0.6622395833333333 loss=31.522335946559906 epoch=19 and step=30
2026-04-19 10:33:22,855 - SplitNNClient - INFO - 26292 - phase=train acc=0.6684895833333333 loss=27.98329097032547 epoch=19 and step=30
2026-04-19 10:33:23,268 - SplitNNClient - INFO - 24840 - phase=train acc=0.5807291666666666 loss=33.754178166389465 epoch=19 and step=30
2026-04-19 10:33:27,360 - SplitNNClient - INFO - 26216 - phase=train acc=0.690234375 loss=36.01253807544708 epoch=19 and step=40
2026-04-19 10:33:28,612 - SplitNNClient - INFO - 17116 - phase=train acc=0.7044921875 loss=34.27298015356064 epoch=19 and step=40
2026-04-19 10:33:29,044 - SplitNNClient - INFO - 16812 - phase=train acc=0.671875 loss=40.409489154815674 epoch=19 and step=40
2026-04-19 10:33:30,504 - SplitNNClient - INFO - 26292 - phase=train acc=0.67734375 loss=36.514668583869934 epoch=19 and step=40
2026-04-19 10:33:30,902 - SplitNNClient - INFO - 24840 - phase=train acc=0.5931640625 loss=43.67246621847153 epoch=19 and step=40
2026-04-19 10:33:34,577 - SplitNNClient - INFO - 26216 - phase=train acc=0.6925 loss=44.7834587097168 epoch=19 and step=50
2026-04-19 10:33:35,851 - SplitNNClient - INFO - 17116 - phase=train acc=0.70671875 loss=42.338620483875275 epoch=19 and step=50
2026-04-19 10:33:36,220 - SplitNNClient - INFO - 16812 - phase=train acc=0.67578125 loss=49.64730083942413 epoch=19 and step=50
2026-04-19 10:33:38,112 - SplitNNClient - INFO - 26292 - phase=train acc=0.68140625 loss=44.96965193748474 epoch=19 and step=50
2026-04-19 10:33:38,515 - SplitNNClient - INFO - 24840 - phase=train acc=0.59640625 loss=53.86691498756409 epoch=19 and step=50
2026-04-19 10:33:41,948 - SplitNNClient - INFO - 26216 - phase=train acc=0.694921875 loss=53.35218459367752 epoch=19 and step=60
2026-04-19 10:33:42,928 - SplitNNClient - INFO - 17116 - phase=train acc=0.7096354166666666 loss=50.36916106939316 epoch=19 and step=60
2026-04-19 10:33:43,191 - SplitNNClient - INFO - 16812 - phase=train acc=0.675390625 loss=59.356855154037476 epoch=19 and step=60
2026-04-19 10:33:44,864 - SplitNNClient - INFO - 26292 - phase=train acc=0.676171875 loss=53.94268524646759 epoch=19 and step=60
2026-04-19 10:33:48,484 - SplitNNClient - INFO - 17116 - phase=train acc=0.7126116071428571 loss=58.097502171993256 epoch=19 and step=70
2026-04-19 10:33:48,695 - SplitNNClient - INFO - 16812 - phase=train acc=0.67890625 loss=68.48421430587769 epoch=19 and step=70
2026-04-19 10:33:51,334 - SplitNNClient - INFO - 17116 - phase=train acc=0.71337890625 loss=66.22792911529541 epoch=19 and step=80
2026-04-19 10:33:53,628 - SplitNNClient - INFO - 17116 - phase=train acc=0.7151041666666667 loss=74.38752901554108 epoch=19 and step=90
2026-04-19 10:33:55,894 - SplitNNClient - INFO - 17116 - phase=train acc=0.71453125 loss=82.91594207286835 epoch=19 and step=100
2026-04-19 10:33:58,140 - SplitNNClient - INFO - 17116 - phase=train acc=0.7163352272727272 loss=90.39952701330185 epoch=19 and step=110
2026-04-19 10:34:00,393 - SplitNNClient - INFO - 17116 - phase=train acc=0.7173177083333333 loss=98.05544650554657 epoch=19 and step=120
2026-04-19 10:34:01,048 - ServerManager - INFO - 18260 - get all model params ---- from rank 0
2026-04-19 10:34:01,067 - ServerManager - INFO - 18260 - Dist:32.745765686035156
2026-04-19 10:34:15,437 - SplitNNClient - INFO - 17116 - phase=validation acc=0.6415 loss=76.03491973876953 epoch=19 and step=79
2026-04-19 10:34:15,804 - SplitNNClient - INFO - 26292 - phase=validation acc=0.6415 loss=76.03491973876953 epoch=19 and step=79
2026-04-19 10:34:15,927 - SplitNNClient - INFO - 24840 - phase=validation acc=0.6415 loss=76.03491973876953 epoch=19 and step=79
2026-04-19 10:34:16,381 - SplitNNClient - INFO - 26216 - phase=validation acc=0.6415 loss=76.03491973876953 epoch=19 and step=79
2026-04-19 10:34:16,386 - SplitNNClient - INFO - 16812 - phase=validation acc=0.6415 loss=76.03491973876953 epoch=19 and step=79
2026-04-19 10:34:22,273 - SplitNNClient - INFO - 17116 - phase=train acc=0.6671875 loss=9.583905637264252 epoch=20 and step=10
2026-04-19 10:34:22,648 - SplitNNClient - INFO - 24840 - phase=train acc=0.51796875 loss=13.577962636947632 epoch=20 and step=10
2026-04-19 10:34:22,715 - SplitNNClient - INFO - 26292 - phase=train acc=0.66875 loss=9.79293555021286 epoch=20 and step=10
2026-04-19 10:34:23,498 - SplitNNClient - INFO - 26216 - phase=train acc=0.67734375 loss=9.234755158424377 epoch=20 and step=10
2026-04-19 10:34:23,553 - SplitNNClient - INFO - 16812 - phase=train acc=0.6328125 loss=11.464336037635803 epoch=20 and step=10
2026-04-19 10:34:29,513 - SplitNNClient - INFO - 17116 - phase=train acc=0.696484375 loss=17.44534981250763 epoch=20 and step=20
2026-04-19 10:34:29,683 - SplitNNClient - INFO - 24840 - phase=train acc=0.551171875 loss=23.875438392162323 epoch=20 and step=20
2026-04-19 10:34:30,289 - SplitNNClient - INFO - 26292 - phase=train acc=0.68671875 loss=18.272695422172546 epoch=20 and step=20
2026-04-19 10:34:31,107 - SplitNNClient - INFO - 16812 - phase=train acc=0.649609375 loss=21.9926216006279 epoch=20 and step=20
2026-04-19 10:34:31,152 - SplitNNClient - INFO - 26216 - phase=train acc=0.687109375 loss=18.18235218524933 epoch=20 and step=20
2026-04-19 10:34:36,833 - SplitNNClient - INFO - 24840 - phase=train acc=0.5723958333333333 loss=33.82643210887909 epoch=20 and step=30
2026-04-19 10:34:36,853 - SplitNNClient - INFO - 17116 - phase=train acc=0.7044270833333334 loss=25.84618991613388 epoch=20 and step=30
2026-04-19 10:34:38,026 - SplitNNClient - INFO - 26292 - phase=train acc=0.6890625 loss=26.978883922100067 epoch=20 and step=30
2026-04-19 10:34:38,800 - SplitNNClient - INFO - 26216 - phase=train acc=0.6921875 loss=26.700390815734863 epoch=20 and step=30
2026-04-19 10:34:38,800 - SplitNNClient - INFO - 16812 - phase=train acc=0.6640625 loss=31.352619111537933 epoch=20 and step=30
2026-04-19 10:34:44,168 - SplitNNClient - INFO - 24840 - phase=train acc=0.585546875 loss=43.68611967563629 epoch=20 and step=40
2026-04-19 10:34:44,591 - SplitNNClient - INFO - 17116 - phase=train acc=0.7087890625 loss=33.87452149391174 epoch=20 and step=40
2026-04-19 10:34:45,793 - SplitNNClient - INFO - 26292 - phase=train acc=0.694140625 loss=35.153411507606506 epoch=20 and step=40
2026-04-19 10:34:46,378 - SplitNNClient - INFO - 26216 - phase=train acc=0.69296875 loss=35.080328822135925 epoch=20 and step=40
2026-04-19 10:34:46,441 - SplitNNClient - INFO - 16812 - phase=train acc=0.6740234375 loss=40.23735958337784 epoch=20 and step=40
2026-04-19 10:34:51,509 - SplitNNClient - INFO - 24840 - phase=train acc=0.5934375 loss=53.372356832027435 epoch=20 and step=50
2026-04-19 10:34:52,059 - SplitNNClient - INFO - 17116 - phase=train acc=0.71609375 loss=41.30214214324951 epoch=20 and step=50
2026-04-19 10:34:53,542 - SplitNNClient - INFO - 26292 - phase=train acc=0.6934375 loss=43.42151361703873 epoch=20 and step=50
2026-04-19 10:34:53,903 - SplitNNClient - INFO - 26216 - phase=train acc=0.6959375 loss=43.5606210231781 epoch=20 and step=50
2026-04-19 10:34:53,940 - SplitNNClient - INFO - 16812 - phase=train acc=0.6778125 loss=49.59392750263214 epoch=20 and step=50
2026-04-19 10:34:58,712 - SplitNNClient - INFO - 17116 - phase=train acc=0.7236979166666667 loss=48.813732862472534 epoch=20 and step=60
2026-04-19 10:34:59,647 - SplitNNClient - INFO - 26292 - phase=train acc=0.693359375 loss=52.328401148319244 epoch=20 and step=60
2026-04-19 10:35:00,228 - SplitNNClient - INFO - 26216 - phase=train acc=0.6947916666666667 loss=52.43245851993561 epoch=20 and step=60
2026-04-19 10:35:00,257 - SplitNNClient - INFO - 16812 - phase=train acc=0.67890625 loss=58.73928910493851 epoch=20 and step=60
2026-04-19 10:35:04,656 - SplitNNClient - INFO - 17116 - phase=train acc=0.7254464285714286 loss=56.32162946462631 epoch=20 and step=70
2026-04-19 10:35:05,691 - SplitNNClient - INFO - 16812 - phase=train acc=0.6799107142857143 loss=67.8085772395134 epoch=20 and step=70
2026-04-19 10:35:07,743 - SplitNNClient - INFO - 17116 - phase=train acc=0.72783203125 loss=63.78285497426987 epoch=20 and step=80
2026-04-19 10:35:10,055 - SplitNNClient - INFO - 17116 - phase=train acc=0.73125 loss=70.74612778425217 epoch=20 and step=90
2026-04-19 10:35:12,321 - SplitNNClient - INFO - 17116 - phase=train acc=0.731953125 loss=78.6333212852478 epoch=20 and step=100
2026-04-19 10:35:14,618 - SplitNNClient - INFO - 17116 - phase=train acc=0.7328125 loss=86.3285665512085 epoch=20 and step=110
2026-04-19 10:35:16,852 - SplitNNClient - INFO - 17116 - phase=train acc=0.7337890625 loss=93.57986581325531 epoch=20 and step=120
2026-04-19 10:35:17,497 - ServerManager - INFO - 18260 - get all model params ---- from rank 0
2026-04-19 10:35:17,516 - ServerManager - INFO - 18260 - Dist:33.80332565307617
2026-04-19 10:35:31,940 - SplitNNClient - INFO - 24840 - phase=validation acc=0.6619 loss=72.47485303878784 epoch=20 and step=79
2026-04-19 10:35:32,382 - SplitNNClient - INFO - 26292 - phase=validation acc=0.6619 loss=72.47485303878784 epoch=20 and step=79
2026-04-19 10:35:33,144 - SplitNNClient - INFO - 17116 - phase=validation acc=0.6619 loss=72.47485303878784 epoch=20 and step=79
2026-04-19 10:35:33,272 - SplitNNClient - INFO - 16812 - phase=validation acc=0.6619 loss=72.47485303878784 epoch=20 and step=79
2026-04-19 10:35:33,276 - SplitNNClient - INFO - 26216 - phase=validation acc=0.6619 loss=72.47485303878784 epoch=20 and step=79
2026-04-19 10:35:38,342 - SplitNNClient - INFO - 24840 - phase=train acc=0.5421875 loss=12.739483177661896 epoch=21 and step=10
2026-04-19 10:35:39,426 - SplitNNClient - INFO - 26292 - phase=train acc=0.67421875 loss=9.563836753368378 epoch=21 and step=10
2026-04-19 10:35:39,945 - SplitNNClient - INFO - 17116 - phase=train acc=0.68125 loss=9.38648647069931 epoch=21 and step=10
2026-04-19 10:35:40,222 - SplitNNClient - INFO - 26216 - phase=train acc=0.7171875 loss=8.422841250896454 epoch=21 and step=10
2026-04-19 10:35:40,270 - SplitNNClient - INFO - 16812 - phase=train acc=0.640625 loss=11.483296990394592 epoch=21 and step=10
2026-04-19 10:35:45,332 - SplitNNClient - INFO - 24840 - phase=train acc=0.56796875 loss=23.30903935432434 epoch=21 and step=20
2026-04-19 10:35:47,044 - SplitNNClient - INFO - 26292 - phase=train acc=0.6875 loss=18.157542884349823 epoch=21 and step=20
2026-04-19 10:35:47,312 - SplitNNClient - INFO - 17116 - phase=train acc=0.71953125 loss=16.72736245393753 epoch=21 and step=20
2026-04-19 10:35:47,654 - SplitNNClient - INFO - 26216 - phase=train acc=0.719921875 loss=16.9325350522995 epoch=21 and step=20
2026-04-19 10:35:47,693 - SplitNNClient - INFO - 16812 - phase=train acc=0.657421875 loss=21.164697110652924 epoch=21 and step=20
2026-04-19 10:35:52,322 - SplitNNClient - INFO - 24840 - phase=train acc=0.58359375 loss=33.24249458312988 epoch=21 and step=30
2026-04-19 10:35:54,537 - SplitNNClient - INFO - 26292 - phase=train acc=0.6880208333333333 loss=26.61853688955307 epoch=21 and step=30
2026-04-19 10:35:54,729 - SplitNNClient - INFO - 17116 - phase=train acc=0.7299479166666667 loss=24.492606699466705 epoch=21 and step=30
2026-04-19 10:35:54,988 - SplitNNClient - INFO - 26216 - phase=train acc=0.7127604166666667 loss=25.698683619499207 epoch=21 and step=30
2026-04-19 10:35:55,073 - SplitNNClient - INFO - 16812 - phase=train acc=0.671875 loss=30.054852843284607 epoch=21 and step=30
2026-04-19 10:35:59,314 - SplitNNClient - INFO - 24840 - phase=train acc=0.5890625 loss=43.38893938064575 epoch=21 and step=40
2026-04-19 10:36:02,034 - SplitNNClient - INFO - 17116 - phase=train acc=0.73125 loss=32.2296177148819 epoch=21 and step=40
2026-04-19 10:36:02,220 - SplitNNClient - INFO - 26292 - phase=train acc=0.6947265625 loss=34.69479352235794 epoch=21 and step=40
2026-04-19 10:36:02,412 - SplitNNClient - INFO - 26216 - phase=train acc=0.715234375 loss=33.72166657447815 epoch=21 and step=40
2026-04-19 10:36:02,444 - SplitNNClient - INFO - 16812 - phase=train acc=0.6732421875 loss=39.60965770483017 epoch=21 and step=40
2026-04-19 10:36:06,304 - SplitNNClient - INFO - 24840 - phase=train acc=0.59453125 loss=52.82673466205597 epoch=21 and step=50
2026-04-19 10:36:09,445 - SplitNNClient - INFO - 17116 - phase=train acc=0.7340625 loss=39.682004272937775 epoch=21 and step=50
2026-04-19 10:36:09,740 - SplitNNClient - INFO - 16812 - phase=train acc=0.67640625 loss=48.7223442196846 epoch=21 and step=50
2026-04-19 10:36:09,752 - SplitNNClient - INFO - 26216 - phase=train acc=0.71 loss=42.796670973300934 epoch=21 and step=50
2026-04-19 10:36:09,799 - SplitNNClient - INFO - 26292 - phase=train acc=0.6959375 loss=43.27469789981842 epoch=21 and step=50
2026-04-19 10:36:15,398 - SplitNNClient - INFO - 17116 - phase=train acc=0.7364583333333333 loss=46.92300271987915 epoch=21 and step=60
2026-04-19 10:36:15,658 - SplitNNClient - INFO - 16812 - phase=train acc=0.678515625 loss=57.82091361284256 epoch=21 and step=60
2026-04-19 10:36:15,672 - SplitNNClient - INFO - 26216 - phase=train acc=0.7104166666666667 loss=50.797601997852325 epoch=21 and step=60
2026-04-19 10:36:15,717 - SplitNNClient - INFO - 26292 - phase=train acc=0.6953125 loss=51.68182748556137 epoch=21 and step=60
2026-04-19 10:36:21,080 - SplitNNClient - INFO - 17116 - phase=train acc=0.7373883928571429 loss=54.42689037322998 epoch=21 and step=70
2026-04-19 10:36:21,237 - SplitNNClient - INFO - 16812 - phase=train acc=0.6840401785714286 loss=66.20989608764648 epoch=21 and step=70
2026-04-19 10:36:23,880 - SplitNNClient - INFO - 17116 - phase=train acc=0.73740234375 loss=61.980418503284454 epoch=21 and step=80
2026-04-19 10:36:26,173 - SplitNNClient - INFO - 17116 - phase=train acc=0.7368923611111111 loss=69.63491237163544 epoch=21 and step=90
2026-04-19 10:36:28,445 - SplitNNClient - INFO - 17116 - phase=train acc=0.739140625 loss=76.65695130825043 epoch=21 and step=100
2026-04-19 10:36:30,698 - SplitNNClient - INFO - 17116 - phase=train acc=0.7412642045454545 loss=83.57641923427582 epoch=21 and step=110
2026-04-19 10:36:32,940 - SplitNNClient - INFO - 17116 - phase=train acc=0.7417317708333333 loss=91.2380912899971 epoch=21 and step=120
2026-04-19 10:36:33,577 - ServerManager - INFO - 18260 - get all model params ---- from rank 0
2026-04-19 10:36:33,597 - ServerManager - INFO - 18260 - Dist:38.728248596191406
2026-04-19 10:36:47,719 - SplitNNClient - INFO - 24840 - phase=validation acc=0.6602 loss=73.20217061042786 epoch=21 and step=79
2026-04-19 10:36:48,034 - SplitNNClient - INFO - 26216 - phase=validation acc=0.6602 loss=73.20217061042786 epoch=21 and step=79
2026-04-19 10:36:48,041 - SplitNNClient - INFO - 17116 - phase=validation acc=0.6602 loss=73.20217061042786 epoch=21 and step=79
2026-04-19 10:36:48,428 - SplitNNClient - INFO - 16812 - phase=validation acc=0.6602 loss=73.20217061042786 epoch=21 and step=79
2026-04-19 10:36:48,750 - SplitNNClient - INFO - 26292 - phase=validation acc=0.6602 loss=73.20217061042786 epoch=21 and step=79
2026-04-19 10:36:54,514 - SplitNNClient - INFO - 24840 - phase=train acc=0.534375 loss=12.885908365249634 epoch=22 and step=10
2026-04-19 10:36:54,846 - SplitNNClient - INFO - 26216 - phase=train acc=0.71484375 loss=8.60646641254425 epoch=22 and step=10
2026-04-19 10:36:54,866 - SplitNNClient - INFO - 17116 - phase=train acc=0.70703125 loss=9.120937168598175 epoch=22 and step=10
2026-04-19 10:36:55,274 - SplitNNClient - INFO - 16812 - phase=train acc=0.64453125 loss=11.22409838438034 epoch=22 and step=10
2026-04-19 10:36:55,525 - SplitNNClient - INFO - 26292 - phase=train acc=0.63828125 loss=9.849750101566315 epoch=22 and step=10
2026-04-19 10:37:01,926 - SplitNNClient - INFO - 24840 - phase=train acc=0.5859375 loss=22.27170616388321 epoch=22 and step=20
2026-04-19 10:37:02,191 - SplitNNClient - INFO - 17116 - phase=train acc=0.72734375 loss=16.784742414951324 epoch=22 and step=20
2026-04-19 10:37:02,224 - SplitNNClient - INFO - 26216 - phase=train acc=0.724609375 loss=16.32253473997116 epoch=22 and step=20
2026-04-19 10:37:02,620 - SplitNNClient - INFO - 16812 - phase=train acc=0.655859375 loss=21.103402495384216 epoch=22 and step=20
2026-04-19 10:37:02,991 - SplitNNClient - INFO - 26292 - phase=train acc=0.6765625 loss=18.022691905498505 epoch=22 and step=20
2026-04-19 10:37:09,279 - SplitNNClient - INFO - 24840 - phase=train acc=0.5997395833333333 loss=32.13932532072067 epoch=22 and step=30
2026-04-19 10:37:09,590 - SplitNNClient - INFO - 17116 - phase=train acc=0.73203125 loss=24.263667702674866 epoch=22 and step=30
2026-04-19 10:37:09,601 - SplitNNClient - INFO - 26216 - phase=train acc=0.7171875 loss=25.020704329013824 epoch=22 and step=30
2026-04-19 10:37:09,997 - SplitNNClient - INFO - 16812 - phase=train acc=0.6630208333333333 loss=30.610747516155243 epoch=22 and step=30
2026-04-19 10:37:10,374 - SplitNNClient - INFO - 26292 - phase=train acc=0.6802083333333333 loss=26.261989414691925 epoch=22 and step=30
2026-04-19 10:37:16,654 - SplitNNClient - INFO - 24840 - phase=train acc=0.607421875 loss=41.645489037036896 epoch=22 and step=40
2026-04-19 10:37:17,008 - SplitNNClient - INFO - 17116 - phase=train acc=0.7345703125 loss=31.841057658195496 epoch=22 and step=40
2026-04-19 10:37:17,028 - SplitNNClient - INFO - 26216 - phase=train acc=0.7107421875 loss=33.901691913604736 epoch=22 and step=40
2026-04-19 10:37:17,330 - SplitNNClient - INFO - 16812 - phase=train acc=0.674609375 loss=39.580911338329315 epoch=22 and step=40
2026-04-19 10:37:17,871 - SplitNNClient - INFO - 26292 - phase=train acc=0.690625 loss=34.07518720626831 epoch=22 and step=40
2026-04-19 10:37:23,994 - SplitNNClient - INFO - 24840 - phase=train acc=0.610625 loss=51.31903278827667 epoch=22 and step=50
2026-04-19 10:37:24,301 - SplitNNClient - INFO - 17116 - phase=train acc=0.73734375 loss=39.06434524059296 epoch=22 and step=50
2026-04-19 10:37:24,328 - SplitNNClient - INFO - 26216 - phase=train acc=0.71109375 loss=42.07139974832535 epoch=22 and step=50
2026-04-19 10:37:24,698 - SplitNNClient - INFO - 16812 - phase=train acc=0.67890625 loss=48.58688360452652 epoch=22 and step=50
2026-04-19 10:37:25,432 - SplitNNClient - INFO - 26292 - phase=train acc=0.69265625 loss=42.23569846153259 epoch=22 and step=50
2026-04-19 10:37:30,885 - SplitNNClient - INFO - 26216 - phase=train acc=0.7102864583333334 loss=50.3681925535202 epoch=22 and step=60
2026-04-19 10:37:30,926 - SplitNNClient - INFO - 17116 - phase=train acc=0.7372395833333333 loss=46.58066147565842 epoch=22 and step=60
2026-04-19 10:37:31,268 - SplitNNClient - INFO - 16812 - phase=train acc=0.6869791666666667 loss=56.787503480911255 epoch=22 and step=60
2026-04-19 10:37:31,555 - SplitNNClient - INFO - 26292 - phase=train acc=0.6934895833333333 loss=50.640765845775604 epoch=22 and step=60
2026-04-19 10:37:36,490 - SplitNNClient - INFO - 17116 - phase=train acc=0.7409598214285714 loss=53.35404706001282 epoch=22 and step=70
2026-04-19 10:37:36,689 - SplitNNClient - INFO - 16812 - phase=train acc=0.6905133928571429 loss=65.46114033460617 epoch=22 and step=70
2026-04-19 10:37:39,199 - SplitNNClient - INFO - 17116 - phase=train acc=0.73994140625 loss=60.87411957979202 epoch=22 and step=80
2026-04-19 10:37:41,442 - SplitNNClient - INFO - 17116 - phase=train acc=0.7420138888888889 loss=68.12930953502655 epoch=22 and step=90
2026-04-19 10:37:43,694 - SplitNNClient - INFO - 17116 - phase=train acc=0.74109375 loss=75.85026323795319 epoch=22 and step=100
2026-04-19 10:37:45,959 - SplitNNClient - INFO - 17116 - phase=train acc=0.7421875 loss=83.39686697721481 epoch=22 and step=110
2026-04-19 10:37:48,255 - SplitNNClient - INFO - 17116 - phase=train acc=0.744921875 loss=90.20245826244354 epoch=22 and step=120
2026-04-19 10:37:48,898 - ServerManager - INFO - 18260 - get all model params ---- from rank 0
2026-04-19 10:37:48,918 - ServerManager - INFO - 18260 - Dist:62.45058059692383
2026-04-19 10:38:03,341 - SplitNNClient - INFO - 17116 - phase=validation acc=0.6715 loss=69.30437952280045 epoch=22 and step=79
2026-04-19 10:38:03,519 - SplitNNClient - INFO - 26292 - phase=validation acc=0.6715 loss=69.30437952280045 epoch=22 and step=79
2026-04-19 10:38:03,851 - SplitNNClient - INFO - 26216 - phase=validation acc=0.6715 loss=69.30437952280045 epoch=22 and step=79
2026-04-19 10:38:04,014 - SplitNNClient - INFO - 16812 - phase=validation acc=0.6715 loss=69.30437952280045 epoch=22 and step=79
2026-04-19 10:38:04,113 - SplitNNClient - INFO - 24840 - phase=validation acc=0.6715 loss=69.30437952280045 epoch=22 and step=79
2026-04-19 10:38:09,945 - SplitNNClient - INFO - 17116 - phase=train acc=0.7078125 loss=8.672225892543793 epoch=23 and step=10
2026-04-19 10:38:10,336 - SplitNNClient - INFO - 26216 - phase=train acc=0.71875 loss=8.411915302276611 epoch=23 and step=10
2026-04-19 10:38:10,359 - SplitNNClient - INFO - 26292 - phase=train acc=0.64921875 loss=9.743139863014221 epoch=23 and step=10
2026-04-19 10:38:10,613 - SplitNNClient - INFO - 16812 - phase=train acc=0.63515625 loss=11.390040576457977 epoch=23 and step=10
2026-04-19 10:38:11,074 - SplitNNClient - INFO - 24840 - phase=train acc=0.55 loss=12.7906773686409 epoch=23 and step=10
2026-04-19 10:38:17,087 - SplitNNClient - INFO - 17116 - phase=train acc=0.730078125 loss=16.312825679779053 epoch=23 and step=20
2026-04-19 10:38:17,467 - SplitNNClient - INFO - 26216 - phase=train acc=0.729296875 loss=15.830682754516602 epoch=23 and step=20
2026-04-19 10:38:17,796 - SplitNNClient - INFO - 26292 - phase=train acc=0.679296875 loss=17.922731339931488 epoch=23 and step=20
2026-04-19 10:38:17,803 - SplitNNClient - INFO - 16812 - phase=train acc=0.671875 loss=20.296893537044525 epoch=23 and step=20
2026-04-19 10:38:18,563 - SplitNNClient - INFO - 24840 - phase=train acc=0.57890625 loss=23.33591192960739 epoch=23 and step=20
2026-04-19 10:38:24,515 - SplitNNClient - INFO - 17116 - phase=train acc=0.7408854166666666 loss=23.242415487766266 epoch=23 and step=30
2026-04-19 10:38:24,923 - SplitNNClient - INFO - 26216 - phase=train acc=0.7294270833333333 loss=23.340472638607025 epoch=23 and step=30
2026-04-19 10:38:25,260 - SplitNNClient - INFO - 16812 - phase=train acc=0.6802083333333333 loss=29.201108515262604 epoch=23 and step=30
2026-04-19 10:38:25,288 - SplitNNClient - INFO - 26292 - phase=train acc=0.6955729166666667 loss=25.652776896953583 epoch=23 and step=30
2026-04-19 10:38:26,094 - SplitNNClient - INFO - 24840 - phase=train acc=0.5911458333333334 loss=32.63725382089615 epoch=23 and step=30
2026-04-19 10:38:31,817 - SplitNNClient - INFO - 17116 - phase=train acc=0.745703125 loss=30.701089918613434 epoch=23 and step=40
2026-04-19 10:38:32,198 - SplitNNClient - INFO - 26216 - phase=train acc=0.728515625 loss=31.66384267807007 epoch=23 and step=40
2026-04-19 10:38:32,569 - SplitNNClient - INFO - 16812 - phase=train acc=0.6919921875 loss=37.411402225494385 epoch=23 and step=40
2026-04-19 10:38:32,678 - SplitNNClient - INFO - 26292 - phase=train acc=0.7015625 loss=33.57886046171188 epoch=23 and step=40
2026-04-19 10:38:33,681 - SplitNNClient - INFO - 24840 - phase=train acc=0.604296875 loss=42.122878193855286 epoch=23 and step=40
2026-04-19 10:38:39,153 - SplitNNClient - INFO - 17116 - phase=train acc=0.7490625 loss=37.920630037784576 epoch=23 and step=50
2026-04-19 10:38:39,561 - SplitNNClient - INFO - 26216 - phase=train acc=0.728125 loss=39.64639699459076 epoch=23 and step=50
2026-04-19 10:38:39,865 - SplitNNClient - INFO - 16812 - phase=train acc=0.69140625 loss=46.54744070768356 epoch=23 and step=50
2026-04-19 10:38:40,118 - SplitNNClient - INFO - 26292 - phase=train acc=0.7034375 loss=41.33360940217972 epoch=23 and step=50
2026-04-19 10:38:41,113 - SplitNNClient - INFO - 24840 - phase=train acc=0.6103125 loss=51.43196403980255 epoch=23 and step=50
2026-04-19 10:38:46,084 - SplitNNClient - INFO - 17116 - phase=train acc=0.7529947916666667 loss=44.9332190155983 epoch=23 and step=60
2026-04-19 10:38:46,413 - SplitNNClient - INFO - 26216 - phase=train acc=0.726171875 loss=47.41867518424988 epoch=23 and step=60
2026-04-19 10:38:46,626 - SplitNNClient - INFO - 16812 - phase=train acc=0.6954427083333333 loss=54.88932013511658 epoch=23 and step=60
2026-04-19 10:38:46,824 - SplitNNClient - INFO - 26292 - phase=train acc=0.7045572916666667 loss=49.06613314151764 epoch=23 and step=60
2026-04-19 10:38:51,764 - SplitNNClient - INFO - 17116 - phase=train acc=0.75390625 loss=51.83510237932205 epoch=23 and step=70
2026-04-19 10:38:52,051 - SplitNNClient - INFO - 16812 - phase=train acc=0.6965401785714286 loss=63.795302391052246 epoch=23 and step=70
2026-04-19 10:38:54,505 - SplitNNClient - INFO - 17116 - phase=train acc=0.7529296875 loss=58.97491532564163 epoch=23 and step=80
2026-04-19 10:38:56,755 - SplitNNClient - INFO - 17116 - phase=train acc=0.7537326388888889 loss=65.91044872999191 epoch=23 and step=90
2026-04-19 10:38:59,126 - SplitNNClient - INFO - 17116 - phase=train acc=0.756484375 loss=72.62549436092377 epoch=23 and step=100
2026-04-19 10:39:01,461 - SplitNNClient - INFO - 17116 - phase=train acc=0.7573863636363637 loss=79.59293082356453 epoch=23 and step=110
2026-04-19 10:39:03,745 - SplitNNClient - INFO - 17116 - phase=train acc=0.7565755208333333 loss=86.97389617562294 epoch=23 and step=120
2026-04-19 10:39:04,370 - ServerManager - INFO - 18260 - get all model params ---- from rank 0
2026-04-19 10:39:04,392 - ServerManager - INFO - 18260 - Dist:46.471031188964844
2026-04-19 10:39:17,888 - SplitNNClient - INFO - 26216 - phase=validation acc=0.6708 loss=69.68240308761597 epoch=23 and step=79
2026-04-19 10:39:18,521 - SplitNNClient - INFO - 24840 - phase=validation acc=0.6708 loss=69.68240308761597 epoch=23 and step=79
2026-04-19 10:39:19,206 - SplitNNClient - INFO - 26292 - phase=validation acc=0.6708 loss=69.68240308761597 epoch=23 and step=79
2026-04-19 10:39:19,261 - SplitNNClient - INFO - 17116 - phase=validation acc=0.6708 loss=69.68240308761597 epoch=23 and step=79
2026-04-19 10:39:19,456 - SplitNNClient - INFO - 16812 - phase=validation acc=0.6708 loss=69.68240308761597 epoch=23 and step=79
2026-04-19 10:39:23,885 - SplitNNClient - INFO - 26216 - phase=train acc=0.70546875 loss=8.750996470451355 epoch=24 and step=10
2026-04-19 10:39:25,244 - SplitNNClient - INFO - 24840 - phase=train acc=0.565625 loss=12.334217607975006 epoch=24 and step=10
2026-04-19 10:39:25,904 - SplitNNClient - INFO - 26292 - phase=train acc=0.671875 loss=9.338467717170715 epoch=24 and step=10
2026-04-19 10:39:25,953 - SplitNNClient - INFO - 17116 - phase=train acc=0.73046875 loss=8.502026200294495 epoch=24 and step=10
2026-04-19 10:39:26,389 - SplitNNClient - INFO - 16812 - phase=train acc=0.63671875 loss=11.177707731723785 epoch=24 and step=10
2026-04-19 10:39:30,420 - SplitNNClient - INFO - 26216 - phase=train acc=0.701953125 loss=17.310805082321167 epoch=24 and step=20
2026-04-19 10:39:32,590 - SplitNNClient - INFO - 24840 - phase=train acc=0.5875 loss=22.31833130121231 epoch=24 and step=20
2026-04-19 10:39:33,110 - SplitNNClient - INFO - 26292 - phase=train acc=0.694140625 loss=17.270995557308197 epoch=24 and step=20
2026-04-19 10:39:33,238 - SplitNNClient - INFO - 17116 - phase=train acc=0.739453125 loss=16.13449764251709 epoch=24 and step=20
2026-04-19 10:39:33,658 - SplitNNClient - INFO - 16812 - phase=train acc=0.664453125 loss=20.50158417224884 epoch=24 and step=20
2026-04-19 10:39:37,011 - SplitNNClient - INFO - 26216 - phase=train acc=0.7125 loss=24.949840486049652 epoch=24 and step=30
2026-04-19 10:39:39,892 - SplitNNClient - INFO - 24840 - phase=train acc=0.60625 loss=31.758620619773865 epoch=24 and step=30
2026-04-19 10:39:40,158 - SplitNNClient - INFO - 26292 - phase=train acc=0.70703125 loss=24.610876441001892 epoch=24 and step=30
2026-04-19 10:39:40,576 - SplitNNClient - INFO - 17116 - phase=train acc=0.74609375 loss=23.36478990316391 epoch=24 and step=30
2026-04-19 10:39:40,981 - SplitNNClient - INFO - 16812 - phase=train acc=0.68359375 loss=28.94487899541855 epoch=24 and step=30
2026-04-19 10:39:43,606 - SplitNNClient - INFO - 26216 - phase=train acc=0.71953125 loss=32.42232125997543 epoch=24 and step=40
2026-04-19 10:39:47,102 - SplitNNClient - INFO - 24840 - phase=train acc=0.6154296875 loss=40.60175442695618 epoch=24 and step=40
2026-04-19 10:39:47,483 - SplitNNClient - INFO - 26292 - phase=train acc=0.7154296875 loss=31.847270250320435 epoch=24 and step=40
2026-04-19 10:39:47,841 - SplitNNClient - INFO - 17116 - phase=train acc=0.74609375 loss=30.806707620620728 epoch=24 and step=40
2026-04-19 10:39:48,210 - SplitNNClient - INFO - 16812 - phase=train acc=0.691015625 loss=37.684662222862244 epoch=24 and step=40
2026-04-19 10:39:50,434 - SplitNNClient - INFO - 26216 - phase=train acc=0.71875 loss=40.34138488769531 epoch=24 and step=50
2026-04-19 10:39:54,301 - SplitNNClient - INFO - 24840 - phase=train acc=0.62515625 loss=49.69243264198303 epoch=24 and step=50
2026-04-19 10:39:54,714 - SplitNNClient - INFO - 26292 - phase=train acc=0.71578125 loss=39.83003211021423 epoch=24 and step=50
2026-04-19 10:39:55,093 - SplitNNClient - INFO - 17116 - phase=train acc=0.7471875 loss=38.02561539411545 epoch=24 and step=50
2026-04-19 10:39:55,478 - SplitNNClient - INFO - 16812 - phase=train acc=0.6978125 loss=45.86975473165512 epoch=24 and step=50
2026-04-19 10:39:57,128 - SplitNNClient - INFO - 26216 - phase=train acc=0.719921875 loss=48.27610009908676 epoch=24 and step=60
2026-04-19 10:40:00,763 - SplitNNClient - INFO - 26292 - phase=train acc=0.7192708333333333 loss=47.243026435375214 epoch=24 and step=60
2026-04-19 10:40:01,444 - SplitNNClient - INFO - 17116 - phase=train acc=0.7481770833333333 loss=45.07843369245529 epoch=24 and step=60
2026-04-19 10:40:01,720 - SplitNNClient - INFO - 16812 - phase=train acc=0.70078125 loss=54.30704402923584 epoch=24 and step=60
2026-04-19 10:40:05,569 - SplitNNClient - INFO - 17116 - phase=train acc=0.7521205357142857 loss=51.75439018011093 epoch=24 and step=70
2026-04-19 10:40:05,725 - SplitNNClient - INFO - 16812 - phase=train acc=0.7024553571428571 loss=62.636997759342194 epoch=24 and step=70
2026-04-19 10:40:08,287 - SplitNNClient - INFO - 17116 - phase=train acc=0.75615234375 loss=57.89722675085068 epoch=24 and step=80
2026-04-19 10:40:10,557 - SplitNNClient - INFO - 17116 - phase=train acc=0.7604166666666666 loss=63.9910364151001 epoch=24 and step=90
2026-04-19 10:40:12,801 - SplitNNClient - INFO - 17116 - phase=train acc=0.760234375 loss=71.04889768362045 epoch=24 and step=100
2026-04-19 10:40:15,055 - SplitNNClient - INFO - 17116 - phase=train acc=0.760440340909091 loss=78.42085063457489 epoch=24 and step=110
2026-04-19 10:40:17,334 - SplitNNClient - INFO - 17116 - phase=train acc=0.7611979166666667 loss=85.3017908334732 epoch=24 and step=120
2026-04-19 10:40:17,997 - ServerManager - INFO - 18260 - get all model params ---- from rank 0
2026-04-19 10:40:18,021 - ServerManager - INFO - 18260 - Dist:62.55488967895508
2026-04-19 10:40:31,206 - SplitNNClient - INFO - 24840 - phase=validation acc=0.6814 loss=67.80999583005905 epoch=24 and step=79
2026-04-19 10:40:32,097 - SplitNNClient - INFO - 26292 - phase=validation acc=0.6814 loss=67.80999583005905 epoch=24 and step=79
2026-04-19 10:40:32,835 - SplitNNClient - INFO - 17116 - phase=validation acc=0.6814 loss=67.80999583005905 epoch=24 and step=79
2026-04-19 10:40:33,205 - SplitNNClient - INFO - 26216 - phase=validation acc=0.6814 loss=67.80999583005905 epoch=24 and step=79
2026-04-19 10:40:33,208 - SplitNNClient - INFO - 16812 - phase=validation acc=0.6814 loss=67.80999583005905 epoch=24 and step=79
2026-04-19 10:40:37,341 - SplitNNClient - INFO - 24840 - phase=train acc=0.5328125 loss=12.625650763511658 epoch=25 and step=10
2026-04-19 10:40:38,847 - SplitNNClient - INFO - 26292 - phase=train acc=0.66015625 loss=9.5105339884758 epoch=25 and step=10
2026-04-19 10:40:39,661 - SplitNNClient - INFO - 17116 - phase=train acc=0.70390625 loss=8.442882180213928 epoch=25 and step=10
2026-04-19 10:40:39,989 - SplitNNClient - INFO - 26216 - phase=train acc=0.71796875 loss=8.546622574329376 epoch=25 and step=10
2026-04-19 10:40:40,002 - SplitNNClient - INFO - 16812 - phase=train acc=0.675 loss=10.495021402835846 epoch=25 and step=10
2026-04-19 10:40:44,438 - SplitNNClient - INFO - 24840 - phase=train acc=0.57890625 loss=22.19742715358734 epoch=25 and step=20
2026-04-19 10:40:45,777 - SplitNNClient - INFO - 26292 - phase=train acc=0.703515625 loss=16.98477476835251 epoch=25 and step=20
2026-04-19 10:40:47,045 - SplitNNClient - INFO - 17116 - phase=train acc=0.73515625 loss=15.56122499704361 epoch=25 and step=20
2026-04-19 10:40:47,283 - SplitNNClient - INFO - 26216 - phase=train acc=0.723046875 loss=16.24107265472412 epoch=25 and step=20
2026-04-19 10:40:47,306 - SplitNNClient - INFO - 16812 - phase=train acc=0.6984375 loss=19.155414760112762 epoch=25 and step=20
2026-04-19 10:40:51,541 - SplitNNClient - INFO - 24840 - phase=train acc=0.6020833333333333 loss=31.426029980182648 epoch=25 and step=30
2026-04-19 10:40:53,283 - SplitNNClient - INFO - 26292 - phase=train acc=0.7072916666666667 loss=24.797887921333313 epoch=25 and step=30
2026-04-19 10:40:54,199 - SplitNNClient - INFO - 17116 - phase=train acc=0.7434895833333334 loss=22.761745989322662 epoch=25 and step=30
2026-04-19 10:40:54,542 - SplitNNClient - INFO - 16812 - phase=train acc=0.70625 loss=27.62899559736252 epoch=25 and step=30
2026-04-19 10:40:54,626 - SplitNNClient - INFO - 26216 - phase=train acc=0.7236979166666667 loss=23.990558981895447 epoch=25 and step=30
2026-04-19 10:40:58,998 - SplitNNClient - INFO - 24840 - phase=train acc=0.6126953125 loss=40.65263855457306 epoch=25 and step=40
2026-04-19 10:41:00,855 - SplitNNClient - INFO - 26292 - phase=train acc=0.7115234375 loss=32.52721190452576 epoch=25 and step=40
2026-04-19 10:41:01,598 - SplitNNClient - INFO - 17116 - phase=train acc=0.7513671875 loss=29.357735693454742 epoch=25 and step=40
2026-04-19 10:41:01,922 - SplitNNClient - INFO - 16812 - phase=train acc=0.7095703125 loss=35.79761582612991 epoch=25 and step=40
2026-04-19 10:41:01,934 - SplitNNClient - INFO - 26216 - phase=train acc=0.7248046875 loss=31.353208005428314 epoch=25 and step=40
2026-04-19 10:41:06,394 - SplitNNClient - INFO - 24840 - phase=train acc=0.623125 loss=49.36939036846161 epoch=25 and step=50
2026-04-19 10:41:08,309 - SplitNNClient - INFO - 26292 - phase=train acc=0.71515625 loss=39.87741827964783 epoch=25 and step=50
2026-04-19 10:41:08,955 - SplitNNClient - INFO - 17116 - phase=train acc=0.75578125 loss=35.914992809295654 epoch=25 and step=50
2026-04-19 10:41:09,293 - SplitNNClient - INFO - 16812 - phase=train acc=0.71578125 loss=43.85294282436371 epoch=25 and step=50
2026-04-19 10:41:09,316 - SplitNNClient - INFO - 26216 - phase=train acc=0.725 loss=39.45895838737488 epoch=25 and step=50
2026-04-19 10:41:14,215 - SplitNNClient - INFO - 26292 - phase=train acc=0.716796875 loss=47.624619245529175 epoch=25 and step=60
2026-04-19 10:41:15,139 - SplitNNClient - INFO - 17116 - phase=train acc=0.75859375 loss=42.558384239673615 epoch=25 and step=60
2026-04-19 10:41:15,452 - SplitNNClient - INFO - 16812 - phase=train acc=0.7151041666666667 loss=52.40025466680527 epoch=25 and step=60
2026-04-19 10:41:15,461 - SplitNNClient - INFO - 26216 - phase=train acc=0.7251302083333333 loss=47.180808901786804 epoch=25 and step=60
2026-04-19 10:41:20,496 - SplitNNClient - INFO - 17116 - phase=train acc=0.7597098214285715 loss=49.33430451154709 epoch=25 and step=70
2026-04-19 10:41:20,648 - SplitNNClient - INFO - 16812 - phase=train acc=0.7128348214285715 loss=61.584617376327515 epoch=25 and step=70
2026-04-19 10:41:23,222 - SplitNNClient - INFO - 17116 - phase=train acc=0.76142578125 loss=55.884761095047 epoch=25 and step=80
2026-04-19 10:41:25,437 - SplitNNClient - INFO - 17116 - phase=train acc=0.7626736111111111 loss=62.738322377204895 epoch=25 and step=90
2026-04-19 10:41:27,681 - SplitNNClient - INFO - 17116 - phase=train acc=0.763203125 loss=69.43058824539185 epoch=25 and step=100
2026-04-19 10:41:29,961 - SplitNNClient - INFO - 17116 - phase=train acc=0.7622869318181819 loss=76.54426819086075 epoch=25 and step=110
2026-04-19 10:41:32,217 - SplitNNClient - INFO - 17116 - phase=train acc=0.7640625 loss=83.25775718688965 epoch=25 and step=120
2026-04-19 10:41:32,880 - ServerManager - INFO - 18260 - get all model params ---- from rank 0
2026-04-19 10:41:32,898 - ServerManager - INFO - 18260 - Dist:80.61725616455078
2026-04-19 10:41:46,695 - SplitNNClient - INFO - 17116 - phase=validation acc=0.7037 loss=65.18053990602493 epoch=25 and step=79
2026-04-19 10:41:47,120 - SplitNNClient - INFO - 24840 - phase=validation acc=0.7037 loss=65.18053990602493 epoch=25 and step=79
2026-04-19 10:41:47,460 - SplitNNClient - INFO - 26216 - phase=validation acc=0.7037 loss=65.18053990602493 epoch=25 and step=79
2026-04-19 10:41:47,473 - SplitNNClient - INFO - 26292 - phase=validation acc=0.7037 loss=65.18053990602493 epoch=25 and step=79
2026-04-19 10:41:47,627 - SplitNNClient - INFO - 16812 - phase=validation acc=0.7037 loss=65.18053990602493 epoch=25 and step=79
2026-04-19 10:41:53,083 - SplitNNClient - INFO - 17116 - phase=train acc=0.70703125 loss=8.8557368516922 epoch=26 and step=10
2026-04-19 10:41:53,762 - SplitNNClient - INFO - 24840 - phase=train acc=0.578125 loss=11.523525953292847 epoch=26 and step=10
2026-04-19 10:41:54,065 - SplitNNClient - INFO - 26216 - phase=train acc=0.72578125 loss=8.170471370220184 epoch=26 and step=10
2026-04-19 10:41:54,157 - SplitNNClient - INFO - 26292 - phase=train acc=0.6953125 loss=8.807032465934753 epoch=26 and step=10
2026-04-19 10:41:54,418 - SplitNNClient - INFO - 16812 - phase=train acc=0.66875 loss=10.31773579120636 epoch=26 and step=10
2026-04-19 10:42:00,099 - SplitNNClient - INFO - 17116 - phase=train acc=0.740625 loss=15.546282529830933 epoch=26 and step=20
2026-04-19 10:42:00,909 - SplitNNClient - INFO - 24840 - phase=train acc=0.605078125 loss=20.978188693523407 epoch=26 and step=20
2026-04-19 10:42:01,238 - SplitNNClient - INFO - 26216 - phase=train acc=0.749609375 loss=15.182885468006134 epoch=26 and step=20
2026-04-19 10:42:01,283 - SplitNNClient - INFO - 26292 - phase=train acc=0.707421875 loss=16.7819983959198 epoch=26 and step=20
2026-04-19 10:42:01,659 - SplitNNClient - INFO - 16812 - phase=train acc=0.70078125 loss=18.528048634529114 epoch=26 and step=20
2026-04-19 10:42:07,127 - SplitNNClient - INFO - 17116 - phase=train acc=0.7518229166666667 loss=22.36856234073639 epoch=26 and step=30
2026-04-19 10:42:08,230 - SplitNNClient - INFO - 24840 - phase=train acc=0.6236979166666666 loss=29.78914451599121 epoch=26 and step=30
2026-04-19 10:42:08,577 - SplitNNClient - INFO - 26292 - phase=train acc=0.71875 loss=23.921011567115784 epoch=26 and step=30
2026-04-19 10:42:08,599 - SplitNNClient - INFO - 26216 - phase=train acc=0.7473958333333334 loss=22.669100642204285 epoch=26 and step=30
2026-04-19 10:42:09,033 - SplitNNClient - INFO - 16812 - phase=train acc=0.703125 loss=27.08452671766281 epoch=26 and step=30
2026-04-19 10:42:14,348 - SplitNNClient - INFO - 17116 - phase=train acc=0.758984375 loss=29.084035336971283 epoch=26 and step=40
2026-04-19 10:42:15,468 - SplitNNClient - INFO - 24840 - phase=train acc=0.6294921875 loss=39.03681284189224 epoch=26 and step=40
2026-04-19 10:42:15,830 - SplitNNClient - INFO - 26292 - phase=train acc=0.723828125 loss=31.176092267036438 epoch=26 and step=40
2026-04-19 10:42:15,914 - SplitNNClient - INFO - 26216 - phase=train acc=0.741796875 loss=30.390008866786957 epoch=26 and step=40
2026-04-19 10:42:16,272 - SplitNNClient - INFO - 16812 - phase=train acc=0.7078125 loss=35.68379884958267 epoch=26 and step=40
2026-04-19 10:42:21,525 - SplitNNClient - INFO - 17116 - phase=train acc=0.76109375 loss=36.046527564525604 epoch=26 and step=50
2026-04-19 10:42:22,706 - SplitNNClient - INFO - 24840 - phase=train acc=0.63078125 loss=48.356285750865936 epoch=26 and step=50
2026-04-19 10:42:23,142 - SplitNNClient - INFO - 26292 - phase=train acc=0.72796875 loss=38.277411699295044 epoch=26 and step=50
2026-04-19 10:42:23,234 - SplitNNClient - INFO - 26216 - phase=train acc=0.7403125 loss=37.87619614601135 epoch=26 and step=50
2026-04-19 10:42:23,467 - SplitNNClient - INFO - 16812 - phase=train acc=0.71703125 loss=43.42225241661072 epoch=26 and step=50
2026-04-19 10:42:28,176 - SplitNNClient - INFO - 17116 - phase=train acc=0.7640625 loss=42.62372237443924 epoch=26 and step=60
2026-04-19 10:42:29,359 - SplitNNClient - INFO - 26292 - phase=train acc=0.7341145833333333 loss=45.14421784877777 epoch=26 and step=60
2026-04-19 10:42:29,758 - SplitNNClient - INFO - 26216 - phase=train acc=0.7404947916666667 loss=45.157039284706116 epoch=26 and step=60
2026-04-19 10:42:30,071 - SplitNNClient - INFO - 16812 - phase=train acc=0.721875 loss=51.488904893398285 epoch=26 and step=60
2026-04-19 10:42:33,911 - SplitNNClient - INFO - 17116 - phase=train acc=0.7626116071428571 loss=49.41603249311447 epoch=26 and step=70
2026-04-19 10:42:35,341 - SplitNNClient - INFO - 16812 - phase=train acc=0.7203125 loss=60.06120580434799 epoch=26 and step=70
2026-04-19 10:42:37,201 - SplitNNClient - INFO - 17116 - phase=train acc=0.7654296875 loss=56.06824594736099 epoch=26 and step=80
2026-04-19 10:42:39,452 - SplitNNClient - INFO - 17116 - phase=train acc=0.7671006944444444 loss=62.646278500556946 epoch=26 and step=90
2026-04-19 10:42:41,693 - SplitNNClient - INFO - 17116 - phase=train acc=0.766328125 loss=69.56754064559937 epoch=26 and step=100
2026-04-19 10:42:43,947 - SplitNNClient - INFO - 17116 - phase=train acc=0.7660511363636363 loss=76.51742219924927 epoch=26 and step=110
2026-04-19 10:42:46,207 - SplitNNClient - INFO - 17116 - phase=train acc=0.7666666666666667 loss=82.9585787653923 epoch=26 and step=120
2026-04-19 10:42:46,848 - ServerManager - INFO - 18260 - get all model params ---- from rank 0
2026-04-19 10:42:46,869 - ServerManager - INFO - 18260 - Dist:23.342226028442383
2026-04-19 10:43:00,334 - SplitNNClient - INFO - 26292 - phase=validation acc=0.7037 loss=63.572033643722534 epoch=26 and step=79
2026-04-19 10:43:01,028 - SplitNNClient - INFO - 24840 - phase=validation acc=0.7037 loss=63.572033643722534 epoch=26 and step=79
2026-04-19 10:43:02,299 - SplitNNClient - INFO - 17116 - phase=validation acc=0.7037 loss=63.572033643722534 epoch=26 and step=79
2026-04-19 10:43:02,324 - SplitNNClient - INFO - 16812 - phase=validation acc=0.7037 loss=63.572033643722534 epoch=26 and step=79
2026-04-19 10:43:02,721 - SplitNNClient - INFO - 26216 - phase=validation acc=0.7037 loss=63.572033643722534 epoch=26 and step=79
2026-04-19 10:43:06,597 - SplitNNClient - INFO - 26292 - phase=train acc=0.6796875 loss=9.192761659622192 epoch=27 and step=10
2026-04-19 10:43:07,686 - SplitNNClient - INFO - 24840 - phase=train acc=0.5828125 loss=12.037705063819885 epoch=27 and step=10
2026-04-19 10:43:09,386 - SplitNNClient - INFO - 16812 - phase=train acc=0.68203125 loss=10.27753484249115 epoch=27 and step=10
2026-04-19 10:43:09,390 - SplitNNClient - INFO - 17116 - phase=train acc=0.74609375 loss=7.734476447105408 epoch=27 and step=10
2026-04-19 10:43:09,845 - SplitNNClient - INFO - 26216 - phase=train acc=0.7265625 loss=7.7837700843811035 epoch=27 and step=10
2026-04-19 10:43:13,540 - SplitNNClient - INFO - 26292 - phase=train acc=0.709375 loss=16.43574810028076 epoch=27 and step=20
2026-04-19 10:43:14,721 - SplitNNClient - INFO - 24840 - phase=train acc=0.613671875 loss=21.513711512088776 epoch=27 and step=20
2026-04-19 10:43:16,910 - SplitNNClient - INFO - 17116 - phase=train acc=0.771875 loss=13.883761942386627 epoch=27 and step=20
2026-04-19 10:43:16,911 - SplitNNClient - INFO - 16812 - phase=train acc=0.711328125 loss=18.46735280752182 epoch=27 and step=20
2026-04-19 10:43:17,425 - SplitNNClient - INFO - 26216 - phase=train acc=0.737890625 loss=15.084991574287415 epoch=27 and step=20
2026-04-19 10:43:20,679 - SplitNNClient - INFO - 26292 - phase=train acc=0.7169270833333333 loss=23.93768483400345 epoch=27 and step=30
2026-04-19 10:43:22,112 - SplitNNClient - INFO - 24840 - phase=train acc=0.615625 loss=31.342529952526093 epoch=27 and step=30
2026-04-19 10:43:24,357 - SplitNNClient - INFO - 17116 - phase=train acc=0.7703125 loss=20.667682886123657 epoch=27 and step=30
2026-04-19 10:43:24,418 - SplitNNClient - INFO - 16812 - phase=train acc=0.7104166666666667 loss=27.154530465602875 epoch=27 and step=30
2026-04-19 10:43:24,824 - SplitNNClient - INFO - 26216 - phase=train acc=0.7450520833333333 loss=22.434439957141876 epoch=27 and step=30
2026-04-19 10:43:28,112 - SplitNNClient - INFO - 26292 - phase=train acc=0.720703125 loss=31.077292501926422 epoch=27 and step=40
2026-04-19 10:43:29,533 - SplitNNClient - INFO - 24840 - phase=train acc=0.6248046875 loss=40.20263397693634 epoch=27 and step=40
2026-04-19 10:43:31,721 - SplitNNClient - INFO - 17116 - phase=train acc=0.7697265625 loss=27.472693622112274 epoch=27 and step=40
2026-04-19 10:43:31,941 - SplitNNClient - INFO - 16812 - phase=train acc=0.7103515625 loss=35.71421730518341 epoch=27 and step=40
2026-04-19 10:43:32,222 - SplitNNClient - INFO - 26216 - phase=train acc=0.74140625 loss=30.15244573354721 epoch=27 and step=40
2026-04-19 10:43:35,659 - SplitNNClient - INFO - 26292 - phase=train acc=0.725 loss=38.2641921043396 epoch=27 and step=50
2026-04-19 10:43:37,108 - SplitNNClient - INFO - 24840 - phase=train acc=0.62734375 loss=49.483856439590454 epoch=27 and step=50
2026-04-19 10:43:38,990 - SplitNNClient - INFO - 17116 - phase=train acc=0.7721875 loss=33.82763260602951 epoch=27 and step=50
2026-04-19 10:43:39,286 - SplitNNClient - INFO - 16812 - phase=train acc=0.71546875 loss=43.88783150911331 epoch=27 and step=50
2026-04-19 10:43:39,521 - SplitNNClient - INFO - 26216 - phase=train acc=0.74015625 loss=37.48000854253769 epoch=27 and step=50
2026-04-19 10:43:42,562 - SplitNNClient - INFO - 26292 - phase=train acc=0.7264322916666667 loss=45.81405544281006 epoch=27 and step=60
2026-04-19 10:43:45,189 - SplitNNClient - INFO - 17116 - phase=train acc=0.7740885416666666 loss=40.38501650094986 epoch=27 and step=60
2026-04-19 10:43:45,403 - SplitNNClient - INFO - 16812 - phase=train acc=0.713671875 loss=52.48093259334564 epoch=27 and step=60
2026-04-19 10:43:45,606 - SplitNNClient - INFO - 26216 - phase=train acc=0.7375 loss=45.463323414325714 epoch=27 and step=60
2026-04-19 10:43:49,961 - SplitNNClient - INFO - 17116 - phase=train acc=0.7753348214285715 loss=46.867709159851074 epoch=27 and step=70
2026-04-19 10:43:50,079 - SplitNNClient - INFO - 16812 - phase=train acc=0.7165178571428571 loss=60.39502036571503 epoch=27 and step=70
2026-04-19 10:43:52,724 - SplitNNClient - INFO - 17116 - phase=train acc=0.77626953125 loss=53.61157464981079 epoch=27 and step=80
2026-04-19 10:43:55,011 - SplitNNClient - INFO - 17116 - phase=train acc=0.7765625 loss=59.9336239695549 epoch=27 and step=90
2026-04-19 10:43:57,246 - SplitNNClient - INFO - 17116 - phase=train acc=0.775859375 loss=66.48659867048264 epoch=27 and step=100
2026-04-19 10:43:59,531 - SplitNNClient - INFO - 17116 - phase=train acc=0.7751420454545455 loss=73.27393847703934 epoch=27 and step=110
2026-04-19 10:44:01,759 - SplitNNClient - INFO - 17116 - phase=train acc=0.7742838541666667 loss=80.17257505655289 epoch=27 and step=120
2026-04-19 10:44:02,394 - ServerManager - INFO - 18260 - get all model params ---- from rank 0
2026-04-19 10:44:02,417 - ServerManager - INFO - 18260 - Dist:110.47384643554688
2026-04-19 10:44:16,942 - SplitNNClient - INFO - 17116 - phase=validation acc=0.7069 loss=62.5532802939415 epoch=27 and step=79
2026-04-19 10:44:17,135 - SplitNNClient - INFO - 26292 - phase=validation acc=0.7069 loss=62.5532802939415 epoch=27 and step=79
2026-04-19 10:44:17,614 - SplitNNClient - INFO - 24840 - phase=validation acc=0.7069 loss=62.5532802939415 epoch=27 and step=79
2026-04-19 10:44:17,644 - SplitNNClient - INFO - 26216 - phase=validation acc=0.7069 loss=62.5532802939415 epoch=27 and step=79
2026-04-19 10:44:17,659 - SplitNNClient - INFO - 16812 - phase=validation acc=0.7069 loss=62.5532802939415 epoch=27 and step=79
2026-04-19 10:44:23,643 - SplitNNClient - INFO - 17116 - phase=train acc=0.7078125 loss=8.713003873825073 epoch=28 and step=10
2026-04-19 10:44:24,236 - SplitNNClient - INFO - 26292 - phase=train acc=0.715625 loss=8.796788990497589 epoch=28 and step=10
2026-04-19 10:44:24,496 - SplitNNClient - INFO - 24840 - phase=train acc=0.56875 loss=11.894909918308258 epoch=28 and step=10
2026-04-19 10:44:24,580 - SplitNNClient - INFO - 26216 - phase=train acc=0.7296875 loss=7.800350725650787 epoch=28 and step=10
2026-04-19 10:44:24,603 - SplitNNClient - INFO - 16812 - phase=train acc=0.6703125 loss=10.29040014743805 epoch=28 and step=10
2026-04-19 10:44:31,014 - SplitNNClient - INFO - 17116 - phase=train acc=0.744140625 loss=15.088227361440659 epoch=28 and step=20
2026-04-19 10:44:31,819 - SplitNNClient - INFO - 26292 - phase=train acc=0.733203125 loss=16.264316022396088 epoch=28 and step=20
2026-04-19 10:44:32,059 - SplitNNClient - INFO - 16812 - phase=train acc=0.698046875 loss=18.574610888957977 epoch=28 and step=20
2026-04-19 10:44:32,073 - SplitNNClient - INFO - 26216 - phase=train acc=0.734765625 loss=14.85644918680191 epoch=28 and step=20
2026-04-19 10:44:32,133 - SplitNNClient - INFO - 24840 - phase=train acc=0.600390625 loss=21.49567210674286 epoch=28 and step=20
2026-04-19 10:44:38,452 - SplitNNClient - INFO - 17116 - phase=train acc=0.7481770833333333 loss=22.23556223511696 epoch=28 and step=30
2026-04-19 10:44:39,296 - SplitNNClient - INFO - 26292 - phase=train acc=0.73203125 loss=23.91253226995468 epoch=28 and step=30
2026-04-19 10:44:39,483 - SplitNNClient - INFO - 16812 - phase=train acc=0.7088541666666667 loss=26.822751224040985 epoch=28 and step=30
2026-04-19 10:44:39,512 - SplitNNClient - INFO - 26216 - phase=train acc=0.7380208333333333 loss=22.01642394065857 epoch=28 and step=30
2026-04-19 10:44:39,651 - SplitNNClient - INFO - 24840 - phase=train acc=0.6208333333333333 loss=30.289749681949615 epoch=28 and step=30
2026-04-19 10:44:45,772 - SplitNNClient - INFO - 17116 - phase=train acc=0.7654296875 loss=28.084194779396057 epoch=28 and step=40
2026-04-19 10:44:46,835 - SplitNNClient - INFO - 16812 - phase=train acc=0.713671875 loss=35.112495958805084 epoch=28 and step=40
2026-04-19 10:44:46,890 - SplitNNClient - INFO - 26292 - phase=train acc=0.7373046875 loss=31.22145837545395 epoch=28 and step=40
2026-04-19 10:44:46,894 - SplitNNClient - INFO - 26216 - phase=train acc=0.735546875 loss=29.52921372652054 epoch=28 and step=40
2026-04-19 10:44:47,284 - SplitNNClient - INFO - 24840 - phase=train acc=0.6294921875 loss=39.610871970653534 epoch=28 and step=40
2026-04-19 10:44:53,110 - SplitNNClient - INFO - 17116 - phase=train acc=0.7659375 loss=34.766154646873474 epoch=28 and step=50
2026-04-19 10:44:54,305 - SplitNNClient - INFO - 16812 - phase=train acc=0.71671875 loss=43.265237748622894 epoch=28 and step=50
2026-04-19 10:44:54,358 - SplitNNClient - INFO - 26216 - phase=train acc=0.73203125 loss=37.347930669784546 epoch=28 and step=50
2026-04-19 10:44:54,574 - SplitNNClient - INFO - 26292 - phase=train acc=0.7409375 loss=38.27461785078049 epoch=28 and step=50
2026-04-19 10:44:54,922 - SplitNNClient - INFO - 24840 - phase=train acc=0.63375 loss=48.4190913438797 epoch=28 and step=50
2026-04-19 10:45:00,170 - SplitNNClient - INFO - 17116 - phase=train acc=0.764453125 loss=41.85908579826355 epoch=28 and step=60
2026-04-19 10:45:01,069 - SplitNNClient - INFO - 16812 - phase=train acc=0.7166666666666667 loss=51.83114701509476 epoch=28 and step=60
2026-04-19 10:45:01,203 - SplitNNClient - INFO - 26216 - phase=train acc=0.733984375 loss=44.42560762166977 epoch=28 and step=60
2026-04-19 10:45:01,294 - SplitNNClient - INFO - 26292 - phase=train acc=0.7373697916666667 loss=45.90727984905243 epoch=28 and step=60
2026-04-19 10:45:05,987 - SplitNNClient - INFO - 17116 - phase=train acc=0.7674107142857143 loss=48.30060625076294 epoch=28 and step=70
2026-04-19 10:45:06,614 - SplitNNClient - INFO - 16812 - phase=train acc=0.7214285714285714 loss=59.50545394420624 epoch=28 and step=70
2026-04-19 10:45:08,991 - SplitNNClient - INFO - 17116 - phase=train acc=0.7689453125 loss=54.610635459423065 epoch=28 and step=80
2026-04-19 10:45:11,239 - SplitNNClient - INFO - 17116 - phase=train acc=0.771875 loss=60.519506752491 epoch=28 and step=90
2026-04-19 10:45:13,465 - SplitNNClient - INFO - 17116 - phase=train acc=0.77484375 loss=66.42936378717422 epoch=28 and step=100
2026-04-19 10:45:15,681 - SplitNNClient - INFO - 17116 - phase=train acc=0.775 loss=73.07366555929184 epoch=28 and step=110
2026-04-19 10:45:17,927 - SplitNNClient - INFO - 17116 - phase=train acc=0.7741536458333333 loss=80.1129503250122 epoch=28 and step=120
2026-04-19 10:45:18,594 - ServerManager - INFO - 18260 - get all model params ---- from rank 0
2026-04-19 10:45:18,614 - ServerManager - INFO - 18260 - Dist:72.3606185913086
2026-04-19 10:45:33,568 - SplitNNClient - INFO - 16812 - phase=validation acc=0.7176 loss=61.667898297309875 epoch=28 and step=79
2026-04-19 10:45:33,619 - SplitNNClient - INFO - 17116 - phase=validation acc=0.7176 loss=61.667898297309875 epoch=28 and step=79
2026-04-19 10:45:33,801 - SplitNNClient - INFO - 26216 - phase=validation acc=0.7176 loss=61.667898297309875 epoch=28 and step=79
2026-04-19 10:45:33,823 - SplitNNClient - INFO - 24840 - phase=validation acc=0.7176 loss=61.667898297309875 epoch=28 and step=79
2026-04-19 10:45:34,056 - SplitNNClient - INFO - 26292 - phase=validation acc=0.7176 loss=61.667898297309875 epoch=28 and step=79
2026-04-19 10:45:40,383 - SplitNNClient - INFO - 17116 - phase=train acc=0.7453125 loss=7.417225182056427 epoch=29 and step=10
2026-04-19 10:45:40,431 - SplitNNClient - INFO - 16812 - phase=train acc=0.671875 loss=10.140097916126251 epoch=29 and step=10
2026-04-19 10:45:40,769 - SplitNNClient - INFO - 26216 - phase=train acc=0.75625 loss=7.325579643249512 epoch=29 and step=10
2026-04-19 10:45:41,095 - SplitNNClient - INFO - 24840 - phase=train acc=0.58203125 loss=11.622361838817596 epoch=29 and step=10
2026-04-19 10:45:41,467 - SplitNNClient - INFO - 26292 - phase=train acc=0.70078125 loss=8.36641401052475 epoch=29 and step=10
2026-04-19 10:45:47,722 - SplitNNClient - INFO - 17116 - phase=train acc=0.771484375 loss=13.72466579079628 epoch=29 and step=20
2026-04-19 10:45:47,758 - SplitNNClient - INFO - 16812 - phase=train acc=0.704296875 loss=17.990018367767334 epoch=29 and step=20
2026-04-19 10:45:48,115 - SplitNNClient - INFO - 26216 - phase=train acc=0.756640625 loss=14.463685810565948 epoch=29 and step=20
2026-04-19 10:45:48,914 - SplitNNClient - INFO - 24840 - phase=train acc=0.6265625 loss=20.262476682662964 epoch=29 and step=20
2026-04-19 10:45:49,289 - SplitNNClient - INFO - 26292 - phase=train acc=0.7265625 loss=15.610355019569397 epoch=29 and step=20
2026-04-19 10:45:55,020 - SplitNNClient - INFO - 17116 - phase=train acc=0.7752604166666667 loss=20.196862190961838 epoch=29 and step=30
2026-04-19 10:45:55,139 - SplitNNClient - INFO - 16812 - phase=train acc=0.7143229166666667 loss=25.77623176574707 epoch=29 and step=30
2026-04-19 10:45:55,482 - SplitNNClient - INFO - 26216 - phase=train acc=0.7572916666666667 loss=21.381587982177734 epoch=29 and step=30
2026-04-19 10:45:56,774 - SplitNNClient - INFO - 24840 - phase=train acc=0.6390625 loss=28.812316358089447 epoch=29 and step=30
2026-04-19 10:45:57,063 - SplitNNClient - INFO - 26292 - phase=train acc=0.7356770833333334 loss=22.500363051891327 epoch=29 and step=30
2026-04-19 10:46:02,298 - SplitNNClient - INFO - 17116 - phase=train acc=0.7779296875 loss=26.574353843927383 epoch=29 and step=40
2026-04-19 10:46:02,529 - SplitNNClient - INFO - 16812 - phase=train acc=0.7173828125 loss=33.55658942461014 epoch=29 and step=40
2026-04-19 10:46:02,822 - SplitNNClient - INFO - 26216 - phase=train acc=0.7587890625 loss=28.114086031913757 epoch=29 and step=40
2026-04-19 10:46:04,294 - SplitNNClient - INFO - 24840 - phase=train acc=0.64453125 loss=37.64606034755707 epoch=29 and step=40
2026-04-19 10:46:04,600 - SplitNNClient - INFO - 26292 - phase=train acc=0.7369140625 loss=29.78618949651718 epoch=29 and step=40
2026-04-19 10:46:09,753 - SplitNNClient - INFO - 17116 - phase=train acc=0.7809375 loss=32.57276028394699 epoch=29 and step=50
2026-04-19 10:46:10,009 - SplitNNClient - INFO - 16812 - phase=train acc=0.72125 loss=41.99891376495361 epoch=29 and step=50
2026-04-19 10:46:10,263 - SplitNNClient - INFO - 26216 - phase=train acc=0.75765625 loss=35.291801273822784 epoch=29 and step=50
2026-04-19 10:46:11,862 - SplitNNClient - INFO - 24840 - phase=train acc=0.65546875 loss=46.09095197916031 epoch=29 and step=50
2026-04-19 10:46:12,162 - SplitNNClient - INFO - 26292 - phase=train acc=0.740625 loss=36.7471039891243 epoch=29 and step=50
2026-04-19 10:46:16,769 - SplitNNClient - INFO - 17116 - phase=train acc=0.783984375 loss=38.47450426220894 epoch=29 and step=60
2026-04-19 10:46:17,040 - SplitNNClient - INFO - 16812 - phase=train acc=0.723828125 loss=50.01152563095093 epoch=29 and step=60
2026-04-19 10:46:17,330 - SplitNNClient - INFO - 26216 - phase=train acc=0.75546875 loss=42.54907846450806 epoch=29 and step=60
2026-04-19 10:46:18,687 - SplitNNClient - INFO - 26292 - phase=train acc=0.744140625 loss=43.52313619852066 epoch=29 and step=60
2026-04-19 10:46:22,780 - SplitNNClient - INFO - 17116 - phase=train acc=0.7854910714285714 loss=44.397917568683624 epoch=29 and step=70
2026-04-19 10:46:23,085 - SplitNNClient - INFO - 16812 - phase=train acc=0.7272321428571429 loss=57.71883112192154 epoch=29 and step=70
2026-04-19 10:46:25,748 - SplitNNClient - INFO - 17116 - phase=train acc=0.78544921875 loss=51.16892766952515 epoch=29 and step=80
2026-04-19 10:46:27,995 - SplitNNClient - INFO - 17116 - phase=train acc=0.7860243055555556 loss=57.34350025653839 epoch=29 and step=90
2026-04-19 10:46:30,223 - SplitNNClient - INFO - 17116 - phase=train acc=0.78625 loss=63.78262147307396 epoch=29 and step=100
2026-04-19 10:46:32,514 - SplitNNClient - INFO - 17116 - phase=train acc=0.7854403409090909 loss=70.16587644815445 epoch=29 and step=110
2026-04-19 10:46:34,772 - SplitNNClient - INFO - 17116 - phase=train acc=0.7854817708333334 loss=76.44844421744347 epoch=29 and step=120
2026-04-19 10:46:35,433 - ServerManager - INFO - 18260 - get all model params ---- from rank 0
2026-04-19 10:46:35,452 - ServerManager - INFO - 18260 - Dist:172.17257690429688
2026-04-19 10:46:49,863 - SplitNNClient - INFO - 17116 - phase=validation acc=0.7252 loss=59.818631410598755 epoch=29 and step=79
2026-04-19 10:46:49,996 - SplitNNClient - INFO - 26292 - phase=validation acc=0.7252 loss=59.818631410598755 epoch=29 and step=79
2026-04-19 10:46:50,203 - SplitNNClient - INFO - 16812 - phase=validation acc=0.7252 loss=59.818631410598755 epoch=29 and step=79
2026-04-19 10:46:50,367 - SplitNNClient - INFO - 26216 - phase=validation acc=0.7252 loss=59.818631410598755 epoch=29 and step=79
2026-04-19 10:46:51,776 - SplitNNClient - INFO - 24840 - phase=validation acc=0.7252 loss=59.818631410598755 epoch=29 and step=79
2026-04-19 10:46:56,360 - SplitNNClient - INFO - 17116 - phase=train acc=0.73828125 loss=7.605187475681305 epoch=30 and step=10
2026-04-19 10:46:56,364 - SplitNNClient - INFO - 26292 - phase=train acc=0.7171875 loss=8.196338176727295 epoch=30 and step=10
2026-04-19 10:46:56,718 - SplitNNClient - INFO - 16812 - phase=train acc=0.65625 loss=10.239627122879028 epoch=30 and step=10
2026-04-19 10:46:56,966 - SplitNNClient - INFO - 26216 - phase=train acc=0.72421875 loss=7.860678315162659 epoch=30 and step=10
2026-04-19 10:46:59,244 - SplitNNClient - INFO - 24840 - phase=train acc=0.58828125 loss=11.988178372383118 epoch=30 and step=10
2026-04-19 10:47:03,382 - SplitNNClient - INFO - 26292 - phase=train acc=0.744921875 loss=14.91790521144867 epoch=30 and step=20
2026-04-19 10:47:03,478 - SplitNNClient - INFO - 17116 - phase=train acc=0.7640625 loss=13.710608005523682 epoch=30 and step=20
2026-04-19 10:47:03,773 - SplitNNClient - INFO - 16812 - phase=train acc=0.688671875 loss=18.36784076690674 epoch=30 and step=20
2026-04-19 10:47:04,107 - SplitNNClient - INFO - 26216 - phase=train acc=0.741015625 loss=14.806295096874237 epoch=30 and step=20
2026-04-19 10:47:07,134 - SplitNNClient - INFO - 24840 - phase=train acc=0.609375 loss=21.661571264266968 epoch=30 and step=20
2026-04-19 10:47:10,482 - SplitNNClient - INFO - 26292 - phase=train acc=0.7486979166666666 loss=21.813379526138306 epoch=30 and step=30
2026-04-19 10:47:10,530 - SplitNNClient - INFO - 17116 - phase=train acc=0.7734375 loss=19.7523892223835 epoch=30 and step=30
2026-04-19 10:47:10,858 - SplitNNClient - INFO - 16812 - phase=train acc=0.7067708333333333 loss=25.992983639240265 epoch=30 and step=30
2026-04-19 10:47:11,206 - SplitNNClient - INFO - 26216 - phase=train acc=0.7442708333333333 loss=22.07390969991684 epoch=30 and step=30
2026-04-19 10:47:15,108 - SplitNNClient - INFO - 24840 - phase=train acc=0.6291666666666667 loss=30.364661693572998 epoch=30 and step=30
2026-04-19 10:47:17,471 - SplitNNClient - INFO - 26292 - phase=train acc=0.7560546875 loss=28.505168437957764 epoch=30 and step=40
2026-04-19 10:47:17,624 - SplitNNClient - INFO - 17116 - phase=train acc=0.7751953125 loss=26.174633473157883 epoch=30 and step=40
2026-04-19 10:47:17,915 - SplitNNClient - INFO - 16812 - phase=train acc=0.7173828125 loss=33.624824702739716 epoch=30 and step=40
2026-04-19 10:47:18,269 - SplitNNClient - INFO - 26216 - phase=train acc=0.7486328125 loss=28.74853217601776 epoch=30 and step=40
2026-04-19 10:47:23,079 - SplitNNClient - INFO - 24840 - phase=train acc=0.64765625 loss=38.24816083908081 epoch=30 and step=40
2026-04-19 10:47:24,397 - SplitNNClient - INFO - 26292 - phase=train acc=0.75765625 loss=35.240098774433136 epoch=30 and step=50
2026-04-19 10:47:24,854 - SplitNNClient - INFO - 17116 - phase=train acc=0.775625 loss=32.484868079423904 epoch=30 and step=50
2026-04-19 10:47:24,856 - SplitNNClient - INFO - 16812 - phase=train acc=0.71859375 loss=41.569899678230286 epoch=30 and step=50
2026-04-19 10:47:25,313 - SplitNNClient - INFO - 26216 - phase=train acc=0.74796875 loss=35.652017056941986 epoch=30 and step=50
2026-04-19 10:47:31,066 - SplitNNClient - INFO - 24840 - phase=train acc=0.65046875 loss=47.046528458595276 epoch=30 and step=50
2026-04-19 10:47:31,266 - SplitNNClient - INFO - 26292 - phase=train acc=0.7604166666666666 loss=41.958856761455536 epoch=30 and step=60
2026-04-19 10:47:31,989 - SplitNNClient - INFO - 16812 - phase=train acc=0.7272135416666666 loss=48.925579845905304 epoch=30 and step=60
2026-04-19 10:47:32,042 - SplitNNClient - INFO - 17116 - phase=train acc=0.77890625 loss=38.46733829379082 epoch=30 and step=60
2026-04-19 10:47:32,360 - SplitNNClient - INFO - 26216 - phase=train acc=0.7483072916666667 loss=42.69379162788391 epoch=30 and step=60
2026-04-19 10:47:37,777 - SplitNNClient - INFO - 17116 - phase=train acc=0.7813616071428572 loss=44.40873396396637 epoch=30 and step=70
2026-04-19 10:47:37,814 - SplitNNClient - INFO - 16812 - phase=train acc=0.7323660714285715 loss=56.215132772922516 epoch=30 and step=70
2026-04-19 10:47:40,553 - SplitNNClient - INFO - 17116 - phase=train acc=0.78193359375 loss=50.76907530426979 epoch=30 and step=80
2026-04-19 10:47:42,825 - SplitNNClient - INFO - 17116 - phase=train acc=0.78203125 loss=57.03974801301956 epoch=30 and step=90
2026-04-19 10:47:45,078 - SplitNNClient - INFO - 17116 - phase=train acc=0.78265625 loss=63.261051297187805 epoch=30 and step=100
2026-04-19 10:47:47,300 - SplitNNClient - INFO - 17116 - phase=train acc=0.7850142045454546 loss=69.28205651044846 epoch=30 and step=110
2026-04-19 10:47:49,557 - SplitNNClient - INFO - 17116 - phase=train acc=0.784375 loss=75.74833354353905 epoch=30 and step=120
2026-04-19 10:47:50,246 - ServerManager - INFO - 18260 - get all model params ---- from rank 0
2026-04-19 10:47:50,266 - ServerManager - INFO - 18260 - Dist:59.95016098022461
2026-04-19 10:48:03,600 - SplitNNClient - INFO - 24840 - phase=validation acc=0.7375 loss=57.04480245709419 epoch=30 and step=79
2026-04-19 10:48:04,322 - SplitNNClient - INFO - 26292 - phase=validation acc=0.7375 loss=57.04480245709419 epoch=30 and step=79
2026-04-19 10:48:05,401 - SplitNNClient - INFO - 17116 - phase=validation acc=0.7375 loss=57.04480245709419 epoch=30 and step=79
2026-04-19 10:48:05,796 - SplitNNClient - INFO - 26216 - phase=validation acc=0.7375 loss=57.04480245709419 epoch=30 and step=79
2026-04-19 10:48:05,798 - SplitNNClient - INFO - 16812 - phase=validation acc=0.7375 loss=57.04480245709419 epoch=30 and step=79
2026-04-19 10:48:10,071 - SplitNNClient - INFO - 24840 - phase=train acc=0.62890625 loss=10.496221542358398 epoch=31 and step=10
2026-04-19 10:48:10,735 - SplitNNClient - INFO - 26292 - phase=train acc=0.70859375 loss=8.551823198795319 epoch=31 and step=10
2026-04-19 10:48:12,554 - SplitNNClient - INFO - 17116 - phase=train acc=0.72890625 loss=7.627354055643082 epoch=31 and step=10
2026-04-19 10:48:12,900 - SplitNNClient - INFO - 26216 - phase=train acc=0.76875 loss=7.315698802471161 epoch=31 and step=10
2026-04-19 10:48:12,935 - SplitNNClient - INFO - 16812 - phase=train acc=0.6953125 loss=9.369275510311127 epoch=31 and step=10
2026-04-19 10:48:17,096 - SplitNNClient - INFO - 24840 - phase=train acc=0.640625 loss=19.512897312641144 epoch=31 and step=20
2026-04-19 10:48:17,840 - SplitNNClient - INFO - 26292 - phase=train acc=0.731640625 loss=15.376839876174927 epoch=31 and step=20
2026-04-19 10:48:20,275 - SplitNNClient - INFO - 17116 - phase=train acc=0.75625 loss=14.301608175039291 epoch=31 and step=20
2026-04-19 10:48:20,544 - SplitNNClient - INFO - 26216 - phase=train acc=0.7765625 loss=13.65605241060257 epoch=31 and step=20
2026-04-19 10:48:20,598 - SplitNNClient - INFO - 16812 - phase=train acc=0.703125 loss=17.85186058282852 epoch=31 and step=20
2026-04-19 10:48:24,188 - SplitNNClient - INFO - 24840 - phase=train acc=0.6473958333333333 loss=28.02582997083664 epoch=31 and step=30
2026-04-19 10:48:24,868 - SplitNNClient - INFO - 26292 - phase=train acc=0.7307291666666667 loss=22.810625553131104 epoch=31 and step=30
2026-04-19 10:48:27,945 - SplitNNClient - INFO - 17116 - phase=train acc=0.7682291666666666 loss=20.351713448762894 epoch=31 and step=30
2026-04-19 10:48:28,235 - SplitNNClient - INFO - 16812 - phase=train acc=0.7161458333333334 loss=25.454825580120087 epoch=31 and step=30
2026-04-19 10:48:28,337 - SplitNNClient - INFO - 26216 - phase=train acc=0.7716145833333333 loss=20.850239515304565 epoch=31 and step=30
2026-04-19 10:48:31,371 - SplitNNClient - INFO - 24840 - phase=train acc=0.652734375 loss=36.8620702624321 epoch=31 and step=40
2026-04-19 10:48:32,038 - SplitNNClient - INFO - 26292 - phase=train acc=0.7330078125 loss=29.914436995983124 epoch=31 and step=40
2026-04-19 10:48:35,492 - SplitNNClient - INFO - 17116 - phase=train acc=0.773828125 loss=26.299459666013718 epoch=31 and step=40
2026-04-19 10:48:35,849 - SplitNNClient - INFO - 16812 - phase=train acc=0.72265625 loss=33.09255939722061 epoch=31 and step=40
2026-04-19 10:48:35,917 - SplitNNClient - INFO - 26216 - phase=train acc=0.764453125 loss=27.988346695899963 epoch=31 and step=40
2026-04-19 10:48:38,943 - SplitNNClient - INFO - 24840 - phase=train acc=0.6559375 loss=45.55592179298401 epoch=31 and step=50
2026-04-19 10:48:39,654 - SplitNNClient - INFO - 26292 - phase=train acc=0.740625 loss=36.34588497877121 epoch=31 and step=50
2026-04-19 10:48:42,914 - SplitNNClient - INFO - 17116 - phase=train acc=0.7775 loss=32.37372237443924 epoch=31 and step=50
2026-04-19 10:48:43,220 - SplitNNClient - INFO - 16812 - phase=train acc=0.72359375 loss=41.14605385065079 epoch=31 and step=50
2026-04-19 10:48:43,469 - SplitNNClient - INFO - 26216 - phase=train acc=0.76328125 loss=34.905184388160706 epoch=31 and step=50
2026-04-19 10:48:46,057 - SplitNNClient - INFO - 26292 - phase=train acc=0.7424479166666667 loss=43.484209418296814 epoch=31 and step=60
2026-04-19 10:48:48,842 - SplitNNClient - INFO - 17116 - phase=train acc=0.7802083333333333 loss=38.49636119604111 epoch=31 and step=60
2026-04-19 10:48:49,230 - SplitNNClient - INFO - 16812 - phase=train acc=0.72890625 loss=48.625758826732635 epoch=31 and step=60
2026-04-19 10:48:49,459 - SplitNNClient - INFO - 26216 - phase=train acc=0.760546875 loss=42.05706810951233 epoch=31 and step=60
2026-04-19 10:48:53,612 - SplitNNClient - INFO - 17116 - phase=train acc=0.7794642857142857 loss=44.74372082948685 epoch=31 and step=70
2026-04-19 10:48:53,824 - SplitNNClient - INFO - 16812 - phase=train acc=0.7344866071428572 loss=55.71571171283722 epoch=31 and step=70
2026-04-19 10:48:56,445 - SplitNNClient - INFO - 17116 - phase=train acc=0.78251953125 loss=50.739118337631226 epoch=31 and step=80
2026-04-19 10:48:58,713 - SplitNNClient - INFO - 17116 - phase=train acc=0.78515625 loss=56.48789659142494 epoch=31 and step=90
2026-04-19 10:49:00,995 - SplitNNClient - INFO - 17116 - phase=train acc=0.784765625 loss=62.539993315935135 epoch=31 and step=100
2026-04-19 10:49:03,251 - SplitNNClient - INFO - 17116 - phase=train acc=0.7863636363636364 loss=68.41912478208542 epoch=31 and step=110
2026-04-19 10:49:05,534 - SplitNNClient - INFO - 17116 - phase=train acc=0.7877604166666666 loss=74.10050666332245 epoch=31 and step=120
2026-04-19 10:49:06,200 - ServerManager - INFO - 18260 - get all model params ---- from rank 0
2026-04-19 10:49:06,222 - ServerManager - INFO - 18260 - Dist:56.55228042602539
2026-04-19 10:49:20,742 - SplitNNClient - INFO - 16812 - phase=validation acc=0.7416 loss=56.671189963817596 epoch=31 and step=79
2026-04-19 10:49:20,963 - SplitNNClient - INFO - 17116 - phase=validation acc=0.7416 loss=56.671189963817596 epoch=31 and step=79
2026-04-19 10:49:21,473 - SplitNNClient - INFO - 26216 - phase=validation acc=0.7416 loss=56.671189963817596 epoch=31 and step=79
2026-04-19 10:49:21,574 - SplitNNClient - INFO - 24840 - phase=validation acc=0.7416 loss=56.671189963817596 epoch=31 and step=79
2026-04-19 10:49:22,258 - SplitNNClient - INFO - 26292 - phase=validation acc=0.7416 loss=56.671189963817596 epoch=31 and step=79
2026-04-19 10:49:26,683 - SplitNNClient - INFO - 17116 - phase=train acc=0.7390625 loss=7.895819425582886 epoch=32 and step=10
2026-04-19 10:49:27,739 - SplitNNClient - INFO - 16812 - phase=train acc=0.70390625 loss=8.789073765277863 epoch=32 and step=10
2026-04-19 10:49:28,705 - SplitNNClient - INFO - 26216 - phase=train acc=0.7515625 loss=7.308234095573425 epoch=32 and step=10
2026-04-19 10:49:28,946 - SplitNNClient - INFO - 24840 - phase=train acc=0.6140625 loss=11.076377511024475 epoch=32 and step=10
2026-04-19 10:49:29,685 - SplitNNClient - INFO - 26292 - phase=train acc=0.73125 loss=7.775254249572754 epoch=32 and step=10
2026-04-19 10:49:32,999 - SplitNNClient - INFO - 17116 - phase=train acc=0.763671875 loss=13.91434583067894 epoch=32 and step=20
2026-04-19 10:49:35,574 - SplitNNClient - INFO - 16812 - phase=train acc=0.720703125 loss=16.606619477272034 epoch=32 and step=20
2026-04-19 10:49:36,425 - SplitNNClient - INFO - 26216 - phase=train acc=0.774609375 loss=13.21667605638504 epoch=32 and step=20
2026-04-19 10:49:36,682 - SplitNNClient - INFO - 24840 - phase=train acc=0.633203125 loss=19.998270094394684 epoch=32 and step=20
2026-04-19 10:49:37,473 - SplitNNClient - INFO - 26292 - phase=train acc=0.74375 loss=14.732628047466278 epoch=32 and step=20
2026-04-19 10:49:39,849 - SplitNNClient - INFO - 17116 - phase=train acc=0.7770833333333333 loss=20.003354787826538 epoch=32 and step=30
2026-04-19 10:49:43,312 - SplitNNClient - INFO - 16812 - phase=train acc=0.73046875 loss=24.038242995738983 epoch=32 and step=30
2026-04-19 10:49:44,138 - SplitNNClient - INFO - 26216 - phase=train acc=0.7682291666666666 loss=20.31389582157135 epoch=32 and step=30
2026-04-19 10:49:44,297 - SplitNNClient - INFO - 24840 - phase=train acc=0.64140625 loss=28.888625502586365 epoch=32 and step=30
2026-04-19 10:49:45,081 - SplitNNClient - INFO - 26292 - phase=train acc=0.7489583333333333 loss=21.41343194246292 epoch=32 and step=30
2026-04-19 10:49:46,659 - SplitNNClient - INFO - 17116 - phase=train acc=0.785546875 loss=25.802689969539642 epoch=32 and step=40
2026-04-19 10:49:51,138 - SplitNNClient - INFO - 16812 - phase=train acc=0.739453125 loss=30.867816865444183 epoch=32 and step=40
2026-04-19 10:49:51,905 - SplitNNClient - INFO - 24840 - phase=train acc=0.651953125 loss=36.97267973423004 epoch=32 and step=40
2026-04-19 10:49:51,914 - SplitNNClient - INFO - 26216 - phase=train acc=0.7716796875 loss=26.619528591632843 epoch=32 and step=40
2026-04-19 10:49:52,764 - SplitNNClient - INFO - 26292 - phase=train acc=0.7533203125 loss=28.212352454662323 epoch=32 and step=40
2026-04-19 10:49:53,456 - SplitNNClient - INFO - 17116 - phase=train acc=0.78859375 loss=31.536984026432037 epoch=32 and step=50
2026-04-19 10:49:59,035 - SplitNNClient - INFO - 16812 - phase=train acc=0.74390625 loss=38.11376255750656 epoch=32 and step=50
2026-04-19 10:49:59,664 - SplitNNClient - INFO - 24840 - phase=train acc=0.6596875 loss=44.57011550664902 epoch=32 and step=50
2026-04-19 10:49:59,687 - SplitNNClient - INFO - 26216 - phase=train acc=0.77015625 loss=33.37431043386459 epoch=32 and step=50
2026-04-19 10:50:00,437 - SplitNNClient - INFO - 17116 - phase=train acc=0.7895833333333333 loss=37.27097034454346 epoch=32 and step=60
2026-04-19 10:50:00,461 - SplitNNClient - INFO - 26292 - phase=train acc=0.753125 loss=35.00421816110611 epoch=32 and step=50
2026-04-19 10:50:06,324 - SplitNNClient - INFO - 16812 - phase=train acc=0.746484375 loss=45.64614951610565 epoch=32 and step=60
2026-04-19 10:50:06,671 - SplitNNClient - INFO - 17116 - phase=train acc=0.7912946428571429 loss=43.02929440140724 epoch=32 and step=70
2026-04-19 10:50:06,711 - SplitNNClient - INFO - 26216 - phase=train acc=0.772265625 loss=39.67724198102951 epoch=32 and step=60
2026-04-19 10:50:06,981 - SplitNNClient - INFO - 26292 - phase=train acc=0.75703125 loss=41.683852791786194 epoch=32 and step=60
2026-04-19 10:50:12,244 - SplitNNClient - INFO - 17116 - phase=train acc=0.7916015625 loss=48.983003824949265 epoch=32 and step=80
2026-04-19 10:50:12,254 - SplitNNClient - INFO - 16812 - phase=train acc=0.7518973214285715 loss=52.645615339279175 epoch=32 and step=70
2026-04-19 10:50:15,031 - SplitNNClient - INFO - 17116 - phase=train acc=0.7927083333333333 loss=54.93262925744057 epoch=32 and step=90
2026-04-19 10:50:17,304 - SplitNNClient - INFO - 17116 - phase=train acc=0.795546875 loss=60.439781963825226 epoch=32 and step=100
2026-04-19 10:50:19,508 - SplitNNClient - INFO - 17116 - phase=train acc=0.7965909090909091 loss=66.07396179437637 epoch=32 and step=110
2026-04-19 10:50:21,739 - SplitNNClient - INFO - 17116 - phase=train acc=0.7975260416666666 loss=71.69649323821068 epoch=32 and step=120
2026-04-19 10:50:22,394 - ServerManager - INFO - 18260 - get all model params ---- from rank 0
2026-04-19 10:50:22,420 - ServerManager - INFO - 18260 - Dist:171.0792694091797
2026-04-19 10:50:36,179 - SplitNNClient - INFO - 24840 - phase=validation acc=0.7462 loss=55.1944522857666 epoch=32 and step=79
2026-04-19 10:50:36,839 - SplitNNClient - INFO - 16812 - phase=validation acc=0.7462 loss=55.1944522857666 epoch=32 and step=79
2026-04-19 10:50:37,620 - SplitNNClient - INFO - 26292 - phase=validation acc=0.7462 loss=55.1944522857666 epoch=32 and step=79
2026-04-19 10:50:38,341 - SplitNNClient - INFO - 17116 - phase=validation acc=0.7462 loss=55.1944522857666 epoch=32 and step=79
2026-04-19 10:50:38,346 - SplitNNClient - INFO - 26216 - phase=validation acc=0.7462 loss=55.1944522857666 epoch=32 and step=79
2026-04-19 10:50:42,243 - SplitNNClient - INFO - 24840 - phase=train acc=0.61796875 loss=10.95706957578659 epoch=33 and step=10
2026-04-19 10:50:43,379 - SplitNNClient - INFO - 16812 - phase=train acc=0.69375 loss=9.0398451089859 epoch=33 and step=10
2026-04-19 10:50:44,901 - SplitNNClient - INFO - 26292 - phase=train acc=0.73125 loss=8.00889778137207 epoch=33 and step=10
2026-04-19 10:50:45,822 - SplitNNClient - INFO - 17116 - phase=train acc=0.7421875 loss=7.4422454833984375 epoch=33 and step=10
2026-04-19 10:50:45,840 - SplitNNClient - INFO - 26216 - phase=train acc=0.75078125 loss=7.199489712715149 epoch=33 and step=10
2026-04-19 10:50:49,053 - SplitNNClient - INFO - 24840 - phase=train acc=0.64140625 loss=19.834577798843384 epoch=33 and step=20
2026-04-19 10:50:50,413 - SplitNNClient - INFO - 16812 - phase=train acc=0.719921875 loss=16.84137737751007 epoch=33 and step=20
2026-04-19 10:50:52,600 - SplitNNClient - INFO - 26292 - phase=train acc=0.741015625 loss=15.064497768878937 epoch=33 and step=20
2026-04-19 10:50:53,737 - SplitNNClient - INFO - 17116 - phase=train acc=0.7734375 loss=13.127976387739182 epoch=33 and step=20
2026-04-19 10:50:53,767 - SplitNNClient - INFO - 26216 - phase=train acc=0.760546875 loss=13.988445520401001 epoch=33 and step=20
2026-04-19 10:50:55,988 - SplitNNClient - INFO - 24840 - phase=train acc=0.65 loss=29.017081141471863 epoch=33 and step=30
2026-04-19 10:50:57,485 - SplitNNClient - INFO - 16812 - phase=train acc=0.7359375 loss=23.827284514904022 epoch=33 and step=30
2026-04-19 10:51:00,268 - SplitNNClient - INFO - 26292 - phase=train acc=0.75 loss=21.43245369195938 epoch=33 and step=30
2026-04-19 10:51:01,717 - SplitNNClient - INFO - 26216 - phase=train acc=0.7658854166666667 loss=20.642198264598846 epoch=33 and step=30
2026-04-19 10:51:01,733 - SplitNNClient - INFO - 17116 - phase=train acc=0.7861979166666667 loss=19.224996358156204 epoch=33 and step=30
2026-04-19 10:51:02,696 - SplitNNClient - INFO - 24840 - phase=train acc=0.6537109375 loss=37.445663928985596 epoch=33 and step=40
2026-04-19 10:51:04,570 - SplitNNClient - INFO - 16812 - phase=train acc=0.7384765625 loss=31.45226228237152 epoch=33 and step=40
2026-04-19 10:51:07,877 - SplitNNClient - INFO - 26292 - phase=train acc=0.7525390625 loss=28.292180061340332 epoch=33 and step=40
2026-04-19 10:51:09,492 - SplitNNClient - INFO - 24840 - phase=train acc=0.66171875 loss=45.61621052026749 epoch=33 and step=50
2026-04-19 10:51:09,704 - SplitNNClient - INFO - 26216 - phase=train acc=0.7638671875 loss=27.404823303222656 epoch=33 and step=40
2026-04-19 10:51:09,767 - SplitNNClient - INFO - 17116 - phase=train acc=0.7904296875 loss=25.06563174724579 epoch=33 and step=40
2026-04-19 10:51:11,502 - SplitNNClient - INFO - 16812 - phase=train acc=0.74109375 loss=38.80986821651459 epoch=33 and step=50
2026-04-19 10:51:14,909 - SplitNNClient - INFO - 26292 - phase=train acc=0.759375 loss=34.47925081849098 epoch=33 and step=50
2026-04-19 10:51:16,469 - SplitNNClient - INFO - 17116 - phase=train acc=0.7934375 loss=31.196147620677948 epoch=33 and step=50
2026-04-19 10:51:16,490 - SplitNNClient - INFO - 26216 - phase=train acc=0.7653125 loss=34.101107239723206 epoch=33 and step=50
2026-04-19 10:51:17,566 - SplitNNClient - INFO - 16812 - phase=train acc=0.7415364583333334 loss=46.04516500234604 epoch=33 and step=60
2026-04-19 10:51:20,383 - SplitNNClient - INFO - 26292 - phase=train acc=0.7602864583333333 loss=41.25166043639183 epoch=33 and step=60
2026-04-19 10:51:22,573 - SplitNNClient - INFO - 17116 - phase=train acc=0.7924479166666667 loss=37.44889262318611 epoch=33 and step=60
2026-04-19 10:51:22,574 - SplitNNClient - INFO - 26216 - phase=train acc=0.7640625 loss=40.83904230594635 epoch=33 and step=60
2026-04-19 10:51:23,381 - SplitNNClient - INFO - 16812 - phase=train acc=0.7415178571428571 loss=53.825050473213196 epoch=33 and step=70
2026-04-19 10:51:27,191 - SplitNNClient - INFO - 17116 - phase=train acc=0.7947544642857143 loss=43.07703846693039 epoch=33 and step=70
2026-04-19 10:51:29,509 - SplitNNClient - INFO - 17116 - phase=train acc=0.79716796875 loss=48.85217809677124 epoch=33 and step=80
2026-04-19 10:51:31,803 - SplitNNClient - INFO - 17116 - phase=train acc=0.7990451388888888 loss=54.47191494703293 epoch=33 and step=90
2026-04-19 10:51:34,082 - SplitNNClient - INFO - 17116 - phase=train acc=0.800390625 loss=60.26448893547058 epoch=33 and step=100
2026-04-19 10:51:36,362 - SplitNNClient - INFO - 17116 - phase=train acc=0.8001420454545455 loss=65.96977484226227 epoch=33 and step=110
2026-04-19 10:51:38,605 - SplitNNClient - INFO - 17116 - phase=train acc=0.8008463541666667 loss=71.8194031715393 epoch=33 and step=120
2026-04-19 10:51:39,277 - ServerManager - INFO - 18260 - get all model params ---- from rank 0
2026-04-19 10:51:39,301 - ServerManager - INFO - 18260 - Dist:83.17427062988281
2026-04-19 10:51:52,502 - SplitNNClient - INFO - 26216 - phase=validation acc=0.7509 loss=54.01558116078377 epoch=33 and step=79
2026-04-19 10:51:54,464 - SplitNNClient - INFO - 26292 - phase=validation acc=0.7509 loss=54.01558116078377 epoch=33 and step=79
2026-04-19 10:51:54,793 - SplitNNClient - INFO - 24840 - phase=validation acc=0.7509 loss=54.01558116078377 epoch=33 and step=79
2026-04-19 10:51:54,806 - SplitNNClient - INFO - 17116 - phase=validation acc=0.7509 loss=54.01558116078377 epoch=33 and step=79
2026-04-19 10:51:55,213 - SplitNNClient - INFO - 16812 - phase=validation acc=0.7509 loss=54.01558116078377 epoch=33 and step=79
2026-04-19 10:51:58,802 - SplitNNClient - INFO - 26216 - phase=train acc=0.74609375 loss=7.072989046573639 epoch=34 and step=10
2026-04-19 10:52:01,556 - SplitNNClient - INFO - 26292 - phase=train acc=0.7140625 loss=8.17661339044571 epoch=34 and step=10
2026-04-19 10:52:01,930 - SplitNNClient - INFO - 24840 - phase=train acc=0.61796875 loss=10.837307572364807 epoch=34 and step=10
2026-04-19 10:52:01,960 - SplitNNClient - INFO - 17116 - phase=train acc=0.76953125 loss=7.010868191719055 epoch=34 and step=10
2026-04-19 10:52:02,336 - SplitNNClient - INFO - 16812 - phase=train acc=0.69375 loss=9.615366518497467 epoch=34 and step=10
2026-04-19 10:52:05,755 - SplitNNClient - INFO - 26216 - phase=train acc=0.7609375 loss=13.575518488883972 epoch=34 and step=20
2026-04-19 10:52:09,118 - SplitNNClient - INFO - 26292 - phase=train acc=0.750390625 loss=14.19181203842163 epoch=34 and step=20
2026-04-19 10:52:09,464 - SplitNNClient - INFO - 24840 - phase=train acc=0.64765625 loss=19.615798473358154 epoch=34 and step=20
2026-04-19 10:52:09,505 - SplitNNClient - INFO - 17116 - phase=train acc=0.792578125 loss=12.491642504930496 epoch=34 and step=20
2026-04-19 10:52:09,878 - SplitNNClient - INFO - 16812 - phase=train acc=0.71640625 loss=17.532268524169922 epoch=34 and step=20
2026-04-19 10:52:12,770 - SplitNNClient - INFO - 26216 - phase=train acc=0.7598958333333333 loss=20.60390669107437 epoch=34 and step=30
2026-04-19 10:52:16,681 - SplitNNClient - INFO - 26292 - phase=train acc=0.7596354166666667 loss=20.81958943605423 epoch=34 and step=30
2026-04-19 10:52:17,031 - SplitNNClient - INFO - 24840 - phase=train acc=0.6635416666666667 loss=27.719245493412018 epoch=34 and step=30
2026-04-19 10:52:17,102 - SplitNNClient - INFO - 17116 - phase=train acc=0.7903645833333334 loss=19.057776868343353 epoch=34 and step=30
2026-04-19 10:52:17,438 - SplitNNClient - INFO - 16812 - phase=train acc=0.7296875 loss=25.039355218410492 epoch=34 and step=30
2026-04-19 10:52:19,625 - SplitNNClient - INFO - 26216 - phase=train acc=0.7705078125 loss=26.48136979341507 epoch=34 and step=40
2026-04-19 10:52:24,205 - SplitNNClient - INFO - 26292 - phase=train acc=0.7654296875 loss=26.67138734459877 epoch=34 and step=40
2026-04-19 10:52:24,601 - SplitNNClient - INFO - 24840 - phase=train acc=0.6685546875 loss=35.93576955795288 epoch=34 and step=40
2026-04-19 10:52:24,753 - SplitNNClient - INFO - 17116 - phase=train acc=0.7970703125 loss=24.62101501226425 epoch=34 and step=40
2026-04-19 10:52:24,962 - SplitNNClient - INFO - 16812 - phase=train acc=0.7373046875 loss=32.50290763378143 epoch=34 and step=40
2026-04-19 10:52:26,616 - SplitNNClient - INFO - 26216 - phase=train acc=0.77015625 loss=33.086256206035614 epoch=34 and step=50
2026-04-19 10:52:31,824 - SplitNNClient - INFO - 26292 - phase=train acc=0.76625 loss=32.922207206487656 epoch=34 and step=50
2026-04-19 10:52:32,104 - SplitNNClient - INFO - 24840 - phase=train acc=0.67390625 loss=43.85459131002426 epoch=34 and step=50
2026-04-19 10:52:32,320 - SplitNNClient - INFO - 17116 - phase=train acc=0.79359375 loss=30.822761207818985 epoch=34 and step=50
2026-04-19 10:52:32,541 - SplitNNClient - INFO - 16812 - phase=train acc=0.74 loss=39.97430795431137 epoch=34 and step=50
2026-04-19 10:52:33,531 - SplitNNClient - INFO - 26216 - phase=train acc=0.7686197916666667 loss=39.58137255907059 epoch=34 and step=60
2026-04-19 10:52:38,459 - SplitNNClient - INFO - 26292 - phase=train acc=0.7657552083333333 loss=39.61884614825249 epoch=34 and step=60
2026-04-19 10:52:39,003 - SplitNNClient - INFO - 17116 - phase=train acc=0.794921875 loss=36.81516966223717 epoch=34 and step=60
2026-04-19 10:52:39,291 - SplitNNClient - INFO - 16812 - phase=train acc=0.7440104166666667 loss=47.21912056207657 epoch=34 and step=60
2026-04-19 10:52:43,016 - SplitNNClient - INFO - 17116 - phase=train acc=0.7959821428571429 loss=42.57634508609772 epoch=34 and step=70
2026-04-19 10:52:43,151 - SplitNNClient - INFO - 16812 - phase=train acc=0.7462053571428572 loss=54.32769399881363 epoch=34 and step=70
2026-04-19 10:52:45,723 - SplitNNClient - INFO - 17116 - phase=train acc=0.79482421875 loss=48.78881883621216 epoch=34 and step=80
2026-04-19 10:52:47,963 - SplitNNClient - INFO - 17116 - phase=train acc=0.7940104166666667 loss=54.7287315428257 epoch=34 and step=90
2026-04-19 10:52:50,209 - SplitNNClient - INFO - 17116 - phase=train acc=0.795234375 loss=60.422274231910706 epoch=34 and step=100
2026-04-19 10:52:52,470 - SplitNNClient - INFO - 17116 - phase=train acc=0.7947443181818182 loss=66.66994017362595 epoch=34 and step=110
2026-04-19 10:52:54,725 - SplitNNClient - INFO - 17116 - phase=train acc=0.7944661458333333 loss=72.85539680719376 epoch=34 and step=120
2026-04-19 10:52:55,370 - ServerManager - INFO - 18260 - get all model params ---- from rank 0
2026-04-19 10:52:55,390 - ServerManager - INFO - 18260 - Dist:482.18511962890625
2026-04-19 10:53:10,082 - SplitNNClient - INFO - 24840 - phase=validation acc=0.7588 loss=52.76494708657265 epoch=34 and step=79
2026-04-19 10:53:10,660 - SplitNNClient - INFO - 17116 - phase=validation acc=0.7588 loss=52.76494708657265 epoch=34 and step=79
2026-04-19 10:53:10,851 - SplitNNClient - INFO - 26292 - phase=validation acc=0.7588 loss=52.76494708657265 epoch=34 and step=79
2026-04-19 10:53:10,982 - SplitNNClient - INFO - 26216 - phase=validation acc=0.7588 loss=52.76494708657265 epoch=34 and step=79
2026-04-19 10:53:10,994 - SplitNNClient - INFO - 16812 - phase=validation acc=0.7588 loss=52.76494708657265 epoch=34 and step=79
2026-04-19 10:53:16,985 - SplitNNClient - INFO - 24840 - phase=train acc=0.6 loss=11.428388237953186 epoch=35 and step=10
2026-04-19 10:53:17,683 - SplitNNClient - INFO - 17116 - phase=train acc=0.76953125 loss=6.870583683252335 epoch=35 and step=10
2026-04-19 10:53:17,953 - SplitNNClient - INFO - 26216 - phase=train acc=0.73515625 loss=7.646062076091766 epoch=35 and step=10
2026-04-19 10:53:17,974 - SplitNNClient - INFO - 16812 - phase=train acc=0.7109375 loss=9.308195769786835 epoch=35 and step=10
2026-04-19 10:53:18,031 - SplitNNClient - INFO - 26292 - phase=train acc=0.7359375 loss=7.7873313426971436 epoch=35 and step=10
2026-04-19 10:53:24,439 - SplitNNClient - INFO - 24840 - phase=train acc=0.6359375 loss=20.215840220451355 epoch=35 and step=20
2026-04-19 10:53:25,132 - SplitNNClient - INFO - 17116 - phase=train acc=0.789453125 loss=12.642393589019775 epoch=35 and step=20
2026-04-19 10:53:25,437 - SplitNNClient - INFO - 16812 - phase=train acc=0.7328125 loss=16.575774252414703 epoch=35 and step=20
2026-04-19 10:53:25,460 - SplitNNClient - INFO - 26216 - phase=train acc=0.759765625 loss=14.12675678730011 epoch=35 and step=20
2026-04-19 10:53:25,708 - SplitNNClient - INFO - 26292 - phase=train acc=0.75234375 loss=14.310812592506409 epoch=35 and step=20
2026-04-19 10:53:31,928 - SplitNNClient - INFO - 24840 - phase=train acc=0.6515625 loss=28.261394679546356 epoch=35 and step=30
2026-04-19 10:53:32,597 - SplitNNClient - INFO - 17116 - phase=train acc=0.7921875 loss=18.355092972517014 epoch=35 and step=30
2026-04-19 10:53:32,971 - SplitNNClient - INFO - 16812 - phase=train acc=0.740625 loss=24.0587095618248 epoch=35 and step=30
2026-04-19 10:53:33,001 - SplitNNClient - INFO - 26216 - phase=train acc=0.76875 loss=20.447379410266876 epoch=35 and step=30
2026-04-19 10:53:33,377 - SplitNNClient - INFO - 26292 - phase=train acc=0.7611979166666667 loss=20.34436333179474 epoch=35 and step=30
2026-04-19 10:53:39,477 - SplitNNClient - INFO - 24840 - phase=train acc=0.662109375 loss=36.13922590017319 epoch=35 and step=40
2026-04-19 10:53:40,145 - SplitNNClient - INFO - 17116 - phase=train acc=0.7978515625 loss=23.63726818561554 epoch=35 and step=40
2026-04-19 10:53:40,476 - SplitNNClient - INFO - 26216 - phase=train acc=0.7689453125 loss=26.718176513910294 epoch=35 and step=40
2026-04-19 10:53:40,950 - SplitNNClient - INFO - 26292 - phase=train acc=0.7623046875 loss=26.79739660024643 epoch=35 and step=40
2026-04-19 10:53:46,984 - SplitNNClient - INFO - 24840 - phase=train acc=0.6690625 loss=43.855450212955475 epoch=35 and step=50
2026-04-19 10:53:47,710 - SplitNNClient - INFO - 17116 - phase=train acc=0.79828125 loss=29.46910896897316 epoch=35 and step=50
2026-04-19 10:53:48,015 - SplitNNClient - INFO - 26216 - phase=train acc=0.7696875 loss=33.213503032922745 epoch=35 and step=50
2026-04-19 10:53:48,023 - SplitNNClient - INFO - 16812 - phase=train acc=0.75171875 loss=38.116480588912964 epoch=35 and step=50
2026-04-19 10:53:48,543 - SplitNNClient - INFO - 26292 - phase=train acc=0.7640625 loss=33.155533611774445 epoch=35 and step=50
2026-04-19 10:53:54,340 - SplitNNClient - INFO - 17116 - phase=train acc=0.79921875 loss=35.372456938028336 epoch=35 and step=60
2026-04-19 10:53:54,563 - SplitNNClient - INFO - 16812 - phase=train acc=0.7536458333333333 loss=45.36235189437866 epoch=35 and step=60
2026-04-19 10:53:54,563 - SplitNNClient - INFO - 26216 - phase=train acc=0.770703125 loss=39.95580205321312 epoch=35 and step=60
2026-04-19 10:53:54,773 - SplitNNClient - INFO - 26292 - phase=train acc=0.7674479166666667 loss=39.198684215545654 epoch=35 and step=60
2026-04-19 10:54:00,086 - SplitNNClient - INFO - 17116 - phase=train acc=0.8004464285714286 loss=40.98463925719261 epoch=35 and step=70
2026-04-19 10:54:00,256 - SplitNNClient - INFO - 16812 - phase=train acc=0.7545758928571429 loss=52.50971519947052 epoch=35 and step=70
2026-04-19 10:54:02,808 - SplitNNClient - INFO - 17116 - phase=train acc=0.8015625 loss=46.696794390678406 epoch=35 and step=80
2026-04-19 10:54:05,132 - SplitNNClient - INFO - 17116 - phase=train acc=0.803125 loss=52.246374517679214 epoch=35 and step=90
2026-04-19 10:54:07,374 - SplitNNClient - INFO - 17116 - phase=train acc=0.804453125 loss=57.691996455192566 epoch=35 and step=100
2026-04-19 10:54:09,648 - SplitNNClient - INFO - 17116 - phase=train acc=0.8042613636363637 loss=63.47759693861008 epoch=35 and step=110
2026-04-19 10:54:11,890 - SplitNNClient - INFO - 17116 - phase=train acc=0.8028645833333333 loss=69.6622194647789 epoch=35 and step=120
2026-04-19 10:54:12,559 - ServerManager - INFO - 18260 - get all model params ---- from rank 0
2026-04-19 10:54:12,581 - ServerManager - INFO - 18260 - Dist:159.61322021484375
2026-04-19 10:54:27,962 - SplitNNClient - INFO - 17116 - phase=validation acc=0.7683 loss=51.48688504099846 epoch=35 and step=79
2026-04-19 10:54:28,076 - SplitNNClient - INFO - 26216 - phase=validation acc=0.7683 loss=51.48688504099846 epoch=35 and step=79
2026-04-19 10:54:28,115 - SplitNNClient - INFO - 24840 - phase=validation acc=0.7683 loss=51.48688504099846 epoch=35 and step=79
2026-04-19 10:54:28,254 - SplitNNClient - INFO - 26292 - phase=validation acc=0.7683 loss=51.48688504099846 epoch=35 and step=79
2026-04-19 10:54:28,268 - SplitNNClient - INFO - 16812 - phase=validation acc=0.7683 loss=51.48688504099846 epoch=35 and step=79
2026-04-19 10:54:34,744 - SplitNNClient - INFO - 17116 - phase=train acc=0.746875 loss=7.233896493911743 epoch=36 and step=10
2026-04-19 10:54:35,014 - SplitNNClient - INFO - 26216 - phase=train acc=0.75 loss=7.2228784263134 epoch=36 and step=10
2026-04-19 10:54:35,147 - SplitNNClient - INFO - 24840 - phase=train acc=0.63671875 loss=10.073364317417145 epoch=36 and step=10
2026-04-19 10:54:35,264 - SplitNNClient - INFO - 16812 - phase=train acc=0.73203125 loss=8.411973178386688 epoch=36 and step=10
2026-04-19 10:54:35,485 - SplitNNClient - INFO - 26292 - phase=train acc=0.75546875 loss=7.300535559654236 epoch=36 and step=10
2026-04-19 10:54:42,133 - SplitNNClient - INFO - 17116 - phase=train acc=0.778515625 loss=12.801255881786346 epoch=36 and step=20
2026-04-19 10:54:42,330 - SplitNNClient - INFO - 26216 - phase=train acc=0.775 loss=13.03134498000145 epoch=36 and step=20
2026-04-19 10:54:42,633 - SplitNNClient - INFO - 24840 - phase=train acc=0.66328125 loss=18.044211983680725 epoch=36 and step=20
2026-04-19 10:54:42,676 - SplitNNClient - INFO - 16812 - phase=train acc=0.74765625 loss=15.450160205364227 epoch=36 and step=20
2026-04-19 10:54:43,038 - SplitNNClient - INFO - 26292 - phase=train acc=0.759765625 loss=13.810186564922333 epoch=36 and step=20
2026-04-19 10:54:49,583 - SplitNNClient - INFO - 17116 - phase=train acc=0.7869791666666667 loss=18.48929050564766 epoch=36 and step=30
2026-04-19 10:54:49,848 - SplitNNClient - INFO - 26216 - phase=train acc=0.7794270833333333 loss=19.050718814134598 epoch=36 and step=30
2026-04-19 10:54:50,130 - SplitNNClient - INFO - 16812 - phase=train acc=0.7596354166666667 loss=21.970053732395172 epoch=36 and step=30
2026-04-19 10:54:50,235 - SplitNNClient - INFO - 24840 - phase=train acc=0.6723958333333333 loss=26.07660835981369 epoch=36 and step=30
2026-04-19 10:54:50,628 - SplitNNClient - INFO - 26292 - phase=train acc=0.7596354166666667 loss=20.46404755115509 epoch=36 and step=30
2026-04-19 10:54:56,994 - SplitNNClient - INFO - 17116 - phase=train acc=0.79140625 loss=24.033157914876938 epoch=36 and step=40
2026-04-19 10:54:57,378 - SplitNNClient - INFO - 26216 - phase=train acc=0.7814453125 loss=25.528913408517838 epoch=36 and step=40
2026-04-19 10:54:57,726 - SplitNNClient - INFO - 16812 - phase=train acc=0.7576171875 loss=29.22293722629547 epoch=36 and step=40
2026-04-19 10:54:57,799 - SplitNNClient - INFO - 24840 - phase=train acc=0.6787109375 loss=34.05633419752121 epoch=36 and step=40
2026-04-19 10:54:58,321 - SplitNNClient - INFO - 26292 - phase=train acc=0.771875 loss=26.197681069374084 epoch=36 and step=40
2026-04-19 10:55:04,461 - SplitNNClient - INFO - 17116 - phase=train acc=0.79640625 loss=29.553302258253098 epoch=36 and step=50
2026-04-19 10:55:04,831 - SplitNNClient - INFO - 26216 - phase=train acc=0.77984375 loss=31.98376229405403 epoch=36 and step=50
2026-04-19 10:55:05,249 - SplitNNClient - INFO - 16812 - phase=train acc=0.75984375 loss=36.06696915626526 epoch=36 and step=50
2026-04-19 10:55:05,359 - SplitNNClient - INFO - 24840 - phase=train acc=0.6859375 loss=41.59589064121246 epoch=36 and step=50
2026-04-19 10:55:06,021 - SplitNNClient - INFO - 26292 - phase=train acc=0.7740625 loss=32.17007356882095 epoch=36 and step=50
2026-04-19 10:55:11,430 - SplitNNClient - INFO - 17116 - phase=train acc=0.7998697916666667 loss=34.89601808786392 epoch=36 and step=60
2026-04-19 10:55:11,720 - SplitNNClient - INFO - 26216 - phase=train acc=0.77890625 loss=38.16239920258522 epoch=36 and step=60
2026-04-19 10:55:11,978 - SplitNNClient - INFO - 16812 - phase=train acc=0.7638020833333333 loss=42.626662850379944 epoch=36 and step=60
2026-04-19 10:55:12,405 - SplitNNClient - INFO - 26292 - phase=train acc=0.7751302083333333 loss=38.55029454827309 epoch=36 and step=60
2026-04-19 10:55:17,311 - SplitNNClient - INFO - 17116 - phase=train acc=0.8016741071428571 loss=40.27598050236702 epoch=36 and step=70
2026-04-19 10:55:17,633 - SplitNNClient - INFO - 16812 - phase=train acc=0.7603794642857142 loss=50.16946840286255 epoch=36 and step=70
2026-04-19 10:55:20,113 - SplitNNClient - INFO - 17116 - phase=train acc=0.8033203125 loss=45.450244039297104 epoch=36 and step=80
2026-04-19 10:55:22,372 - SplitNNClient - INFO - 17116 - phase=train acc=0.8018229166666667 loss=51.43961000442505 epoch=36 and step=90
2026-04-19 10:55:24,636 - SplitNNClient - INFO - 17116 - phase=train acc=0.802890625 loss=57.02955278754234 epoch=36 and step=100
2026-04-19 10:55:26,908 - SplitNNClient - INFO - 17116 - phase=train acc=0.80390625 loss=62.48070162534714 epoch=36 and step=110
2026-04-19 10:55:29,172 - SplitNNClient - INFO - 17116 - phase=train acc=0.8042317708333333 loss=68.18129187822342 epoch=36 and step=120
2026-04-19 10:55:29,810 - ServerManager - INFO - 18260 - get all model params ---- from rank 0
2026-04-19 10:55:29,830 - ServerManager - INFO - 18260 - Dist:162.8646240234375
2026-04-19 10:55:43,874 - SplitNNClient - INFO - 24840 - phase=validation acc=0.7611 loss=52.59960809350014 epoch=36 and step=79
2026-04-19 10:55:44,810 - SplitNNClient - INFO - 26292 - phase=validation acc=0.7611 loss=52.59960809350014 epoch=36 and step=79
2026-04-19 10:55:44,980 - SplitNNClient - INFO - 17116 - phase=validation acc=0.7611 loss=52.59960809350014 epoch=36 and step=79
2026-04-19 10:55:45,351 - SplitNNClient - INFO - 26216 - phase=validation acc=0.7611 loss=52.59960809350014 epoch=36 and step=79
2026-04-19 10:55:45,558 - SplitNNClient - INFO - 16812 - phase=validation acc=0.7611 loss=52.59960809350014 epoch=36 and step=79
2026-04-19 10:55:50,772 - SplitNNClient - INFO - 24840 - phase=train acc=0.6390625 loss=10.44427102804184 epoch=37 and step=10
2026-04-19 10:55:51,904 - SplitNNClient - INFO - 26292 - phase=train acc=0.7453125 loss=7.679471433162689 epoch=37 and step=10
2026-04-19 10:55:51,906 - SplitNNClient - INFO - 17116 - phase=train acc=0.7734375 loss=6.785969406366348 epoch=37 and step=10
2026-04-19 10:55:52,404 - SplitNNClient - INFO - 26216 - phase=train acc=0.7703125 loss=6.853572487831116 epoch=37 and step=10
2026-04-19 10:55:52,647 - SplitNNClient - INFO - 16812 - phase=train acc=0.69375 loss=9.272525608539581 epoch=37 and step=10
2026-04-19 10:55:58,414 - SplitNNClient - INFO - 24840 - phase=train acc=0.654296875 loss=19.170117497444153 epoch=37 and step=20
2026-04-19 10:55:59,541 - SplitNNClient - INFO - 26292 - phase=train acc=0.762109375 loss=14.28558498620987 epoch=37 and step=20
2026-04-19 10:55:59,549 - SplitNNClient - INFO - 17116 - phase=train acc=0.79765625 loss=12.066371113061905 epoch=37 and step=20
2026-04-19 10:56:00,034 - SplitNNClient - INFO - 26216 - phase=train acc=0.77734375 loss=13.121437758207321 epoch=37 and step=20
2026-04-19 10:56:00,282 - SplitNNClient - INFO - 16812 - phase=train acc=0.7296875 loss=16.291356563568115 epoch=37 and step=20
2026-04-19 10:56:06,036 - SplitNNClient - INFO - 24840 - phase=train acc=0.6622395833333333 loss=27.035728991031647 epoch=37 and step=30
2026-04-19 10:56:07,081 - SplitNNClient - INFO - 17116 - phase=train acc=0.80859375 loss=17.366290241479874 epoch=37 and step=30
2026-04-19 10:56:07,190 - SplitNNClient - INFO - 26292 - phase=train acc=0.775 loss=20.10405844449997 epoch=37 and step=30
2026-04-19 10:56:07,580 - SplitNNClient - INFO - 26216 - phase=train acc=0.78203125 loss=19.0510596036911 epoch=37 and step=30
2026-04-19 10:56:07,848 - SplitNNClient - INFO - 16812 - phase=train acc=0.74140625 loss=23.074268877506256 epoch=37 and step=30
2026-04-19 10:56:13,533 - SplitNNClient - INFO - 24840 - phase=train acc=0.6677734375 loss=34.91848862171173 epoch=37 and step=40
2026-04-19 10:56:14,646 - SplitNNClient - INFO - 17116 - phase=train acc=0.8142578125 loss=22.582604557275772 epoch=37 and step=40
2026-04-19 10:56:14,707 - SplitNNClient - INFO - 26292 - phase=train acc=0.7736328125 loss=26.71474599838257 epoch=37 and step=40
2026-04-19 10:56:15,051 - SplitNNClient - INFO - 26216 - phase=train acc=0.7861328125 loss=24.920341968536377 epoch=37 and step=40
2026-04-19 10:56:15,448 - SplitNNClient - INFO - 16812 - phase=train acc=0.74609375 loss=29.833312153816223 epoch=37 and step=40
2026-04-19 10:56:21,148 - SplitNNClient - INFO - 24840 - phase=train acc=0.6771875 loss=42.57681369781494 epoch=37 and step=50
2026-04-19 10:56:22,258 - SplitNNClient - INFO - 17116 - phase=train acc=0.81265625 loss=28.210819453001022 epoch=37 and step=50
2026-04-19 10:56:22,288 - SplitNNClient - INFO - 26292 - phase=train acc=0.775625 loss=32.843165546655655 epoch=37 and step=50
2026-04-19 10:56:22,708 - SplitNNClient - INFO - 26216 - phase=train acc=0.78953125 loss=30.523138642311096 epoch=37 and step=50
2026-04-19 10:56:23,054 - SplitNNClient - INFO - 16812 - phase=train acc=0.7484375 loss=36.71126925945282 epoch=37 and step=50
2026-04-19 10:56:28,539 - SplitNNClient - INFO - 26292 - phase=train acc=0.778125 loss=38.99212720990181 epoch=37 and step=60
2026-04-19 10:56:28,837 - SplitNNClient - INFO - 17116 - phase=train acc=0.8161458333333333 loss=33.45552086830139 epoch=37 and step=60
2026-04-19 10:56:29,170 - SplitNNClient - INFO - 26216 - phase=train acc=0.7893229166666667 loss=36.71019247174263 epoch=37 and step=60
2026-04-19 10:56:29,390 - SplitNNClient - INFO - 16812 - phase=train acc=0.7518229166666667 loss=43.35077494382858 epoch=37 and step=60
2026-04-19 10:56:34,330 - SplitNNClient - INFO - 17116 - phase=train acc=0.81640625 loss=38.65126755833626 epoch=37 and step=70
2026-04-19 10:56:34,640 - SplitNNClient - INFO - 16812 - phase=train acc=0.7532366071428571 loss=50.50455904006958 epoch=37 and step=70
2026-04-19 10:56:37,165 - SplitNNClient - INFO - 17116 - phase=train acc=0.81689453125 loss=44.19973000884056 epoch=37 and step=80
2026-04-19 10:56:39,412 - SplitNNClient - INFO - 17116 - phase=train acc=0.8191840277777778 loss=49.268071353435516 epoch=37 and step=90
2026-04-19 10:56:41,686 - SplitNNClient - INFO - 17116 - phase=train acc=0.81875 loss=55.399718165397644 epoch=37 and step=100
2026-04-19 10:56:43,932 - SplitNNClient - INFO - 17116 - phase=train acc=0.8193892045454545 loss=60.706936091184616 epoch=37 and step=110
2026-04-19 10:56:46,229 - SplitNNClient - INFO - 17116 - phase=train acc=0.8218098958333333 loss=65.53144937753677 epoch=37 and step=120
2026-04-19 10:56:46,907 - ServerManager - INFO - 18260 - get all model params ---- from rank 0
2026-04-19 10:56:46,929 - ServerManager - INFO - 18260 - Dist:68.83213806152344
2026-04-19 10:57:01,109 - SplitNNClient - INFO - 24840 - phase=validation acc=0.7759 loss=50.284844905138016 epoch=37 and step=79
2026-04-19 10:57:01,964 - SplitNNClient - INFO - 17116 - phase=validation acc=0.7759 loss=50.284844905138016 epoch=37 and step=79
2026-04-19 10:57:02,121 - SplitNNClient - INFO - 26216 - phase=validation acc=0.7759 loss=50.284844905138016 epoch=37 and step=79
2026-04-19 10:57:02,148 - SplitNNClient - INFO - 26292 - phase=validation acc=0.7759 loss=50.284844905138016 epoch=37 and step=79
2026-04-19 10:57:02,266 - SplitNNClient - INFO - 16812 - phase=validation acc=0.7759 loss=50.284844905138016 epoch=37 and step=79
2026-04-19 10:57:07,926 - SplitNNClient - INFO - 24840 - phase=train acc=0.6171875 loss=10.686926424503326 epoch=38 and step=10
2026-04-19 10:57:08,653 - SplitNNClient - INFO - 17116 - phase=train acc=0.76171875 loss=6.878874361515045 epoch=38 and step=10
2026-04-19 10:57:08,958 - SplitNNClient - INFO - 26216 - phase=train acc=0.77890625 loss=6.444561839103699 epoch=38 and step=10
2026-04-19 10:57:09,032 - SplitNNClient - INFO - 16812 - phase=train acc=0.72421875 loss=8.727099061012268 epoch=38 and step=10
2026-04-19 10:57:09,163 - SplitNNClient - INFO - 26292 - phase=train acc=0.76640625 loss=6.638524085283279 epoch=38 and step=10
2026-04-19 10:57:15,141 - SplitNNClient - INFO - 24840 - phase=train acc=0.6625 loss=18.808260917663574 epoch=38 and step=20
2026-04-19 10:57:15,935 - SplitNNClient - INFO - 17116 - phase=train acc=0.800390625 loss=11.813994258642197 epoch=38 and step=20
2026-04-19 10:57:16,294 - SplitNNClient - INFO - 16812 - phase=train acc=0.752734375 loss=15.454066127538681 epoch=38 and step=20
2026-04-19 10:57:16,304 - SplitNNClient - INFO - 26216 - phase=train acc=0.7859375 loss=12.478979408740997 epoch=38 and step=20
2026-04-19 10:57:16,811 - SplitNNClient - INFO - 26292 - phase=train acc=0.78203125 loss=12.594749480485916 epoch=38 and step=20
2026-04-19 10:57:22,447 - SplitNNClient - INFO - 24840 - phase=train acc=0.671875 loss=26.989459574222565 epoch=38 and step=30
2026-04-19 10:57:23,241 - SplitNNClient - INFO - 17116 - phase=train acc=0.8091145833333333 loss=17.021347165107727 epoch=38 and step=30
2026-04-19 10:57:23,596 - SplitNNClient - INFO - 26216 - phase=train acc=0.7934895833333333 loss=18.175115674734116 epoch=38 and step=30
2026-04-19 10:57:23,598 - SplitNNClient - INFO - 16812 - phase=train acc=0.75859375 loss=22.398686468601227 epoch=38 and step=30
2026-04-19 10:57:24,378 - SplitNNClient - INFO - 26292 - phase=train acc=0.7828125 loss=18.84037360548973 epoch=38 and step=30
2026-04-19 10:57:29,712 - SplitNNClient - INFO - 24840 - phase=train acc=0.6849609375 loss=34.40048027038574 epoch=38 and step=40
2026-04-19 10:57:30,484 - SplitNNClient - INFO - 17116 - phase=train acc=0.816796875 loss=21.95302039384842 epoch=38 and step=40
2026-04-19 10:57:30,869 - SplitNNClient - INFO - 16812 - phase=train acc=0.763671875 loss=29.19310837984085 epoch=38 and step=40
2026-04-19 10:57:30,912 - SplitNNClient - INFO - 26216 - phase=train acc=0.79453125 loss=24.080151826143265 epoch=38 and step=40
2026-04-19 10:57:31,871 - SplitNNClient - INFO - 26292 - phase=train acc=0.783203125 loss=25.046474426984787 epoch=38 and step=40
2026-04-19 10:57:37,240 - SplitNNClient - INFO - 24840 - phase=train acc=0.691875 loss=42.04615497589111 epoch=38 and step=50
2026-04-19 10:57:37,867 - SplitNNClient - INFO - 17116 - phase=train acc=0.81828125 loss=26.838037371635437 epoch=38 and step=50
2026-04-19 10:57:38,252 - SplitNNClient - INFO - 16812 - phase=train acc=0.7646875 loss=35.9325293302536 epoch=38 and step=50
2026-04-19 10:57:38,289 - SplitNNClient - INFO - 26216 - phase=train acc=0.79234375 loss=30.144780337810516 epoch=38 and step=50
2026-04-19 10:57:39,554 - SplitNNClient - INFO - 26292 - phase=train acc=0.783125 loss=31.38838079571724 epoch=38 and step=50
2026-04-19 10:57:44,508 - SplitNNClient - INFO - 17116 - phase=train acc=0.8169270833333333 loss=32.20506128668785 epoch=38 and step=60
2026-04-19 10:57:44,812 - SplitNNClient - INFO - 26216 - phase=train acc=0.7924479166666667 loss=36.41509774327278 epoch=38 and step=60
2026-04-19 10:57:44,845 - SplitNNClient - INFO - 16812 - phase=train acc=0.76328125 loss=43.36724543571472 epoch=38 and step=60
2026-04-19 10:57:45,571 - SplitNNClient - INFO - 26292 - phase=train acc=0.7830729166666667 loss=37.85493811964989 epoch=38 and step=60
2026-04-19 10:57:50,418 - SplitNNClient - INFO - 17116 - phase=train acc=0.8180803571428571 loss=37.4027998149395 epoch=38 and step=70
2026-04-19 10:57:50,596 - SplitNNClient - INFO - 16812 - phase=train acc=0.7631696428571428 loss=50.37493696808815 epoch=38 and step=70
2026-04-19 10:57:53,229 - SplitNNClient - INFO - 17116 - phase=train acc=0.8177734375 loss=43.026062071323395 epoch=38 and step=80
2026-04-19 10:57:55,523 - SplitNNClient - INFO - 17116 - phase=train acc=0.8151909722222223 loss=48.93515381217003 epoch=38 and step=90
2026-04-19 10:57:57,780 - SplitNNClient - INFO - 17116 - phase=train acc=0.812734375 loss=54.92128482460976 epoch=38 and step=100
2026-04-19 10:58:00,049 - SplitNNClient - INFO - 17116 - phase=train acc=0.8126420454545454 loss=60.5229726433754 epoch=38 and step=110
2026-04-19 10:58:02,274 - SplitNNClient - INFO - 17116 - phase=train acc=0.8133463541666667 loss=65.99403691291809 epoch=38 and step=120
2026-04-19 10:58:02,909 - ServerManager - INFO - 18260 - get all model params ---- from rank 0
2026-04-19 10:58:02,930 - ServerManager - INFO - 18260 - Dist:568.7630004882812
2026-04-19 10:58:18,332 - SplitNNClient - INFO - 17116 - phase=validation acc=0.7829 loss=48.445650577545166 epoch=38 and step=79
2026-04-19 10:58:18,531 - SplitNNClient - INFO - 26292 - phase=validation acc=0.7829 loss=48.445650577545166 epoch=38 and step=79
2026-04-19 10:58:18,696 - SplitNNClient - INFO - 26216 - phase=validation acc=0.7829 loss=48.445650577545166 epoch=38 and step=79
2026-04-19 10:58:18,887 - SplitNNClient - INFO - 16812 - phase=validation acc=0.7829 loss=48.445650577545166 epoch=38 and step=79
2026-04-19 10:58:19,004 - SplitNNClient - INFO - 24840 - phase=validation acc=0.7829 loss=48.445650577545166 epoch=38 and step=79
2026-04-19 10:58:25,368 - SplitNNClient - INFO - 17116 - phase=train acc=0.78828125 loss=6.314339190721512 epoch=39 and step=10
2026-04-19 10:58:25,659 - SplitNNClient - INFO - 26216 - phase=train acc=0.77734375 loss=6.669002443552017 epoch=39 and step=10
2026-04-19 10:58:25,770 - SplitNNClient - INFO - 26292 - phase=train acc=0.74140625 loss=7.491217017173767 epoch=39 and step=10
2026-04-19 10:58:26,117 - SplitNNClient - INFO - 16812 - phase=train acc=0.72578125 loss=8.845326244831085 epoch=39 and step=10
2026-04-19 10:58:26,693 - SplitNNClient - INFO - 24840 - phase=train acc=0.6390625 loss=10.138571560382843 epoch=39 and step=10
2026-04-19 10:58:32,979 - SplitNNClient - INFO - 17116 - phase=train acc=0.8125 loss=11.288620114326477 epoch=39 and step=20
2026-04-19 10:58:33,373 - SplitNNClient - INFO - 26216 - phase=train acc=0.78671875 loss=12.635000139474869 epoch=39 and step=20
2026-04-19 10:58:33,425 - SplitNNClient - INFO - 26292 - phase=train acc=0.767578125 loss=13.53961768746376 epoch=39 and step=20
2026-04-19 10:58:33,819 - SplitNNClient - INFO - 16812 - phase=train acc=0.740625 loss=16.311068654060364 epoch=39 and step=20
2026-04-19 10:58:34,714 - SplitNNClient - INFO - 24840 - phase=train acc=0.666796875 loss=18.42199671268463 epoch=39 and step=20
2026-04-19 10:58:40,554 - SplitNNClient - INFO - 17116 - phase=train acc=0.8203125 loss=16.191533237695694 epoch=39 and step=30
2026-04-19 10:58:41,037 - SplitNNClient - INFO - 26216 - phase=train acc=0.7888020833333333 loss=18.571982890367508 epoch=39 and step=30
2026-04-19 10:58:41,082 - SplitNNClient - INFO - 26292 - phase=train acc=0.7770833333333333 loss=19.57523661851883 epoch=39 and step=30
2026-04-19 10:58:41,464 - SplitNNClient - INFO - 16812 - phase=train acc=0.7552083333333334 loss=22.631411373615265 epoch=39 and step=30
2026-04-19 10:58:42,727 - SplitNNClient - INFO - 24840 - phase=train acc=0.6848958333333334 loss=25.998403310775757 epoch=39 and step=30
2026-04-19 10:58:48,254 - SplitNNClient - INFO - 17116 - phase=train acc=0.8234375 loss=21.157485842704773 epoch=39 and step=40
2026-04-19 10:58:48,586 - SplitNNClient - INFO - 26216 - phase=train acc=0.7900390625 loss=24.39276933670044 epoch=39 and step=40
2026-04-19 10:58:48,802 - SplitNNClient - INFO - 26292 - phase=train acc=0.78203125 loss=25.153537213802338 epoch=39 and step=40
2026-04-19 10:58:49,072 - SplitNNClient - INFO - 16812 - phase=train acc=0.7638671875 loss=29.19661843776703 epoch=39 and step=40
2026-04-19 10:58:50,749 - SplitNNClient - INFO - 24840 - phase=train acc=0.695703125 loss=33.39091056585312 epoch=39 and step=40
2026-04-19 10:58:55,920 - SplitNNClient - INFO - 17116 - phase=train acc=0.82078125 loss=26.74599263072014 epoch=39 and step=50
2026-04-19 10:58:56,274 - SplitNNClient - INFO - 26216 - phase=train acc=0.78828125 loss=30.627917289733887 epoch=39 and step=50
2026-04-19 10:58:56,654 - SplitNNClient - INFO - 26292 - phase=train acc=0.78265625 loss=31.225487887859344 epoch=39 and step=50
2026-04-19 10:58:56,707 - SplitNNClient - INFO - 16812 - phase=train acc=0.77 loss=35.48799741268158 epoch=39 and step=50
2026-04-19 10:58:58,735 - SplitNNClient - INFO - 24840 - phase=train acc=0.6953125 loss=41.165648221969604 epoch=39 and step=50
2026-04-19 10:59:03,366 - SplitNNClient - INFO - 17116 - phase=train acc=0.8234375 loss=31.65459430217743 epoch=39 and step=60
2026-04-19 10:59:03,708 - SplitNNClient - INFO - 26216 - phase=train acc=0.7848958333333333 loss=36.98558521270752 epoch=39 and step=60
2026-04-19 10:59:04,018 - SplitNNClient - INFO - 26292 - phase=train acc=0.78359375 loss=36.962052434682846 epoch=39 and step=60
2026-04-19 10:59:04,029 - SplitNNClient - INFO - 16812 - phase=train acc=0.7731770833333333 loss=41.81997787952423 epoch=39 and step=60
2026-04-19 10:59:09,192 - SplitNNClient - INFO - 17116 - phase=train acc=0.81875 loss=37.711401522159576 epoch=39 and step=70
2026-04-19 10:59:09,517 - SplitNNClient - INFO - 16812 - phase=train acc=0.7714285714285715 loss=49.14456832408905 epoch=39 and step=70
2026-04-19 10:59:12,060 - SplitNNClient - INFO - 17116 - phase=train acc=0.81611328125 loss=43.56700873374939 epoch=39 and step=80
2026-04-19 10:59:14,361 - SplitNNClient - INFO - 17116 - phase=train acc=0.8174479166666667 loss=48.666181057691574 epoch=39 and step=90
2026-04-19 10:59:16,643 - SplitNNClient - INFO - 17116 - phase=train acc=0.816640625 loss=54.08678278326988 epoch=39 and step=100
2026-04-19 10:59:18,909 - SplitNNClient - INFO - 17116 - phase=train acc=0.8162642045454546 loss=59.553832948207855 epoch=39 and step=110
2026-04-19 10:59:21,157 - SplitNNClient - INFO - 17116 - phase=train acc=0.8164713541666667 loss=64.71151748299599 epoch=39 and step=120
2026-04-19 10:59:21,832 - ServerManager - INFO - 18260 - get all model params ---- from rank 0
2026-04-19 10:59:21,853 - ServerManager - INFO - 18260 - Dist:231.244140625
2026-04-19 10:59:36,150 - SplitNNClient - INFO - 26216 - phase=validation acc=0.7781 loss=48.84192207455635 epoch=39 and step=79
2026-04-19 10:59:36,524 - SplitNNClient - INFO - 17116 - phase=validation acc=0.7781 loss=48.84192207455635 epoch=39 and step=79
2026-04-19 10:59:36,535 - SplitNNClient - INFO - 24840 - phase=validation acc=0.7781 loss=48.84192207455635 epoch=39 and step=79
2026-04-19 10:59:36,827 - SplitNNClient - INFO - 16812 - phase=validation acc=0.7781 loss=48.84192207455635 epoch=39 and step=79
2026-04-19 10:59:37,130 - SplitNNClient - INFO - 26292 - phase=validation acc=0.7781 loss=48.84192207455635 epoch=39 and step=79
2026-04-19 10:59:43,099 - SplitNNClient - INFO - 26216 - phase=train acc=0.7953125 loss=5.968172699213028 epoch=40 and step=10
2026-04-19 10:59:43,455 - SplitNNClient - INFO - 17116 - phase=train acc=0.76875 loss=6.887322843074799 epoch=40 and step=10
2026-04-19 10:59:43,473 - SplitNNClient - INFO - 24840 - phase=train acc=0.63984375 loss=9.873974561691284 epoch=40 and step=10
2026-04-19 10:59:43,801 - SplitNNClient - INFO - 16812 - phase=train acc=0.7578125 loss=7.775527358055115 epoch=40 and step=10
2026-04-19 10:59:44,274 - SplitNNClient - INFO - 26292 - phase=train acc=0.77734375 loss=6.714485347270966 epoch=40 and step=10
2026-04-19 10:59:50,577 - SplitNNClient - INFO - 26216 - phase=train acc=0.79609375 loss=11.908785611391068 epoch=40 and step=20
2026-04-19 10:59:50,987 - SplitNNClient - INFO - 17116 - phase=train acc=0.791796875 loss=12.47534555196762 epoch=40 and step=20
2026-04-19 10:59:51,058 - SplitNNClient - INFO - 24840 - phase=train acc=0.668359375 loss=18.46148455142975 epoch=40 and step=20
2026-04-19 10:59:51,311 - SplitNNClient - INFO - 16812 - phase=train acc=0.761328125 loss=14.982360303401947 epoch=40 and step=20
2026-04-19 10:59:51,817 - SplitNNClient - INFO - 26292 - phase=train acc=0.783984375 loss=12.936656892299652 epoch=40 and step=20
2026-04-19 10:59:58,093 - SplitNNClient - INFO - 26216 - phase=train acc=0.7908854166666667 loss=18.215804010629654 epoch=40 and step=30
2026-04-19 10:59:58,537 - SplitNNClient - INFO - 17116 - phase=train acc=0.80625 loss=17.287180542945862 epoch=40 and step=30
2026-04-19 10:59:58,655 - SplitNNClient - INFO - 24840 - phase=train acc=0.6807291666666667 loss=25.84102964401245 epoch=40 and step=30
2026-04-19 10:59:58,863 - SplitNNClient - INFO - 16812 - phase=train acc=0.75546875 loss=22.138265013694763 epoch=40 and step=30
2026-04-19 10:59:59,356 - SplitNNClient - INFO - 26292 - phase=train acc=0.7934895833333333 loss=18.69021326303482 epoch=40 and step=30
2026-04-19 11:00:05,608 - SplitNNClient - INFO - 26216 - phase=train acc=0.79140625 loss=24.34637787938118 epoch=40 and step=40
2026-04-19 11:00:06,043 - SplitNNClient - INFO - 17116 - phase=train acc=0.8150390625 loss=21.90018230676651 epoch=40 and step=40
2026-04-19 11:00:06,365 - SplitNNClient - INFO - 24840 - phase=train acc=0.6888671875 loss=33.5036586523056 epoch=40 and step=40
2026-04-19 11:00:06,406 - SplitNNClient - INFO - 16812 - phase=train acc=0.7619140625 loss=28.460275053977966 epoch=40 and step=40
2026-04-19 11:00:06,857 - SplitNNClient - INFO - 26292 - phase=train acc=0.794140625 loss=24.285036712884903 epoch=40 and step=40
2026-04-19 11:00:13,134 - SplitNNClient - INFO - 26216 - phase=train acc=0.79109375 loss=30.113293409347534 epoch=40 and step=50
2026-04-19 11:00:13,514 - SplitNNClient - INFO - 17116 - phase=train acc=0.818125 loss=27.005189687013626 epoch=40 and step=50
2026-04-19 11:00:13,891 - SplitNNClient - INFO - 16812 - phase=train acc=0.7615625 loss=35.28296381235123 epoch=40 and step=50
2026-04-19 11:00:14,027 - SplitNNClient - INFO - 24840 - phase=train acc=0.69609375 loss=40.59136575460434 epoch=40 and step=50
2026-04-19 11:00:14,417 - SplitNNClient - INFO - 26292 - phase=train acc=0.796875 loss=29.72531768679619 epoch=40 and step=50
2026-04-19 11:00:20,132 - SplitNNClient - INFO - 26216 - phase=train acc=0.7895833333333333 loss=36.300508975982666 epoch=40 and step=60
2026-04-19 11:00:20,450 - SplitNNClient - INFO - 17116 - phase=train acc=0.818359375 loss=32.3304437994957 epoch=40 and step=60
2026-04-19 11:00:20,726 - SplitNNClient - INFO - 16812 - phase=train acc=0.7661458333333333 loss=41.68834364414215 epoch=40 and step=60
2026-04-19 11:00:20,778 - SplitNNClient - INFO - 26292 - phase=train acc=0.7975260416666666 loss=35.402872413396835 epoch=40 and step=60
2026-04-19 11:00:26,020 - SplitNNClient - INFO - 17116 - phase=train acc=0.81796875 loss=37.819221287965775 epoch=40 and step=70
2026-04-19 11:00:26,197 - SplitNNClient - INFO - 16812 - phase=train acc=0.76796875 loss=48.00808995962143 epoch=40 and step=70
2026-04-19 11:00:28,822 - SplitNNClient - INFO - 17116 - phase=train acc=0.81650390625 loss=43.31870147585869 epoch=40 and step=80
2026-04-19 11:00:31,068 - SplitNNClient - INFO - 17116 - phase=train acc=0.8169270833333333 loss=48.38202306628227 epoch=40 and step=90
2026-04-19 11:00:33,337 - SplitNNClient - INFO - 17116 - phase=train acc=0.817109375 loss=53.58899900317192 epoch=40 and step=100
2026-04-19 11:00:35,620 - SplitNNClient - INFO - 17116 - phase=train acc=0.8166193181818182 loss=58.945085018873215 epoch=40 and step=110
2026-04-19 11:00:37,915 - SplitNNClient - INFO - 17116 - phase=train acc=0.8158854166666667 loss=64.50040757656097 epoch=40 and step=120
2026-04-19 11:00:38,595 - ServerManager - INFO - 18260 - get all model params ---- from rank 0
2026-04-19 11:00:38,615 - ServerManager - INFO - 18260 - Dist:107.888671875
2026-04-19 11:00:53,398 - SplitNNClient - INFO - 17116 - phase=validation acc=0.7871 loss=47.31514233350754 epoch=40 and step=79
2026-04-19 11:00:53,712 - SplitNNClient - INFO - 24840 - phase=validation acc=0.7871 loss=47.31514233350754 epoch=40 and step=79
2026-04-19 11:00:53,716 - SplitNNClient - INFO - 16812 - phase=validation acc=0.7871 loss=47.31514233350754 epoch=40 and step=79
2026-04-19 11:00:53,717 - SplitNNClient - INFO - 26292 - phase=validation acc=0.7871 loss=47.31514233350754 epoch=40 and step=79
2026-04-19 11:00:53,879 - SplitNNClient - INFO - 26216 - phase=validation acc=0.7871 loss=47.31514233350754 epoch=40 and step=79
2026-04-19 11:01:00,062 - SplitNNClient - INFO - 17116 - phase=train acc=0.78671875 loss=6.302267819643021 epoch=41 and step=10
2026-04-19 11:01:00,446 - SplitNNClient - INFO - 16812 - phase=train acc=0.74765625 loss=7.849538296461105 epoch=41 and step=10
2026-04-19 11:01:00,671 - SplitNNClient - INFO - 24840 - phase=train acc=0.66875 loss=9.392026841640472 epoch=41 and step=10
2026-04-19 11:01:00,679 - SplitNNClient - INFO - 26216 - phase=train acc=0.790625 loss=6.315894305706024 epoch=41 and step=10
2026-04-19 11:01:00,731 - SplitNNClient - INFO - 26292 - phase=train acc=0.75859375 loss=7.116990029811859 epoch=41 and step=10
2026-04-19 11:01:07,035 - SplitNNClient - INFO - 17116 - phase=train acc=0.809375 loss=11.283976584672928 epoch=41 and step=20
2026-04-19 11:01:08,163 - SplitNNClient - INFO - 16812 - phase=train acc=0.761328125 loss=14.519535064697266 epoch=41 and step=20
2026-04-19 11:01:08,358 - SplitNNClient - INFO - 24840 - phase=train acc=0.68046875 loss=17.60249412059784 epoch=41 and step=20
2026-04-19 11:01:08,393 - SplitNNClient - INFO - 26292 - phase=train acc=0.78125 loss=12.928256541490555 epoch=41 and step=20
2026-04-19 11:01:08,403 - SplitNNClient - INFO - 26216 - phase=train acc=0.8015625 loss=12.100637823343277 epoch=41 and step=20
2026-04-19 11:01:14,029 - SplitNNClient - INFO - 17116 - phase=train acc=0.8197916666666667 loss=16.23224863409996 epoch=41 and step=30
2026-04-19 11:01:15,729 - SplitNNClient - INFO - 16812 - phase=train acc=0.76875 loss=20.891057312488556 epoch=41 and step=30
2026-04-19 11:01:15,973 - SplitNNClient - INFO - 26292 - phase=train acc=0.78359375 loss=18.952202409505844 epoch=41 and step=30
2026-04-19 11:01:15,978 - SplitNNClient - INFO - 24840 - phase=train acc=0.6921875 loss=25.396644353866577 epoch=41 and step=30
2026-04-19 11:01:16,039 - SplitNNClient - INFO - 26216 - phase=train acc=0.8033854166666666 loss=17.427020967006683 epoch=41 and step=30
2026-04-19 11:01:20,956 - SplitNNClient - INFO - 17116 - phase=train acc=0.818359375 loss=21.74041336774826 epoch=41 and step=40
2026-04-19 11:01:23,314 - SplitNNClient - INFO - 16812 - phase=train acc=0.770703125 loss=27.430696308612823 epoch=41 and step=40
2026-04-19 11:01:23,627 - SplitNNClient - INFO - 24840 - phase=train acc=0.698828125 loss=33.11607909202576 epoch=41 and step=40
2026-04-19 11:01:23,637 - SplitNNClient - INFO - 26292 - phase=train acc=0.784765625 loss=24.82982262969017 epoch=41 and step=40
2026-04-19 11:01:23,722 - SplitNNClient - INFO - 26216 - phase=train acc=0.80234375 loss=23.085260540246964 epoch=41 and step=40
2026-04-19 11:01:27,666 - SplitNNClient - INFO - 17116 - phase=train acc=0.823125 loss=26.360902041196823 epoch=41 and step=50
2026-04-19 11:01:30,906 - SplitNNClient - INFO - 16812 - phase=train acc=0.77078125 loss=33.98737996816635 epoch=41 and step=50
2026-04-19 11:01:31,280 - SplitNNClient - INFO - 24840 - phase=train acc=0.70046875 loss=40.73603540658951 epoch=41 and step=50
2026-04-19 11:01:31,299 - SplitNNClient - INFO - 26292 - phase=train acc=0.788125 loss=30.65984147787094 epoch=41 and step=50
2026-04-19 11:01:31,401 - SplitNNClient - INFO - 26216 - phase=train acc=0.80109375 loss=28.888305068016052 epoch=41 and step=50
2026-04-19 11:01:34,450 - SplitNNClient - INFO - 17116 - phase=train acc=0.8233072916666667 loss=31.374146848917007 epoch=41 and step=60
2026-04-19 11:01:37,886 - SplitNNClient - INFO - 16812 - phase=train acc=0.7723958333333333 loss=40.80062955617905 epoch=41 and step=60
2026-04-19 11:01:37,888 - SplitNNClient - INFO - 26292 - phase=train acc=0.791015625 loss=36.06278631091118 epoch=41 and step=60
2026-04-19 11:01:38,195 - SplitNNClient - INFO - 26216 - phase=train acc=0.7963541666666667 loss=35.10364982485771 epoch=41 and step=60
2026-04-19 11:01:40,383 - SplitNNClient - INFO - 17116 - phase=train acc=0.8254464285714286 loss=36.402153223752975 epoch=41 and step=70
2026-04-19 11:01:43,516 - SplitNNClient - INFO - 16812 - phase=train acc=0.7752232142857143 loss=47.04967373609543 epoch=41 and step=70
2026-04-19 11:01:44,709 - SplitNNClient - INFO - 17116 - phase=train acc=0.823828125 loss=42.06974878907204 epoch=41 and step=80
2026-04-19 11:01:47,130 - SplitNNClient - INFO - 17116 - phase=train acc=0.8230034722222223 loss=47.2749265730381 epoch=41 and step=90
2026-04-19 11:01:49,365 - SplitNNClient - INFO - 17116 - phase=train acc=0.823515625 loss=52.36969459056854 epoch=41 and step=100
2026-04-19 11:01:51,588 - SplitNNClient - INFO - 17116 - phase=train acc=0.8227982954545454 loss=57.561407685279846 epoch=41 and step=110
2026-04-19 11:01:53,836 - SplitNNClient - INFO - 17116 - phase=train acc=0.8222005208333333 loss=62.81894600391388 epoch=41 and step=120
2026-04-19 11:01:54,514 - ServerManager - INFO - 18260 - get all model params ---- from rank 0
2026-04-19 11:01:54,535 - ServerManager - INFO - 18260 - Dist:109.00112915039062
2026-04-19 11:02:09,743 - SplitNNClient - INFO - 17116 - phase=validation acc=0.791 loss=46.94668072462082 epoch=41 and step=79
2026-04-19 11:02:09,775 - SplitNNClient - INFO - 24840 - phase=validation acc=0.791 loss=46.94668072462082 epoch=41 and step=79
2026-04-19 11:02:09,932 - SplitNNClient - INFO - 26216 - phase=validation acc=0.791 loss=46.94668072462082 epoch=41 and step=79
2026-04-19 11:02:09,944 - SplitNNClient - INFO - 16812 - phase=validation acc=0.791 loss=46.94668072462082 epoch=41 and step=79
2026-04-19 11:02:10,073 - SplitNNClient - INFO - 26292 - phase=validation acc=0.791 loss=46.94668072462082 epoch=41 and step=79
2026-04-19 11:02:16,578 - SplitNNClient - INFO - 17116 - phase=train acc=0.7984375 loss=5.951466798782349 epoch=42 and step=10
2026-04-19 11:02:16,969 - SplitNNClient - INFO - 26216 - phase=train acc=0.79453125 loss=6.520319640636444 epoch=42 and step=10
2026-04-19 11:02:16,971 - SplitNNClient - INFO - 16812 - phase=train acc=0.73671875 loss=8.0698322057724 epoch=42 and step=10
2026-04-19 11:02:17,006 - SplitNNClient - INFO - 26292 - phase=train acc=0.76484375 loss=6.836680293083191 epoch=42 and step=10
2026-04-19 11:02:17,054 - SplitNNClient - INFO - 24840 - phase=train acc=0.66171875 loss=9.77932620048523 epoch=42 and step=10
2026-04-19 11:02:24,123 - SplitNNClient - INFO - 17116 - phase=train acc=0.814453125 loss=11.036543250083923 epoch=42 and step=20
2026-04-19 11:02:24,414 - SplitNNClient - INFO - 26216 - phase=train acc=0.797265625 loss=12.266579329967499 epoch=42 and step=20
2026-04-19 11:02:24,447 - SplitNNClient - INFO - 26292 - phase=train acc=0.782421875 loss=12.463964641094208 epoch=42 and step=20
2026-04-19 11:02:24,469 - SplitNNClient - INFO - 16812 - phase=train acc=0.757421875 loss=14.691176116466522 epoch=42 and step=20
2026-04-19 11:02:24,953 - SplitNNClient - INFO - 24840 - phase=train acc=0.67890625 loss=18.194638907909393 epoch=42 and step=20
2026-04-19 11:02:31,656 - SplitNNClient - INFO - 17116 - phase=train acc=0.8213541666666667 loss=15.855485141277313 epoch=42 and step=30
2026-04-19 11:02:31,930 - SplitNNClient - INFO - 26216 - phase=train acc=0.7981770833333334 loss=17.808440774679184 epoch=42 and step=30
2026-04-19 11:02:31,935 - SplitNNClient - INFO - 16812 - phase=train acc=0.7763020833333333 loss=20.597078442573547 epoch=42 and step=30
2026-04-19 11:02:31,984 - SplitNNClient - INFO - 26292 - phase=train acc=0.7911458333333333 loss=18.15664294362068 epoch=42 and step=30
2026-04-19 11:02:32,795 - SplitNNClient - INFO - 24840 - phase=train acc=0.6885416666666667 loss=25.386205971240997 epoch=42 and step=30
2026-04-19 11:02:39,055 - SplitNNClient - INFO - 17116 - phase=train acc=0.824609375 loss=21.208272248506546 epoch=42 and step=40
2026-04-19 11:02:39,392 - SplitNNClient - INFO - 16812 - phase=train acc=0.778515625 loss=26.546500474214554 epoch=42 and step=40
2026-04-19 11:02:39,424 - SplitNNClient - INFO - 26216 - phase=train acc=0.79609375 loss=23.909616082906723 epoch=42 and step=40
2026-04-19 11:02:39,476 - SplitNNClient - INFO - 26292 - phase=train acc=0.7931640625 loss=23.72312104701996 epoch=42 and step=40
2026-04-19 11:02:40,614 - SplitNNClient - INFO - 24840 - phase=train acc=0.696875 loss=32.6408314704895 epoch=42 and step=40
2026-04-19 11:02:46,384 - SplitNNClient - INFO - 17116 - phase=train acc=0.82671875 loss=26.22081208229065 epoch=42 and step=50
2026-04-19 11:02:46,783 - SplitNNClient - INFO - 16812 - phase=train acc=0.77984375 loss=33.01892986893654 epoch=42 and step=50
2026-04-19 11:02:46,881 - SplitNNClient - INFO - 26216 - phase=train acc=0.79421875 loss=29.85785946249962 epoch=42 and step=50
2026-04-19 11:02:47,074 - SplitNNClient - INFO - 26292 - phase=train acc=0.79234375 loss=29.574562430381775 epoch=42 and step=50
2026-04-19 11:02:48,202 - SplitNNClient - INFO - 24840 - phase=train acc=0.70015625 loss=40.07905340194702 epoch=42 and step=50
2026-04-19 11:02:53,538 - SplitNNClient - INFO - 17116 - phase=train acc=0.8263020833333333 loss=31.504279792308807 epoch=42 and step=60
2026-04-19 11:02:53,742 - SplitNNClient - INFO - 16812 - phase=train acc=0.78046875 loss=39.01513144373894 epoch=42 and step=60
2026-04-19 11:02:53,775 - SplitNNClient - INFO - 26216 - phase=train acc=0.7936197916666666 loss=35.66932275891304 epoch=42 and step=60
2026-04-19 11:02:53,931 - SplitNNClient - INFO - 26292 - phase=train acc=0.7953125 loss=34.93223229050636 epoch=42 and step=60
2026-04-19 11:02:59,153 - SplitNNClient - INFO - 17116 - phase=train acc=0.8251116071428571 loss=36.59046879410744 epoch=42 and step=70
2026-04-19 11:02:59,340 - SplitNNClient - INFO - 16812 - phase=train acc=0.78046875 loss=45.24159714579582 epoch=42 and step=70
2026-04-19 11:03:01,916 - SplitNNClient - INFO - 17116 - phase=train acc=0.82451171875 loss=41.58354729413986 epoch=42 and step=80
2026-04-19 11:03:04,192 - SplitNNClient - INFO - 17116 - phase=train acc=0.8255208333333334 loss=46.340206146240234 epoch=42 and step=90
2026-04-19 11:03:06,446 - SplitNNClient - INFO - 17116 - phase=train acc=0.825859375 loss=51.378925174474716 epoch=42 and step=100
2026-04-19 11:03:08,680 - SplitNNClient - INFO - 17116 - phase=train acc=0.825 loss=56.971644788980484 epoch=42 and step=110
2026-04-19 11:03:10,929 - SplitNNClient - INFO - 17116 - phase=train acc=0.8259765625 loss=61.674333184957504 epoch=42 and step=120
2026-04-19 11:03:11,603 - ServerManager - INFO - 18260 - get all model params ---- from rank 0
2026-04-19 11:03:11,623 - ServerManager - INFO - 18260 - Dist:115.43260955810547
2026-04-19 11:03:24,879 - SplitNNClient - INFO - 17116 - phase=validation acc=0.7943 loss=46.06195482611656 epoch=42 and step=79
2026-04-19 11:03:26,689 - SplitNNClient - INFO - 26216 - phase=validation acc=0.7943 loss=46.06195482611656 epoch=42 and step=79
2026-04-19 11:03:26,829 - SplitNNClient - INFO - 16812 - phase=validation acc=0.7943 loss=46.06195482611656 epoch=42 and step=79
2026-04-19 11:03:26,845 - SplitNNClient - INFO - 24840 - phase=validation acc=0.7943 loss=46.06195482611656 epoch=42 and step=79
2026-04-19 11:03:27,013 - SplitNNClient - INFO - 26292 - phase=validation acc=0.7943 loss=46.06195482611656 epoch=42 and step=79
2026-04-19 11:03:30,623 - SplitNNClient - INFO - 17116 - phase=train acc=0.7609375 loss=6.608746111392975 epoch=43 and step=10
2026-04-19 11:03:33,526 - SplitNNClient - INFO - 26216 - phase=train acc=0.80546875 loss=6.013175845146179 epoch=43 and step=10
2026-04-19 11:03:33,551 - SplitNNClient - INFO - 16812 - phase=train acc=0.734375 loss=7.95187920331955 epoch=43 and step=10
2026-04-19 11:03:33,856 - SplitNNClient - INFO - 24840 - phase=train acc=0.63984375 loss=10.032829582691193 epoch=43 and step=10
2026-04-19 11:03:34,195 - SplitNNClient - INFO - 26292 - phase=train acc=0.7609375 loss=6.862040132284164 epoch=43 and step=10
2026-04-19 11:03:37,561 - SplitNNClient - INFO - 17116 - phase=train acc=0.8015625 loss=11.4615658223629 epoch=43 and step=20
2026-04-19 11:03:40,725 - SplitNNClient - INFO - 16812 - phase=train acc=0.763671875 loss=14.046636462211609 epoch=43 and step=20
2026-04-19 11:03:40,767 - SplitNNClient - INFO - 26216 - phase=train acc=0.8140625 loss=11.240500807762146 epoch=43 and step=20
2026-04-19 11:03:41,464 - SplitNNClient - INFO - 24840 - phase=train acc=0.67734375 loss=17.727454662322998 epoch=43 and step=20
2026-04-19 11:03:41,889 - SplitNNClient - INFO - 26292 - phase=train acc=0.79375 loss=11.989298105239868 epoch=43 and step=20
2026-04-19 11:03:44,446 - SplitNNClient - INFO - 17116 - phase=train acc=0.8138020833333334 loss=16.42428830265999 epoch=43 and step=30
2026-04-19 11:03:47,706 - SplitNNClient - INFO - 16812 - phase=train acc=0.7721354166666666 loss=20.31699925661087 epoch=43 and step=30
2026-04-19 11:03:47,974 - SplitNNClient - INFO - 26216 - phase=train acc=0.8127604166666667 loss=16.662459015846252 epoch=43 and step=30
2026-04-19 11:03:49,048 - SplitNNClient - INFO - 24840 - phase=train acc=0.6888020833333334 loss=25.35876452922821 epoch=43 and step=30
2026-04-19 11:03:49,417 - SplitNNClient - INFO - 26292 - phase=train acc=0.8036458333333333 loss=17.316030144691467 epoch=43 and step=30
2026-04-19 11:03:51,452 - SplitNNClient - INFO - 17116 - phase=train acc=0.8201171875 loss=21.314305067062378 epoch=43 and step=40
2026-04-19 11:03:54,693 - SplitNNClient - INFO - 16812 - phase=train acc=0.7755859375 loss=26.331603437662125 epoch=43 and step=40
2026-04-19 11:03:55,270 - SplitNNClient - INFO - 26216 - phase=train acc=0.8095703125 loss=22.21777480840683 epoch=43 and step=40
2026-04-19 11:03:56,579 - SplitNNClient - INFO - 24840 - phase=train acc=0.696875 loss=32.69824457168579 epoch=43 and step=40
2026-04-19 11:03:56,983 - SplitNNClient - INFO - 26292 - phase=train acc=0.803515625 loss=22.886455953121185 epoch=43 and step=40
2026-04-19 11:03:58,450 - SplitNNClient - INFO - 17116 - phase=train acc=0.82125 loss=26.54236790537834 epoch=43 and step=50
2026-04-19 11:04:01,740 - SplitNNClient - INFO - 16812 - phase=train acc=0.775 loss=32.89661380648613 epoch=43 and step=50
2026-04-19 11:04:02,411 - SplitNNClient - INFO - 26216 - phase=train acc=0.80546875 loss=28.09773388504982 epoch=43 and step=50
2026-04-19 11:04:04,221 - SplitNNClient - INFO - 24840 - phase=train acc=0.70125 loss=39.89961987733841 epoch=43 and step=50
2026-04-19 11:04:04,626 - SplitNNClient - INFO - 26292 - phase=train acc=0.79859375 loss=28.868398368358612 epoch=43 and step=50
2026-04-19 11:04:05,591 - SplitNNClient - INFO - 17116 - phase=train acc=0.8235677083333334 loss=31.353660494089127 epoch=43 and step=60
2026-04-19 11:04:08,633 - SplitNNClient - INFO - 16812 - phase=train acc=0.7772135416666667 loss=39.081114649772644 epoch=43 and step=60
2026-04-19 11:04:09,221 - SplitNNClient - INFO - 26216 - phase=train acc=0.804296875 loss=33.9666374027729 epoch=43 and step=60
2026-04-19 11:04:11,083 - SplitNNClient - INFO - 26292 - phase=train acc=0.7997395833333333 loss=34.51758763194084 epoch=43 and step=60
2026-04-19 11:04:11,708 - SplitNNClient - INFO - 17116 - phase=train acc=0.825 loss=36.132760256528854 epoch=43 and step=70
2026-04-19 11:04:14,427 - SplitNNClient - INFO - 16812 - phase=train acc=0.77890625 loss=45.60797339677811 epoch=43 and step=70
2026-04-19 11:04:16,433 - SplitNNClient - INFO - 17116 - phase=train acc=0.82724609375 loss=40.78911250829697 epoch=43 and step=80
2026-04-19 11:04:18,785 - SplitNNClient - INFO - 17116 - phase=train acc=0.828125 loss=45.73260825872421 epoch=43 and step=90
2026-04-19 11:04:21,027 - SplitNNClient - INFO - 17116 - phase=train acc=0.827265625 loss=51.216317772865295 epoch=43 and step=100
2026-04-19 11:04:23,316 - SplitNNClient - INFO - 17116 - phase=train acc=0.8281960227272728 loss=56.22184759378433 epoch=43 and step=110
2026-04-19 11:04:25,575 - SplitNNClient - INFO - 17116 - phase=train acc=0.828125 loss=61.34935602545738 epoch=43 and step=120
2026-04-19 11:04:26,221 - ServerManager - INFO - 18260 - get all model params ---- from rank 0
2026-04-19 11:04:26,241 - ServerManager - INFO - 18260 - Dist:165.86248779296875
2026-04-19 11:04:40,877 - SplitNNClient - INFO - 24840 - phase=validation acc=0.7978 loss=45.450124979019165 epoch=43 and step=79
2026-04-19 11:04:41,100 - SplitNNClient - INFO - 17116 - phase=validation acc=0.7978 loss=45.450124979019165 epoch=43 and step=79
2026-04-19 11:04:41,468 - SplitNNClient - INFO - 16812 - phase=validation acc=0.7978 loss=45.450124979019165 epoch=43 and step=79
2026-04-19 11:04:41,473 - SplitNNClient - INFO - 26216 - phase=validation acc=0.7978 loss=45.450124979019165 epoch=43 and step=79
2026-04-19 11:04:41,779 - SplitNNClient - INFO - 26292 - phase=validation acc=0.7978 loss=45.450124979019165 epoch=43 and step=79
2026-04-19 11:04:47,586 - SplitNNClient - INFO - 24840 - phase=train acc=0.6421875 loss=10.42743468284607 epoch=44 and step=10
2026-04-19 11:04:47,977 - SplitNNClient - INFO - 17116 - phase=train acc=0.79140625 loss=5.783305317163467 epoch=44 and step=10
2026-04-19 11:04:48,348 - SplitNNClient - INFO - 16812 - phase=train acc=0.74296875 loss=7.652986824512482 epoch=44 and step=10
2026-04-19 11:04:48,429 - SplitNNClient - INFO - 26216 - phase=train acc=0.77265625 loss=6.36994606256485 epoch=44 and step=10
2026-04-19 11:04:48,804 - SplitNNClient - INFO - 26292 - phase=train acc=0.7703125 loss=6.800778150558472 epoch=44 and step=10
2026-04-19 11:04:54,926 - SplitNNClient - INFO - 24840 - phase=train acc=0.676171875 loss=18.20408535003662 epoch=44 and step=20
2026-04-19 11:04:55,379 - SplitNNClient - INFO - 17116 - phase=train acc=0.820703125 loss=10.474290519952774 epoch=44 and step=20
2026-04-19 11:04:55,712 - SplitNNClient - INFO - 16812 - phase=train acc=0.765234375 loss=13.78775680065155 epoch=44 and step=20
2026-04-19 11:04:55,815 - SplitNNClient - INFO - 26216 - phase=train acc=0.79765625 loss=11.593472987413406 epoch=44 and step=20
2026-04-19 11:04:56,222 - SplitNNClient - INFO - 26292 - phase=train acc=0.78828125 loss=12.340449005365372 epoch=44 and step=20
2026-04-19 11:05:02,526 - SplitNNClient - INFO - 24840 - phase=train acc=0.69375 loss=25.568547189235687 epoch=44 and step=30
2026-04-19 11:05:02,888 - SplitNNClient - INFO - 17116 - phase=train acc=0.8244791666666667 loss=15.428612262010574 epoch=44 and step=30
2026-04-19 11:05:03,215 - SplitNNClient - INFO - 16812 - phase=train acc=0.76875 loss=20.032202899456024 epoch=44 and step=30
2026-04-19 11:05:03,337 - SplitNNClient - INFO - 26216 - phase=train acc=0.8041666666666667 loss=16.996495634317398 epoch=44 and step=30
2026-04-19 11:05:03,720 - SplitNNClient - INFO - 26292 - phase=train acc=0.7940104166666667 loss=17.664293378591537 epoch=44 and step=30
2026-04-19 11:05:10,047 - SplitNNClient - INFO - 24840 - phase=train acc=0.6998046875 loss=33.03577268123627 epoch=44 and step=40
2026-04-19 11:05:10,377 - SplitNNClient - INFO - 17116 - phase=train acc=0.833203125 loss=19.97257027029991 epoch=44 and step=40
2026-04-19 11:05:10,762 - SplitNNClient - INFO - 16812 - phase=train acc=0.7744140625 loss=26.150596499443054 epoch=44 and step=40
2026-04-19 11:05:10,820 - SplitNNClient - INFO - 26216 - phase=train acc=0.8068359375 loss=22.162709146738052 epoch=44 and step=40
2026-04-19 11:05:11,190 - SplitNNClient - INFO - 26292 - phase=train acc=0.7943359375 loss=23.274872839450836 epoch=44 and step=40
2026-04-19 11:05:17,654 - SplitNNClient - INFO - 24840 - phase=train acc=0.7046875 loss=40.13129061460495 epoch=44 and step=50
2026-04-19 11:05:17,970 - SplitNNClient - INFO - 17116 - phase=train acc=0.83859375 loss=24.421667367219925 epoch=44 and step=50
2026-04-19 11:05:18,340 - SplitNNClient - INFO - 16812 - phase=train acc=0.7765625 loss=32.67820081114769 epoch=44 and step=50
2026-04-19 11:05:18,341 - SplitNNClient - INFO - 26216 - phase=train acc=0.8078125 loss=27.45548951625824 epoch=44 and step=50
2026-04-19 11:05:18,784 - SplitNNClient - INFO - 26292 - phase=train acc=0.7971875 loss=28.952673137187958 epoch=44 and step=50
2026-04-19 11:05:24,760 - SplitNNClient - INFO - 17116 - phase=train acc=0.8373697916666667 loss=29.615493535995483 epoch=44 and step=60
2026-04-19 11:05:24,941 - SplitNNClient - INFO - 16812 - phase=train acc=0.7794270833333333 loss=38.9294356405735 epoch=44 and step=60
2026-04-19 11:05:24,984 - SplitNNClient - INFO - 26216 - phase=train acc=0.8061197916666667 loss=33.127271473407745 epoch=44 and step=60
2026-04-19 11:05:25,049 - SplitNNClient - INFO - 26292 - phase=train acc=0.7993489583333333 loss=34.28219795227051 epoch=44 and step=60
2026-04-19 11:05:30,406 - SplitNNClient - INFO - 17116 - phase=train acc=0.8379464285714285 loss=34.15500620007515 epoch=44 and step=70
2026-04-19 11:05:30,567 - SplitNNClient - INFO - 16812 - phase=train acc=0.78046875 loss=45.101786345243454 epoch=44 and step=70
2026-04-19 11:05:33,200 - SplitNNClient - INFO - 17116 - phase=train acc=0.8376953125 loss=38.99339780211449 epoch=44 and step=80
2026-04-19 11:05:35,461 - SplitNNClient - INFO - 17116 - phase=train acc=0.8400173611111111 loss=43.64087975025177 epoch=44 and step=90
2026-04-19 11:05:37,747 - SplitNNClient - INFO - 17116 - phase=train acc=0.838359375 loss=48.6021172106266 epoch=44 and step=100
2026-04-19 11:05:39,949 - SplitNNClient - INFO - 17116 - phase=train acc=0.8381392045454545 loss=53.300277411937714 epoch=44 and step=110
2026-04-19 11:05:42,197 - SplitNNClient - INFO - 17116 - phase=train acc=0.8380208333333333 loss=58.341569036245346 epoch=44 and step=120
2026-04-19 11:05:42,849 - ServerManager - INFO - 18260 - get all model params ---- from rank 0
2026-04-19 11:05:42,870 - ServerManager - INFO - 18260 - Dist:380.4535827636719
2026-04-19 11:05:57,384 - SplitNNClient - INFO - 26292 - phase=validation acc=0.7987 loss=45.22533264756203 epoch=44 and step=79
2026-04-19 11:05:57,422 - SplitNNClient - INFO - 24840 - phase=validation acc=0.7987 loss=45.22533264756203 epoch=44 and step=79
2026-04-19 11:05:57,799 - SplitNNClient - INFO - 17116 - phase=validation acc=0.7987 loss=45.22533264756203 epoch=44 and step=79
2026-04-19 11:05:58,030 - SplitNNClient - INFO - 26216 - phase=validation acc=0.7987 loss=45.22533264756203 epoch=44 and step=79
2026-04-19 11:05:58,421 - SplitNNClient - INFO - 16812 - phase=validation acc=0.7987 loss=45.22533264756203 epoch=44 and step=79
2026-04-19 11:06:04,111 - SplitNNClient - INFO - 26292 - phase=train acc=0.78359375 loss=6.271305412054062 epoch=45 and step=10
2026-04-19 11:06:04,210 - SplitNNClient - INFO - 24840 - phase=train acc=0.64609375 loss=10.059980392456055 epoch=45 and step=10
2026-04-19 11:06:04,696 - SplitNNClient - INFO - 17116 - phase=train acc=0.78984375 loss=6.128381282091141 epoch=45 and step=10
2026-04-19 11:06:05,211 - SplitNNClient - INFO - 26216 - phase=train acc=0.80234375 loss=6.044397592544556 epoch=45 and step=10
2026-04-19 11:06:05,573 - SplitNNClient - INFO - 16812 - phase=train acc=0.75 loss=7.598257660865784 epoch=45 and step=10
2026-04-19 11:06:11,454 - SplitNNClient - INFO - 26292 - phase=train acc=0.79453125 loss=12.116677731275558 epoch=45 and step=20
2026-04-19 11:06:11,537 - SplitNNClient - INFO - 24840 - phase=train acc=0.68359375 loss=17.822258293628693 epoch=45 and step=20
2026-04-19 11:06:11,993 - SplitNNClient - INFO - 17116 - phase=train acc=0.8078125 loss=11.524732649326324 epoch=45 and step=20
2026-04-19 11:06:12,774 - SplitNNClient - INFO - 26216 - phase=train acc=0.8140625 loss=11.230096131563187 epoch=45 and step=20
2026-04-19 11:06:13,220 - SplitNNClient - INFO - 16812 - phase=train acc=0.775 loss=13.833343893289566 epoch=45 and step=20
2026-04-19 11:06:18,945 - SplitNNClient - INFO - 26292 - phase=train acc=0.803125 loss=17.1831374168396 epoch=45 and step=30
2026-04-19 11:06:19,067 - SplitNNClient - INFO - 24840 - phase=train acc=0.690625 loss=25.321750223636627 epoch=45 and step=30
2026-04-19 11:06:19,127 - SplitNNClient - INFO - 17116 - phase=train acc=0.81953125 loss=16.016346246004105 epoch=45 and step=30
2026-04-19 11:06:20,555 - SplitNNClient - INFO - 26216 - phase=train acc=0.8171875 loss=16.68017190694809 epoch=45 and step=30
2026-04-19 11:06:20,900 - SplitNNClient - INFO - 16812 - phase=train acc=0.7838541666666666 loss=19.577815890312195 epoch=45 and step=30
2026-04-19 11:06:26,187 - SplitNNClient - INFO - 17116 - phase=train acc=0.8255859375 loss=20.76407054066658 epoch=45 and step=40
2026-04-19 11:06:26,712 - SplitNNClient - INFO - 24840 - phase=train acc=0.695703125 loss=32.55795222520828 epoch=45 and step=40
2026-04-19 11:06:26,716 - SplitNNClient - INFO - 26292 - phase=train acc=0.802734375 loss=22.729699462652206 epoch=45 and step=40
2026-04-19 11:06:28,286 - SplitNNClient - INFO - 26216 - phase=train acc=0.8169921875 loss=21.619787722826004 epoch=45 and step=40
2026-04-19 11:06:28,709 - SplitNNClient - INFO - 16812 - phase=train acc=0.788671875 loss=25.72470274567604 epoch=45 and step=40
2026-04-19 11:06:33,367 - SplitNNClient - INFO - 17116 - phase=train acc=0.8278125 loss=25.63168916106224 epoch=45 and step=50
2026-04-19 11:06:34,472 - SplitNNClient - INFO - 26292 - phase=train acc=0.80390625 loss=28.30297988653183 epoch=45 and step=50
2026-04-19 11:06:34,493 - SplitNNClient - INFO - 24840 - phase=train acc=0.69890625 loss=40.16887438297272 epoch=45 and step=50
2026-04-19 11:06:35,994 - SplitNNClient - INFO - 26216 - phase=train acc=0.81671875 loss=27.050383269786835 epoch=45 and step=50
2026-04-19 11:06:36,491 - SplitNNClient - INFO - 16812 - phase=train acc=0.7853125 loss=32.35191088914871 epoch=45 and step=50
2026-04-19 11:06:40,138 - SplitNNClient - INFO - 17116 - phase=train acc=0.8307291666666666 loss=30.03728747367859 epoch=45 and step=60
2026-04-19 11:06:41,161 - SplitNNClient - INFO - 26292 - phase=train acc=0.8020833333333334 loss=34.05062836408615 epoch=45 and step=60
2026-04-19 11:06:42,694 - SplitNNClient - INFO - 26216 - phase=train acc=0.8143229166666667 loss=32.82238048315048 epoch=45 and step=60
2026-04-19 11:06:42,964 - SplitNNClient - INFO - 16812 - phase=train acc=0.7841145833333333 loss=39.079062819480896 epoch=45 and step=60
2026-04-19 11:06:45,991 - SplitNNClient - INFO - 17116 - phase=train acc=0.83046875 loss=34.89101305603981 epoch=45 and step=70
2026-04-19 11:06:48,033 - SplitNNClient - INFO - 16812 - phase=train acc=0.7842633928571429 loss=45.513390600681305 epoch=45 and step=70
2026-04-19 11:06:49,564 - SplitNNClient - INFO - 17116 - phase=train acc=0.830859375 loss=39.76940247416496 epoch=45 and step=80
2026-04-19 11:06:52,060 - SplitNNClient - INFO - 17116 - phase=train acc=0.8318576388888889 loss=44.302384942770004 epoch=45 and step=90
2026-04-19 11:06:54,414 - SplitNNClient - INFO - 17116 - phase=train acc=0.832578125 loss=49.04034271836281 epoch=45 and step=100
2026-04-19 11:06:56,789 - SplitNNClient - INFO - 17116 - phase=train acc=0.833309659090909 loss=53.97581163048744 epoch=45 and step=110
2026-04-19 11:06:59,157 - SplitNNClient - INFO - 17116 - phase=train acc=0.8330078125 loss=58.88975566625595 epoch=45 and step=120
2026-04-19 11:06:59,841 - ServerManager - INFO - 18260 - get all model params ---- from rank 0
2026-04-19 11:06:59,863 - ServerManager - INFO - 18260 - Dist:237.43740844726562
2026-04-19 11:07:15,242 - SplitNNClient - INFO - 24840 - phase=validation acc=0.8088 loss=43.756664991378784 epoch=45 and step=79
2026-04-19 11:07:15,407 - SplitNNClient - INFO - 26216 - phase=validation acc=0.8088 loss=43.756664991378784 epoch=45 and step=79
2026-04-19 11:07:15,579 - SplitNNClient - INFO - 17116 - phase=validation acc=0.8088 loss=43.756664991378784 epoch=45 and step=79
2026-04-19 11:07:15,761 - SplitNNClient - INFO - 26292 - phase=validation acc=0.8088 loss=43.756664991378784 epoch=45 and step=79
2026-04-19 11:07:15,917 - SplitNNClient - INFO - 16812 - phase=validation acc=0.8088 loss=43.756664991378784 epoch=45 and step=79
2026-04-19 11:07:22,481 - SplitNNClient - INFO - 24840 - phase=train acc=0.65 loss=10.362259566783905 epoch=46 and step=10
2026-04-19 11:07:22,513 - SplitNNClient - INFO - 26216 - phase=train acc=0.8 loss=6.024708241224289 epoch=46 and step=10
2026-04-19 11:07:22,660 - SplitNNClient - INFO - 26292 - phase=train acc=0.78125 loss=6.391957461833954 epoch=46 and step=10
2026-04-19 11:07:22,754 - SplitNNClient - INFO - 17116 - phase=train acc=0.8171875 loss=5.4353266060352325 epoch=46 and step=10
2026-04-19 11:07:23,177 - SplitNNClient - INFO - 16812 - phase=train acc=0.76015625 loss=7.681891143321991 epoch=46 and step=10
2026-04-19 11:07:30,066 - SplitNNClient - INFO - 26216 - phase=train acc=0.805078125 loss=11.562763661146164 epoch=46 and step=20
2026-04-19 11:07:30,094 - SplitNNClient - INFO - 26292 - phase=train acc=0.79140625 loss=11.91275441646576 epoch=46 and step=20
2026-04-19 11:07:30,383 - SplitNNClient - INFO - 24840 - phase=train acc=0.67578125 loss=18.248301804065704 epoch=46 and step=20
2026-04-19 11:07:30,392 - SplitNNClient - INFO - 17116 - phase=train acc=0.83671875 loss=10.094119220972061 epoch=46 and step=20
2026-04-19 11:07:30,840 - SplitNNClient - INFO - 16812 - phase=train acc=0.78046875 loss=13.52966794371605 epoch=46 and step=20
2026-04-19 11:07:37,598 - SplitNNClient - INFO - 26292 - phase=train acc=0.7963541666666667 loss=17.277350544929504 epoch=46 and step=30
2026-04-19 11:07:37,798 - SplitNNClient - INFO - 26216 - phase=train acc=0.8059895833333334 loss=17.31808015704155 epoch=46 and step=30
2026-04-19 11:07:38,084 - SplitNNClient - INFO - 17116 - phase=train acc=0.84140625 loss=14.608323633670807 epoch=46 and step=30
2026-04-19 11:07:38,174 - SplitNNClient - INFO - 24840 - phase=train acc=0.6973958333333333 loss=25.11987268924713 epoch=46 and step=30
2026-04-19 11:07:38,488 - SplitNNClient - INFO - 16812 - phase=train acc=0.7786458333333334 loss=19.814612954854965 epoch=46 and step=30
2026-04-19 11:07:44,984 - SplitNNClient - INFO - 26292 - phase=train acc=0.7962890625 loss=22.746391355991364 epoch=46 and step=40
2026-04-19 11:07:45,470 - SplitNNClient - INFO - 26216 - phase=train acc=0.80546875 loss=22.988160341978073 epoch=46 and step=40
2026-04-19 11:07:45,839 - SplitNNClient - INFO - 17116 - phase=train acc=0.8375 loss=19.649466395378113 epoch=46 and step=40
2026-04-19 11:07:45,942 - SplitNNClient - INFO - 24840 - phase=train acc=0.705078125 loss=32.18100053071976 epoch=46 and step=40
2026-04-19 11:07:46,201 - SplitNNClient - INFO - 16812 - phase=train acc=0.7814453125 loss=26.020308822393417 epoch=46 and step=40
2026-04-19 11:07:52,315 - SplitNNClient - INFO - 26292 - phase=train acc=0.7990625 loss=28.113729536533356 epoch=46 and step=50
2026-04-19 11:07:53,135 - SplitNNClient - INFO - 26216 - phase=train acc=0.80359375 loss=28.598838657140732 epoch=46 and step=50
2026-04-19 11:07:53,526 - SplitNNClient - INFO - 17116 - phase=train acc=0.8375 loss=24.134434640407562 epoch=46 and step=50
2026-04-19 11:07:53,638 - SplitNNClient - INFO - 24840 - phase=train acc=0.71046875 loss=39.388905346393585 epoch=46 and step=50
2026-04-19 11:07:53,869 - SplitNNClient - INFO - 16812 - phase=train acc=0.78375 loss=32.304162085056305 epoch=46 and step=50
2026-04-19 11:07:59,260 - SplitNNClient - INFO - 26292 - phase=train acc=0.8033854166666666 loss=33.51715812087059 epoch=46 and step=60
2026-04-19 11:08:00,153 - SplitNNClient - INFO - 26216 - phase=train acc=0.808203125 loss=33.521621227264404 epoch=46 and step=60
2026-04-19 11:08:00,439 - SplitNNClient - INFO - 17116 - phase=train acc=0.8368489583333333 loss=29.11007595062256 epoch=46 and step=60
2026-04-19 11:08:00,756 - SplitNNClient - INFO - 16812 - phase=train acc=0.7848958333333333 loss=38.44707843661308 epoch=46 and step=60
2026-04-19 11:08:05,786 - SplitNNClient - INFO - 17116 - phase=train acc=0.8353794642857143 loss=33.99639728665352 epoch=46 and step=70
2026-04-19 11:08:05,980 - SplitNNClient - INFO - 16812 - phase=train acc=0.7887276785714286 loss=43.827844232320786 epoch=46 and step=70
2026-04-19 11:08:08,707 - SplitNNClient - INFO - 17116 - phase=train acc=0.83203125 loss=39.285835176706314 epoch=46 and step=80
2026-04-19 11:08:11,194 - SplitNNClient - INFO - 17116 - phase=train acc=0.8325520833333333 loss=44.0514871776104 epoch=46 and step=90
2026-04-19 11:08:13,731 - SplitNNClient - INFO - 17116 - phase=train acc=0.8334375 loss=48.7471062541008 epoch=46 and step=100
2026-04-19 11:08:16,195 - SplitNNClient - INFO - 17116 - phase=train acc=0.8328835227272727 loss=53.84909796714783 epoch=46 and step=110
2026-04-19 11:08:18,672 - SplitNNClient - INFO - 17116 - phase=train acc=0.8323567708333334 loss=58.947897136211395 epoch=46 and step=120
2026-04-19 11:08:19,368 - ServerManager - INFO - 18260 - get all model params ---- from rank 0
2026-04-19 11:08:19,390 - ServerManager - INFO - 18260 - Dist:128.80372619628906
2026-04-19 11:08:34,988 - SplitNNClient - INFO - 26292 - phase=validation acc=0.8098 loss=43.31635108590126 epoch=46 and step=79
2026-04-19 11:08:35,506 - SplitNNClient - INFO - 17116 - phase=validation acc=0.8098 loss=43.31635108590126 epoch=46 and step=79
2026-04-19 11:08:35,513 - SplitNNClient - INFO - 24840 - phase=validation acc=0.8098 loss=43.31635108590126 epoch=46 and step=79
2026-04-19 11:08:35,880 - SplitNNClient - INFO - 26216 - phase=validation acc=0.8098 loss=43.31635108590126 epoch=46 and step=79
2026-04-19 11:08:35,898 - SplitNNClient - INFO - 16812 - phase=validation acc=0.8098 loss=43.31635108590126 epoch=46 and step=79
2026-04-19 11:08:42,117 - SplitNNClient - INFO - 26292 - phase=train acc=0.78828125 loss=6.270690411329269 epoch=47 and step=10
2026-04-19 11:08:42,859 - SplitNNClient - INFO - 17116 - phase=train acc=0.80546875 loss=6.161073803901672 epoch=47 and step=10
2026-04-19 11:08:42,964 - SplitNNClient - INFO - 24840 - phase=train acc=0.66953125 loss=9.621955633163452 epoch=47 and step=10
2026-04-19 11:08:43,239 - SplitNNClient - INFO - 26216 - phase=train acc=0.79765625 loss=5.88731575012207 epoch=47 and step=10
2026-04-19 11:08:43,280 - SplitNNClient - INFO - 16812 - phase=train acc=0.771875 loss=7.274989098310471 epoch=47 and step=10
2026-04-19 11:08:49,879 - SplitNNClient - INFO - 26292 - phase=train acc=0.803125 loss=11.452224314212799 epoch=47 and step=20
2026-04-19 11:08:50,670 - SplitNNClient - INFO - 17116 - phase=train acc=0.821484375 loss=11.194528847932816 epoch=47 and step=20
2026-04-19 11:08:51,046 - SplitNNClient - INFO - 24840 - phase=train acc=0.68671875 loss=17.79224580526352 epoch=47 and step=20
2026-04-19 11:08:51,064 - SplitNNClient - INFO - 26216 - phase=train acc=0.8078125 loss=11.225909888744354 epoch=47 and step=20
2026-04-19 11:08:51,085 - SplitNNClient - INFO - 16812 - phase=train acc=0.7765625 loss=13.684676766395569 epoch=47 and step=20
2026-04-19 11:08:57,569 - SplitNNClient - INFO - 26292 - phase=train acc=0.8041666666666667 loss=16.8195141851902 epoch=47 and step=30
2026-04-19 11:08:58,444 - SplitNNClient - INFO - 17116 - phase=train acc=0.82734375 loss=15.946327805519104 epoch=47 and step=30
2026-04-19 11:08:58,793 - SplitNNClient - INFO - 26216 - phase=train acc=0.8080729166666667 loss=16.76509180665016 epoch=47 and step=30
2026-04-19 11:08:58,826 - SplitNNClient - INFO - 16812 - phase=train acc=0.7815104166666667 loss=19.85573035478592 epoch=47 and step=30
2026-04-19 11:08:59,179 - SplitNNClient - INFO - 24840 - phase=train acc=0.6981770833333333 loss=24.894197702407837 epoch=47 and step=30
2026-04-19 11:09:05,164 - SplitNNClient - INFO - 26292 - phase=train acc=0.809765625 loss=21.911180555820465 epoch=47 and step=40
2026-04-19 11:09:06,292 - SplitNNClient - INFO - 17116 - phase=train acc=0.834375 loss=20.2017120718956 epoch=47 and step=40
2026-04-19 11:09:06,630 - SplitNNClient - INFO - 26216 - phase=train acc=0.8068359375 loss=22.305568367242813 epoch=47 and step=40
2026-04-19 11:09:06,691 - SplitNNClient - INFO - 16812 - phase=train acc=0.7888671875 loss=25.69268709421158 epoch=47 and step=40
2026-04-19 11:09:07,184 - SplitNNClient - INFO - 24840 - phase=train acc=0.702734375 loss=32.16454303264618 epoch=47 and step=40
2026-04-19 11:09:12,852 - SplitNNClient - INFO - 26292 - phase=train acc=0.81375 loss=26.724177658557892 epoch=47 and step=50
2026-04-19 11:09:14,044 - SplitNNClient - INFO - 17116 - phase=train acc=0.8371875 loss=24.708744645118713 epoch=47 and step=50
2026-04-19 11:09:14,448 - SplitNNClient - INFO - 26216 - phase=train acc=0.80875 loss=27.857694894075394 epoch=47 and step=50
2026-04-19 11:09:14,493 - SplitNNClient - INFO - 16812 - phase=train acc=0.79171875 loss=31.689231544733047 epoch=47 and step=50
2026-04-19 11:09:15,427 - SplitNNClient - INFO - 24840 - phase=train acc=0.709375 loss=39.04213720560074 epoch=47 and step=50
2026-04-19 11:09:20,095 - SplitNNClient - INFO - 26292 - phase=train acc=0.81328125 loss=32.06620940566063 epoch=47 and step=60
2026-04-19 11:09:21,295 - SplitNNClient - INFO - 17116 - phase=train acc=0.838671875 loss=29.303029730916023 epoch=47 and step=60
2026-04-19 11:09:21,598 - SplitNNClient - INFO - 16812 - phase=train acc=0.79609375 loss=37.27493640780449 epoch=47 and step=60
2026-04-19 11:09:21,654 - SplitNNClient - INFO - 26216 - phase=train acc=0.807421875 loss=33.24349585175514 epoch=47 and step=60
2026-04-19 11:09:26,674 - SplitNNClient - INFO - 17116 - phase=train acc=0.8387276785714286 loss=34.02704103291035 epoch=47 and step=70
2026-04-19 11:09:26,875 - SplitNNClient - INFO - 16812 - phase=train acc=0.7970982142857143 loss=42.91738313436508 epoch=47 and step=70
2026-04-19 11:09:29,855 - SplitNNClient - INFO - 17116 - phase=train acc=0.84140625 loss=38.303264424204826 epoch=47 and step=80
2026-04-19 11:09:32,458 - SplitNNClient - INFO - 17116 - phase=train acc=0.840625 loss=42.942593827843666 epoch=47 and step=90
2026-04-19 11:09:35,105 - SplitNNClient - INFO - 17116 - phase=train acc=0.839609375 loss=48.03906659781933 epoch=47 and step=100
2026-04-19 11:09:37,685 - SplitNNClient - INFO - 17116 - phase=train acc=0.8392755681818181 loss=53.025898203253746 epoch=47 and step=110
2026-04-19 11:09:40,253 - SplitNNClient - INFO - 17116 - phase=train acc=0.8401041666666667 loss=57.58934588730335 epoch=47 and step=120
2026-04-19 11:09:40,978 - ServerManager - INFO - 18260 - get all model params ---- from rank 0
2026-04-19 11:09:41,021 - ServerManager - INFO - 18260 - Dist:98.11225891113281
2026-04-19 11:09:56,722 - SplitNNClient - INFO - 24840 - phase=validation acc=0.8082 loss=43.370198518037796 epoch=47 and step=79
2026-04-19 11:09:56,838 - SplitNNClient - INFO - 26216 - phase=validation acc=0.8082 loss=43.370198518037796 epoch=47 and step=79
2026-04-19 11:09:57,096 - SplitNNClient - INFO - 17116 - phase=validation acc=0.8082 loss=43.370198518037796 epoch=47 and step=79
2026-04-19 11:09:57,447 - SplitNNClient - INFO - 26292 - phase=validation acc=0.8082 loss=43.370198518037796 epoch=47 and step=79
2026-04-19 11:09:57,481 - SplitNNClient - INFO - 16812 - phase=validation acc=0.8082 loss=43.370198518037796 epoch=47 and step=79
2026-04-19 11:10:03,702 - SplitNNClient - INFO - 26216 - phase=train acc=0.7953125 loss=5.789090871810913 epoch=48 and step=10
2026-04-19 11:10:03,756 - SplitNNClient - INFO - 24840 - phase=train acc=0.66875 loss=9.385481297969818 epoch=48 and step=10
2026-04-19 11:10:04,101 - SplitNNClient - INFO - 17116 - phase=train acc=0.80859375 loss=5.714141219854355 epoch=48 and step=10
2026-04-19 11:10:04,441 - SplitNNClient - INFO - 26292 - phase=train acc=0.79140625 loss=6.240589439868927 epoch=48 and step=10
2026-04-19 11:10:04,490 - SplitNNClient - INFO - 16812 - phase=train acc=0.759375 loss=7.632385969161987 epoch=48 and step=10
2026-04-19 11:10:11,471 - SplitNNClient - INFO - 26216 - phase=train acc=0.812890625 loss=10.662043124437332 epoch=48 and step=20
2026-04-19 11:10:11,499 - SplitNNClient - INFO - 24840 - phase=train acc=0.70390625 loss=16.628261744976044 epoch=48 and step=20
2026-04-19 11:10:11,858 - SplitNNClient - INFO - 17116 - phase=train acc=0.830859375 loss=9.97074756026268 epoch=48 and step=20
2026-04-19 11:10:12,203 - SplitNNClient - INFO - 26292 - phase=train acc=0.802734375 loss=11.591721296310425 epoch=48 and step=20
2026-04-19 11:10:12,336 - SplitNNClient - INFO - 16812 - phase=train acc=0.788671875 loss=13.434625834226608 epoch=48 and step=20
2026-04-19 11:10:19,251 - SplitNNClient - INFO - 26216 - phase=train acc=0.8130208333333333 loss=15.955247849225998 epoch=48 and step=30
2026-04-19 11:10:19,596 - SplitNNClient - INFO - 17116 - phase=train acc=0.8322916666666667 loss=14.545713692903519 epoch=48 and step=30
2026-04-19 11:10:19,951 - SplitNNClient - INFO - 26292 - phase=train acc=0.8059895833333334 loss=17.159311592578888 epoch=48 and step=30
2026-04-19 11:10:20,120 - SplitNNClient - INFO - 16812 - phase=train acc=0.79140625 loss=19.23621889948845 epoch=48 and step=30
2026-04-19 11:10:26,984 - SplitNNClient - INFO - 24840 - phase=train acc=0.7193359375 loss=30.63833749294281 epoch=48 and step=40
2026-04-19 11:10:27,012 - SplitNNClient - INFO - 26216 - phase=train acc=0.8130859375 loss=21.05438193678856 epoch=48 and step=40
2026-04-19 11:10:27,355 - SplitNNClient - INFO - 26292 - phase=train acc=0.8078125 loss=22.247882276773453 epoch=48 and step=40
2026-04-19 11:10:27,374 - SplitNNClient - INFO - 17116 - phase=train acc=0.833203125 loss=19.42209467291832 epoch=48 and step=40
2026-04-19 11:10:27,791 - SplitNNClient - INFO - 16812 - phase=train acc=0.7935546875 loss=25.03633764386177 epoch=48 and step=40
2026-04-19 11:10:34,832 - SplitNNClient - INFO - 24840 - phase=train acc=0.72 loss=37.76580363512039 epoch=48 and step=50
2026-04-19 11:10:34,841 - SplitNNClient - INFO - 26216 - phase=train acc=0.8146875 loss=26.165363401174545 epoch=48 and step=50
2026-04-19 11:10:35,194 - SplitNNClient - INFO - 26292 - phase=train acc=0.81203125 loss=27.39080062508583 epoch=48 and step=50
2026-04-19 11:10:35,287 - SplitNNClient - INFO - 17116 - phase=train acc=0.835 loss=23.943136900663376 epoch=48 and step=50
2026-04-19 11:10:35,625 - SplitNNClient - INFO - 16812 - phase=train acc=0.79859375 loss=30.483600586652756 epoch=48 and step=50
2026-04-19 11:10:41,850 - SplitNNClient - INFO - 26216 - phase=train acc=0.812109375 loss=31.900415390729904 epoch=48 and step=60
2026-04-19 11:10:41,862 - SplitNNClient - INFO - 26292 - phase=train acc=0.8102864583333333 loss=32.83640804886818 epoch=48 and step=60
2026-04-19 11:10:42,229 - SplitNNClient - INFO - 17116 - phase=train acc=0.8356770833333333 loss=28.694605112075806 epoch=48 and step=60
2026-04-19 11:10:42,545 - SplitNNClient - INFO - 16812 - phase=train acc=0.8 loss=36.19403997063637 epoch=48 and step=60
2026-04-19 11:10:47,739 - SplitNNClient - INFO - 17116 - phase=train acc=0.8380580357142857 loss=33.09652155637741 epoch=48 and step=70
2026-04-19 11:10:48,021 - SplitNNClient - INFO - 16812 - phase=train acc=0.7989955357142857 loss=42.38733470439911 epoch=48 and step=70
2026-04-19 11:10:50,797 - SplitNNClient - INFO - 17116 - phase=train acc=0.83564453125 loss=38.27756494283676 epoch=48 and step=80
2026-04-19 11:10:53,376 - SplitNNClient - INFO - 17116 - phase=train acc=0.8356770833333333 loss=43.10398319363594 epoch=48 and step=90
2026-04-19 11:10:55,963 - SplitNNClient - INFO - 17116 - phase=train acc=0.8359375 loss=47.687389492988586 epoch=48 and step=100
2026-04-19 11:10:58,529 - SplitNNClient - INFO - 17116 - phase=train acc=0.8370028409090909 loss=52.12360808253288 epoch=48 and step=110
2026-04-19 11:11:01,054 - SplitNNClient - INFO - 17116 - phase=train acc=0.8378255208333333 loss=56.780664682388306 epoch=48 and step=120
2026-04-19 11:11:01,767 - ServerManager - INFO - 18260 - get all model params ---- from rank 0
2026-04-19 11:11:01,811 - ServerManager - INFO - 18260 - Dist:177.38880920410156
2026-04-19 11:11:17,296 - SplitNNClient - INFO - 24840 - phase=validation acc=0.8122 loss=42.19568905234337 epoch=48 and step=79
2026-04-19 11:11:17,615 - SplitNNClient - INFO - 17116 - phase=validation acc=0.8122 loss=42.19568905234337 epoch=48 and step=79
2026-04-19 11:11:18,194 - SplitNNClient - INFO - 26292 - phase=validation acc=0.8122 loss=42.19568905234337 epoch=48 and step=79
2026-04-19 11:11:18,210 - SplitNNClient - INFO - 26216 - phase=validation acc=0.8122 loss=42.19568905234337 epoch=48 and step=79
2026-04-19 11:11:18,418 - SplitNNClient - INFO - 16812 - phase=validation acc=0.8122 loss=42.19568905234337 epoch=48 and step=79
2026-04-19 11:11:24,159 - SplitNNClient - INFO - 24840 - phase=train acc=0.6875 loss=9.397043526172638 epoch=49 and step=10
2026-04-19 11:11:24,354 - SplitNNClient - INFO - 17116 - phase=train acc=0.8265625 loss=5.310796111822128 epoch=49 and step=10
2026-04-19 11:11:25,098 - SplitNNClient - INFO - 26216 - phase=train acc=0.81953125 loss=5.207291781902313 epoch=49 and step=10
2026-04-19 11:11:25,197 - SplitNNClient - INFO - 26292 - phase=train acc=0.7984375 loss=6.054376542568207 epoch=49 and step=10
2026-04-19 11:11:25,392 - SplitNNClient - INFO - 16812 - phase=train acc=0.7703125 loss=7.190282762050629 epoch=49 and step=10
2026-04-19 11:11:31,631 - SplitNNClient - INFO - 24840 - phase=train acc=0.700390625 loss=16.711623311042786 epoch=49 and step=20
2026-04-19 11:11:31,676 - SplitNNClient - INFO - 17116 - phase=train acc=0.845703125 loss=9.462777346372604 epoch=49 and step=20
2026-04-19 11:11:32,439 - SplitNNClient - INFO - 26216 - phase=train acc=0.83203125 loss=9.884352207183838 epoch=49 and step=20
2026-04-19 11:11:32,734 - SplitNNClient - INFO - 16812 - phase=train acc=0.78125 loss=13.356458336114883 epoch=49 and step=20
2026-04-19 11:11:32,857 - SplitNNClient - INFO - 26292 - phase=train acc=0.8109375 loss=11.152880012989044 epoch=49 and step=20
2026-04-19 11:11:39,121 - SplitNNClient - INFO - 17116 - phase=train acc=0.8424479166666666 loss=14.390331506729126 epoch=49 and step=30
2026-04-19 11:11:39,148 - SplitNNClient - INFO - 24840 - phase=train acc=0.7088541666666667 loss=23.738111972808838 epoch=49 and step=30
2026-04-19 11:11:39,903 - SplitNNClient - INFO - 26216 - phase=train acc=0.8283854166666667 loss=15.04854479432106 epoch=49 and step=30
2026-04-19 11:11:40,305 - SplitNNClient - INFO - 16812 - phase=train acc=0.7890625 loss=19.271189719438553 epoch=49 and step=30
2026-04-19 11:11:40,424 - SplitNNClient - INFO - 26292 - phase=train acc=0.81171875 loss=16.20862802863121 epoch=49 and step=30
2026-04-19 11:11:46,686 - SplitNNClient - INFO - 17116 - phase=train acc=0.8453125 loss=18.770590245723724 epoch=49 and step=40
2026-04-19 11:11:46,741 - SplitNNClient - INFO - 24840 - phase=train acc=0.7177734375 loss=30.827748119831085 epoch=49 and step=40
2026-04-19 11:11:47,413 - SplitNNClient - INFO - 26216 - phase=train acc=0.823046875 loss=20.44329458475113 epoch=49 and step=40
2026-04-19 11:11:47,750 - SplitNNClient - INFO - 16812 - phase=train acc=0.79140625 loss=25.274833649396896 epoch=49 and step=40
2026-04-19 11:11:47,932 - SplitNNClient - INFO - 26292 - phase=train acc=0.8103515625 loss=21.61876231431961 epoch=49 and step=40
2026-04-19 11:11:54,043 - SplitNNClient - INFO - 17116 - phase=train acc=0.8484375 loss=23.040499478578568 epoch=49 and step=50
2026-04-19 11:11:54,309 - SplitNNClient - INFO - 24840 - phase=train acc=0.72546875 loss=37.47092390060425 epoch=49 and step=50
2026-04-19 11:11:54,757 - SplitNNClient - INFO - 26216 - phase=train acc=0.82015625 loss=25.95206528902054 epoch=49 and step=50
2026-04-19 11:11:55,034 - SplitNNClient - INFO - 16812 - phase=train acc=0.796875 loss=30.625954687595367 epoch=49 and step=50
2026-04-19 11:11:55,394 - SplitNNClient - INFO - 26292 - phase=train acc=0.81609375 loss=26.477926522493362 epoch=49 and step=50
2026-04-19 11:12:00,731 - SplitNNClient - INFO - 17116 - phase=train acc=0.848828125 loss=27.560958087444305 epoch=49 and step=60
2026-04-19 11:12:01,338 - SplitNNClient - INFO - 26216 - phase=train acc=0.8192708333333333 loss=31.306648790836334 epoch=49 and step=60
2026-04-19 11:12:01,581 - SplitNNClient - INFO - 16812 - phase=train acc=0.7963541666666667 loss=36.798243552446365 epoch=49 and step=60
2026-04-19 11:12:01,669 - SplitNNClient - INFO - 26292 - phase=train acc=0.8149739583333333 loss=31.773776948451996 epoch=49 and step=60
2026-04-19 11:12:06,546 - SplitNNClient - INFO - 17116 - phase=train acc=0.8458705357142857 loss=32.34255278110504 epoch=49 and step=70
2026-04-19 11:12:07,055 - SplitNNClient - INFO - 16812 - phase=train acc=0.7962053571428571 loss=42.59349623322487 epoch=49 and step=70
2026-04-19 11:12:09,632 - SplitNNClient - INFO - 17116 - phase=train acc=0.84560546875 loss=36.837313771247864 epoch=49 and step=80
2026-04-19 11:12:12,076 - SplitNNClient - INFO - 17116 - phase=train acc=0.8472222222222222 loss=41.029098361730576 epoch=49 and step=90
2026-04-19 11:12:14,519 - SplitNNClient - INFO - 17116 - phase=train acc=0.846328125 loss=45.790073543787 epoch=49 and step=100
2026-04-19 11:12:16,949 - SplitNNClient - INFO - 17116 - phase=train acc=0.8465198863636364 loss=50.09904432296753 epoch=49 and step=110
2026-04-19 11:12:19,423 - SplitNNClient - INFO - 17116 - phase=train acc=0.8456380208333333 loss=55.17039257287979 epoch=49 and step=120
2026-04-19 11:12:20,133 - ServerManager - INFO - 18260 - get all model params ---- from rank 0
2026-04-19 11:12:20,156 - ServerManager - INFO - 18260 - Dist:128.2866973876953
2026-04-19 11:12:34,552 - SplitNNClient - INFO - 26292 - phase=validation acc=0.8113 loss=41.90418320894241 epoch=49 and step=79
2026-04-19 11:12:34,588 - CommBreakdown - INFO - 26292 - rank=3 node_type=client total_send=2238407412 total_receive=2238401900 send_by_category={'MODEL': 2238407300, 'OTHER': 112} recv_by_category={'MODEL': 2238401900} send_by_type={7: 2238407300, 5: 112} recv_by_type={8: 2238401900} mm_send_by_type={7: 2238405900, 5: 84} mm_recv_by_type={8: 2238401900}
2026-04-19 11:12:34,683 - init_client - INFO - 26292 - Client 3 run end
2026-04-19 11:12:35,001 - SplitNNClient - INFO - 17116 - phase=validation acc=0.8113 loss=41.90418320894241 epoch=49 and step=79
2026-04-19 11:12:35,014 - CommBreakdown - INFO - 17116 - rank=1 node_type=client total_send=2238407412 total_receive=2238401900 send_by_category={'MODEL': 2238407300, 'OTHER': 112} recv_by_category={'MODEL': 2238401900} send_by_type={7: 2238407300, 5: 112} recv_by_type={8: 2238401900} mm_send_by_type={7: 2238405900, 5: 84} mm_recv_by_type={8: 2238401900}
2026-04-19 11:12:35,075 - init_client - INFO - 17116 - Client 1 run end
2026-04-19 11:12:35,128 - SplitNNClient - INFO - 16812 - phase=validation acc=0.8113 loss=41.90418320894241 epoch=49 and step=79
2026-04-19 11:12:35,150 - CommBreakdown - INFO - 16812 - rank=5 node_type=client total_send=2238407412 total_receive=2238401900 send_by_category={'MODEL': 2238407300, 'OTHER': 112} recv_by_category={'MODEL': 2238401900} send_by_type={7: 2238407300, 5: 112} recv_by_type={8: 2238401900} mm_send_by_type={7: 2238405900, 5: 84} mm_recv_by_type={8: 2238401900}
2026-04-19 11:12:35,219 - init_client - INFO - 16812 - Client 5 run end
2026-04-19 11:12:35,220 - SplitNNClient - INFO - 26216 - phase=validation acc=0.8113 loss=41.90418320894241 epoch=49 and step=79
2026-04-19 11:12:35,242 - CommBreakdown - INFO - 26216 - rank=4 node_type=client total_send=2238407412 total_receive=2238401900 send_by_category={'MODEL': 2238407300, 'OTHER': 112} recv_by_category={'MODEL': 2238401900} send_by_type={7: 2238407300, 5: 112} recv_by_type={8: 2238401900} mm_send_by_type={7: 2238405900, 5: 84} mm_recv_by_type={8: 2238401900}
2026-04-19 11:12:35,310 - init_client - INFO - 26216 - Client 4 run end
2026-04-19 11:12:35,439 - SplitNNClient - INFO - 24840 - phase=validation acc=0.8113 loss=41.90418320894241 epoch=49 and step=79
2026-04-19 11:12:35,471 - CommBreakdown - INFO - 24840 - rank=2 node_type=client total_send=2238407412 total_receive=2238401900 send_by_category={'MODEL': 2238407300, 'OTHER': 112} recv_by_category={'MODEL': 2238401900} send_by_type={7: 2238407300, 5: 112} recv_by_type={8: 2238401900} mm_send_by_type={7: 2238405900, 5: 84} mm_recv_by_type={8: 2238401900}
2026-04-19 11:12:35,475 - CommBreakdown - INFO - 18260 - rank=0 node_type=server total_send=11192009500 total_receive=11192037060 send_by_category={'MODEL': 11192009500} recv_by_category={'MODEL': 11192036500, 'OTHER': 560} send_by_type={8: 11192009500} recv_by_type={7: 11192036500, 5: 560} mm_send_by_type={8: 11192002500} mm_recv_by_type={7: 11192036500, 5: 560}
2026-04-19 11:12:35,485 - init_server - INFO - 18260 - Server run end
2026-04-19 11:12:35,533 - init_client - INFO - 24840 - Client 2 run end
