2026-04-16 23:43:16,265 - datasetFactory - INFO - 24456 - cifar10
2026-04-16 23:43:16,265 - datasetFactory - INFO - 8536 - cifar10
2026-04-16 23:43:16,314 - datasetFactory - INFO - 8336 - cifar10
2026-04-16 23:43:16,314 - datasetFactory - INFO - 23624 - cifar10
2026-04-16 23:43:16,391 - main - INFO - 24456 - Process 4 initialized with device: cpu
2026-04-16 23:43:16,391 - SplitNN_distributed - INFO - 24456 - process_id == fed_server_rank : 4
2026-04-16 23:43:16,392 - TorchvisionDatasetController - INFO - 8336 - <bound method DataPartitioner.homo of <datasets.Partition_Data.DataPartitioner object at 0x00000127F184E930>>
2026-04-16 23:43:16,392 - DataPartitioner - INFO - 8336 - homo
2026-04-16 23:43:16,392 - TorchvisionDatasetController - INFO - 8336 - F:\phd\Split-Experiments\Split-Framework\datasets\downloads
2026-04-16 23:43:16,408 - TorchvisionDatasetController - INFO - 8536 - <bound method DataPartitioner.homo of <datasets.Partition_Data.DataPartitioner object at 0x0000028713CBE960>>
2026-04-16 23:43:16,408 - DataPartitioner - INFO - 8536 - homo
2026-04-16 23:43:16,408 - TorchvisionDatasetController - INFO - 8536 - F:\phd\Split-Experiments\Split-Framework\datasets\downloads
2026-04-16 23:43:16,425 - TorchvisionDatasetController - INFO - 23624 - <bound method DataPartitioner.homo of <datasets.Partition_Data.DataPartitioner object at 0x000001BAC69BD250>>
2026-04-16 23:43:16,425 - DataPartitioner - INFO - 23624 - homo
2026-04-16 23:43:16,425 - TorchvisionDatasetController - INFO - 23624 - F:\phd\Split-Experiments\Split-Framework\datasets\downloads
2026-04-16 23:43:16,471 - init_fed_server - INFO - 24456 - FedServer run begin SplitFed
2026-04-16 23:43:16,683 - TorchvisionDatasetController - INFO - 21248 - <bound method DataPartitioner.homo of <datasets.Partition_Data.DataPartitioner object at 0x000002A5204D9430>>
2026-04-16 23:43:16,683 - DataPartitioner - INFO - 21248 - homo
2026-04-16 23:43:16,684 - TorchvisionDatasetController - INFO - 21248 - F:\phd\Split-Experiments\Split-Framework\datasets\downloads
2026-04-16 23:43:19,521 - TorchvisionDatasetController - INFO - 8536 - rank = 1, local_sample_number = 16667
2026-04-16 23:43:19,521 - TorchvisionDatasetController - INFO - 23624 - rank = 2, local_sample_number = 16667
2026-04-16 23:43:20,881 - TorchvisionDatasetController - INFO - 21248 - train_dl_global number = 390
2026-04-16 23:43:20,881 - TorchvisionDatasetController - INFO - 21248 - test_dl_global number = 79
2026-04-16 23:43:20,896 - TorchvisionDatasetController - INFO - 8336 - process_id = 3, batch_num_train_local = 130, batch_num_test_local = 79
2026-04-16 23:43:20,896 - TorchvisionDatasetController - INFO - 23624 - process_id = 2, batch_num_train_local = 130, batch_num_test_local = 79
2026-04-16 23:43:20,897 - TorchvisionDatasetController - INFO - 8536 - process_id = 1, batch_num_train_local = 130, batch_num_test_local = 79
2026-04-16 23:43:20,908 - main - INFO - 21248 - Process 0 initialized with device: cuda:0
2026-04-16 23:43:20,908 - SplitNN_distributed - INFO - 21248 - process_id == server_rank : 0
2026-04-16 23:43:20,913 - init_server - INFO - 21248 - Server run begin SplitFed
2026-04-16 23:43:20,914 - main - INFO - 8536 - Process 1 initialized with device: cpu
2026-04-16 23:43:20,914 - SplitNN_distributed - INFO - 8536 - process_id == client_rank : 1
2026-04-16 23:43:20,915 - main - INFO - 23624 - Process 2 initialized with device: cpu
2026-04-16 23:43:20,915 - SplitNN_distributed - INFO - 23624 - process_id == client_rank : 2
2026-04-16 23:43:20,915 - main - INFO - 8336 - Process 3 initialized with device: cpu
2026-04-16 23:43:20,916 - SplitNN_distributed - INFO - 8336 - process_id == client_rank : 3
2026-04-16 23:43:21,076 - init_client - INFO - 8536 - Client 1 run begin

2026-04-16 23:43:25,521 - CommBreakdown - INFO - 8336 - tensor_distribution rank=3 node_type=client phase=train epoch=0 sample=early tensor=activations[0] shape=(128, 64, 16, 16) mean=0.866632 std=1.08328 min=0 max=14.2433 mean_abs=0.866632 max_abs=14.2433 p95_abs=3.03293 p99_abs=4.67912 skewness=1.8749 kurtosis=7.9649 mean_channel_std=1.07342 std_channel_std=0.139862 max_channel_scale_over_min_channel_scale=2.36918 spread=medium spread_score=1.24998 outliers=medium outlier_score=2.02294 near_zero=medium near_zero_fraction=0.349689
5
2026-04-16 23:43:33,174 - CommBreakdown - INFO - 21248 - tensor_distribution rank=0 node_type=server phase=train epoch=0 sample=early tensor=activation_grads shape=(128, 64, 16, 16) mean=-1.14533e-09 std=5.71928e-05 min=-0.000548942 max=0.000535918 mean_abs=4.16282e-05 max_abs=0.000548942 p95_abs=0.000119304 p99_abs=0.000181494 skewness=-0.000405987 kurtosis=5.7689e-05 mean_channel_std=5.71695e-05 std_channel_std=1.62983e-06 max_channel_scale_over_min_channel_scale=1.67106 spread=high spread_score=1.37389 outliers=medium outlier_score=1.95645 near_zero=low near_zero_fraction=0.0800314
2026-04-16 23:44:05,512 - SplitNNClient - INFO - 23624 - phase=train acc=0.11171875 loss=36.12545657157898 epoch=0 and step=10
2026-04-16 23:44:06,670 - SplitNNClient - INFO - 8336 - phase=train acc=0.09921875 loss=35.62929606437683 epoch=0 and step=10
2026-04-16 23:44:07,839 - SplitNNClient - INFO - 8536 - phase=train acc=0.103125 loss=31.346449375152588 epoch=0 and step=10
2026-04-16 23:44:41,450 - SplitNNClient - INFO - 23624 - phase=train acc=0.119140625 loss=61.662288188934326 epoch=0 and step=20
2026-04-16 23:44:42,673 - SplitNNClient - INFO - 8336 - phase=train acc=0.099609375 loss=61.742738008499146 epoch=0 and step=20
2026-04-16 23:44:43,802 - SplitNNClient - INFO - 8536 - phase=train acc=0.109765625 loss=55.656792640686035 epoch=0 and step=20
2026-04-16 23:45:17,286 - SplitNNClient - INFO - 23624 - phase=train acc=0.12942708333333333 loss=85.38486576080322 epoch=0 and step=30
2026-04-16 23:45:18,504 - SplitNNClient - INFO - 8336 - phase=train acc=0.11640625 loss=84.81949543952942 epoch=0 and step=30
2026-04-16 23:45:19,724 - SplitNNClient - INFO - 8536 - phase=train acc=0.121875 loss=79.02124452590942 epoch=0 and step=30
2026-04-16 23:45:53,231 - SplitNNClient - INFO - 23624 - phase=train acc=0.142578125 loss=107.75127577781677 epoch=0 and step=40
2026-04-16 23:45:54,357 - SplitNNClient - INFO - 8336 - phase=train acc=0.1357421875 loss=106.84674119949341 epoch=0 and step=40
2026-04-16 23:45:55,552 - SplitNNClient - INFO - 8536 - phase=train acc=0.12890625 loss=101.6879940032959 epoch=0 and step=40
2026-04-16 23:46:29,066 - SplitNNClient - INFO - 23624 - phase=train acc=0.15171875 loss=129.46838426589966 epoch=0 and step=50
2026-04-16 23:46:30,252 - SplitNNClient - INFO - 8336 - phase=train acc=0.14453125 loss=128.3595736026764 epoch=0 and step=50
2026-04-16 23:46:31,449 - SplitNNClient - INFO - 8536 - phase=train acc=0.13984375 loss=123.68626379966736 epoch=0 and step=50
2026-04-16 23:47:05,028 - SplitNNClient - INFO - 23624 - phase=train acc=0.1578125 loss=151.18190741539001 epoch=0 and step=60
2026-04-16 23:47:06,213 - SplitNNClient - INFO - 8336 - phase=train acc=0.15520833333333334 loss=149.5678083896637 epoch=0 and step=60
2026-04-16 23:47:07,440 - SplitNNClient - INFO - 8536 - phase=train acc=0.15260416666666668 loss=144.5598508119583 epoch=0 and step=60
2026-04-16 23:47:40,703 - SplitNNClient - INFO - 23624 - phase=train acc=0.16484375 loss=172.42424535751343 epoch=0 and step=70
2026-04-16 23:47:41,890 - SplitNNClient - INFO - 8336 - phase=train acc=0.16183035714285715 loss=170.76938700675964 epoch=0 and step=70
2026-04-16 23:47:43,080 - SplitNNClient - INFO - 8536 - phase=train acc=0.16183035714285715 loss=165.7171994447708 epoch=0 and step=70
2026-04-16 23:48:16,645 - SplitNNClient - INFO - 23624 - phase=train acc=0.170703125 loss=193.3199553489685 epoch=0 and step=80
2026-04-16 23:48:17,799 - SplitNNClient - INFO - 8336 - phase=train acc=0.16689453125 loss=191.4685742855072 epoch=0 and step=80
2026-04-16 23:48:19,023 - SplitNNClient - INFO - 8536 - phase=train acc=0.17060546875 loss=187.20333886146545 epoch=0 and step=80
2026-04-16 23:48:52,329 - SplitNNClient - INFO - 23624 - phase=train acc=0.17413194444444444 loss=213.7042864561081 epoch=0 and step=90
2026-04-16 23:48:53,518 - SplitNNClient - INFO - 8336 - phase=train acc=0.17569444444444443 loss=211.77876996994019 epoch=0 and step=90
2026-04-16 23:48:54,675 - SplitNNClient - INFO - 8536 - phase=train acc=0.17734375 loss=207.60474681854248 epoch=0 and step=90
2026-04-16 23:49:28,157 - SplitNNClient - INFO - 23624 - phase=train acc=0.177109375 loss=234.69139158725739 epoch=0 and step=100
2026-04-16 23:49:29,308 - SplitNNClient - INFO - 8336 - phase=train acc=0.18265625 loss=231.77477324008942 epoch=0 and step=100
2026-04-16 23:49:30,560 - SplitNNClient - INFO - 8536 - phase=train acc=0.17875 loss=228.12583804130554 epoch=0 and step=100
2026-04-16 23:50:03,871 - SplitNNClient - INFO - 23624 - phase=train acc=0.18238636363636362 loss=254.93727779388428 epoch=0 and step=110
2026-04-16 23:50:05,026 - SplitNNClient - INFO - 8336 - phase=train acc=0.18693181818181817 loss=251.98520076274872 epoch=0 and step=110
2026-04-16 23:50:06,213 - SplitNNClient - INFO - 8536 - phase=train acc=0.18451704545454545 loss=248.20308458805084 epoch=0 and step=110
2026-04-16 23:50:39,383 - SplitNNClient - INFO - 23624 - phase=train acc=0.18802083333333333 loss=274.74983167648315 epoch=0 and step=120
2026-04-16 23:50:40,570 - SplitNNClient - INFO - 8336 - phase=train acc=0.19153645833333333 loss=272.1599086523056 epoch=0 and step=120
2026-04-16 23:50:41,724 - SplitNNClient - INFO - 8536 - phase=train acc=0.19029947916666667 loss=267.902584195137 epoch=0 and step=120
2026-04-16 23:51:15,089 - SplitNNClient - INFO - 23624 - phase=train acc=0.19266826923076924 loss=294.4677299261093 epoch=0 and step=130
2026-04-16 23:51:16,185 - SplitNNClient - INFO - 8336 - phase=train acc=0.19429086538461537 loss=292.7676397562027 epoch=0 and step=130
2026-04-16 23:51:17,314 - SplitNNClient - INFO - 8536 - phase=train acc=0.19332932692307692 loss=288.1112699508667 epoch=0 and step=130
2026-04-16 23:51:17,401 - FedServerManager - INFO - 24456 - get all model params ---- from rank fed_server
2026-04-16 23:51:29,047 - SplitNNClient - INFO - 8336 - phase=validation acc=0.1 loss=183.60857796669006 epoch=0 and step=79
2026-04-16 23:51:29,093 - SplitNNClient - INFO - 8536 - phase=validation acc=0.1 loss=183.60857796669006 epoch=0 and step=79
2026-04-16 23:51:29,249 - SplitNNClient - INFO - 23624 - phase=validation acc=0.1 loss=183.60857796669006 epoch=0 and step=79
2026-04-16 23:51:31,498 - SplitNNClient - INFO - 8536 - phase=train acc=0.178125 loss=21.904016494750977 epoch=1 and step=10
2026-04-16 23:51:31,570 - SplitNNClient - INFO - 23624 - phase=train acc=0.19921875 loss=21.90562415122986 epoch=1 and step=10
2026-04-16 23:51:31,641 - SplitNNClient - INFO - 8336 - phase=train acc=0.18984375 loss=21.820124626159668 epoch=1 and step=10
2026-04-16 23:51:33,856 - SplitNNClient - INFO - 8536 - phase=train acc=0.201171875 loss=42.34589385986328 epoch=1 and step=20
2026-04-16 23:51:33,902 - SplitNNClient - INFO - 23624 - phase=train acc=0.209765625 loss=42.96717321872711 epoch=1 and step=20
2026-04-16 23:51:33,979 - SplitNNClient - INFO - 8336 - phase=train acc=0.203515625 loss=42.83092391490936 epoch=1 and step=20
2026-04-16 23:51:36,219 - SplitNNClient - INFO - 8536 - phase=train acc=0.2140625 loss=62.6868497133255 epoch=1 and step=30
2026-04-16 23:51:36,290 - SplitNNClient - INFO - 23624 - phase=train acc=0.20677083333333332 loss=63.01756131649017 epoch=1 and step=30
2026-04-16 23:51:36,342 - SplitNNClient - INFO - 8336 - phase=train acc=0.20546875 loss=63.79366338253021 epoch=1 and step=30
2026-04-16 23:51:38,674 - SplitNNClient - INFO - 8536 - phase=train acc=0.22109375 loss=82.96290254592896 epoch=1 and step=40
2026-04-16 23:51:38,720 - SplitNNClient - INFO - 23624 - phase=train acc=0.2169921875 loss=82.90041220188141 epoch=1 and step=40
2026-04-16 23:51:38,799 - SplitNNClient - INFO - 8336 - phase=train acc=0.2146484375 loss=83.6348626613617 epoch=1 and step=40
2026-04-16 23:51:40,988 - SplitNNClient - INFO - 8536 - phase=train acc=0.22953125 loss=102.61674904823303 epoch=1 and step=50
2026-04-16 23:51:41,093 - SplitNNClient - INFO - 23624 - phase=train acc=0.2221875 loss=102.53140711784363 epoch=1 and step=50
2026-04-16 23:51:41,170 - SplitNNClient - INFO - 8336 - phase=train acc=0.22125 loss=103.24765372276306 epoch=1 and step=50
2026-04-16 23:51:43,379 - SplitNNClient - INFO - 8536 - phase=train acc=0.23567708333333334 loss=122.25149345397949 epoch=1 and step=60
2026-04-16 23:51:43,557 - SplitNNClient - INFO - 23624 - phase=train acc=0.2328125 loss=121.80106925964355 epoch=1 and step=60
2026-04-16 23:51:43,701 - SplitNNClient - INFO - 8336 - phase=train acc=0.22890625 loss=122.70645201206207 epoch=1 and step=60
2026-04-16 23:51:45,681 - SplitNNClient - INFO - 8536 - phase=train acc=0.23939732142857142 loss=141.48219239711761 epoch=1 and step=70
2026-04-16 23:51:45,859 - SplitNNClient - INFO - 23624 - phase=train acc=0.24095982142857142 loss=140.93394327163696 epoch=1 and step=70
2026-04-16 23:51:45,978 - SplitNNClient - INFO - 8336 - phase=train acc=0.2330357142857143 loss=142.17001283168793 epoch=1 and step=70
2026-04-16 23:51:48,009 - SplitNNClient - INFO - 8536 - phase=train acc=0.24560546875 loss=160.1768010854721 epoch=1 and step=80
2026-04-16 23:51:48,289 - SplitNNClient - INFO - 23624 - phase=train acc=0.24638671875 loss=159.8167244195938 epoch=1 and step=80
2026-04-16 23:51:48,341 - SplitNNClient - INFO - 8336 - phase=train acc=0.23740234375 loss=161.16965699195862 epoch=1 and step=80
2026-04-16 23:51:50,357 - SplitNNClient - INFO - 8536 - phase=train acc=0.24817708333333333 loss=179.24689316749573 epoch=1 and step=90
2026-04-16 23:51:50,657 - SplitNNClient - INFO - 8336 - phase=train acc=0.24184027777777778 loss=179.90478515625 epoch=1 and step=90
2026-04-16 23:51:50,708 - SplitNNClient - INFO - 23624 - phase=train acc=0.24791666666666667 loss=179.3402863740921 epoch=1 and step=90
2026-04-16 23:51:52,885 - SplitNNClient - INFO - 8536 - phase=train acc=0.25203125 loss=197.8338258266449 epoch=1 and step=100
2026-04-16 23:51:53,187 - SplitNNClient - INFO - 8336 - phase=train acc=0.246328125 loss=198.6354603767395 epoch=1 and step=100
2026-04-16 23:51:53,325 - SplitNNClient - INFO - 23624 - phase=train acc=0.25078125 loss=198.43555355072021 epoch=1 and step=100
2026-04-16 23:51:55,364 - SplitNNClient - INFO - 8536 - phase=train acc=0.25504261363636366 loss=216.84055852890015 epoch=1 and step=110
2026-04-16 23:51:55,645 - SplitNNClient - INFO - 8336 - phase=train acc=0.24815340909090908 loss=217.42268991470337 epoch=1 and step=110
2026-04-16 23:51:55,745 - SplitNNClient - INFO - 23624 - phase=train acc=0.2539772727272727 loss=216.9844012260437 epoch=1 and step=110
2026-04-16 23:51:57,741 - SplitNNClient - INFO - 8536 - phase=train acc=0.2581380208333333 loss=235.55425930023193 epoch=1 and step=120
2026-04-16 23:51:58,029 - SplitNNClient - INFO - 8336 - phase=train acc=0.25299479166666666 loss=236.08196020126343 epoch=1 and step=120
2026-04-16 23:51:58,132 - SplitNNClient - INFO - 23624 - phase=train acc=0.255078125 loss=236.17841804027557 epoch=1 and step=120
2026-04-16 23:52:00,156 - SplitNNClient - INFO - 8536 - phase=train acc=0.2605168269230769 loss=254.23647367954254 epoch=1 and step=130
2026-04-16 23:52:00,437 - SplitNNClient - INFO - 8336 - phase=train acc=0.2567908653846154 loss=254.67857706546783 epoch=1 and step=130
2026-04-16 23:52:00,509 - SplitNNClient - INFO - 23624 - phase=train acc=0.25576923076923075 loss=255.3265336751938 epoch=1 and step=130
2026-04-16 23:52:00,579 - FedServerManager - INFO - 24456 - get all model params ---- from rank fed_server
2026-04-16 23:52:12,168 - SplitNNClient - INFO - 23624 - phase=validation acc=0.2895 loss=151.99238181114197 epoch=1 and step=79
2026-04-16 23:52:12,219 - SplitNNClient - INFO - 8536 - phase=validation acc=0.2895 loss=151.99238181114197 epoch=1 and step=79
2026-04-16 23:52:12,260 - SplitNNClient - INFO - 8336 - phase=validation acc=0.2895 loss=151.99238181114197 epoch=1 and step=79
2026-04-16 23:52:14,872 - SplitNNClient - INFO - 8336 - phase=train acc=0.253125 loss=19.202743649482727 epoch=2 and step=10
2026-04-16 23:52:14,985 - SplitNNClient - INFO - 23624 - phase=train acc=0.2546875 loss=19.517314076423645 epoch=2 and step=10
2026-04-16 23:52:15,030 - SplitNNClient - INFO - 8536 - phase=train acc=0.2734375 loss=19.042022943496704 epoch=2 and step=10
2026-04-16 23:52:17,311 - SplitNNClient - INFO - 8336 - phase=train acc=0.273828125 loss=38.21370470523834 epoch=2 and step=20
2026-04-16 23:52:17,382 - SplitNNClient - INFO - 23624 - phase=train acc=0.26796875 loss=38.41517889499664 epoch=2 and step=20
2026-04-16 23:52:17,492 - SplitNNClient - INFO - 8536 - phase=train acc=0.284375 loss=37.35324800014496 epoch=2 and step=20
2026-04-16 23:52:19,768 - SplitNNClient - INFO - 8336 - phase=train acc=0.27682291666666664 loss=56.9252005815506 epoch=2 and step=30
2026-04-16 23:52:19,839 - SplitNNClient - INFO - 23624 - phase=train acc=0.2796875 loss=56.81546998023987 epoch=2 and step=30
2026-04-16 23:52:19,895 - SplitNNClient - INFO - 8536 - phase=train acc=0.2875 loss=55.995452880859375 epoch=2 and step=30
2026-04-16 23:52:22,281 - SplitNNClient - INFO - 8336 - phase=train acc=0.283984375 loss=75.79003393650055 epoch=2 and step=40
2026-04-16 23:52:22,328 - SplitNNClient - INFO - 23624 - phase=train acc=0.2880859375 loss=75.53023135662079 epoch=2 and step=40
2026-04-16 23:52:22,404 - SplitNNClient - INFO - 8536 - phase=train acc=0.286328125 loss=74.82394933700562 epoch=2 and step=40
2026-04-16 23:52:24,763 - SplitNNClient - INFO - 8336 - phase=train acc=0.29 loss=94.20205700397491 epoch=2 and step=50
2026-04-16 23:52:24,896 - SplitNNClient - INFO - 23624 - phase=train acc=0.29078125 loss=93.91609930992126 epoch=2 and step=50
2026-04-16 23:52:25,078 - SplitNNClient - INFO - 8536 - phase=train acc=0.28703125 loss=93.72673726081848 epoch=2 and step=50
2026-04-16 23:52:27,402 - SplitNNClient - INFO - 8336 - phase=train acc=0.29453125 loss=112.5888946056366 epoch=2 and step=60
2026-04-16 23:52:27,504 - SplitNNClient - INFO - 23624 - phase=train acc=0.29544270833333336 loss=112.13956451416016 epoch=2 and step=60
2026-04-16 23:52:27,550 - SplitNNClient - INFO - 8536 - phase=train acc=0.28854166666666664 loss=112.10987865924835 epoch=2 and step=60
2026-04-16 23:52:29,992 - SplitNNClient - INFO - 8336 - phase=train acc=0.2947544642857143 loss=131.1318211555481 epoch=2 and step=70
2026-04-16 23:52:30,076 - SplitNNClient - INFO - 23624 - phase=train acc=0.2936383928571429 loss=130.67743122577667 epoch=2 and step=70
2026-04-16 23:52:30,190 - SplitNNClient - INFO - 8536 - phase=train acc=0.2935267857142857 loss=130.02559101581573 epoch=2 and step=70
2026-04-16 23:52:32,491 - SplitNNClient - INFO - 8336 - phase=train acc=0.29638671875 loss=149.4129685163498 epoch=2 and step=80
2026-04-16 23:52:32,563 - SplitNNClient - INFO - 23624 - phase=train acc=0.29638671875 loss=148.73822605609894 epoch=2 and step=80
2026-04-16 23:52:32,764 - SplitNNClient - INFO - 8536 - phase=train acc=0.29873046875 loss=148.15740847587585 epoch=2 and step=80
2026-04-16 23:52:35,105 - SplitNNClient - INFO - 8336 - phase=train acc=0.30052083333333335 loss=167.1375551223755 epoch=2 and step=90
2026-04-16 23:52:35,210 - SplitNNClient - INFO - 23624 - phase=train acc=0.2998263888888889 loss=166.26973569393158 epoch=2 and step=90
2026-04-16 23:52:35,280 - SplitNNClient - INFO - 8536 - phase=train acc=0.29965277777777777 loss=166.26099359989166 epoch=2 and step=90
2026-04-16 23:52:37,476 - SplitNNClient - INFO - 8336 - phase=train acc=0.304765625 loss=185.00165402889252 epoch=2 and step=100
2026-04-16 23:52:37,547 - SplitNNClient - INFO - 23624 - phase=train acc=0.3025 loss=184.04413652420044 epoch=2 and step=100
2026-04-16 23:52:37,658 - SplitNNClient - INFO - 8536 - phase=train acc=0.301796875 loss=184.21485590934753 epoch=2 and step=100
2026-04-16 23:52:39,858 - SplitNNClient - INFO - 8336 - phase=train acc=0.30958806818181817 loss=202.48532843589783 epoch=2 and step=110
2026-04-16 23:52:39,995 - SplitNNClient - INFO - 23624 - phase=train acc=0.30625 loss=201.9720642566681 epoch=2 and step=110
2026-04-16 23:52:40,042 - SplitNNClient - INFO - 8536 - phase=train acc=0.3064630681818182 loss=201.64691829681396 epoch=2 and step=110
2026-04-16 23:52:42,459 - SplitNNClient - INFO - 8336 - phase=train acc=0.3115234375 loss=220.45971715450287 epoch=2 and step=120
2026-04-16 23:52:42,540 - SplitNNClient - INFO - 23624 - phase=train acc=0.3076171875 loss=220.23384511470795 epoch=2 and step=120
2026-04-16 23:52:42,650 - SplitNNClient - INFO - 8536 - phase=train acc=0.31002604166666664 loss=219.09054327011108 epoch=2 and step=120
2026-04-16 23:52:44,948 - SplitNNClient - INFO - 8336 - phase=train acc=0.3152043269230769 loss=238.01564741134644 epoch=2 and step=130
2026-04-16 23:52:44,994 - SplitNNClient - INFO - 23624 - phase=train acc=0.31045673076923075 loss=237.85653913021088 epoch=2 and step=130
2026-04-16 23:52:45,098 - SplitNNClient - INFO - 8536 - phase=train acc=0.31346153846153846 loss=236.5963498353958 epoch=2 and step=130
2026-04-16 23:52:45,155 - FedServerManager - INFO - 24456 - get all model params ---- from rank fed_server
2026-04-16 23:52:56,750 - SplitNNClient - INFO - 8336 - phase=validation acc=0.3948 loss=130.235036611557 epoch=2 and step=79
2026-04-16 23:52:56,800 - SplitNNClient - INFO - 23624 - phase=validation acc=0.3948 loss=130.235036611557 epoch=2 and step=79
2026-04-16 23:52:56,853 - SplitNNClient - INFO - 8536 - phase=validation acc=0.3948 loss=130.235036611557 epoch=2 and step=79
2026-04-16 23:52:59,331 - SplitNNClient - INFO - 8336 - phase=train acc=0.32890625 loss=17.41490662097931 epoch=3 and step=10
2026-04-16 23:52:59,429 - SplitNNClient - INFO - 23624 - phase=train acc=0.31796875 loss=17.621341586112976 epoch=3 and step=10
2026-04-16 23:52:59,509 - SplitNNClient - INFO - 8536 - phase=train acc=0.3328125 loss=17.572118878364563 epoch=3 and step=10
2026-04-16 23:53:01,914 - SplitNNClient - INFO - 8336 - phase=train acc=0.330078125 loss=35.12759864330292 epoch=3 and step=20
2026-04-16 23:53:01,989 - SplitNNClient - INFO - 23624 - phase=train acc=0.33984375 loss=35.00059926509857 epoch=3 and step=20
2026-04-16 23:53:02,066 - SplitNNClient - INFO - 8536 - phase=train acc=0.349609375 loss=34.890753507614136 epoch=3 and step=20
2026-04-16 23:53:04,400 - SplitNNClient - INFO - 8336 - phase=train acc=0.3268229166666667 loss=53.41800546646118 epoch=3 and step=30
2026-04-16 23:53:04,513 - SplitNNClient - INFO - 23624 - phase=train acc=0.33880208333333334 loss=52.56060576438904 epoch=3 and step=30
2026-04-16 23:53:04,590 - SplitNNClient - INFO - 8536 - phase=train acc=0.34296875 loss=52.56289768218994 epoch=3 and step=30
2026-04-16 23:53:06,988 - SplitNNClient - INFO - 8336 - phase=train acc=0.33046875 loss=71.03336024284363 epoch=3 and step=40
2026-04-16 23:53:07,030 - SplitNNClient - INFO - 23624 - phase=train acc=0.3375 loss=70.33048737049103 epoch=3 and step=40
2026-04-16 23:53:07,197 - SplitNNClient - INFO - 8536 - phase=train acc=0.3513671875 loss=69.64536213874817 epoch=3 and step=40
2026-04-16 23:53:09,655 - SplitNNClient - INFO - 8336 - phase=train acc=0.33796875 loss=88.16586375236511 epoch=3 and step=50
2026-04-16 23:53:09,731 - SplitNNClient - INFO - 23624 - phase=train acc=0.3409375 loss=87.62303924560547 epoch=3 and step=50
2026-04-16 23:53:09,873 - SplitNNClient - INFO - 8536 - phase=train acc=0.3515625 loss=86.9678281545639 epoch=3 and step=50
2026-04-16 23:53:12,241 - SplitNNClient - INFO - 8336 - phase=train acc=0.34348958333333335 loss=105.3053787946701 epoch=3 and step=60
2026-04-16 23:53:12,313 - SplitNNClient - INFO - 23624 - phase=train acc=0.3436197916666667 loss=104.42319560050964 epoch=3 and step=60
2026-04-16 23:53:12,452 - SplitNNClient - INFO - 8536 - phase=train acc=0.3553385416666667 loss=103.81190395355225 epoch=3 and step=60
2026-04-16 23:53:14,784 - SplitNNClient - INFO - 8336 - phase=train acc=0.34609375 loss=122.45884966850281 epoch=3 and step=70
2026-04-16 23:53:14,920 - SplitNNClient - INFO - 23624 - phase=train acc=0.3416294642857143 loss=121.99644434452057 epoch=3 and step=70
2026-04-16 23:53:14,996 - SplitNNClient - INFO - 8536 - phase=train acc=0.35825892857142855 loss=120.6621766090393 epoch=3 and step=70
2026-04-16 23:53:17,205 - SplitNNClient - INFO - 8336 - phase=train acc=0.34990234375 loss=139.3523234128952 epoch=3 and step=80
2026-04-16 23:53:17,276 - SplitNNClient - INFO - 23624 - phase=train acc=0.34453125 loss=139.04883348941803 epoch=3 and step=80
2026-04-16 23:53:17,381 - SplitNNClient - INFO - 8536 - phase=train acc=0.35966796875 loss=137.894389629364 epoch=3 and step=80
2026-04-16 23:53:19,675 - SplitNNClient - INFO - 8336 - phase=train acc=0.3521701388888889 loss=156.3891191482544 epoch=3 and step=90
2026-04-16 23:53:19,721 - SplitNNClient - INFO - 23624 - phase=train acc=0.3454861111111111 loss=156.1942137479782 epoch=3 and step=90
2026-04-16 23:53:19,799 - SplitNNClient - INFO - 8536 - phase=train acc=0.36006944444444444 loss=154.88425660133362 epoch=3 and step=90
2026-04-16 23:53:22,255 - SplitNNClient - INFO - 8336 - phase=train acc=0.35453125 loss=173.23181569576263 epoch=3 and step=100
2026-04-16 23:53:22,309 - SplitNNClient - INFO - 23624 - phase=train acc=0.345859375 loss=173.257870554924 epoch=3 and step=100
2026-04-16 23:53:22,416 - SplitNNClient - INFO - 8536 - phase=train acc=0.3603125 loss=171.76694786548615 epoch=3 and step=100
2026-04-16 23:53:24,575 - SplitNNClient - INFO - 8336 - phase=train acc=0.3575284090909091 loss=189.96436285972595 epoch=3 and step=110
2026-04-16 23:53:24,708 - SplitNNClient - INFO - 23624 - phase=train acc=0.3477272727272727 loss=190.43963730335236 epoch=3 and step=110
2026-04-16 23:53:24,754 - SplitNNClient - INFO - 8536 - phase=train acc=0.3607244318181818 loss=188.6573852300644 epoch=3 and step=110
2026-04-16 23:53:26,982 - SplitNNClient - INFO - 8336 - phase=train acc=0.35748697916666666 loss=206.7262818813324 epoch=3 and step=120
2026-04-16 23:53:27,060 - SplitNNClient - INFO - 23624 - phase=train acc=0.3505859375 loss=207.1596359014511 epoch=3 and step=120
2026-04-16 23:53:27,138 - SplitNNClient - INFO - 8536 - phase=train acc=0.3629557291666667 loss=204.91610836982727 epoch=3 and step=120
2026-04-16 23:53:29,690 - SplitNNClient - INFO - 8336 - phase=train acc=0.3588341346153846 loss=223.65086328983307 epoch=3 and step=130
2026-04-16 23:53:29,762 - SplitNNClient - INFO - 23624 - phase=train acc=0.353125 loss=223.30853855609894 epoch=3 and step=130
2026-04-16 23:53:29,833 - SplitNNClient - INFO - 8536 - phase=train acc=0.3635817307692308 loss=221.7603726387024 epoch=3 and step=130
2026-04-16 23:53:29,887 - FedServerManager - INFO - 24456 - get all model params ---- from rank fed_server
2026-04-16 23:53:41,386 - SplitNNClient - INFO - 8336 - phase=validation acc=0.4381 loss=118.63425135612488 epoch=3 and step=79
2026-04-16 23:53:41,490 - SplitNNClient - INFO - 8536 - phase=validation acc=0.4381 loss=118.63425135612488 epoch=3 and step=79
2026-04-16 23:53:41,581 - SplitNNClient - INFO - 23624 - phase=validation acc=0.4381 loss=118.63425135612488 epoch=3 and step=79
2026-04-16 23:53:43,983 - SplitNNClient - INFO - 8536 - phase=train acc=0.39296875 loss=16.186386704444885 epoch=4 and step=10
2026-04-16 23:53:44,065 - SplitNNClient - INFO - 23624 - phase=train acc=0.3734375 loss=16.50624656677246 epoch=4 and step=10
2026-04-16 23:53:44,108 - SplitNNClient - INFO - 8336 - phase=train acc=0.3890625 loss=16.459575176239014 epoch=4 and step=10
2026-04-16 23:53:46,398 - SplitNNClient - INFO - 8536 - phase=train acc=0.4 loss=32.573349475860596 epoch=4 and step=20
2026-04-16 23:53:46,534 - SplitNNClient - INFO - 23624 - phase=train acc=0.3859375 loss=33.185681104660034 epoch=4 and step=20
2026-04-16 23:53:46,584 - SplitNNClient - INFO - 8336 - phase=train acc=0.36875 loss=33.220757722854614 epoch=4 and step=20
2026-04-16 23:53:48,824 - SplitNNClient - INFO - 8536 - phase=train acc=0.40078125 loss=48.9018828868866 epoch=4 and step=30
2026-04-16 23:53:48,870 - SplitNNClient - INFO - 23624 - phase=train acc=0.38307291666666665 loss=49.657824754714966 epoch=4 and step=30
2026-04-16 23:53:48,972 - SplitNNClient - INFO - 8336 - phase=train acc=0.3729166666666667 loss=49.8615437746048 epoch=4 and step=30
2026-04-16 23:53:51,215 - SplitNNClient - INFO - 8536 - phase=train acc=0.40546875 loss=64.86728775501251 epoch=4 and step=40
2026-04-16 23:53:51,371 - SplitNNClient - INFO - 23624 - phase=train acc=0.381640625 loss=66.22485435009003 epoch=4 and step=40
2026-04-16 23:53:51,555 - SplitNNClient - INFO - 8336 - phase=train acc=0.3740234375 loss=66.25497126579285 epoch=4 and step=40
2026-04-16 23:53:53,634 - SplitNNClient - INFO - 8536 - phase=train acc=0.40546875 loss=81.1862233877182 epoch=4 and step=50
2026-04-16 23:53:53,730 - SplitNNClient - INFO - 23624 - phase=train acc=0.3834375 loss=82.66836357116699 epoch=4 and step=50
2026-04-16 23:53:53,942 - SplitNNClient - INFO - 8336 - phase=train acc=0.37203125 loss=83.0802116394043 epoch=4 and step=50
2026-04-16 23:53:56,002 - SplitNNClient - INFO - 8536 - phase=train acc=0.39895833333333336 loss=97.74561822414398 epoch=4 and step=60
2026-04-16 23:53:56,184 - SplitNNClient - INFO - 23624 - phase=train acc=0.384375 loss=98.85096311569214 epoch=4 and step=60
2026-04-16 23:53:56,326 - SplitNNClient - INFO - 8336 - phase=train acc=0.3729166666666667 loss=100.09161674976349 epoch=4 and step=60
2026-04-16 23:53:58,395 - SplitNNClient - INFO - 8536 - phase=train acc=0.39609375 loss=114.05765950679779 epoch=4 and step=70
2026-04-16 23:53:58,573 - SplitNNClient - INFO - 23624 - phase=train acc=0.3828125 loss=115.44688844680786 epoch=4 and step=70
2026-04-16 23:53:58,696 - SplitNNClient - INFO - 8336 - phase=train acc=0.37890625 loss=116.00445711612701 epoch=4 and step=70
2026-04-16 23:54:00,844 - SplitNNClient - INFO - 8536 - phase=train acc=0.3953125 loss=130.08625161647797 epoch=4 and step=80
2026-04-16 23:54:00,939 - SplitNNClient - INFO - 23624 - phase=train acc=0.38173828125 loss=132.2153353691101 epoch=4 and step=80
2026-04-16 23:54:01,116 - SplitNNClient - INFO - 8336 - phase=train acc=0.37978515625 loss=132.41735672950745 epoch=4 and step=80
2026-04-16 23:54:03,163 - SplitNNClient - INFO - 8536 - phase=train acc=0.39262152777777776 loss=146.45137536525726 epoch=4 and step=90
2026-04-16 23:54:03,346 - SplitNNClient - INFO - 23624 - phase=train acc=0.38428819444444445 loss=148.5986635684967 epoch=4 and step=90
2026-04-16 23:54:03,480 - SplitNNClient - INFO - 8336 - phase=train acc=0.38263888888888886 loss=148.8245643377304 epoch=4 and step=90
2026-04-16 23:54:05,579 - SplitNNClient - INFO - 8536 - phase=train acc=0.392421875 loss=162.73777747154236 epoch=4 and step=100
2026-04-16 23:54:05,721 - SplitNNClient - INFO - 23624 - phase=train acc=0.38484375 loss=164.92810678482056 epoch=4 and step=100
2026-04-16 23:54:05,902 - SplitNNClient - INFO - 8336 - phase=train acc=0.3846875 loss=165.21627843379974 epoch=4 and step=100
2026-04-16 23:54:08,007 - SplitNNClient - INFO - 8536 - phase=train acc=0.39303977272727275 loss=178.8085652589798 epoch=4 and step=110
2026-04-16 23:54:08,157 - SplitNNClient - INFO - 23624 - phase=train acc=0.38323863636363636 loss=181.86122286319733 epoch=4 and step=110
2026-04-16 23:54:08,330 - SplitNNClient - INFO - 8336 - phase=train acc=0.3859375 loss=181.53652215003967 epoch=4 and step=110
2026-04-16 23:54:10,433 - SplitNNClient - INFO - 8536 - phase=train acc=0.39407552083333336 loss=194.78049337863922 epoch=4 and step=120
2026-04-16 23:54:10,554 - SplitNNClient - INFO - 23624 - phase=train acc=0.38502604166666665 loss=197.46292412281036 epoch=4 and step=120
2026-04-16 23:54:10,700 - SplitNNClient - INFO - 8336 - phase=train acc=0.38665364583333334 loss=197.54943227767944 epoch=4 and step=120
2026-04-16 23:54:12,896 - SplitNNClient - INFO - 8536 - phase=train acc=0.3953125 loss=210.61066508293152 epoch=4 and step=130
2026-04-16 23:54:13,111 - SplitNNClient - INFO - 23624 - phase=train acc=0.3860576923076923 loss=213.72050595283508 epoch=4 and step=130
2026-04-16 23:54:13,217 - SplitNNClient - INFO - 8336 - phase=train acc=0.3879206730769231 loss=213.41373014450073 epoch=4 and step=130
2026-04-16 23:54:13,287 - FedServerManager - INFO - 24456 - get all model params ---- from rank fed_server
2026-04-16 23:54:24,923 - SplitNNClient - INFO - 8336 - phase=validation acc=0.4518 loss=116.82024276256561 epoch=4 and step=79
2026-04-16 23:54:24,970 - SplitNNClient - INFO - 23624 - phase=validation acc=0.4518 loss=116.82024276256561 epoch=4 and step=79
2026-04-16 23:54:25,018 - SplitNNClient - INFO - 8536 - phase=validation acc=0.4518 loss=116.82024276256561 epoch=4 and step=79
2026-04-16 23:54:27,418 - SplitNNClient - INFO - 8536 - phase=train acc=0.41484375 loss=15.615639448165894 epoch=5 and step=10
2026-04-16 23:54:27,491 - SplitNNClient - INFO - 8336 - phase=train acc=0.38984375 loss=16.206207871437073 epoch=5 and step=10
2026-04-16 23:54:27,539 - SplitNNClient - INFO - 23624 - phase=train acc=0.403125 loss=15.696085572242737 epoch=5 and step=10
2026-04-16 23:54:29,824 - SplitNNClient - INFO - 8536 - phase=train acc=0.409765625 loss=31.578102231025696 epoch=5 and step=20
2026-04-16 23:54:29,897 - SplitNNClient - INFO - 8336 - phase=train acc=0.39453125 loss=32.282801270484924 epoch=5 and step=20
2026-04-16 23:54:29,949 - SplitNNClient - INFO - 23624 - phase=train acc=0.389453125 loss=32.396835923194885 epoch=5 and step=20
2026-04-16 23:54:32,185 - SplitNNClient - INFO - 8536 - phase=train acc=0.41015625 loss=47.499109625816345 epoch=5 and step=30
2026-04-16 23:54:32,264 - SplitNNClient - INFO - 8336 - phase=train acc=0.40130208333333334 loss=48.39475762844086 epoch=5 and step=30
2026-04-16 23:54:32,370 - SplitNNClient - INFO - 23624 - phase=train acc=0.39401041666666664 loss=48.4864057302475 epoch=5 and step=30
2026-04-16 23:54:34,662 - SplitNNClient - INFO - 8536 - phase=train acc=0.40625 loss=63.41034805774689 epoch=5 and step=40
2026-04-16 23:54:34,735 - SplitNNClient - INFO - 8336 - phase=train acc=0.3998046875 loss=64.54441547393799 epoch=5 and step=40
2026-04-16 23:54:34,807 - SplitNNClient - INFO - 23624 - phase=train acc=0.394140625 loss=64.69408857822418 epoch=5 and step=40
2026-04-16 23:54:37,041 - SplitNNClient - INFO - 8536 - phase=train acc=0.4053125 loss=78.9303252696991 epoch=5 and step=50
2026-04-16 23:54:37,091 - SplitNNClient - INFO - 8336 - phase=train acc=0.4025 loss=80.48330903053284 epoch=5 and step=50
2026-04-16 23:54:37,165 - SplitNNClient - INFO - 23624 - phase=train acc=0.39953125 loss=80.52049922943115 epoch=5 and step=50
2026-04-16 23:54:39,403 - SplitNNClient - INFO - 8536 - phase=train acc=0.40625 loss=94.38642287254333 epoch=5 and step=60
2026-04-16 23:54:39,454 - SplitNNClient - INFO - 8336 - phase=train acc=0.4036458333333333 loss=96.43886148929596 epoch=5 and step=60
2026-04-16 23:54:39,559 - SplitNNClient - INFO - 23624 - phase=train acc=0.40182291666666664 loss=96.25705468654633 epoch=5 and step=60
2026-04-16 23:54:41,712 - SplitNNClient - INFO - 8536 - phase=train acc=0.41015625 loss=109.58655560016632 epoch=5 and step=70
2026-04-16 23:54:41,755 - SplitNNClient - INFO - 8336 - phase=train acc=0.40636160714285713 loss=111.841317653656 epoch=5 and step=70
2026-04-16 23:54:41,865 - SplitNNClient - INFO - 23624 - phase=train acc=0.40189732142857143 loss=112.30113530158997 epoch=5 and step=70
2026-04-16 23:54:44,123 - SplitNNClient - INFO - 8536 - phase=train acc=0.41298828125 loss=124.88950979709625 epoch=5 and step=80
2026-04-16 23:54:44,170 - SplitNNClient - INFO - 8336 - phase=train acc=0.4080078125 loss=127.29714250564575 epoch=5 and step=80
2026-04-16 23:54:44,241 - SplitNNClient - INFO - 23624 - phase=train acc=0.40302734375 loss=128.04206132888794 epoch=5 and step=80
2026-04-16 23:54:46,484 - SplitNNClient - INFO - 8536 - phase=train acc=0.4110243055555556 loss=140.3665018081665 epoch=5 and step=90
2026-04-16 23:54:46,563 - SplitNNClient - INFO - 8336 - phase=train acc=0.4088541666666667 loss=143.07802534103394 epoch=5 and step=90
2026-04-16 23:54:46,670 - SplitNNClient - INFO - 23624 - phase=train acc=0.40625 loss=143.5728908777237 epoch=5 and step=90
2026-04-16 23:54:48,911 - SplitNNClient - INFO - 8536 - phase=train acc=0.40984375 loss=156.53872334957123 epoch=5 and step=100
2026-04-16 23:54:48,985 - SplitNNClient - INFO - 8336 - phase=train acc=0.409140625 loss=158.80916023254395 epoch=5 and step=100
2026-04-16 23:54:49,090 - SplitNNClient - INFO - 23624 - phase=train acc=0.4084375 loss=159.50839149951935 epoch=5 and step=100
2026-04-16 23:54:51,326 - SplitNNClient - INFO - 8536 - phase=train acc=0.41157670454545453 loss=172.09168779850006 epoch=5 and step=110
2026-04-16 23:54:51,375 - SplitNNClient - INFO - 8336 - phase=train acc=0.4122159090909091 loss=174.05493640899658 epoch=5 and step=110
2026-04-16 23:54:51,482 - SplitNNClient - INFO - 23624 - phase=train acc=0.4083806818181818 loss=175.37516832351685 epoch=5 and step=110
2026-04-16 23:54:53,674 - SplitNNClient - INFO - 8536 - phase=train acc=0.41315104166666666 loss=187.4031150341034 epoch=5 and step=120
2026-04-16 23:54:53,746 - SplitNNClient - INFO - 8336 - phase=train acc=0.41458333333333336 loss=189.05048155784607 epoch=5 and step=120
2026-04-16 23:54:53,861 - SplitNNClient - INFO - 23624 - phase=train acc=0.4078125 loss=191.3467916250229 epoch=5 and step=120
2026-04-16 23:54:56,076 - SplitNNClient - INFO - 8536 - phase=train acc=0.4138221153846154 loss=202.8263761997223 epoch=5 and step=130
2026-04-16 23:54:56,152 - SplitNNClient - INFO - 8336 - phase=train acc=0.41646634615384615 loss=204.01226687431335 epoch=5 and step=130
2026-04-16 23:54:56,229 - SplitNNClient - INFO - 23624 - phase=train acc=0.40805288461538464 loss=207.250692486763 epoch=5 and step=130
2026-04-16 23:54:56,285 - FedServerManager - INFO - 24456 - get all model params ---- from rank fed_server
2026-04-16 23:55:07,801 - SplitNNClient - INFO - 8336 - phase=validation acc=0.4926 loss=109.26983845233917 epoch=5 and step=79
2026-04-16 23:55:07,858 - SplitNNClient - INFO - 23624 - phase=validation acc=0.4926 loss=109.26983845233917 epoch=5 and step=79
2026-04-16 23:55:07,901 - SplitNNClient - INFO - 8536 - phase=validation acc=0.4926 loss=109.26983845233917 epoch=5 and step=79
2026-04-16 23:55:10,251 - SplitNNClient - INFO - 8336 - phase=train acc=0.453125 loss=15.066224217414856 epoch=6 and step=10
2026-04-16 23:55:10,331 - SplitNNClient - INFO - 8536 - phase=train acc=0.4453125 loss=15.19201135635376 epoch=6 and step=10
2026-04-16 23:55:10,436 - SplitNNClient - INFO - 23624 - phase=train acc=0.4296875 loss=14.566515803337097 epoch=6 and step=10
2026-04-16 23:55:12,769 - SplitNNClient - INFO - 8336 - phase=train acc=0.439453125 loss=30.379707098007202 epoch=6 and step=20
2026-04-16 23:55:12,817 - SplitNNClient - INFO - 8536 - phase=train acc=0.44765625 loss=30.36440622806549 epoch=6 and step=20
2026-04-16 23:55:12,963 - SplitNNClient - INFO - 23624 - phase=train acc=0.419140625 loss=30.7692688703537 epoch=6 and step=20
2026-04-16 23:55:15,314 - SplitNNClient - INFO - 8336 - phase=train acc=0.43411458333333336 loss=46.02504229545593 epoch=6 and step=30
2026-04-16 23:55:15,415 - SplitNNClient - INFO - 8536 - phase=train acc=0.446875 loss=45.510239243507385 epoch=6 and step=30
2026-04-16 23:55:15,484 - SplitNNClient - INFO - 23624 - phase=train acc=0.4328125 loss=46.060903906822205 epoch=6 and step=30
2026-04-16 23:55:17,734 - SplitNNClient - INFO - 8336 - phase=train acc=0.4376953125 loss=61.02743220329285 epoch=6 and step=40
2026-04-16 23:55:17,804 - SplitNNClient - INFO - 8536 - phase=train acc=0.44140625 loss=61.03545951843262 epoch=6 and step=40
2026-04-16 23:55:17,912 - SplitNNClient - INFO - 23624 - phase=train acc=0.43125 loss=61.51409876346588 epoch=6 and step=40
2026-04-16 23:55:20,117 - SplitNNClient - INFO - 8336 - phase=train acc=0.43359375 loss=76.11806166172028 epoch=6 and step=50
2026-04-16 23:55:20,225 - SplitNNClient - INFO - 8536 - phase=train acc=0.43734375 loss=76.03106009960175 epoch=6 and step=50
2026-04-16 23:55:20,276 - SplitNNClient - INFO - 23624 - phase=train acc=0.434375 loss=76.56565773487091 epoch=6 and step=50
2026-04-16 23:55:22,564 - SplitNNClient - INFO - 8336 - phase=train acc=0.43216145833333336 loss=91.41458714008331 epoch=6 and step=60
2026-04-16 23:55:22,678 - SplitNNClient - INFO - 8536 - phase=train acc=0.4356770833333333 loss=91.45108771324158 epoch=6 and step=60
2026-04-16 23:55:22,723 - SplitNNClient - INFO - 23624 - phase=train acc=0.4348958333333333 loss=92.00515556335449 epoch=6 and step=60
2026-04-16 23:55:24,922 - SplitNNClient - INFO - 8336 - phase=train acc=0.42924107142857143 loss=106.9854621887207 epoch=6 and step=70
2026-04-16 23:55:24,995 - SplitNNClient - INFO - 8536 - phase=train acc=0.4393973214285714 loss=106.30773115158081 epoch=6 and step=70
2026-04-16 23:55:25,070 - SplitNNClient - INFO - 23624 - phase=train acc=0.434375 loss=107.01794338226318 epoch=6 and step=70
2026-04-16 23:55:27,315 - SplitNNClient - INFO - 8336 - phase=train acc=0.43076171875 loss=122.13832950592041 epoch=6 and step=80
2026-04-16 23:55:27,384 - SplitNNClient - INFO - 8536 - phase=train acc=0.4375 loss=121.61565256118774 epoch=6 and step=80
2026-04-16 23:55:27,456 - SplitNNClient - INFO - 23624 - phase=train acc=0.43310546875 loss=122.67430210113525 epoch=6 and step=80
2026-04-16 23:55:29,696 - SplitNNClient - INFO - 8336 - phase=train acc=0.4328125 loss=137.06770026683807 epoch=6 and step=90
2026-04-16 23:55:29,741 - SplitNNClient - INFO - 8536 - phase=train acc=0.4384548611111111 loss=136.5392745733261 epoch=6 and step=90
2026-04-16 23:55:29,847 - SplitNNClient - INFO - 23624 - phase=train acc=0.4354166666666667 loss=137.73471796512604 epoch=6 and step=90
2026-04-16 23:55:32,005 - SplitNNClient - INFO - 8336 - phase=train acc=0.434609375 loss=152.3836454153061 epoch=6 and step=100
2026-04-16 23:55:32,114 - SplitNNClient - INFO - 8536 - phase=train acc=0.440390625 loss=151.92086720466614 epoch=6 and step=100
2026-04-16 23:55:32,159 - SplitNNClient - INFO - 23624 - phase=train acc=0.433671875 loss=152.91532576084137 epoch=6 and step=100
2026-04-16 23:55:34,322 - SplitNNClient - INFO - 8336 - phase=train acc=0.43451704545454545 loss=167.43941748142242 epoch=6 and step=110
2026-04-16 23:55:34,400 - SplitNNClient - INFO - 8536 - phase=train acc=0.43899147727272725 loss=167.16975569725037 epoch=6 and step=110
2026-04-16 23:55:34,481 - SplitNNClient - INFO - 23624 - phase=train acc=0.4354403409090909 loss=168.24342167377472 epoch=6 and step=110
2026-04-16 23:55:36,659 - SplitNNClient - INFO - 8336 - phase=train acc=0.43430989583333335 loss=182.92972600460052 epoch=6 and step=120
2026-04-16 23:55:36,760 - SplitNNClient - INFO - 8536 - phase=train acc=0.4390625 loss=181.96349465847015 epoch=6 and step=120
2026-04-16 23:55:36,830 - SplitNNClient - INFO - 23624 - phase=train acc=0.4361328125 loss=183.2558354139328 epoch=6 and step=120
2026-04-16 23:55:38,936 - SplitNNClient - INFO - 8336 - phase=train acc=0.4349759615384615 loss=198.31260204315186 epoch=6 and step=130
2026-04-16 23:55:39,043 - SplitNNClient - INFO - 8536 - phase=train acc=0.43978365384615387 loss=196.79568123817444 epoch=6 and step=130
2026-04-16 23:55:39,087 - SplitNNClient - INFO - 23624 - phase=train acc=0.4361778846153846 loss=198.09803807735443 epoch=6 and step=130
2026-04-16 23:55:39,153 - FedServerManager - INFO - 24456 - get all model params ---- from rank fed_server
2026-04-16 23:55:50,610 - SplitNNClient - INFO - 8536 - phase=validation acc=0.5213 loss=103.47799861431122 epoch=6 and step=79
2026-04-16 23:55:50,657 - SplitNNClient - INFO - 8336 - phase=validation acc=0.5213 loss=103.47799861431122 epoch=6 and step=79
2026-04-16 23:55:50,707 - SplitNNClient - INFO - 23624 - phase=validation acc=0.5213 loss=103.47799861431122 epoch=6 and step=79
2026-04-16 23:55:53,030 - SplitNNClient - INFO - 23624 - phase=train acc=0.4390625 loss=15.22727918624878 epoch=7 and step=10
2026-04-16 23:55:53,083 - SplitNNClient - INFO - 8536 - phase=train acc=0.465625 loss=14.183935642242432 epoch=7 and step=10
2026-04-16 23:55:53,215 - SplitNNClient - INFO - 8336 - phase=train acc=0.45234375 loss=14.421245574951172 epoch=7 and step=10
2026-04-16 23:55:55,488 - SplitNNClient - INFO - 23624 - phase=train acc=0.43984375 loss=29.814317107200623 epoch=7 and step=20
2026-04-16 23:55:55,537 - SplitNNClient - INFO - 8536 - phase=train acc=0.46015625 loss=28.832499623298645 epoch=7 and step=20
2026-04-16 23:55:55,613 - SplitNNClient - INFO - 8336 - phase=train acc=0.452734375 loss=28.991844654083252 epoch=7 and step=20
2026-04-16 23:55:57,921 - SplitNNClient - INFO - 23624 - phase=train acc=0.4390625 loss=45.19205164909363 epoch=7 and step=30
2026-04-16 23:55:58,052 - SplitNNClient - INFO - 8536 - phase=train acc=0.44973958333333336 loss=43.79559516906738 epoch=7 and step=30
2026-04-16 23:55:58,123 - SplitNNClient - INFO - 8336 - phase=train acc=0.45364583333333336 loss=43.78726899623871 epoch=7 and step=30
2026-04-16 23:56:00,301 - SplitNNClient - INFO - 23624 - phase=train acc=0.4466796875 loss=59.746458530426025 epoch=7 and step=40
2026-04-16 23:56:00,410 - SplitNNClient - INFO - 8536 - phase=train acc=0.451953125 loss=58.224120020866394 epoch=7 and step=40
2026-04-16 23:56:00,478 - SplitNNClient - INFO - 8336 - phase=train acc=0.45390625 loss=58.89346158504486 epoch=7 and step=40
2026-04-16 23:56:02,684 - SplitNNClient - INFO - 23624 - phase=train acc=0.44953125 loss=74.36402177810669 epoch=7 and step=50
2026-04-16 23:56:02,729 - SplitNNClient - INFO - 8536 - phase=train acc=0.45390625 loss=72.72577202320099 epoch=7 and step=50
2026-04-16 23:56:02,805 - SplitNNClient - INFO - 8336 - phase=train acc=0.453125 loss=73.76129078865051 epoch=7 and step=50
2026-04-16 23:56:05,050 - SplitNNClient - INFO - 23624 - phase=train acc=0.4485677083333333 loss=89.19771921634674 epoch=7 and step=60
2026-04-16 23:56:05,156 - SplitNNClient - INFO - 8536 - phase=train acc=0.4557291666666667 loss=87.20930421352386 epoch=7 and step=60
2026-04-16 23:56:05,229 - SplitNNClient - INFO - 8336 - phase=train acc=0.4557291666666667 loss=88.24155974388123 epoch=7 and step=60
2026-04-16 23:56:07,456 - SplitNNClient - INFO - 23624 - phase=train acc=0.4484375 loss=104.16250574588776 epoch=7 and step=70
2026-04-16 23:56:07,567 - SplitNNClient - INFO - 8536 - phase=train acc=0.45792410714285714 loss=101.71196448802948 epoch=7 and step=70
2026-04-16 23:56:07,641 - SplitNNClient - INFO - 8336 - phase=train acc=0.45625 loss=102.99186909198761 epoch=7 and step=70
2026-04-16 23:56:09,860 - SplitNNClient - INFO - 23624 - phase=train acc=0.452734375 loss=118.31544208526611 epoch=7 and step=80
2026-04-16 23:56:09,937 - SplitNNClient - INFO - 8536 - phase=train acc=0.45703125 loss=116.2827879190445 epoch=7 and step=80
2026-04-16 23:56:09,982 - SplitNNClient - INFO - 8336 - phase=train acc=0.45634765625 loss=117.77403724193573 epoch=7 and step=80
2026-04-16 23:56:12,306 - SplitNNClient - INFO - 23624 - phase=train acc=0.4556423611111111 loss=132.6071798801422 epoch=7 and step=90
2026-04-16 23:56:12,383 - SplitNNClient - INFO - 8536 - phase=train acc=0.45703125 loss=130.7165322303772 epoch=7 and step=90
2026-04-16 23:56:12,488 - SplitNNClient - INFO - 8336 - phase=train acc=0.4574652777777778 loss=132.18648898601532 epoch=7 and step=90
2026-04-16 23:56:14,784 - SplitNNClient - INFO - 23624 - phase=train acc=0.455703125 loss=147.3424711227417 epoch=7 and step=100
2026-04-16 23:56:14,894 - SplitNNClient - INFO - 8536 - phase=train acc=0.462421875 loss=144.42699432373047 epoch=7 and step=100
2026-04-16 23:56:14,963 - SplitNNClient - INFO - 8336 - phase=train acc=0.4590625 loss=146.71165108680725 epoch=7 and step=100
2026-04-16 23:56:17,236 - SplitNNClient - INFO - 23624 - phase=train acc=0.4546875 loss=162.12384712696075 epoch=7 and step=110
2026-04-16 23:56:17,314 - SplitNNClient - INFO - 8536 - phase=train acc=0.4636363636363636 loss=159.13112568855286 epoch=7 and step=110
2026-04-16 23:56:17,365 - SplitNNClient - INFO - 8336 - phase=train acc=0.45852272727272725 loss=161.565532207489 epoch=7 and step=110
2026-04-16 23:56:19,601 - SplitNNClient - INFO - 23624 - phase=train acc=0.45631510416666665 loss=176.58897078037262 epoch=7 and step=120
2026-04-16 23:56:19,620 - SplitNNClient - INFO - 8536 - phase=train acc=0.462890625 loss=173.38776230812073 epoch=7 and step=120
2026-04-16 23:56:19,698 - SplitNNClient - INFO - 8336 - phase=train acc=0.45748697916666664 loss=176.50720059871674 epoch=7 and step=120
2026-04-16 23:56:22,101 - SplitNNClient - INFO - 23624 - phase=train acc=0.45703125 loss=190.63110828399658 epoch=7 and step=130
2026-04-16 23:56:22,146 - SplitNNClient - INFO - 8536 - phase=train acc=0.46280048076923075 loss=187.87090873718262 epoch=7 and step=130
2026-04-16 23:56:22,193 - SplitNNClient - INFO - 8336 - phase=train acc=0.4599158653846154 loss=190.77183365821838 epoch=7 and step=130
2026-04-16 23:56:22,257 - FedServerManager - INFO - 24456 - get all model params ---- from rank fed_server
2026-04-16 23:56:33,735 - SplitNNClient - INFO - 8336 - phase=validation acc=0.5368 loss=99.77491438388824 epoch=7 and step=79
2026-04-16 23:56:33,783 - SplitNNClient - INFO - 8536 - phase=validation acc=0.5368 loss=99.77491438388824 epoch=7 and step=79
2026-04-16 23:56:33,840 - SplitNNClient - INFO - 23624 - phase=validation acc=0.5368 loss=99.77491438388824 epoch=7 and step=79
2026-04-16 23:56:36,173 - SplitNNClient - INFO - 8536 - phase=train acc=0.484375 loss=14.01129412651062 epoch=8 and step=10
2026-04-16 23:56:36,246 - SplitNNClient - INFO - 23624 - phase=train acc=0.47265625 loss=14.349961161613464 epoch=8 and step=10
2026-04-16 23:56:36,353 - SplitNNClient - INFO - 8336 - phase=train acc=0.4765625 loss=13.951580286026001 epoch=8 and step=10
2026-04-16 23:56:38,556 - SplitNNClient - INFO - 8536 - phase=train acc=0.47578125 loss=28.65924382209778 epoch=8 and step=20
2026-04-16 23:56:38,665 - SplitNNClient - INFO - 23624 - phase=train acc=0.472265625 loss=29.039702534675598 epoch=8 and step=20
2026-04-16 23:56:38,735 - SplitNNClient - INFO - 8336 - phase=train acc=0.478515625 loss=28.17083191871643 epoch=8 and step=20
2026-04-16 23:56:40,903 - SplitNNClient - INFO - 8536 - phase=train acc=0.4822916666666667 loss=42.283021330833435 epoch=8 and step=30
2026-04-16 23:56:40,951 - SplitNNClient - INFO - 23624 - phase=train acc=0.4705729166666667 loss=43.77908134460449 epoch=8 and step=30
2026-04-16 23:56:41,031 - SplitNNClient - INFO - 8336 - phase=train acc=0.47291666666666665 loss=42.566502809524536 epoch=8 and step=30
2026-04-16 23:56:43,231 - SplitNNClient - INFO - 8536 - phase=train acc=0.4830078125 loss=56.2202684879303 epoch=8 and step=40
2026-04-16 23:56:43,276 - SplitNNClient - INFO - 23624 - phase=train acc=0.4693359375 loss=58.43550622463226 epoch=8 and step=40
2026-04-16 23:56:43,350 - SplitNNClient - INFO - 8336 - phase=train acc=0.4708984375 loss=56.997029304504395 epoch=8 and step=40
2026-04-16 23:56:45,585 - SplitNNClient - INFO - 8536 - phase=train acc=0.47953125 loss=70.3135986328125 epoch=8 and step=50
2026-04-16 23:56:45,628 - SplitNNClient - INFO - 23624 - phase=train acc=0.46671875 loss=73.05684685707092 epoch=8 and step=50
2026-04-16 23:56:45,700 - SplitNNClient - INFO - 8336 - phase=train acc=0.4753125 loss=71.27853548526764 epoch=8 and step=50
2026-04-16 23:56:47,867 - SplitNNClient - INFO - 8536 - phase=train acc=0.47942708333333334 loss=83.90632605552673 epoch=8 and step=60
2026-04-16 23:56:47,977 - SplitNNClient - INFO - 23624 - phase=train acc=0.46953125 loss=86.95865535736084 epoch=8 and step=60
2026-04-16 23:56:48,027 - SplitNNClient - INFO - 8336 - phase=train acc=0.47421875 loss=85.63920593261719 epoch=8 and step=60
2026-04-16 23:56:50,233 - SplitNNClient - INFO - 8536 - phase=train acc=0.4824776785714286 loss=97.55215787887573 epoch=8 and step=70
2026-04-16 23:56:50,307 - SplitNNClient - INFO - 23624 - phase=train acc=0.47276785714285713 loss=100.69421243667603 epoch=8 and step=70
2026-04-16 23:56:50,383 - SplitNNClient - INFO - 8336 - phase=train acc=0.4738839285714286 loss=99.7406154870987 epoch=8 and step=70
2026-04-16 23:56:52,625 - SplitNNClient - INFO - 8536 - phase=train acc=0.48076171875 loss=112.0199123620987 epoch=8 and step=80
2026-04-16 23:56:52,704 - SplitNNClient - INFO - 23624 - phase=train acc=0.47353515625 loss=114.73357808589935 epoch=8 and step=80
2026-04-16 23:56:52,776 - SplitNNClient - INFO - 8336 - phase=train acc=0.475 loss=113.67197632789612 epoch=8 and step=80
2026-04-16 23:56:55,047 - SplitNNClient - INFO - 8536 - phase=train acc=0.48064236111111114 loss=126.13294279575348 epoch=8 and step=90
2026-04-16 23:56:55,151 - SplitNNClient - INFO - 23624 - phase=train acc=0.4739583333333333 loss=128.87897336483002 epoch=8 and step=90
2026-04-16 23:56:55,220 - SplitNNClient - INFO - 8336 - phase=train acc=0.47647569444444443 loss=127.3556010723114 epoch=8 and step=90
2026-04-16 23:56:57,474 - SplitNNClient - INFO - 8536 - phase=train acc=0.483125 loss=139.89630365371704 epoch=8 and step=100
2026-04-16 23:56:57,578 - SplitNNClient - INFO - 23624 - phase=train acc=0.474375 loss=142.858069896698 epoch=8 and step=100
2026-04-16 23:56:57,646 - SplitNNClient - INFO - 8336 - phase=train acc=0.477421875 loss=141.26948285102844 epoch=8 and step=100
2026-04-16 23:56:59,818 - SplitNNClient - INFO - 8536 - phase=train acc=0.4849431818181818 loss=153.451073884964 epoch=8 and step=110
2026-04-16 23:56:59,897 - SplitNNClient - INFO - 23624 - phase=train acc=0.47492897727272726 loss=156.96907591819763 epoch=8 and step=110
2026-04-16 23:57:00,004 - SplitNNClient - INFO - 8336 - phase=train acc=0.47578125 loss=155.35323286056519 epoch=8 and step=110
2026-04-16 23:57:02,193 - SplitNNClient - INFO - 8536 - phase=train acc=0.48671875 loss=166.73574495315552 epoch=8 and step=120
2026-04-16 23:57:02,243 - SplitNNClient - INFO - 23624 - phase=train acc=0.47649739583333334 loss=171.11042833328247 epoch=8 and step=120
2026-04-16 23:57:02,312 - SplitNNClient - INFO - 8336 - phase=train acc=0.47734375 loss=169.28068816661835 epoch=8 and step=120
2026-04-16 23:57:04,627 - SplitNNClient - INFO - 8536 - phase=train acc=0.4873798076923077 loss=180.33023858070374 epoch=8 and step=130
2026-04-16 23:57:04,697 - SplitNNClient - INFO - 23624 - phase=train acc=0.47716346153846156 loss=185.05023527145386 epoch=8 and step=130
2026-04-16 23:57:04,774 - SplitNNClient - INFO - 8336 - phase=train acc=0.4793870192307692 loss=182.8489260673523 epoch=8 and step=130
2026-04-16 23:57:04,852 - FedServerManager - INFO - 24456 - get all model params ---- from rank fed_server
2026-04-16 23:57:16,760 - SplitNNClient - INFO - 23624 - phase=validation acc=0.5703 loss=93.17600506544113 epoch=8 and step=79
2026-04-16 23:57:16,905 - SplitNNClient - INFO - 8536 - phase=validation acc=0.5703 loss=93.17600506544113 epoch=8 and step=79
2026-04-16 23:57:17,149 - SplitNNClient - INFO - 8336 - phase=validation acc=0.5703 loss=93.17600506544113 epoch=8 and step=79
2026-04-16 23:57:19,686 - SplitNNClient - INFO - 8536 - phase=train acc=0.5125 loss=13.342069149017334 epoch=9 and step=10
2026-04-16 23:57:19,728 - SplitNNClient - INFO - 8336 - phase=train acc=0.53359375 loss=13.108724355697632 epoch=9 and step=10
2026-04-16 23:57:19,809 - SplitNNClient - INFO - 23624 - phase=train acc=0.51875 loss=13.310899376869202 epoch=9 and step=10
2026-04-16 23:57:22,113 - SplitNNClient - INFO - 8536 - phase=train acc=0.509765625 loss=26.732538104057312 epoch=9 and step=20
2026-04-16 23:57:22,279 - SplitNNClient - INFO - 8336 - phase=train acc=0.524609375 loss=26.488667607307434 epoch=9 and step=20
2026-04-16 23:57:22,326 - SplitNNClient - INFO - 23624 - phase=train acc=0.504296875 loss=27.049918174743652 epoch=9 and step=20
2026-04-16 23:57:24,528 - SplitNNClient - INFO - 8536 - phase=train acc=0.5122395833333333 loss=40.35192167758942 epoch=9 and step=30
2026-04-16 23:57:24,636 - SplitNNClient - INFO - 8336 - phase=train acc=0.5276041666666667 loss=39.7110390663147 epoch=9 and step=30
2026-04-16 23:57:24,705 - SplitNNClient - INFO - 23624 - phase=train acc=0.5052083333333334 loss=40.74662172794342 epoch=9 and step=30
2026-04-16 23:57:27,062 - SplitNNClient - INFO - 8536 - phase=train acc=0.508203125 loss=53.954586029052734 epoch=9 and step=40
2026-04-16 23:57:27,170 - SplitNNClient - INFO - 8336 - phase=train acc=0.51953125 loss=53.24137032032013 epoch=9 and step=40
2026-04-16 23:57:27,242 - SplitNNClient - INFO - 23624 - phase=train acc=0.5033203125 loss=54.372965574264526 epoch=9 and step=40
2026-04-16 23:57:29,637 - SplitNNClient - INFO - 8536 - phase=train acc=0.50625 loss=67.55840992927551 epoch=9 and step=50
2026-04-16 23:57:29,705 - SplitNNClient - INFO - 8336 - phase=train acc=0.52171875 loss=66.45648384094238 epoch=9 and step=50
2026-04-16 23:57:29,809 - SplitNNClient - INFO - 23624 - phase=train acc=0.50609375 loss=67.84248554706573 epoch=9 and step=50
2026-04-16 23:57:32,170 - SplitNNClient - INFO - 8536 - phase=train acc=0.5071614583333334 loss=80.73098254203796 epoch=9 and step=60
2026-04-16 23:57:32,279 - SplitNNClient - INFO - 8336 - phase=train acc=0.5227864583333334 loss=79.58996331691742 epoch=9 and step=60
2026-04-16 23:57:32,328 - SplitNNClient - INFO - 23624 - phase=train acc=0.5024739583333333 loss=81.82373571395874 epoch=9 and step=60
2026-04-16 23:57:34,687 - SplitNNClient - INFO - 8536 - phase=train acc=0.5088169642857143 loss=94.24494159221649 epoch=9 and step=70
2026-04-16 23:57:34,740 - SplitNNClient - INFO - 8336 - phase=train acc=0.5193080357142857 loss=93.2073757648468 epoch=9 and step=70
2026-04-16 23:57:34,879 - SplitNNClient - INFO - 23624 - phase=train acc=0.5025669642857142 loss=95.70880711078644 epoch=9 and step=70
2026-04-16 23:57:37,295 - SplitNNClient - INFO - 8536 - phase=train acc=0.5109375 loss=107.5044777393341 epoch=9 and step=80
2026-04-16 23:57:37,371 - SplitNNClient - INFO - 8336 - phase=train acc=0.5189453125 loss=106.6865245103836 epoch=9 and step=80
2026-04-16 23:57:37,471 - SplitNNClient - INFO - 23624 - phase=train acc=0.5015625 loss=109.32496631145477 epoch=9 and step=80
2026-04-16 23:57:39,684 - SplitNNClient - INFO - 8536 - phase=train acc=0.5133680555555555 loss=120.66734218597412 epoch=9 and step=90
2026-04-16 23:57:39,790 - SplitNNClient - INFO - 23624 - phase=train acc=0.5028645833333333 loss=122.58622145652771 epoch=9 and step=90
2026-04-16 23:57:39,860 - SplitNNClient - INFO - 8336 - phase=train acc=0.5165798611111111 loss=120.22713911533356 epoch=9 and step=90
2026-04-16 23:57:42,177 - SplitNNClient - INFO - 8536 - phase=train acc=0.514921875 loss=133.68296480178833 epoch=9 and step=100
2026-04-16 23:57:42,286 - SplitNNClient - INFO - 23624 - phase=train acc=0.5046875 loss=135.9041554927826 epoch=9 and step=100
2026-04-16 23:57:42,335 - SplitNNClient - INFO - 8336 - phase=train acc=0.5140625 loss=134.07306385040283 epoch=9 and step=100
2026-04-16 23:57:44,623 - SplitNNClient - INFO - 8536 - phase=train acc=0.5158380681818182 loss=146.72714734077454 epoch=9 and step=110
2026-04-16 23:57:44,733 - SplitNNClient - INFO - 23624 - phase=train acc=0.5047585227272727 loss=148.95487308502197 epoch=9 and step=110
2026-04-16 23:57:44,831 - SplitNNClient - INFO - 8336 - phase=train acc=0.5139914772727273 loss=147.54542076587677 epoch=9 and step=110
2026-04-16 23:57:47,270 - SplitNNClient - INFO - 8536 - phase=train acc=0.5162109375 loss=160.20103657245636 epoch=9 and step=120
2026-04-16 23:57:47,346 - SplitNNClient - INFO - 8336 - phase=train acc=0.5139322916666667 loss=160.83535385131836 epoch=9 and step=120
2026-04-16 23:57:47,454 - SplitNNClient - INFO - 23624 - phase=train acc=0.504296875 loss=162.50758969783783 epoch=9 and step=120
2026-04-16 23:57:49,758 - SplitNNClient - INFO - 8536 - phase=train acc=0.5156850961538462 loss=173.60076081752777 epoch=9 and step=130
2026-04-16 23:57:49,862 - SplitNNClient - INFO - 8336 - phase=train acc=0.5143028846153846 loss=174.2612226009369 epoch=9 and step=130
2026-04-16 23:57:49,935 - SplitNNClient - INFO - 23624 - phase=train acc=0.5056490384615384 loss=175.8394274711609 epoch=9 and step=130
2026-04-16 23:57:50,001 - FedServerManager - INFO - 24456 - get all model params ---- from rank fed_server
2026-04-16 23:58:01,592 - SplitNNClient - INFO - 8536 - phase=validation acc=0.5972 loss=86.83891266584396 epoch=9 and step=79
2026-04-16 23:58:01,594 - SplitNNClient - INFO - 8336 - phase=validation acc=0.5972 loss=86.83891266584396 epoch=9 and step=79
2026-04-16 23:58:01,688 - SplitNNClient - INFO - 23624 - phase=validation acc=0.5972 loss=86.83891266584396 epoch=9 and step=79
2026-04-16 23:58:04,064 - SplitNNClient - INFO - 8536 - phase=train acc=0.54765625 loss=11.858465194702148 epoch=10 and step=10
2026-04-16 23:58:04,174 - SplitNNClient - INFO - 8336 - phase=train acc=0.55859375 loss=12.238772869110107 epoch=10 and step=10
2026-04-16 23:58:04,224 - SplitNNClient - INFO - 23624 - phase=train acc=0.5390625 loss=13.015214920043945 epoch=10 and step=10
2026-04-16 23:58:06,411 - SplitNNClient - INFO - 8536 - phase=train acc=0.530078125 loss=24.995603799819946 epoch=10 and step=20
2026-04-16 23:58:06,487 - SplitNNClient - INFO - 8336 - phase=train acc=0.54453125 loss=25.214174151420593 epoch=10 and step=20
2026-04-16 23:58:06,532 - SplitNNClient - INFO - 23624 - phase=train acc=0.531640625 loss=26.555307388305664 epoch=10 and step=20
2026-04-16 23:58:08,903 - SplitNNClient - INFO - 8536 - phase=train acc=0.5291666666666667 loss=37.804009318351746 epoch=10 and step=30
2026-04-16 23:58:08,947 - SplitNNClient - INFO - 8336 - phase=train acc=0.5359375 loss=38.36789858341217 epoch=10 and step=30
2026-04-16 23:58:09,048 - SplitNNClient - INFO - 23624 - phase=train acc=0.534375 loss=39.27784788608551 epoch=10 and step=30
2026-04-16 23:58:11,507 - SplitNNClient - INFO - 8536 - phase=train acc=0.5294921875 loss=50.68137538433075 epoch=10 and step=40
2026-04-16 23:58:11,586 - SplitNNClient - INFO - 8336 - phase=train acc=0.5275390625 loss=51.68672478199005 epoch=10 and step=40
2026-04-16 23:58:11,690 - SplitNNClient - INFO - 23624 - phase=train acc=0.52890625 loss=52.30609667301178 epoch=10 and step=40
2026-04-16 23:58:14,179 - SplitNNClient - INFO - 8536 - phase=train acc=0.5259375 loss=63.55080246925354 epoch=10 and step=50
2026-04-16 23:58:14,222 - SplitNNClient - INFO - 8336 - phase=train acc=0.52296875 loss=65.32730996608734 epoch=10 and step=50
2026-04-16 23:58:14,333 - SplitNNClient - INFO - 23624 - phase=train acc=0.5209375 loss=66.05678951740265 epoch=10 and step=50
2026-04-16 23:58:16,648 - SplitNNClient - INFO - 8536 - phase=train acc=0.5248697916666667 loss=76.48530507087708 epoch=10 and step=60
2026-04-16 23:58:16,670 - SplitNNClient - INFO - 8336 - phase=train acc=0.521484375 loss=78.17289698123932 epoch=10 and step=60
2026-04-16 23:58:16,779 - SplitNNClient - INFO - 23624 - phase=train acc=0.5223958333333333 loss=78.92669939994812 epoch=10 and step=60
2026-04-16 23:58:19,104 - SplitNNClient - INFO - 8536 - phase=train acc=0.5246651785714286 loss=89.69612956047058 epoch=10 and step=70
2026-04-16 23:58:19,149 - SplitNNClient - INFO - 8336 - phase=train acc=0.5213169642857143 loss=91.50846493244171 epoch=10 and step=70
2026-04-16 23:58:19,257 - SplitNNClient - INFO - 23624 - phase=train acc=0.5213169642857143 loss=91.99301505088806 epoch=10 and step=70
2026-04-16 23:58:21,515 - SplitNNClient - INFO - 8536 - phase=train acc=0.53017578125 loss=101.93728482723236 epoch=10 and step=80
2026-04-16 23:58:21,626 - SplitNNClient - INFO - 8336 - phase=train acc=0.52216796875 loss=104.65349435806274 epoch=10 and step=80
2026-04-16 23:58:21,696 - SplitNNClient - INFO - 23624 - phase=train acc=0.52294921875 loss=104.79759120941162 epoch=10 and step=80
2026-04-16 23:58:24,048 - SplitNNClient - INFO - 8536 - phase=train acc=0.5290798611111112 loss=115.20066702365875 epoch=10 and step=90
2026-04-16 23:58:24,094 - SplitNNClient - INFO - 8336 - phase=train acc=0.5266493055555556 loss=117.2781230211258 epoch=10 and step=90
2026-04-16 23:58:24,200 - SplitNNClient - INFO - 23624 - phase=train acc=0.5269097222222222 loss=117.03017997741699 epoch=10 and step=90
2026-04-16 23:58:26,588 - SplitNNClient - INFO - 8536 - phase=train acc=0.527265625 loss=128.36181318759918 epoch=10 and step=100
2026-04-16 23:58:26,631 - SplitNNClient - INFO - 8336 - phase=train acc=0.52578125 loss=130.28008687496185 epoch=10 and step=100
2026-04-16 23:58:26,736 - SplitNNClient - INFO - 23624 - phase=train acc=0.52828125 loss=129.73205173015594 epoch=10 and step=100
2026-04-16 23:58:28,953 - SplitNNClient - INFO - 8536 - phase=train acc=0.5300426136363636 loss=140.73401653766632 epoch=10 and step=110
2026-04-16 23:58:28,995 - SplitNNClient - INFO - 8336 - phase=train acc=0.5261363636363636 loss=143.28608334064484 epoch=10 and step=110
2026-04-16 23:58:29,101 - SplitNNClient - INFO - 23624 - phase=train acc=0.5284801136363636 loss=142.77097415924072 epoch=10 and step=110
2026-04-16 23:58:31,350 - SplitNNClient - INFO - 8536 - phase=train acc=0.5295572916666667 loss=153.35301399230957 epoch=10 and step=120
2026-04-16 23:58:31,420 - SplitNNClient - INFO - 8336 - phase=train acc=0.5267578125 loss=156.4090472459793 epoch=10 and step=120
2026-04-16 23:58:31,529 - SplitNNClient - INFO - 23624 - phase=train acc=0.5305989583333334 loss=155.2352979183197 epoch=10 and step=120
2026-04-16 23:58:33,795 - SplitNNClient - INFO - 8536 - phase=train acc=0.5314302884615385 loss=165.88713920116425 epoch=10 and step=130
2026-04-16 23:58:33,905 - SplitNNClient - INFO - 8336 - phase=train acc=0.5266826923076923 loss=169.1121038198471 epoch=10 and step=130
2026-04-16 23:58:33,981 - SplitNNClient - INFO - 23624 - phase=train acc=0.5285456730769231 loss=168.69618928432465 epoch=10 and step=130
2026-04-16 23:58:34,041 - FedServerManager - INFO - 24456 - get all model params ---- from rank fed_server
2026-04-16 23:58:45,728 - SplitNNClient - INFO - 8336 - phase=validation acc=0.6169 loss=84.4244299530983 epoch=10 and step=79
2026-04-16 23:58:45,781 - SplitNNClient - INFO - 23624 - phase=validation acc=0.6169 loss=84.4244299530983 epoch=10 and step=79
2026-04-16 23:58:45,826 - SplitNNClient - INFO - 8536 - phase=validation acc=0.6169 loss=84.4244299530983 epoch=10 and step=79
2026-04-16 23:58:48,289 - SplitNNClient - INFO - 8536 - phase=train acc=0.57265625 loss=11.759929537773132 epoch=11 and step=10
2026-04-16 23:58:48,396 - SplitNNClient - INFO - 23624 - phase=train acc=0.53828125 loss=12.982391119003296 epoch=11 and step=10
2026-04-16 23:58:48,439 - SplitNNClient - INFO - 8336 - phase=train acc=0.53984375 loss=12.480006217956543 epoch=11 and step=10
2026-04-16 23:58:50,730 - SplitNNClient - INFO - 8536 - phase=train acc=0.550390625 loss=24.87696397304535 epoch=11 and step=20
2026-04-16 23:58:50,780 - SplitNNClient - INFO - 23624 - phase=train acc=0.5390625 loss=25.59493315219879 epoch=11 and step=20
2026-04-16 23:58:50,825 - SplitNNClient - INFO - 8336 - phase=train acc=0.5359375 loss=25.568023324012756 epoch=11 and step=20
2026-04-16 23:58:53,134 - SplitNNClient - INFO - 23624 - phase=train acc=0.5375 loss=38.72886908054352 epoch=11 and step=30
2026-04-16 23:58:53,179 - SplitNNClient - INFO - 8536 - phase=train acc=0.5497395833333333 loss=37.17679500579834 epoch=11 and step=30
2026-04-16 23:58:53,283 - SplitNNClient - INFO - 8336 - phase=train acc=0.5377604166666666 loss=38.33938550949097 epoch=11 and step=30
2026-04-16 23:58:55,567 - SplitNNClient - INFO - 23624 - phase=train acc=0.5400390625 loss=51.298200249671936 epoch=11 and step=40
2026-04-16 23:58:55,613 - SplitNNClient - INFO - 8536 - phase=train acc=0.55546875 loss=49.23165440559387 epoch=11 and step=40
2026-04-16 23:58:55,652 - SplitNNClient - INFO - 8336 - phase=train acc=0.544140625 loss=50.600000858306885 epoch=11 and step=40
2026-04-16 23:58:57,948 - SplitNNClient - INFO - 23624 - phase=train acc=0.5403125 loss=63.62820219993591 epoch=11 and step=50
2026-04-16 23:58:58,083 - SplitNNClient - INFO - 8536 - phase=train acc=0.55578125 loss=61.60916292667389 epoch=11 and step=50
2026-04-16 23:58:58,132 - SplitNNClient - INFO - 8336 - phase=train acc=0.54234375 loss=63.38692903518677 epoch=11 and step=50
2026-04-16 23:59:00,555 - SplitNNClient - INFO - 23624 - phase=train acc=0.5419270833333333 loss=75.56445479393005 epoch=11 and step=60
2026-04-16 23:59:00,632 - SplitNNClient - INFO - 8536 - phase=train acc=0.5528645833333333 loss=73.9841867685318 epoch=11 and step=60
2026-04-16 23:59:00,688 - SplitNNClient - INFO - 8336 - phase=train acc=0.544921875 loss=75.78032159805298 epoch=11 and step=60
2026-04-16 23:59:03,170 - SplitNNClient - INFO - 23624 - phase=train acc=0.5409598214285715 loss=88.20844686031342 epoch=11 and step=70
2026-04-16 23:59:03,218 - SplitNNClient - INFO - 8336 - phase=train acc=0.5401785714285714 loss=88.67290258407593 epoch=11 and step=70
2026-04-16 23:59:03,297 - SplitNNClient - INFO - 8536 - phase=train acc=0.5568080357142857 loss=85.68706119060516 epoch=11 and step=70
2026-04-16 23:59:05,719 - SplitNNClient - INFO - 23624 - phase=train acc=0.540234375 loss=101.01229178905487 epoch=11 and step=80
2026-04-16 23:59:05,794 - SplitNNClient - INFO - 8336 - phase=train acc=0.5392578125 loss=101.63863265514374 epoch=11 and step=80
2026-04-16 23:59:05,907 - SplitNNClient - INFO - 8536 - phase=train acc=0.55771484375 loss=98.03733766078949 epoch=11 and step=80
2026-04-16 23:59:08,327 - SplitNNClient - INFO - 23624 - phase=train acc=0.5417534722222223 loss=113.26158559322357 epoch=11 and step=90
2026-04-16 23:59:08,404 - SplitNNClient - INFO - 8336 - phase=train acc=0.5422743055555556 loss=113.83520340919495 epoch=11 and step=90
2026-04-16 23:59:08,450 - SplitNNClient - INFO - 8536 - phase=train acc=0.5576388888888889 loss=110.25934708118439 epoch=11 and step=90
2026-04-16 23:59:10,772 - SplitNNClient - INFO - 23624 - phase=train acc=0.540234375 loss=125.64913761615753 epoch=11 and step=100
2026-04-16 23:59:10,881 - SplitNNClient - INFO - 8336 - phase=train acc=0.545 loss=126.12084186077118 epoch=11 and step=100
2026-04-16 23:59:10,959 - SplitNNClient - INFO - 8536 - phase=train acc=0.556484375 loss=122.75033235549927 epoch=11 and step=100
2026-04-16 23:59:13,507 - SplitNNClient - INFO - 23624 - phase=train acc=0.5409801136363637 loss=138.23728799819946 epoch=11 and step=110
2026-04-16 23:59:13,578 - SplitNNClient - INFO - 8336 - phase=train acc=0.5458096590909091 loss=138.11332738399506 epoch=11 and step=110
2026-04-16 23:59:13,631 - SplitNNClient - INFO - 8536 - phase=train acc=0.5557528409090909 loss=135.09369564056396 epoch=11 and step=110
2026-04-16 23:59:15,933 - SplitNNClient - INFO - 23624 - phase=train acc=0.5418619791666667 loss=150.83367693424225 epoch=11 and step=120
2026-04-16 23:59:16,039 - SplitNNClient - INFO - 8336 - phase=train acc=0.5458984375 loss=150.51240193843842 epoch=11 and step=120
2026-04-16 23:59:16,085 - SplitNNClient - INFO - 8536 - phase=train acc=0.5555338541666667 loss=147.68158841133118 epoch=11 and step=120
2026-04-16 23:59:18,388 - SplitNNClient - INFO - 23624 - phase=train acc=0.5434495192307692 loss=163.06489670276642 epoch=11 and step=130
2026-04-16 23:59:18,576 - SplitNNClient - INFO - 8336 - phase=train acc=0.5475360576923077 loss=162.45548117160797 epoch=11 and step=130
2026-04-16 23:59:18,680 - SplitNNClient - INFO - 8536 - phase=train acc=0.5563701923076924 loss=159.86052072048187 epoch=11 and step=130
2026-04-16 23:59:18,740 - FedServerManager - INFO - 24456 - get all model params ---- from rank fed_server
2026-04-16 23:59:30,294 - SplitNNClient - INFO - 8336 - phase=validation acc=0.6382 loss=79.03936290740967 epoch=11 and step=79
2026-04-16 23:59:30,355 - SplitNNClient - INFO - 8536 - phase=validation acc=0.6382 loss=79.03936290740967 epoch=11 and step=79
2026-04-16 23:59:30,681 - SplitNNClient - INFO - 23624 - phase=validation acc=0.6382 loss=79.03936290740967 epoch=11 and step=79
2026-04-16 23:59:33,176 - SplitNNClient - INFO - 23624 - phase=train acc=0.5671875 loss=12.11532723903656 epoch=12 and step=10
2026-04-16 23:59:33,282 - SplitNNClient - INFO - 8536 - phase=train acc=0.5828125 loss=11.404409766197205 epoch=12 and step=10
2026-04-16 23:59:33,330 - SplitNNClient - INFO - 8336 - phase=train acc=0.55 loss=12.12116289138794 epoch=12 and step=10
2026-04-16 23:59:35,537 - SplitNNClient - INFO - 23624 - phase=train acc=0.572265625 loss=24.224326848983765 epoch=12 and step=20
2026-04-16 23:59:35,605 - SplitNNClient - INFO - 8536 - phase=train acc=0.582421875 loss=22.926961183547974 epoch=12 and step=20
2026-04-16 23:59:35,679 - SplitNNClient - INFO - 8336 - phase=train acc=0.5609375 loss=24.076172828674316 epoch=12 and step=20
2026-04-16 23:59:37,854 - SplitNNClient - INFO - 23624 - phase=train acc=0.5713541666666667 loss=36.3562046289444 epoch=12 and step=30
2026-04-16 23:59:37,955 - SplitNNClient - INFO - 8536 - phase=train acc=0.57265625 loss=35.0007129907608 epoch=12 and step=30
2026-04-16 23:59:38,024 - SplitNNClient - INFO - 8336 - phase=train acc=0.5658854166666667 loss=35.77410078048706 epoch=12 and step=30
2026-04-16 23:59:40,245 - SplitNNClient - INFO - 23624 - phase=train acc=0.56953125 loss=48.347738206386566 epoch=12 and step=40
2026-04-16 23:59:40,353 - SplitNNClient - INFO - 8536 - phase=train acc=0.574609375 loss=46.31061327457428 epoch=12 and step=40
2026-04-16 23:59:40,401 - SplitNNClient - INFO - 8336 - phase=train acc=0.56640625 loss=47.959065198898315 epoch=12 and step=40
2026-04-16 23:59:42,677 - SplitNNClient - INFO - 23624 - phase=train acc=0.5603125 loss=60.99680179357529 epoch=12 and step=50
2026-04-16 23:59:42,782 - SplitNNClient - INFO - 8336 - phase=train acc=0.5675 loss=60.010491371154785 epoch=12 and step=50
2026-04-16 23:59:42,826 - SplitNNClient - INFO - 8536 - phase=train acc=0.56875 loss=58.64936542510986 epoch=12 and step=50
2026-04-16 23:59:45,202 - SplitNNClient - INFO - 23624 - phase=train acc=0.5576822916666667 loss=73.6407441496849 epoch=12 and step=60
2026-04-16 23:59:45,309 - SplitNNClient - INFO - 8336 - phase=train acc=0.5669270833333333 loss=71.85913062095642 epoch=12 and step=60
2026-04-16 23:59:45,387 - SplitNNClient - INFO - 8536 - phase=train acc=0.5704427083333333 loss=70.41992449760437 epoch=12 and step=60
2026-04-16 23:59:47,704 - SplitNNClient - INFO - 23624 - phase=train acc=0.5590401785714286 loss=85.47188085317612 epoch=12 and step=70
2026-04-16 23:59:47,785 - SplitNNClient - INFO - 8336 - phase=train acc=0.5659598214285714 loss=84.22560036182404 epoch=12 and step=70
2026-04-16 23:59:47,887 - SplitNNClient - INFO - 8536 - phase=train acc=0.5694196428571429 loss=82.17366373538971 epoch=12 and step=70
2026-04-16 23:59:50,370 - SplitNNClient - INFO - 23624 - phase=train acc=0.562109375 loss=97.11023980379105 epoch=12 and step=80
2026-04-16 23:59:50,415 - SplitNNClient - INFO - 8336 - phase=train acc=0.5662109375 loss=96.32702434062958 epoch=12 and step=80
2026-04-16 23:59:50,516 - SplitNNClient - INFO - 8536 - phase=train acc=0.5673828125 loss=94.30764973163605 epoch=12 and step=80
2026-04-16 23:59:52,785 - SplitNNClient - INFO - 23624 - phase=train acc=0.5654513888888889 loss=108.43419396877289 epoch=12 and step=90
2026-04-16 23:59:52,899 - SplitNNClient - INFO - 8536 - phase=train acc=0.5677951388888889 loss=106.02216637134552 epoch=12 and step=90
2026-04-16 23:59:52,968 - SplitNNClient - INFO - 8336 - phase=train acc=0.5677083333333334 loss=108.07066512107849 epoch=12 and step=90
2026-04-16 23:59:55,380 - SplitNNClient - INFO - 23624 - phase=train acc=0.56484375 loss=120.27529454231262 epoch=12 and step=100
2026-04-16 23:59:55,489 - SplitNNClient - INFO - 8536 - phase=train acc=0.569765625 loss=117.58448624610901 epoch=12 and step=100
2026-04-16 23:59:55,562 - SplitNNClient - INFO - 8336 - phase=train acc=0.568828125 loss=119.62128698825836 epoch=12 and step=100
2026-04-16 23:59:57,873 - SplitNNClient - INFO - 23624 - phase=train acc=0.5615767045454545 loss=133.22349095344543 epoch=12 and step=110
2026-04-16 23:59:58,012 - SplitNNClient - INFO - 8536 - phase=train acc=0.567684659090909 loss=130.07890856266022 epoch=12 and step=110
2026-04-16 23:59:58,084 - SplitNNClient - INFO - 8336 - phase=train acc=0.5675426136363636 loss=132.18262362480164 epoch=12 and step=110
2026-04-17 00:00:00,545 - SplitNNClient - INFO - 23624 - phase=train acc=0.5607421875 loss=145.22863841056824 epoch=12 and step=120
2026-04-17 00:00:00,754 - SplitNNClient - INFO - 8536 - phase=train acc=0.5672526041666667 loss=141.9974490404129 epoch=12 and step=120
2026-04-17 00:00:00,800 - SplitNNClient - INFO - 8336 - phase=train acc=0.5665364583333333 loss=143.76397955417633 epoch=12 and step=120
2026-04-17 00:00:03,080 - SplitNNClient - INFO - 23624 - phase=train acc=0.5610576923076923 loss=157.44063460826874 epoch=12 and step=130
2026-04-17 00:00:03,134 - SplitNNClient - INFO - 8536 - phase=train acc=0.5677884615384615 loss=153.83315360546112 epoch=12 and step=130
2026-04-17 00:00:03,238 - SplitNNClient - INFO - 8336 - phase=train acc=0.5660456730769231 loss=155.80305171012878 epoch=12 and step=130
2026-04-17 00:00:03,291 - FedServerManager - INFO - 24456 - get all model params ---- from rank fed_server
2026-04-17 00:00:14,805 - SplitNNClient - INFO - 23624 - phase=validation acc=0.6518 loss=76.61268925666809 epoch=12 and step=79
2026-04-17 00:00:14,867 - SplitNNClient - INFO - 8336 - phase=validation acc=0.6518 loss=76.61268925666809 epoch=12 and step=79
2026-04-17 00:00:14,901 - SplitNNClient - INFO - 8536 - phase=validation acc=0.6518 loss=76.61268925666809 epoch=12 and step=79
2026-04-17 00:00:17,424 - SplitNNClient - INFO - 8336 - phase=train acc=0.58046875 loss=11.47439956665039 epoch=13 and step=10
2026-04-17 00:00:17,505 - SplitNNClient - INFO - 23624 - phase=train acc=0.584375 loss=11.43941581249237 epoch=13 and step=10
2026-04-17 00:00:17,639 - SplitNNClient - INFO - 8536 - phase=train acc=0.62109375 loss=10.95027095079422 epoch=13 and step=10
2026-04-17 00:00:20,003 - SplitNNClient - INFO - 8336 - phase=train acc=0.574609375 loss=23.191367268562317 epoch=13 and step=20
2026-04-17 00:00:20,109 - SplitNNClient - INFO - 23624 - phase=train acc=0.581640625 loss=23.31621026992798 epoch=13 and step=20
2026-04-17 00:00:20,187 - SplitNNClient - INFO - 8536 - phase=train acc=0.612890625 loss=22.270881474018097 epoch=13 and step=20
2026-04-17 00:00:22,537 - SplitNNClient - INFO - 8336 - phase=train acc=0.584375 loss=34.610907673835754 epoch=13 and step=30
2026-04-17 00:00:22,609 - SplitNNClient - INFO - 8536 - phase=train acc=0.6041666666666666 loss=33.6999773979187 epoch=13 and step=30
2026-04-17 00:00:22,657 - SplitNNClient - INFO - 23624 - phase=train acc=0.5763020833333333 loss=35.32656478881836 epoch=13 and step=30
2026-04-17 00:00:25,078 - SplitNNClient - INFO - 8336 - phase=train acc=0.584375 loss=46.01266801357269 epoch=13 and step=40
2026-04-17 00:00:25,123 - SplitNNClient - INFO - 8536 - phase=train acc=0.59609375 loss=45.35341173410416 epoch=13 and step=40
2026-04-17 00:00:25,361 - SplitNNClient - INFO - 23624 - phase=train acc=0.577734375 loss=46.79263401031494 epoch=13 and step=40
2026-04-17 00:00:27,420 - SplitNNClient - INFO - 8336 - phase=train acc=0.58265625 loss=57.944231152534485 epoch=13 and step=50
2026-04-17 00:00:27,634 - SplitNNClient - INFO - 8536 - phase=train acc=0.591875 loss=57.073018968105316 epoch=13 and step=50
2026-04-17 00:00:27,841 - SplitNNClient - INFO - 23624 - phase=train acc=0.57671875 loss=58.62006413936615 epoch=13 and step=50
2026-04-17 00:00:29,871 - SplitNNClient - INFO - 8336 - phase=train acc=0.57734375 loss=70.11193251609802 epoch=13 and step=60
2026-04-17 00:00:30,060 - SplitNNClient - INFO - 8536 - phase=train acc=0.5891927083333334 loss=68.60492891073227 epoch=13 and step=60
2026-04-17 00:00:30,240 - SplitNNClient - INFO - 23624 - phase=train acc=0.578125 loss=69.97992610931396 epoch=13 and step=60
2026-04-17 00:00:32,460 - SplitNNClient - INFO - 8336 - phase=train acc=0.5806919642857142 loss=81.56914687156677 epoch=13 and step=70
2026-04-17 00:00:32,680 - SplitNNClient - INFO - 8536 - phase=train acc=0.5876116071428571 loss=80.33232563734055 epoch=13 and step=70
2026-04-17 00:00:32,830 - SplitNNClient - INFO - 23624 - phase=train acc=0.5762276785714285 loss=81.97070920467377 epoch=13 and step=70
2026-04-17 00:00:34,917 - SplitNNClient - INFO - 8336 - phase=train acc=0.5798828125 loss=93.30080771446228 epoch=13 and step=80
2026-04-17 00:00:35,073 - SplitNNClient - INFO - 8536 - phase=train acc=0.58818359375 loss=91.62573713064194 epoch=13 and step=80
2026-04-17 00:00:35,263 - SplitNNClient - INFO - 23624 - phase=train acc=0.5783203125 loss=93.45570695400238 epoch=13 and step=80
2026-04-17 00:00:37,303 - SplitNNClient - INFO - 8336 - phase=train acc=0.5802083333333333 loss=104.8389236330986 epoch=13 and step=90
2026-04-17 00:00:37,449 - SplitNNClient - INFO - 8536 - phase=train acc=0.5864583333333333 loss=103.34274286031723 epoch=13 and step=90
2026-04-17 00:00:37,631 - SplitNNClient - INFO - 23624 - phase=train acc=0.57734375 loss=105.21634590625763 epoch=13 and step=90
2026-04-17 00:00:39,783 - SplitNNClient - INFO - 8336 - phase=train acc=0.58078125 loss=116.46359127759933 epoch=13 and step=100
2026-04-17 00:00:39,965 - SplitNNClient - INFO - 8536 - phase=train acc=0.583125 loss=115.31849271059036 epoch=13 and step=100
2026-04-17 00:00:40,059 - SplitNNClient - INFO - 23624 - phase=train acc=0.57640625 loss=116.80746096372604 epoch=13 and step=100
2026-04-17 00:00:42,214 - SplitNNClient - INFO - 8336 - phase=train acc=0.5788352272727273 loss=128.6287960410118 epoch=13 and step=110
2026-04-17 00:00:42,394 - SplitNNClient - INFO - 8536 - phase=train acc=0.5838778409090909 loss=126.96102398633957 epoch=13 and step=110
2026-04-17 00:00:42,576 - SplitNNClient - INFO - 23624 - phase=train acc=0.5777698863636364 loss=128.4855107665062 epoch=13 and step=110
2026-04-17 00:00:44,655 - SplitNNClient - INFO - 8336 - phase=train acc=0.5776041666666667 loss=140.73271530866623 epoch=13 and step=120
2026-04-17 00:00:44,725 - SplitNNClient - INFO - 8536 - phase=train acc=0.5821614583333333 loss=138.67554050683975 epoch=13 and step=120
2026-04-17 00:00:45,055 - SplitNNClient - INFO - 23624 - phase=train acc=0.5774088541666667 loss=140.3196458220482 epoch=13 and step=120
2026-04-17 00:00:47,046 - SplitNNClient - INFO - 8336 - phase=train acc=0.5785456730769231 loss=152.12612318992615 epoch=13 and step=130
2026-04-17 00:00:47,123 - SplitNNClient - INFO - 8536 - phase=train acc=0.5838341346153846 loss=149.85202366113663 epoch=13 and step=130
2026-04-17 00:00:47,387 - SplitNNClient - INFO - 23624 - phase=train acc=0.5761418269230769 loss=152.49609595537186 epoch=13 and step=130
2026-04-17 00:00:47,469 - FedServerManager - INFO - 24456 - get all model params ---- from rank fed_server
2026-04-17 00:00:58,881 - SplitNNClient - INFO - 8336 - phase=validation acc=0.6575 loss=74.4932935833931 epoch=13 and step=79
2026-04-17 00:00:58,931 - SplitNNClient - INFO - 8536 - phase=validation acc=0.6575 loss=74.4932935833931 epoch=13 and step=79
2026-04-17 00:00:58,984 - SplitNNClient - INFO - 23624 - phase=validation acc=0.6575 loss=74.4932935833931 epoch=13 and step=79
2026-04-17 00:01:01,449 - SplitNNClient - INFO - 8536 - phase=train acc=0.64453125 loss=9.962177574634552 epoch=14 and step=10
2026-04-17 00:01:01,524 - SplitNNClient - INFO - 8336 - phase=train acc=0.6125 loss=11.04783022403717 epoch=14 and step=10
2026-04-17 00:01:01,594 - SplitNNClient - INFO - 23624 - phase=train acc=0.60234375 loss=11.139240682125092 epoch=14 and step=10
2026-04-17 00:01:03,834 - SplitNNClient - INFO - 8536 - phase=train acc=0.614453125 loss=21.348694145679474 epoch=14 and step=20
2026-04-17 00:01:03,882 - SplitNNClient - INFO - 8336 - phase=train acc=0.598046875 loss=22.424938797950745 epoch=14 and step=20
2026-04-17 00:01:04,017 - SplitNNClient - INFO - 23624 - phase=train acc=0.596875 loss=22.50185364484787 epoch=14 and step=20
2026-04-17 00:01:06,207 - SplitNNClient - INFO - 8536 - phase=train acc=0.6057291666666667 loss=32.94208174943924 epoch=14 and step=30
2026-04-17 00:01:06,308 - SplitNNClient - INFO - 8336 - phase=train acc=0.6026041666666667 loss=33.47867685556412 epoch=14 and step=30
2026-04-17 00:01:06,378 - SplitNNClient - INFO - 23624 - phase=train acc=0.596875 loss=33.528376281261444 epoch=14 and step=30
2026-04-17 00:01:08,716 - SplitNNClient - INFO - 8536 - phase=train acc=0.60078125 loss=44.340987503528595 epoch=14 and step=40
2026-04-17 00:01:08,793 - SplitNNClient - INFO - 8336 - phase=train acc=0.593359375 loss=45.437616884708405 epoch=14 and step=40
2026-04-17 00:01:08,844 - SplitNNClient - INFO - 23624 - phase=train acc=0.594921875 loss=45.002892196178436 epoch=14 and step=40
2026-04-17 00:01:11,079 - SplitNNClient - INFO - 8536 - phase=train acc=0.5978125 loss=55.50567215681076 epoch=14 and step=50
2026-04-17 00:01:11,153 - SplitNNClient - INFO - 8336 - phase=train acc=0.59484375 loss=56.831548511981964 epoch=14 and step=50
2026-04-17 00:01:11,291 - SplitNNClient - INFO - 23624 - phase=train acc=0.5903125 loss=56.865208864212036 epoch=14 and step=50
2026-04-17 00:01:13,618 - SplitNNClient - INFO - 8536 - phase=train acc=0.596484375 loss=66.81996577978134 epoch=14 and step=60
2026-04-17 00:01:13,693 - SplitNNClient - INFO - 8336 - phase=train acc=0.5930989583333334 loss=68.6693429350853 epoch=14 and step=60
2026-04-17 00:01:13,790 - SplitNNClient - INFO - 23624 - phase=train acc=0.5856770833333333 loss=68.53394889831543 epoch=14 and step=60
2026-04-17 00:01:16,036 - SplitNNClient - INFO - 8536 - phase=train acc=0.5941964285714286 loss=77.94298094511032 epoch=14 and step=70
2026-04-17 00:01:16,105 - SplitNNClient - INFO - 8336 - phase=train acc=0.5925223214285714 loss=80.13233786821365 epoch=14 and step=70
2026-04-17 00:01:16,203 - SplitNNClient - INFO - 23624 - phase=train acc=0.5901785714285714 loss=79.33187913894653 epoch=14 and step=70
2026-04-17 00:01:18,506 - SplitNNClient - INFO - 8536 - phase=train acc=0.59658203125 loss=89.07575088739395 epoch=14 and step=80
2026-04-17 00:01:18,556 - SplitNNClient - INFO - 8336 - phase=train acc=0.59306640625 loss=91.55594593286514 epoch=14 and step=80
2026-04-17 00:01:18,608 - SplitNNClient - INFO - 23624 - phase=train acc=0.59169921875 loss=90.69340044260025 epoch=14 and step=80
2026-04-17 00:01:20,840 - SplitNNClient - INFO - 8536 - phase=train acc=0.5962673611111111 loss=100.37651079893112 epoch=14 and step=90
2026-04-17 00:01:20,918 - SplitNNClient - INFO - 8336 - phase=train acc=0.5919270833333333 loss=102.75709384679794 epoch=14 and step=90
2026-04-17 00:01:21,019 - SplitNNClient - INFO - 23624 - phase=train acc=0.5907118055555556 loss=102.26370930671692 epoch=14 and step=90
2026-04-17 00:01:23,413 - SplitNNClient - INFO - 8536 - phase=train acc=0.5953125 loss=111.98041725158691 epoch=14 and step=100
2026-04-17 00:01:23,455 - SplitNNClient - INFO - 8336 - phase=train acc=0.5921875 loss=114.02706718444824 epoch=14 and step=100
2026-04-17 00:01:23,614 - SplitNNClient - INFO - 23624 - phase=train acc=0.59171875 loss=113.63097083568573 epoch=14 and step=100
2026-04-17 00:01:25,750 - SplitNNClient - INFO - 8536 - phase=train acc=0.5980113636363636 loss=122.63961642980576 epoch=14 and step=110
2026-04-17 00:01:25,874 - SplitNNClient - INFO - 8336 - phase=train acc=0.5935369318181818 loss=124.85123312473297 epoch=14 and step=110
2026-04-17 00:01:26,157 - SplitNNClient - INFO - 23624 - phase=train acc=0.5899147727272728 loss=125.49819242954254 epoch=14 and step=110
2026-04-17 00:01:28,112 - SplitNNClient - INFO - 8536 - phase=train acc=0.5994791666666667 loss=133.62611943483353 epoch=14 and step=120
2026-04-17 00:01:28,400 - SplitNNClient - INFO - 8336 - phase=train acc=0.5955078125 loss=135.9250082373619 epoch=14 and step=120
2026-04-17 00:01:28,474 - SplitNNClient - INFO - 23624 - phase=train acc=0.5920572916666667 loss=136.06275248527527 epoch=14 and step=120
2026-04-17 00:01:30,479 - SplitNNClient - INFO - 8536 - phase=train acc=0.6002403846153846 loss=144.65608543157578 epoch=14 and step=130
2026-04-17 00:01:30,706 - SplitNNClient - INFO - 8336 - phase=train acc=0.5950120192307692 loss=147.53395646810532 epoch=14 and step=130
2026-04-17 00:01:30,842 - SplitNNClient - INFO - 23624 - phase=train acc=0.5902644230769231 loss=147.61345541477203 epoch=14 and step=130
2026-04-17 00:01:30,902 - FedServerManager - INFO - 24456 - get all model params ---- from rank fed_server
2026-04-17 00:01:42,308 - SplitNNClient - INFO - 8336 - phase=validation acc=0.6747 loss=71.81711918115616 epoch=14 and step=79
2026-04-17 00:01:42,346 - SplitNNClient - INFO - 8536 - phase=validation acc=0.6747 loss=71.81711918115616 epoch=14 and step=79
2026-04-17 00:01:42,391 - SplitNNClient - INFO - 23624 - phase=validation acc=0.6747 loss=71.81711918115616 epoch=14 and step=79
2026-04-17 00:01:44,831 - SplitNNClient - INFO - 8336 - phase=train acc=0.61640625 loss=10.732208251953125 epoch=15 and step=10
2026-04-17 00:01:44,907 - SplitNNClient - INFO - 8536 - phase=train acc=0.62109375 loss=10.78957986831665 epoch=15 and step=10
2026-04-17 00:01:45,047 - SplitNNClient - INFO - 23624 - phase=train acc=0.61640625 loss=10.927610158920288 epoch=15 and step=10
2026-04-17 00:01:47,404 - SplitNNClient - INFO - 8336 - phase=train acc=0.60625 loss=22.016841769218445 epoch=15 and step=20
2026-04-17 00:01:47,484 - SplitNNClient - INFO - 8536 - phase=train acc=0.618359375 loss=21.339375734329224 epoch=15 and step=20
2026-04-17 00:01:47,587 - SplitNNClient - INFO - 23624 - phase=train acc=0.6015625 loss=22.609670162200928 epoch=15 and step=20
2026-04-17 00:01:49,841 - SplitNNClient - INFO - 8536 - phase=train acc=0.61875 loss=31.535366475582123 epoch=15 and step=30
2026-04-17 00:01:49,890 - SplitNNClient - INFO - 8336 - phase=train acc=0.6130208333333333 loss=32.46057444810867 epoch=15 and step=30
2026-04-17 00:01:50,021 - SplitNNClient - INFO - 23624 - phase=train acc=0.60390625 loss=33.46785855293274 epoch=15 and step=30
2026-04-17 00:01:52,228 - SplitNNClient - INFO - 8536 - phase=train acc=0.610546875 loss=42.69923800230026 epoch=15 and step=40
2026-04-17 00:01:52,331 - SplitNNClient - INFO - 8336 - phase=train acc=0.6087890625 loss=43.30721873044968 epoch=15 and step=40
2026-04-17 00:01:52,436 - SplitNNClient - INFO - 23624 - phase=train acc=0.603515625 loss=44.62358856201172 epoch=15 and step=40
2026-04-17 00:01:54,690 - SplitNNClient - INFO - 8536 - phase=train acc=0.60875 loss=53.61314481496811 epoch=15 and step=50
2026-04-17 00:01:54,766 - SplitNNClient - INFO - 8336 - phase=train acc=0.60734375 loss=54.38339227437973 epoch=15 and step=50
2026-04-17 00:01:54,872 - SplitNNClient - INFO - 23624 - phase=train acc=0.60296875 loss=55.953696727752686 epoch=15 and step=50
2026-04-17 00:01:57,120 - SplitNNClient - INFO - 8536 - phase=train acc=0.6125 loss=64.2736097574234 epoch=15 and step=60
2026-04-17 00:01:57,222 - SplitNNClient - INFO - 8336 - phase=train acc=0.6080729166666666 loss=65.40650349855423 epoch=15 and step=60
2026-04-17 00:01:57,297 - SplitNNClient - INFO - 23624 - phase=train acc=0.6044270833333333 loss=66.84308129549026 epoch=15 and step=60
2026-04-17 00:01:59,549 - SplitNNClient - INFO - 8536 - phase=train acc=0.6092633928571428 loss=75.51753854751587 epoch=15 and step=70
2026-04-17 00:01:59,598 - SplitNNClient - INFO - 8336 - phase=train acc=0.6092633928571428 loss=75.92274904251099 epoch=15 and step=70
2026-04-17 00:01:59,706 - SplitNNClient - INFO - 23624 - phase=train acc=0.6043526785714286 loss=77.6445888876915 epoch=15 and step=70
2026-04-17 00:02:01,916 - SplitNNClient - INFO - 8536 - phase=train acc=0.608203125 loss=86.66799712181091 epoch=15 and step=80
2026-04-17 00:02:01,938 - SplitNNClient - INFO - 8336 - phase=train acc=0.6119140625 loss=86.19067913293839 epoch=15 and step=80
2026-04-17 00:02:02,073 - SplitNNClient - INFO - 23624 - phase=train acc=0.6033203125 loss=89.15898555517197 epoch=15 and step=80
2026-04-17 00:02:04,258 - SplitNNClient - INFO - 8536 - phase=train acc=0.6081597222222223 loss=97.72255563735962 epoch=15 and step=90
2026-04-17 00:02:04,362 - SplitNNClient - INFO - 8336 - phase=train acc=0.6111111111111112 loss=97.378388941288 epoch=15 and step=90
2026-04-17 00:02:04,440 - SplitNNClient - INFO - 23624 - phase=train acc=0.6034722222222222 loss=99.75640791654587 epoch=15 and step=90
2026-04-17 00:02:06,661 - SplitNNClient - INFO - 8536 - phase=train acc=0.608203125 loss=108.55256569385529 epoch=15 and step=100
2026-04-17 00:02:06,737 - SplitNNClient - INFO - 8336 - phase=train acc=0.60875 loss=108.46693992614746 epoch=15 and step=100
2026-04-17 00:02:06,812 - SplitNNClient - INFO - 23624 - phase=train acc=0.60421875 loss=110.61372077465057 epoch=15 and step=100
2026-04-17 00:02:09,139 - SplitNNClient - INFO - 8536 - phase=train acc=0.6100852272727273 loss=118.78441619873047 epoch=15 and step=110
2026-04-17 00:02:09,218 - SplitNNClient - INFO - 8336 - phase=train acc=0.6087357954545455 loss=119.18191087245941 epoch=15 and step=110
2026-04-17 00:02:09,269 - SplitNNClient - INFO - 23624 - phase=train acc=0.6029829545454546 loss=121.85104417800903 epoch=15 and step=110
2026-04-17 00:02:11,456 - SplitNNClient - INFO - 8536 - phase=train acc=0.6122395833333333 loss=129.74931359291077 epoch=15 and step=120
2026-04-17 00:02:11,507 - SplitNNClient - INFO - 8336 - phase=train acc=0.60703125 loss=130.26457184553146 epoch=15 and step=120
2026-04-17 00:02:11,590 - SplitNNClient - INFO - 23624 - phase=train acc=0.6013020833333333 loss=133.26486045122147 epoch=15 and step=120
2026-04-17 00:02:13,918 - SplitNNClient - INFO - 8536 - phase=train acc=0.6125600961538461 loss=140.76025211811066 epoch=15 and step=130
2026-04-17 00:02:13,963 - SplitNNClient - INFO - 8336 - phase=train acc=0.6063100961538461 loss=141.16075140237808 epoch=15 and step=130
2026-04-17 00:02:14,035 - SplitNNClient - INFO - 23624 - phase=train acc=0.6015024038461538 loss=144.35330122709274 epoch=15 and step=130
2026-04-17 00:02:14,112 - FedServerManager - INFO - 24456 - get all model params ---- from rank fed_server
2026-04-17 00:02:25,438 - SplitNNClient - INFO - 8536 - phase=validation acc=0.6902 loss=67.97512328624725 epoch=15 and step=79
2026-04-17 00:02:25,489 - SplitNNClient - INFO - 8336 - phase=validation acc=0.6902 loss=67.97512328624725 epoch=15 and step=79
2026-04-17 00:02:25,537 - SplitNNClient - INFO - 23624 - phase=validation acc=0.6902 loss=67.97512328624725 epoch=15 and step=79
2026-04-17 00:02:27,977 - SplitNNClient - INFO - 8336 - phase=train acc=0.625 loss=10.309260368347168 epoch=16 and step=10
2026-04-17 00:02:28,054 - SplitNNClient - INFO - 8536 - phase=train acc=0.65859375 loss=9.783860981464386 epoch=16 and step=10
2026-04-17 00:02:28,104 - SplitNNClient - INFO - 23624 - phase=train acc=0.6140625 loss=10.567484378814697 epoch=16 and step=10
2026-04-17 00:02:30,454 - SplitNNClient - INFO - 8336 - phase=train acc=0.619921875 loss=20.903076708316803 epoch=16 and step=20
2026-04-17 00:02:30,556 - SplitNNClient - INFO - 8536 - phase=train acc=0.625 loss=20.768289923667908 epoch=16 and step=20
2026-04-17 00:02:30,626 - SplitNNClient - INFO - 23624 - phase=train acc=0.61484375 loss=21.48565983772278 epoch=16 and step=20
2026-04-17 00:02:32,914 - SplitNNClient - INFO - 8336 - phase=train acc=0.6236979166666666 loss=31.332053422927856 epoch=16 and step=30
2026-04-17 00:02:33,107 - SplitNNClient - INFO - 8536 - phase=train acc=0.6205729166666667 loss=31.440990328788757 epoch=16 and step=30
2026-04-17 00:02:33,198 - SplitNNClient - INFO - 23624 - phase=train acc=0.6078125 loss=32.59405303001404 epoch=16 and step=30
2026-04-17 00:02:35,359 - SplitNNClient - INFO - 8336 - phase=train acc=0.62421875 loss=41.91828852891922 epoch=16 and step=40
2026-04-17 00:02:35,548 - SplitNNClient - INFO - 8536 - phase=train acc=0.61875 loss=42.43038445711136 epoch=16 and step=40
2026-04-17 00:02:35,751 - SplitNNClient - INFO - 23624 - phase=train acc=0.605859375 loss=43.60993564128876 epoch=16 and step=40
2026-04-17 00:02:37,811 - SplitNNClient - INFO - 8336 - phase=train acc=0.6196875 loss=52.88382536172867 epoch=16 and step=50
2026-04-17 00:02:37,967 - SplitNNClient - INFO - 8536 - phase=train acc=0.62078125 loss=52.531426548957825 epoch=16 and step=50
2026-04-17 00:02:38,170 - SplitNNClient - INFO - 23624 - phase=train acc=0.61 loss=54.29071635007858 epoch=16 and step=50
2026-04-17 00:02:40,223 - SplitNNClient - INFO - 8336 - phase=train acc=0.619921875 loss=63.67154282331467 epoch=16 and step=60
2026-04-17 00:02:40,293 - SplitNNClient - INFO - 8536 - phase=train acc=0.6205729166666667 loss=63.188547015190125 epoch=16 and step=60
2026-04-17 00:02:40,606 - SplitNNClient - INFO - 23624 - phase=train acc=0.6134114583333333 loss=64.70435863733292 epoch=16 and step=60
2026-04-17 00:02:42,588 - SplitNNClient - INFO - 8336 - phase=train acc=0.6200892857142857 loss=73.97950738668442 epoch=16 and step=70
2026-04-17 00:02:42,661 - SplitNNClient - INFO - 8536 - phase=train acc=0.6212053571428572 loss=73.84956508874893 epoch=16 and step=70
2026-04-17 00:02:43,022 - SplitNNClient - INFO - 23624 - phase=train acc=0.6140625 loss=75.29643768072128 epoch=16 and step=70
2026-04-17 00:02:45,094 - SplitNNClient - INFO - 8336 - phase=train acc=0.62060546875 loss=84.50842303037643 epoch=16 and step=80
2026-04-17 00:02:45,167 - SplitNNClient - INFO - 8536 - phase=train acc=0.6208984375 loss=84.54924488067627 epoch=16 and step=80
2026-04-17 00:02:45,501 - SplitNNClient - INFO - 23624 - phase=train acc=0.61494140625 loss=85.97795474529266 epoch=16 and step=80
2026-04-17 00:02:47,474 - SplitNNClient - INFO - 8336 - phase=train acc=0.6181423611111111 loss=95.59167385101318 epoch=16 and step=90
2026-04-17 00:02:47,582 - SplitNNClient - INFO - 8536 - phase=train acc=0.6210069444444445 loss=95.11809986829758 epoch=16 and step=90
2026-04-17 00:02:47,864 - SplitNNClient - INFO - 23624 - phase=train acc=0.6172743055555555 loss=96.67482894659042 epoch=16 and step=90
2026-04-17 00:02:49,867 - SplitNNClient - INFO - 8336 - phase=train acc=0.615390625 loss=106.93456029891968 epoch=16 and step=100
2026-04-17 00:02:49,997 - SplitNNClient - INFO - 8536 - phase=train acc=0.62 loss=105.8212885260582 epoch=16 and step=100
2026-04-17 00:02:50,411 - SplitNNClient - INFO - 23624 - phase=train acc=0.618203125 loss=106.98780810832977 epoch=16 and step=100
2026-04-17 00:02:52,279 - SplitNNClient - INFO - 8336 - phase=train acc=0.6164772727272727 loss=117.37867575883865 epoch=16 and step=110
2026-04-17 00:02:52,459 - SplitNNClient - INFO - 8536 - phase=train acc=0.6191051136363637 loss=116.39680278301239 epoch=16 and step=110
2026-04-17 00:02:52,939 - SplitNNClient - INFO - 23624 - phase=train acc=0.6170454545454546 loss=117.83101725578308 epoch=16 and step=110
2026-04-17 00:02:54,917 - SplitNNClient - INFO - 8336 - phase=train acc=0.6169921875 loss=128.3630455136299 epoch=16 and step=120
2026-04-17 00:02:55,090 - SplitNNClient - INFO - 8536 - phase=train acc=0.6217447916666666 loss=126.4890187382698 epoch=16 and step=120
2026-04-17 00:02:55,530 - SplitNNClient - INFO - 23624 - phase=train acc=0.6166015625 loss=128.83404314517975 epoch=16 and step=120
2026-04-17 00:02:57,367 - SplitNNClient - INFO - 8336 - phase=train acc=0.6169471153846153 loss=138.62786638736725 epoch=16 and step=130
2026-04-17 00:02:57,515 - SplitNNClient - INFO - 8536 - phase=train acc=0.622235576923077 loss=137.08222937583923 epoch=16 and step=130
2026-04-17 00:02:57,870 - SplitNNClient - INFO - 23624 - phase=train acc=0.6161658653846154 loss=139.7237530350685 epoch=16 and step=130
2026-04-17 00:02:57,947 - FedServerManager - INFO - 24456 - get all model params ---- from rank fed_server
2026-04-17 00:03:09,452 - SplitNNClient - INFO - 8336 - phase=validation acc=0.6973 loss=66.85207039117813 epoch=16 and step=79
2026-04-17 00:03:09,546 - SplitNNClient - INFO - 8536 - phase=validation acc=0.6973 loss=66.85207039117813 epoch=16 and step=79
2026-04-17 00:03:09,650 - SplitNNClient - INFO - 23624 - phase=validation acc=0.6973 loss=66.85207039117813 epoch=16 and step=79
2026-04-17 00:03:12,185 - SplitNNClient - INFO - 8336 - phase=train acc=0.63125 loss=10.424316227436066 epoch=17 and step=10
2026-04-17 00:03:12,292 - SplitNNClient - INFO - 8536 - phase=train acc=0.65078125 loss=9.540007710456848 epoch=17 and step=10
2026-04-17 00:03:12,368 - SplitNNClient - INFO - 23624 - phase=train acc=0.646875 loss=9.732159972190857 epoch=17 and step=10
2026-04-17 00:03:14,770 - SplitNNClient - INFO - 8336 - phase=train acc=0.62578125 loss=20.787728309631348 epoch=17 and step=20
2026-04-17 00:03:14,821 - SplitNNClient - INFO - 8536 - phase=train acc=0.648046875 loss=19.726276397705078 epoch=17 and step=20
2026-04-17 00:03:14,928 - SplitNNClient - INFO - 23624 - phase=train acc=0.634375 loss=20.18492752313614 epoch=17 and step=20
2026-04-17 00:03:17,274 - SplitNNClient - INFO - 8336 - phase=train acc=0.62734375 loss=31.323931455612183 epoch=17 and step=30
2026-04-17 00:03:17,319 - SplitNNClient - INFO - 8536 - phase=train acc=0.6432291666666666 loss=30.015154123306274 epoch=17 and step=30
2026-04-17 00:03:17,451 - SplitNNClient - INFO - 23624 - phase=train acc=0.6322916666666667 loss=30.523291528224945 epoch=17 and step=30
2026-04-17 00:03:19,768 - SplitNNClient - INFO - 8336 - phase=train acc=0.630078125 loss=41.31873071193695 epoch=17 and step=40
2026-04-17 00:03:19,844 - SplitNNClient - INFO - 8536 - phase=train acc=0.6421875 loss=40.369649171829224 epoch=17 and step=40
2026-04-17 00:03:19,977 - SplitNNClient - INFO - 23624 - phase=train acc=0.6306640625 loss=41.107707142829895 epoch=17 and step=40
2026-04-17 00:03:22,309 - SplitNNClient - INFO - 8336 - phase=train acc=0.62921875 loss=51.647235333919525 epoch=17 and step=50
2026-04-17 00:03:22,418 - SplitNNClient - INFO - 8536 - phase=train acc=0.64359375 loss=50.46328163146973 epoch=17 and step=50
2026-04-17 00:03:22,498 - SplitNNClient - INFO - 23624 - phase=train acc=0.62890625 loss=51.786058723926544 epoch=17 and step=50
2026-04-17 00:03:24,847 - SplitNNClient - INFO - 8336 - phase=train acc=0.6317708333333333 loss=61.65744608640671 epoch=17 and step=60
2026-04-17 00:03:24,957 - SplitNNClient - INFO - 8536 - phase=train acc=0.6399739583333334 loss=60.90305608510971 epoch=17 and step=60
2026-04-17 00:03:25,028 - SplitNNClient - INFO - 23624 - phase=train acc=0.6255208333333333 loss=62.82082962989807 epoch=17 and step=60
2026-04-17 00:03:27,337 - SplitNNClient - INFO - 8336 - phase=train acc=0.62890625 loss=72.50246250629425 epoch=17 and step=70
2026-04-17 00:03:27,474 - SplitNNClient - INFO - 8536 - phase=train acc=0.6424107142857143 loss=70.76294910907745 epoch=17 and step=70
2026-04-17 00:03:27,549 - SplitNNClient - INFO - 23624 - phase=train acc=0.625 loss=73.65870410203934 epoch=17 and step=70
2026-04-17 00:03:29,861 - SplitNNClient - INFO - 8336 - phase=train acc=0.6279296875 loss=82.93447804450989 epoch=17 and step=80
2026-04-17 00:03:29,933 - SplitNNClient - INFO - 8536 - phase=train acc=0.64453125 loss=80.35542380809784 epoch=17 and step=80
2026-04-17 00:03:30,045 - SplitNNClient - INFO - 23624 - phase=train acc=0.62431640625 loss=84.12941926717758 epoch=17 and step=80
2026-04-17 00:03:32,277 - SplitNNClient - INFO - 8336 - phase=train acc=0.6275173611111111 loss=93.29630696773529 epoch=17 and step=90
2026-04-17 00:03:32,465 - SplitNNClient - INFO - 8536 - phase=train acc=0.6416666666666667 loss=90.73078173398972 epoch=17 and step=90
2026-04-17 00:03:32,560 - SplitNNClient - INFO - 23624 - phase=train acc=0.6245659722222222 loss=94.85489600896835 epoch=17 and step=90
2026-04-17 00:03:34,739 - SplitNNClient - INFO - 8336 - phase=train acc=0.629296875 loss=103.43290317058563 epoch=17 and step=100
2026-04-17 00:03:34,859 - SplitNNClient - INFO - 8536 - phase=train acc=0.6396875 loss=101.444868683815 epoch=17 and step=100
2026-04-17 00:03:35,035 - SplitNNClient - INFO - 23624 - phase=train acc=0.62546875 loss=105.2298932671547 epoch=17 and step=100
2026-04-17 00:03:37,089 - SplitNNClient - INFO - 8336 - phase=train acc=0.6299715909090909 loss=114.31989240646362 epoch=17 and step=110
2026-04-17 00:03:37,293 - SplitNNClient - INFO - 8536 - phase=train acc=0.6362926136363637 loss=112.54470300674438 epoch=17 and step=110
2026-04-17 00:03:37,407 - SplitNNClient - INFO - 23624 - phase=train acc=0.6254971590909091 loss=115.85728758573532 epoch=17 and step=110
2026-04-17 00:03:39,471 - SplitNNClient - INFO - 8336 - phase=train acc=0.6299479166666667 loss=124.9180953502655 epoch=17 and step=120
2026-04-17 00:03:39,626 - SplitNNClient - INFO - 8536 - phase=train acc=0.6352213541666667 loss=122.80171465873718 epoch=17 and step=120
2026-04-17 00:03:39,776 - SplitNNClient - INFO - 23624 - phase=train acc=0.6266927083333333 loss=125.93474245071411 epoch=17 and step=120
2026-04-17 00:03:41,866 - SplitNNClient - INFO - 8336 - phase=train acc=0.6299879807692308 loss=135.44172698259354 epoch=17 and step=130
2026-04-17 00:03:42,022 - SplitNNClient - INFO - 8536 - phase=train acc=0.6356370192307692 loss=133.14821064472198 epoch=17 and step=130
2026-04-17 00:03:42,093 - SplitNNClient - INFO - 23624 - phase=train acc=0.6271634615384616 loss=136.248005092144 epoch=17 and step=130
2026-04-17 00:03:42,166 - FedServerManager - INFO - 24456 - get all model params ---- from rank fed_server
2026-04-17 00:03:53,675 - SplitNNClient - INFO - 23624 - phase=validation acc=0.715 loss=64.2739075422287 epoch=17 and step=79
2026-04-17 00:03:53,731 - SplitNNClient - INFO - 8536 - phase=validation acc=0.715 loss=64.2739075422287 epoch=17 and step=79
2026-04-17 00:03:53,771 - SplitNNClient - INFO - 8336 - phase=validation acc=0.715 loss=64.2739075422287 epoch=17 and step=79
2026-04-17 00:03:56,101 - SplitNNClient - INFO - 8536 - phase=train acc=0.66796875 loss=9.196549475193024 epoch=18 and step=10
2026-04-17 00:03:56,179 - SplitNNClient - INFO - 8336 - phase=train acc=0.64375 loss=9.880523264408112 epoch=18 and step=10
2026-04-17 00:03:56,285 - SplitNNClient - INFO - 23624 - phase=train acc=0.6375 loss=9.86630493402481 epoch=18 and step=10
2026-04-17 00:03:58,505 - SplitNNClient - INFO - 8536 - phase=train acc=0.664453125 loss=18.549296498298645 epoch=18 and step=20
2026-04-17 00:03:58,583 - SplitNNClient - INFO - 8336 - phase=train acc=0.640625 loss=20.000576972961426 epoch=18 and step=20
2026-04-17 00:03:58,664 - SplitNNClient - INFO - 23624 - phase=train acc=0.64453125 loss=19.905124008655548 epoch=18 and step=20
2026-04-17 00:04:00,860 - SplitNNClient - INFO - 8536 - phase=train acc=0.6567708333333333 loss=28.374238073825836 epoch=18 and step=30
2026-04-17 00:04:01,025 - SplitNNClient - INFO - 8336 - phase=train acc=0.6356770833333333 loss=30.395183324813843 epoch=18 and step=30
2026-04-17 00:04:01,072 - SplitNNClient - INFO - 23624 - phase=train acc=0.6494791666666667 loss=29.703388810157776 epoch=18 and step=30
2026-04-17 00:04:03,298 - SplitNNClient - INFO - 8536 - phase=train acc=0.6529296875 loss=38.806218802928925 epoch=18 and step=40
2026-04-17 00:04:03,371 - SplitNNClient - INFO - 8336 - phase=train acc=0.6396484375 loss=40.330987215042114 epoch=18 and step=40
2026-04-17 00:04:03,481 - SplitNNClient - INFO - 23624 - phase=train acc=0.646875 loss=39.927878856658936 epoch=18 and step=40
2026-04-17 00:04:05,903 - SplitNNClient - INFO - 8536 - phase=train acc=0.6525 loss=48.558969259262085 epoch=18 and step=50
2026-04-17 00:04:05,973 - SplitNNClient - INFO - 8336 - phase=train acc=0.6384375 loss=50.473649978637695 epoch=18 and step=50
2026-04-17 00:04:06,145 - SplitNNClient - INFO - 23624 - phase=train acc=0.64109375 loss=50.701608657836914 epoch=18 and step=50
2026-04-17 00:04:08,346 - SplitNNClient - INFO - 8536 - phase=train acc=0.6516927083333334 loss=58.582512617111206 epoch=18 and step=60
2026-04-17 00:04:08,453 - SplitNNClient - INFO - 8336 - phase=train acc=0.639453125 loss=60.65873485803604 epoch=18 and step=60
2026-04-17 00:04:08,530 - SplitNNClient - INFO - 23624 - phase=train acc=0.6399739583333334 loss=61.13922190666199 epoch=18 and step=60
2026-04-17 00:04:10,781 - SplitNNClient - INFO - 8536 - phase=train acc=0.6474330357142857 loss=69.03921347856522 epoch=18 and step=70
2026-04-17 00:04:10,883 - SplitNNClient - INFO - 8336 - phase=train acc=0.64140625 loss=70.78401774168015 epoch=18 and step=70
2026-04-17 00:04:10,989 - SplitNNClient - INFO - 23624 - phase=train acc=0.6410714285714286 loss=71.25424647331238 epoch=18 and step=70
2026-04-17 00:04:13,374 - SplitNNClient - INFO - 8536 - phase=train acc=0.64296875 loss=80.2708899974823 epoch=18 and step=80
2026-04-17 00:04:13,476 - SplitNNClient - INFO - 8336 - phase=train acc=0.640234375 loss=81.1699076294899 epoch=18 and step=80
2026-04-17 00:04:13,520 - SplitNNClient - INFO - 23624 - phase=train acc=0.640625 loss=81.61258554458618 epoch=18 and step=80
2026-04-17 00:04:15,761 - SplitNNClient - INFO - 8536 - phase=train acc=0.6416666666666667 loss=90.39546883106232 epoch=18 and step=90
2026-04-17 00:04:15,862 - SplitNNClient - INFO - 8336 - phase=train acc=0.6410590277777778 loss=91.20837867259979 epoch=18 and step=90
2026-04-17 00:04:15,935 - SplitNNClient - INFO - 23624 - phase=train acc=0.6407118055555555 loss=91.85832571983337 epoch=18 and step=90
2026-04-17 00:04:18,101 - SplitNNClient - INFO - 8536 - phase=train acc=0.64171875 loss=100.66663080453873 epoch=18 and step=100
2026-04-17 00:04:18,144 - SplitNNClient - INFO - 8336 - phase=train acc=0.63875 loss=101.68805658817291 epoch=18 and step=100
2026-04-17 00:04:18,224 - SplitNNClient - INFO - 23624 - phase=train acc=0.64046875 loss=101.91848051548004 epoch=18 and step=100
2026-04-17 00:04:20,483 - SplitNNClient - INFO - 8536 - phase=train acc=0.6412642045454545 loss=110.50954180955887 epoch=18 and step=110
2026-04-17 00:04:20,533 - SplitNNClient - INFO - 8336 - phase=train acc=0.6387073863636363 loss=112.04965060949326 epoch=18 and step=110
2026-04-17 00:04:20,640 - SplitNNClient - INFO - 23624 - phase=train acc=0.6428977272727273 loss=111.46344369649887 epoch=18 and step=110
2026-04-17 00:04:22,858 - SplitNNClient - INFO - 8536 - phase=train acc=0.6430989583333333 loss=120.02438002824783 epoch=18 and step=120
2026-04-17 00:04:22,963 - SplitNNClient - INFO - 8336 - phase=train acc=0.6386067708333333 loss=122.38762038946152 epoch=18 and step=120
2026-04-17 00:04:23,036 - SplitNNClient - INFO - 23624 - phase=train acc=0.6434244791666667 loss=121.44306516647339 epoch=18 and step=120
2026-04-17 00:04:25,254 - SplitNNClient - INFO - 8536 - phase=train acc=0.6427884615384616 loss=130.10196912288666 epoch=18 and step=130
2026-04-17 00:04:25,304 - SplitNNClient - INFO - 8336 - phase=train acc=0.6391826923076923 loss=132.16300481557846 epoch=18 and step=130
2026-04-17 00:04:25,409 - SplitNNClient - INFO - 23624 - phase=train acc=0.6438100961538461 loss=131.33051055669785 epoch=18 and step=130
2026-04-17 00:04:25,478 - FedServerManager - INFO - 24456 - get all model params ---- from rank fed_server
2026-04-17 00:04:36,881 - SplitNNClient - INFO - 8336 - phase=validation acc=0.7335 loss=59.98304808139801 epoch=18 and step=79
2026-04-17 00:04:36,933 - SplitNNClient - INFO - 23624 - phase=validation acc=0.7335 loss=59.98304808139801 epoch=18 and step=79
2026-04-17 00:04:36,981 - SplitNNClient - INFO - 8536 - phase=validation acc=0.7335 loss=59.98304808139801 epoch=18 and step=79
2026-04-17 00:04:39,235 - SplitNNClient - INFO - 8536 - phase=train acc=0.67265625 loss=9.080551505088806 epoch=19 and step=10
2026-04-17 00:04:39,346 - SplitNNClient - INFO - 8336 - phase=train acc=0.66640625 loss=9.260643482208252 epoch=19 and step=10
2026-04-17 00:04:39,389 - SplitNNClient - INFO - 23624 - phase=train acc=0.66953125 loss=9.403703570365906 epoch=19 and step=10
2026-04-17 00:04:41,585 - SplitNNClient - INFO - 8536 - phase=train acc=0.669140625 loss=18.597184598445892 epoch=19 and step=20
2026-04-17 00:04:41,690 - SplitNNClient - INFO - 8336 - phase=train acc=0.661328125 loss=19.162416100502014 epoch=19 and step=20
2026-04-17 00:04:41,736 - SplitNNClient - INFO - 23624 - phase=train acc=0.662890625 loss=19.295625865459442 epoch=19 and step=20
2026-04-17 00:04:43,978 - SplitNNClient - INFO - 8536 - phase=train acc=0.66171875 loss=28.60059893131256 epoch=19 and step=30
2026-04-17 00:04:44,023 - SplitNNClient - INFO - 8336 - phase=train acc=0.6559895833333333 loss=29.14444190263748 epoch=19 and step=30
2026-04-17 00:04:44,130 - SplitNNClient - INFO - 23624 - phase=train acc=0.6484375 loss=29.67477911710739 epoch=19 and step=30
2026-04-17 00:04:46,347 - SplitNNClient - INFO - 8536 - phase=train acc=0.6560546875 loss=38.87910485267639 epoch=19 and step=40
2026-04-17 00:04:46,414 - SplitNNClient - INFO - 8336 - phase=train acc=0.6521484375 loss=39.38555347919464 epoch=19 and step=40
2026-04-17 00:04:46,491 - SplitNNClient - INFO - 23624 - phase=train acc=0.6482421875 loss=39.729928851127625 epoch=19 and step=40
2026-04-17 00:04:48,686 - SplitNNClient - INFO - 8536 - phase=train acc=0.65421875 loss=48.75317668914795 epoch=19 and step=50
2026-04-17 00:04:48,797 - SplitNNClient - INFO - 8336 - phase=train acc=0.6553125 loss=48.73014712333679 epoch=19 and step=50
2026-04-17 00:04:48,868 - SplitNNClient - INFO - 23624 - phase=train acc=0.64640625 loss=49.95861196517944 epoch=19 and step=50
2026-04-17 00:04:51,086 - SplitNNClient - INFO - 8536 - phase=train acc=0.65234375 loss=58.52528601884842 epoch=19 and step=60
2026-04-17 00:04:51,157 - SplitNNClient - INFO - 8336 - phase=train acc=0.653515625 loss=58.71905463933945 epoch=19 and step=60
2026-04-17 00:04:51,265 - SplitNNClient - INFO - 23624 - phase=train acc=0.6447916666666667 loss=60.19198793172836 epoch=19 and step=60
2026-04-17 00:04:53,396 - SplitNNClient - INFO - 8536 - phase=train acc=0.6515625 loss=68.59630125761032 epoch=19 and step=70
2026-04-17 00:04:53,502 - SplitNNClient - INFO - 8336 - phase=train acc=0.6542410714285715 loss=68.35013377666473 epoch=19 and step=70
2026-04-17 00:04:53,582 - SplitNNClient - INFO - 23624 - phase=train acc=0.6475446428571429 loss=69.73567909002304 epoch=19 and step=70
2026-04-17 00:04:55,963 - SplitNNClient - INFO - 8536 - phase=train acc=0.654296875 loss=78.15958505868912 epoch=19 and step=80
2026-04-17 00:04:56,006 - SplitNNClient - INFO - 8336 - phase=train acc=0.651953125 loss=78.45048004388809 epoch=19 and step=80
2026-04-17 00:04:56,047 - SplitNNClient - INFO - 23624 - phase=train acc=0.6458984375 loss=79.97534906864166 epoch=19 and step=80
2026-04-17 00:04:58,314 - SplitNNClient - INFO - 8536 - phase=train acc=0.6555555555555556 loss=87.38060748577118 epoch=19 and step=90
2026-04-17 00:04:58,361 - SplitNNClient - INFO - 8336 - phase=train acc=0.6480902777777777 loss=88.59588146209717 epoch=19 and step=90
2026-04-17 00:04:58,440 - SplitNNClient - INFO - 23624 - phase=train acc=0.6459201388888889 loss=89.65350031852722 epoch=19 and step=90
2026-04-17 00:05:00,656 - SplitNNClient - INFO - 8536 - phase=train acc=0.655390625 loss=96.7943274974823 epoch=19 and step=100
2026-04-17 00:05:00,702 - SplitNNClient - INFO - 8336 - phase=train acc=0.64515625 loss=99.07399469614029 epoch=19 and step=100
2026-04-17 00:05:00,777 - SplitNNClient - INFO - 23624 - phase=train acc=0.64421875 loss=99.90443736314774 epoch=19 and step=100
2026-04-17 00:05:03,013 - SplitNNClient - INFO - 8536 - phase=train acc=0.6561079545454546 loss=106.25521159172058 epoch=19 and step=110
2026-04-17 00:05:03,118 - SplitNNClient - INFO - 8336 - phase=train acc=0.6455965909090909 loss=108.75834518671036 epoch=19 and step=110
2026-04-17 00:05:03,189 - SplitNNClient - INFO - 23624 - phase=train acc=0.6463068181818182 loss=109.45022511482239 epoch=19 and step=110
2026-04-17 00:05:05,413 - SplitNNClient - INFO - 8536 - phase=train acc=0.6572916666666667 loss=115.76545345783234 epoch=19 and step=120
2026-04-17 00:05:05,458 - SplitNNClient - INFO - 8336 - phase=train acc=0.6462239583333333 loss=118.41638624668121 epoch=19 and step=120
2026-04-17 00:05:05,592 - SplitNNClient - INFO - 23624 - phase=train acc=0.6458333333333334 loss=119.68036848306656 epoch=19 and step=120
2026-04-17 00:05:07,796 - SplitNNClient - INFO - 8536 - phase=train acc=0.6576923076923077 loss=125.36432802677155 epoch=19 and step=130
2026-04-17 00:05:07,843 - SplitNNClient - INFO - 8336 - phase=train acc=0.6461538461538462 loss=128.5331180691719 epoch=19 and step=130
2026-04-17 00:05:07,917 - SplitNNClient - INFO - 23624 - phase=train acc=0.6459134615384615 loss=129.7083649635315 epoch=19 and step=130
2026-04-17 00:05:07,984 - FedServerManager - INFO - 24456 - get all model params ---- from rank fed_server
2026-04-17 00:05:19,534 - SplitNNClient - INFO - 23624 - phase=validation acc=0.741 loss=58.04714173078537 epoch=19 and step=79
2026-04-17 00:05:19,579 - SplitNNClient - INFO - 8336 - phase=validation acc=0.741 loss=58.04714173078537 epoch=19 and step=79
2026-04-17 00:05:19,633 - SplitNNClient - INFO - 8536 - phase=validation acc=0.741 loss=58.04714173078537 epoch=19 and step=79
2026-04-17 00:05:21,982 - SplitNNClient - INFO - 8536 - phase=train acc=0.6796875 loss=9.271862268447876 epoch=20 and step=10
2026-04-17 00:05:22,054 - SplitNNClient - INFO - 8336 - phase=train acc=0.68984375 loss=8.949430167675018 epoch=20 and step=10
2026-04-17 00:05:22,159 - SplitNNClient - INFO - 23624 - phase=train acc=0.6703125 loss=9.067140996456146 epoch=20 and step=10
2026-04-17 00:05:24,306 - SplitNNClient - INFO - 8536 - phase=train acc=0.6765625 loss=18.963503777980804 epoch=20 and step=20
2026-04-17 00:05:24,358 - SplitNNClient - INFO - 8336 - phase=train acc=0.671484375 loss=18.531680822372437 epoch=20 and step=20
2026-04-17 00:05:24,465 - SplitNNClient - INFO - 23624 - phase=train acc=0.664453125 loss=18.680077493190765 epoch=20 and step=20
2026-04-17 00:05:26,647 - SplitNNClient - INFO - 8536 - phase=train acc=0.6776041666666667 loss=27.861291646957397 epoch=20 and step=30
2026-04-17 00:05:26,702 - SplitNNClient - INFO - 8336 - phase=train acc=0.6588541666666666 loss=28.828167855739594 epoch=20 and step=30
2026-04-17 00:05:26,806 - SplitNNClient - INFO - 23624 - phase=train acc=0.6625 loss=28.17117738723755 epoch=20 and step=30
2026-04-17 00:05:29,008 - SplitNNClient - INFO - 8536 - phase=train acc=0.666015625 loss=37.537712812423706 epoch=20 and step=40
2026-04-17 00:05:29,088 - SplitNNClient - INFO - 8336 - phase=train acc=0.6513671875 loss=39.1357843875885 epoch=20 and step=40
2026-04-17 00:05:29,159 - SplitNNClient - INFO - 23624 - phase=train acc=0.6572265625 loss=38.243081748485565 epoch=20 and step=40
2026-04-17 00:05:31,358 - SplitNNClient - INFO - 8536 - phase=train acc=0.6671875 loss=46.893407702445984 epoch=20 and step=50
2026-04-17 00:05:31,433 - SplitNNClient - INFO - 8336 - phase=train acc=0.65 loss=49.22722041606903 epoch=20 and step=50
2026-04-17 00:05:31,545 - SplitNNClient - INFO - 23624 - phase=train acc=0.6584375 loss=47.642538189888 epoch=20 and step=50
2026-04-17 00:05:33,704 - SplitNNClient - INFO - 8536 - phase=train acc=0.6651041666666667 loss=56.37254083156586 epoch=20 and step=60
2026-04-17 00:05:33,750 - SplitNNClient - INFO - 8336 - phase=train acc=0.650390625 loss=59.212174355983734 epoch=20 and step=60
2026-04-17 00:05:33,861 - SplitNNClient - INFO - 23624 - phase=train acc=0.65703125 loss=57.60369426012039 epoch=20 and step=60
2026-04-17 00:05:36,075 - SplitNNClient - INFO - 8536 - phase=train acc=0.6627232142857142 loss=65.89962911605835 epoch=20 and step=70
2026-04-17 00:05:36,123 - SplitNNClient - INFO - 8336 - phase=train acc=0.6510044642857142 loss=68.58916175365448 epoch=20 and step=70
2026-04-17 00:05:36,232 - SplitNNClient - INFO - 23624 - phase=train acc=0.6566964285714286 loss=67.00624060630798 epoch=20 and step=70
2026-04-17 00:05:38,418 - SplitNNClient - INFO - 8536 - phase=train acc=0.66337890625 loss=75.31985449790955 epoch=20 and step=80
2026-04-17 00:05:38,531 - SplitNNClient - INFO - 8336 - phase=train acc=0.65419921875 loss=77.78753024339676 epoch=20 and step=80
2026-04-17 00:05:38,710 - SplitNNClient - INFO - 23624 - phase=train acc=0.65546875 loss=76.88834834098816 epoch=20 and step=80
2026-04-17 00:05:40,712 - SplitNNClient - INFO - 8536 - phase=train acc=0.6618923611111112 loss=85.23257368803024 epoch=20 and step=90
2026-04-17 00:05:40,862 - SplitNNClient - INFO - 8336 - phase=train acc=0.6543402777777778 loss=87.80957734584808 epoch=20 and step=90
2026-04-17 00:05:41,040 - SplitNNClient - INFO - 23624 - phase=train acc=0.6529513888888889 loss=87.02031069993973 epoch=20 and step=90
2026-04-17 00:05:43,059 - SplitNNClient - INFO - 8536 - phase=train acc=0.662265625 loss=94.60605627298355 epoch=20 and step=100
2026-04-17 00:05:43,203 - SplitNNClient - INFO - 8336 - phase=train acc=0.65625 loss=97.16188585758209 epoch=20 and step=100
2026-04-17 00:05:43,385 - SplitNNClient - INFO - 23624 - phase=train acc=0.65171875 loss=97.12533628940582 epoch=20 and step=100
2026-04-17 00:05:45,506 - SplitNNClient - INFO - 8536 - phase=train acc=0.6623579545454545 loss=103.87325727939606 epoch=20 and step=110
2026-04-17 00:05:45,627 - SplitNNClient - INFO - 8336 - phase=train acc=0.6563920454545454 loss=107.01160955429077 epoch=20 and step=110
2026-04-17 00:05:45,810 - SplitNNClient - INFO - 23624 - phase=train acc=0.6529119318181819 loss=106.33093744516373 epoch=20 and step=110
2026-04-17 00:05:48,084 - SplitNNClient - INFO - 8536 - phase=train acc=0.6628255208333333 loss=113.3715341091156 epoch=20 and step=120
2026-04-17 00:05:48,265 - SplitNNClient - INFO - 8336 - phase=train acc=0.6569010416666666 loss=116.45494449138641 epoch=20 and step=120
2026-04-17 00:05:48,388 - SplitNNClient - INFO - 23624 - phase=train acc=0.6537109375 loss=115.938425719738 epoch=20 and step=120
2026-04-17 00:05:50,473 - SplitNNClient - INFO - 8536 - phase=train acc=0.6631610576923077 loss=123.04305744171143 epoch=20 and step=130
2026-04-17 00:05:50,593 - SplitNNClient - INFO - 8336 - phase=train acc=0.6568509615384616 loss=126.08128607273102 epoch=20 and step=130
2026-04-17 00:05:50,760 - SplitNNClient - INFO - 23624 - phase=train acc=0.6527644230769231 loss=126.00900483131409 epoch=20 and step=130
2026-04-17 00:05:50,810 - FedServerManager - INFO - 24456 - get all model params ---- from rank fed_server
2026-04-17 00:06:02,352 - SplitNNClient - INFO - 8536 - phase=validation acc=0.7349 loss=59.40225714445114 epoch=20 and step=79
2026-04-17 00:06:02,409 - SplitNNClient - INFO - 8336 - phase=validation acc=0.7349 loss=59.40225714445114 epoch=20 and step=79
2026-04-17 00:06:02,596 - SplitNNClient - INFO - 23624 - phase=validation acc=0.7349 loss=59.40225714445114 epoch=20 and step=79
2026-04-17 00:06:05,208 - SplitNNClient - INFO - 8336 - phase=train acc=0.68359375 loss=8.83715683221817 epoch=21 and step=10
2026-04-17 00:06:05,261 - SplitNNClient - INFO - 8536 - phase=train acc=0.6828125 loss=8.919019103050232 epoch=21 and step=10
2026-04-17 00:06:05,371 - SplitNNClient - INFO - 23624 - phase=train acc=0.69453125 loss=8.979471504688263 epoch=21 and step=10
2026-04-17 00:06:07,625 - SplitNNClient - INFO - 8336 - phase=train acc=0.6796875 loss=18.063062369823456 epoch=21 and step=20
2026-04-17 00:06:07,763 - SplitNNClient - INFO - 8536 - phase=train acc=0.681640625 loss=17.789302945137024 epoch=21 and step=20
2026-04-17 00:06:07,804 - SplitNNClient - INFO - 23624 - phase=train acc=0.66875 loss=18.721064925193787 epoch=21 and step=20
2026-04-17 00:06:10,080 - SplitNNClient - INFO - 8336 - phase=train acc=0.6697916666666667 loss=27.987731397151947 epoch=21 and step=30
2026-04-17 00:06:10,268 - SplitNNClient - INFO - 8536 - phase=train acc=0.6739583333333333 loss=27.413008511066437 epoch=21 and step=30
2026-04-17 00:06:10,395 - SplitNNClient - INFO - 23624 - phase=train acc=0.6583333333333333 loss=28.743097960948944 epoch=21 and step=30
2026-04-17 00:06:12,652 - SplitNNClient - INFO - 8336 - phase=train acc=0.675390625 loss=36.86982703208923 epoch=21 and step=40
2026-04-17 00:06:13,019 - SplitNNClient - INFO - 8536 - phase=train acc=0.6720703125 loss=36.82339733839035 epoch=21 and step=40
2026-04-17 00:06:13,069 - SplitNNClient - INFO - 23624 - phase=train acc=0.6599609375 loss=38.23270696401596 epoch=21 and step=40
2026-04-17 00:06:15,170 - SplitNNClient - INFO - 8336 - phase=train acc=0.67484375 loss=45.80626571178436 epoch=21 and step=50
2026-04-17 00:06:15,497 - SplitNNClient - INFO - 8536 - phase=train acc=0.6690625 loss=46.36838114261627 epoch=21 and step=50
2026-04-17 00:06:15,601 - SplitNNClient - INFO - 23624 - phase=train acc=0.66015625 loss=47.65321093797684 epoch=21 and step=50
2026-04-17 00:06:17,543 - SplitNNClient - INFO - 8336 - phase=train acc=0.66875 loss=55.962625324726105 epoch=21 and step=60
2026-04-17 00:06:17,872 - SplitNNClient - INFO - 8536 - phase=train acc=0.6690104166666667 loss=55.27997845411301 epoch=21 and step=60
2026-04-17 00:06:17,981 - SplitNNClient - INFO - 23624 - phase=train acc=0.6651041666666667 loss=56.52371549606323 epoch=21 and step=60
2026-04-17 00:06:19,943 - SplitNNClient - INFO - 8336 - phase=train acc=0.6685267857142857 loss=65.59410661458969 epoch=21 and step=70
2026-04-17 00:06:20,420 - SplitNNClient - INFO - 8536 - phase=train acc=0.6649553571428571 loss=65.01586598157883 epoch=21 and step=70
2026-04-17 00:06:20,521 - SplitNNClient - INFO - 23624 - phase=train acc=0.6635044642857143 loss=66.68370687961578 epoch=21 and step=70
2026-04-17 00:06:22,449 - SplitNNClient - INFO - 8336 - phase=train acc=0.665625 loss=75.34785372018814 epoch=21 and step=80
2026-04-17 00:06:22,895 - SplitNNClient - INFO - 8536 - phase=train acc=0.6646484375 loss=74.46544778347015 epoch=21 and step=80
2026-04-17 00:06:23,048 - SplitNNClient - INFO - 23624 - phase=train acc=0.6623046875 loss=76.31115657091141 epoch=21 and step=80
2026-04-17 00:06:24,900 - SplitNNClient - INFO - 8336 - phase=train acc=0.6642361111111111 loss=84.92023211717606 epoch=21 and step=90
2026-04-17 00:06:25,280 - SplitNNClient - INFO - 8536 - phase=train acc=0.6635416666666667 loss=83.6811153292656 epoch=21 and step=90
2026-04-17 00:06:25,494 - SplitNNClient - INFO - 23624 - phase=train acc=0.6639756944444445 loss=85.51298439502716 epoch=21 and step=90
2026-04-17 00:06:27,407 - SplitNNClient - INFO - 8336 - phase=train acc=0.6640625 loss=94.2623051404953 epoch=21 and step=100
2026-04-17 00:06:27,844 - SplitNNClient - INFO - 8536 - phase=train acc=0.666875 loss=92.66466075181961 epoch=21 and step=100
2026-04-17 00:06:27,995 - SplitNNClient - INFO - 23624 - phase=train acc=0.66421875 loss=94.7651372551918 epoch=21 and step=100
2026-04-17 00:06:29,858 - SplitNNClient - INFO - 8336 - phase=train acc=0.6624289772727273 loss=103.87810999155045 epoch=21 and step=110
2026-04-17 00:06:30,258 - SplitNNClient - INFO - 8536 - phase=train acc=0.6673295454545455 loss=101.86106091737747 epoch=21 and step=110
2026-04-17 00:06:30,440 - SplitNNClient - INFO - 23624 - phase=train acc=0.6649147727272727 loss=103.75827413797379 epoch=21 and step=110
2026-04-17 00:06:32,230 - SplitNNClient - INFO - 8336 - phase=train acc=0.6626953125 loss=113.12457430362701 epoch=21 and step=120
2026-04-17 00:06:32,736 - SplitNNClient - INFO - 8536 - phase=train acc=0.6681640625 loss=110.88576835393906 epoch=21 and step=120
2026-04-17 00:06:32,866 - SplitNNClient - INFO - 23624 - phase=train acc=0.6667317708333333 loss=112.97057372331619 epoch=21 and step=120
2026-04-17 00:06:34,555 - SplitNNClient - INFO - 8336 - phase=train acc=0.6634014423076923 loss=122.24422460794449 epoch=21 and step=130
2026-04-17 00:06:35,055 - SplitNNClient - INFO - 8536 - phase=train acc=0.6682692307692307 loss=120.44010943174362 epoch=21 and step=130
2026-04-17 00:06:35,130 - SplitNNClient - INFO - 23624 - phase=train acc=0.6665264423076923 loss=122.36589056253433 epoch=21 and step=130
2026-04-17 00:06:35,187 - FedServerManager - INFO - 24456 - get all model params ---- from rank fed_server
2026-04-17 00:06:46,844 - SplitNNClient - INFO - 8536 - phase=validation acc=0.7505 loss=57.87089329957962 epoch=21 and step=79
2026-04-17 00:06:46,884 - SplitNNClient - INFO - 8336 - phase=validation acc=0.7505 loss=57.87089329957962 epoch=21 and step=79
2026-04-17 00:06:46,935 - SplitNNClient - INFO - 23624 - phase=validation acc=0.7505 loss=57.87089329957962 epoch=21 and step=79
2026-04-17 00:06:49,266 - SplitNNClient - INFO - 8536 - phase=train acc=0.7015625 loss=8.532114565372467 epoch=22 and step=10
2026-04-17 00:06:49,343 - SplitNNClient - INFO - 8336 - phase=train acc=0.6671875 loss=8.661756575107574 epoch=22 and step=10
2026-04-17 00:06:49,451 - SplitNNClient - INFO - 23624 - phase=train acc=0.6875 loss=8.834301173686981 epoch=22 and step=10
2026-04-17 00:06:51,658 - SplitNNClient - INFO - 8536 - phase=train acc=0.683984375 loss=17.766758978366852 epoch=22 and step=20
2026-04-17 00:06:51,738 - SplitNNClient - INFO - 8336 - phase=train acc=0.66328125 loss=17.754099249839783 epoch=22 and step=20
2026-04-17 00:06:51,839 - SplitNNClient - INFO - 23624 - phase=train acc=0.675390625 loss=18.418022632598877 epoch=22 and step=20
2026-04-17 00:06:54,040 - SplitNNClient - INFO - 8536 - phase=train acc=0.6763020833333333 loss=27.514589250087738 epoch=22 and step=30
2026-04-17 00:06:54,086 - SplitNNClient - INFO - 8336 - phase=train acc=0.6643229166666667 loss=26.885494589805603 epoch=22 and step=30
2026-04-17 00:06:54,221 - SplitNNClient - INFO - 23624 - phase=train acc=0.6752604166666667 loss=27.713441610336304 epoch=22 and step=30
2026-04-17 00:06:56,363 - SplitNNClient - INFO - 8536 - phase=train acc=0.6765625 loss=36.66974759101868 epoch=22 and step=40
2026-04-17 00:06:56,417 - SplitNNClient - INFO - 8336 - phase=train acc=0.669140625 loss=35.850072145462036 epoch=22 and step=40
2026-04-17 00:06:56,526 - SplitNNClient - INFO - 23624 - phase=train acc=0.68125 loss=36.48214399814606 epoch=22 and step=40
2026-04-17 00:06:58,753 - SplitNNClient - INFO - 8536 - phase=train acc=0.67921875 loss=45.701848328113556 epoch=22 and step=50
2026-04-17 00:06:58,824 - SplitNNClient - INFO - 8336 - phase=train acc=0.6703125 loss=45.128778874874115 epoch=22 and step=50
2026-04-17 00:06:58,929 - SplitNNClient - INFO - 23624 - phase=train acc=0.6778125 loss=46.39588314294815 epoch=22 and step=50
2026-04-17 00:07:01,209 - SplitNNClient - INFO - 8536 - phase=train acc=0.680859375 loss=54.71361929178238 epoch=22 and step=60
2026-04-17 00:07:01,255 - SplitNNClient - INFO - 8336 - phase=train acc=0.6696614583333333 loss=54.538128674030304 epoch=22 and step=60
2026-04-17 00:07:01,364 - SplitNNClient - INFO - 23624 - phase=train acc=0.6748697916666667 loss=56.03370016813278 epoch=22 and step=60
2026-04-17 00:07:03,597 - SplitNNClient - INFO - 8536 - phase=train acc=0.6797991071428572 loss=64.22788888216019 epoch=22 and step=70
2026-04-17 00:07:03,674 - SplitNNClient - INFO - 8336 - phase=train acc=0.67109375 loss=63.724151611328125 epoch=22 and step=70
2026-04-17 00:07:03,782 - SplitNNClient - INFO - 23624 - phase=train acc=0.6735491071428571 loss=65.56563347578049 epoch=22 and step=70
2026-04-17 00:07:05,961 - SplitNNClient - INFO - 8536 - phase=train acc=0.6802734375 loss=73.2074653506279 epoch=22 and step=80
2026-04-17 00:07:06,035 - SplitNNClient - INFO - 8336 - phase=train acc=0.67392578125 loss=72.60520780086517 epoch=22 and step=80
2026-04-17 00:07:06,144 - SplitNNClient - INFO - 23624 - phase=train acc=0.67177734375 loss=75.00296825170517 epoch=22 and step=80
2026-04-17 00:07:08,324 - SplitNNClient - INFO - 8536 - phase=train acc=0.6789930555555556 loss=82.58418244123459 epoch=22 and step=90
2026-04-17 00:07:08,433 - SplitNNClient - INFO - 8336 - phase=train acc=0.6733506944444444 loss=81.8406234383583 epoch=22 and step=90
2026-04-17 00:07:08,511 - SplitNNClient - INFO - 23624 - phase=train acc=0.67265625 loss=83.8397102355957 epoch=22 and step=90
2026-04-17 00:07:10,691 - SplitNNClient - INFO - 8536 - phase=train acc=0.678828125 loss=91.56829965114594 epoch=22 and step=100
2026-04-17 00:07:10,823 - SplitNNClient - INFO - 8336 - phase=train acc=0.67390625 loss=91.12206619977951 epoch=22 and step=100
2026-04-17 00:07:10,874 - SplitNNClient - INFO - 23624 - phase=train acc=0.674296875 loss=92.92653691768646 epoch=22 and step=100
2026-04-17 00:07:13,273 - SplitNNClient - INFO - 8536 - phase=train acc=0.6801136363636363 loss=100.47909563779831 epoch=22 and step=110
2026-04-17 00:07:13,350 - SplitNNClient - INFO - 8336 - phase=train acc=0.6735795454545455 loss=100.66526740789413 epoch=22 and step=110
2026-04-17 00:07:13,457 - SplitNNClient - INFO - 23624 - phase=train acc=0.6714488636363637 loss=103.04090595245361 epoch=22 and step=110
2026-04-17 00:07:15,674 - SplitNNClient - INFO - 8536 - phase=train acc=0.6817708333333333 loss=109.2702100276947 epoch=22 and step=120
2026-04-17 00:07:15,750 - SplitNNClient - INFO - 8336 - phase=train acc=0.671484375 loss=110.45517557859421 epoch=22 and step=120
2026-04-17 00:07:15,881 - SplitNNClient - INFO - 23624 - phase=train acc=0.6701171875 loss=112.71233117580414 epoch=22 and step=120
2026-04-17 00:07:18,105 - SplitNNClient - INFO - 8536 - phase=train acc=0.6829927884615384 loss=117.88516569137573 epoch=22 and step=130
2026-04-17 00:07:18,157 - SplitNNClient - INFO - 8336 - phase=train acc=0.6727764423076923 loss=119.3958677649498 epoch=22 and step=130
2026-04-17 00:07:18,263 - SplitNNClient - INFO - 23624 - phase=train acc=0.6712139423076923 loss=121.84793257713318 epoch=22 and step=130
2026-04-17 00:07:18,330 - FedServerManager - INFO - 24456 - get all model params ---- from rank fed_server
2026-04-17 00:07:29,805 - SplitNNClient - INFO - 8536 - phase=validation acc=0.7574 loss=54.68018156290054 epoch=22 and step=79
2026-04-17 00:07:29,905 - SplitNNClient - INFO - 23624 - phase=validation acc=0.7574 loss=54.68018156290054 epoch=22 and step=79
2026-04-17 00:07:30,005 - SplitNNClient - INFO - 8336 - phase=validation acc=0.7574 loss=54.68018156290054 epoch=22 and step=79
2026-04-17 00:07:32,374 - SplitNNClient - INFO - 23624 - phase=train acc=0.70859375 loss=8.314241409301758 epoch=23 and step=10
2026-04-17 00:07:32,448 - SplitNNClient - INFO - 8536 - phase=train acc=0.70234375 loss=8.271365225315094 epoch=23 and step=10
2026-04-17 00:07:32,518 - SplitNNClient - INFO - 8336 - phase=train acc=0.684375 loss=8.643982768058777 epoch=23 and step=10
2026-04-17 00:07:34,877 - SplitNNClient - INFO - 23624 - phase=train acc=0.685546875 loss=17.59191983938217 epoch=23 and step=20
2026-04-17 00:07:34,952 - SplitNNClient - INFO - 8536 - phase=train acc=0.6890625 loss=17.45963627099991 epoch=23 and step=20
2026-04-17 00:07:35,026 - SplitNNClient - INFO - 8336 - phase=train acc=0.6859375 loss=17.373832046985626 epoch=23 and step=20
2026-04-17 00:07:37,365 - SplitNNClient - INFO - 23624 - phase=train acc=0.6875 loss=26.190145611763 epoch=23 and step=30
2026-04-17 00:07:37,412 - SplitNNClient - INFO - 8536 - phase=train acc=0.690625 loss=26.16535210609436 epoch=23 and step=30
2026-04-17 00:07:37,485 - SplitNNClient - INFO - 8336 - phase=train acc=0.68359375 loss=26.109373927116394 epoch=23 and step=30
2026-04-17 00:07:39,736 - SplitNNClient - INFO - 23624 - phase=train acc=0.6810546875 loss=35.64212089776993 epoch=23 and step=40
2026-04-17 00:07:39,805 - SplitNNClient - INFO - 8536 - phase=train acc=0.687890625 loss=34.94913822412491 epoch=23 and step=40
2026-04-17 00:07:39,881 - SplitNNClient - INFO - 8336 - phase=train acc=0.6833984375 loss=35.17249494791031 epoch=23 and step=40
2026-04-17 00:07:42,129 - SplitNNClient - INFO - 23624 - phase=train acc=0.679375 loss=45.15547597408295 epoch=23 and step=50
2026-04-17 00:07:42,176 - SplitNNClient - INFO - 8536 - phase=train acc=0.686875 loss=43.82174277305603 epoch=23 and step=50
2026-04-17 00:07:42,280 - SplitNNClient - INFO - 8336 - phase=train acc=0.685 loss=43.9641472697258 epoch=23 and step=50
2026-04-17 00:07:44,572 - SplitNNClient - INFO - 23624 - phase=train acc=0.6786458333333333 loss=54.03720384836197 epoch=23 and step=60
2026-04-17 00:07:44,678 - SplitNNClient - INFO - 8536 - phase=train acc=0.6830729166666667 loss=52.79746872186661 epoch=23 and step=60
2026-04-17 00:07:44,722 - SplitNNClient - INFO - 8336 - phase=train acc=0.6799479166666667 loss=53.44483441114426 epoch=23 and step=60
2026-04-17 00:07:46,861 - SplitNNClient - INFO - 23624 - phase=train acc=0.6821428571428572 loss=62.74526256322861 epoch=23 and step=70
2026-04-17 00:07:46,993 - SplitNNClient - INFO - 8536 - phase=train acc=0.6824776785714286 loss=61.92675977945328 epoch=23 and step=70
2026-04-17 00:07:47,039 - SplitNNClient - INFO - 8336 - phase=train acc=0.67890625 loss=62.6216978430748 epoch=23 and step=70
2026-04-17 00:07:49,257 - SplitNNClient - INFO - 23624 - phase=train acc=0.68291015625 loss=71.83068358898163 epoch=23 and step=80
2026-04-17 00:07:49,276 - SplitNNClient - INFO - 8536 - phase=train acc=0.68134765625 loss=71.23940938711166 epoch=23 and step=80
2026-04-17 00:07:49,351 - SplitNNClient - INFO - 8336 - phase=train acc=0.67900390625 loss=71.77399724721909 epoch=23 and step=80
2026-04-17 00:07:51,617 - SplitNNClient - INFO - 8536 - phase=train acc=0.6822048611111111 loss=79.81862699985504 epoch=23 and step=90
2026-04-17 00:07:51,661 - SplitNNClient - INFO - 23624 - phase=train acc=0.6834201388888889 loss=80.85842400789261 epoch=23 and step=90
2026-04-17 00:07:51,713 - SplitNNClient - INFO - 8336 - phase=train acc=0.6774305555555555 loss=81.2559974193573 epoch=23 and step=90
2026-04-17 00:07:53,938 - SplitNNClient - INFO - 8536 - phase=train acc=0.685390625 loss=88.30564308166504 epoch=23 and step=100
2026-04-17 00:07:54,013 - SplitNNClient - INFO - 23624 - phase=train acc=0.684765625 loss=89.50026875734329 epoch=23 and step=100
2026-04-17 00:07:54,113 - SplitNNClient - INFO - 8336 - phase=train acc=0.67765625 loss=90.2779688835144 epoch=23 and step=100
2026-04-17 00:07:56,307 - SplitNNClient - INFO - 8536 - phase=train acc=0.6855113636363637 loss=97.29795724153519 epoch=23 and step=110
2026-04-17 00:07:56,418 - SplitNNClient - INFO - 23624 - phase=train acc=0.6854403409090909 loss=98.66184091567993 epoch=23 and step=110
2026-04-17 00:07:56,465 - SplitNNClient - INFO - 8336 - phase=train acc=0.6776278409090909 loss=99.23750048875809 epoch=23 and step=110
2026-04-17 00:07:58,694 - SplitNNClient - INFO - 8536 - phase=train acc=0.6866536458333333 loss=106.1553099155426 epoch=23 and step=120
2026-04-17 00:07:58,738 - SplitNNClient - INFO - 23624 - phase=train acc=0.6858723958333334 loss=107.76162350177765 epoch=23 and step=120
2026-04-17 00:07:58,789 - SplitNNClient - INFO - 8336 - phase=train acc=0.6774088541666666 loss=108.40332245826721 epoch=23 and step=120
2026-04-17 00:08:01,042 - SplitNNClient - INFO - 8536 - phase=train acc=0.6854567307692307 loss=115.38207072019577 epoch=23 and step=130
2026-04-17 00:08:01,086 - SplitNNClient - INFO - 23624 - phase=train acc=0.6838942307692307 loss=117.36526727676392 epoch=23 and step=130
2026-04-17 00:08:01,157 - SplitNNClient - INFO - 8336 - phase=train acc=0.67734375 loss=117.67829024791718 epoch=23 and step=130
2026-04-17 00:08:01,211 - FedServerManager - INFO - 24456 - get all model params ---- from rank fed_server
2026-04-17 00:08:12,680 - SplitNNClient - INFO - 8536 - phase=validation acc=0.7581 loss=54.73939001560211 epoch=23 and step=79
2026-04-17 00:08:12,731 - SplitNNClient - INFO - 8336 - phase=validation acc=0.7581 loss=54.73939001560211 epoch=23 and step=79
2026-04-17 00:08:12,780 - SplitNNClient - INFO - 23624 - phase=validation acc=0.7581 loss=54.73939001560211 epoch=23 and step=79
2026-04-17 00:08:15,147 - SplitNNClient - INFO - 8336 - phase=train acc=0.70546875 loss=8.290432572364807 epoch=24 and step=10
2026-04-17 00:08:15,218 - SplitNNClient - INFO - 8536 - phase=train acc=0.71875 loss=7.927821516990662 epoch=24 and step=10
2026-04-17 00:08:15,291 - SplitNNClient - INFO - 23624 - phase=train acc=0.69296875 loss=8.50153774023056 epoch=24 and step=10
2026-04-17 00:08:17,511 - SplitNNClient - INFO - 8336 - phase=train acc=0.691015625 loss=17.259618937969208 epoch=24 and step=20
2026-04-17 00:08:17,649 - SplitNNClient - INFO - 8536 - phase=train acc=0.715234375 loss=15.578269362449646 epoch=24 and step=20
2026-04-17 00:08:17,697 - SplitNNClient - INFO - 23624 - phase=train acc=0.6953125 loss=17.07695370912552 epoch=24 and step=20
2026-04-17 00:08:19,901 - SplitNNClient - INFO - 8336 - phase=train acc=0.6919270833333333 loss=25.954454958438873 epoch=24 and step=30
2026-04-17 00:08:20,006 - SplitNNClient - INFO - 8536 - phase=train acc=0.7166666666666667 loss=23.73208111524582 epoch=24 and step=30
2026-04-17 00:08:20,085 - SplitNNClient - INFO - 23624 - phase=train acc=0.6921875 loss=26.002583980560303 epoch=24 and step=30
2026-04-17 00:08:22,295 - SplitNNClient - INFO - 8336 - phase=train acc=0.689453125 loss=35.02889686822891 epoch=24 and step=40
2026-04-17 00:08:22,405 - SplitNNClient - INFO - 8536 - phase=train acc=0.7080078125 loss=32.68591123819351 epoch=24 and step=40
2026-04-17 00:08:22,452 - SplitNNClient - INFO - 23624 - phase=train acc=0.694140625 loss=34.6217924952507 epoch=24 and step=40
2026-04-17 00:08:24,670 - SplitNNClient - INFO - 8336 - phase=train acc=0.6934375 loss=43.47338557243347 epoch=24 and step=50
2026-04-17 00:08:24,740 - SplitNNClient - INFO - 8536 - phase=train acc=0.7034375 loss=41.298661053180695 epoch=24 and step=50
2026-04-17 00:08:24,817 - SplitNNClient - INFO - 23624 - phase=train acc=0.69765625 loss=43.11212432384491 epoch=24 and step=50
2026-04-17 00:08:27,189 - SplitNNClient - INFO - 8336 - phase=train acc=0.69296875 loss=52.166697680950165 epoch=24 and step=60
2026-04-17 00:08:27,261 - SplitNNClient - INFO - 8536 - phase=train acc=0.7001302083333333 loss=49.812397480010986 epoch=24 and step=60
2026-04-17 00:08:27,314 - SplitNNClient - INFO - 23624 - phase=train acc=0.6951822916666667 loss=52.40239816904068 epoch=24 and step=60
2026-04-17 00:08:29,579 - SplitNNClient - INFO - 8336 - phase=train acc=0.6901785714285714 loss=61.072772443294525 epoch=24 and step=70
2026-04-17 00:08:29,651 - SplitNNClient - INFO - 8536 - phase=train acc=0.7002232142857143 loss=58.588777244091034 epoch=24 and step=70
2026-04-17 00:08:29,755 - SplitNNClient - INFO - 23624 - phase=train acc=0.6908482142857143 loss=61.35136008262634 epoch=24 and step=70
2026-04-17 00:08:32,029 - SplitNNClient - INFO - 8336 - phase=train acc=0.68740234375 loss=70.53940439224243 epoch=24 and step=80
2026-04-17 00:08:32,138 - SplitNNClient - INFO - 8536 - phase=train acc=0.69658203125 loss=67.67076671123505 epoch=24 and step=80
2026-04-17 00:08:32,214 - SplitNNClient - INFO - 23624 - phase=train acc=0.6908203125 loss=70.05435860157013 epoch=24 and step=80
2026-04-17 00:08:34,425 - SplitNNClient - INFO - 8336 - phase=train acc=0.6884548611111111 loss=79.05914521217346 epoch=24 and step=90
2026-04-17 00:08:34,503 - SplitNNClient - INFO - 8536 - phase=train acc=0.6980034722222223 loss=76.11258697509766 epoch=24 and step=90
2026-04-17 00:08:34,606 - SplitNNClient - INFO - 23624 - phase=train acc=0.6921006944444444 loss=78.92770248651505 epoch=24 and step=90
2026-04-17 00:08:36,776 - SplitNNClient - INFO - 8336 - phase=train acc=0.689296875 loss=87.93939578533173 epoch=24 and step=100
2026-04-17 00:08:36,886 - SplitNNClient - INFO - 8536 - phase=train acc=0.698359375 loss=84.25067955255508 epoch=24 and step=100
2026-04-17 00:08:36,963 - SplitNNClient - INFO - 23624 - phase=train acc=0.69140625 loss=87.78285455703735 epoch=24 and step=100
2026-04-17 00:08:39,166 - SplitNNClient - INFO - 8336 - phase=train acc=0.6884232954545455 loss=97.02964955568314 epoch=24 and step=110
2026-04-17 00:08:39,216 - SplitNNClient - INFO - 8536 - phase=train acc=0.6963778409090909 loss=93.33153915405273 epoch=24 and step=110
2026-04-17 00:08:39,323 - SplitNNClient - INFO - 23624 - phase=train acc=0.6908380681818181 loss=96.78830480575562 epoch=24 and step=110
2026-04-17 00:08:41,499 - SplitNNClient - INFO - 8336 - phase=train acc=0.6876953125 loss=106.04597735404968 epoch=24 and step=120
2026-04-17 00:08:41,555 - SplitNNClient - INFO - 8536 - phase=train acc=0.6947916666666667 loss=102.61240750551224 epoch=24 and step=120
2026-04-17 00:08:41,666 - SplitNNClient - INFO - 23624 - phase=train acc=0.6913411458333333 loss=105.20994931459427 epoch=24 and step=120
2026-04-17 00:08:43,870 - SplitNNClient - INFO - 8336 - phase=train acc=0.6859375 loss=115.21476340293884 epoch=24 and step=130
2026-04-17 00:08:43,940 - SplitNNClient - INFO - 8536 - phase=train acc=0.6944110576923077 loss=111.44814014434814 epoch=24 and step=130
2026-04-17 00:08:44,044 - SplitNNClient - INFO - 23624 - phase=train acc=0.6894230769230769 loss=114.54213041067123 epoch=24 and step=130
2026-04-17 00:08:44,113 - FedServerManager - INFO - 24456 - get all model params ---- from rank fed_server
2026-04-17 00:08:55,504 - SplitNNClient - INFO - 8536 - phase=validation acc=0.7765 loss=50.39025294780731 epoch=24 and step=79
2026-04-17 00:08:55,548 - SplitNNClient - INFO - 8336 - phase=validation acc=0.7765 loss=50.39025294780731 epoch=24 and step=79
2026-04-17 00:08:55,596 - SplitNNClient - INFO - 23624 - phase=validation acc=0.7765 loss=50.39025294780731 epoch=24 and step=79
2026-04-17 00:08:56,364 - CommBreakdown - INFO - 8536 - tensor_distribution rank=1 node_type=client phase=train epoch=25 sample=middle tensor=activations[0] shape=(128, 64, 16, 16) mean=0.526907 std=0.964247 min=0 max=21.8911 mean_abs=0.526907 max_abs=21.8911 p95_abs=2.41729 p99_abs=4.35953 skewness=3.24598 kurtosis=19.8567 mean_channel_std=0.860254 std_channel_std=0.32494 max_channel_scale_over_min_channel_scale=7.96628 spread=high spread_score=1.83002 outliers=medium outlier_score=2.57454 near_zero=medium near_zero_fraction=0.545319
2026-04-17 00:08:56,368 - CommBreakdown - INFO - 8336 - tensor_distribution rank=3 node_type=client phase=train epoch=25 sample=middle tensor=activations[0] shape=(128, 64, 16, 16) mean=0.529076 std=0.966151 min=0 max=19.6957 mean_abs=0.529076 max_abs=19.6957 p95_abs=2.43831 p99_abs=4.35258 skewness=3.19409 kurtosis=19.2083 mean_channel_std=0.863578 std_channel_std=0.322285 max_channel_scale_over_min_channel_scale=6.71633 spread=high spread_score=1.82611 outliers=medium outlier_score=2.5523 near_zero=medium near_zero_fraction=0.54589
2026-04-17 00:08:56,397 - CommBreakdown - INFO - 23624 - tensor_distribution rank=2 node_type=client phase=train epoch=25 sample=middle tensor=activations[0] shape=(128, 64, 16, 16) mean=0.529381 std=0.965256 min=0 max=20.2157 mean_abs=0.529381 max_abs=20.2157 p95_abs=2.44104 p99_abs=4.35225 skewness=3.20528 kurtosis=19.5279 mean_channel_std=0.862916 std_channel_std=0.321299 max_channel_scale_over_min_channel_scale=6.60336 spread=high spread_score=1.82337 outliers=medium outlier_score=2.55298 near_zero=medium near_zero_fraction=0.544377
2026-04-17 00:08:57,509 - CommBreakdown - INFO - 21248 - tensor_distribution rank=0 node_type=server phase=train epoch=25 sample=middle tensor=activation_grads shape=(128, 64, 16, 16) mean=-5.01301e-09 std=1.9891e-05 min=-0.000966286 max=0.00138237 mean_abs=8.59774e-06 max_abs=0.00138237 p95_abs=3.74871e-05 p99_abs=8.66145e-05 skewness=4.24915e-05 kurtosis=1.12993e-05 mean_channel_std=1.95486e-05 std_channel_std=3.67481e-06 max_channel_scale_over_min_channel_scale=7.51216 spread=high spread_score=2.31351 outliers=high outlier_score=3.8718 near_zero=medium near_zero_fraction=0.285659
2026-04-17 00:09:28,500 - SplitNNClient - INFO - 8336 - phase=train acc=0.7078125 loss=8.063032269477844 epoch=25 and step=10
2026-04-17 00:09:29,658 - SplitNNClient - INFO - 8536 - phase=train acc=0.725 loss=7.653497874736786 epoch=25 and step=10
2026-04-17 00:09:30,821 - SplitNNClient - INFO - 23624 - phase=train acc=0.71953125 loss=7.819553971290588 epoch=25 and step=10
2026-04-17 00:10:03,051 - SplitNNClient - INFO - 8336 - phase=train acc=0.698046875 loss=16.597719073295593 epoch=25 and step=20
2026-04-17 00:10:04,185 - SplitNNClient - INFO - 8536 - phase=train acc=0.7171875 loss=16.066502511501312 epoch=25 and step=20
2026-04-17 00:10:05,313 - SplitNNClient - INFO - 23624 - phase=train acc=0.69765625 loss=16.90818601846695 epoch=25 and step=20
2026-04-17 00:10:37,443 - SplitNNClient - INFO - 8336 - phase=train acc=0.6981770833333333 loss=25.155493319034576 epoch=25 and step=30
2026-04-17 00:10:38,572 - SplitNNClient - INFO - 8536 - phase=train acc=0.71484375 loss=24.209492564201355 epoch=25 and step=30
2026-04-17 00:10:39,668 - SplitNNClient - INFO - 23624 - phase=train acc=0.69375 loss=26.225430488586426 epoch=25 and step=30
2026-04-17 00:11:12,172 - SplitNNClient - INFO - 8336 - phase=train acc=0.6982421875 loss=33.60068470239639 epoch=25 and step=40
2026-04-17 00:11:13,330 - SplitNNClient - INFO - 8536 - phase=train acc=0.7091796875 loss=33.09044885635376 epoch=25 and step=40
2026-04-17 00:11:14,458 - SplitNNClient - INFO - 23624 - phase=train acc=0.693359375 loss=34.890230655670166 epoch=25 and step=40
2026-04-17 00:11:47,011 - SplitNNClient - INFO - 8336 - phase=train acc=0.6925 loss=42.82529419660568 epoch=25 and step=50
2026-04-17 00:11:48,137 - SplitNNClient - INFO - 8536 - phase=train acc=0.70796875 loss=41.70269334316254 epoch=25 and step=50
2026-04-17 00:11:49,322 - SplitNNClient - INFO - 23624 - phase=train acc=0.69296875 loss=43.91269916296005 epoch=25 and step=50
2026-04-17 00:12:21,424 - SplitNNClient - INFO - 8336 - phase=train acc=0.691015625 loss=51.86013460159302 epoch=25 and step=60
2026-04-17 00:12:22,579 - SplitNNClient - INFO - 8536 - phase=train acc=0.7100260416666667 loss=49.878705859184265 epoch=25 and step=60
2026-04-17 00:12:23,708 - SplitNNClient - INFO - 23624 - phase=train acc=0.6924479166666667 loss=52.495386838912964 epoch=25 and step=60
2026-04-17 00:12:55,717 - SplitNNClient - INFO - 8336 - phase=train acc=0.6917410714285714 loss=60.332801043987274 epoch=25 and step=70
2026-04-17 00:12:56,879 - SplitNNClient - INFO - 8536 - phase=train acc=0.7055803571428572 loss=58.614995658397675 epoch=25 and step=70
2026-04-17 00:12:58,065 - SplitNNClient - INFO - 23624 - phase=train acc=0.6928571428571428 loss=60.81009358167648 epoch=25 and step=70
2026-04-17 00:13:30,140 - SplitNNClient - INFO - 8336 - phase=train acc=0.6904296875 loss=69.38274192810059 epoch=25 and step=80
2026-04-17 00:13:31,327 - SplitNNClient - INFO - 8536 - phase=train acc=0.7029296875 loss=67.23415219783783 epoch=25 and step=80
2026-04-17 00:13:32,419 - SplitNNClient - INFO - 23624 - phase=train acc=0.6923828125 loss=69.40885883569717 epoch=25 and step=80
2026-04-17 00:14:04,799 - SplitNNClient - INFO - 8336 - phase=train acc=0.6925347222222222 loss=77.92398446798325 epoch=25 and step=90
2026-04-17 00:14:05,933 - SplitNNClient - INFO - 8536 - phase=train acc=0.7010416666666667 loss=75.79913020133972 epoch=25 and step=90
2026-04-17 00:14:07,126 - SplitNNClient - INFO - 23624 - phase=train acc=0.6920138888888889 loss=78.22154104709625 epoch=25 and step=90
2026-04-17 00:14:39,671 - SplitNNClient - INFO - 8336 - phase=train acc=0.692421875 loss=86.73071491718292 epoch=25 and step=100
2026-04-17 00:14:40,829 - SplitNNClient - INFO - 8536 - phase=train acc=0.70109375 loss=84.28530484437943 epoch=25 and step=100
2026-04-17 00:14:41,952 - SplitNNClient - INFO - 23624 - phase=train acc=0.690625 loss=87.2651242017746 epoch=25 and step=100
2026-04-17 00:15:14,189 - SplitNNClient - INFO - 8336 - phase=train acc=0.6936789772727273 loss=95.05871278047562 epoch=25 and step=110
2026-04-17 00:15:15,346 - SplitNNClient - INFO - 8536 - phase=train acc=0.7017755681818182 loss=92.60204082727432 epoch=25 and step=110
2026-04-17 00:15:16,476 - SplitNNClient - INFO - 23624 - phase=train acc=0.6899147727272728 loss=95.93776226043701 epoch=25 and step=110
2026-04-17 00:15:48,633 - SplitNNClient - INFO - 8336 - phase=train acc=0.693359375 loss=103.70303082466125 epoch=25 and step=120
2026-04-17 00:15:49,758 - SplitNNClient - INFO - 8536 - phase=train acc=0.7026041666666667 loss=100.84316843748093 epoch=25 and step=120
2026-04-17 00:15:50,947 - SplitNNClient - INFO - 23624 - phase=train acc=0.6896484375 loss=104.57335966825485 epoch=25 and step=120
2026-04-17 00:16:23,188 - SplitNNClient - INFO - 8336 - phase=train acc=0.6932692307692307 loss=112.45952326059341 epoch=25 and step=130
2026-04-17 00:16:24,254 - SplitNNClient - INFO - 8536 - phase=train acc=0.7028245192307693 loss=109.03866243362427 epoch=25 and step=130
2026-04-17 00:16:25,347 - SplitNNClient - INFO - 23624 - phase=train acc=0.6907451923076923 loss=112.93333548307419 epoch=25 and step=130
2026-04-17 00:16:25,419 - FedServerManager - INFO - 24456 - get all model params ---- from rank fed_server
2026-04-17 00:16:36,773 - SplitNNClient - INFO - 8336 - phase=validation acc=0.7689 loss=52.472498059272766 epoch=25 and step=79
2026-04-17 00:16:36,824 - SplitNNClient - INFO - 23624 - phase=validation acc=0.7689 loss=52.472498059272766 epoch=25 and step=79
2026-04-17 00:16:36,865 - SplitNNClient - INFO - 8536 - phase=validation acc=0.7689 loss=52.472498059272766 epoch=25 and step=79
2026-04-17 00:16:39,176 - SplitNNClient - INFO - 8536 - phase=train acc=0.74453125 loss=6.926484167575836 epoch=26 and step=10
2026-04-17 00:16:39,278 - SplitNNClient - INFO - 8336 - phase=train acc=0.7125 loss=8.187904000282288 epoch=26 and step=10
2026-04-17 00:16:39,325 - SplitNNClient - INFO - 23624 - phase=train acc=0.71171875 loss=8.320598781108856 epoch=26 and step=10
2026-04-17 00:16:41,596 - SplitNNClient - INFO - 8536 - phase=train acc=0.725390625 loss=15.219904482364655 epoch=26 and step=20
2026-04-17 00:16:41,638 - SplitNNClient - INFO - 8336 - phase=train acc=0.707421875 loss=16.599234342575073 epoch=26 and step=20
2026-04-17 00:16:41,717 - SplitNNClient - INFO - 23624 - phase=train acc=0.71015625 loss=16.858576238155365 epoch=26 and step=20
2026-04-17 00:16:43,889 - SplitNNClient - INFO - 8536 - phase=train acc=0.7140625 loss=23.902371644973755 epoch=26 and step=30
2026-04-17 00:16:43,961 - SplitNNClient - INFO - 8336 - phase=train acc=0.7065104166666667 loss=24.796607851982117 epoch=26 and step=30
2026-04-17 00:16:44,034 - SplitNNClient - INFO - 23624 - phase=train acc=0.7130208333333333 loss=24.651126444339752 epoch=26 and step=30
2026-04-17 00:16:46,239 - SplitNNClient - INFO - 8536 - phase=train acc=0.713671875 loss=31.917915403842926 epoch=26 and step=40
2026-04-17 00:16:46,291 - SplitNNClient - INFO - 8336 - phase=train acc=0.7064453125 loss=32.76696014404297 epoch=26 and step=40
2026-04-17 00:16:46,401 - SplitNNClient - INFO - 23624 - phase=train acc=0.7091796875 loss=33.338697373867035 epoch=26 and step=40
2026-04-17 00:16:48,655 - SplitNNClient - INFO - 8536 - phase=train acc=0.71 loss=40.631383538246155 epoch=26 and step=50
2026-04-17 00:16:48,761 - SplitNNClient - INFO - 8336 - phase=train acc=0.7096875 loss=41.094475746154785 epoch=26 and step=50
2026-04-17 00:16:48,833 - SplitNNClient - INFO - 23624 - phase=train acc=0.7115625 loss=41.6392725110054 epoch=26 and step=50
2026-04-17 00:16:51,063 - SplitNNClient - INFO - 8536 - phase=train acc=0.7063802083333334 loss=49.15388506650925 epoch=26 and step=60
2026-04-17 00:16:51,132 - SplitNNClient - INFO - 8336 - phase=train acc=0.7106770833333333 loss=49.60423630475998 epoch=26 and step=60
2026-04-17 00:16:51,210 - SplitNNClient - INFO - 23624 - phase=train acc=0.7098958333333333 loss=50.04200720787048 epoch=26 and step=60
2026-04-17 00:16:53,436 - SplitNNClient - INFO - 8536 - phase=train acc=0.7072544642857143 loss=57.15794438123703 epoch=26 and step=70
2026-04-17 00:16:53,515 - SplitNNClient - INFO - 8336 - phase=train acc=0.7068080357142857 loss=58.376601219177246 epoch=26 and step=70
2026-04-17 00:16:53,630 - SplitNNClient - INFO - 23624 - phase=train acc=0.7063616071428571 loss=58.70165699720383 epoch=26 and step=70
2026-04-17 00:16:55,811 - SplitNNClient - INFO - 8536 - phase=train acc=0.70849609375 loss=65.22189432382584 epoch=26 and step=80
2026-04-17 00:16:55,968 - SplitNNClient - INFO - 8336 - phase=train acc=0.70556640625 loss=66.86517089605331 epoch=26 and step=80
2026-04-17 00:16:56,123 - SplitNNClient - INFO - 23624 - phase=train acc=0.704296875 loss=67.57936054468155 epoch=26 and step=80
2026-04-17 00:16:58,214 - SplitNNClient - INFO - 8536 - phase=train acc=0.7079861111111111 loss=73.70443367958069 epoch=26 and step=90
2026-04-17 00:16:58,393 - SplitNNClient - INFO - 8336 - phase=train acc=0.7043402777777777 loss=75.73173069953918 epoch=26 and step=90
2026-04-17 00:16:58,511 - SplitNNClient - INFO - 23624 - phase=train acc=0.7024305555555556 loss=76.49504095315933 epoch=26 and step=90
2026-04-17 00:17:00,594 - SplitNNClient - INFO - 8536 - phase=train acc=0.707109375 loss=82.16577446460724 epoch=26 and step=100
2026-04-17 00:17:00,716 - SplitNNClient - INFO - 8336 - phase=train acc=0.7028125 loss=84.42274808883667 epoch=26 and step=100
2026-04-17 00:17:00,896 - SplitNNClient - INFO - 23624 - phase=train acc=0.701640625 loss=85.02250647544861 epoch=26 and step=100
2026-04-17 00:17:02,947 - SplitNNClient - INFO - 8536 - phase=train acc=0.709659090909091 loss=90.06373125314713 epoch=26 and step=110
2026-04-17 00:17:03,121 - SplitNNClient - INFO - 8336 - phase=train acc=0.7015625 loss=93.04390913248062 epoch=26 and step=110
2026-04-17 00:17:03,297 - SplitNNClient - INFO - 23624 - phase=train acc=0.7016335227272728 loss=93.68613457679749 epoch=26 and step=110
2026-04-17 00:17:05,320 - SplitNNClient - INFO - 8536 - phase=train acc=0.7106119791666666 loss=97.8773684501648 epoch=26 and step=120
2026-04-17 00:17:05,500 - SplitNNClient - INFO - 8336 - phase=train acc=0.7024739583333334 loss=101.55568945407867 epoch=26 and step=120
2026-04-17 00:17:05,624 - SplitNNClient - INFO - 23624 - phase=train acc=0.7017578125 loss=102.85212898254395 epoch=26 and step=120
2026-04-17 00:17:07,758 - SplitNNClient - INFO - 8536 - phase=train acc=0.7105168269230769 loss=106.25705260038376 epoch=26 and step=130
2026-04-17 00:17:07,851 - SplitNNClient - INFO - 8336 - phase=train acc=0.7029447115384615 loss=110.0979597568512 epoch=26 and step=130
2026-04-17 00:17:07,987 - SplitNNClient - INFO - 23624 - phase=train acc=0.7011418269230769 loss=111.62419247627258 epoch=26 and step=130
2026-04-17 00:17:08,056 - FedServerManager - INFO - 24456 - get all model params ---- from rank fed_server
2026-04-17 00:17:19,494 - SplitNNClient - INFO - 8336 - phase=validation acc=0.7833 loss=49.5483717918396 epoch=26 and step=79
2026-04-17 00:17:19,542 - SplitNNClient - INFO - 8536 - phase=validation acc=0.7833 loss=49.5483717918396 epoch=26 and step=79
2026-04-17 00:17:19,592 - SplitNNClient - INFO - 23624 - phase=validation acc=0.7833 loss=49.5483717918396 epoch=26 and step=79
2026-04-17 00:17:21,935 - SplitNNClient - INFO - 8336 - phase=train acc=0.72578125 loss=7.736003875732422 epoch=27 and step=10
2026-04-17 00:17:22,005 - SplitNNClient - INFO - 23624 - phase=train acc=0.7046875 loss=8.329854428768158 epoch=27 and step=10
2026-04-17 00:17:22,108 - SplitNNClient - INFO - 8536 - phase=train acc=0.7171875 loss=7.890998959541321 epoch=27 and step=10
2026-04-17 00:17:24,283 - SplitNNClient - INFO - 8336 - phase=train acc=0.71171875 loss=16.03986954689026 epoch=27 and step=20
2026-04-17 00:17:24,386 - SplitNNClient - INFO - 23624 - phase=train acc=0.715234375 loss=15.948174595832825 epoch=27 and step=20
2026-04-17 00:17:24,456 - SplitNNClient - INFO - 8536 - phase=train acc=0.719140625 loss=15.98003751039505 epoch=27 and step=20
2026-04-17 00:17:26,617 - SplitNNClient - INFO - 8336 - phase=train acc=0.7075520833333333 loss=24.437283277511597 epoch=27 and step=30
2026-04-17 00:17:26,723 - SplitNNClient - INFO - 23624 - phase=train acc=0.7106770833333333 loss=24.33929067850113 epoch=27 and step=30
2026-04-17 00:17:26,799 - SplitNNClient - INFO - 8536 - phase=train acc=0.7231770833333333 loss=23.812764942646027 epoch=27 and step=30
2026-04-17 00:17:29,011 - SplitNNClient - INFO - 8336 - phase=train acc=0.7080078125 loss=32.55181074142456 epoch=27 and step=40
2026-04-17 00:17:29,056 - SplitNNClient - INFO - 8536 - phase=train acc=0.725390625 loss=31.62800568342209 epoch=27 and step=40
2026-04-17 00:17:29,103 - SplitNNClient - INFO - 23624 - phase=train acc=0.71171875 loss=32.6418622136116 epoch=27 and step=40
2026-04-17 00:17:31,423 - SplitNNClient - INFO - 8336 - phase=train acc=0.70375 loss=41.1582807302475 epoch=27 and step=50
2026-04-17 00:17:31,470 - SplitNNClient - INFO - 8536 - phase=train acc=0.72765625 loss=39.16119569540024 epoch=27 and step=50
2026-04-17 00:17:31,546 - SplitNNClient - INFO - 23624 - phase=train acc=0.71296875 loss=40.64929258823395 epoch=27 and step=50
2026-04-17 00:17:33,715 - SplitNNClient - INFO - 8336 - phase=train acc=0.7046875 loss=49.55302631855011 epoch=27 and step=60
2026-04-17 00:17:33,760 - SplitNNClient - INFO - 8536 - phase=train acc=0.7229166666666667 loss=47.368176341056824 epoch=27 and step=60
2026-04-17 00:17:33,897 - SplitNNClient - INFO - 23624 - phase=train acc=0.7135416666666666 loss=48.708780229091644 epoch=27 and step=60
2026-04-17 00:17:36,024 - SplitNNClient - INFO - 8336 - phase=train acc=0.7045758928571428 loss=58.11757457256317 epoch=27 and step=70
2026-04-17 00:17:36,095 - SplitNNClient - INFO - 8536 - phase=train acc=0.7206473214285715 loss=55.696672201156616 epoch=27 and step=70
2026-04-17 00:17:36,200 - SplitNNClient - INFO - 23624 - phase=train acc=0.7127232142857143 loss=56.94465100765228 epoch=27 and step=70
2026-04-17 00:17:38,340 - SplitNNClient - INFO - 8336 - phase=train acc=0.70576171875 loss=66.32138204574585 epoch=27 and step=80
2026-04-17 00:17:38,387 - SplitNNClient - INFO - 8536 - phase=train acc=0.71865234375 loss=63.834571182727814 epoch=27 and step=80
2026-04-17 00:17:38,489 - SplitNNClient - INFO - 23624 - phase=train acc=0.711328125 loss=65.47616672515869 epoch=27 and step=80
2026-04-17 00:17:40,646 - SplitNNClient - INFO - 8336 - phase=train acc=0.70390625 loss=75.24474865198135 epoch=27 and step=90
2026-04-17 00:17:40,753 - SplitNNClient - INFO - 8536 - phase=train acc=0.7149305555555555 loss=72.46105581521988 epoch=27 and step=90
2026-04-17 00:17:40,822 - SplitNNClient - INFO - 23624 - phase=train acc=0.7100694444444444 loss=73.8151051402092 epoch=27 and step=90
2026-04-17 00:17:43,036 - SplitNNClient - INFO - 8336 - phase=train acc=0.70453125 loss=83.64046138525009 epoch=27 and step=100
2026-04-17 00:17:43,086 - SplitNNClient - INFO - 8536 - phase=train acc=0.713125 loss=81.30958527326584 epoch=27 and step=100
2026-04-17 00:17:43,137 - SplitNNClient - INFO - 23624 - phase=train acc=0.71140625 loss=81.84543061256409 epoch=27 and step=100
2026-04-17 00:17:45,347 - SplitNNClient - INFO - 8336 - phase=train acc=0.7065340909090909 loss=91.56296098232269 epoch=27 and step=110
2026-04-17 00:17:45,422 - SplitNNClient - INFO - 8536 - phase=train acc=0.7115056818181819 loss=89.74489140510559 epoch=27 and step=110
2026-04-17 00:17:45,497 - SplitNNClient - INFO - 23624 - phase=train acc=0.7100142045454545 loss=90.64264297485352 epoch=27 and step=110
2026-04-17 00:17:47,689 - SplitNNClient - INFO - 8336 - phase=train acc=0.7061848958333333 loss=100.13745778799057 epoch=27 and step=120
2026-04-17 00:17:47,737 - SplitNNClient - INFO - 8536 - phase=train acc=0.7097005208333333 loss=98.13618105649948 epoch=27 and step=120
2026-04-17 00:17:47,845 - SplitNNClient - INFO - 23624 - phase=train acc=0.7085286458333333 loss=99.33359664678574 epoch=27 and step=120
2026-04-17 00:17:50,022 - SplitNNClient - INFO - 8336 - phase=train acc=0.7079927884615385 loss=108.04842168092728 epoch=27 and step=130
2026-04-17 00:17:50,100 - SplitNNClient - INFO - 8536 - phase=train acc=0.7108774038461538 loss=105.78696888685226 epoch=27 and step=130
2026-04-17 00:17:50,173 - SplitNNClient - INFO - 23624 - phase=train acc=0.7073918269230769 loss=107.78345203399658 epoch=27 and step=130
2026-04-17 00:17:50,223 - FedServerManager - INFO - 24456 - get all model params ---- from rank fed_server
2026-04-17 00:18:01,944 - SplitNNClient - INFO - 8336 - phase=validation acc=0.7903 loss=47.866325587034225 epoch=27 and step=79
2026-04-17 00:18:02,044 - SplitNNClient - INFO - 23624 - phase=validation acc=0.7903 loss=47.866325587034225 epoch=27 and step=79
2026-04-17 00:18:02,227 - SplitNNClient - INFO - 8536 - phase=validation acc=0.7903 loss=47.866325587034225 epoch=27 and step=79
2026-04-17 00:18:04,670 - SplitNNClient - INFO - 23624 - phase=train acc=0.74453125 loss=7.260187089443207 epoch=28 and step=10
2026-04-17 00:18:04,782 - SplitNNClient - INFO - 8536 - phase=train acc=0.71328125 loss=7.9448471665382385 epoch=28 and step=10
2026-04-17 00:18:04,823 - SplitNNClient - INFO - 8336 - phase=train acc=0.696875 loss=8.158888518810272 epoch=28 and step=10
2026-04-17 00:18:07,146 - SplitNNClient - INFO - 23624 - phase=train acc=0.7421875 loss=15.107454001903534 epoch=28 and step=20
2026-04-17 00:18:07,225 - SplitNNClient - INFO - 8536 - phase=train acc=0.71875 loss=16.16452670097351 epoch=28 and step=20
2026-04-17 00:18:07,269 - SplitNNClient - INFO - 8336 - phase=train acc=0.7015625 loss=16.46087157726288 epoch=28 and step=20
2026-04-17 00:18:09,595 - SplitNNClient - INFO - 23624 - phase=train acc=0.73359375 loss=23.08378505706787 epoch=28 and step=30
2026-04-17 00:18:09,776 - SplitNNClient - INFO - 8536 - phase=train acc=0.7158854166666667 loss=24.506365954875946 epoch=28 and step=30
2026-04-17 00:18:09,821 - SplitNNClient - INFO - 8336 - phase=train acc=0.7052083333333333 loss=24.79206293821335 epoch=28 and step=30
2026-04-17 00:18:12,092 - SplitNNClient - INFO - 23624 - phase=train acc=0.727734375 loss=31.29087460041046 epoch=28 and step=40
2026-04-17 00:18:12,197 - SplitNNClient - INFO - 8536 - phase=train acc=0.7181640625 loss=32.41558116674423 epoch=28 and step=40
2026-04-17 00:18:12,272 - SplitNNClient - INFO - 8336 - phase=train acc=0.7091796875 loss=32.46147608757019 epoch=28 and step=40
2026-04-17 00:18:14,637 - SplitNNClient - INFO - 23624 - phase=train acc=0.72265625 loss=39.92221575975418 epoch=28 and step=50
2026-04-17 00:18:14,715 - SplitNNClient - INFO - 8536 - phase=train acc=0.71359375 loss=40.98243582248688 epoch=28 and step=50
2026-04-17 00:18:14,769 - SplitNNClient - INFO - 8336 - phase=train acc=0.715625 loss=40.00593554973602 epoch=28 and step=50
2026-04-17 00:18:17,047 - SplitNNClient - INFO - 23624 - phase=train acc=0.7180989583333334 loss=48.34361124038696 epoch=28 and step=60
2026-04-17 00:18:17,100 - SplitNNClient - INFO - 8536 - phase=train acc=0.714453125 loss=49.014250218868256 epoch=28 and step=60
2026-04-17 00:18:17,208 - SplitNNClient - INFO - 8336 - phase=train acc=0.716015625 loss=48.19001638889313 epoch=28 and step=60
2026-04-17 00:18:19,387 - SplitNNClient - INFO - 23624 - phase=train acc=0.7141741071428571 loss=57.09393888711929 epoch=28 and step=70
2026-04-17 00:18:19,486 - SplitNNClient - INFO - 8536 - phase=train acc=0.7130580357142857 loss=57.490886211395264 epoch=28 and step=70
2026-04-17 00:18:19,555 - SplitNNClient - INFO - 8336 - phase=train acc=0.71328125 loss=56.78582149744034 epoch=28 and step=70
2026-04-17 00:18:21,815 - SplitNNClient - INFO - 23624 - phase=train acc=0.71396484375 loss=65.22315037250519 epoch=28 and step=80
2026-04-17 00:18:21,886 - SplitNNClient - INFO - 8536 - phase=train acc=0.71533203125 loss=65.355289041996 epoch=28 and step=80
2026-04-17 00:18:21,965 - SplitNNClient - INFO - 8336 - phase=train acc=0.71279296875 loss=65.30188757181168 epoch=28 and step=80
2026-04-17 00:18:24,241 - SplitNNClient - INFO - 23624 - phase=train acc=0.7131944444444445 loss=74.02838277816772 epoch=28 and step=90
2026-04-17 00:18:24,289 - SplitNNClient - INFO - 8536 - phase=train acc=0.7165798611111112 loss=73.22456151247025 epoch=28 and step=90
2026-04-17 00:18:24,334 - SplitNNClient - INFO - 8336 - phase=train acc=0.7123263888888889 loss=73.80418622493744 epoch=28 and step=90
2026-04-17 00:18:26,620 - SplitNNClient - INFO - 23624 - phase=train acc=0.71390625 loss=82.1116892695427 epoch=28 and step=100
2026-04-17 00:18:26,668 - SplitNNClient - INFO - 8536 - phase=train acc=0.713984375 loss=81.71137100458145 epoch=28 and step=100
2026-04-17 00:18:26,743 - SplitNNClient - INFO - 8336 - phase=train acc=0.7125 loss=81.95583468675613 epoch=28 and step=100
2026-04-17 00:18:28,958 - SplitNNClient - INFO - 23624 - phase=train acc=0.7144886363636364 loss=90.19038224220276 epoch=28 and step=110
2026-04-17 00:18:29,060 - SplitNNClient - INFO - 8536 - phase=train acc=0.7159801136363636 loss=89.2673065662384 epoch=28 and step=110
2026-04-17 00:18:29,107 - SplitNNClient - INFO - 8336 - phase=train acc=0.7129261363636363 loss=89.85368984937668 epoch=28 and step=110
2026-04-17 00:18:31,340 - SplitNNClient - INFO - 23624 - phase=train acc=0.7142578125 loss=98.41569179296494 epoch=28 and step=120
2026-04-17 00:18:31,442 - SplitNNClient - INFO - 8536 - phase=train acc=0.7166666666666667 loss=97.16499644517899 epoch=28 and step=120
2026-04-17 00:18:31,487 - SplitNNClient - INFO - 8336 - phase=train acc=0.712890625 loss=98.04235351085663 epoch=28 and step=120
2026-04-17 00:18:33,691 - SplitNNClient - INFO - 23624 - phase=train acc=0.7135216346153846 loss=106.92167419195175 epoch=28 and step=130
2026-04-17 00:18:33,794 - SplitNNClient - INFO - 8536 - phase=train acc=0.7173677884615385 loss=105.05196112394333 epoch=28 and step=130
2026-04-17 00:18:33,843 - SplitNNClient - INFO - 8336 - phase=train acc=0.7138221153846154 loss=105.968066573143 epoch=28 and step=130
2026-04-17 00:18:33,914 - FedServerManager - INFO - 24456 - get all model params ---- from rank fed_server
2026-04-17 00:18:45,532 - SplitNNClient - INFO - 8336 - phase=validation acc=0.7927 loss=47.08562499284744 epoch=28 and step=79
2026-04-17 00:18:45,575 - SplitNNClient - INFO - 8536 - phase=validation acc=0.7927 loss=47.08562499284744 epoch=28 and step=79
2026-04-17 00:18:45,623 - SplitNNClient - INFO - 23624 - phase=validation acc=0.7927 loss=47.08562499284744 epoch=28 and step=79
2026-04-17 00:18:47,982 - SplitNNClient - INFO - 23624 - phase=train acc=0.71484375 loss=7.818459212779999 epoch=29 and step=10
2026-04-17 00:18:48,060 - SplitNNClient - INFO - 8536 - phase=train acc=0.728125 loss=7.464638710021973 epoch=29 and step=10
2026-04-17 00:18:48,106 - SplitNNClient - INFO - 8336 - phase=train acc=0.728125 loss=7.651970028877258 epoch=29 and step=10
2026-04-17 00:18:50,317 - SplitNNClient - INFO - 23624 - phase=train acc=0.70859375 loss=16.111129820346832 epoch=29 and step=20
2026-04-17 00:18:50,390 - SplitNNClient - INFO - 8536 - phase=train acc=0.718359375 loss=15.485948204994202 epoch=29 and step=20
2026-04-17 00:18:50,495 - SplitNNClient - INFO - 8336 - phase=train acc=0.726953125 loss=15.577517628669739 epoch=29 and step=20
2026-04-17 00:18:52,769 - SplitNNClient - INFO - 23624 - phase=train acc=0.7130208333333333 loss=24.121632754802704 epoch=29 and step=30
2026-04-17 00:18:52,845 - SplitNNClient - INFO - 8536 - phase=train acc=0.7255208333333333 loss=22.941438138484955 epoch=29 and step=30
2026-04-17 00:18:52,889 - SplitNNClient - INFO - 8336 - phase=train acc=0.7296875 loss=23.519826233386993 epoch=29 and step=30
2026-04-17 00:18:55,129 - SplitNNClient - INFO - 23624 - phase=train acc=0.713671875 loss=32.734204828739166 epoch=29 and step=40
2026-04-17 00:18:55,214 - SplitNNClient - INFO - 8536 - phase=train acc=0.725390625 loss=30.524940967559814 epoch=29 and step=40
2026-04-17 00:18:55,260 - SplitNNClient - INFO - 8336 - phase=train acc=0.7251953125 loss=31.755538165569305 epoch=29 and step=40
2026-04-17 00:18:57,461 - SplitNNClient - INFO - 23624 - phase=train acc=0.71609375 loss=40.373758137226105 epoch=29 and step=50
2026-04-17 00:18:57,532 - SplitNNClient - INFO - 8536 - phase=train acc=0.72421875 loss=38.35950595140457 epoch=29 and step=50
2026-04-17 00:18:57,585 - SplitNNClient - INFO - 8336 - phase=train acc=0.72546875 loss=39.525686740875244 epoch=29 and step=50
2026-04-17 00:18:59,933 - SplitNNClient - INFO - 23624 - phase=train acc=0.7178385416666667 loss=48.590304136276245 epoch=29 and step=60
2026-04-17 00:19:00,018 - SplitNNClient - INFO - 8536 - phase=train acc=0.722265625 loss=46.30449199676514 epoch=29 and step=60
2026-04-17 00:19:00,071 - SplitNNClient - INFO - 8336 - phase=train acc=0.7235677083333333 loss=47.37201398611069 epoch=29 and step=60
2026-04-17 00:19:02,394 - SplitNNClient - INFO - 23624 - phase=train acc=0.7172991071428572 loss=56.67115753889084 epoch=29 and step=70
2026-04-17 00:19:02,508 - SplitNNClient - INFO - 8536 - phase=train acc=0.7227678571428572 loss=53.882503390312195 epoch=29 and step=70
2026-04-17 00:19:02,618 - SplitNNClient - INFO - 8336 - phase=train acc=0.7236607142857143 loss=55.14691203832626 epoch=29 and step=70
2026-04-17 00:19:04,910 - SplitNNClient - INFO - 23624 - phase=train acc=0.71796875 loss=64.61110770702362 epoch=29 and step=80
2026-04-17 00:19:05,017 - SplitNNClient - INFO - 8536 - phase=train acc=0.721875 loss=61.42769628763199 epoch=29 and step=80
2026-04-17 00:19:05,065 - SplitNNClient - INFO - 8336 - phase=train acc=0.72158203125 loss=63.16142624616623 epoch=29 and step=80
2026-04-17 00:19:07,278 - SplitNNClient - INFO - 23624 - phase=train acc=0.7151909722222223 loss=73.10855722427368 epoch=29 and step=90
2026-04-17 00:19:07,353 - SplitNNClient - INFO - 8536 - phase=train acc=0.7207465277777778 loss=69.68411487340927 epoch=29 and step=90
2026-04-17 00:19:07,400 - SplitNNClient - INFO - 8336 - phase=train acc=0.7212673611111111 loss=71.33389830589294 epoch=29 and step=90
2026-04-17 00:19:09,697 - SplitNNClient - INFO - 23624 - phase=train acc=0.7175 loss=80.56959009170532 epoch=29 and step=100
2026-04-17 00:19:09,743 - SplitNNClient - INFO - 8536 - phase=train acc=0.7225 loss=77.21178615093231 epoch=29 and step=100
2026-04-17 00:19:09,854 - SplitNNClient - INFO - 8336 - phase=train acc=0.72234375 loss=79.04796212911606 epoch=29 and step=100
2026-04-17 00:19:12,102 - SplitNNClient - INFO - 23624 - phase=train acc=0.7192471590909091 loss=88.31386971473694 epoch=29 and step=110
2026-04-17 00:19:12,237 - SplitNNClient - INFO - 8536 - phase=train acc=0.7205255681818182 loss=85.41062986850739 epoch=29 and step=110
2026-04-17 00:19:12,311 - SplitNNClient - INFO - 8336 - phase=train acc=0.7227272727272728 loss=87.12189412117004 epoch=29 and step=110
2026-04-17 00:19:14,673 - SplitNNClient - INFO - 23624 - phase=train acc=0.7193359375 loss=96.14827662706375 epoch=29 and step=120
2026-04-17 00:19:14,745 - SplitNNClient - INFO - 8536 - phase=train acc=0.7218098958333333 loss=93.35042816400528 epoch=29 and step=120
2026-04-17 00:19:14,854 - SplitNNClient - INFO - 8336 - phase=train acc=0.7231770833333333 loss=95.08207964897156 epoch=29 and step=120
2026-04-17 00:19:17,125 - SplitNNClient - INFO - 23624 - phase=train acc=0.7207331730769231 loss=103.81317847967148 epoch=29 and step=130
2026-04-17 00:19:17,170 - SplitNNClient - INFO - 8536 - phase=train acc=0.7231971153846154 loss=100.73671209812164 epoch=29 and step=130
2026-04-17 00:19:17,219 - SplitNNClient - INFO - 8336 - phase=train acc=0.7220552884615384 loss=103.11806964874268 epoch=29 and step=130
2026-04-17 00:19:17,288 - FedServerManager - INFO - 24456 - get all model params ---- from rank fed_server
2026-04-17 00:19:28,868 - SplitNNClient - INFO - 8336 - phase=validation acc=0.7975 loss=45.776347041130066 epoch=29 and step=79
2026-04-17 00:19:28,909 - SplitNNClient - INFO - 8536 - phase=validation acc=0.7975 loss=45.776347041130066 epoch=29 and step=79
2026-04-17 00:19:28,962 - SplitNNClient - INFO - 23624 - phase=validation acc=0.7975 loss=45.776347041130066 epoch=29 and step=79
2026-04-17 00:19:31,305 - SplitNNClient - INFO - 23624 - phase=train acc=0.73671875 loss=7.268853545188904 epoch=30 and step=10
2026-04-17 00:19:31,375 - SplitNNClient - INFO - 8336 - phase=train acc=0.75546875 loss=7.301768004894257 epoch=30 and step=10
2026-04-17 00:19:31,447 - SplitNNClient - INFO - 8536 - phase=train acc=0.7328125 loss=7.787536382675171 epoch=30 and step=10
2026-04-17 00:19:33,766 - SplitNNClient - INFO - 23624 - phase=train acc=0.741015625 loss=14.726134717464447 epoch=30 and step=20
2026-04-17 00:19:33,838 - SplitNNClient - INFO - 8336 - phase=train acc=0.741796875 loss=14.922571063041687 epoch=30 and step=20
2026-04-17 00:19:33,917 - SplitNNClient - INFO - 8536 - phase=train acc=0.73359375 loss=15.349568724632263 epoch=30 and step=20
2026-04-17 00:19:36,152 - SplitNNClient - INFO - 23624 - phase=train acc=0.7338541666666667 loss=22.841171264648438 epoch=30 and step=30
2026-04-17 00:19:36,262 - SplitNNClient - INFO - 8336 - phase=train acc=0.7390625 loss=22.300145506858826 epoch=30 and step=30
2026-04-17 00:19:36,308 - SplitNNClient - INFO - 8536 - phase=train acc=0.7307291666666667 loss=23.210655450820923 epoch=30 and step=30
2026-04-17 00:19:38,571 - SplitNNClient - INFO - 23624 - phase=train acc=0.7283203125 loss=30.911237239837646 epoch=30 and step=40
2026-04-17 00:19:38,619 - SplitNNClient - INFO - 8336 - phase=train acc=0.73203125 loss=30.35044527053833 epoch=30 and step=40
2026-04-17 00:19:38,693 - SplitNNClient - INFO - 8536 - phase=train acc=0.726953125 loss=31.483404874801636 epoch=30 and step=40
2026-04-17 00:19:40,945 - SplitNNClient - INFO - 23624 - phase=train acc=0.72703125 loss=38.72709375619888 epoch=30 and step=50
2026-04-17 00:19:41,018 - SplitNNClient - INFO - 8336 - phase=train acc=0.73140625 loss=38.20099914073944 epoch=30 and step=50
2026-04-17 00:19:41,128 - SplitNNClient - INFO - 8536 - phase=train acc=0.72453125 loss=39.520412266254425 epoch=30 and step=50
2026-04-17 00:19:43,340 - SplitNNClient - INFO - 23624 - phase=train acc=0.727734375 loss=46.60583823919296 epoch=30 and step=60
2026-04-17 00:19:43,416 - SplitNNClient - INFO - 8336 - phase=train acc=0.72734375 loss=46.385798931121826 epoch=30 and step=60
2026-04-17 00:19:43,488 - SplitNNClient - INFO - 8536 - phase=train acc=0.7231770833333333 loss=47.31491333246231 epoch=30 and step=60
2026-04-17 00:19:45,746 - SplitNNClient - INFO - 23624 - phase=train acc=0.7260044642857143 loss=54.4463672041893 epoch=30 and step=70
2026-04-17 00:19:45,852 - SplitNNClient - INFO - 8336 - phase=train acc=0.7267857142857143 loss=54.15102195739746 epoch=30 and step=70
2026-04-17 00:19:45,902 - SplitNNClient - INFO - 8536 - phase=train acc=0.7246651785714285 loss=55.16700899600983 epoch=30 and step=70
2026-04-17 00:19:48,172 - SplitNNClient - INFO - 23624 - phase=train acc=0.72822265625 loss=61.80283856391907 epoch=30 and step=80
2026-04-17 00:19:48,245 - SplitNNClient - INFO - 8336 - phase=train acc=0.72431640625 loss=62.26087558269501 epoch=30 and step=80
2026-04-17 00:19:48,352 - SplitNNClient - INFO - 8536 - phase=train acc=0.72724609375 loss=62.23216098546982 epoch=30 and step=80
2026-04-17 00:19:50,565 - SplitNNClient - INFO - 23624 - phase=train acc=0.7261284722222222 loss=69.81531274318695 epoch=30 and step=90
2026-04-17 00:19:50,612 - SplitNNClient - INFO - 8336 - phase=train acc=0.7230902777777778 loss=70.23489743471146 epoch=30 and step=90
2026-04-17 00:19:50,688 - SplitNNClient - INFO - 8536 - phase=train acc=0.72890625 loss=69.98476386070251 epoch=30 and step=90
2026-04-17 00:19:52,883 - SplitNNClient - INFO - 23624 - phase=train acc=0.7253125 loss=77.9286076426506 epoch=30 and step=100
2026-04-17 00:19:52,956 - SplitNNClient - INFO - 8336 - phase=train acc=0.722109375 loss=78.37897378206253 epoch=30 and step=100
2026-04-17 00:19:53,058 - SplitNNClient - INFO - 8536 - phase=train acc=0.72796875 loss=77.66538196802139 epoch=30 and step=100
2026-04-17 00:19:55,305 - SplitNNClient - INFO - 23624 - phase=train acc=0.7250710227272728 loss=85.64817506074905 epoch=30 and step=110
2026-04-17 00:19:55,375 - SplitNNClient - INFO - 8336 - phase=train acc=0.7228693181818182 loss=86.3839795589447 epoch=30 and step=110
2026-04-17 00:19:55,453 - SplitNNClient - INFO - 8536 - phase=train acc=0.7276278409090909 loss=85.6638240814209 epoch=30 and step=110
2026-04-17 00:19:57,699 - SplitNNClient - INFO - 23624 - phase=train acc=0.7254557291666667 loss=93.53080028295517 epoch=30 and step=120
2026-04-17 00:19:57,746 - SplitNNClient - INFO - 8336 - phase=train acc=0.7216145833333333 loss=94.67782992124557 epoch=30 and step=120
2026-04-17 00:19:57,883 - SplitNNClient - INFO - 8536 - phase=train acc=0.7249348958333334 loss=94.66191965341568 epoch=30 and step=120
2026-04-17 00:20:00,135 - SplitNNClient - INFO - 23624 - phase=train acc=0.7245793269230769 loss=101.37159460783005 epoch=30 and step=130
2026-04-17 00:20:00,187 - SplitNNClient - INFO - 8336 - phase=train acc=0.7218149038461539 loss=102.44058471918106 epoch=30 and step=130
2026-04-17 00:20:00,256 - SplitNNClient - INFO - 8536 - phase=train acc=0.7227163461538462 loss=103.1356845498085 epoch=30 and step=130
2026-04-17 00:20:00,325 - FedServerManager - INFO - 24456 - get all model params ---- from rank fed_server
2026-04-17 00:20:11,946 - SplitNNClient - INFO - 8536 - phase=validation acc=0.7962 loss=47.078094124794006 epoch=30 and step=79
2026-04-17 00:20:11,996 - SplitNNClient - INFO - 23624 - phase=validation acc=0.7962 loss=47.078094124794006 epoch=30 and step=79
2026-04-17 00:20:12,050 - SplitNNClient - INFO - 8336 - phase=validation acc=0.7962 loss=47.078094124794006 epoch=30 and step=79
2026-04-17 00:20:14,495 - SplitNNClient - INFO - 8336 - phase=train acc=0.74609375 loss=7.438048183917999 epoch=31 and step=10
2026-04-17 00:20:14,567 - SplitNNClient - INFO - 8536 - phase=train acc=0.76328125 loss=6.488378882408142 epoch=31 and step=10
2026-04-17 00:20:14,619 - SplitNNClient - INFO - 23624 - phase=train acc=0.74375 loss=7.312481343746185 epoch=31 and step=10
2026-04-17 00:20:16,937 - SplitNNClient - INFO - 8536 - phase=train acc=0.76015625 loss=13.673908829689026 epoch=31 and step=20
2026-04-17 00:20:16,990 - SplitNNClient - INFO - 8336 - phase=train acc=0.734765625 loss=15.578592300415039 epoch=31 and step=20
2026-04-17 00:20:17,121 - SplitNNClient - INFO - 23624 - phase=train acc=0.7359375 loss=15.38485300540924 epoch=31 and step=20
2026-04-17 00:20:19,351 - SplitNNClient - INFO - 8536 - phase=train acc=0.7497395833333333 loss=21.639845311641693 epoch=31 and step=30
2026-04-17 00:20:19,397 - SplitNNClient - INFO - 8336 - phase=train acc=0.7375 loss=22.85651183128357 epoch=31 and step=30
2026-04-17 00:20:19,470 - SplitNNClient - INFO - 23624 - phase=train acc=0.734375 loss=23.45017409324646 epoch=31 and step=30
2026-04-17 00:20:21,731 - SplitNNClient - INFO - 8536 - phase=train acc=0.74765625 loss=29.228354454040527 epoch=31 and step=40
2026-04-17 00:20:21,806 - SplitNNClient - INFO - 8336 - phase=train acc=0.73984375 loss=30.281213879585266 epoch=31 and step=40
2026-04-17 00:20:21,911 - SplitNNClient - INFO - 23624 - phase=train acc=0.7341796875 loss=31.05060249567032 epoch=31 and step=40
2026-04-17 00:20:24,230 - SplitNNClient - INFO - 8536 - phase=train acc=0.74828125 loss=36.542033314704895 epoch=31 and step=50
2026-04-17 00:20:24,308 - SplitNNClient - INFO - 8336 - phase=train acc=0.73796875 loss=38.423044979572296 epoch=31 and step=50
2026-04-17 00:20:24,383 - SplitNNClient - INFO - 23624 - phase=train acc=0.72765625 loss=39.23598498106003 epoch=31 and step=50
2026-04-17 00:20:26,730 - SplitNNClient - INFO - 8536 - phase=train acc=0.7462239583333333 loss=43.82719564437866 epoch=31 and step=60
2026-04-17 00:20:26,777 - SplitNNClient - INFO - 8336 - phase=train acc=0.7360677083333333 loss=46.36242687702179 epoch=31 and step=60
2026-04-17 00:20:26,853 - SplitNNClient - INFO - 23624 - phase=train acc=0.72578125 loss=47.24023151397705 epoch=31 and step=60
2026-04-17 00:20:29,109 - SplitNNClient - INFO - 8536 - phase=train acc=0.7424107142857143 loss=51.885600209236145 epoch=31 and step=70
2026-04-17 00:20:29,178 - SplitNNClient - INFO - 8336 - phase=train acc=0.7337053571428571 loss=54.328624963760376 epoch=31 and step=70
2026-04-17 00:20:29,286 - SplitNNClient - INFO - 23624 - phase=train acc=0.7287946428571429 loss=54.54599678516388 epoch=31 and step=70
2026-04-17 00:20:31,461 - SplitNNClient - INFO - 8536 - phase=train acc=0.7400390625 loss=59.948136150836945 epoch=31 and step=80
2026-04-17 00:20:31,536 - SplitNNClient - INFO - 8336 - phase=train acc=0.73349609375 loss=61.71843856573105 epoch=31 and step=80
2026-04-17 00:20:31,609 - SplitNNClient - INFO - 23624 - phase=train acc=0.72587890625 loss=63.021226942539215 epoch=31 and step=80
2026-04-17 00:20:33,787 - SplitNNClient - INFO - 8536 - phase=train acc=0.740625 loss=67.44532936811447 epoch=31 and step=90
2026-04-17 00:20:33,911 - SplitNNClient - INFO - 8336 - phase=train acc=0.7317708333333334 loss=69.49256211519241 epoch=31 and step=90
2026-04-17 00:20:34,063 - SplitNNClient - INFO - 23624 - phase=train acc=0.7272569444444444 loss=70.7849583029747 epoch=31 and step=90
2026-04-17 00:20:36,087 - SplitNNClient - INFO - 8536 - phase=train acc=0.737734375 loss=75.2090074121952 epoch=31 and step=100
2026-04-17 00:20:36,264 - SplitNNClient - INFO - 8336 - phase=train acc=0.729375 loss=77.62464141845703 epoch=31 and step=100
2026-04-17 00:20:36,414 - SplitNNClient - INFO - 23624 - phase=train acc=0.727890625 loss=78.54589402675629 epoch=31 and step=100
2026-04-17 00:20:38,533 - SplitNNClient - INFO - 8536 - phase=train acc=0.7369318181818182 loss=83.14557132124901 epoch=31 and step=110
2026-04-17 00:20:38,720 - SplitNNClient - INFO - 8336 - phase=train acc=0.72890625 loss=85.27843737602234 epoch=31 and step=110
2026-04-17 00:20:38,872 - SplitNNClient - INFO - 23624 - phase=train acc=0.7299715909090909 loss=86.08317613601685 epoch=31 and step=110
2026-04-17 00:20:40,985 - SplitNNClient - INFO - 8536 - phase=train acc=0.7359375 loss=91.17809101939201 epoch=31 and step=120
2026-04-17 00:20:41,143 - SplitNNClient - INFO - 8336 - phase=train acc=0.7291666666666666 loss=93.07256788015366 epoch=31 and step=120
2026-04-17 00:20:41,277 - SplitNNClient - INFO - 23624 - phase=train acc=0.7291666666666666 loss=94.24026757478714 epoch=31 and step=120
2026-04-17 00:20:43,360 - SplitNNClient - INFO - 8536 - phase=train acc=0.7374399038461539 loss=98.17804625630379 epoch=31 and step=130
2026-04-17 00:20:43,539 - SplitNNClient - INFO - 8336 - phase=train acc=0.7285456730769231 loss=101.11943101882935 epoch=31 and step=130
2026-04-17 00:20:43,671 - SplitNNClient - INFO - 23624 - phase=train acc=0.7270432692307692 loss=102.6565717458725 epoch=31 and step=130
2026-04-17 00:20:43,754 - FedServerManager - INFO - 24456 - get all model params ---- from rank fed_server
2026-04-17 00:20:55,305 - SplitNNClient - INFO - 8536 - phase=validation acc=0.8093 loss=44.011501014232635 epoch=31 and step=79
2026-04-17 00:20:55,358 - SplitNNClient - INFO - 23624 - phase=validation acc=0.8093 loss=44.011501014232635 epoch=31 and step=79
2026-04-17 00:20:55,406 - SplitNNClient - INFO - 8336 - phase=validation acc=0.8093 loss=44.011501014232635 epoch=31 and step=79
2026-04-17 00:20:57,806 - SplitNNClient - INFO - 8336 - phase=train acc=0.7609375 loss=6.992960453033447 epoch=32 and step=10
2026-04-17 00:20:57,856 - SplitNNClient - INFO - 8536 - phase=train acc=0.7453125 loss=6.913247346878052 epoch=32 and step=10
2026-04-17 00:20:57,990 - SplitNNClient - INFO - 23624 - phase=train acc=0.75234375 loss=6.939700484275818 epoch=32 and step=10
2026-04-17 00:21:00,149 - SplitNNClient - INFO - 8336 - phase=train acc=0.744921875 loss=14.81622576713562 epoch=32 and step=20
2026-04-17 00:21:00,259 - SplitNNClient - INFO - 8536 - phase=train acc=0.746875 loss=13.811058819293976 epoch=32 and step=20
2026-04-17 00:21:00,303 - SplitNNClient - INFO - 23624 - phase=train acc=0.747265625 loss=14.418341994285583 epoch=32 and step=20
2026-04-17 00:21:02,534 - SplitNNClient - INFO - 8336 - phase=train acc=0.7393229166666667 loss=22.752021193504333 epoch=32 and step=30
2026-04-17 00:21:02,643 - SplitNNClient - INFO - 8536 - phase=train acc=0.7471354166666667 loss=21.366477251052856 epoch=32 and step=30
2026-04-17 00:21:02,720 - SplitNNClient - INFO - 23624 - phase=train acc=0.7481770833333333 loss=21.551324129104614 epoch=32 and step=30
2026-04-17 00:21:04,986 - SplitNNClient - INFO - 8336 - phase=train acc=0.731640625 loss=31.078340709209442 epoch=32 and step=40
2026-04-17 00:21:05,035 - SplitNNClient - INFO - 8536 - phase=train acc=0.7458984375 loss=28.50879967212677 epoch=32 and step=40
2026-04-17 00:21:05,081 - SplitNNClient - INFO - 23624 - phase=train acc=0.74375 loss=29.312051594257355 epoch=32 and step=40
2026-04-17 00:21:07,259 - SplitNNClient - INFO - 8336 - phase=train acc=0.73421875 loss=38.46021521091461 epoch=32 and step=50
2026-04-17 00:21:07,368 - SplitNNClient - INFO - 8536 - phase=train acc=0.74390625 loss=36.11733889579773 epoch=32 and step=50
2026-04-17 00:21:07,440 - SplitNNClient - INFO - 23624 - phase=train acc=0.74203125 loss=36.594001054763794 epoch=32 and step=50
2026-04-17 00:21:09,555 - SplitNNClient - INFO - 8336 - phase=train acc=0.7317708333333334 loss=46.479596972465515 epoch=32 and step=60
2026-04-17 00:21:09,660 - SplitNNClient - INFO - 8536 - phase=train acc=0.7411458333333333 loss=43.78704106807709 epoch=32 and step=60
2026-04-17 00:21:09,708 - SplitNNClient - INFO - 23624 - phase=train acc=0.74296875 loss=44.02245396375656 epoch=32 and step=60
2026-04-17 00:21:11,985 - SplitNNClient - INFO - 8336 - phase=train acc=0.7309151785714286 loss=54.21144491434097 epoch=32 and step=70
2026-04-17 00:21:12,057 - SplitNNClient - INFO - 8536 - phase=train acc=0.7411830357142857 loss=51.19015771150589 epoch=32 and step=70
2026-04-17 00:21:12,170 - SplitNNClient - INFO - 23624 - phase=train acc=0.7379464285714286 loss=52.47454857826233 epoch=32 and step=70
2026-04-17 00:21:14,446 - SplitNNClient - INFO - 8336 - phase=train acc=0.73232421875 loss=61.742307007312775 epoch=32 and step=80
2026-04-17 00:21:14,577 - SplitNNClient - INFO - 8536 - phase=train acc=0.74287109375 loss=58.54288595914841 epoch=32 and step=80
2026-04-17 00:21:14,626 - SplitNNClient - INFO - 23624 - phase=train acc=0.73876953125 loss=60.23144066333771 epoch=32 and step=80
2026-04-17 00:21:16,841 - SplitNNClient - INFO - 8336 - phase=train acc=0.7329861111111111 loss=69.3724958896637 epoch=32 and step=90
2026-04-17 00:21:16,915 - SplitNNClient - INFO - 8536 - phase=train acc=0.7407986111111111 loss=66.3273937702179 epoch=32 and step=90
2026-04-17 00:21:17,021 - SplitNNClient - INFO - 23624 - phase=train acc=0.7363715277777778 loss=68.17325162887573 epoch=32 and step=90
2026-04-17 00:21:19,231 - SplitNNClient - INFO - 8336 - phase=train acc=0.73296875 loss=77.12202578783035 epoch=32 and step=100
2026-04-17 00:21:19,339 - SplitNNClient - INFO - 8536 - phase=train acc=0.738359375 loss=74.2053017616272 epoch=32 and step=100
2026-04-17 00:21:19,415 - SplitNNClient - INFO - 23624 - phase=train acc=0.736171875 loss=76.06304347515106 epoch=32 and step=100
2026-04-17 00:21:21,597 - SplitNNClient - INFO - 8336 - phase=train acc=0.7325284090909091 loss=84.5860286951065 epoch=32 and step=110
2026-04-17 00:21:21,731 - SplitNNClient - INFO - 8536 - phase=train acc=0.7384232954545454 loss=81.88378155231476 epoch=32 and step=110
2026-04-17 00:21:21,808 - SplitNNClient - INFO - 23624 - phase=train acc=0.733096590909091 loss=84.41671234369278 epoch=32 and step=110
2026-04-17 00:21:24,027 - SplitNNClient - INFO - 8336 - phase=train acc=0.7322916666666667 loss=91.84498023986816 epoch=32 and step=120
2026-04-17 00:21:24,139 - SplitNNClient - INFO - 8536 - phase=train acc=0.737890625 loss=89.57261502742767 epoch=32 and step=120
2026-04-17 00:21:24,217 - SplitNNClient - INFO - 23624 - phase=train acc=0.7328776041666667 loss=92.1304526925087 epoch=32 and step=120
2026-04-17 00:21:26,461 - SplitNNClient - INFO - 8336 - phase=train acc=0.7319711538461539 loss=99.6233394742012 epoch=32 and step=130
2026-04-17 00:21:26,537 - SplitNNClient - INFO - 8536 - phase=train acc=0.7376802884615384 loss=97.1050106883049 epoch=32 and step=130
2026-04-17 00:21:26,614 - SplitNNClient - INFO - 23624 - phase=train acc=0.7329927884615385 loss=99.74496448040009 epoch=32 and step=130
2026-04-17 00:21:26,687 - FedServerManager - INFO - 24456 - get all model params ---- from rank fed_server
2026-04-17 00:21:38,174 - SplitNNClient - INFO - 8536 - phase=validation acc=0.8099 loss=43.739094853401184 epoch=32 and step=79
2026-04-17 00:21:38,234 - SplitNNClient - INFO - 23624 - phase=validation acc=0.8099 loss=43.739094853401184 epoch=32 and step=79
2026-04-17 00:21:38,276 - SplitNNClient - INFO - 8336 - phase=validation acc=0.8099 loss=43.739094853401184 epoch=32 and step=79
2026-04-17 00:21:40,752 - SplitNNClient - INFO - 8536 - phase=train acc=0.75703125 loss=6.761912643909454 epoch=33 and step=10
2026-04-17 00:21:40,823 - SplitNNClient - INFO - 23624 - phase=train acc=0.7515625 loss=6.888284862041473 epoch=33 and step=10
2026-04-17 00:21:40,927 - SplitNNClient - INFO - 8336 - phase=train acc=0.76953125 loss=6.862592399120331 epoch=33 and step=10
2026-04-17 00:21:43,082 - SplitNNClient - INFO - 8536 - phase=train acc=0.745703125 loss=14.318668007850647 epoch=33 and step=20
2026-04-17 00:21:43,211 - SplitNNClient - INFO - 23624 - phase=train acc=0.745703125 loss=14.386144638061523 epoch=33 and step=20
2026-04-17 00:21:43,255 - SplitNNClient - INFO - 8336 - phase=train acc=0.75 loss=14.334069669246674 epoch=33 and step=20
2026-04-17 00:21:45,477 - SplitNNClient - INFO - 8536 - phase=train acc=0.746875 loss=21.944569051265717 epoch=33 and step=30
2026-04-17 00:21:45,530 - SplitNNClient - INFO - 23624 - phase=train acc=0.7494791666666667 loss=21.202096939086914 epoch=33 and step=30
2026-04-17 00:21:45,630 - SplitNNClient - INFO - 8336 - phase=train acc=0.7484375 loss=21.745827317237854 epoch=33 and step=30
2026-04-17 00:21:47,857 - SplitNNClient - INFO - 8536 - phase=train acc=0.7513671875 loss=28.99144983291626 epoch=33 and step=40
2026-04-17 00:21:47,933 - SplitNNClient - INFO - 23624 - phase=train acc=0.7462890625 loss=28.873720288276672 epoch=33 and step=40
2026-04-17 00:21:48,005 - SplitNNClient - INFO - 8336 - phase=train acc=0.742578125 loss=29.668528735637665 epoch=33 and step=40
2026-04-17 00:21:50,336 - SplitNNClient - INFO - 8536 - phase=train acc=0.75078125 loss=36.26323837041855 epoch=33 and step=50
2026-04-17 00:21:50,437 - SplitNNClient - INFO - 23624 - phase=train acc=0.74328125 loss=36.592237532138824 epoch=33 and step=50
2026-04-17 00:21:50,508 - SplitNNClient - INFO - 8336 - phase=train acc=0.73984375 loss=37.08178359270096 epoch=33 and step=50
2026-04-17 00:21:52,889 - SplitNNClient - INFO - 8536 - phase=train acc=0.752734375 loss=43.27617985010147 epoch=33 and step=60
2026-04-17 00:21:52,998 - SplitNNClient - INFO - 23624 - phase=train acc=0.7419270833333333 loss=44.107680320739746 epoch=33 and step=60
2026-04-17 00:21:53,047 - SplitNNClient - INFO - 8336 - phase=train acc=0.7438802083333333 loss=44.173578441143036 epoch=33 and step=60
2026-04-17 00:21:55,375 - SplitNNClient - INFO - 8536 - phase=train acc=0.75234375 loss=50.603931963443756 epoch=33 and step=70
2026-04-17 00:21:55,454 - SplitNNClient - INFO - 23624 - phase=train acc=0.7418526785714286 loss=51.42161977291107 epoch=33 and step=70
2026-04-17 00:21:55,558 - SplitNNClient - INFO - 8336 - phase=train acc=0.74609375 loss=51.388288140296936 epoch=33 and step=70
2026-04-17 00:21:57,959 - SplitNNClient - INFO - 8536 - phase=train acc=0.74931640625 loss=58.00349152088165 epoch=33 and step=80
2026-04-17 00:21:58,032 - SplitNNClient - INFO - 23624 - phase=train acc=0.74150390625 loss=58.828064918518066 epoch=33 and step=80
2026-04-17 00:21:58,166 - SplitNNClient - INFO - 8336 - phase=train acc=0.7447265625 loss=59.10084480047226 epoch=33 and step=80
2026-04-17 00:22:00,468 - SplitNNClient - INFO - 8536 - phase=train acc=0.7466145833333333 loss=65.62871259450912 epoch=33 and step=90
2026-04-17 00:22:00,518 - SplitNNClient - INFO - 23624 - phase=train acc=0.7407986111111111 loss=66.3735363483429 epoch=33 and step=90
2026-04-17 00:22:00,652 - SplitNNClient - INFO - 8336 - phase=train acc=0.7459201388888889 loss=66.14774405956268 epoch=33 and step=90
2026-04-17 00:22:02,982 - SplitNNClient - INFO - 8536 - phase=train acc=0.747578125 loss=72.41081118583679 epoch=33 and step=100
2026-04-17 00:22:03,088 - SplitNNClient - INFO - 23624 - phase=train acc=0.740078125 loss=74.01357531547546 epoch=33 and step=100
2026-04-17 00:22:03,136 - SplitNNClient - INFO - 8336 - phase=train acc=0.74453125 loss=73.92028880119324 epoch=33 and step=100
2026-04-17 00:22:05,539 - SplitNNClient - INFO - 8536 - phase=train acc=0.7482244318181818 loss=79.58049643039703 epoch=33 and step=110
2026-04-17 00:22:05,650 - SplitNNClient - INFO - 23624 - phase=train acc=0.7402698863636363 loss=81.94569569826126 epoch=33 and step=110
2026-04-17 00:22:05,718 - SplitNNClient - INFO - 8336 - phase=train acc=0.7428977272727273 loss=81.84003221988678 epoch=33 and step=110
2026-04-17 00:22:08,046 - SplitNNClient - INFO - 8536 - phase=train acc=0.747265625 loss=87.40991377830505 epoch=33 and step=120
2026-04-17 00:22:08,118 - SplitNNClient - INFO - 23624 - phase=train acc=0.7409505208333333 loss=89.2171505689621 epoch=33 and step=120
2026-04-17 00:22:08,186 - SplitNNClient - INFO - 8336 - phase=train acc=0.7419921875 loss=89.45569270849228 epoch=33 and step=120
2026-04-17 00:22:10,443 - SplitNNClient - INFO - 8536 - phase=train acc=0.7465745192307692 loss=95.15451610088348 epoch=33 and step=130
2026-04-17 00:22:10,577 - SplitNNClient - INFO - 23624 - phase=train acc=0.7399639423076924 loss=96.62870669364929 epoch=33 and step=130
2026-04-17 00:22:10,620 - SplitNNClient - INFO - 8336 - phase=train acc=0.7400240384615384 loss=97.43286073207855 epoch=33 and step=130
2026-04-17 00:22:10,684 - FedServerManager - INFO - 24456 - get all model params ---- from rank fed_server
2026-04-17 00:22:22,456 - SplitNNClient - INFO - 8536 - phase=validation acc=0.8124 loss=43.172799825668335 epoch=33 and step=79
2026-04-17 00:22:22,525 - SplitNNClient - INFO - 8336 - phase=validation acc=0.8124 loss=43.172799825668335 epoch=33 and step=79
2026-04-17 00:22:22,563 - SplitNNClient - INFO - 23624 - phase=validation acc=0.8124 loss=43.172799825668335 epoch=33 and step=79
2026-04-17 00:22:25,002 - SplitNNClient - INFO - 8536 - phase=train acc=0.76015625 loss=6.890043020248413 epoch=34 and step=10
2026-04-17 00:22:25,079 - SplitNNClient - INFO - 8336 - phase=train acc=0.759375 loss=6.870341897010803 epoch=34 and step=10
2026-04-17 00:22:25,158 - SplitNNClient - INFO - 23624 - phase=train acc=0.765625 loss=6.8143675327301025 epoch=34 and step=10
2026-04-17 00:22:27,438 - SplitNNClient - INFO - 8536 - phase=train acc=0.7640625 loss=13.953838646411896 epoch=34 and step=20
2026-04-17 00:22:27,568 - SplitNNClient - INFO - 8336 - phase=train acc=0.758984375 loss=13.816469371318817 epoch=34 and step=20
2026-04-17 00:22:27,615 - SplitNNClient - INFO - 23624 - phase=train acc=0.75859375 loss=14.142837285995483 epoch=34 and step=20
2026-04-17 00:22:29,950 - SplitNNClient - INFO - 8536 - phase=train acc=0.7611979166666667 loss=20.809629261493683 epoch=34 and step=30
2026-04-17 00:22:30,058 - SplitNNClient - INFO - 8336 - phase=train acc=0.7559895833333333 loss=21.23056536912918 epoch=34 and step=30
2026-04-17 00:22:30,134 - SplitNNClient - INFO - 23624 - phase=train acc=0.7513020833333334 loss=21.67112922668457 epoch=34 and step=30
2026-04-17 00:22:32,461 - SplitNNClient - INFO - 8536 - phase=train acc=0.75703125 loss=28.09904396533966 epoch=34 and step=40
2026-04-17 00:22:32,567 - SplitNNClient - INFO - 8336 - phase=train acc=0.75234375 loss=28.42691206932068 epoch=34 and step=40
2026-04-17 00:22:32,638 - SplitNNClient - INFO - 23624 - phase=train acc=0.7505859375 loss=28.828280091285706 epoch=34 and step=40
2026-04-17 00:22:34,890 - SplitNNClient - INFO - 8536 - phase=train acc=0.754375 loss=35.419100642204285 epoch=34 and step=50
2026-04-17 00:22:35,023 - SplitNNClient - INFO - 8336 - phase=train acc=0.75171875 loss=35.73118185997009 epoch=34 and step=50
2026-04-17 00:22:35,070 - SplitNNClient - INFO - 23624 - phase=train acc=0.74515625 loss=36.69371163845062 epoch=34 and step=50
2026-04-17 00:22:37,321 - SplitNNClient - INFO - 8536 - phase=train acc=0.7502604166666667 loss=42.89464294910431 epoch=34 and step=60
2026-04-17 00:22:37,394 - SplitNNClient - INFO - 8336 - phase=train acc=0.75078125 loss=43.37174874544144 epoch=34 and step=60
2026-04-17 00:22:37,473 - SplitNNClient - INFO - 23624 - phase=train acc=0.7466145833333333 loss=43.88476312160492 epoch=34 and step=60
2026-04-17 00:22:39,754 - SplitNNClient - INFO - 8536 - phase=train acc=0.7473214285714286 loss=50.39418637752533 epoch=34 and step=70
2026-04-17 00:22:39,802 - SplitNNClient - INFO - 8336 - phase=train acc=0.7504464285714286 loss=50.48670166730881 epoch=34 and step=70
2026-04-17 00:22:39,938 - SplitNNClient - INFO - 23624 - phase=train acc=0.7454241071428571 loss=51.3301106095314 epoch=34 and step=70
2026-04-17 00:22:42,178 - SplitNNClient - INFO - 8536 - phase=train acc=0.7458984375 loss=57.82492184638977 epoch=34 and step=80
2026-04-17 00:22:42,330 - SplitNNClient - INFO - 8336 - phase=train acc=0.7482421875 loss=58.201603055000305 epoch=34 and step=80
2026-04-17 00:22:42,513 - SplitNNClient - INFO - 23624 - phase=train acc=0.74541015625 loss=58.711638033390045 epoch=34 and step=80
2026-04-17 00:22:44,552 - SplitNNClient - INFO - 8536 - phase=train acc=0.7456597222222222 loss=65.2106522321701 epoch=34 and step=90
2026-04-17 00:22:44,734 - SplitNNClient - INFO - 8336 - phase=train acc=0.7480034722222222 loss=65.59577810764313 epoch=34 and step=90
2026-04-17 00:22:44,860 - SplitNNClient - INFO - 23624 - phase=train acc=0.7450520833333333 loss=66.33188945055008 epoch=34 and step=90
2026-04-17 00:22:46,944 - SplitNNClient - INFO - 8536 - phase=train acc=0.74765625 loss=72.04905742406845 epoch=34 and step=100
2026-04-17 00:22:47,098 - SplitNNClient - INFO - 8336 - phase=train acc=0.748046875 loss=72.81513100862503 epoch=34 and step=100
2026-04-17 00:22:47,278 - SplitNNClient - INFO - 23624 - phase=train acc=0.744921875 loss=73.75558960437775 epoch=34 and step=100
2026-04-17 00:22:49,223 - SplitNNClient - INFO - 8536 - phase=train acc=0.7471590909090909 loss=79.00978809595108 epoch=34 and step=110
2026-04-17 00:22:49,398 - SplitNNClient - INFO - 8336 - phase=train acc=0.7463068181818182 loss=80.52758491039276 epoch=34 and step=110
2026-04-17 00:22:49,554 - SplitNNClient - INFO - 23624 - phase=train acc=0.7435369318181818 loss=81.76266634464264 epoch=34 and step=110
2026-04-17 00:22:51,543 - SplitNNClient - INFO - 8536 - phase=train acc=0.7478515625 loss=86.02993583679199 epoch=34 and step=120
2026-04-17 00:22:51,720 - SplitNNClient - INFO - 8336 - phase=train acc=0.7459635416666667 loss=88.18282878398895 epoch=34 and step=120
2026-04-17 00:22:51,873 - SplitNNClient - INFO - 23624 - phase=train acc=0.7432942708333333 loss=89.12808793783188 epoch=34 and step=120
2026-04-17 00:22:53,885 - SplitNNClient - INFO - 8536 - phase=train acc=0.7456730769230769 loss=94.02219241857529 epoch=34 and step=130
2026-04-17 00:22:54,132 - SplitNNClient - INFO - 8336 - phase=train acc=0.7446514423076923 loss=96.32049405574799 epoch=34 and step=130
2026-04-17 00:22:54,236 - SplitNNClient - INFO - 23624 - phase=train acc=0.7421875 loss=96.62590497732162 epoch=34 and step=130
2026-04-17 00:22:54,303 - FedServerManager - INFO - 24456 - get all model params ---- from rank fed_server
2026-04-17 00:23:05,793 - SplitNNClient - INFO - 8336 - phase=validation acc=0.8159 loss=42.6142892241478 epoch=34 and step=79
2026-04-17 00:23:05,851 - SplitNNClient - INFO - 23624 - phase=validation acc=0.8159 loss=42.6142892241478 epoch=34 and step=79
2026-04-17 00:23:05,890 - SplitNNClient - INFO - 8536 - phase=validation acc=0.8159 loss=42.6142892241478 epoch=34 and step=79
2026-04-17 00:23:08,291 - SplitNNClient - INFO - 8336 - phase=train acc=0.76171875 loss=6.744520783424377 epoch=35 and step=10
2026-04-17 00:23:08,366 - SplitNNClient - INFO - 23624 - phase=train acc=0.75703125 loss=7.171569466590881 epoch=35 and step=10
2026-04-17 00:23:08,477 - SplitNNClient - INFO - 8536 - phase=train acc=0.759375 loss=6.766435205936432 epoch=35 and step=10
2026-04-17 00:23:10,716 - SplitNNClient - INFO - 8336 - phase=train acc=0.74921875 loss=14.212446630001068 epoch=35 and step=20
2026-04-17 00:23:10,768 - SplitNNClient - INFO - 23624 - phase=train acc=0.76171875 loss=13.734360694885254 epoch=35 and step=20
2026-04-17 00:23:10,869 - SplitNNClient - INFO - 8536 - phase=train acc=0.7640625 loss=13.365562319755554 epoch=35 and step=20
2026-04-17 00:23:13,191 - SplitNNClient - INFO - 8336 - phase=train acc=0.7544270833333333 loss=21.288892030715942 epoch=35 and step=30
2026-04-17 00:23:13,303 - SplitNNClient - INFO - 23624 - phase=train acc=0.7510416666666667 loss=21.20540201663971 epoch=35 and step=30
2026-04-17 00:23:13,377 - SplitNNClient - INFO - 8536 - phase=train acc=0.7635416666666667 loss=20.01862281560898 epoch=35 and step=30
2026-04-17 00:23:15,648 - SplitNNClient - INFO - 8336 - phase=train acc=0.7505859375 loss=28.939280331134796 epoch=35 and step=40
2026-04-17 00:23:15,693 - SplitNNClient - INFO - 23624 - phase=train acc=0.74375 loss=29.188464105129242 epoch=35 and step=40
2026-04-17 00:23:15,802 - SplitNNClient - INFO - 8536 - phase=train acc=0.7568359375 loss=27.35635769367218 epoch=35 and step=40
2026-04-17 00:23:17,987 - SplitNNClient - INFO - 8336 - phase=train acc=0.74796875 loss=36.32165312767029 epoch=35 and step=50
2026-04-17 00:23:18,089 - SplitNNClient - INFO - 23624 - phase=train acc=0.7390625 loss=36.976643204689026 epoch=35 and step=50
2026-04-17 00:23:18,190 - SplitNNClient - INFO - 8536 - phase=train acc=0.7546875 loss=34.92666429281235 epoch=35 and step=50
2026-04-17 00:23:20,395 - SplitNNClient - INFO - 8336 - phase=train acc=0.75 loss=43.1599515080452 epoch=35 and step=60
2026-04-17 00:23:20,471 - SplitNNClient - INFO - 23624 - phase=train acc=0.7352864583333333 loss=44.437997817993164 epoch=35 and step=60
2026-04-17 00:23:20,517 - SplitNNClient - INFO - 8536 - phase=train acc=0.75234375 loss=42.2152755856514 epoch=35 and step=60
2026-04-17 00:23:22,788 - SplitNNClient - INFO - 8336 - phase=train acc=0.7505580357142857 loss=50.40241426229477 epoch=35 and step=70
2026-04-17 00:23:22,895 - SplitNNClient - INFO - 23624 - phase=train acc=0.7363839285714285 loss=51.80272698402405 epoch=35 and step=70
2026-04-17 00:23:22,945 - SplitNNClient - INFO - 8536 - phase=train acc=0.7530133928571429 loss=49.2987505197525 epoch=35 and step=70
2026-04-17 00:23:25,113 - SplitNNClient - INFO - 8336 - phase=train acc=0.7509765625 loss=57.52152359485626 epoch=35 and step=80
2026-04-17 00:23:25,223 - SplitNNClient - INFO - 23624 - phase=train acc=0.7369140625 loss=58.92469900846481 epoch=35 and step=80
2026-04-17 00:23:25,266 - SplitNNClient - INFO - 8536 - phase=train acc=0.7546875 loss=56.31783765554428 epoch=35 and step=80
2026-04-17 00:23:27,496 - SplitNNClient - INFO - 8336 - phase=train acc=0.7502604166666667 loss=64.46338212490082 epoch=35 and step=90
2026-04-17 00:23:27,606 - SplitNNClient - INFO - 23624 - phase=train acc=0.7391493055555556 loss=65.85879868268967 epoch=35 and step=90
2026-04-17 00:23:27,648 - SplitNNClient - INFO - 8536 - phase=train acc=0.7486111111111111 loss=65.58293253183365 epoch=35 and step=90
2026-04-17 00:23:29,776 - SplitNNClient - INFO - 8336 - phase=train acc=0.75078125 loss=71.43647468090057 epoch=35 and step=100
2026-04-17 00:23:29,859 - SplitNNClient - INFO - 23624 - phase=train acc=0.740703125 loss=73.16233277320862 epoch=35 and step=100
2026-04-17 00:23:29,927 - SplitNNClient - INFO - 8536 - phase=train acc=0.740234375 loss=75.2349101305008 epoch=35 and step=100
2026-04-17 00:23:32,235 - SplitNNClient - INFO - 8336 - phase=train acc=0.7512073863636364 loss=78.66734164953232 epoch=35 and step=110
2026-04-17 00:23:32,316 - SplitNNClient - INFO - 23624 - phase=train acc=0.7403409090909091 loss=80.35600262880325 epoch=35 and step=110
2026-04-17 00:23:32,424 - SplitNNClient - INFO - 8536 - phase=train acc=0.7348721590909091 loss=84.31371504068375 epoch=35 and step=110
2026-04-17 00:23:34,726 - SplitNNClient - INFO - 8336 - phase=train acc=0.7503255208333334 loss=86.4198128581047 epoch=35 and step=120
2026-04-17 00:23:34,906 - SplitNNClient - INFO - 8536 - phase=train acc=0.731640625 loss=92.72942566871643 epoch=35 and step=120
2026-04-17 00:23:35,056 - SplitNNClient - INFO - 23624 - phase=train acc=0.740625 loss=87.54709160327911 epoch=35 and step=120
2026-04-17 00:23:37,250 - SplitNNClient - INFO - 8336 - phase=train acc=0.7489783653846154 loss=93.56858432292938 epoch=35 and step=130
2026-04-17 00:23:37,392 - SplitNNClient - INFO - 8536 - phase=train acc=0.7311899038461539 loss=100.7784703373909 epoch=35 and step=130
2026-04-17 00:23:37,521 - SplitNNClient - INFO - 23624 - phase=train acc=0.7402644230769231 loss=95.19466173648834 epoch=35 and step=130
2026-04-17 00:23:37,593 - FedServerManager - INFO - 24456 - get all model params ---- from rank fed_server
2026-04-17 00:23:49,022 - SplitNNClient - INFO - 23624 - phase=validation acc=0.8127 loss=43.271001040935516 epoch=35 and step=79
2026-04-17 00:23:49,068 - SplitNNClient - INFO - 8336 - phase=validation acc=0.8127 loss=43.271001040935516 epoch=35 and step=79
2026-04-17 00:23:49,110 - SplitNNClient - INFO - 8536 - phase=validation acc=0.8127 loss=43.271001040935516 epoch=35 and step=79
2026-04-17 00:23:51,472 - SplitNNClient - INFO - 8336 - phase=train acc=0.73671875 loss=7.173433244228363 epoch=36 and step=10
2026-04-17 00:23:51,542 - SplitNNClient - INFO - 8536 - phase=train acc=0.75625 loss=6.9507787227630615 epoch=36 and step=10
2026-04-17 00:23:51,624 - SplitNNClient - INFO - 23624 - phase=train acc=0.7515625 loss=7.003396391868591 epoch=36 and step=10
2026-04-17 00:23:53,824 - SplitNNClient - INFO - 8336 - phase=train acc=0.730859375 loss=14.931382179260254 epoch=36 and step=20
2026-04-17 00:23:53,934 - SplitNNClient - INFO - 8536 - phase=train acc=0.753125 loss=13.99019280076027 epoch=36 and step=20
2026-04-17 00:23:54,008 - SplitNNClient - INFO - 23624 - phase=train acc=0.7484375 loss=14.12632131576538 epoch=36 and step=20
2026-04-17 00:23:56,163 - SplitNNClient - INFO - 8336 - phase=train acc=0.7369791666666666 loss=21.945615828037262 epoch=36 and step=30
2026-04-17 00:23:56,241 - SplitNNClient - INFO - 8536 - phase=train acc=0.759375 loss=20.6610144674778 epoch=36 and step=30
2026-04-17 00:23:56,340 - SplitNNClient - INFO - 23624 - phase=train acc=0.7416666666666667 loss=21.502253472805023 epoch=36 and step=30
2026-04-17 00:23:58,499 - SplitNNClient - INFO - 8336 - phase=train acc=0.74296875 loss=28.754919350147247 epoch=36 and step=40
2026-04-17 00:23:58,550 - SplitNNClient - INFO - 8536 - phase=train acc=0.7625 loss=27.326804727315903 epoch=36 and step=40
2026-04-17 00:23:58,656 - SplitNNClient - INFO - 23624 - phase=train acc=0.741015625 loss=28.891599416732788 epoch=36 and step=40
2026-04-17 00:24:00,838 - SplitNNClient - INFO - 8336 - phase=train acc=0.74453125 loss=36.11270546913147 epoch=36 and step=50
2026-04-17 00:24:00,912 - SplitNNClient - INFO - 8536 - phase=train acc=0.7578125 loss=34.66292080283165 epoch=36 and step=50
2026-04-17 00:24:00,959 - SplitNNClient - INFO - 23624 - phase=train acc=0.7409375 loss=36.55892437696457 epoch=36 and step=50
2026-04-17 00:24:03,165 - SplitNNClient - INFO - 8336 - phase=train acc=0.7471354166666667 loss=43.10798364877701 epoch=36 and step=60
2026-04-17 00:24:03,301 - SplitNNClient - INFO - 8536 - phase=train acc=0.7580729166666667 loss=41.773534804582596 epoch=36 and step=60
2026-04-17 00:24:03,347 - SplitNNClient - INFO - 23624 - phase=train acc=0.7342447916666667 loss=44.98999935388565 epoch=36 and step=60
2026-04-17 00:24:05,499 - SplitNNClient - INFO - 8336 - phase=train acc=0.7466517857142857 loss=50.13910412788391 epoch=36 and step=70
2026-04-17 00:24:05,609 - SplitNNClient - INFO - 8536 - phase=train acc=0.75703125 loss=48.88324752449989 epoch=36 and step=70
2026-04-17 00:24:05,683 - SplitNNClient - INFO - 23624 - phase=train acc=0.7323660714285715 loss=53.52469480037689 epoch=36 and step=70
2026-04-17 00:24:07,846 - SplitNNClient - INFO - 8336 - phase=train acc=0.7455078125 loss=58.27416741847992 epoch=36 and step=80
2026-04-17 00:24:07,951 - SplitNNClient - INFO - 8536 - phase=train acc=0.75595703125 loss=55.967808693647385 epoch=36 and step=80
2026-04-17 00:24:08,024 - SplitNNClient - INFO - 23624 - phase=train acc=0.7341796875 loss=60.97852486371994 epoch=36 and step=80
2026-04-17 00:24:10,200 - SplitNNClient - INFO - 8336 - phase=train acc=0.7397569444444444 loss=67.03804188966751 epoch=36 and step=90
2026-04-17 00:24:10,311 - SplitNNClient - INFO - 8536 - phase=train acc=0.75546875 loss=62.86344584822655 epoch=36 and step=90
2026-04-17 00:24:10,377 - SplitNNClient - INFO - 23624 - phase=train acc=0.7348090277777778 loss=68.32968771457672 epoch=36 and step=90
2026-04-17 00:24:12,702 - SplitNNClient - INFO - 8336 - phase=train acc=0.73671875 loss=75.06361383199692 epoch=36 and step=100
2026-04-17 00:24:12,839 - SplitNNClient - INFO - 8536 - phase=train acc=0.7559375 loss=69.808976739645 epoch=36 and step=100
2026-04-17 00:24:12,890 - SplitNNClient - INFO - 23624 - phase=train acc=0.734609375 loss=76.2476127743721 epoch=36 and step=100
2026-04-17 00:24:15,249 - SplitNNClient - INFO - 8336 - phase=train acc=0.7350142045454545 loss=82.93729382753372 epoch=36 and step=110
2026-04-17 00:24:15,295 - SplitNNClient - INFO - 8536 - phase=train acc=0.7555397727272727 loss=76.49984034895897 epoch=36 and step=110
2026-04-17 00:24:15,372 - SplitNNClient - INFO - 23624 - phase=train acc=0.73359375 loss=83.87977063655853 epoch=36 and step=110
2026-04-17 00:24:17,637 - SplitNNClient - INFO - 8536 - phase=train acc=0.755078125 loss=83.3789469897747 epoch=36 and step=120
2026-04-17 00:24:17,716 - SplitNNClient - INFO - 8336 - phase=train acc=0.7352213541666667 loss=90.43143838644028 epoch=36 and step=120
2026-04-17 00:24:17,827 - SplitNNClient - INFO - 23624 - phase=train acc=0.7330729166666666 loss=91.4633738398552 epoch=36 and step=120
2026-04-17 00:24:19,997 - SplitNNClient - INFO - 8536 - phase=train acc=0.7532451923076923 loss=91.02167358994484 epoch=36 and step=130
2026-04-17 00:24:20,047 - SplitNNClient - INFO - 8336 - phase=train acc=0.7354567307692308 loss=98.15839034318924 epoch=36 and step=130
2026-04-17 00:24:20,149 - SplitNNClient - INFO - 23624 - phase=train acc=0.7331129807692308 loss=98.83942592144012 epoch=36 and step=130
2026-04-17 00:24:20,200 - FedServerManager - INFO - 24456 - get all model params ---- from rank fed_server
2026-04-17 00:24:31,682 - SplitNNClient - INFO - 8336 - phase=validation acc=0.8206 loss=41.94700816273689 epoch=36 and step=79
2026-04-17 00:24:31,732 - SplitNNClient - INFO - 23624 - phase=validation acc=0.8206 loss=41.94700816273689 epoch=36 and step=79
2026-04-17 00:24:31,783 - SplitNNClient - INFO - 8536 - phase=validation acc=0.8206 loss=41.94700816273689 epoch=36 and step=79
2026-04-17 00:24:34,157 - SplitNNClient - INFO - 8336 - phase=train acc=0.78671875 loss=6.2587432861328125 epoch=37 and step=10
2026-04-17 00:24:34,261 - SplitNNClient - INFO - 8536 - phase=train acc=0.76640625 loss=6.660221427679062 epoch=37 and step=10
2026-04-17 00:24:34,308 - SplitNNClient - INFO - 23624 - phase=train acc=0.7828125 loss=6.419435739517212 epoch=37 and step=10
2026-04-17 00:24:36,484 - SplitNNClient - INFO - 8336 - phase=train acc=0.771875 loss=13.211381316184998 epoch=37 and step=20
2026-04-17 00:24:36,555 - SplitNNClient - INFO - 8536 - phase=train acc=0.7640625 loss=13.621210426092148 epoch=37 and step=20
2026-04-17 00:24:36,658 - SplitNNClient - INFO - 23624 - phase=train acc=0.7609375 loss=13.518185079097748 epoch=37 and step=20
2026-04-17 00:24:38,882 - SplitNNClient - INFO - 8336 - phase=train acc=0.76015625 loss=20.517236649990082 epoch=37 and step=30
2026-04-17 00:24:38,987 - SplitNNClient - INFO - 8536 - phase=train acc=0.7630208333333334 loss=20.6141696870327 epoch=37 and step=30
2026-04-17 00:24:39,035 - SplitNNClient - INFO - 23624 - phase=train acc=0.759375 loss=20.295107126235962 epoch=37 and step=30
2026-04-17 00:24:41,205 - SplitNNClient - INFO - 8336 - phase=train acc=0.75703125 loss=27.733508586883545 epoch=37 and step=40
2026-04-17 00:24:41,275 - SplitNNClient - INFO - 8536 - phase=train acc=0.7595703125 loss=27.60838708281517 epoch=37 and step=40
2026-04-17 00:24:41,325 - SplitNNClient - INFO - 23624 - phase=train acc=0.76015625 loss=26.7336043715477 epoch=37 and step=40
2026-04-17 00:24:43,531 - SplitNNClient - INFO - 8336 - phase=train acc=0.75765625 loss=34.88236141204834 epoch=37 and step=50
2026-04-17 00:24:43,665 - SplitNNClient - INFO - 8536 - phase=train acc=0.7615625 loss=34.127083867788315 epoch=37 and step=50
2026-04-17 00:24:43,715 - SplitNNClient - INFO - 23624 - phase=train acc=0.75859375 loss=33.47240173816681 epoch=37 and step=50
2026-04-17 00:24:45,947 - SplitNNClient - INFO - 8336 - phase=train acc=0.755078125 loss=42.24456912279129 epoch=37 and step=60
2026-04-17 00:24:45,995 - SplitNNClient - INFO - 8536 - phase=train acc=0.7651041666666667 loss=40.60636439919472 epoch=37 and step=60
2026-04-17 00:24:46,103 - SplitNNClient - INFO - 23624 - phase=train acc=0.7579427083333333 loss=40.65381175279617 epoch=37 and step=60
2026-04-17 00:24:48,259 - SplitNNClient - INFO - 8336 - phase=train acc=0.7544642857142857 loss=49.36418408155441 epoch=37 and step=70
2026-04-17 00:24:48,313 - SplitNNClient - INFO - 8536 - phase=train acc=0.76640625 loss=47.055847495794296 epoch=37 and step=70
2026-04-17 00:24:48,423 - SplitNNClient - INFO - 23624 - phase=train acc=0.7565848214285714 loss=47.82725477218628 epoch=37 and step=70
2026-04-17 00:24:50,654 - SplitNNClient - INFO - 8336 - phase=train acc=0.75498046875 loss=56.292365074157715 epoch=37 and step=80
2026-04-17 00:24:50,703 - SplitNNClient - INFO - 8536 - phase=train acc=0.7650390625 loss=53.98183724284172 epoch=37 and step=80
2026-04-17 00:24:50,778 - SplitNNClient - INFO - 23624 - phase=train acc=0.75615234375 loss=55.0124785900116 epoch=37 and step=80
2026-04-17 00:24:52,920 - SplitNNClient - INFO - 8336 - phase=train acc=0.7530381944444444 loss=63.672213315963745 epoch=37 and step=90
2026-04-17 00:24:52,994 - SplitNNClient - INFO - 8536 - phase=train acc=0.7649305555555556 loss=60.7526573240757 epoch=37 and step=90
2026-04-17 00:24:53,098 - SplitNNClient - INFO - 23624 - phase=train acc=0.7563368055555556 loss=61.80683380365372 epoch=37 and step=90
2026-04-17 00:24:55,385 - SplitNNClient - INFO - 8336 - phase=train acc=0.755 loss=70.1012355685234 epoch=37 and step=100
2026-04-17 00:24:55,495 - SplitNNClient - INFO - 8536 - phase=train acc=0.764296875 loss=67.89525201916695 epoch=37 and step=100
2026-04-17 00:24:55,569 - SplitNNClient - INFO - 23624 - phase=train acc=0.75484375 loss=69.0536345243454 epoch=37 and step=100
2026-04-17 00:24:57,884 - SplitNNClient - INFO - 8336 - phase=train acc=0.7553977272727272 loss=77.06524699926376 epoch=37 and step=110
2026-04-17 00:24:57,930 - SplitNNClient - INFO - 8536 - phase=train acc=0.7645596590909091 loss=74.75236263871193 epoch=37 and step=110
2026-04-17 00:24:57,976 - SplitNNClient - INFO - 23624 - phase=train acc=0.7537642045454546 loss=76.54909372329712 epoch=37 and step=110
2026-04-17 00:25:00,183 - SplitNNClient - INFO - 8336 - phase=train acc=0.75625 loss=83.9231670498848 epoch=37 and step=120
2026-04-17 00:25:00,288 - SplitNNClient - INFO - 8536 - phase=train acc=0.7646484375 loss=82.11551842093468 epoch=37 and step=120
2026-04-17 00:25:00,361 - SplitNNClient - INFO - 23624 - phase=train acc=0.7536458333333333 loss=83.70587360858917 epoch=37 and step=120
2026-04-17 00:25:02,506 - SplitNNClient - INFO - 8336 - phase=train acc=0.7557091346153846 loss=91.07572919130325 epoch=37 and step=130
2026-04-17 00:25:02,580 - SplitNNClient - INFO - 8536 - phase=train acc=0.7611778846153846 loss=90.43877533078194 epoch=37 and step=130
2026-04-17 00:25:02,680 - SplitNNClient - INFO - 23624 - phase=train acc=0.7532451923076923 loss=90.90282618999481 epoch=37 and step=130
2026-04-17 00:25:02,753 - FedServerManager - INFO - 24456 - get all model params ---- from rank fed_server
2026-04-17 00:25:14,370 - SplitNNClient - INFO - 8336 - phase=validation acc=0.8256 loss=40.36311557888985 epoch=37 and step=79
2026-04-17 00:25:14,420 - SplitNNClient - INFO - 8536 - phase=validation acc=0.8256 loss=40.36311557888985 epoch=37 and step=79
2026-04-17 00:25:14,464 - SplitNNClient - INFO - 23624 - phase=validation acc=0.8256 loss=40.36311557888985 epoch=37 and step=79
2026-04-17 00:25:16,970 - SplitNNClient - INFO - 8536 - phase=train acc=0.76796875 loss=6.574404090642929 epoch=38 and step=10
2026-04-17 00:25:17,020 - SplitNNClient - INFO - 23624 - phase=train acc=0.7625 loss=6.5331485867500305 epoch=38 and step=10
2026-04-17 00:25:17,065 - SplitNNClient - INFO - 8336 - phase=train acc=0.7609375 loss=6.970637261867523 epoch=38 and step=10
2026-04-17 00:25:19,327 - SplitNNClient - INFO - 8536 - phase=train acc=0.76484375 loss=13.514263838529587 epoch=38 and step=20
2026-04-17 00:25:19,374 - SplitNNClient - INFO - 23624 - phase=train acc=0.768359375 loss=13.277010142803192 epoch=38 and step=20
2026-04-17 00:25:19,420 - SplitNNClient - INFO - 8336 - phase=train acc=0.7484375 loss=14.107884883880615 epoch=38 and step=20
2026-04-17 00:25:21,666 - SplitNNClient - INFO - 8536 - phase=train acc=0.765625 loss=20.010042518377304 epoch=38 and step=30
2026-04-17 00:25:21,771 - SplitNNClient - INFO - 23624 - phase=train acc=0.76015625 loss=20.377113223075867 epoch=38 and step=30
2026-04-17 00:25:21,815 - SplitNNClient - INFO - 8336 - phase=train acc=0.753125 loss=21.22438097000122 epoch=38 and step=30
2026-04-17 00:25:24,112 - SplitNNClient - INFO - 8536 - phase=train acc=0.76328125 loss=26.771893233060837 epoch=38 and step=40
2026-04-17 00:25:24,160 - SplitNNClient - INFO - 23624 - phase=train acc=0.7634765625 loss=27.007515490055084 epoch=38 and step=40
2026-04-17 00:25:24,268 - SplitNNClient - INFO - 8336 - phase=train acc=0.7541015625 loss=28.009719908237457 epoch=38 and step=40
2026-04-17 00:25:26,475 - SplitNNClient - INFO - 8536 - phase=train acc=0.76390625 loss=33.553933173418045 epoch=38 and step=50
2026-04-17 00:25:26,551 - SplitNNClient - INFO - 23624 - phase=train acc=0.761875 loss=33.968339025974274 epoch=38 and step=50
2026-04-17 00:25:26,603 - SplitNNClient - INFO - 8336 - phase=train acc=0.7571875 loss=34.677775263786316 epoch=38 and step=50
2026-04-17 00:25:28,913 - SplitNNClient - INFO - 8536 - phase=train acc=0.7641927083333333 loss=40.313769429922104 epoch=38 and step=60
2026-04-17 00:25:28,956 - SplitNNClient - INFO - 23624 - phase=train acc=0.7595052083333333 loss=41.07763475179672 epoch=38 and step=60
2026-04-17 00:25:29,035 - SplitNNClient - INFO - 8336 - phase=train acc=0.7579427083333333 loss=41.55339163541794 epoch=38 and step=60
2026-04-17 00:25:31,232 - SplitNNClient - INFO - 8536 - phase=train acc=0.7662946428571429 loss=46.81554767489433 epoch=38 and step=70
2026-04-17 00:25:31,284 - SplitNNClient - INFO - 23624 - phase=train acc=0.7600446428571429 loss=47.99003618955612 epoch=38 and step=70
2026-04-17 00:25:31,420 - SplitNNClient - INFO - 8336 - phase=train acc=0.7589285714285714 loss=48.39228242635727 epoch=38 and step=70
2026-04-17 00:25:33,615 - SplitNNClient - INFO - 8536 - phase=train acc=0.76552734375 loss=53.52781620621681 epoch=38 and step=80
2026-04-17 00:25:33,724 - SplitNNClient - INFO - 23624 - phase=train acc=0.75869140625 loss=54.900211572647095 epoch=38 and step=80
2026-04-17 00:25:33,792 - SplitNNClient - INFO - 8336 - phase=train acc=0.75888671875 loss=55.48098683357239 epoch=38 and step=80
2026-04-17 00:25:35,951 - SplitNNClient - INFO - 8536 - phase=train acc=0.7665798611111111 loss=60.1528060734272 epoch=38 and step=90
2026-04-17 00:25:36,124 - SplitNNClient - INFO - 23624 - phase=train acc=0.7565972222222223 loss=62.07363450527191 epoch=38 and step=90
2026-04-17 00:25:36,278 - SplitNNClient - INFO - 8336 - phase=train acc=0.7582465277777778 loss=62.58781439065933 epoch=38 and step=90
2026-04-17 00:25:38,332 - SplitNNClient - INFO - 8536 - phase=train acc=0.76640625 loss=66.8649408519268 epoch=38 and step=100
2026-04-17 00:25:38,428 - SplitNNClient - INFO - 23624 - phase=train acc=0.754609375 loss=69.32219260931015 epoch=38 and step=100
2026-04-17 00:25:38,613 - SplitNNClient - INFO - 8336 - phase=train acc=0.75625 loss=70.11834281682968 epoch=38 and step=100
2026-04-17 00:25:40,720 - SplitNNClient - INFO - 8536 - phase=train acc=0.7651988636363637 loss=73.68221923708916 epoch=38 and step=110
2026-04-17 00:25:40,904 - SplitNNClient - INFO - 23624 - phase=train acc=0.7553267045454546 loss=75.94364139437675 epoch=38 and step=110
2026-04-17 00:25:41,025 - SplitNNClient - INFO - 8336 - phase=train acc=0.7566051136363636 loss=76.92990827560425 epoch=38 and step=110
2026-04-17 00:25:43,044 - SplitNNClient - INFO - 8536 - phase=train acc=0.7642578125 loss=80.8423344194889 epoch=38 and step=120
2026-04-17 00:25:43,201 - SplitNNClient - INFO - 23624 - phase=train acc=0.7567708333333333 loss=82.58374360203743 epoch=38 and step=120
2026-04-17 00:25:43,341 - SplitNNClient - INFO - 8336 - phase=train acc=0.7576822916666667 loss=84.02393710613251 epoch=38 and step=120
2026-04-17 00:25:45,363 - SplitNNClient - INFO - 8536 - phase=train acc=0.7652043269230769 loss=87.41639122366905 epoch=38 and step=130
2026-04-17 00:25:45,519 - SplitNNClient - INFO - 23624 - phase=train acc=0.7569711538461539 loss=89.78447833657265 epoch=38 and step=130
2026-04-17 00:25:45,586 - SplitNNClient - INFO - 8336 - phase=train acc=0.7599759615384616 loss=90.31685608625412 epoch=38 and step=130
2026-04-17 00:25:45,664 - FedServerManager - INFO - 24456 - get all model params ---- from rank fed_server
2026-04-17 00:25:57,172 - SplitNNClient - INFO - 23624 - phase=validation acc=0.8284 loss=40.203788578510284 epoch=38 and step=79
2026-04-17 00:25:57,208 - SplitNNClient - INFO - 8336 - phase=validation acc=0.8284 loss=40.203788578510284 epoch=38 and step=79
2026-04-17 00:25:57,250 - SplitNNClient - INFO - 8536 - phase=validation acc=0.8284 loss=40.203788578510284 epoch=38 and step=79
2026-04-17 00:25:59,618 - SplitNNClient - INFO - 8336 - phase=train acc=0.784375 loss=6.09697300195694 epoch=39 and step=10
2026-04-17 00:25:59,696 - SplitNNClient - INFO - 8536 - phase=train acc=0.7796875 loss=6.269910216331482 epoch=39 and step=10
2026-04-17 00:25:59,746 - SplitNNClient - INFO - 23624 - phase=train acc=0.78359375 loss=5.903378039598465 epoch=39 and step=10
2026-04-17 00:26:01,967 - SplitNNClient - INFO - 8336 - phase=train acc=0.78125 loss=12.525847554206848 epoch=39 and step=20
2026-04-17 00:26:02,019 - SplitNNClient - INFO - 8536 - phase=train acc=0.781640625 loss=12.431492239236832 epoch=39 and step=20
2026-04-17 00:26:02,123 - SplitNNClient - INFO - 23624 - phase=train acc=0.765625 loss=13.053184121847153 epoch=39 and step=20
2026-04-17 00:26:04,343 - SplitNNClient - INFO - 8336 - phase=train acc=0.7755208333333333 loss=19.104094922542572 epoch=39 and step=30
2026-04-17 00:26:04,452 - SplitNNClient - INFO - 8536 - phase=train acc=0.7768229166666667 loss=18.9725721180439 epoch=39 and step=30
2026-04-17 00:26:04,530 - SplitNNClient - INFO - 23624 - phase=train acc=0.7619791666666667 loss=19.910786479711533 epoch=39 and step=30
2026-04-17 00:26:06,699 - SplitNNClient - INFO - 8336 - phase=train acc=0.772265625 loss=25.833881318569183 epoch=39 and step=40
2026-04-17 00:26:06,805 - SplitNNClient - INFO - 8536 - phase=train acc=0.7751953125 loss=25.473695188760757 epoch=39 and step=40
2026-04-17 00:26:06,855 - SplitNNClient - INFO - 23624 - phase=train acc=0.7623046875 loss=26.943036526441574 epoch=39 and step=40
2026-04-17 00:26:09,013 - SplitNNClient - INFO - 8336 - phase=train acc=0.76875 loss=32.837261736392975 epoch=39 and step=50
2026-04-17 00:26:09,120 - SplitNNClient - INFO - 8536 - phase=train acc=0.7759375 loss=31.855965614318848 epoch=39 and step=50
2026-04-17 00:26:09,191 - SplitNNClient - INFO - 23624 - phase=train acc=0.75921875 loss=34.47434124350548 epoch=39 and step=50
2026-04-17 00:26:11,380 - SplitNNClient - INFO - 8336 - phase=train acc=0.7688802083333334 loss=39.31322681903839 epoch=39 and step=60
2026-04-17 00:26:11,455 - SplitNNClient - INFO - 8536 - phase=train acc=0.77578125 loss=38.23765450716019 epoch=39 and step=60
2026-04-17 00:26:11,566 - SplitNNClient - INFO - 23624 - phase=train acc=0.7572916666666667 loss=41.892700523138046 epoch=39 and step=60
2026-04-17 00:26:13,835 - SplitNNClient - INFO - 8336 - phase=train acc=0.7659598214285714 loss=46.281877636909485 epoch=39 and step=70
2026-04-17 00:26:13,944 - SplitNNClient - INFO - 8536 - phase=train acc=0.7723214285714286 loss=45.381735771894455 epoch=39 and step=70
2026-04-17 00:26:13,989 - SplitNNClient - INFO - 23624 - phase=train acc=0.7552455357142858 loss=49.21524599194527 epoch=39 and step=70
2026-04-17 00:26:16,164 - SplitNNClient - INFO - 8336 - phase=train acc=0.767578125 loss=52.93394511938095 epoch=39 and step=80
2026-04-17 00:26:16,239 - SplitNNClient - INFO - 8536 - phase=train acc=0.77255859375 loss=51.9987750351429 epoch=39 and step=80
2026-04-17 00:26:16,352 - SplitNNClient - INFO - 23624 - phase=train acc=0.75458984375 loss=56.23476245999336 epoch=39 and step=80
2026-04-17 00:26:18,491 - SplitNNClient - INFO - 8336 - phase=train acc=0.7676215277777778 loss=59.79632729291916 epoch=39 and step=90
2026-04-17 00:26:18,569 - SplitNNClient - INFO - 8536 - phase=train acc=0.7725694444444444 loss=58.58872738480568 epoch=39 and step=90
2026-04-17 00:26:18,675 - SplitNNClient - INFO - 23624 - phase=train acc=0.7524305555555556 loss=63.85294982790947 epoch=39 and step=90
2026-04-17 00:26:20,919 - SplitNNClient - INFO - 8336 - phase=train acc=0.770546875 loss=66.39359265565872 epoch=39 and step=100
2026-04-17 00:26:20,964 - SplitNNClient - INFO - 8536 - phase=train acc=0.77 loss=65.5272733271122 epoch=39 and step=100
2026-04-17 00:26:21,035 - SplitNNClient - INFO - 23624 - phase=train acc=0.751171875 loss=71.54522690176964 epoch=39 and step=100
2026-04-17 00:26:23,234 - SplitNNClient - INFO - 8336 - phase=train acc=0.76875 loss=73.54107373952866 epoch=39 and step=110
2026-04-17 00:26:23,337 - SplitNNClient - INFO - 8536 - phase=train acc=0.7688920454545455 loss=72.07776466012001 epoch=39 and step=110
2026-04-17 00:26:23,378 - SplitNNClient - INFO - 23624 - phase=train acc=0.7522727272727273 loss=78.40133109688759 epoch=39 and step=110
2026-04-17 00:26:25,506 - SplitNNClient - INFO - 8336 - phase=train acc=0.76875 loss=80.12327146530151 epoch=39 and step=120
2026-04-17 00:26:25,689 - SplitNNClient - INFO - 8536 - phase=train acc=0.7671223958333333 loss=79.03626021742821 epoch=39 and step=120
2026-04-17 00:26:25,840 - SplitNNClient - INFO - 23624 - phase=train acc=0.7526692708333333 loss=85.33097952604294 epoch=39 and step=120
2026-04-17 00:26:27,873 - SplitNNClient - INFO - 8336 - phase=train acc=0.7701923076923077 loss=86.53455382585526 epoch=39 and step=130
2026-04-17 00:26:28,054 - SplitNNClient - INFO - 8536 - phase=train acc=0.7674879807692307 loss=85.74711582064629 epoch=39 and step=130
2026-04-17 00:26:28,154 - SplitNNClient - INFO - 23624 - phase=train acc=0.7522836538461538 loss=92.22852146625519 epoch=39 and step=130
2026-04-17 00:26:28,228 - FedServerManager - INFO - 24456 - get all model params ---- from rank fed_server
2026-04-17 00:26:39,716 - SplitNNClient - INFO - 8536 - phase=validation acc=0.829 loss=38.83926326036453 epoch=39 and step=79
2026-04-17 00:26:39,786 - SplitNNClient - INFO - 8336 - phase=validation acc=0.829 loss=38.83926326036453 epoch=39 and step=79
2026-04-17 00:26:39,888 - SplitNNClient - INFO - 23624 - phase=validation acc=0.829 loss=38.83926326036453 epoch=39 and step=79
2026-04-17 00:26:42,243 - SplitNNClient - INFO - 8536 - phase=train acc=0.7875 loss=6.145200997591019 epoch=40 and step=10
2026-04-17 00:26:42,314 - SplitNNClient - INFO - 8336 - phase=train acc=0.79765625 loss=5.818033188581467 epoch=40 and step=10
2026-04-17 00:26:42,418 - SplitNNClient - INFO - 23624 - phase=train acc=0.7765625 loss=6.527815639972687 epoch=40 and step=10
2026-04-17 00:26:44,678 - SplitNNClient - INFO - 8536 - phase=train acc=0.780859375 loss=12.634722858667374 epoch=40 and step=20
2026-04-17 00:26:44,811 - SplitNNClient - INFO - 8336 - phase=train acc=0.78828125 loss=12.297502964735031 epoch=40 and step=20
2026-04-17 00:26:44,855 - SplitNNClient - INFO - 23624 - phase=train acc=0.7734375 loss=13.091266334056854 epoch=40 and step=20
2026-04-17 00:26:47,120 - SplitNNClient - INFO - 8536 - phase=train acc=0.7786458333333334 loss=18.760017067193985 epoch=40 and step=30
2026-04-17 00:26:47,247 - SplitNNClient - INFO - 8336 - phase=train acc=0.78046875 loss=18.96273735165596 epoch=40 and step=30
2026-04-17 00:26:47,456 - SplitNNClient - INFO - 23624 - phase=train acc=0.7682291666666666 loss=19.906978726387024 epoch=40 and step=30
2026-04-17 00:26:49,516 - SplitNNClient - INFO - 8536 - phase=train acc=0.7759765625 loss=25.596429973840714 epoch=40 and step=40
2026-04-17 00:26:49,674 - SplitNNClient - INFO - 8336 - phase=train acc=0.773828125 loss=25.801542073488235 epoch=40 and step=40
2026-04-17 00:26:49,880 - SplitNNClient - INFO - 23624 - phase=train acc=0.7634765625 loss=27.26807028055191 epoch=40 and step=40
2026-04-17 00:26:51,989 - SplitNNClient - INFO - 8536 - phase=train acc=0.7725 loss=32.21138635277748 epoch=40 and step=50
2026-04-17 00:26:52,143 - SplitNNClient - INFO - 8336 - phase=train acc=0.77734375 loss=32.16402032971382 epoch=40 and step=50
2026-04-17 00:26:52,326 - SplitNNClient - INFO - 23624 - phase=train acc=0.75390625 loss=35.053335547447205 epoch=40 and step=50
2026-04-17 00:26:54,420 - SplitNNClient - INFO - 8536 - phase=train acc=0.776171875 loss=38.47953113913536 epoch=40 and step=60
2026-04-17 00:26:54,549 - SplitNNClient - INFO - 8336 - phase=train acc=0.77578125 loss=39.08403369784355 epoch=40 and step=60
2026-04-17 00:26:54,733 - SplitNNClient - INFO - 23624 - phase=train acc=0.7475260416666667 loss=43.78248429298401 epoch=40 and step=60
2026-04-17 00:26:56,992 - SplitNNClient - INFO - 8536 - phase=train acc=0.7752232142857143 loss=45.224343210458755 epoch=40 and step=70
2026-04-17 00:26:57,132 - SplitNNClient - INFO - 8336 - phase=train acc=0.7758928571428572 loss=45.66839227080345 epoch=40 and step=70
2026-04-17 00:26:57,317 - SplitNNClient - INFO - 23624 - phase=train acc=0.7472098214285714 loss=51.423821330070496 epoch=40 and step=70
2026-04-17 00:26:59,414 - SplitNNClient - INFO - 8536 - phase=train acc=0.77373046875 loss=52.083389192819595 epoch=40 and step=80
2026-04-17 00:26:59,507 - SplitNNClient - INFO - 8336 - phase=train acc=0.77451171875 loss=52.42516532540321 epoch=40 and step=80
2026-04-17 00:26:59,692 - SplitNNClient - INFO - 23624 - phase=train acc=0.7478515625 loss=58.76806640625 epoch=40 and step=80
2026-04-17 00:27:01,877 - SplitNNClient - INFO - 8536 - phase=train acc=0.7723958333333333 loss=58.961646527051926 epoch=40 and step=90
2026-04-17 00:27:02,056 - SplitNNClient - INFO - 8336 - phase=train acc=0.7729166666666667 loss=59.17407289147377 epoch=40 and step=90
2026-04-17 00:27:02,260 - SplitNNClient - INFO - 23624 - phase=train acc=0.7486979166666666 loss=65.80315065383911 epoch=40 and step=90
2026-04-17 00:27:04,402 - SplitNNClient - INFO - 8536 - phase=train acc=0.773125 loss=65.45038184523582 epoch=40 and step=100
2026-04-17 00:27:04,577 - SplitNNClient - INFO - 8336 - phase=train acc=0.773515625 loss=65.62137648463249 epoch=40 and step=100
2026-04-17 00:27:04,763 - SplitNNClient - INFO - 23624 - phase=train acc=0.746953125 loss=73.18486320972443 epoch=40 and step=100
2026-04-17 00:27:06,821 - SplitNNClient - INFO - 8536 - phase=train acc=0.7720880681818182 loss=72.22239884734154 epoch=40 and step=110
2026-04-17 00:27:07,000 - SplitNNClient - INFO - 8336 - phase=train acc=0.7722301136363636 loss=72.67136201262474 epoch=40 and step=110
2026-04-17 00:27:07,180 - SplitNNClient - INFO - 23624 - phase=train acc=0.7485795454545454 loss=80.00468003749847 epoch=40 and step=110
2026-04-17 00:27:09,237 - SplitNNClient - INFO - 8536 - phase=train acc=0.7727213541666667 loss=78.48723229765892 epoch=40 and step=120
2026-04-17 00:27:09,443 - SplitNNClient - INFO - 8336 - phase=train acc=0.7699869791666667 loss=80.09423556923866 epoch=40 and step=120
2026-04-17 00:27:09,596 - SplitNNClient - INFO - 23624 - phase=train acc=0.74921875 loss=87.12953895330429 epoch=40 and step=120
2026-04-17 00:27:11,666 - SplitNNClient - INFO - 8536 - phase=train acc=0.7728365384615384 loss=85.03038057684898 epoch=40 and step=130
2026-04-17 00:27:11,784 - SplitNNClient - INFO - 8336 - phase=train acc=0.7677884615384616 loss=87.66418835520744 epoch=40 and step=130
2026-04-17 00:27:11,981 - SplitNNClient - INFO - 23624 - phase=train acc=0.7506009615384616 loss=94.28684031963348 epoch=40 and step=130
2026-04-17 00:27:12,041 - FedServerManager - INFO - 24456 - get all model params ---- from rank fed_server
2026-04-17 00:27:23,530 - SplitNNClient - INFO - 8336 - phase=validation acc=0.836 loss=38.56811672449112 epoch=40 and step=79
2026-04-17 00:27:23,587 - SplitNNClient - INFO - 23624 - phase=validation acc=0.836 loss=38.56811672449112 epoch=40 and step=79
2026-04-17 00:27:23,629 - SplitNNClient - INFO - 8536 - phase=validation acc=0.836 loss=38.56811672449112 epoch=40 and step=79
2026-04-17 00:27:26,104 - SplitNNClient - INFO - 23624 - phase=train acc=0.765625 loss=6.532025456428528 epoch=41 and step=10
2026-04-17 00:27:26,207 - SplitNNClient - INFO - 8536 - phase=train acc=0.79921875 loss=5.7688780426979065 epoch=41 and step=10
2026-04-17 00:27:26,275 - SplitNNClient - INFO - 8336 - phase=train acc=0.79296875 loss=5.910001635551453 epoch=41 and step=10
2026-04-17 00:27:28,465 - SplitNNClient - INFO - 23624 - phase=train acc=0.769140625 loss=13.126827001571655 epoch=41 and step=20
2026-04-17 00:27:28,572 - SplitNNClient - INFO - 8536 - phase=train acc=0.78828125 loss=12.0518296957016 epoch=41 and step=20
2026-04-17 00:27:28,619 - SplitNNClient - INFO - 8336 - phase=train acc=0.79296875 loss=11.964286923408508 epoch=41 and step=20
2026-04-17 00:27:30,831 - SplitNNClient - INFO - 23624 - phase=train acc=0.7682291666666666 loss=20.20406347513199 epoch=41 and step=30
2026-04-17 00:27:30,935 - SplitNNClient - INFO - 8536 - phase=train acc=0.78984375 loss=18.320940792560577 epoch=41 and step=30
2026-04-17 00:27:31,041 - SplitNNClient - INFO - 8336 - phase=train acc=0.7854166666666667 loss=18.46253651380539 epoch=41 and step=30
2026-04-17 00:27:33,370 - SplitNNClient - INFO - 23624 - phase=train acc=0.7552734375 loss=28.3259220123291 epoch=41 and step=40
2026-04-17 00:27:33,418 - SplitNNClient - INFO - 8536 - phase=train acc=0.7873046875 loss=24.497655421495438 epoch=41 and step=40
2026-04-17 00:27:33,525 - SplitNNClient - INFO - 8336 - phase=train acc=0.77734375 loss=25.282805144786835 epoch=41 and step=40
2026-04-17 00:27:35,734 - SplitNNClient - INFO - 23624 - phase=train acc=0.75 loss=36.11584550142288 epoch=41 and step=50
2026-04-17 00:27:35,781 - SplitNNClient - INFO - 8536 - phase=train acc=0.78234375 loss=31.240758568048477 epoch=41 and step=50
2026-04-17 00:27:35,853 - SplitNNClient - INFO - 8336 - phase=train acc=0.7728125 loss=32.04484838247299 epoch=41 and step=50
2026-04-17 00:27:38,331 - SplitNNClient - INFO - 23624 - phase=train acc=0.7483072916666667 loss=43.472284734249115 epoch=41 and step=60
2026-04-17 00:27:38,385 - SplitNNClient - INFO - 8536 - phase=train acc=0.7813802083333333 loss=37.63396796584129 epoch=41 and step=60
2026-04-17 00:27:38,490 - SplitNNClient - INFO - 8336 - phase=train acc=0.7709635416666667 loss=38.991904616355896 epoch=41 and step=60
2026-04-17 00:27:40,754 - SplitNNClient - INFO - 23624 - phase=train acc=0.74453125 loss=51.197086453437805 epoch=41 and step=70
2026-04-17 00:27:40,803 - SplitNNClient - INFO - 8536 - phase=train acc=0.7797991071428572 loss=44.00289127230644 epoch=41 and step=70
2026-04-17 00:27:40,853 - SplitNNClient - INFO - 8336 - phase=train acc=0.7671875 loss=46.291150987148285 epoch=41 and step=70
2026-04-17 00:27:43,052 - SplitNNClient - INFO - 23624 - phase=train acc=0.74599609375 loss=58.35421919822693 epoch=41 and step=80
2026-04-17 00:27:43,161 - SplitNNClient - INFO - 8536 - phase=train acc=0.78154296875 loss=49.912734776735306 epoch=41 and step=80
2026-04-17 00:27:43,232 - SplitNNClient - INFO - 8336 - phase=train acc=0.7669921875 loss=53.25323164463043 epoch=41 and step=80
2026-04-17 00:27:45,524 - SplitNNClient - INFO - 8536 - phase=train acc=0.7799479166666666 loss=56.288147777318954 epoch=41 and step=90
2026-04-17 00:27:45,660 - SplitNNClient - INFO - 23624 - phase=train acc=0.7442708333333333 loss=65.79581820964813 epoch=41 and step=90
2026-04-17 00:27:45,845 - SplitNNClient - INFO - 8336 - phase=train acc=0.7670138888888889 loss=59.85476994514465 epoch=41 and step=90
2026-04-17 00:27:48,081 - SplitNNClient - INFO - 8536 - phase=train acc=0.7790625 loss=63.19265899062157 epoch=41 and step=100
2026-04-17 00:27:48,127 - SplitNNClient - INFO - 23624 - phase=train acc=0.74703125 loss=72.48369151353836 epoch=41 and step=100
2026-04-17 00:27:48,226 - SplitNNClient - INFO - 8336 - phase=train acc=0.76640625 loss=66.31181710958481 epoch=41 and step=100
2026-04-17 00:27:50,445 - SplitNNClient - INFO - 8536 - phase=train acc=0.7795454545454545 loss=69.6710475385189 epoch=41 and step=110
2026-04-17 00:27:50,554 - SplitNNClient - INFO - 23624 - phase=train acc=0.7477982954545455 loss=79.53485006093979 epoch=41 and step=110
2026-04-17 00:27:50,623 - SplitNNClient - INFO - 8336 - phase=train acc=0.7666193181818182 loss=73.20239961147308 epoch=41 and step=110
2026-04-17 00:27:52,820 - SplitNNClient - INFO - 8536 - phase=train acc=0.7783854166666667 loss=76.03314885497093 epoch=41 and step=120
2026-04-17 00:27:52,891 - SplitNNClient - INFO - 23624 - phase=train acc=0.7483072916666667 loss=86.89266359806061 epoch=41 and step=120
2026-04-17 00:27:52,999 - SplitNNClient - INFO - 8336 - phase=train acc=0.7675130208333333 loss=79.88369005918503 epoch=41 and step=120
2026-04-17 00:27:55,231 - SplitNNClient - INFO - 8536 - phase=train acc=0.7761418269230769 loss=83.33182480931282 epoch=41 and step=130
2026-04-17 00:27:55,277 - SplitNNClient - INFO - 23624 - phase=train acc=0.7479567307692307 loss=94.40551406145096 epoch=41 and step=130
2026-04-17 00:27:55,353 - SplitNNClient - INFO - 8336 - phase=train acc=0.7681490384615385 loss=86.29180383682251 epoch=41 and step=130
2026-04-17 00:27:55,430 - FedServerManager - INFO - 24456 - get all model params ---- from rank fed_server
2026-04-17 00:28:06,898 - SplitNNClient - INFO - 23624 - phase=validation acc=0.8383 loss=38.07776656746864 epoch=41 and step=79
2026-04-17 00:28:06,988 - SplitNNClient - INFO - 8536 - phase=validation acc=0.8383 loss=38.07776656746864 epoch=41 and step=79
2026-04-17 00:28:07,227 - SplitNNClient - INFO - 8336 - phase=validation acc=0.8383 loss=38.07776656746864 epoch=41 and step=79
2026-04-17 00:28:09,562 - SplitNNClient - INFO - 8336 - phase=train acc=0.81015625 loss=5.705032646656036 epoch=42 and step=10
2026-04-17 00:28:09,635 - SplitNNClient - INFO - 8536 - phase=train acc=0.79453125 loss=6.151226311922073 epoch=42 and step=10
2026-04-17 00:28:09,740 - SplitNNClient - INFO - 23624 - phase=train acc=0.809375 loss=5.410932570695877 epoch=42 and step=10
2026-04-17 00:28:12,277 - SplitNNClient - INFO - 8336 - phase=train acc=0.785546875 loss=12.768020659685135 epoch=42 and step=20
2026-04-17 00:28:12,355 - SplitNNClient - INFO - 8536 - phase=train acc=0.7796875 loss=12.62779226899147 epoch=42 and step=20
2026-04-17 00:28:12,407 - SplitNNClient - INFO - 23624 - phase=train acc=0.787890625 loss=12.047907203435898 epoch=42 and step=20
2026-04-17 00:28:14,896 - SplitNNClient - INFO - 8536 - phase=train acc=0.778125 loss=19.00612011551857 epoch=42 and step=30
2026-04-17 00:28:14,968 - SplitNNClient - INFO - 8336 - phase=train acc=0.7864583333333334 loss=19.339710980653763 epoch=42 and step=30
2026-04-17 00:28:15,038 - SplitNNClient - INFO - 23624 - phase=train acc=0.7817708333333333 loss=18.646331936120987 epoch=42 and step=30
2026-04-17 00:28:17,424 - SplitNNClient - INFO - 8536 - phase=train acc=0.7791015625 loss=25.305701285600662 epoch=42 and step=40
2026-04-17 00:28:17,466 - SplitNNClient - INFO - 8336 - phase=train acc=0.7765625 loss=26.618743866682053 epoch=42 and step=40
2026-04-17 00:28:17,537 - SplitNNClient - INFO - 23624 - phase=train acc=0.77890625 loss=25.126525342464447 epoch=42 and step=40
2026-04-17 00:28:19,901 - SplitNNClient - INFO - 8536 - phase=train acc=0.78171875 loss=31.565527349710464 epoch=42 and step=50
2026-04-17 00:28:19,976 - SplitNNClient - INFO - 8336 - phase=train acc=0.77703125 loss=33.003463476896286 epoch=42 and step=50
2026-04-17 00:28:20,055 - SplitNNClient - INFO - 23624 - phase=train acc=0.7784375 loss=31.16548067331314 epoch=42 and step=50
2026-04-17 00:28:22,516 - SplitNNClient - INFO - 8536 - phase=train acc=0.776953125 loss=38.21245577931404 epoch=42 and step=60
2026-04-17 00:28:22,588 - SplitNNClient - INFO - 8336 - phase=train acc=0.773828125 loss=39.65890893340111 epoch=42 and step=60
2026-04-17 00:28:22,696 - SplitNNClient - INFO - 23624 - phase=train acc=0.7783854166666667 loss=37.66669076681137 epoch=42 and step=60
2026-04-17 00:28:24,969 - SplitNNClient - INFO - 8536 - phase=train acc=0.7751116071428571 loss=44.92571768164635 epoch=42 and step=70
2026-04-17 00:28:25,073 - SplitNNClient - INFO - 8336 - phase=train acc=0.778125 loss=45.285706609487534 epoch=42 and step=70
2026-04-17 00:28:25,121 - SplitNNClient - INFO - 23624 - phase=train acc=0.7791294642857143 loss=44.10427671670914 epoch=42 and step=70
2026-04-17 00:28:27,464 - SplitNNClient - INFO - 8536 - phase=train acc=0.77607421875 loss=51.3479463160038 epoch=42 and step=80
2026-04-17 00:28:27,503 - SplitNNClient - INFO - 8336 - phase=train acc=0.7767578125 loss=52.10443261265755 epoch=42 and step=80
2026-04-17 00:28:27,577 - SplitNNClient - INFO - 23624 - phase=train acc=0.7783203125 loss=50.61031052470207 epoch=42 and step=80
2026-04-17 00:28:29,951 - SplitNNClient - INFO - 8536 - phase=train acc=0.7769097222222222 loss=57.77133005857468 epoch=42 and step=90
2026-04-17 00:28:30,030 - SplitNNClient - INFO - 8336 - phase=train acc=0.7732638888888889 loss=59.561484426259995 epoch=42 and step=90
2026-04-17 00:28:30,084 - SplitNNClient - INFO - 23624 - phase=train acc=0.7769965277777777 loss=57.37436357140541 epoch=42 and step=90
2026-04-17 00:28:32,269 - SplitNNClient - INFO - 8536 - phase=train acc=0.77515625 loss=64.65401780605316 epoch=42 and step=100
2026-04-17 00:28:32,345 - SplitNNClient - INFO - 8336 - phase=train acc=0.772890625 loss=66.34041836857796 epoch=42 and step=100
2026-04-17 00:28:32,399 - SplitNNClient - INFO - 23624 - phase=train acc=0.775 loss=64.40732827782631 epoch=42 and step=100
2026-04-17 00:28:34,563 - SplitNNClient - INFO - 8536 - phase=train acc=0.7728693181818181 loss=71.5023586153984 epoch=42 and step=110
2026-04-17 00:28:34,615 - SplitNNClient - INFO - 8336 - phase=train acc=0.7709517045454546 loss=73.60401836037636 epoch=42 and step=110
2026-04-17 00:28:34,720 - SplitNNClient - INFO - 23624 - phase=train acc=0.7734375 loss=71.2200730741024 epoch=42 and step=110
2026-04-17 00:28:37,083 - SplitNNClient - INFO - 8536 - phase=train acc=0.7725260416666667 loss=77.96667110919952 epoch=42 and step=120
2026-04-17 00:28:37,152 - SplitNNClient - INFO - 8336 - phase=train acc=0.7689453125 loss=80.94584557414055 epoch=42 and step=120
2026-04-17 00:28:37,231 - SplitNNClient - INFO - 23624 - phase=train acc=0.772265625 loss=78.17199394106865 epoch=42 and step=120
2026-04-17 00:28:39,548 - SplitNNClient - INFO - 8536 - phase=train acc=0.7721153846153846 loss=84.34099644422531 epoch=42 and step=130
2026-04-17 00:28:39,620 - SplitNNClient - INFO - 8336 - phase=train acc=0.7650841346153846 loss=88.60077604651451 epoch=42 and step=130
2026-04-17 00:28:39,727 - SplitNNClient - INFO - 23624 - phase=train acc=0.7708533653846154 loss=85.7333554327488 epoch=42 and step=130
2026-04-17 00:28:39,784 - FedServerManager - INFO - 24456 - get all model params ---- from rank fed_server
2026-04-17 00:28:51,387 - SplitNNClient - INFO - 8336 - phase=validation acc=0.8292 loss=40.2458430826664 epoch=42 and step=79
2026-04-17 00:28:51,421 - SplitNNClient - INFO - 8536 - phase=validation acc=0.8292 loss=40.2458430826664 epoch=42 and step=79
2026-04-17 00:28:51,473 - SplitNNClient - INFO - 23624 - phase=validation acc=0.8292 loss=40.2458430826664 epoch=42 and step=79
2026-04-17 00:28:54,005 - SplitNNClient - INFO - 8336 - phase=train acc=0.80625 loss=5.563262909650803 epoch=43 and step=10
2026-04-17 00:28:54,054 - SplitNNClient - INFO - 8536 - phase=train acc=0.78515625 loss=6.054056406021118 epoch=43 and step=10
2026-04-17 00:28:54,162 - SplitNNClient - INFO - 23624 - phase=train acc=0.7453125 loss=6.916197419166565 epoch=43 and step=10
2026-04-17 00:28:56,411 - SplitNNClient - INFO - 8336 - phase=train acc=0.795703125 loss=11.681630343198776 epoch=43 and step=20
2026-04-17 00:28:56,521 - SplitNNClient - INFO - 8536 - phase=train acc=0.784765625 loss=12.290423482656479 epoch=43 and step=20
2026-04-17 00:28:56,596 - SplitNNClient - INFO - 23624 - phase=train acc=0.737890625 loss=14.818371295928955 epoch=43 and step=20
2026-04-17 00:28:58,781 - SplitNNClient - INFO - 8336 - phase=train acc=0.79453125 loss=17.650887846946716 epoch=43 and step=30
2026-04-17 00:28:58,883 - SplitNNClient - INFO - 8536 - phase=train acc=0.7841145833333333 loss=18.495266526937485 epoch=43 and step=30
2026-04-17 00:28:58,959 - SplitNNClient - INFO - 23624 - phase=train acc=0.7502604166666667 loss=21.36142486333847 epoch=43 and step=30
2026-04-17 00:29:01,141 - SplitNNClient - INFO - 8336 - phase=train acc=0.787890625 loss=24.260417699813843 epoch=43 and step=40
2026-04-17 00:29:01,250 - SplitNNClient - INFO - 8536 - phase=train acc=0.7830078125 loss=24.74147167801857 epoch=43 and step=40
2026-04-17 00:29:01,322 - SplitNNClient - INFO - 23624 - phase=train acc=0.7541015625 loss=28.361257195472717 epoch=43 and step=40
2026-04-17 00:29:03,613 - SplitNNClient - INFO - 8336 - phase=train acc=0.78265625 loss=31.06055188179016 epoch=43 and step=50
2026-04-17 00:29:03,751 - SplitNNClient - INFO - 8536 - phase=train acc=0.78359375 loss=30.91642290353775 epoch=43 and step=50
2026-04-17 00:29:03,832 - SplitNNClient - INFO - 23624 - phase=train acc=0.75703125 loss=35.16053748130798 epoch=43 and step=50
2026-04-17 00:29:06,001 - SplitNNClient - INFO - 8336 - phase=train acc=0.7809895833333333 loss=37.535272002220154 epoch=43 and step=60
2026-04-17 00:29:06,135 - SplitNNClient - INFO - 8536 - phase=train acc=0.7852864583333333 loss=37.05491703748703 epoch=43 and step=60
2026-04-17 00:29:06,183 - SplitNNClient - INFO - 23624 - phase=train acc=0.759375 loss=41.62595558166504 epoch=43 and step=60
2026-04-17 00:29:08,345 - SplitNNClient - INFO - 8336 - phase=train acc=0.7806919642857143 loss=43.81853985786438 epoch=43 and step=70
2026-04-17 00:29:08,507 - SplitNNClient - INFO - 8536 - phase=train acc=0.7842633928571429 loss=43.157848596572876 epoch=43 and step=70
2026-04-17 00:29:08,693 - SplitNNClient - INFO - 23624 - phase=train acc=0.7611607142857143 loss=48.043770253658295 epoch=43 and step=70
2026-04-17 00:29:10,803 - SplitNNClient - INFO - 8336 - phase=train acc=0.77900390625 loss=50.640223145484924 epoch=43 and step=80
2026-04-17 00:29:10,981 - SplitNNClient - INFO - 8536 - phase=train acc=0.78447265625 loss=49.45870369672775 epoch=43 and step=80
2026-04-17 00:29:11,102 - SplitNNClient - INFO - 23624 - phase=train acc=0.7595703125 loss=55.12613868713379 epoch=43 and step=80
2026-04-17 00:29:13,271 - SplitNNClient - INFO - 8336 - phase=train acc=0.7780381944444444 loss=57.27051770687103 epoch=43 and step=90
2026-04-17 00:29:13,393 - SplitNNClient - INFO - 8536 - phase=train acc=0.7848958333333333 loss=55.67881515622139 epoch=43 and step=90
2026-04-17 00:29:13,603 - SplitNNClient - INFO - 23624 - phase=train acc=0.7605034722222223 loss=61.67939078807831 epoch=43 and step=90
2026-04-17 00:29:15,717 - SplitNNClient - INFO - 8336 - phase=train acc=0.77484375 loss=64.30755871534348 epoch=43 and step=100
2026-04-17 00:29:15,875 - SplitNNClient - INFO - 8536 - phase=train acc=0.78453125 loss=61.950250655412674 epoch=43 and step=100
2026-04-17 00:29:16,008 - SplitNNClient - INFO - 23624 - phase=train acc=0.759765625 loss=68.59101676940918 epoch=43 and step=100
2026-04-17 00:29:18,108 - SplitNNClient - INFO - 8336 - phase=train acc=0.7776278409090909 loss=70.3117128610611 epoch=43 and step=110
2026-04-17 00:29:18,264 - SplitNNClient - INFO - 8536 - phase=train acc=0.7828835227272727 loss=68.49822571873665 epoch=43 and step=110
2026-04-17 00:29:18,416 - SplitNNClient - INFO - 23624 - phase=train acc=0.7605823863636364 loss=75.28979474306107 epoch=43 and step=110
2026-04-17 00:29:20,478 - SplitNNClient - INFO - 8336 - phase=train acc=0.7764973958333333 loss=76.8916164636612 epoch=43 and step=120
2026-04-17 00:29:20,662 - SplitNNClient - INFO - 8536 - phase=train acc=0.780078125 loss=75.5060650408268 epoch=43 and step=120
2026-04-17 00:29:20,782 - SplitNNClient - INFO - 23624 - phase=train acc=0.76015625 loss=82.36317020654678 epoch=43 and step=120
2026-04-17 00:29:22,899 - SplitNNClient - INFO - 8336 - phase=train acc=0.7764423076923077 loss=83.17459660768509 epoch=43 and step=130
2026-04-17 00:29:23,079 - SplitNNClient - INFO - 8536 - phase=train acc=0.7691105769230769 loss=86.80205175280571 epoch=43 and step=130
2026-04-17 00:29:23,178 - SplitNNClient - INFO - 23624 - phase=train acc=0.7599759615384616 loss=89.35863214731216 epoch=43 and step=130
2026-04-17 00:29:23,233 - FedServerManager - INFO - 24456 - get all model params ---- from rank fed_server
2026-04-17 00:29:34,741 - SplitNNClient - INFO - 23624 - phase=validation acc=0.7942 loss=49.04934301972389 epoch=43 and step=79
2026-04-17 00:29:34,798 - SplitNNClient - INFO - 8536 - phase=validation acc=0.7942 loss=49.04934301972389 epoch=43 and step=79
2026-04-17 00:29:34,838 - SplitNNClient - INFO - 8336 - phase=validation acc=0.7942 loss=49.04934301972389 epoch=43 and step=79
2026-04-17 00:29:37,124 - SplitNNClient - INFO - 8536 - phase=train acc=0.7609375 loss=6.624987632036209 epoch=44 and step=10
2026-04-17 00:29:37,201 - SplitNNClient - INFO - 8336 - phase=train acc=0.76484375 loss=6.795601069927216 epoch=44 and step=10
2026-04-17 00:29:37,250 - SplitNNClient - INFO - 23624 - phase=train acc=0.746875 loss=7.001380681991577 epoch=44 and step=10
2026-04-17 00:29:39,485 - SplitNNClient - INFO - 8536 - phase=train acc=0.74609375 loss=14.708981901407242 epoch=44 and step=20
2026-04-17 00:29:39,530 - SplitNNClient - INFO - 8336 - phase=train acc=0.752734375 loss=14.450290322303772 epoch=44 and step=20
2026-04-17 00:29:39,640 - SplitNNClient - INFO - 23624 - phase=train acc=0.766015625 loss=13.013433516025543 epoch=44 and step=20
2026-04-17 00:29:41,826 - SplitNNClient - INFO - 8536 - phase=train acc=0.7239583333333334 loss=24.51378706097603 epoch=44 and step=30
2026-04-17 00:29:41,870 - SplitNNClient - INFO - 8336 - phase=train acc=0.7380208333333333 loss=23.55198174715042 epoch=44 and step=30
2026-04-17 00:29:42,035 - SplitNNClient - INFO - 23624 - phase=train acc=0.7705729166666667 loss=19.38237977027893 epoch=44 and step=30
2026-04-17 00:29:44,314 - SplitNNClient - INFO - 8536 - phase=train acc=0.706640625 loss=34.72012624144554 epoch=44 and step=40
2026-04-17 00:29:44,363 - SplitNNClient - INFO - 8336 - phase=train acc=0.7330078125 loss=31.456913828849792 epoch=44 and step=40
2026-04-17 00:29:44,435 - SplitNNClient - INFO - 23624 - phase=train acc=0.7744140625 loss=25.659722089767456 epoch=44 and step=40
2026-04-17 00:29:46,699 - SplitNNClient - INFO - 8536 - phase=train acc=0.70265625 loss=43.899605721235275 epoch=44 and step=50
2026-04-17 00:29:46,774 - SplitNNClient - INFO - 8336 - phase=train acc=0.7396875 loss=38.59446680545807 epoch=44 and step=50
2026-04-17 00:29:46,878 - SplitNNClient - INFO - 23624 - phase=train acc=0.77671875 loss=32.07825416326523 epoch=44 and step=50
2026-04-17 00:29:49,104 - SplitNNClient - INFO - 8536 - phase=train acc=0.7015625 loss=52.5646638572216 epoch=44 and step=60
2026-04-17 00:29:49,181 - SplitNNClient - INFO - 8336 - phase=train acc=0.7397135416666667 loss=45.80688899755478 epoch=44 and step=60
2026-04-17 00:29:49,259 - SplitNNClient - INFO - 23624 - phase=train acc=0.7776041666666667 loss=37.90040710568428 epoch=44 and step=60
2026-04-17 00:29:51,414 - SplitNNClient - INFO - 8536 - phase=train acc=0.7047991071428571 loss=60.61039915680885 epoch=44 and step=70
2026-04-17 00:29:51,484 - SplitNNClient - INFO - 8336 - phase=train acc=0.7415178571428571 loss=53.09055596590042 epoch=44 and step=70
2026-04-17 00:29:51,620 - SplitNNClient - INFO - 23624 - phase=train acc=0.7760044642857142 loss=44.24283817410469 epoch=44 and step=70
2026-04-17 00:29:53,877 - SplitNNClient - INFO - 8536 - phase=train acc=0.70947265625 loss=68.20894303917885 epoch=44 and step=80
2026-04-17 00:29:53,990 - SplitNNClient - INFO - 8336 - phase=train acc=0.74384765625 loss=60.16272968053818 epoch=44 and step=80
2026-04-17 00:29:54,060 - SplitNNClient - INFO - 23624 - phase=train acc=0.77685546875 loss=50.38162878155708 epoch=44 and step=80
2026-04-17 00:29:56,268 - SplitNNClient - INFO - 8536 - phase=train acc=0.7122395833333334 loss=75.46618500351906 epoch=44 and step=90
2026-04-17 00:29:56,346 - SplitNNClient - INFO - 8336 - phase=train acc=0.7454861111111111 loss=67.39101111888885 epoch=44 and step=90
2026-04-17 00:29:56,456 - SplitNNClient - INFO - 23624 - phase=train acc=0.7756076388888888 loss=57.01809772849083 epoch=44 and step=90
2026-04-17 00:29:58,757 - SplitNNClient - INFO - 8536 - phase=train acc=0.716484375 loss=82.6613499224186 epoch=44 and step=100
2026-04-17 00:29:58,803 - SplitNNClient - INFO - 8336 - phase=train acc=0.748515625 loss=73.91778004169464 epoch=44 and step=100
2026-04-17 00:29:58,910 - SplitNNClient - INFO - 23624 - phase=train acc=0.774609375 loss=63.753682643175125 epoch=44 and step=100
2026-04-17 00:30:01,056 - SplitNNClient - INFO - 8536 - phase=train acc=0.7194602272727273 loss=89.68125095963478 epoch=44 and step=110
2026-04-17 00:30:01,163 - SplitNNClient - INFO - 8336 - phase=train acc=0.7494318181818181 loss=80.9445931315422 epoch=44 and step=110
2026-04-17 00:30:01,213 - SplitNNClient - INFO - 23624 - phase=train acc=0.7735085227272728 loss=70.53763911128044 epoch=44 and step=110
2026-04-17 00:30:03,413 - SplitNNClient - INFO - 8536 - phase=train acc=0.7231770833333333 loss=96.47644713521004 epoch=44 and step=120
2026-04-17 00:30:03,516 - SplitNNClient - INFO - 8336 - phase=train acc=0.7511067708333333 loss=87.62880688905716 epoch=44 and step=120
2026-04-17 00:30:03,567 - SplitNNClient - INFO - 23624 - phase=train acc=0.7731770833333333 loss=76.94205251336098 epoch=44 and step=120
2026-04-17 00:30:05,813 - SplitNNClient - INFO - 8536 - phase=train acc=0.7256009615384615 loss=103.8883093893528 epoch=44 and step=130
2026-04-17 00:30:05,895 - SplitNNClient - INFO - 8336 - phase=train acc=0.7534855769230769 loss=93.65764611959457 epoch=44 and step=130
2026-04-17 00:30:05,971 - SplitNNClient - INFO - 23624 - phase=train acc=0.77421875 loss=83.25121548771858 epoch=44 and step=130
2026-04-17 00:30:06,024 - FedServerManager - INFO - 24456 - get all model params ---- from rank fed_server
2026-04-17 00:30:17,599 - SplitNNClient - INFO - 23624 - phase=validation acc=0.8398 loss=37.34608915448189 epoch=44 and step=79
2026-04-17 00:30:17,651 - SplitNNClient - INFO - 8336 - phase=validation acc=0.8398 loss=37.34608915448189 epoch=44 and step=79
2026-04-17 00:30:17,694 - SplitNNClient - INFO - 8536 - phase=validation acc=0.8398 loss=37.34608915448189 epoch=44 and step=79
2026-04-17 00:30:20,041 - SplitNNClient - INFO - 8536 - phase=train acc=0.7984375 loss=6.098613828420639 epoch=45 and step=10
2026-04-17 00:30:20,150 - SplitNNClient - INFO - 8336 - phase=train acc=0.80078125 loss=5.713064581155777 epoch=45 and step=10
2026-04-17 00:30:20,222 - SplitNNClient - INFO - 23624 - phase=train acc=0.78984375 loss=6.227124333381653 epoch=45 and step=10
2026-04-17 00:30:22,551 - SplitNNClient - INFO - 8536 - phase=train acc=0.79765625 loss=12.149714022874832 epoch=45 and step=20
2026-04-17 00:30:22,622 - SplitNNClient - INFO - 8336 - phase=train acc=0.787109375 loss=12.121718406677246 epoch=45 and step=20
2026-04-17 00:30:22,698 - SplitNNClient - INFO - 23624 - phase=train acc=0.79296875 loss=12.0746750831604 epoch=45 and step=20
2026-04-17 00:30:24,957 - SplitNNClient - INFO - 8536 - phase=train acc=0.79453125 loss=18.483041614294052 epoch=45 and step=30
2026-04-17 00:30:25,009 - SplitNNClient - INFO - 8336 - phase=train acc=0.784375 loss=18.485755383968353 epoch=45 and step=30
2026-04-17 00:30:25,114 - SplitNNClient - INFO - 23624 - phase=train acc=0.784375 loss=18.723067462444305 epoch=45 and step=30
2026-04-17 00:30:27,449 - SplitNNClient - INFO - 8536 - phase=train acc=0.7875 loss=25.279346972703934 epoch=45 and step=40
2026-04-17 00:30:27,491 - SplitNNClient - INFO - 8336 - phase=train acc=0.7849609375 loss=24.7647647857666 epoch=45 and step=40
2026-04-17 00:30:27,535 - SplitNNClient - INFO - 23624 - phase=train acc=0.7828125 loss=24.783126652240753 epoch=45 and step=40
2026-04-17 00:30:29,902 - SplitNNClient - INFO - 8536 - phase=train acc=0.783125 loss=32.02015355229378 epoch=45 and step=50
2026-04-17 00:30:29,950 - SplitNNClient - INFO - 23624 - phase=train acc=0.77515625 loss=31.746481001377106 epoch=45 and step=50
2026-04-17 00:30:30,081 - SplitNNClient - INFO - 8336 - phase=train acc=0.7815625 loss=31.15900081396103 epoch=45 and step=50
2026-04-17 00:30:32,337 - SplitNNClient - INFO - 8536 - phase=train acc=0.7799479166666666 loss=38.720713406801224 epoch=45 and step=60
2026-04-17 00:30:32,409 - SplitNNClient - INFO - 23624 - phase=train acc=0.7772135416666667 loss=37.960214138031006 epoch=45 and step=60
2026-04-17 00:30:32,491 - SplitNNClient - INFO - 8336 - phase=train acc=0.783203125 loss=37.00857055187225 epoch=45 and step=60
2026-04-17 00:30:34,961 - SplitNNClient - INFO - 8536 - phase=train acc=0.7830357142857143 loss=44.561720222234726 epoch=45 and step=70
2026-04-17 00:30:35,012 - SplitNNClient - INFO - 8336 - phase=train acc=0.7821428571428571 loss=43.60492092370987 epoch=45 and step=70
2026-04-17 00:30:35,087 - SplitNNClient - INFO - 23624 - phase=train acc=0.7777901785714286 loss=44.32258254289627 epoch=45 and step=70
2026-04-17 00:30:37,519 - SplitNNClient - INFO - 8536 - phase=train acc=0.78271484375 loss=51.045133501291275 epoch=45 and step=80
2026-04-17 00:30:37,590 - SplitNNClient - INFO - 8336 - phase=train acc=0.78349609375 loss=49.637862384319305 epoch=45 and step=80
2026-04-17 00:30:37,774 - SplitNNClient - INFO - 23624 - phase=train acc=0.77685546875 loss=50.762486547231674 epoch=45 and step=80
2026-04-17 00:30:39,813 - SplitNNClient - INFO - 8536 - phase=train acc=0.7825520833333334 loss=57.44342061877251 epoch=45 and step=90
2026-04-17 00:30:39,935 - SplitNNClient - INFO - 8336 - phase=train acc=0.7819444444444444 loss=55.96938294172287 epoch=45 and step=90
2026-04-17 00:30:40,117 - SplitNNClient - INFO - 23624 - phase=train acc=0.7767361111111111 loss=56.99116590619087 epoch=45 and step=90
2026-04-17 00:30:42,242 - SplitNNClient - INFO - 8536 - phase=train acc=0.782109375 loss=63.760879188776016 epoch=45 and step=100
2026-04-17 00:30:42,396 - SplitNNClient - INFO - 8336 - phase=train acc=0.7825 loss=62.36524045467377 epoch=45 and step=100
2026-04-17 00:30:42,580 - SplitNNClient - INFO - 23624 - phase=train acc=0.776484375 loss=63.54070249199867 epoch=45 and step=100
2026-04-17 00:30:44,668 - SplitNNClient - INFO - 8536 - phase=train acc=0.78125 loss=70.30067190527916 epoch=45 and step=110
2026-04-17 00:30:44,843 - SplitNNClient - INFO - 8336 - phase=train acc=0.78125 loss=68.63701495528221 epoch=45 and step=110
2026-04-17 00:30:45,033 - SplitNNClient - INFO - 23624 - phase=train acc=0.7754261363636363 loss=70.18399366736412 epoch=45 and step=110
2026-04-17 00:30:47,172 - SplitNNClient - INFO - 8536 - phase=train acc=0.7836588541666667 loss=75.99386355280876 epoch=45 and step=120
2026-04-17 00:30:47,345 - SplitNNClient - INFO - 8336 - phase=train acc=0.7806640625 loss=74.90370658040047 epoch=45 and step=120
2026-04-17 00:30:47,490 - SplitNNClient - INFO - 23624 - phase=train acc=0.7748046875 loss=76.78489753603935 epoch=45 and step=120
2026-04-17 00:30:49,597 - SplitNNClient - INFO - 8536 - phase=train acc=0.7830528846153846 loss=82.2245737016201 epoch=45 and step=130
2026-04-17 00:30:49,709 - SplitNNClient - INFO - 8336 - phase=train acc=0.7807091346153846 loss=81.53911936283112 epoch=45 and step=130
2026-04-17 00:30:49,841 - SplitNNClient - INFO - 23624 - phase=train acc=0.7753605769230769 loss=83.02375581860542 epoch=45 and step=130
2026-04-17 00:30:49,896 - FedServerManager - INFO - 24456 - get all model params ---- from rank fed_server
2026-04-17 00:31:01,427 - SplitNNClient - INFO - 23624 - phase=validation acc=0.847 loss=36.10498055815697 epoch=45 and step=79
2026-04-17 00:31:01,474 - SplitNNClient - INFO - 8336 - phase=validation acc=0.847 loss=36.10498055815697 epoch=45 and step=79
2026-04-17 00:31:01,530 - SplitNNClient - INFO - 8536 - phase=validation acc=0.847 loss=36.10498055815697 epoch=45 and step=79
2026-04-17 00:31:04,002 - SplitNNClient - INFO - 8536 - phase=train acc=0.784375 loss=6.225180238485336 epoch=46 and step=10
2026-04-17 00:31:04,113 - SplitNNClient - INFO - 23624 - phase=train acc=0.8046875 loss=5.613556206226349 epoch=46 and step=10
2026-04-17 00:31:04,163 - SplitNNClient - INFO - 8336 - phase=train acc=0.80703125 loss=5.206792831420898 epoch=46 and step=10
2026-04-17 00:31:06,522 - SplitNNClient - INFO - 8536 - phase=train acc=0.78828125 loss=12.04290845990181 epoch=46 and step=20
2026-04-17 00:31:06,570 - SplitNNClient - INFO - 23624 - phase=train acc=0.79453125 loss=11.916306555271149 epoch=46 and step=20
2026-04-17 00:31:06,649 - SplitNNClient - INFO - 8336 - phase=train acc=0.793359375 loss=11.642553895711899 epoch=46 and step=20
2026-04-17 00:31:09,009 - SplitNNClient - INFO - 8536 - phase=train acc=0.7833333333333333 loss=18.545201808214188 epoch=46 and step=30
2026-04-17 00:31:09,089 - SplitNNClient - INFO - 23624 - phase=train acc=0.7893229166666667 loss=18.290076673030853 epoch=46 and step=30
2026-04-17 00:31:09,198 - SplitNNClient - INFO - 8336 - phase=train acc=0.78515625 loss=18.170646220445633 epoch=46 and step=30
2026-04-17 00:31:11,553 - SplitNNClient - INFO - 8536 - phase=train acc=0.7931640625 loss=24.07247194647789 epoch=46 and step=40
2026-04-17 00:31:11,603 - SplitNNClient - INFO - 23624 - phase=train acc=0.7923828125 loss=24.115017026662827 epoch=46 and step=40
2026-04-17 00:31:11,678 - SplitNNClient - INFO - 8336 - phase=train acc=0.7873046875 loss=24.16714459657669 epoch=46 and step=40
2026-04-17 00:31:14,201 - SplitNNClient - INFO - 8536 - phase=train acc=0.79328125 loss=30.192418485879898 epoch=46 and step=50
2026-04-17 00:31:14,248 - SplitNNClient - INFO - 23624 - phase=train acc=0.789375 loss=30.199717551469803 epoch=46 and step=50
2026-04-17 00:31:14,295 - SplitNNClient - INFO - 8336 - phase=train acc=0.789375 loss=30.18767547607422 epoch=46 and step=50
2026-04-17 00:31:16,723 - SplitNNClient - INFO - 8536 - phase=train acc=0.794140625 loss=35.80472773313522 epoch=46 and step=60
2026-04-17 00:31:16,801 - SplitNNClient - INFO - 8336 - phase=train acc=0.7861979166666667 loss=36.49584352970123 epoch=46 and step=60
2026-04-17 00:31:16,850 - SplitNNClient - INFO - 23624 - phase=train acc=0.7880208333333333 loss=36.64517793059349 epoch=46 and step=60
2026-04-17 00:31:19,257 - SplitNNClient - INFO - 8536 - phase=train acc=0.7907366071428571 loss=42.379343926906586 epoch=46 and step=70
2026-04-17 00:31:19,328 - SplitNNClient - INFO - 8336 - phase=train acc=0.78515625 loss=42.891690135002136 epoch=46 and step=70
2026-04-17 00:31:19,443 - SplitNNClient - INFO - 23624 - phase=train acc=0.7848214285714286 loss=43.37160274386406 epoch=46 and step=70
2026-04-17 00:31:21,693 - SplitNNClient - INFO - 8536 - phase=train acc=0.78955078125 loss=48.51916745305061 epoch=46 and step=80
2026-04-17 00:31:21,769 - SplitNNClient - INFO - 8336 - phase=train acc=0.78759765625 loss=48.86745220422745 epoch=46 and step=80
2026-04-17 00:31:21,823 - SplitNNClient - INFO - 23624 - phase=train acc=0.785546875 loss=49.467312037944794 epoch=46 and step=80
2026-04-17 00:31:24,181 - SplitNNClient - INFO - 8536 - phase=train acc=0.790625 loss=54.16491428017616 epoch=46 and step=90
2026-04-17 00:31:24,229 - SplitNNClient - INFO - 8336 - phase=train acc=0.78828125 loss=54.93927335739136 epoch=46 and step=90
2026-04-17 00:31:24,284 - SplitNNClient - INFO - 23624 - phase=train acc=0.7838541666666666 loss=55.97895169258118 epoch=46 and step=90
2026-04-17 00:31:26,625 - SplitNNClient - INFO - 8536 - phase=train acc=0.78875 loss=60.77087980508804 epoch=46 and step=100
2026-04-17 00:31:26,731 - SplitNNClient - INFO - 8336 - phase=train acc=0.786015625 loss=61.47711753845215 epoch=46 and step=100
2026-04-17 00:31:26,814 - SplitNNClient - INFO - 23624 - phase=train acc=0.783125 loss=62.37554746866226 epoch=46 and step=100
2026-04-17 00:31:29,160 - SplitNNClient - INFO - 8536 - phase=train acc=0.7859375 loss=67.66274416446686 epoch=46 and step=110
2026-04-17 00:31:29,205 - SplitNNClient - INFO - 8336 - phase=train acc=0.7857954545454545 loss=67.81516718864441 epoch=46 and step=110
2026-04-17 00:31:29,280 - SplitNNClient - INFO - 23624 - phase=train acc=0.78203125 loss=68.91247057914734 epoch=46 and step=110
2026-04-17 00:31:31,621 - SplitNNClient - INFO - 8536 - phase=train acc=0.784765625 loss=74.04264611005783 epoch=46 and step=120
2026-04-17 00:31:31,673 - SplitNNClient - INFO - 8336 - phase=train acc=0.7860677083333333 loss=74.04511851072311 epoch=46 and step=120
2026-04-17 00:31:31,753 - SplitNNClient - INFO - 23624 - phase=train acc=0.7811848958333333 loss=75.45089465379715 epoch=46 and step=120
2026-04-17 00:31:33,976 - SplitNNClient - INFO - 8536 - phase=train acc=0.7846754807692308 loss=80.95050713419914 epoch=46 and step=130
2026-04-17 00:31:34,058 - SplitNNClient - INFO - 8336 - phase=train acc=0.7859375 loss=80.11069336533546 epoch=46 and step=130
2026-04-17 00:31:34,131 - SplitNNClient - INFO - 23624 - phase=train acc=0.7822115384615385 loss=81.43037813901901 epoch=46 and step=130
2026-04-17 00:31:34,188 - FedServerManager - INFO - 24456 - get all model params ---- from rank fed_server
2026-04-17 00:31:45,785 - SplitNNClient - INFO - 8336 - phase=validation acc=0.8471 loss=36.05718091130257 epoch=46 and step=79
2026-04-17 00:31:45,832 - SplitNNClient - INFO - 23624 - phase=validation acc=0.8471 loss=36.05718091130257 epoch=46 and step=79
2026-04-17 00:31:45,917 - SplitNNClient - INFO - 8536 - phase=validation acc=0.8471 loss=36.05718091130257 epoch=46 and step=79
2026-04-17 00:31:48,135 - SplitNNClient - INFO - 8336 - phase=train acc=0.80859375 loss=5.441956877708435 epoch=47 and step=10
2026-04-17 00:31:48,205 - SplitNNClient - INFO - 23624 - phase=train acc=0.8 loss=5.743526995182037 epoch=47 and step=10
2026-04-17 00:31:48,314 - SplitNNClient - INFO - 8536 - phase=train acc=0.790625 loss=6.008853733539581 epoch=47 and step=10
2026-04-17 00:31:50,491 - SplitNNClient - INFO - 8336 - phase=train acc=0.790625 loss=11.871606290340424 epoch=47 and step=20
2026-04-17 00:31:50,537 - SplitNNClient - INFO - 23624 - phase=train acc=0.788671875 loss=11.947032451629639 epoch=47 and step=20
2026-04-17 00:31:50,615 - SplitNNClient - INFO - 8536 - phase=train acc=0.7890625 loss=11.771303296089172 epoch=47 and step=20
2026-04-17 00:31:52,792 - SplitNNClient - INFO - 8336 - phase=train acc=0.79375 loss=17.506218880414963 epoch=47 and step=30
2026-04-17 00:31:52,868 - SplitNNClient - INFO - 23624 - phase=train acc=0.79296875 loss=17.601130962371826 epoch=47 and step=30
2026-04-17 00:31:52,977 - SplitNNClient - INFO - 8536 - phase=train acc=0.7817708333333333 loss=18.308858811855316 epoch=47 and step=30
2026-04-17 00:31:55,101 - SplitNNClient - INFO - 8336 - phase=train acc=0.7978515625 loss=23.108613550662994 epoch=47 and step=40
2026-04-17 00:31:55,182 - SplitNNClient - INFO - 23624 - phase=train acc=0.7947265625 loss=23.260942578315735 epoch=47 and step=40
2026-04-17 00:31:55,291 - SplitNNClient - INFO - 8536 - phase=train acc=0.7849609375 loss=23.94200748205185 epoch=47 and step=40
2026-04-17 00:31:57,406 - SplitNNClient - INFO - 8336 - phase=train acc=0.795 loss=29.676896899938583 epoch=47 and step=50
2026-04-17 00:31:57,480 - SplitNNClient - INFO - 23624 - phase=train acc=0.79296875 loss=29.355365753173828 epoch=47 and step=50
2026-04-17 00:31:57,588 - SplitNNClient - INFO - 8536 - phase=train acc=0.78703125 loss=30.0012229681015 epoch=47 and step=50
2026-04-17 00:31:59,839 - SplitNNClient - INFO - 8336 - phase=train acc=0.7924479166666667 loss=35.901147812604904 epoch=47 and step=60
2026-04-17 00:31:59,884 - SplitNNClient - INFO - 23624 - phase=train acc=0.7889322916666667 loss=35.80898481607437 epoch=47 and step=60
2026-04-17 00:32:00,018 - SplitNNClient - INFO - 8536 - phase=train acc=0.7877604166666666 loss=36.231220960617065 epoch=47 and step=60
2026-04-17 00:32:02,124 - SplitNNClient - INFO - 8336 - phase=train acc=0.79296875 loss=41.98769235610962 epoch=47 and step=70
2026-04-17 00:32:02,171 - SplitNNClient - INFO - 23624 - phase=train acc=0.7902901785714286 loss=41.80510091781616 epoch=47 and step=70
2026-04-17 00:32:02,274 - SplitNNClient - INFO - 8536 - phase=train acc=0.78671875 loss=42.507825791835785 epoch=47 and step=70
2026-04-17 00:32:04,389 - SplitNNClient - INFO - 8336 - phase=train acc=0.7921875 loss=48.42806488275528 epoch=47 and step=80
2026-04-17 00:32:04,461 - SplitNNClient - INFO - 23624 - phase=train acc=0.79013671875 loss=47.99130591750145 epoch=47 and step=80
2026-04-17 00:32:04,570 - SplitNNClient - INFO - 8536 - phase=train acc=0.785546875 loss=48.71897178888321 epoch=47 and step=80
2026-04-17 00:32:06,676 - SplitNNClient - INFO - 8336 - phase=train acc=0.7913194444444445 loss=54.576281905174255 epoch=47 and step=90
2026-04-17 00:32:06,786 - SplitNNClient - INFO - 23624 - phase=train acc=0.7874131944444445 loss=54.802761286497116 epoch=47 and step=90
2026-04-17 00:32:06,834 - SplitNNClient - INFO - 8536 - phase=train acc=0.78515625 loss=54.709889113903046 epoch=47 and step=90
2026-04-17 00:32:09,009 - SplitNNClient - INFO - 8336 - phase=train acc=0.790859375 loss=60.55515146255493 epoch=47 and step=100
2026-04-17 00:32:09,141 - SplitNNClient - INFO - 23624 - phase=train acc=0.78640625 loss=61.2802669107914 epoch=47 and step=100
2026-04-17 00:32:09,192 - SplitNNClient - INFO - 8536 - phase=train acc=0.786171875 loss=60.806393563747406 epoch=47 and step=100
2026-04-17 00:32:11,324 - SplitNNClient - INFO - 8336 - phase=train acc=0.7897017045454545 loss=66.65402978658676 epoch=47 and step=110
2026-04-17 00:32:11,435 - SplitNNClient - INFO - 23624 - phase=train acc=0.7847301136363637 loss=67.91250947117805 epoch=47 and step=110
2026-04-17 00:32:11,506 - SplitNNClient - INFO - 8536 - phase=train acc=0.7872159090909091 loss=66.65420526266098 epoch=47 and step=110
2026-04-17 00:32:13,843 - SplitNNClient - INFO - 8336 - phase=train acc=0.7905598958333333 loss=72.41375085711479 epoch=47 and step=120
2026-04-17 00:32:13,889 - SplitNNClient - INFO - 23624 - phase=train acc=0.7838541666666666 loss=74.26611158251762 epoch=47 and step=120
2026-04-17 00:32:13,941 - SplitNNClient - INFO - 8536 - phase=train acc=0.7866536458333333 loss=72.81203651428223 epoch=47 and step=120
2026-04-17 00:32:16,158 - SplitNNClient - INFO - 8336 - phase=train acc=0.7905048076923077 loss=78.65295541286469 epoch=47 and step=130
2026-04-17 00:32:16,268 - SplitNNClient - INFO - 23624 - phase=train acc=0.7832932692307693 loss=80.47920045256615 epoch=47 and step=130
2026-04-17 00:32:16,338 - SplitNNClient - INFO - 8536 - phase=train acc=0.7868990384615384 loss=78.90299904346466 epoch=47 and step=130
2026-04-17 00:32:16,410 - FedServerManager - INFO - 24456 - get all model params ---- from rank fed_server
2026-04-17 00:32:27,904 - SplitNNClient - INFO - 8336 - phase=validation acc=0.8484 loss=34.83943831920624 epoch=47 and step=79
2026-04-17 00:32:27,950 - SplitNNClient - INFO - 23624 - phase=validation acc=0.8484 loss=34.83943831920624 epoch=47 and step=79
2026-04-17 00:32:28,007 - SplitNNClient - INFO - 8536 - phase=validation acc=0.8484 loss=34.83943831920624 epoch=47 and step=79
2026-04-17 00:32:30,250 - SplitNNClient - INFO - 23624 - phase=train acc=0.81875 loss=5.2284040451049805 epoch=48 and step=10
2026-04-17 00:32:30,323 - SplitNNClient - INFO - 8336 - phase=train acc=0.82109375 loss=4.83525937795639 epoch=48 and step=10
2026-04-17 00:32:30,376 - SplitNNClient - INFO - 8536 - phase=train acc=0.81875 loss=5.004487007856369 epoch=48 and step=10
2026-04-17 00:32:32,533 - SplitNNClient - INFO - 23624 - phase=train acc=0.803515625 loss=11.2990103662014 epoch=48 and step=20
2026-04-17 00:32:32,637 - SplitNNClient - INFO - 8336 - phase=train acc=0.80703125 loss=10.875616818666458 epoch=48 and step=20
2026-04-17 00:32:32,716 - SplitNNClient - INFO - 8536 - phase=train acc=0.808203125 loss=10.703344583511353 epoch=48 and step=20
2026-04-17 00:32:34,863 - SplitNNClient - INFO - 23624 - phase=train acc=0.8013020833333333 loss=17.280956089496613 epoch=48 and step=30
2026-04-17 00:32:34,934 - SplitNNClient - INFO - 8336 - phase=train acc=0.7921875 loss=17.45398560166359 epoch=48 and step=30
2026-04-17 00:32:35,038 - SplitNNClient - INFO - 8536 - phase=train acc=0.8111979166666666 loss=16.10670155286789 epoch=48 and step=30
2026-04-17 00:32:37,193 - SplitNNClient - INFO - 23624 - phase=train acc=0.7990234375 loss=23.441405534744263 epoch=48 and step=40
2026-04-17 00:32:37,264 - SplitNNClient - INFO - 8336 - phase=train acc=0.7951171875 loss=23.27263370156288 epoch=48 and step=40
2026-04-17 00:32:37,370 - SplitNNClient - INFO - 8536 - phase=train acc=0.8103515625 loss=21.436486542224884 epoch=48 and step=40
2026-04-17 00:32:39,608 - SplitNNClient - INFO - 23624 - phase=train acc=0.79640625 loss=29.570618212223053 epoch=48 and step=50
2026-04-17 00:32:39,782 - SplitNNClient - INFO - 8336 - phase=train acc=0.7946875 loss=29.31887674331665 epoch=48 and step=50
2026-04-17 00:32:39,833 - SplitNNClient - INFO - 8536 - phase=train acc=0.80453125 loss=27.64703142642975 epoch=48 and step=50
2026-04-17 00:32:42,026 - SplitNNClient - INFO - 23624 - phase=train acc=0.7958333333333333 loss=35.448615074157715 epoch=48 and step=60
2026-04-17 00:32:42,074 - SplitNNClient - INFO - 8336 - phase=train acc=0.7942708333333334 loss=35.767418801784515 epoch=48 and step=60
2026-04-17 00:32:42,148 - SplitNNClient - INFO - 8536 - phase=train acc=0.8016927083333333 loss=33.54519873857498 epoch=48 and step=60
2026-04-17 00:32:44,366 - SplitNNClient - INFO - 8336 - phase=train acc=0.7916294642857142 loss=42.08543962240219 epoch=48 and step=70
2026-04-17 00:32:44,415 - SplitNNClient - INFO - 23624 - phase=train acc=0.7949776785714285 loss=41.6446036696434 epoch=48 and step=70
2026-04-17 00:32:44,523 - SplitNNClient - INFO - 8536 - phase=train acc=0.8021205357142858 loss=39.63390362262726 epoch=48 and step=70
2026-04-17 00:32:46,671 - SplitNNClient - INFO - 8336 - phase=train acc=0.79248046875 loss=47.951654970645905 epoch=48 and step=80
2026-04-17 00:32:46,723 - SplitNNClient - INFO - 23624 - phase=train acc=0.79404296875 loss=47.654363840818405 epoch=48 and step=80
2026-04-17 00:32:46,807 - SplitNNClient - INFO - 8536 - phase=train acc=0.79951171875 loss=45.76536712050438 epoch=48 and step=80
2026-04-17 00:32:48,937 - SplitNNClient - INFO - 8336 - phase=train acc=0.7917534722222223 loss=54.07615140080452 epoch=48 and step=90
2026-04-17 00:32:49,044 - SplitNNClient - INFO - 23624 - phase=train acc=0.7947048611111112 loss=53.477923810482025 epoch=48 and step=90
2026-04-17 00:32:49,118 - SplitNNClient - INFO - 8536 - phase=train acc=0.7998263888888889 loss=51.274567157030106 epoch=48 and step=90
2026-04-17 00:32:51,268 - SplitNNClient - INFO - 8336 - phase=train acc=0.793203125 loss=59.88406416773796 epoch=48 and step=100
2026-04-17 00:32:51,378 - SplitNNClient - INFO - 23624 - phase=train acc=0.792890625 loss=59.710358649492264 epoch=48 and step=100
2026-04-17 00:32:51,420 - SplitNNClient - INFO - 8536 - phase=train acc=0.801484375 loss=56.84638938307762 epoch=48 and step=100
2026-04-17 00:32:53,601 - SplitNNClient - INFO - 8336 - phase=train acc=0.7921164772727273 loss=66.40474420785904 epoch=48 and step=110
2026-04-17 00:32:53,707 - SplitNNClient - INFO - 23624 - phase=train acc=0.7920454545454545 loss=65.82976871728897 epoch=48 and step=110
2026-04-17 00:32:53,781 - SplitNNClient - INFO - 8536 - phase=train acc=0.8003551136363637 loss=63.09645727276802 epoch=48 and step=110
2026-04-17 00:32:56,100 - SplitNNClient - INFO - 8336 - phase=train acc=0.7914713541666667 loss=72.40675038099289 epoch=48 and step=120
2026-04-17 00:32:56,200 - SplitNNClient - INFO - 23624 - phase=train acc=0.7919270833333333 loss=71.92000898718834 epoch=48 and step=120
2026-04-17 00:32:56,248 - SplitNNClient - INFO - 8536 - phase=train acc=0.7999348958333333 loss=69.1860964000225 epoch=48 and step=120
2026-04-17 00:32:58,530 - SplitNNClient - INFO - 8336 - phase=train acc=0.7896634615384616 loss=78.95393925905228 epoch=48 and step=130
2026-04-17 00:32:58,640 - SplitNNClient - INFO - 23624 - phase=train acc=0.7924879807692308 loss=78.06259912252426 epoch=48 and step=130
2026-04-17 00:32:58,710 - SplitNNClient - INFO - 8536 - phase=train acc=0.79921875 loss=75.13984763622284 epoch=48 and step=130
2026-04-17 00:32:58,793 - FedServerManager - INFO - 24456 - get all model params ---- from rank fed_server
2026-04-17 00:33:10,368 - SplitNNClient - INFO - 23624 - phase=validation acc=0.8516 loss=34.4997738301754 epoch=48 and step=79
2026-04-17 00:33:10,406 - SplitNNClient - INFO - 8536 - phase=validation acc=0.8516 loss=34.4997738301754 epoch=48 and step=79
2026-04-17 00:33:10,458 - SplitNNClient - INFO - 8336 - phase=validation acc=0.8516 loss=34.4997738301754 epoch=48 and step=79
2026-04-17 00:33:11,213 - CommBreakdown - INFO - 8536 - tensor_distribution rank=1 node_type=client phase=train epoch=49 sample=late tensor=activations[0] shape=(128, 64, 16, 16) mean=0.546172 std=1.02615 min=0 max=24.3275 mean_abs=0.546172 max_abs=24.3275 p95_abs=2.58894 p99_abs=4.62573 skewness=3.27182 kurtosis=20.475 mean_channel_std=0.944622 std_channel_std=0.309478 max_channel_scale_over_min_channel_scale=7.06862 spread=high spread_score=1.8788 outliers=medium outlier_score=2.58713 near_zero=medium near_zero_fraction=0.56454
2026-04-17 00:33:11,218 - CommBreakdown - INFO - 8336 - tensor_distribution rank=3 node_type=client phase=train epoch=49 sample=late tensor=activations[0] shape=(128, 64, 16, 16) mean=0.553417 std=1.04167 min=0 max=22.0746 mean_abs=0.553417 max_abs=22.0746 p95_abs=2.63313 p99_abs=4.68061 skewness=3.27102 kurtosis=20.4689 mean_channel_std=0.95831 std_channel_std=0.317638 max_channel_scale_over_min_channel_scale=6.11243 spread=high spread_score=1.88226 outliers=medium outlier_score=2.57371 near_zero=medium near_zero_fraction=0.564944
2026-04-17 00:33:11,237 - CommBreakdown - INFO - 23624 - tensor_distribution rank=2 node_type=client phase=train epoch=49 sample=late tensor=activations[0] shape=(128, 64, 16, 16) mean=0.553447 std=1.03697 min=0 max=21.7525 mean_abs=0.553447 max_abs=21.7525 p95_abs=2.62885 p99_abs=4.65703 skewness=3.21223 kurtosis=19.5256 mean_channel_std=0.954748 std_channel_std=0.313231 max_channel_scale_over_min_channel_scale=6.36547 spread=high spread_score=1.87366 outliers=medium outlier_score=2.55204 near_zero=medium near_zero_fraction=0.56477
2026-04-17 00:33:12,426 - CommBreakdown - INFO - 21248 - tensor_distribution rank=0 node_type=server phase=train epoch=49 sample=late tensor=activation_grads shape=(128, 64, 16, 16) mean=-4.78273e-09 std=1.89006e-05 min=-0.00100634 max=0.0006758 mean_abs=7.2653e-06 max_abs=0.00100634 p95_abs=3.3965e-05 p99_abs=8.41637e-05 skewness=-0.00156346 kurtosis=1.11987e-05 mean_channel_std=1.86445e-05 std_channel_std=3.1007e-06 max_channel_scale_over_min_channel_scale=4.3476 spread=high spread_score=2.60149 outliers=high outlier_score=4.54139 near_zero=medium near_zero_fraction=0.309047
2026-04-17 00:33:43,484 - SplitNNClient - INFO - 8536 - phase=train acc=0.8125 loss=5.078239679336548 epoch=49 and step=10
2026-04-17 00:33:44,612 - SplitNNClient - INFO - 8336 - phase=train acc=0.81015625 loss=5.5647008419036865 epoch=49 and step=10
2026-04-17 00:33:45,797 - SplitNNClient - INFO - 23624 - phase=train acc=0.81640625 loss=5.29650342464447 epoch=49 and step=10
2026-04-17 00:34:18,147 - SplitNNClient - INFO - 8536 - phase=train acc=0.803125 loss=10.787297934293747 epoch=49 and step=20
2026-04-17 00:34:19,333 - SplitNNClient - INFO - 8336 - phase=train acc=0.801953125 loss=11.652062594890594 epoch=49 and step=20
2026-04-17 00:34:20,492 - SplitNNClient - INFO - 23624 - phase=train acc=0.803125 loss=11.267520427703857 epoch=49 and step=20
2026-04-17 00:34:52,801 - SplitNNClient - INFO - 8536 - phase=train acc=0.80234375 loss=16.665637224912643 epoch=49 and step=30
2026-04-17 00:34:53,926 - SplitNNClient - INFO - 8336 - phase=train acc=0.7963541666666667 loss=17.923222601413727 epoch=49 and step=30
2026-04-17 00:34:55,058 - SplitNNClient - INFO - 23624 - phase=train acc=0.7994791666666666 loss=16.832968831062317 epoch=49 and step=30
2026-04-17 00:35:27,233 - SplitNNClient - INFO - 8536 - phase=train acc=0.7970703125 loss=22.893625855445862 epoch=49 and step=40
2026-04-17 00:35:28,417 - SplitNNClient - INFO - 8336 - phase=train acc=0.7890625 loss=24.627251476049423 epoch=49 and step=40
2026-04-17 00:35:29,578 - SplitNNClient - INFO - 23624 - phase=train acc=0.792578125 loss=23.002065062522888 epoch=49 and step=40
2026-04-17 00:36:01,925 - SplitNNClient - INFO - 8536 - phase=train acc=0.7875 loss=30.922493934631348 epoch=49 and step=50
2026-04-17 00:36:03,059 - SplitNNClient - INFO - 8336 - phase=train acc=0.7875 loss=31.77964836359024 epoch=49 and step=50
2026-04-17 00:36:04,164 - SplitNNClient - INFO - 23624 - phase=train acc=0.78640625 loss=29.429896354675293 epoch=49 and step=50
2026-04-17 00:36:36,213 - SplitNNClient - INFO - 8536 - phase=train acc=0.7725260416666667 loss=39.509584188461304 epoch=49 and step=60
2026-04-17 00:36:37,430 - SplitNNClient - INFO - 8336 - phase=train acc=0.7880208333333333 loss=37.54429113864899 epoch=49 and step=60
2026-04-17 00:36:38,591 - SplitNNClient - INFO - 23624 - phase=train acc=0.7884114583333334 loss=35.15425664186478 epoch=49 and step=60
2026-04-17 00:37:10,962 - SplitNNClient - INFO - 8536 - phase=train acc=0.7646205357142857 loss=48.330061852931976 epoch=49 and step=70
2026-04-17 00:37:12,119 - SplitNNClient - INFO - 8336 - phase=train acc=0.7869419642857143 loss=43.95840001106262 epoch=49 and step=70
2026-04-17 00:37:13,276 - SplitNNClient - INFO - 23624 - phase=train acc=0.7910714285714285 loss=40.770964205265045 epoch=49 and step=70
2026-04-17 00:37:45,622 - SplitNNClient - INFO - 8536 - phase=train acc=0.73828125 loss=62.15467292070389 epoch=49 and step=80
2026-04-17 00:37:46,774 - SplitNNClient - INFO - 8336 - phase=train acc=0.7900390625 loss=49.485919535160065 epoch=49 and step=80
2026-04-17 00:37:47,959 - SplitNNClient - INFO - 23624 - phase=train acc=0.79208984375 loss=46.53086534142494 epoch=49 and step=80
2026-04-17 00:38:20,092 - SplitNNClient - INFO - 8536 - phase=train acc=0.7196180555555556 loss=74.45324355363846 epoch=49 and step=90
2026-04-17 00:38:21,223 - SplitNNClient - INFO - 8336 - phase=train acc=0.7914930555555556 loss=55.24178260564804 epoch=49 and step=90
2026-04-17 00:38:22,406 - SplitNNClient - INFO - 23624 - phase=train acc=0.7928819444444445 loss=52.80108889937401 epoch=49 and step=90
2026-04-17 00:38:54,667 - SplitNNClient - INFO - 8536 - phase=train acc=0.70890625 loss=85.5268377661705 epoch=49 and step=100
2026-04-17 00:38:55,829 - SplitNNClient - INFO - 8336 - phase=train acc=0.790859375 loss=61.57279497385025 epoch=49 and step=100
2026-04-17 00:38:57,019 - SplitNNClient - INFO - 23624 - phase=train acc=0.791796875 loss=58.91033983230591 epoch=49 and step=100
2026-04-17 00:39:29,189 - SplitNNClient - INFO - 8536 - phase=train acc=0.7052556818181818 loss=95.18327391147614 epoch=49 and step=110
2026-04-17 00:39:30,381 - SplitNNClient - INFO - 8336 - phase=train acc=0.7918323863636364 loss=67.36948618292809 epoch=49 and step=110
2026-04-17 00:39:31,536 - SplitNNClient - INFO - 23624 - phase=train acc=0.7901988636363636 loss=65.11426767706871 epoch=49 and step=110
2026-04-17 00:40:03,876 - SplitNNClient - INFO - 8536 - phase=train acc=0.7046875 loss=104.16898256540298 epoch=49 and step=120
2026-04-17 00:40:05,038 - SplitNNClient - INFO - 8336 - phase=train acc=0.7907552083333333 loss=73.64380690455437 epoch=49 and step=120
2026-04-17 00:40:06,201 - SplitNNClient - INFO - 23624 - phase=train acc=0.790234375 loss=71.17429128289223 epoch=49 and step=120
2026-04-17 00:40:38,360 - SplitNNClient - INFO - 8536 - phase=train acc=0.6998798076923077 loss=114.30280929803848 epoch=49 and step=130
2026-04-17 00:40:39,436 - SplitNNClient - INFO - 8336 - phase=train acc=0.7903245192307692 loss=79.97705873847008 epoch=49 and step=130
2026-04-17 00:40:40,564 - SplitNNClient - INFO - 23624 - phase=train acc=0.7908653846153846 loss=76.88855418562889 epoch=49 and step=130
2026-04-17 00:40:40,617 - FedServerManager - INFO - 24456 - get all model params ---- from rank fed_server
2026-04-17 00:40:51,995 - SplitNNClient - INFO - 8536 - phase=validation acc=0.826 loss=39.68274429440498 epoch=49 and step=79
2026-04-17 00:40:52,026 - CommBreakdown - INFO - 8536 - rank=1 node_type=client total_send=87339927074 total_receive=54561791988 send_by_category={'ACTS': 87308252750, 'MODEL': 31662900, 'OTHER': 11424} recv_by_category={'GRADS': 54530120400, 'MODEL': 31660500, 'OTHER': 11088} send_by_type={2: 87308252750, 7: 31662900, 3: 5600, 4: 5600, 5: 224} recv_by_type={1: 54530120400, 8: 31660500, 11: 5600, 12: 5488} mm_send_by_type={2: 87307960150, 7: 31661500, 3: 4200, 4: 4200, 5: 168} mm_recv_by_type={1: 54530120400, 8: 31660500, 11: 5600, 12: 5488}
2026-04-17 00:40:52,035 - SplitNNClient - INFO - 8336 - phase=validation acc=0.826 loss=39.68274429440498 epoch=49 and step=79
2026-04-17 00:40:52,056 - CommBreakdown - INFO - 8336 - rank=3 node_type=client total_send=87339927074 total_receive=54561791988 send_by_category={'ACTS': 87308252750, 'MODEL': 31662900, 'OTHER': 11424} recv_by_category={'GRADS': 54530120400, 'MODEL': 31660500, 'OTHER': 11088} send_by_type={2: 87308252750, 7: 31662900, 3: 5600, 4: 5600, 5: 224} recv_by_type={1: 54530120400, 8: 31660500, 11: 5600, 12: 5488} mm_send_by_type={2: 87307960150, 7: 31661500, 3: 4200, 4: 4200, 5: 168} mm_recv_by_type={1: 54530120400, 8: 31660500, 11: 5600, 12: 5488}
2026-04-17 00:40:52,057 - init_client - INFO - 8536 - Client 1 run end
2026-04-17 00:40:52,088 - SplitNNClient - INFO - 23624 - phase=validation acc=0.826 loss=39.68274429440498 epoch=49 and step=79
2026-04-17 00:40:52,095 - init_client - INFO - 8336 - Client 3 run end
2026-04-17 00:40:52,098 - CommBreakdown - INFO - 23624 - rank=2 node_type=client total_send=87339927074 total_receive=54561791988 send_by_category={'ACTS': 87308252750, 'MODEL': 31662900, 'OTHER': 11424} recv_by_category={'GRADS': 54530120400, 'MODEL': 31660500, 'OTHER': 11088} send_by_type={2: 87308252750, 7: 31662900, 3: 5600, 4: 5600, 5: 224} recv_by_type={1: 54530120400, 8: 31660500, 11: 5600, 12: 5488} mm_send_by_type={2: 87307960150, 7: 31661500, 3: 4200, 4: 4200, 5: 168} mm_recv_by_type={1: 54530120400, 8: 31660500, 11: 5600, 12: 5488}
2026-04-17 00:40:52,100 - CommBreakdown - INFO - 21248 - rank=0 node_type=server total_send=163590394464 total_receive=261924792186 send_by_category={'GRADS': 163590361200, 'OTHER': 33264} recv_by_category={'ACTS': 261924758250, 'OTHER': 33936} send_by_type={1: 163590361200, 11: 16800, 12: 16464} recv_by_type={2: 261924758250, 3: 16800, 4: 16800, 5: 336} mm_send_by_type={1: 163589483400, 11: 12600, 12: 12348} mm_recv_by_type={2: 261924758250, 3: 16800, 4: 16800, 5: 336}
2026-04-17 00:40:52,106 - CommBreakdown - INFO - 24456 - rank=4 node_type=server total_send=94981500 total_receive=94989036 send_by_category={'MODEL': 94981500} recv_by_category={'MODEL': 94988700, 'OTHER': 336} send_by_type={8: 94981500} recv_by_type={7: 94988700, 5: 336} mm_send_by_type={8: 94977300} mm_recv_by_type={7: 94988700, 5: 336}
2026-04-17 00:40:52,115 - init_fed_server - INFO - 24456 - FedServer run end
2026-04-17 00:40:52,121 - init_server - INFO - 21248 - Server run end
2026-04-17 00:40:52,134 - init_client - INFO - 23624 - Client 2 run end
