2026-04-17 03:36:48,546 - datasetFactory - INFO - 3736 - cifar10
2026-04-17 03:36:48,547 - datasetFactory - INFO - 9648 - cifar10

2026-04-17 03:36:48,547 - datasetFactory - INFO - 21140 - cifar10
2026-04-17 03:36:48,547 - datasetFactory - INFO - 8580 - cifar10

2026-04-17 03:36:48,620 - main - INFO - 9648 - Process 6 initialized with device: cpu
2026-04-17 03:36:48,621 - SplitNN_distributed - INFO - 9648 - process_id == fed_server_rank : 6
2026-04-17 03:36:48,625 - init_fed_server - INFO - 9648 - FedServer run begin SplitFed
2026-04-17 03:36:48,661 - TorchvisionDatasetController - INFO - 8580 - <bound method DataPartitioner.hetero of <datasets.Partition_Data.DataPartitioner object at 0x00000292B6A0F350>>
2026-04-17 03:36:48,661 - DataPartitioner - INFO - 8580 - hetero
2026-04-17 03:36:48,661 - TorchvisionDatasetController - INFO - 8580 - F:\phd\Split-Experiments\Split-Framework\datasets\downloads
2026-04-17 03:36:48,661 - TorchvisionDatasetController - INFO - 20996 - <bound method DataPartitioner.hetero of <datasets.Partition_Data.DataPartitioner object at 0x0000018FEC485940>>
2026-04-17 03:36:48,661 - DataPartitioner - INFO - 20996 - hetero
2026-04-17 03:36:48,661 - TorchvisionDatasetController - INFO - 20996 - F:\phd\Split-Experiments\Split-Framework\datasets\downloads
2026-04-17 03:36:48,668 - TorchvisionDatasetController - INFO - 10312 - <bound method DataPartitioner.hetero of <datasets.Partition_Data.DataPartitioner object at 0x000001DC4F570B00>>
2026-04-17 03:36:48,668 - DataPartitioner - INFO - 10312 - hetero
2026-04-17 03:36:48,669 - TorchvisionDatasetController - INFO - 10312 - F:\phd\Split-Experiments\Split-Framework\datasets\downloads
2026-04-17 03:36:48,674 - TorchvisionDatasetController - INFO - 12532 - <bound method DataPartitioner.hetero of <datasets.Partition_Data.DataPartitioner object at 0x0000029EA4009370>>
2026-04-17 03:36:48,674 - DataPartitioner - INFO - 12532 - hetero
2026-04-17 03:36:48,674 - TorchvisionDatasetController - INFO - 12532 - F:\phd\Split-Experiments\Split-Framework\datasets\downloads
2026-04-17 03:36:48,675 - TorchvisionDatasetController - INFO - 21140 - <bound method DataPartitioner.hetero of <datasets.Partition_Data.DataPartitioner object at 0x0000014AA3602F30>>
2026-04-17 03:36:48,675 - DataPartitioner - INFO - 21140 - hetero
2026-04-17 03:36:48,675 - TorchvisionDatasetController - INFO - 21140 - F:\phd\Split-Experiments\Split-Framework\datasets\downloads
2026-04-17 03:36:48,753 - TorchvisionDatasetController - INFO - 3736 - <bound method DataPartitioner.hetero of <datasets.Partition_Data.DataPartitioner object at 0x0000018BE997E1E0>>
2026-04-17 03:36:48,753 - DataPartitioner - INFO - 3736 - hetero
2026-04-17 03:36:48,753 - TorchvisionDatasetController - INFO - 3736 - F:\phd\Split-Experiments\Split-Framework\datasets\downloads
2026-04-17 03:36:50,427 - DataPartitioner - INFO - 3736 - traindata_cls_counts: {0: {0: 2538, 1: 2206, 2: 409, 3: 3154, 4: 40, 5: 178, 6: 387, 7: 128, 8: 2363, 9: 4251}, 1: {0: 43, 1: 215, 2: 202, 3: 1423, 4: 1777, 5: 2276, 6: 1, 7: 498, 8: 446, 9: 131}, 2: {0: 23, 1: 1517, 2: 1244, 3: 192, 4: 2349, 5: 208, 6: 259, 7: 2175, 8: 682, 9: 17}, 3: {0: 1053, 1: 1004, 2: 2473, 4: 108, 5: 512, 6: 897, 7: 1057, 8: 1368, 9: 387}, 4: {0: 1343, 1: 58, 2: 672, 3: 231, 4: 726, 5: 1826, 6: 3456, 7: 1142, 8: 141, 9: 214}}
2026-04-17 03:36:50,427 - DataPartitioner - INFO - 21140 - traindata_cls_counts: {0: {0: 2538, 1: 2206, 2: 409, 3: 3154, 4: 40, 5: 178, 6: 387, 7: 128, 8: 2363, 9: 4251}, 1: {0: 43, 1: 215, 2: 202, 3: 1423, 4: 1777, 5: 2276, 6: 1, 7: 498, 8: 446, 9: 131}, 2: {0: 23, 1: 1517, 2: 1244, 3: 192, 4: 2349, 5: 208, 6: 259, 7: 2175, 8: 682, 9: 17}, 3: {0: 1053, 1: 1004, 2: 2473, 4: 108, 5: 512, 6: 897, 7: 1057, 8: 1368, 9: 387}, 4: {0: 1343, 1: 58, 2: 672, 3: 231, 4: 726, 5: 1826, 6: 3456, 7: 1142, 8: 141, 9: 214}}
2026-04-17 03:36:50,427 - TorchvisionDatasetController - INFO - 21140 - rank = 2, local_sample_number = 7012
2026-04-17 03:36:50,428 - DataPartitioner - INFO - 8580 - traindata_cls_counts: {0: {0: 2538, 1: 2206, 2: 409, 3: 3154, 4: 40, 5: 178, 6: 387, 7: 128, 8: 2363, 9: 4251}, 1: {0: 43, 1: 215, 2: 202, 3: 1423, 4: 1777, 5: 2276, 6: 1, 7: 498, 8: 446, 9: 131}, 2: {0: 23, 1: 1517, 2: 1244, 3: 192, 4: 2349, 5: 208, 6: 259, 7: 2175, 8: 682, 9: 17}, 3: {0: 1053, 1: 1004, 2: 2473, 4: 108, 5: 512, 6: 897, 7: 1057, 8: 1368, 9: 387}, 4: {0: 1343, 1: 58, 2: 672, 3: 231, 4: 726, 5: 1826, 6: 3456, 7: 1142, 8: 141, 9: 214}}
2026-04-17 03:36:50,429 - TorchvisionDatasetController - INFO - 8580 - rank = 4, local_sample_number = 8859
2026-04-17 03:36:50,429 - DataPartitioner - INFO - 20996 - traindata_cls_counts: {0: {0: 2538, 1: 2206, 2: 409, 3: 3154, 4: 40, 5: 178, 6: 387, 7: 128, 8: 2363, 9: 4251}, 1: {0: 43, 1: 215, 2: 202, 3: 1423, 4: 1777, 5: 2276, 6: 1, 7: 498, 8: 446, 9: 131}, 2: {0: 23, 1: 1517, 2: 1244, 3: 192, 4: 2349, 5: 208, 6: 259, 7: 2175, 8: 682, 9: 17}, 3: {0: 1053, 1: 1004, 2: 2473, 4: 108, 5: 512, 6: 897, 7: 1057, 8: 1368, 9: 387}, 4: {0: 1343, 1: 58, 2: 672, 3: 231, 4: 726, 5: 1826, 6: 3456, 7: 1142, 8: 141, 9: 214}}
2026-04-17 03:36:50,429 - TorchvisionDatasetController - INFO - 20996 - rank = 3, local_sample_number = 8666
2026-04-17 03:36:50,430 - DataPartitioner - INFO - 12532 - traindata_cls_counts: {0: {0: 2538, 1: 2206, 2: 409, 3: 3154, 4: 40, 5: 178, 6: 387, 7: 128, 8: 2363, 9: 4251}, 1: {0: 43, 1: 215, 2: 202, 3: 1423, 4: 1777, 5: 2276, 6: 1, 7: 498, 8: 446, 9: 131}, 2: {0: 23, 1: 1517, 2: 1244, 3: 192, 4: 2349, 5: 208, 6: 259, 7: 2175, 8: 682, 9: 17}, 3: {0: 1053, 1: 1004, 2: 2473, 4: 108, 5: 512, 6: 897, 7: 1057, 8: 1368, 9: 387}, 4: {0: 1343, 1: 58, 2: 672, 3: 231, 4: 726, 5: 1826, 6: 3456, 7: 1142, 8: 141, 9: 214}}
2026-04-17 03:36:50,430 - DataPartitioner - INFO - 10312 - traindata_cls_counts: {0: {0: 2538, 1: 2206, 2: 409, 3: 3154, 4: 40, 5: 178, 6: 387, 7: 128, 8: 2363, 9: 4251}, 1: {0: 43, 1: 215, 2: 202, 3: 1423, 4: 1777, 5: 2276, 6: 1, 7: 498, 8: 446, 9: 131}, 2: {0: 23, 1: 1517, 2: 1244, 3: 192, 4: 2349, 5: 208, 6: 259, 7: 2175, 8: 682, 9: 17}, 3: {0: 1053, 1: 1004, 2: 2473, 4: 108, 5: 512, 6: 897, 7: 1057, 8: 1368, 9: 387}, 4: {0: 1343, 1: 58, 2: 672, 3: 231, 4: 726, 5: 1826, 6: 3456, 7: 1142, 8: 141, 9: 214}}
2026-04-17 03:36:50,431 - TorchvisionDatasetController - INFO - 12532 - rank = 5, local_sample_number = 9809
2026-04-17 03:36:50,431 - TorchvisionDatasetController - INFO - 10312 - rank = 1, local_sample_number = 15654
2026-04-17 03:36:51,746 - TorchvisionDatasetController - INFO - 3736 - train_dl_global number = 390
2026-04-17 03:36:51,746 - TorchvisionDatasetController - INFO - 3736 - test_dl_global number = 79
2026-04-17 03:36:51,762 - main - INFO - 3736 - Process 0 initialized with device: cuda:0
2026-04-17 03:36:51,764 - SplitNN_distributed - INFO - 3736 - process_id == server_rank : 0
2026-04-17 03:36:51,773 - init_server - INFO - 3736 - Server run begin SplitFed
2026-04-17 03:36:51,786 - TorchvisionDatasetController - INFO - 12532 - process_id = 5, batch_num_train_local = 76, batch_num_test_local = 79
2026-04-17 03:36:51,788 - TorchvisionDatasetController - INFO - 8580 - process_id = 4, batch_num_train_local = 69, batch_num_test_local = 79
2026-04-17 03:36:51,789 - TorchvisionDatasetController - INFO - 21140 - process_id = 2, batch_num_train_local = 54, batch_num_test_local = 79
2026-04-17 03:36:51,789 - TorchvisionDatasetController - INFO - 20996 - process_id = 3, batch_num_train_local = 67, batch_num_test_local = 79
2026-04-17 03:36:51,800 - main - INFO - 12532 - Process 5 initialized with device: cpu
2026-04-17 03:36:51,801 - SplitNN_distributed - INFO - 12532 - process_id == client_rank : 5
2026-04-17 03:36:51,802 - main - INFO - 8580 - Process 4 initialized with device: cpu
2026-04-17 03:36:51,802 - TorchvisionDatasetController - INFO - 10312 - process_id = 1, batch_num_train_local = 122, batch_num_test_local = 79
2026-04-17 03:36:51,802 - main - INFO - 21140 - Process 2 initialized with device: cpu
2026-04-17 03:36:51,803 - SplitNN_distributed - INFO - 8580 - process_id == client_rank : 4
2026-04-17 03:36:51,803 - main - INFO - 20996 - Process 3 initialized with device: cpu
2026-04-17 03:36:51,803 - SplitNN_distributed - INFO - 21140 - process_id == client_rank : 2
2026-04-17 03:36:51,803 - SplitNN_distributed - INFO - 20996 - process_id == client_rank : 3
2026-04-17 03:36:51,808 - init_client - INFO - 12532 - Client 5 run begin
2026-04-17 03:36:51,809 - init_client - INFO - 8580 - Client 4 run begin
2026-04-17 03:36:51,810 - init_client - INFO - 21140 - Client 2 run begin
2026-04-17 03:36:51,812 - main - INFO - 10312 - Process 1 initialized with device: cpu
2026-04-17 03:36:51,812 - SplitNN_distributed - INFO - 10312 - process_id == client_rank : 1
2026-04-17 03:36:51,817 - init_client - INFO - 10312 - Client 1 run begin
2026-04-17 03:36:52,854 - CommBreakdown - INFO - 8580 - tensor_distribution rank=4 node_type=client phase=train epoch=0 sample=early tensor=activations[0] shape=(128, 64, 16, 16) mean=0.866696 std=1.08357 min=0 max=17.2712 mean_abs=0.866696 max_abs=17.2712 p95_abs=3.03877 p99_abs=4.67391 skewness=1.86903 kurtosis=7.9764 mean_channel_std=1.07412 std_channel_std=0.137209 max_channel_scale_over_min_channel_scale=2.63028 spread=high spread_score=1.25023 outliers=medium outlier_score=2.01569 near_zero=medium near_zero_fraction=0.350193
2026-04-17 03:36:52,910 - CommBreakdown - INFO - 21140 - tensor_distribution rank=2 node_type=client phase=train epoch=0 sample=early tensor=activations[0] shape=(128, 64, 16, 16) mean=0.868937 std=1.08163 min=0 max=13.6888 mean_abs=0.868937 max_abs=13.6888 p95_abs=3.0397 p99_abs=4.65488 skewness=1.83357 kurtosis=7.63086 mean_channel_std=1.07154 std_channel_std=0.141049 max_channel_scale_over_min_channel_scale=2.0951 spread=medium spread_score=1.24477 outliers=medium outlier_score=2.00385 near_zero=medium near_zero_fraction=0.350108
2026-04-17 03:36:52,942 - CommBreakdown - INFO - 20996 - tensor_distribution rank=3 node_type=client phase=train epoch=0 sample=early tensor=activations[0] shape=(128, 64, 16, 16) mean=0.865224 std=1.08471 min=0 max=19.4935 mean_abs=0.865224 max_abs=19.4935 p95_abs=3.03316 p99_abs=4.6788 skewness=1.90898 kurtosis=8.38244 mean_channel_std=1.07417 std_channel_std=0.145041 max_channel_scale_over_min_channel_scale=2.96481 spread=high spread_score=1.25367 outliers=medium outlier_score=2.02435 near_zero=medium near_zero_fraction=0.349882
2026-04-17 03:36:52,964 - CommBreakdown - INFO - 10312 - tensor_distribution rank=1 node_type=client phase=train epoch=0 sample=early tensor=activations[0] shape=(128, 64, 16, 16) mean=0.86877 std=1.08215 min=0 max=14.4465 mean_abs=0.86877 max_abs=14.4465 p95_abs=3.03547 p99_abs=4.65714 skewness=1.85151 kurtosis=7.84187 mean_channel_std=1.07301 std_channel_std=0.134987 max_channel_scale_over_min_channel_scale=2.47253 spread=medium spread_score=1.24561 outliers=medium outlier_score=2.0085 near_zero=medium near_zero_fraction=0.349651
2026-04-17 03:36:52,969 - CommBreakdown - INFO - 12532 - tensor_distribution rank=5 node_type=client phase=train epoch=0 sample=early tensor=activations[0] shape=(128, 64, 16, 16) mean=0.867061 std=1.08411 min=0 max=15.3728 mean_abs=0.867061 max_abs=15.3728 p95_abs=3.03548 p99_abs=4.67053 skewness=1.87015 kurtosis=7.96985 mean_channel_std=1.07406 std_channel_std=0.141444 max_channel_scale_over_min_channel_scale=2.36478 spread=high spread_score=1.25033 outliers=medium outlier_score=2.01358 near_zero=medium near_zero_fraction=0.350359
2026-04-17 03:36:54,399 - CommBreakdown - INFO - 3736 - tensor_distribution rank=0 node_type=server phase=train epoch=0 sample=early tensor=activation_grads shape=(128, 64, 16, 16) mean=4.26935e-09 std=5.49156e-05 min=-0.00051123 max=0.000516829 mean_abs=3.98775e-05 max_abs=0.000516829 p95_abs=0.000114601 p99_abs=0.000174645 skewness=-0.000516214 kurtosis=4.97709e-05 mean_channel_std=5.4892e-05 std_channel_std=1.60913e-06 max_channel_scale_over_min_channel_scale=1.66564 spread=high spread_score=1.37711 outliers=medium outlier_score=1.96196 near_zero=low near_zero_fraction=0.0806065
2026-04-17 03:37:48,718 - SplitNNClient - INFO - 8580 - phase=train acc=0.21640625 loss=29.093310832977295 epoch=0 and step=10
2026-04-17 03:37:49,901 - SplitNNClient - INFO - 21140 - phase=train acc=0.24375 loss=30.886561393737793 epoch=0 and step=10
2026-04-17 03:37:51,082 - SplitNNClient - INFO - 20996 - phase=train acc=0.22890625 loss=24.345145106315613 epoch=0 and step=10
2026-04-17 03:37:52,235 - SplitNNClient - INFO - 12532 - phase=train acc=0.3015625 loss=26.494529008865356 epoch=0 and step=10
2026-04-17 03:37:53,505 - SplitNNClient - INFO - 10312 - phase=train acc=0.18671875 loss=30.81477665901184 epoch=0 and step=10
2026-04-17 03:38:48,716 - SplitNNClient - INFO - 8580 - phase=train acc=0.2546875 loss=50.358211636543274 epoch=0 and step=20
2026-04-17 03:38:49,900 - SplitNNClient - INFO - 21140 - phase=train acc=0.2953125 loss=52.21380424499512 epoch=0 and step=20
2026-04-17 03:38:51,053 - SplitNNClient - INFO - 20996 - phase=train acc=0.259765625 loss=43.6559876203537 epoch=0 and step=20
2026-04-17 03:38:52,235 - SplitNNClient - INFO - 12532 - phase=train acc=0.3375 loss=44.849483251571655 epoch=0 and step=20
2026-04-17 03:38:53,483 - SplitNNClient - INFO - 10312 - phase=train acc=0.22734375 loss=52.35221254825592 epoch=0 and step=20
2026-04-17 03:39:48,866 - SplitNNClient - INFO - 8580 - phase=train acc=0.26875 loss=69.417276263237 epoch=0 and step=30
2026-04-17 03:39:50,028 - SplitNNClient - INFO - 21140 - phase=train acc=0.29401041666666666 loss=70.92740631103516 epoch=0 and step=30
2026-04-17 03:39:51,156 - SplitNNClient - INFO - 20996 - phase=train acc=0.27890625 loss=61.61908948421478 epoch=0 and step=30
2026-04-17 03:39:52,338 - SplitNNClient - INFO - 12532 - phase=train acc=0.35625 loss=63.311294078826904 epoch=0 and step=30
2026-04-17 03:39:53,525 - SplitNNClient - INFO - 10312 - phase=train acc=0.2359375 loss=73.22898828983307 epoch=0 and step=30
2026-04-17 03:40:49,255 - SplitNNClient - INFO - 8580 - phase=train acc=0.2748046875 loss=88.08834290504456 epoch=0 and step=40
2026-04-17 03:40:50,467 - SplitNNClient - INFO - 21140 - phase=train acc=0.300390625 loss=87.61043059825897 epoch=0 and step=40
2026-04-17 03:40:51,679 - SplitNNClient - INFO - 20996 - phase=train acc=0.2833984375 loss=79.33510720729828 epoch=0 and step=40
2026-04-17 03:40:52,926 - SplitNNClient - INFO - 12532 - phase=train acc=0.3646484375 loss=81.26013040542603 epoch=0 and step=40
2026-04-17 03:40:54,080 - SplitNNClient - INFO - 10312 - phase=train acc=0.2505859375 loss=93.01043510437012 epoch=0 and step=40
2026-04-17 03:41:49,816 - SplitNNClient - INFO - 8580 - phase=train acc=0.28390625 loss=106.40766561031342 epoch=0 and step=50
2026-04-17 03:41:51,005 - SplitNNClient - INFO - 21140 - phase=train acc=0.30796875 loss=104.47400295734406 epoch=0 and step=50
2026-04-17 03:41:52,190 - SplitNNClient - INFO - 20996 - phase=train acc=0.300625 loss=96.28965318202972 epoch=0 and step=50
2026-04-17 03:41:53,405 - SplitNNClient - INFO - 12532 - phase=train acc=0.37671875 loss=98.30617213249207 epoch=0 and step=50
2026-04-17 03:41:54,654 - SplitNNClient - INFO - 10312 - phase=train acc=0.2628125 loss=110.8020488023758 epoch=0 and step=50
2026-04-17 03:42:44,300 - SplitNNClient - INFO - 8580 - phase=train acc=0.29518229166666665 loss=123.63626289367676 epoch=0 and step=60
2026-04-17 03:42:45,548 - SplitNNClient - INFO - 20996 - phase=train acc=0.3177083333333333 loss=112.61721611022949 epoch=0 and step=60
2026-04-17 03:42:46,702 - SplitNNClient - INFO - 12532 - phase=train acc=0.38984375 loss=114.6175240278244 epoch=0 and step=60
2026-04-17 03:42:47,948 - SplitNNClient - INFO - 10312 - phase=train acc=0.27239583333333334 loss=128.07471001148224 epoch=0 and step=60
2026-04-17 03:43:30,258 - SplitNNClient - INFO - 12532 - phase=train acc=0.3984375 loss=131.42924869060516 epoch=0 and step=70
2026-04-17 03:43:31,529 - SplitNNClient - INFO - 10312 - phase=train acc=0.28861607142857143 loss=144.45339131355286 epoch=0 and step=70
2026-04-17 03:43:54,181 - SplitNNClient - INFO - 10312 - phase=train acc=0.3005859375 loss=161.29906797409058 epoch=0 and step=80
2026-04-17 03:44:14,660 - SplitNNClient - INFO - 10312 - phase=train acc=0.31006944444444445 loss=178.06554543972015 epoch=0 and step=90
2026-04-17 03:44:35,380 - SplitNNClient - INFO - 10312 - phase=train acc=0.320546875 loss=193.65293097496033 epoch=0 and step=100
2026-04-17 03:44:56,254 - SplitNNClient - INFO - 10312 - phase=train acc=0.3313210227272727 loss=209.16177439689636 epoch=0 and step=110
2026-04-17 03:45:16,379 - SplitNNClient - INFO - 10312 - phase=train acc=0.340625 loss=224.4062066078186 epoch=0 and step=120
2026-04-17 03:45:20,521 - FedServerManager - INFO - 9648 - get all model params ---- from rank fed_server
2026-04-17 03:45:32,209 - SplitNNClient - INFO - 21140 - phase=validation acc=0.0998 loss=183.22425031661987 epoch=0 and step=79
2026-04-17 03:45:32,285 - SplitNNClient - INFO - 10312 - phase=validation acc=0.0998 loss=183.22425031661987 epoch=0 and step=79
2026-04-17 03:45:32,393 - SplitNNClient - INFO - 12532 - phase=validation acc=0.0998 loss=183.22425031661987 epoch=0 and step=79
2026-04-17 03:45:32,460 - SplitNNClient - INFO - 20996 - phase=validation acc=0.0998 loss=183.22425031661987 epoch=0 and step=79
2026-04-17 03:45:32,635 - SplitNNClient - INFO - 8580 - phase=validation acc=0.0998 loss=183.22425031661987 epoch=0 and step=79
2026-04-17 03:45:35,586 - SplitNNClient - INFO - 10312 - phase=train acc=0.32421875 loss=18.34283971786499 epoch=1 and step=10
2026-04-17 03:45:35,660 - SplitNNClient - INFO - 12532 - phase=train acc=0.31328125 loss=20.579025268554688 epoch=1 and step=10
2026-04-17 03:45:35,736 - SplitNNClient - INFO - 20996 - phase=train acc=0.27109375 loss=19.205230355262756 epoch=1 and step=10
2026-04-17 03:45:35,776 - SplitNNClient - INFO - 21140 - phase=train acc=0.30625 loss=19.43167221546173 epoch=1 and step=10
2026-04-17 03:45:35,850 - SplitNNClient - INFO - 8580 - phase=train acc=0.2671875 loss=20.6868337392807 epoch=1 and step=10
2026-04-17 03:45:38,732 - SplitNNClient - INFO - 10312 - phase=train acc=0.36015625 loss=35.73796772956848 epoch=1 and step=20
2026-04-17 03:45:38,804 - SplitNNClient - INFO - 12532 - phase=train acc=0.33984375 loss=39.65856993198395 epoch=1 and step=20
2026-04-17 03:45:38,849 - SplitNNClient - INFO - 21140 - phase=train acc=0.2984375 loss=36.7347137928009 epoch=1 and step=20
2026-04-17 03:45:38,925 - SplitNNClient - INFO - 20996 - phase=train acc=0.3265625 loss=35.92396938800812 epoch=1 and step=20
2026-04-17 03:45:38,984 - SplitNNClient - INFO - 8580 - phase=train acc=0.28828125 loss=39.29920852184296 epoch=1 and step=20
2026-04-17 03:45:41,894 - SplitNNClient - INFO - 10312 - phase=train acc=0.37395833333333334 loss=51.645060420036316 epoch=1 and step=30
2026-04-17 03:45:41,972 - SplitNNClient - INFO - 12532 - phase=train acc=0.3651041666666667 loss=57.06701636314392 epoch=1 and step=30
2026-04-17 03:45:42,017 - SplitNNClient - INFO - 21140 - phase=train acc=0.3046875 loss=53.189690828323364 epoch=1 and step=30
2026-04-17 03:45:42,062 - SplitNNClient - INFO - 20996 - phase=train acc=0.3458333333333333 loss=51.94436228275299 epoch=1 and step=30
2026-04-17 03:45:42,137 - SplitNNClient - INFO - 8580 - phase=train acc=0.3046875 loss=56.86791265010834 epoch=1 and step=30
2026-04-17 03:45:45,084 - SplitNNClient - INFO - 10312 - phase=train acc=0.3822265625 loss=67.8176896572113 epoch=1 and step=40
2026-04-17 03:45:45,137 - SplitNNClient - INFO - 12532 - phase=train acc=0.3888671875 loss=73.29658353328705 epoch=1 and step=40
2026-04-17 03:45:45,186 - SplitNNClient - INFO - 21140 - phase=train acc=0.3197265625 loss=69.19211995601654 epoch=1 and step=40
2026-04-17 03:45:45,258 - SplitNNClient - INFO - 20996 - phase=train acc=0.3642578125 loss=67.62725174427032 epoch=1 and step=40
2026-04-17 03:45:45,311 - SplitNNClient - INFO - 8580 - phase=train acc=0.3236328125 loss=73.71662998199463 epoch=1 and step=40
2026-04-17 03:45:48,213 - SplitNNClient - INFO - 10312 - phase=train acc=0.391875 loss=83.16011118888855 epoch=1 and step=50
2026-04-17 03:45:48,262 - SplitNNClient - INFO - 12532 - phase=train acc=0.4015625 loss=89.59874892234802 epoch=1 and step=50
2026-04-17 03:45:48,342 - SplitNNClient - INFO - 21140 - phase=train acc=0.3240625 loss=85.84533786773682 epoch=1 and step=50
2026-04-17 03:45:48,390 - SplitNNClient - INFO - 20996 - phase=train acc=0.36984375 loss=83.45843362808228 epoch=1 and step=50
2026-04-17 03:45:48,467 - SplitNNClient - INFO - 8580 - phase=train acc=0.334375 loss=90.91276741027832 epoch=1 and step=50
2026-04-17 03:45:50,995 - SplitNNClient - INFO - 10312 - phase=train acc=0.39765625 loss=99.06128406524658 epoch=1 and step=60
2026-04-17 03:45:51,194 - SplitNNClient - INFO - 12532 - phase=train acc=0.4108072916666667 loss=105.9042500257492 epoch=1 and step=60
2026-04-17 03:45:51,315 - SplitNNClient - INFO - 20996 - phase=train acc=0.37395833333333334 loss=99.3461457490921 epoch=1 and step=60
2026-04-17 03:45:51,392 - SplitNNClient - INFO - 8580 - phase=train acc=0.33502604166666666 loss=108.51273012161255 epoch=1 and step=60
2026-04-17 03:45:53,489 - SplitNNClient - INFO - 10312 - phase=train acc=0.40345982142857145 loss=114.0491738319397 epoch=1 and step=70
2026-04-17 03:45:53,818 - SplitNNClient - INFO - 12532 - phase=train acc=0.4199776785714286 loss=121.78900146484375 epoch=1 and step=70
2026-04-17 03:45:55,405 - SplitNNClient - INFO - 10312 - phase=train acc=0.41142578125 loss=128.62206208705902 epoch=1 and step=80
2026-04-17 03:45:57,006 - SplitNNClient - INFO - 10312 - phase=train acc=0.4157986111111111 loss=143.91183042526245 epoch=1 and step=90
2026-04-17 03:45:58,579 - SplitNNClient - INFO - 10312 - phase=train acc=0.419453125 loss=159.02760231494904 epoch=1 and step=100
2026-04-17 03:46:00,153 - SplitNNClient - INFO - 10312 - phase=train acc=0.4224431818181818 loss=173.88716280460358 epoch=1 and step=110
2026-04-17 03:46:01,733 - SplitNNClient - INFO - 10312 - phase=train acc=0.4236979166666667 loss=188.91552734375 epoch=1 and step=120
2026-04-17 03:46:02,102 - FedServerManager - INFO - 9648 - get all model params ---- from rank fed_server
2026-04-17 03:46:14,290 - SplitNNClient - INFO - 21140 - phase=validation acc=0.1263 loss=179.97350215911865 epoch=1 and step=79
2026-04-17 03:46:14,320 - SplitNNClient - INFO - 8580 - phase=validation acc=0.1263 loss=179.97350215911865 epoch=1 and step=79
2026-04-17 03:46:14,399 - SplitNNClient - INFO - 10312 - phase=validation acc=0.1263 loss=179.97350215911865 epoch=1 and step=79
2026-04-17 03:46:14,497 - SplitNNClient - INFO - 20996 - phase=validation acc=0.1263 loss=179.97350215911865 epoch=1 and step=79
2026-04-17 03:46:14,641 - SplitNNClient - INFO - 12532 - phase=validation acc=0.1263 loss=179.97350215911865 epoch=1 and step=79
2026-04-17 03:46:17,604 - SplitNNClient - INFO - 10312 - phase=train acc=0.378125 loss=16.64837384223938 epoch=2 and step=10
2026-04-17 03:46:17,657 - SplitNNClient - INFO - 20996 - phase=train acc=0.390625 loss=17.187429785728455 epoch=2 and step=10
2026-04-17 03:46:17,732 - SplitNNClient - INFO - 21140 - phase=train acc=0.35703125 loss=17.38726496696472 epoch=2 and step=10
2026-04-17 03:46:17,779 - SplitNNClient - INFO - 12532 - phase=train acc=0.40234375 loss=17.644614100456238 epoch=2 and step=10
2026-04-17 03:46:17,856 - SplitNNClient - INFO - 8580 - phase=train acc=0.3140625 loss=18.546531796455383 epoch=2 and step=10
2026-04-17 03:46:20,682 - SplitNNClient - INFO - 10312 - phase=train acc=0.40625 loss=32.48892903327942 epoch=2 and step=20
2026-04-17 03:46:20,730 - SplitNNClient - INFO - 20996 - phase=train acc=0.403515625 loss=32.873608350753784 epoch=2 and step=20
2026-04-17 03:46:20,806 - SplitNNClient - INFO - 21140 - phase=train acc=0.37578125 loss=33.05430996417999 epoch=2 and step=20
2026-04-17 03:46:20,853 - SplitNNClient - INFO - 12532 - phase=train acc=0.4234375 loss=34.311248779296875 epoch=2 and step=20
2026-04-17 03:46:20,930 - SplitNNClient - INFO - 8580 - phase=train acc=0.347265625 loss=35.23431861400604 epoch=2 and step=20
2026-04-17 03:46:23,788 - SplitNNClient - INFO - 10312 - phase=train acc=0.42526041666666664 loss=47.12038516998291 epoch=2 and step=30
2026-04-17 03:46:23,865 - SplitNNClient - INFO - 20996 - phase=train acc=0.40234375 loss=49.2025625705719 epoch=2 and step=30
2026-04-17 03:46:23,914 - SplitNNClient - INFO - 21140 - phase=train acc=0.3765625 loss=48.94026458263397 epoch=2 and step=30
2026-04-17 03:46:23,989 - SplitNNClient - INFO - 12532 - phase=train acc=0.44479166666666664 loss=50.07504880428314 epoch=2 and step=30
2026-04-17 03:46:24,039 - SplitNNClient - INFO - 8580 - phase=train acc=0.35989583333333336 loss=51.89867043495178 epoch=2 and step=30
2026-04-17 03:46:27,029 - SplitNNClient - INFO - 10312 - phase=train acc=0.4341796875 loss=62.16889798641205 epoch=2 and step=40
2026-04-17 03:46:27,108 - SplitNNClient - INFO - 20996 - phase=train acc=0.4029296875 loss=64.94641947746277 epoch=2 and step=40
2026-04-17 03:46:27,159 - SplitNNClient - INFO - 12532 - phase=train acc=0.452734375 loss=66.20218026638031 epoch=2 and step=40
2026-04-17 03:46:27,208 - SplitNNClient - INFO - 21140 - phase=train acc=0.3779296875 loss=64.55447554588318 epoch=2 and step=40
2026-04-17 03:46:27,291 - SplitNNClient - INFO - 8580 - phase=train acc=0.3705078125 loss=67.88701403141022 epoch=2 and step=40
2026-04-17 03:46:30,164 - SplitNNClient - INFO - 10312 - phase=train acc=0.44484375 loss=76.4321939945221 epoch=2 and step=50
2026-04-17 03:46:30,215 - SplitNNClient - INFO - 12532 - phase=train acc=0.4546875 loss=82.34511852264404 epoch=2 and step=50
2026-04-17 03:46:30,291 - SplitNNClient - INFO - 20996 - phase=train acc=0.41375 loss=79.78182303905487 epoch=2 and step=50
2026-04-17 03:46:30,347 - SplitNNClient - INFO - 21140 - phase=train acc=0.38578125 loss=79.9532859325409 epoch=2 and step=50
2026-04-17 03:46:30,399 - SplitNNClient - INFO - 8580 - phase=train acc=0.3775 loss=84.25278615951538 epoch=2 and step=50
2026-04-17 03:46:33,009 - SplitNNClient - INFO - 10312 - phase=train acc=0.451171875 loss=90.79315233230591 epoch=2 and step=60
2026-04-17 03:46:33,082 - SplitNNClient - INFO - 12532 - phase=train acc=0.456640625 loss=98.09134471416473 epoch=2 and step=60
2026-04-17 03:46:33,154 - SplitNNClient - INFO - 20996 - phase=train acc=0.42356770833333335 loss=94.17084395885468 epoch=2 and step=60
2026-04-17 03:46:33,228 - SplitNNClient - INFO - 8580 - phase=train acc=0.38111979166666665 loss=100.64544308185577 epoch=2 and step=60
2026-04-17 03:46:35,542 - SplitNNClient - INFO - 10312 - phase=train acc=0.45412946428571427 loss=105.11606895923615 epoch=2 and step=70
2026-04-17 03:46:35,618 - SplitNNClient - INFO - 12532 - phase=train acc=0.4616071428571429 loss=113.35567533969879 epoch=2 and step=70
2026-04-17 03:46:37,357 - SplitNNClient - INFO - 10312 - phase=train acc=0.4591796875 loss=119.1465128660202 epoch=2 and step=80
2026-04-17 03:46:38,951 - SplitNNClient - INFO - 10312 - phase=train acc=0.46475694444444443 loss=132.97692954540253 epoch=2 and step=90
2026-04-17 03:46:40,541 - SplitNNClient - INFO - 10312 - phase=train acc=0.46953125 loss=146.4329034090042 epoch=2 and step=100
2026-04-17 03:46:42,184 - SplitNNClient - INFO - 10312 - phase=train acc=0.4700284090909091 loss=160.6873505115509 epoch=2 and step=110
2026-04-17 03:46:43,796 - SplitNNClient - INFO - 10312 - phase=train acc=0.4723307291666667 loss=174.5519597530365 epoch=2 and step=120
2026-04-17 03:46:44,169 - FedServerManager - INFO - 9648 - get all model params ---- from rank fed_server
2026-04-17 03:46:56,414 - SplitNNClient - INFO - 21140 - phase=validation acc=0.2795 loss=155.6717505455017 epoch=2 and step=79
2026-04-17 03:46:56,608 - SplitNNClient - INFO - 10312 - phase=validation acc=0.2795 loss=155.6717505455017 epoch=2 and step=79
2026-04-17 03:46:56,774 - SplitNNClient - INFO - 8580 - phase=validation acc=0.2795 loss=155.6717505455017 epoch=2 and step=79
2026-04-17 03:46:56,867 - SplitNNClient - INFO - 20996 - phase=validation acc=0.2795 loss=155.6717505455017 epoch=2 and step=79
2026-04-17 03:46:56,998 - SplitNNClient - INFO - 12532 - phase=validation acc=0.2795 loss=155.6717505455017 epoch=2 and step=79
2026-04-17 03:46:59,947 - SplitNNClient - INFO - 12532 - phase=train acc=0.42578125 loss=17.18847358226776 epoch=3 and step=10
2026-04-17 03:47:00,027 - SplitNNClient - INFO - 8580 - phase=train acc=0.403125 loss=16.177812576293945 epoch=3 and step=10
2026-04-17 03:47:00,076 - SplitNNClient - INFO - 20996 - phase=train acc=0.43203125 loss=15.495495676994324 epoch=3 and step=10
2026-04-17 03:47:00,149 - SplitNNClient - INFO - 21140 - phase=train acc=0.35234375 loss=16.87753450870514 epoch=3 and step=10
2026-04-17 03:47:00,199 - SplitNNClient - INFO - 10312 - phase=train acc=0.42890625 loss=16.02238619327545 epoch=3 and step=10
2026-04-17 03:47:03,188 - SplitNNClient - INFO - 12532 - phase=train acc=0.44765625 loss=32.602962017059326 epoch=3 and step=20
2026-04-17 03:47:03,235 - SplitNNClient - INFO - 20996 - phase=train acc=0.436328125 loss=30.51902973651886 epoch=3 and step=20
2026-04-17 03:47:03,305 - SplitNNClient - INFO - 8580 - phase=train acc=0.41015625 loss=32.46121799945831 epoch=3 and step=20
2026-04-17 03:47:03,378 - SplitNNClient - INFO - 21140 - phase=train acc=0.3828125 loss=32.02611219882965 epoch=3 and step=20
2026-04-17 03:47:03,428 - SplitNNClient - INFO - 10312 - phase=train acc=0.465234375 loss=30.06460440158844 epoch=3 and step=20
2026-04-17 03:47:06,242 - SplitNNClient - INFO - 12532 - phase=train acc=0.4552083333333333 loss=48.2609623670578 epoch=3 and step=30
2026-04-17 03:47:06,364 - SplitNNClient - INFO - 8580 - phase=train acc=0.4125 loss=48.048290967941284 epoch=3 and step=30
2026-04-17 03:47:06,433 - SplitNNClient - INFO - 20996 - phase=train acc=0.44114583333333335 loss=45.12031137943268 epoch=3 and step=30
2026-04-17 03:47:06,485 - SplitNNClient - INFO - 21140 - phase=train acc=0.40260416666666665 loss=46.519864439964294 epoch=3 and step=30
2026-04-17 03:47:06,635 - SplitNNClient - INFO - 10312 - phase=train acc=0.4747395833333333 loss=44.06775224208832 epoch=3 and step=30
2026-04-17 03:47:09,375 - SplitNNClient - INFO - 12532 - phase=train acc=0.46015625 loss=63.48107361793518 epoch=3 and step=40
2026-04-17 03:47:09,503 - SplitNNClient - INFO - 8580 - phase=train acc=0.4140625 loss=63.662163972854614 epoch=3 and step=40
2026-04-17 03:47:09,578 - SplitNNClient - INFO - 20996 - phase=train acc=0.448828125 loss=59.36745989322662 epoch=3 and step=40
2026-04-17 03:47:09,627 - SplitNNClient - INFO - 21140 - phase=train acc=0.4138671875 loss=61.0060875415802 epoch=3 and step=40
2026-04-17 03:47:09,773 - SplitNNClient - INFO - 10312 - phase=train acc=0.4875 loss=57.399213552474976 epoch=3 and step=40
2026-04-17 03:47:12,584 - SplitNNClient - INFO - 12532 - phase=train acc=0.46234375 loss=78.71901798248291 epoch=3 and step=50
2026-04-17 03:47:12,657 - SplitNNClient - INFO - 8580 - phase=train acc=0.41734375 loss=79.44545209407806 epoch=3 and step=50
2026-04-17 03:47:12,760 - SplitNNClient - INFO - 20996 - phase=train acc=0.4546875 loss=73.64114487171173 epoch=3 and step=50
2026-04-17 03:47:12,808 - SplitNNClient - INFO - 21140 - phase=train acc=0.42078125 loss=75.20504903793335 epoch=3 and step=50
2026-04-17 03:47:12,849 - SplitNNClient - INFO - 10312 - phase=train acc=0.49375 loss=70.83383095264435 epoch=3 and step=50
2026-04-17 03:47:15,474 - SplitNNClient - INFO - 12532 - phase=train acc=0.47096354166666665 loss=93.40485441684723 epoch=3 and step=60
2026-04-17 03:47:15,522 - SplitNNClient - INFO - 8580 - phase=train acc=0.41627604166666665 loss=95.2811107635498 epoch=3 and step=60
2026-04-17 03:47:15,598 - SplitNNClient - INFO - 20996 - phase=train acc=0.4596354166666667 loss=87.49372589588165 epoch=3 and step=60
2026-04-17 03:47:15,648 - SplitNNClient - INFO - 10312 - phase=train acc=0.4967447916666667 loss=84.45112693309784 epoch=3 and step=60
2026-04-17 03:47:17,982 - SplitNNClient - INFO - 12532 - phase=train acc=0.4739955357142857 loss=108.3385283946991 epoch=3 and step=70
2026-04-17 03:47:18,139 - SplitNNClient - INFO - 10312 - phase=train acc=0.49709821428571427 loss=98.0420401096344 epoch=3 and step=70
2026-04-17 03:47:19,883 - SplitNNClient - INFO - 10312 - phase=train acc=0.49794921875 loss=111.7179080247879 epoch=3 and step=80
2026-04-17 03:47:21,463 - SplitNNClient - INFO - 10312 - phase=train acc=0.49947916666666664 loss=125.18327867984772 epoch=3 and step=90
2026-04-17 03:47:23,035 - SplitNNClient - INFO - 10312 - phase=train acc=0.502265625 loss=138.24834942817688 epoch=3 and step=100
2026-04-17 03:47:24,625 - SplitNNClient - INFO - 10312 - phase=train acc=0.5048295454545455 loss=151.42083418369293 epoch=3 and step=110
2026-04-17 03:47:26,188 - SplitNNClient - INFO - 10312 - phase=train acc=0.5057942708333333 loss=165.0930210351944 epoch=3 and step=120
2026-04-17 03:47:26,564 - FedServerManager - INFO - 9648 - get all model params ---- from rank fed_server
2026-04-17 03:47:39,158 - SplitNNClient - INFO - 21140 - phase=validation acc=0.3285 loss=142.1573544740677 epoch=3 and step=79
2026-04-17 03:47:39,257 - SplitNNClient - INFO - 20996 - phase=validation acc=0.3285 loss=142.1573544740677 epoch=3 and step=79
2026-04-17 03:47:39,407 - SplitNNClient - INFO - 10312 - phase=validation acc=0.3285 loss=142.1573544740677 epoch=3 and step=79
2026-04-17 03:47:39,453 - SplitNNClient - INFO - 8580 - phase=validation acc=0.3285 loss=142.1573544740677 epoch=3 and step=79
2026-04-17 03:47:39,505 - SplitNNClient - INFO - 12532 - phase=validation acc=0.3285 loss=142.1573544740677 epoch=3 and step=79
2026-04-17 03:47:42,635 - SplitNNClient - INFO - 10312 - phase=train acc=0.46796875 loss=14.853588819503784 epoch=4 and step=10
2026-04-17 03:47:42,712 - SplitNNClient - INFO - 8580 - phase=train acc=0.41015625 loss=15.795953035354614 epoch=4 and step=10
2026-04-17 03:47:42,782 - SplitNNClient - INFO - 12532 - phase=train acc=0.4328125 loss=16.696616530418396 epoch=4 and step=10
2026-04-17 03:47:42,833 - SplitNNClient - INFO - 21140 - phase=train acc=0.39765625 loss=16.317134857177734 epoch=4 and step=10
2026-04-17 03:47:42,906 - SplitNNClient - INFO - 20996 - phase=train acc=0.44140625 loss=15.454942464828491 epoch=4 and step=10
2026-04-17 03:47:45,822 - SplitNNClient - INFO - 10312 - phase=train acc=0.4859375 loss=28.23070240020752 epoch=4 and step=20
2026-04-17 03:47:45,870 - SplitNNClient - INFO - 8580 - phase=train acc=0.42109375 loss=30.972835540771484 epoch=4 and step=20
2026-04-17 03:47:45,943 - SplitNNClient - INFO - 12532 - phase=train acc=0.46171875 loss=32.22114682197571 epoch=4 and step=20
2026-04-17 03:47:46,023 - SplitNNClient - INFO - 21140 - phase=train acc=0.41875 loss=31.23162841796875 epoch=4 and step=20
2026-04-17 03:47:46,070 - SplitNNClient - INFO - 20996 - phase=train acc=0.473046875 loss=29.32327449321747 epoch=4 and step=20
2026-04-17 03:47:48,971 - SplitNNClient - INFO - 10312 - phase=train acc=0.48776041666666664 loss=41.87605130672455 epoch=4 and step=30
2026-04-17 03:47:49,019 - SplitNNClient - INFO - 8580 - phase=train acc=0.42916666666666664 loss=46.29834461212158 epoch=4 and step=30
2026-04-17 03:47:49,090 - SplitNNClient - INFO - 12532 - phase=train acc=0.46510416666666665 loss=47.43078172206879 epoch=4 and step=30
2026-04-17 03:47:49,140 - SplitNNClient - INFO - 21140 - phase=train acc=0.43307291666666664 loss=45.29630196094513 epoch=4 and step=30
2026-04-17 03:47:49,215 - SplitNNClient - INFO - 20996 - phase=train acc=0.4822916666666667 loss=43.167720556259155 epoch=4 and step=30
2026-04-17 03:47:52,117 - SplitNNClient - INFO - 10312 - phase=train acc=0.496484375 loss=55.253647327423096 epoch=4 and step=40
2026-04-17 03:47:52,173 - SplitNNClient - INFO - 8580 - phase=train acc=0.440625 loss=60.96215856075287 epoch=4 and step=40
2026-04-17 03:47:52,249 - SplitNNClient - INFO - 21140 - phase=train acc=0.440625 loss=59.04192054271698 epoch=4 and step=40
2026-04-17 03:47:52,298 - SplitNNClient - INFO - 12532 - phase=train acc=0.4724609375 loss=62.55818259716034 epoch=4 and step=40
2026-04-17 03:47:52,371 - SplitNNClient - INFO - 20996 - phase=train acc=0.489453125 loss=56.54561686515808 epoch=4 and step=40
2026-04-17 03:47:55,194 - SplitNNClient - INFO - 10312 - phase=train acc=0.5040625 loss=68.23201620578766 epoch=4 and step=50
2026-04-17 03:47:55,345 - SplitNNClient - INFO - 8580 - phase=train acc=0.44546875 loss=75.47682225704193 epoch=4 and step=50
2026-04-17 03:47:55,400 - SplitNNClient - INFO - 21140 - phase=train acc=0.44140625 loss=73.15701377391815 epoch=4 and step=50
2026-04-17 03:47:55,451 - SplitNNClient - INFO - 12532 - phase=train acc=0.4853125 loss=76.5967527627945 epoch=4 and step=50
2026-04-17 03:47:55,584 - SplitNNClient - INFO - 20996 - phase=train acc=0.4915625 loss=70.10668635368347 epoch=4 and step=50
2026-04-17 03:47:58,087 - SplitNNClient - INFO - 10312 - phase=train acc=0.509765625 loss=80.94965672492981 epoch=4 and step=60
2026-04-17 03:47:58,277 - SplitNNClient - INFO - 8580 - phase=train acc=0.44765625 loss=90.02075397968292 epoch=4 and step=60
2026-04-17 03:47:58,427 - SplitNNClient - INFO - 12532 - phase=train acc=0.4889322916666667 loss=91.10133719444275 epoch=4 and step=60
2026-04-17 03:47:58,481 - SplitNNClient - INFO - 20996 - phase=train acc=0.4962239583333333 loss=83.69133269786835 epoch=4 and step=60
2026-04-17 03:48:00,614 - SplitNNClient - INFO - 10312 - phase=train acc=0.51328125 loss=93.53672564029694 epoch=4 and step=70
2026-04-17 03:48:00,899 - SplitNNClient - INFO - 12532 - phase=train acc=0.496875 loss=105.26426374912262 epoch=4 and step=70
2026-04-17 03:48:02,419 - SplitNNClient - INFO - 10312 - phase=train acc=0.51611328125 loss=106.38186967372894 epoch=4 and step=80
2026-04-17 03:48:04,072 - SplitNNClient - INFO - 10312 - phase=train acc=0.5182291666666666 loss=118.86423003673553 epoch=4 and step=90
2026-04-17 03:48:05,653 - SplitNNClient - INFO - 10312 - phase=train acc=0.520234375 loss=131.64772808551788 epoch=4 and step=100
2026-04-17 03:48:07,221 - SplitNNClient - INFO - 10312 - phase=train acc=0.5210227272727272 loss=144.7630831003189 epoch=4 and step=110
2026-04-17 03:48:08,676 - SplitNNClient - INFO - 10312 - phase=train acc=0.5231770833333333 loss=157.56081414222717 epoch=4 and step=120
2026-04-17 03:48:09,021 - FedServerManager - INFO - 9648 - get all model params ---- from rank fed_server
2026-04-17 03:48:21,369 - SplitNNClient - INFO - 10312 - phase=validation acc=0.3758 loss=134.27475333213806 epoch=4 and step=79
2026-04-17 03:48:21,434 - SplitNNClient - INFO - 21140 - phase=validation acc=0.3758 loss=134.27475333213806 epoch=4 and step=79
2026-04-17 03:48:21,611 - SplitNNClient - INFO - 12532 - phase=validation acc=0.3758 loss=134.27475333213806 epoch=4 and step=79
2026-04-17 03:48:21,657 - SplitNNClient - INFO - 8580 - phase=validation acc=0.3758 loss=134.27475333213806 epoch=4 and step=79
2026-04-17 03:48:21,796 - SplitNNClient - INFO - 20996 - phase=validation acc=0.3758 loss=134.27475333213806 epoch=4 and step=79
2026-04-17 03:48:24,862 - SplitNNClient - INFO - 21140 - phase=train acc=0.4265625 loss=15.420004725456238 epoch=5 and step=10
2026-04-17 03:48:24,914 - SplitNNClient - INFO - 8580 - phase=train acc=0.459375 loss=15.317107081413269 epoch=5 and step=10
2026-04-17 03:48:24,960 - SplitNNClient - INFO - 12532 - phase=train acc=0.46953125 loss=16.08453893661499 epoch=5 and step=10
2026-04-17 03:48:25,039 - SplitNNClient - INFO - 10312 - phase=train acc=0.5015625 loss=14.256178140640259 epoch=5 and step=10
2026-04-17 03:48:25,087 - SplitNNClient - INFO - 20996 - phase=train acc=0.46953125 loss=14.73621380329132 epoch=5 and step=10
2026-04-17 03:48:27,986 - SplitNNClient - INFO - 21140 - phase=train acc=0.429296875 loss=29.725425362586975 epoch=5 and step=20
2026-04-17 03:48:28,058 - SplitNNClient - INFO - 8580 - phase=train acc=0.465234375 loss=29.71387803554535 epoch=5 and step=20
2026-04-17 03:48:28,132 - SplitNNClient - INFO - 12532 - phase=train acc=0.49921875 loss=30.815326809883118 epoch=5 and step=20
2026-04-17 03:48:28,207 - SplitNNClient - INFO - 10312 - phase=train acc=0.49921875 loss=28.092720866203308 epoch=5 and step=20
2026-04-17 03:48:28,261 - SplitNNClient - INFO - 20996 - phase=train acc=0.475390625 loss=28.624855041503906 epoch=5 and step=20
2026-04-17 03:48:31,170 - SplitNNClient - INFO - 21140 - phase=train acc=0.4505208333333333 loss=43.199464321136475 epoch=5 and step=30
2026-04-17 03:48:31,248 - SplitNNClient - INFO - 8580 - phase=train acc=0.46901041666666665 loss=44.07921051979065 epoch=5 and step=30
2026-04-17 03:48:31,298 - SplitNNClient - INFO - 12532 - phase=train acc=0.51640625 loss=44.75302851200104 epoch=5 and step=30
2026-04-17 03:48:31,341 - SplitNNClient - INFO - 10312 - phase=train acc=0.5119791666666667 loss=40.99189019203186 epoch=5 and step=30
2026-04-17 03:48:31,417 - SplitNNClient - INFO - 20996 - phase=train acc=0.49557291666666664 loss=41.578906178474426 epoch=5 and step=30
2026-04-17 03:48:34,412 - SplitNNClient - INFO - 21140 - phase=train acc=0.45078125 loss=57.19000971317291 epoch=5 and step=40
2026-04-17 03:48:34,462 - SplitNNClient - INFO - 8580 - phase=train acc=0.471875 loss=58.57420492172241 epoch=5 and step=40
2026-04-17 03:48:34,535 - SplitNNClient - INFO - 12532 - phase=train acc=0.5166015625 loss=59.02020716667175 epoch=5 and step=40
2026-04-17 03:48:34,607 - SplitNNClient - INFO - 10312 - phase=train acc=0.52109375 loss=53.72845256328583 epoch=5 and step=40
2026-04-17 03:48:34,660 - SplitNNClient - INFO - 20996 - phase=train acc=0.504296875 loss=54.62078869342804 epoch=5 and step=40
2026-04-17 03:48:37,542 - SplitNNClient - INFO - 21140 - phase=train acc=0.46359375 loss=70.11206078529358 epoch=5 and step=50
2026-04-17 03:48:37,621 - SplitNNClient - INFO - 8580 - phase=train acc=0.47375 loss=72.50739026069641 epoch=5 and step=50
2026-04-17 03:48:37,668 - SplitNNClient - INFO - 12532 - phase=train acc=0.51890625 loss=73.03999304771423 epoch=5 and step=50
2026-04-17 03:48:37,774 - SplitNNClient - INFO - 10312 - phase=train acc=0.5259375 loss=66.53127706050873 epoch=5 and step=50
2026-04-17 03:48:37,815 - SplitNNClient - INFO - 20996 - phase=train acc=0.50765625 loss=67.58805453777313 epoch=5 and step=50
2026-04-17 03:48:40,461 - SplitNNClient - INFO - 8580 - phase=train acc=0.4765625 loss=86.33963072299957 epoch=5 and step=60
2026-04-17 03:48:40,512 - SplitNNClient - INFO - 12532 - phase=train acc=0.5209635416666667 loss=86.96560502052307 epoch=5 and step=60
2026-04-17 03:48:40,557 - SplitNNClient - INFO - 20996 - phase=train acc=0.5139322916666667 loss=80.26501107215881 epoch=5 and step=60
2026-04-17 03:48:40,657 - SplitNNClient - INFO - 10312 - phase=train acc=0.5317708333333333 loss=78.96652352809906 epoch=5 and step=60
2026-04-17 03:48:42,996 - SplitNNClient - INFO - 12532 - phase=train acc=0.5237723214285714 loss=100.74316585063934 epoch=5 and step=70
2026-04-17 03:48:43,102 - SplitNNClient - INFO - 10312 - phase=train acc=0.5313616071428572 loss=91.78201186656952 epoch=5 and step=70
2026-04-17 03:48:44,911 - SplitNNClient - INFO - 10312 - phase=train acc=0.5318359375 loss=104.07934284210205 epoch=5 and step=80
2026-04-17 03:48:46,482 - SplitNNClient - INFO - 10312 - phase=train acc=0.5365451388888889 loss=116.44185674190521 epoch=5 and step=90
2026-04-17 03:48:48,062 - SplitNNClient - INFO - 10312 - phase=train acc=0.538125 loss=128.79812347888947 epoch=5 and step=100
2026-04-17 03:48:49,629 - SplitNNClient - INFO - 10312 - phase=train acc=0.5401278409090909 loss=141.0619234442711 epoch=5 and step=110
2026-04-17 03:48:51,200 - SplitNNClient - INFO - 10312 - phase=train acc=0.5408203125 loss=153.14449328184128 epoch=5 and step=120
2026-04-17 03:48:51,588 - FedServerManager - INFO - 9648 - get all model params ---- from rank fed_server
2026-04-17 03:49:03,646 - SplitNNClient - INFO - 21140 - phase=validation acc=0.3912 loss=127.44418740272522 epoch=5 and step=79
2026-04-17 03:49:03,699 - SplitNNClient - INFO - 20996 - phase=validation acc=0.3912 loss=127.44418740272522 epoch=5 and step=79
2026-04-17 03:49:03,729 - SplitNNClient - INFO - 10312 - phase=validation acc=0.3912 loss=127.44418740272522 epoch=5 and step=79
2026-04-17 03:49:03,847 - SplitNNClient - INFO - 12532 - phase=validation acc=0.3912 loss=127.44418740272522 epoch=5 and step=79
2026-04-17 03:49:04,101 - SplitNNClient - INFO - 8580 - phase=validation acc=0.3912 loss=127.44418740272522 epoch=5 and step=79
2026-04-17 03:49:07,149 - SplitNNClient - INFO - 21140 - phase=train acc=0.4484375 loss=15.45312786102295 epoch=6 and step=10
2026-04-17 03:49:07,199 - SplitNNClient - INFO - 10312 - phase=train acc=0.51953125 loss=13.467121362686157 epoch=6 and step=10
2026-04-17 03:49:07,245 - SplitNNClient - INFO - 12532 - phase=train acc=0.515625 loss=14.810540437698364 epoch=6 and step=10
2026-04-17 03:49:07,322 - SplitNNClient - INFO - 8580 - phase=train acc=0.465625 loss=15.033584475517273 epoch=6 and step=10
2026-04-17 03:49:07,392 - SplitNNClient - INFO - 20996 - phase=train acc=0.4828125 loss=14.100768685340881 epoch=6 and step=10
2026-04-17 03:49:10,373 - SplitNNClient - INFO - 21140 - phase=train acc=0.4625 loss=28.7602299451828 epoch=6 and step=20
2026-04-17 03:49:10,448 - SplitNNClient - INFO - 10312 - phase=train acc=0.54453125 loss=25.324198782444 epoch=6 and step=20
2026-04-17 03:49:10,503 - SplitNNClient - INFO - 12532 - phase=train acc=0.528125 loss=28.709773778915405 epoch=6 and step=20
2026-04-17 03:49:10,582 - SplitNNClient - INFO - 8580 - phase=train acc=0.473046875 loss=29.248393535614014 epoch=6 and step=20
2026-04-17 03:49:10,626 - SplitNNClient - INFO - 20996 - phase=train acc=0.511328125 loss=26.768815636634827 epoch=6 and step=20
2026-04-17 03:49:13,544 - SplitNNClient - INFO - 21140 - phase=train acc=0.4744791666666667 loss=42.0525598526001 epoch=6 and step=30
2026-04-17 03:49:13,590 - SplitNNClient - INFO - 10312 - phase=train acc=0.5489583333333333 loss=37.93657606840134 epoch=6 and step=30
2026-04-17 03:49:13,667 - SplitNNClient - INFO - 12532 - phase=train acc=0.5307291666666667 loss=42.6756774187088 epoch=6 and step=30
2026-04-17 03:49:13,717 - SplitNNClient - INFO - 8580 - phase=train acc=0.4875 loss=42.87932109832764 epoch=6 and step=30
2026-04-17 03:49:13,793 - SplitNNClient - INFO - 20996 - phase=train acc=0.51953125 loss=39.306164383888245 epoch=6 and step=30
2026-04-17 03:49:16,688 - SplitNNClient - INFO - 21140 - phase=train acc=0.4806640625 loss=55.33008432388306 epoch=6 and step=40
2026-04-17 03:49:16,737 - SplitNNClient - INFO - 12532 - phase=train acc=0.53125 loss=56.58682441711426 epoch=6 and step=40
2026-04-17 03:49:16,818 - SplitNNClient - INFO - 10312 - phase=train acc=0.546484375 loss=50.71927696466446 epoch=6 and step=40
2026-04-17 03:49:16,865 - SplitNNClient - INFO - 8580 - phase=train acc=0.497265625 loss=56.2985600233078 epoch=6 and step=40
2026-04-17 03:49:16,908 - SplitNNClient - INFO - 20996 - phase=train acc=0.52734375 loss=52.152137756347656 epoch=6 and step=40
2026-04-17 03:49:19,808 - SplitNNClient - INFO - 21140 - phase=train acc=0.48171875 loss=68.53458642959595 epoch=6 and step=50
2026-04-17 03:49:19,885 - SplitNNClient - INFO - 12532 - phase=train acc=0.535 loss=70.15594053268433 epoch=6 and step=50
2026-04-17 03:49:19,934 - SplitNNClient - INFO - 10312 - phase=train acc=0.548125 loss=62.80996638536453 epoch=6 and step=50
2026-04-17 03:49:20,014 - SplitNNClient - INFO - 8580 - phase=train acc=0.506875 loss=69.4980833530426 epoch=6 and step=50
2026-04-17 03:49:20,056 - SplitNNClient - INFO - 20996 - phase=train acc=0.52734375 loss=64.65268158912659 epoch=6 and step=50
2026-04-17 03:49:22,703 - SplitNNClient - INFO - 12532 - phase=train acc=0.539453125 loss=84.02823626995087 epoch=6 and step=60
2026-04-17 03:49:22,750 - SplitNNClient - INFO - 10312 - phase=train acc=0.5502604166666667 loss=75.03697913885117 epoch=6 and step=60
2026-04-17 03:49:22,830 - SplitNNClient - INFO - 8580 - phase=train acc=0.5052083333333334 loss=82.84033787250519 epoch=6 and step=60
2026-04-17 03:49:22,901 - SplitNNClient - INFO - 20996 - phase=train acc=0.5329427083333333 loss=76.9516361951828 epoch=6 and step=60
2026-04-17 03:49:25,334 - SplitNNClient - INFO - 12532 - phase=train acc=0.54140625 loss=97.36823010444641 epoch=6 and step=70
2026-04-17 03:49:25,381 - SplitNNClient - INFO - 10312 - phase=train acc=0.5561383928571428 loss=86.7981703877449 epoch=6 and step=70
2026-04-17 03:49:27,132 - SplitNNClient - INFO - 10312 - phase=train acc=0.55810546875 loss=98.7489282488823 epoch=6 and step=80
2026-04-17 03:49:28,700 - SplitNNClient - INFO - 10312 - phase=train acc=0.5600694444444444 loss=110.22350746393204 epoch=6 and step=90
2026-04-17 03:49:30,276 - SplitNNClient - INFO - 10312 - phase=train acc=0.559609375 loss=122.61317759752274 epoch=6 and step=100
2026-04-17 03:49:31,860 - SplitNNClient - INFO - 10312 - phase=train acc=0.5607244318181818 loss=134.14755874872208 epoch=6 and step=110
2026-04-17 03:49:33,443 - SplitNNClient - INFO - 10312 - phase=train acc=0.5592447916666666 loss=146.83764094114304 epoch=6 and step=120
2026-04-17 03:49:33,808 - FedServerManager - INFO - 9648 - get all model params ---- from rank fed_server
2026-04-17 03:49:46,035 - SplitNNClient - INFO - 21140 - phase=validation acc=0.4213 loss=120.6026850938797 epoch=6 and step=79
2026-04-17 03:49:46,178 - SplitNNClient - INFO - 8580 - phase=validation acc=0.4213 loss=120.6026850938797 epoch=6 and step=79
2026-04-17 03:49:46,284 - SplitNNClient - INFO - 10312 - phase=validation acc=0.4213 loss=120.6026850938797 epoch=6 and step=79
2026-04-17 03:49:46,284 - SplitNNClient - INFO - 20996 - phase=validation acc=0.4213 loss=120.6026850938797 epoch=6 and step=79
2026-04-17 03:49:46,772 - SplitNNClient - INFO - 12532 - phase=validation acc=0.4213 loss=120.6026850938797 epoch=6 and step=79
2026-04-17 03:49:49,740 - SplitNNClient - INFO - 10312 - phase=train acc=0.52890625 loss=13.087685942649841 epoch=7 and step=10
2026-04-17 03:49:49,865 - SplitNNClient - INFO - 8580 - phase=train acc=0.49140625 loss=13.888597130775452 epoch=7 and step=10
2026-04-17 03:49:49,910 - SplitNNClient - INFO - 20996 - phase=train acc=0.52265625 loss=13.4860098361969 epoch=7 and step=10
2026-04-17 03:49:49,989 - SplitNNClient - INFO - 21140 - phase=train acc=0.44921875 loss=14.906045317649841 epoch=7 and step=10
2026-04-17 03:49:50,116 - SplitNNClient - INFO - 12532 - phase=train acc=0.49921875 loss=15.290292143821716 epoch=7 and step=10
2026-04-17 03:49:52,866 - SplitNNClient - INFO - 10312 - phase=train acc=0.5453125 loss=25.282394409179688 epoch=7 and step=20
2026-04-17 03:49:53,014 - SplitNNClient - INFO - 8580 - phase=train acc=0.496875 loss=27.8304181098938 epoch=7 and step=20
2026-04-17 03:49:53,066 - SplitNNClient - INFO - 20996 - phase=train acc=0.5328125 loss=26.037119388580322 epoch=7 and step=20
2026-04-17 03:49:53,139 - SplitNNClient - INFO - 21140 - phase=train acc=0.477734375 loss=28.044151782989502 epoch=7 and step=20
2026-04-17 03:49:53,264 - SplitNNClient - INFO - 12532 - phase=train acc=0.52421875 loss=29.248957872390747 epoch=7 and step=20
2026-04-17 03:49:56,023 - SplitNNClient - INFO - 10312 - phase=train acc=0.5533854166666666 loss=36.96826195716858 epoch=7 and step=30
2026-04-17 03:49:56,148 - SplitNNClient - INFO - 8580 - phase=train acc=0.5059895833333333 loss=41.20272982120514 epoch=7 and step=30
2026-04-17 03:49:56,221 - SplitNNClient - INFO - 20996 - phase=train acc=0.54296875 loss=38.61443209648132 epoch=7 and step=30
2026-04-17 03:49:56,324 - SplitNNClient - INFO - 21140 - phase=train acc=0.49166666666666664 loss=40.690892934799194 epoch=7 and step=30
2026-04-17 03:49:56,378 - SplitNNClient - INFO - 12532 - phase=train acc=0.5356770833333333 loss=42.78417205810547 epoch=7 and step=30
2026-04-17 03:49:59,092 - SplitNNClient - INFO - 10312 - phase=train acc=0.5564453125 loss=49.13843512535095 epoch=7 and step=40
2026-04-17 03:49:59,215 - SplitNNClient - INFO - 8580 - phase=train acc=0.5134765625 loss=54.37727427482605 epoch=7 and step=40
2026-04-17 03:49:59,345 - SplitNNClient - INFO - 20996 - phase=train acc=0.5453125 loss=50.72129988670349 epoch=7 and step=40
2026-04-17 03:49:59,468 - SplitNNClient - INFO - 21140 - phase=train acc=0.4888671875 loss=53.702234745025635 epoch=7 and step=40
2026-04-17 03:49:59,594 - SplitNNClient - INFO - 12532 - phase=train acc=0.5423828125 loss=56.05705392360687 epoch=7 and step=40
2026-04-17 03:50:02,307 - SplitNNClient - INFO - 10312 - phase=train acc=0.55640625 loss=60.7361114025116 epoch=7 and step=50
2026-04-17 03:50:02,460 - SplitNNClient - INFO - 8580 - phase=train acc=0.50890625 loss=68.06564927101135 epoch=7 and step=50
2026-04-17 03:50:02,575 - SplitNNClient - INFO - 20996 - phase=train acc=0.54796875 loss=62.82818150520325 epoch=7 and step=50
2026-04-17 03:50:02,692 - SplitNNClient - INFO - 21140 - phase=train acc=0.49203125 loss=66.50398576259613 epoch=7 and step=50
2026-04-17 03:50:02,825 - SplitNNClient - INFO - 12532 - phase=train acc=0.54359375 loss=69.47772347927094 epoch=7 and step=50
2026-04-17 03:50:05,166 - SplitNNClient - INFO - 10312 - phase=train acc=0.5658854166666667 loss=71.62927389144897 epoch=7 and step=60
2026-04-17 03:50:05,320 - SplitNNClient - INFO - 8580 - phase=train acc=0.5143229166666666 loss=80.66408801078796 epoch=7 and step=60
2026-04-17 03:50:05,512 - SplitNNClient - INFO - 20996 - phase=train acc=0.55 loss=74.75477302074432 epoch=7 and step=60
2026-04-17 03:50:05,639 - SplitNNClient - INFO - 12532 - phase=train acc=0.5451822916666667 loss=82.63551425933838 epoch=7 and step=60
2026-04-17 03:50:07,766 - SplitNNClient - INFO - 10312 - phase=train acc=0.5669642857142857 loss=83.51118618249893 epoch=7 and step=70
2026-04-17 03:50:08,092 - SplitNNClient - INFO - 12532 - phase=train acc=0.5440848214285714 loss=96.30114102363586 epoch=7 and step=70
2026-04-17 03:50:09,614 - SplitNNClient - INFO - 10312 - phase=train acc=0.569921875 loss=95.40732020139694 epoch=7 and step=80
2026-04-17 03:50:11,193 - SplitNNClient - INFO - 10312 - phase=train acc=0.5703993055555555 loss=107.15400397777557 epoch=7 and step=90
2026-04-17 03:50:12,757 - SplitNNClient - INFO - 10312 - phase=train acc=0.570390625 loss=119.02043688297272 epoch=7 and step=100
2026-04-17 03:50:14,351 - SplitNNClient - INFO - 10312 - phase=train acc=0.5758522727272727 loss=129.77811390161514 epoch=7 and step=110
2026-04-17 03:50:15,932 - SplitNNClient - INFO - 10312 - phase=train acc=0.5775390625 loss=141.07598620653152 epoch=7 and step=120
2026-04-17 03:50:16,317 - FedServerManager - INFO - 9648 - get all model params ---- from rank fed_server
2026-04-17 03:50:28,171 - SplitNNClient - INFO - 10312 - phase=validation acc=0.4275 loss=120.25651013851166 epoch=7 and step=79
2026-04-17 03:50:28,516 - SplitNNClient - INFO - 8580 - phase=validation acc=0.4275 loss=120.25651013851166 epoch=7 and step=79
2026-04-17 03:50:28,606 - SplitNNClient - INFO - 20996 - phase=validation acc=0.4275 loss=120.25651013851166 epoch=7 and step=79
2026-04-17 03:50:28,763 - SplitNNClient - INFO - 21140 - phase=validation acc=0.4275 loss=120.25651013851166 epoch=7 and step=79
2026-04-17 03:50:29,127 - SplitNNClient - INFO - 12532 - phase=validation acc=0.4275 loss=120.25651013851166 epoch=7 and step=79
2026-04-17 03:50:32,129 - SplitNNClient - INFO - 20996 - phase=train acc=0.51015625 loss=13.476646423339844 epoch=8 and step=10
2026-04-17 03:50:32,204 - SplitNNClient - INFO - 21140 - phase=train acc=0.46953125 loss=14.906027913093567 epoch=8 and step=10
2026-04-17 03:50:32,281 - SplitNNClient - INFO - 10312 - phase=train acc=0.53515625 loss=12.922896385192871 epoch=8 and step=10
2026-04-17 03:50:32,334 - SplitNNClient - INFO - 8580 - phase=train acc=0.5078125 loss=13.708061337471008 epoch=8 and step=10
2026-04-17 03:50:32,408 - SplitNNClient - INFO - 12532 - phase=train acc=0.55078125 loss=14.227849125862122 epoch=8 and step=10
2026-04-17 03:50:35,293 - SplitNNClient - INFO - 20996 - phase=train acc=0.5234375 loss=25.858508229255676 epoch=8 and step=20
2026-04-17 03:50:35,349 - SplitNNClient - INFO - 21140 - phase=train acc=0.48984375 loss=28.086296319961548 epoch=8 and step=20
2026-04-17 03:50:35,398 - SplitNNClient - INFO - 10312 - phase=train acc=0.568359375 loss=24.375190138816833 epoch=8 and step=20
2026-04-17 03:50:35,443 - SplitNNClient - INFO - 8580 - phase=train acc=0.5234375 loss=26.663058638572693 epoch=8 and step=20
2026-04-17 03:50:35,517 - SplitNNClient - INFO - 12532 - phase=train acc=0.553125 loss=27.847557067871094 epoch=8 and step=20
2026-04-17 03:50:38,474 - SplitNNClient - INFO - 20996 - phase=train acc=0.5361979166666667 loss=38.08355712890625 epoch=8 and step=30
2026-04-17 03:50:38,549 - SplitNNClient - INFO - 21140 - phase=train acc=0.49244791666666665 loss=40.92532300949097 epoch=8 and step=30
2026-04-17 03:50:38,623 - SplitNNClient - INFO - 10312 - phase=train acc=0.5778645833333333 loss=36.04266619682312 epoch=8 and step=30
2026-04-17 03:50:38,674 - SplitNNClient - INFO - 8580 - phase=train acc=0.5255208333333333 loss=39.65889382362366 epoch=8 and step=30
2026-04-17 03:50:38,721 - SplitNNClient - INFO - 12532 - phase=train acc=0.5606770833333333 loss=40.78255879878998 epoch=8 and step=30
2026-04-17 03:50:41,623 - SplitNNClient - INFO - 20996 - phase=train acc=0.543359375 loss=50.07285130023956 epoch=8 and step=40
2026-04-17 03:50:41,698 - SplitNNClient - INFO - 21140 - phase=train acc=0.498828125 loss=53.623390913009644 epoch=8 and step=40
2026-04-17 03:50:41,742 - SplitNNClient - INFO - 10312 - phase=train acc=0.5796875 loss=47.62827825546265 epoch=8 and step=40
2026-04-17 03:50:41,822 - SplitNNClient - INFO - 8580 - phase=train acc=0.5287109375 loss=52.45276999473572 epoch=8 and step=40
2026-04-17 03:50:41,901 - SplitNNClient - INFO - 12532 - phase=train acc=0.55859375 loss=53.74984431266785 epoch=8 and step=40
2026-04-17 03:50:44,750 - SplitNNClient - INFO - 20996 - phase=train acc=0.546875 loss=62.28497588634491 epoch=8 and step=50
2026-04-17 03:50:44,827 - SplitNNClient - INFO - 21140 - phase=train acc=0.5009375 loss=65.98598432540894 epoch=8 and step=50
2026-04-17 03:50:44,909 - SplitNNClient - INFO - 10312 - phase=train acc=0.584375 loss=58.9133118391037 epoch=8 and step=50
2026-04-17 03:50:44,961 - SplitNNClient - INFO - 8580 - phase=train acc=0.52984375 loss=65.4653000831604 epoch=8 and step=50
2026-04-17 03:50:45,038 - SplitNNClient - INFO - 12532 - phase=train acc=0.56015625 loss=66.56878006458282 epoch=8 and step=50
2026-04-17 03:50:47,661 - SplitNNClient - INFO - 20996 - phase=train acc=0.5493489583333333 loss=74.34619057178497 epoch=8 and step=60
2026-04-17 03:50:47,729 - SplitNNClient - INFO - 10312 - phase=train acc=0.58203125 loss=70.78661036491394 epoch=8 and step=60
2026-04-17 03:50:47,802 - SplitNNClient - INFO - 8580 - phase=train acc=0.526171875 loss=78.67092072963715 epoch=8 and step=60
2026-04-17 03:50:47,853 - SplitNNClient - INFO - 12532 - phase=train acc=0.5645833333333333 loss=79.22010087966919 epoch=8 and step=60
2026-04-17 03:50:50,225 - SplitNNClient - INFO - 10312 - phase=train acc=0.5866071428571429 loss=81.75857353210449 epoch=8 and step=70
2026-04-17 03:50:50,325 - SplitNNClient - INFO - 12532 - phase=train acc=0.5661830357142857 loss=91.63384568691254 epoch=8 and step=70
2026-04-17 03:50:52,006 - SplitNNClient - INFO - 10312 - phase=train acc=0.588671875 loss=92.46184039115906 epoch=8 and step=80
2026-04-17 03:50:53,548 - SplitNNClient - INFO - 10312 - phase=train acc=0.5904513888888889 loss=103.56007385253906 epoch=8 and step=90
2026-04-17 03:50:55,131 - SplitNNClient - INFO - 10312 - phase=train acc=0.588828125 loss=115.21914482116699 epoch=8 and step=100
2026-04-17 03:50:56,700 - SplitNNClient - INFO - 10312 - phase=train acc=0.5884943181818182 loss=126.47122967243195 epoch=8 and step=110
2026-04-17 03:50:58,248 - SplitNNClient - INFO - 10312 - phase=train acc=0.588671875 loss=137.62517476081848 epoch=8 and step=120
2026-04-17 03:50:58,648 - FedServerManager - INFO - 9648 - get all model params ---- from rank fed_server
2026-04-17 03:51:10,821 - SplitNNClient - INFO - 21140 - phase=validation acc=0.438 loss=117.67753541469574 epoch=8 and step=79
2026-04-17 03:51:11,027 - SplitNNClient - INFO - 12532 - phase=validation acc=0.438 loss=117.67753541469574 epoch=8 and step=79
2026-04-17 03:51:11,030 - SplitNNClient - INFO - 8580 - phase=validation acc=0.438 loss=117.67753541469574 epoch=8 and step=79
2026-04-17 03:51:11,059 - SplitNNClient - INFO - 10312 - phase=validation acc=0.438 loss=117.67753541469574 epoch=8 and step=79
2026-04-17 03:51:11,112 - SplitNNClient - INFO - 20996 - phase=validation acc=0.438 loss=117.67753541469574 epoch=8 and step=79
2026-04-17 03:51:14,280 - SplitNNClient - INFO - 10312 - phase=train acc=0.53984375 loss=12.883201122283936 epoch=9 and step=10
2026-04-17 03:51:14,351 - SplitNNClient - INFO - 20996 - phase=train acc=0.53671875 loss=12.880739212036133 epoch=9 and step=10
2026-04-17 03:51:14,400 - SplitNNClient - INFO - 21140 - phase=train acc=0.46953125 loss=14.782711267471313 epoch=9 and step=10
2026-04-17 03:51:14,479 - SplitNNClient - INFO - 8580 - phase=train acc=0.52734375 loss=13.020177364349365 epoch=9 and step=10
2026-04-17 03:51:14,557 - SplitNNClient - INFO - 12532 - phase=train acc=0.53046875 loss=14.193779110908508 epoch=9 and step=10
2026-04-17 03:51:17,439 - SplitNNClient - INFO - 10312 - phase=train acc=0.579296875 loss=23.614172041416168 epoch=9 and step=20
2026-04-17 03:51:17,492 - SplitNNClient - INFO - 20996 - phase=train acc=0.564453125 loss=24.221895337104797 epoch=9 and step=20
2026-04-17 03:51:17,537 - SplitNNClient - INFO - 21140 - phase=train acc=0.490625 loss=27.657463312149048 epoch=9 and step=20
2026-04-17 03:51:17,614 - SplitNNClient - INFO - 8580 - phase=train acc=0.530078125 loss=26.048909187316895 epoch=9 and step=20
2026-04-17 03:51:17,686 - SplitNNClient - INFO - 12532 - phase=train acc=0.555859375 loss=26.89012348651886 epoch=9 and step=20
2026-04-17 03:51:20,559 - SplitNNClient - INFO - 10312 - phase=train acc=0.5791666666666667 loss=35.94205588102341 epoch=9 and step=30
2026-04-17 03:51:20,609 - SplitNNClient - INFO - 21140 - phase=train acc=0.49557291666666664 loss=40.045692443847656 epoch=9 and step=30
2026-04-17 03:51:20,688 - SplitNNClient - INFO - 20996 - phase=train acc=0.5572916666666666 loss=36.57611930370331 epoch=9 and step=30
2026-04-17 03:51:20,737 - SplitNNClient - INFO - 8580 - phase=train acc=0.5252604166666667 loss=39.00673484802246 epoch=9 and step=30
2026-04-17 03:51:20,813 - SplitNNClient - INFO - 12532 - phase=train acc=0.5653645833333333 loss=39.4652419090271 epoch=9 and step=30
2026-04-17 03:51:23,701 - SplitNNClient - INFO - 10312 - phase=train acc=0.5892578125 loss=46.55937248468399 epoch=9 and step=40
2026-04-17 03:51:23,773 - SplitNNClient - INFO - 21140 - phase=train acc=0.50546875 loss=52.0126930475235 epoch=9 and step=40
2026-04-17 03:51:23,846 - SplitNNClient - INFO - 20996 - phase=train acc=0.556640625 loss=48.42554235458374 epoch=9 and step=40
2026-04-17 03:51:23,898 - SplitNNClient - INFO - 8580 - phase=train acc=0.5291015625 loss=52.07293486595154 epoch=9 and step=40
2026-04-17 03:51:23,969 - SplitNNClient - INFO - 12532 - phase=train acc=0.56328125 loss=52.410187125205994 epoch=9 and step=40
2026-04-17 03:51:26,833 - SplitNNClient - INFO - 10312 - phase=train acc=0.5953125 loss=57.44092220067978 epoch=9 and step=50
2026-04-17 03:51:26,884 - SplitNNClient - INFO - 21140 - phase=train acc=0.5059375 loss=64.5261379480362 epoch=9 and step=50
2026-04-17 03:51:26,960 - SplitNNClient - INFO - 20996 - phase=train acc=0.56078125 loss=59.99570953845978 epoch=9 and step=50
2026-04-17 03:51:27,008 - SplitNNClient - INFO - 8580 - phase=train acc=0.5334375 loss=64.8849310874939 epoch=9 and step=50
2026-04-17 03:51:27,086 - SplitNNClient - INFO - 12532 - phase=train acc=0.565 loss=65.08705449104309 epoch=9 and step=50
2026-04-17 03:51:29,751 - SplitNNClient - INFO - 10312 - phase=train acc=0.59921875 loss=68.15240025520325 epoch=9 and step=60
2026-04-17 03:51:29,822 - SplitNNClient - INFO - 20996 - phase=train acc=0.563671875 loss=71.56187808513641 epoch=9 and step=60
2026-04-17 03:51:29,873 - SplitNNClient - INFO - 8580 - phase=train acc=0.5372395833333333 loss=77.3014224767685 epoch=9 and step=60
2026-04-17 03:51:30,007 - SplitNNClient - INFO - 12532 - phase=train acc=0.568359375 loss=77.36691641807556 epoch=9 and step=60
2026-04-17 03:51:32,353 - SplitNNClient - INFO - 10312 - phase=train acc=0.6016741071428572 loss=78.94891357421875 epoch=9 and step=70
2026-04-17 03:51:32,462 - SplitNNClient - INFO - 12532 - phase=train acc=0.5713169642857143 loss=89.9534912109375 epoch=9 and step=70
2026-04-17 03:51:34,145 - SplitNNClient - INFO - 10312 - phase=train acc=0.6044921875 loss=89.30908834934235 epoch=9 and step=80
2026-04-17 03:51:35,739 - SplitNNClient - INFO - 10312 - phase=train acc=0.6065104166666667 loss=99.95104777812958 epoch=9 and step=90
2026-04-17 03:51:37,294 - SplitNNClient - INFO - 10312 - phase=train acc=0.6053125 loss=110.41797924041748 epoch=9 and step=100
2026-04-17 03:51:38,821 - SplitNNClient - INFO - 10312 - phase=train acc=0.6065340909090909 loss=121.11406087875366 epoch=9 and step=110
2026-04-17 03:51:40,374 - SplitNNClient - INFO - 10312 - phase=train acc=0.6087239583333334 loss=131.62364155054092 epoch=9 and step=120
2026-04-17 03:51:40,734 - FedServerManager - INFO - 9648 - get all model params ---- from rank fed_server
2026-04-17 03:51:52,983 - SplitNNClient - INFO - 10312 - phase=validation acc=0.4736 loss=109.4585690498352 epoch=9 and step=79
2026-04-17 03:51:53,080 - SplitNNClient - INFO - 8580 - phase=validation acc=0.4736 loss=109.4585690498352 epoch=9 and step=79
2026-04-17 03:51:53,186 - SplitNNClient - INFO - 21140 - phase=validation acc=0.4736 loss=109.4585690498352 epoch=9 and step=79
2026-04-17 03:51:53,331 - SplitNNClient - INFO - 12532 - phase=validation acc=0.4736 loss=109.4585690498352 epoch=9 and step=79
2026-04-17 03:51:53,632 - SplitNNClient - INFO - 20996 - phase=validation acc=0.4736 loss=109.4585690498352 epoch=9 and step=79
2026-04-17 03:51:56,597 - SplitNNClient - INFO - 8580 - phase=train acc=0.54453125 loss=13.436427354812622 epoch=10 and step=10
2026-04-17 03:51:56,671 - SplitNNClient - INFO - 10312 - phase=train acc=0.6046875 loss=11.842757046222687 epoch=10 and step=10
2026-04-17 03:51:56,741 - SplitNNClient - INFO - 20996 - phase=train acc=0.5546875 loss=12.723304033279419 epoch=10 and step=10
2026-04-17 03:51:56,814 - SplitNNClient - INFO - 12532 - phase=train acc=0.55625 loss=13.462074518203735 epoch=10 and step=10
2026-04-17 03:51:56,869 - SplitNNClient - INFO - 21140 - phase=train acc=0.4578125 loss=14.362109780311584 epoch=10 and step=10
2026-04-17 03:51:59,764 - SplitNNClient - INFO - 8580 - phase=train acc=0.556640625 loss=25.572675824165344 epoch=10 and step=20
2026-04-17 03:51:59,814 - SplitNNClient - INFO - 10312 - phase=train acc=0.6078125 loss=22.79202836751938 epoch=10 and step=20
2026-04-17 03:51:59,862 - SplitNNClient - INFO - 20996 - phase=train acc=0.57578125 loss=24.562946438789368 epoch=10 and step=20
2026-04-17 03:51:59,938 - SplitNNClient - INFO - 12532 - phase=train acc=0.568359375 loss=25.94330394268036 epoch=10 and step=20
2026-04-17 03:51:59,992 - SplitNNClient - INFO - 21140 - phase=train acc=0.48203125 loss=27.16955268383026 epoch=10 and step=20
2026-04-17 03:52:02,874 - SplitNNClient - INFO - 8580 - phase=train acc=0.5578125 loss=38.20262610912323 epoch=10 and step=30
2026-04-17 03:52:02,952 - SplitNNClient - INFO - 10312 - phase=train acc=0.6114583333333333 loss=34.08052998781204 epoch=10 and step=30
2026-04-17 03:52:02,998 - SplitNNClient - INFO - 20996 - phase=train acc=0.5747395833333333 loss=35.95365393161774 epoch=10 and step=30
2026-04-17 03:52:03,074 - SplitNNClient - INFO - 12532 - phase=train acc=0.5684895833333333 loss=38.74161899089813 epoch=10 and step=30
2026-04-17 03:52:03,125 - SplitNNClient - INFO - 21140 - phase=train acc=0.49713541666666666 loss=39.28624439239502 epoch=10 and step=30
2026-04-17 03:52:06,027 - SplitNNClient - INFO - 10312 - phase=train acc=0.608203125 loss=45.10069382190704 epoch=10 and step=40
2026-04-17 03:52:06,181 - SplitNNClient - INFO - 8580 - phase=train acc=0.55546875 loss=50.48243045806885 epoch=10 and step=40
2026-04-17 03:52:06,227 - SplitNNClient - INFO - 20996 - phase=train acc=0.576953125 loss=47.26550889015198 epoch=10 and step=40
2026-04-17 03:52:06,302 - SplitNNClient - INFO - 12532 - phase=train acc=0.5744140625 loss=51.52605628967285 epoch=10 and step=40
2026-04-17 03:52:06,429 - SplitNNClient - INFO - 21140 - phase=train acc=0.4970703125 loss=51.82892823219299 epoch=10 and step=40
2026-04-17 03:52:09,158 - SplitNNClient - INFO - 10312 - phase=train acc=0.60578125 loss=56.02196544408798 epoch=10 and step=50
2026-04-17 03:52:09,281 - SplitNNClient - INFO - 8580 - phase=train acc=0.55609375 loss=62.86319160461426 epoch=10 and step=50
2026-04-17 03:52:09,331 - SplitNNClient - INFO - 20996 - phase=train acc=0.57421875 loss=58.74514937400818 epoch=10 and step=50
2026-04-17 03:52:09,412 - SplitNNClient - INFO - 12532 - phase=train acc=0.58234375 loss=63.12152183055878 epoch=10 and step=50
2026-04-17 03:52:09,532 - SplitNNClient - INFO - 21140 - phase=train acc=0.50734375 loss=63.703251361846924 epoch=10 and step=50
2026-04-17 03:52:12,092 - SplitNNClient - INFO - 10312 - phase=train acc=0.6048177083333334 loss=67.14356082677841 epoch=10 and step=60
2026-04-17 03:52:12,141 - SplitNNClient - INFO - 8580 - phase=train acc=0.55703125 loss=75.32246422767639 epoch=10 and step=60
2026-04-17 03:52:12,246 - SplitNNClient - INFO - 20996 - phase=train acc=0.5763020833333333 loss=70.11910080909729 epoch=10 and step=60
2026-04-17 03:52:12,294 - SplitNNClient - INFO - 12532 - phase=train acc=0.5846354166666666 loss=75.3342821598053 epoch=10 and step=60
2026-04-17 03:52:14,614 - SplitNNClient - INFO - 10312 - phase=train acc=0.60625 loss=78.45829772949219 epoch=10 and step=70
2026-04-17 03:52:14,776 - SplitNNClient - INFO - 12532 - phase=train acc=0.5854910714285714 loss=87.5639898777008 epoch=10 and step=70
2026-04-17 03:52:16,384 - SplitNNClient - INFO - 10312 - phase=train acc=0.6083984375 loss=88.72391498088837 epoch=10 and step=80
2026-04-17 03:52:17,957 - SplitNNClient - INFO - 10312 - phase=train acc=0.6085069444444444 loss=99.54744189977646 epoch=10 and step=90
2026-04-17 03:52:19,527 - SplitNNClient - INFO - 10312 - phase=train acc=0.609453125 loss=110.28461754322052 epoch=10 and step=100
2026-04-17 03:52:21,105 - SplitNNClient - INFO - 10312 - phase=train acc=0.6123579545454545 loss=120.57758301496506 epoch=10 and step=110
2026-04-17 03:52:22,684 - SplitNNClient - INFO - 10312 - phase=train acc=0.6130859375 loss=131.0906491279602 epoch=10 and step=120
2026-04-17 03:52:23,049 - FedServerManager - INFO - 9648 - get all model params ---- from rank fed_server
2026-04-17 03:52:35,318 - SplitNNClient - INFO - 21140 - phase=validation acc=0.4885 loss=106.49423205852509 epoch=10 and step=79
2026-04-17 03:52:35,336 - SplitNNClient - INFO - 10312 - phase=validation acc=0.4885 loss=106.49423205852509 epoch=10 and step=79
2026-04-17 03:52:35,714 - SplitNNClient - INFO - 12532 - phase=validation acc=0.4885 loss=106.49423205852509 epoch=10 and step=79
2026-04-17 03:52:35,724 - SplitNNClient - INFO - 8580 - phase=validation acc=0.4885 loss=106.49423205852509 epoch=10 and step=79
2026-04-17 03:52:35,725 - SplitNNClient - INFO - 20996 - phase=validation acc=0.4885 loss=106.49423205852509 epoch=10 and step=79
2026-04-17 03:52:38,775 - SplitNNClient - INFO - 8580 - phase=train acc=0.571875 loss=12.553428053855896 epoch=11 and step=10
2026-04-17 03:52:38,824 - SplitNNClient - INFO - 21140 - phase=train acc=0.4453125 loss=14.87477421760559 epoch=11 and step=10
2026-04-17 03:52:38,905 - SplitNNClient - INFO - 10312 - phase=train acc=0.5796875 loss=12.381950497627258 epoch=11 and step=10
2026-04-17 03:52:38,983 - SplitNNClient - INFO - 12532 - phase=train acc=0.5546875 loss=13.328202843666077 epoch=11 and step=10
2026-04-17 03:52:39,036 - SplitNNClient - INFO - 20996 - phase=train acc=0.553125 loss=12.544849276542664 epoch=11 and step=10
2026-04-17 03:52:42,010 - SplitNNClient - INFO - 8580 - phase=train acc=0.568359375 loss=24.953894019126892 epoch=11 and step=20
2026-04-17 03:52:42,050 - SplitNNClient - INFO - 21140 - phase=train acc=0.478515625 loss=27.485839009284973 epoch=11 and step=20
2026-04-17 03:52:42,131 - SplitNNClient - INFO - 10312 - phase=train acc=0.59921875 loss=23.189118087291718 epoch=11 and step=20
2026-04-17 03:52:42,199 - SplitNNClient - INFO - 12532 - phase=train acc=0.58203125 loss=25.60521423816681 epoch=11 and step=20
2026-04-17 03:52:42,270 - SplitNNClient - INFO - 20996 - phase=train acc=0.562890625 loss=24.148088097572327 epoch=11 and step=20
2026-04-17 03:52:45,147 - SplitNNClient - INFO - 8580 - phase=train acc=0.56484375 loss=37.01771056652069 epoch=11 and step=30
2026-04-17 03:52:45,226 - SplitNNClient - INFO - 21140 - phase=train acc=0.5026041666666666 loss=39.143306255340576 epoch=11 and step=30
2026-04-17 03:52:45,305 - SplitNNClient - INFO - 10312 - phase=train acc=0.6091145833333333 loss=33.866604685783386 epoch=11 and step=30
2026-04-17 03:52:45,355 - SplitNNClient - INFO - 20996 - phase=train acc=0.5697916666666667 loss=35.73192095756531 epoch=11 and step=30
2026-04-17 03:52:45,398 - SplitNNClient - INFO - 12532 - phase=train acc=0.5934895833333333 loss=37.22051167488098 epoch=11 and step=30
2026-04-17 03:52:48,241 - SplitNNClient - INFO - 8580 - phase=train acc=0.56875 loss=48.6197954416275 epoch=11 and step=40
2026-04-17 03:52:48,365 - SplitNNClient - INFO - 21140 - phase=train acc=0.5138671875 loss=50.698604345321655 epoch=11 and step=40
2026-04-17 03:52:48,440 - SplitNNClient - INFO - 10312 - phase=train acc=0.6169921875 loss=43.844675838947296 epoch=11 and step=40
2026-04-17 03:52:48,492 - SplitNNClient - INFO - 20996 - phase=train acc=0.5759765625 loss=46.66692554950714 epoch=11 and step=40
2026-04-17 03:52:48,617 - SplitNNClient - INFO - 12532 - phase=train acc=0.5927734375 loss=49.475769996643066 epoch=11 and step=40
2026-04-17 03:52:51,401 - SplitNNClient - INFO - 8580 - phase=train acc=0.57578125 loss=60.428829073905945 epoch=11 and step=50
2026-04-17 03:52:51,501 - SplitNNClient - INFO - 21140 - phase=train acc=0.52078125 loss=62.39604949951172 epoch=11 and step=50
2026-04-17 03:52:51,583 - SplitNNClient - INFO - 10312 - phase=train acc=0.62296875 loss=54.078667879104614 epoch=11 and step=50
2026-04-17 03:52:51,636 - SplitNNClient - INFO - 20996 - phase=train acc=0.5759375 loss=58.04690206050873 epoch=11 and step=50
2026-04-17 03:52:51,781 - SplitNNClient - INFO - 12532 - phase=train acc=0.59640625 loss=61.15072453022003 epoch=11 and step=50
2026-04-17 03:52:54,273 - SplitNNClient - INFO - 8580 - phase=train acc=0.5834635416666667 loss=72.01756417751312 epoch=11 and step=60
2026-04-17 03:52:54,366 - SplitNNClient - INFO - 10312 - phase=train acc=0.623046875 loss=64.53158420324326 epoch=11 and step=60
2026-04-17 03:52:54,441 - SplitNNClient - INFO - 20996 - phase=train acc=0.5811197916666667 loss=68.54181379079819 epoch=11 and step=60
2026-04-17 03:52:54,595 - SplitNNClient - INFO - 12532 - phase=train acc=0.5966145833333333 loss=73.25069177150726 epoch=11 and step=60
2026-04-17 03:52:56,819 - SplitNNClient - INFO - 10312 - phase=train acc=0.6206473214285714 loss=75.14463025331497 epoch=11 and step=70
2026-04-17 03:52:57,057 - SplitNNClient - INFO - 12532 - phase=train acc=0.5943080357142857 loss=85.38364160060883 epoch=11 and step=70
2026-04-17 03:52:58,626 - SplitNNClient - INFO - 10312 - phase=train acc=0.62421875 loss=85.55551081895828 epoch=11 and step=80
2026-04-17 03:53:00,203 - SplitNNClient - INFO - 10312 - phase=train acc=0.6246527777777777 loss=96.24383145570755 epoch=11 and step=90
2026-04-17 03:53:01,773 - SplitNNClient - INFO - 10312 - phase=train acc=0.623828125 loss=106.7884733080864 epoch=11 and step=100
2026-04-17 03:53:03,305 - SplitNNClient - INFO - 10312 - phase=train acc=0.6253551136363636 loss=117.25036150217056 epoch=11 and step=110
2026-04-17 03:53:04,784 - SplitNNClient - INFO - 10312 - phase=train acc=0.62578125 loss=127.41739046573639 epoch=11 and step=120
2026-04-17 03:53:05,099 - FedServerManager - INFO - 9648 - get all model params ---- from rank fed_server
2026-04-17 03:53:17,581 - SplitNNClient - INFO - 21140 - phase=validation acc=0.5082 loss=103.62355673313141 epoch=11 and step=79
2026-04-17 03:53:17,637 - SplitNNClient - INFO - 20996 - phase=validation acc=0.5082 loss=103.62355673313141 epoch=11 and step=79
2026-04-17 03:53:17,652 - SplitNNClient - INFO - 12532 - phase=validation acc=0.5082 loss=103.62355673313141 epoch=11 and step=79
2026-04-17 03:53:17,740 - SplitNNClient - INFO - 10312 - phase=validation acc=0.5082 loss=103.62355673313141 epoch=11 and step=79
2026-04-17 03:53:17,747 - SplitNNClient - INFO - 8580 - phase=validation acc=0.5082 loss=103.62355673313141 epoch=11 and step=79
2026-04-17 03:53:20,820 - SplitNNClient - INFO - 10312 - phase=train acc=0.61015625 loss=11.672503650188446 epoch=12 and step=10
2026-04-17 03:53:20,893 - SplitNNClient - INFO - 20996 - phase=train acc=0.58515625 loss=11.795042872428894 epoch=12 and step=10
2026-04-17 03:53:20,972 - SplitNNClient - INFO - 12532 - phase=train acc=0.58515625 loss=12.520113587379456 epoch=12 and step=10
2026-04-17 03:53:21,026 - SplitNNClient - INFO - 21140 - phase=train acc=0.49375 loss=13.654213905334473 epoch=12 and step=10
2026-04-17 03:53:21,102 - SplitNNClient - INFO - 8580 - phase=train acc=0.59921875 loss=11.84031867980957 epoch=12 and step=10
2026-04-17 03:53:23,971 - SplitNNClient - INFO - 10312 - phase=train acc=0.6140625 loss=22.408072650432587 epoch=12 and step=20
2026-04-17 03:53:24,051 - SplitNNClient - INFO - 20996 - phase=train acc=0.587109375 loss=23.28248929977417 epoch=12 and step=20
2026-04-17 03:53:24,097 - SplitNNClient - INFO - 12532 - phase=train acc=0.590234375 loss=24.845709562301636 epoch=12 and step=20
2026-04-17 03:53:24,143 - SplitNNClient - INFO - 21140 - phase=train acc=0.511328125 loss=25.84034514427185 epoch=12 and step=20
2026-04-17 03:53:24,225 - SplitNNClient - INFO - 8580 - phase=train acc=0.5984375 loss=23.507355451583862 epoch=12 and step=20
2026-04-17 03:53:27,131 - SplitNNClient - INFO - 10312 - phase=train acc=0.6221354166666667 loss=32.592300057411194 epoch=12 and step=30
2026-04-17 03:53:27,210 - SplitNNClient - INFO - 12532 - phase=train acc=0.6067708333333334 loss=36.086145877838135 epoch=12 and step=30
2026-04-17 03:53:27,266 - SplitNNClient - INFO - 20996 - phase=train acc=0.5888020833333333 loss=34.62027794122696 epoch=12 and step=30
2026-04-17 03:53:27,315 - SplitNNClient - INFO - 21140 - phase=train acc=0.5145833333333333 loss=38.211732268333435 epoch=12 and step=30
2026-04-17 03:53:27,385 - SplitNNClient - INFO - 8580 - phase=train acc=0.5893229166666667 loss=35.83808410167694 epoch=12 and step=30
2026-04-17 03:53:30,279 - SplitNNClient - INFO - 10312 - phase=train acc=0.6265625 loss=42.95913243293762 epoch=12 and step=40
2026-04-17 03:53:30,329 - SplitNNClient - INFO - 12532 - phase=train acc=0.6150390625 loss=47.47152137756348 epoch=12 and step=40
2026-04-17 03:53:30,403 - SplitNNClient - INFO - 21140 - phase=train acc=0.5232421875 loss=49.4703084230423 epoch=12 and step=40
2026-04-17 03:53:30,474 - SplitNNClient - INFO - 20996 - phase=train acc=0.5900390625 loss=45.80876296758652 epoch=12 and step=40
2026-04-17 03:53:30,533 - SplitNNClient - INFO - 8580 - phase=train acc=0.589453125 loss=47.209865510463715 epoch=12 and step=40
2026-04-17 03:53:33,552 - SplitNNClient - INFO - 10312 - phase=train acc=0.63125 loss=52.89658522605896 epoch=12 and step=50
2026-04-17 03:53:33,593 - SplitNNClient - INFO - 12532 - phase=train acc=0.60609375 loss=59.84697949886322 epoch=12 and step=50
2026-04-17 03:53:33,673 - SplitNNClient - INFO - 20996 - phase=train acc=0.58796875 loss=56.5243878364563 epoch=12 and step=50
2026-04-17 03:53:33,718 - SplitNNClient - INFO - 21140 - phase=train acc=0.53046875 loss=60.845563769340515 epoch=12 and step=50
2026-04-17 03:53:33,764 - SplitNNClient - INFO - 8580 - phase=train acc=0.59171875 loss=58.20739787817001 epoch=12 and step=50
2026-04-17 03:53:36,351 - SplitNNClient - INFO - 10312 - phase=train acc=0.6259114583333333 loss=63.85498493909836 epoch=12 and step=60
2026-04-17 03:53:36,400 - SplitNNClient - INFO - 12532 - phase=train acc=0.6084635416666667 loss=71.2094167470932 epoch=12 and step=60
2026-04-17 03:53:36,475 - SplitNNClient - INFO - 20996 - phase=train acc=0.5872395833333334 loss=67.78427195549011 epoch=12 and step=60
2026-04-17 03:53:36,551 - SplitNNClient - INFO - 8580 - phase=train acc=0.59375 loss=69.60515826940536 epoch=12 and step=60
2026-04-17 03:53:38,851 - SplitNNClient - INFO - 10312 - phase=train acc=0.6271205357142857 loss=73.860242664814 epoch=12 and step=70
2026-04-17 03:53:38,891 - SplitNNClient - INFO - 12532 - phase=train acc=0.6094866071428572 loss=82.83067536354065 epoch=12 and step=70
2026-04-17 03:53:40,597 - SplitNNClient - INFO - 10312 - phase=train acc=0.62841796875 loss=83.84519577026367 epoch=12 and step=80
2026-04-17 03:53:42,177 - SplitNNClient - INFO - 10312 - phase=train acc=0.6299479166666667 loss=93.95211708545685 epoch=12 and step=90
2026-04-17 03:53:43,757 - SplitNNClient - INFO - 10312 - phase=train acc=0.6296875 loss=104.22982609272003 epoch=12 and step=100
2026-04-17 03:53:45,340 - SplitNNClient - INFO - 10312 - phase=train acc=0.6316761363636364 loss=114.42756098508835 epoch=12 and step=110
2026-04-17 03:53:46,921 - SplitNNClient - INFO - 10312 - phase=train acc=0.631640625 loss=124.50827044248581 epoch=12 and step=120
2026-04-17 03:53:47,286 - FedServerManager - INFO - 9648 - get all model params ---- from rank fed_server
2026-04-17 03:53:59,373 - SplitNNClient - INFO - 8580 - phase=validation acc=0.5374 loss=98.70362156629562 epoch=12 and step=79
2026-04-17 03:53:59,470 - SplitNNClient - INFO - 21140 - phase=validation acc=0.5374 loss=98.70362156629562 epoch=12 and step=79
2026-04-17 03:53:59,481 - SplitNNClient - INFO - 10312 - phase=validation acc=0.5374 loss=98.70362156629562 epoch=12 and step=79
2026-04-17 03:53:59,693 - SplitNNClient - INFO - 20996 - phase=validation acc=0.5374 loss=98.70362156629562 epoch=12 and step=79
2026-04-17 03:53:59,726 - SplitNNClient - INFO - 12532 - phase=validation acc=0.5374 loss=98.70362156629562 epoch=12 and step=79
2026-04-17 03:54:02,782 - SplitNNClient - INFO - 10312 - phase=train acc=0.6328125 loss=10.877747476100922 epoch=13 and step=10
2026-04-17 03:54:02,829 - SplitNNClient - INFO - 21140 - phase=train acc=0.49453125 loss=13.61081337928772 epoch=13 and step=10
2026-04-17 03:54:02,910 - SplitNNClient - INFO - 8580 - phase=train acc=0.58359375 loss=12.232388496398926 epoch=13 and step=10
2026-04-17 03:54:02,962 - SplitNNClient - INFO - 12532 - phase=train acc=0.5890625 loss=12.356644749641418 epoch=13 and step=10
2026-04-17 03:54:03,005 - SplitNNClient - INFO - 20996 - phase=train acc=0.565625 loss=12.007236957550049 epoch=13 and step=10
2026-04-17 03:54:05,900 - SplitNNClient - INFO - 10312 - phase=train acc=0.63203125 loss=21.412884771823883 epoch=13 and step=20
2026-04-17 03:54:05,979 - SplitNNClient - INFO - 21140 - phase=train acc=0.5203125 loss=25.404147028923035 epoch=13 and step=20
2026-04-17 03:54:06,048 - SplitNNClient - INFO - 8580 - phase=train acc=0.594921875 loss=23.415626525878906 epoch=13 and step=20
2026-04-17 03:54:06,099 - SplitNNClient - INFO - 12532 - phase=train acc=0.596484375 loss=24.056763172149658 epoch=13 and step=20
2026-04-17 03:54:06,172 - SplitNNClient - INFO - 20996 - phase=train acc=0.589453125 loss=22.44377738237381 epoch=13 and step=20
2026-04-17 03:54:09,036 - SplitNNClient - INFO - 10312 - phase=train acc=0.63125 loss=31.74929177761078 epoch=13 and step=30
2026-04-17 03:54:09,120 - SplitNNClient - INFO - 21140 - phase=train acc=0.53046875 loss=37.089194655418396 epoch=13 and step=30
2026-04-17 03:54:09,285 - SplitNNClient - INFO - 8580 - phase=train acc=0.5973958333333333 loss=34.75486922264099 epoch=13 and step=30
2026-04-17 03:54:09,326 - SplitNNClient - INFO - 12532 - phase=train acc=0.6041666666666666 loss=35.66046106815338 epoch=13 and step=30
2026-04-17 03:54:09,451 - SplitNNClient - INFO - 20996 - phase=train acc=0.59765625 loss=33.06246066093445 epoch=13 and step=30
2026-04-17 03:54:12,247 - SplitNNClient - INFO - 10312 - phase=train acc=0.6388671875 loss=41.49834364652634 epoch=13 and step=40
2026-04-17 03:54:12,371 - SplitNNClient - INFO - 21140 - phase=train acc=0.5353515625 loss=48.70683014392853 epoch=13 and step=40
2026-04-17 03:54:12,444 - SplitNNClient - INFO - 8580 - phase=train acc=0.59609375 loss=45.995686054229736 epoch=13 and step=40
2026-04-17 03:54:12,498 - SplitNNClient - INFO - 12532 - phase=train acc=0.5982421875 loss=47.7448810338974 epoch=13 and step=40
2026-04-17 03:54:12,621 - SplitNNClient - INFO - 20996 - phase=train acc=0.611328125 loss=42.72888684272766 epoch=13 and step=40
2026-04-17 03:54:15,413 - SplitNNClient - INFO - 10312 - phase=train acc=0.6434375 loss=51.20945131778717 epoch=13 and step=50
2026-04-17 03:54:15,535 - SplitNNClient - INFO - 21140 - phase=train acc=0.53984375 loss=59.80310571193695 epoch=13 and step=50
2026-04-17 03:54:15,584 - SplitNNClient - INFO - 8580 - phase=train acc=0.5984375 loss=57.440908432006836 epoch=13 and step=50
2026-04-17 03:54:15,658 - SplitNNClient - INFO - 12532 - phase=train acc=0.60765625 loss=58.756090104579926 epoch=13 and step=50
2026-04-17 03:54:15,789 - SplitNNClient - INFO - 20996 - phase=train acc=0.60765625 loss=53.590945184230804 epoch=13 and step=50
2026-04-17 03:54:18,258 - SplitNNClient - INFO - 10312 - phase=train acc=0.6434895833333333 loss=61.75583338737488 epoch=13 and step=60
2026-04-17 03:54:18,411 - SplitNNClient - INFO - 8580 - phase=train acc=0.5967447916666667 loss=68.79643881320953 epoch=13 and step=60
2026-04-17 03:54:18,483 - SplitNNClient - INFO - 12532 - phase=train acc=0.6118489583333333 loss=70.19729977846146 epoch=13 and step=60
2026-04-17 03:54:18,581 - SplitNNClient - INFO - 20996 - phase=train acc=0.6098958333333333 loss=63.8969247341156 epoch=13 and step=60
2026-04-17 03:54:20,822 - SplitNNClient - INFO - 10312 - phase=train acc=0.6436383928571429 loss=71.92639118432999 epoch=13 and step=70
2026-04-17 03:54:20,955 - SplitNNClient - INFO - 12532 - phase=train acc=0.6146205357142858 loss=81.4570260643959 epoch=13 and step=70
2026-04-17 03:54:22,728 - SplitNNClient - INFO - 10312 - phase=train acc=0.64541015625 loss=81.22841280698776 epoch=13 and step=80
2026-04-17 03:54:24,351 - SplitNNClient - INFO - 10312 - phase=train acc=0.6484375 loss=90.78859633207321 epoch=13 and step=90
2026-04-17 03:54:25,981 - SplitNNClient - INFO - 10312 - phase=train acc=0.647265625 loss=100.9241350889206 epoch=13 and step=100
2026-04-17 03:54:27,583 - SplitNNClient - INFO - 10312 - phase=train acc=0.6451704545454545 loss=110.99782127141953 epoch=13 and step=110
2026-04-17 03:54:29,209 - SplitNNClient - INFO - 10312 - phase=train acc=0.6456380208333333 loss=120.85822474956512 epoch=13 and step=120
2026-04-17 03:54:29,570 - FedServerManager - INFO - 9648 - get all model params ---- from rank fed_server
2026-04-17 03:54:41,567 - SplitNNClient - INFO - 12532 - phase=validation acc=0.5418 loss=96.10960173606873 epoch=13 and step=79
2026-04-17 03:54:41,663 - SplitNNClient - INFO - 10312 - phase=validation acc=0.5418 loss=96.10960173606873 epoch=13 and step=79
2026-04-17 03:54:41,779 - SplitNNClient - INFO - 20996 - phase=validation acc=0.5418 loss=96.10960173606873 epoch=13 and step=79
2026-04-17 03:54:41,960 - SplitNNClient - INFO - 8580 - phase=validation acc=0.5418 loss=96.10960173606873 epoch=13 and step=79
2026-04-17 03:54:42,015 - SplitNNClient - INFO - 21140 - phase=validation acc=0.5418 loss=96.10960173606873 epoch=13 and step=79
2026-04-17 03:54:44,997 - SplitNNClient - INFO - 12532 - phase=train acc=0.59375 loss=12.610447764396667 epoch=14 and step=10
2026-04-17 03:54:45,079 - SplitNNClient - INFO - 21140 - phase=train acc=0.50546875 loss=13.348682284355164 epoch=14 and step=10
2026-04-17 03:54:45,128 - SplitNNClient - INFO - 8580 - phase=train acc=0.5890625 loss=11.61672854423523 epoch=14 and step=10
2026-04-17 03:54:45,170 - SplitNNClient - INFO - 10312 - phase=train acc=0.5921875 loss=11.278779149055481 epoch=14 and step=10
2026-04-17 03:54:45,367 - SplitNNClient - INFO - 20996 - phase=train acc=0.5703125 loss=12.112419545650482 epoch=14 and step=10
2026-04-17 03:54:48,238 - SplitNNClient - INFO - 12532 - phase=train acc=0.601171875 loss=24.20897728204727 epoch=14 and step=20
2026-04-17 03:54:48,314 - SplitNNClient - INFO - 10312 - phase=train acc=0.610546875 loss=21.51250785589218 epoch=14 and step=20
2026-04-17 03:54:48,368 - SplitNNClient - INFO - 21140 - phase=train acc=0.525390625 loss=25.036309957504272 epoch=14 and step=20
2026-04-17 03:54:48,418 - SplitNNClient - INFO - 8580 - phase=train acc=0.601953125 loss=22.530887722969055 epoch=14 and step=20
2026-04-17 03:54:48,489 - SplitNNClient - INFO - 20996 - phase=train acc=0.6 loss=22.131323397159576 epoch=14 and step=20
2026-04-17 03:54:51,407 - SplitNNClient - INFO - 12532 - phase=train acc=0.61171875 loss=35.3689523935318 epoch=14 and step=30
2026-04-17 03:54:51,482 - SplitNNClient - INFO - 10312 - phase=train acc=0.6213541666666667 loss=31.466448724269867 epoch=14 and step=30
2026-04-17 03:54:51,556 - SplitNNClient - INFO - 21140 - phase=train acc=0.5390625 loss=36.11522579193115 epoch=14 and step=30
2026-04-17 03:54:51,612 - SplitNNClient - INFO - 8580 - phase=train acc=0.5966145833333333 loss=33.94013738632202 epoch=14 and step=30
2026-04-17 03:54:51,657 - SplitNNClient - INFO - 20996 - phase=train acc=0.6138020833333333 loss=32.38315063714981 epoch=14 and step=30
2026-04-17 03:54:54,574 - SplitNNClient - INFO - 12532 - phase=train acc=0.6185546875 loss=46.24258744716644 epoch=14 and step=40
2026-04-17 03:54:54,625 - SplitNNClient - INFO - 10312 - phase=train acc=0.62890625 loss=41.36548554897308 epoch=14 and step=40
2026-04-17 03:54:54,701 - SplitNNClient - INFO - 21140 - phase=train acc=0.548046875 loss=47.18060910701752 epoch=14 and step=40
2026-04-17 03:54:54,755 - SplitNNClient - INFO - 8580 - phase=train acc=0.6080078125 loss=44.34871971607208 epoch=14 and step=40
2026-04-17 03:54:54,835 - SplitNNClient - INFO - 20996 - phase=train acc=0.618359375 loss=42.65730208158493 epoch=14 and step=40
2026-04-17 03:54:57,738 - SplitNNClient - INFO - 12532 - phase=train acc=0.62 loss=57.38418161869049 epoch=14 and step=50
2026-04-17 03:54:57,789 - SplitNNClient - INFO - 10312 - phase=train acc=0.63859375 loss=50.43371468782425 epoch=14 and step=50
2026-04-17 03:54:57,837 - SplitNNClient - INFO - 21140 - phase=train acc=0.54640625 loss=58.89618158340454 epoch=14 and step=50
2026-04-17 03:54:57,918 - SplitNNClient - INFO - 8580 - phase=train acc=0.60796875 loss=55.08299744129181 epoch=14 and step=50
2026-04-17 03:54:57,966 - SplitNNClient - INFO - 20996 - phase=train acc=0.62859375 loss=51.99671870470047 epoch=14 and step=50
2026-04-17 03:55:00,597 - SplitNNClient - INFO - 12532 - phase=train acc=0.6190104166666667 loss=68.69142663478851 epoch=14 and step=60
2026-04-17 03:55:00,646 - SplitNNClient - INFO - 10312 - phase=train acc=0.6408854166666667 loss=59.94189006090164 epoch=14 and step=60
2026-04-17 03:55:00,722 - SplitNNClient - INFO - 8580 - phase=train acc=0.6102864583333333 loss=66.02832669019699 epoch=14 and step=60
2026-04-17 03:55:00,796 - SplitNNClient - INFO - 20996 - phase=train acc=0.6229166666666667 loss=63.009030640125275 epoch=14 and step=60
2026-04-17 03:55:03,245 - SplitNNClient - INFO - 12532 - phase=train acc=0.6185267857142858 loss=79.81697475910187 epoch=14 and step=70
2026-04-17 03:55:03,292 - SplitNNClient - INFO - 10312 - phase=train acc=0.6440848214285714 loss=69.25458973646164 epoch=14 and step=70
2026-04-17 03:55:05,090 - SplitNNClient - INFO - 10312 - phase=train acc=0.64716796875 loss=78.55057805776596 epoch=14 and step=80
2026-04-17 03:55:06,675 - SplitNNClient - INFO - 10312 - phase=train acc=0.6466145833333333 loss=88.60308742523193 epoch=14 and step=90
2026-04-17 03:55:08,249 - SplitNNClient - INFO - 10312 - phase=train acc=0.646875 loss=98.65650773048401 epoch=14 and step=100
2026-04-17 03:55:09,800 - SplitNNClient - INFO - 10312 - phase=train acc=0.6494318181818182 loss=107.81298291683197 epoch=14 and step=110
2026-04-17 03:55:11,422 - SplitNNClient - INFO - 10312 - phase=train acc=0.650390625 loss=117.46304684877396 epoch=14 and step=120
2026-04-17 03:55:11,806 - FedServerManager - INFO - 9648 - get all model params ---- from rank fed_server
2026-04-17 03:55:23,777 - SplitNNClient - INFO - 10312 - phase=validation acc=0.5589 loss=93.711496591568 epoch=14 and step=79
2026-04-17 03:55:23,877 - SplitNNClient - INFO - 12532 - phase=validation acc=0.5589 loss=93.711496591568 epoch=14 and step=79
2026-04-17 03:55:24,009 - SplitNNClient - INFO - 8580 - phase=validation acc=0.5589 loss=93.711496591568 epoch=14 and step=79
2026-04-17 03:55:24,048 - SplitNNClient - INFO - 21140 - phase=validation acc=0.5589 loss=93.711496591568 epoch=14 and step=79
2026-04-17 03:55:24,646 - SplitNNClient - INFO - 20996 - phase=validation acc=0.5589 loss=93.711496591568 epoch=14 and step=79
2026-04-17 03:55:27,690 - SplitNNClient - INFO - 8580 - phase=train acc=0.61953125 loss=11.008112907409668 epoch=15 and step=10
2026-04-17 03:55:27,735 - SplitNNClient - INFO - 10312 - phase=train acc=0.6046875 loss=10.479482233524323 epoch=15 and step=10
2026-04-17 03:55:27,815 - SplitNNClient - INFO - 12532 - phase=train acc=0.60546875 loss=11.907136261463165 epoch=15 and step=10
2026-04-17 03:55:27,863 - SplitNNClient - INFO - 20996 - phase=train acc=0.6203125 loss=10.63675856590271 epoch=15 and step=10
2026-04-17 03:55:27,939 - SplitNNClient - INFO - 21140 - phase=train acc=0.49609375 loss=13.475380539894104 epoch=15 and step=10
2026-04-17 03:55:30,836 - SplitNNClient - INFO - 8580 - phase=train acc=0.613671875 loss=21.94919604063034 epoch=15 and step=20
2026-04-17 03:55:30,889 - SplitNNClient - INFO - 10312 - phase=train acc=0.63515625 loss=20.233567535877228 epoch=15 and step=20
2026-04-17 03:55:30,935 - SplitNNClient - INFO - 12532 - phase=train acc=0.617578125 loss=23.14343899488449 epoch=15 and step=20
2026-04-17 03:55:31,014 - SplitNNClient - INFO - 20996 - phase=train acc=0.625 loss=21.171414136886597 epoch=15 and step=20
2026-04-17 03:55:31,097 - SplitNNClient - INFO - 21140 - phase=train acc=0.5234375 loss=25.0591299533844 epoch=15 and step=20
2026-04-17 03:55:33,957 - SplitNNClient - INFO - 8580 - phase=train acc=0.6231770833333333 loss=32.22575533390045 epoch=15 and step=30
2026-04-17 03:55:34,005 - SplitNNClient - INFO - 10312 - phase=train acc=0.6479166666666667 loss=29.521756052970886 epoch=15 and step=30
2026-04-17 03:55:34,077 - SplitNNClient - INFO - 12532 - phase=train acc=0.6205729166666667 loss=34.43975239992142 epoch=15 and step=30
2026-04-17 03:55:34,155 - SplitNNClient - INFO - 20996 - phase=train acc=0.6341145833333334 loss=31.14472782611847 epoch=15 and step=30
2026-04-17 03:55:34,208 - SplitNNClient - INFO - 21140 - phase=train acc=0.5200520833333333 loss=37.18893611431122 epoch=15 and step=30
2026-04-17 03:55:37,090 - SplitNNClient - INFO - 8580 - phase=train acc=0.625 loss=42.73051577806473 epoch=15 and step=40
2026-04-17 03:55:37,136 - SplitNNClient - INFO - 10312 - phase=train acc=0.659765625 loss=38.322228729724884 epoch=15 and step=40
2026-04-17 03:55:37,210 - SplitNNClient - INFO - 12532 - phase=train acc=0.623828125 loss=45.58717197179794 epoch=15 and step=40
2026-04-17 03:55:37,261 - SplitNNClient - INFO - 20996 - phase=train acc=0.6345703125 loss=41.4072390794754 epoch=15 and step=40
2026-04-17 03:55:37,332 - SplitNNClient - INFO - 21140 - phase=train acc=0.5318359375 loss=48.59682548046112 epoch=15 and step=40
2026-04-17 03:55:40,295 - SplitNNClient - INFO - 8580 - phase=train acc=0.6265625 loss=53.45819252729416 epoch=15 and step=50
2026-04-17 03:55:40,371 - SplitNNClient - INFO - 10312 - phase=train acc=0.6596875 loss=47.746470749378204 epoch=15 and step=50
2026-04-17 03:55:40,416 - SplitNNClient - INFO - 20996 - phase=train acc=0.63265625 loss=51.375408828258514 epoch=15 and step=50
2026-04-17 03:55:40,462 - SplitNNClient - INFO - 12532 - phase=train acc=0.62453125 loss=56.94588512182236 epoch=15 and step=50
2026-04-17 03:55:40,544 - SplitNNClient - INFO - 21140 - phase=train acc=0.5415625 loss=59.57472151517868 epoch=15 and step=50
2026-04-17 03:55:43,157 - SplitNNClient - INFO - 8580 - phase=train acc=0.62421875 loss=64.4375005364418 epoch=15 and step=60
2026-04-17 03:55:43,202 - SplitNNClient - INFO - 10312 - phase=train acc=0.6619791666666667 loss=57.02258723974228 epoch=15 and step=60
2026-04-17 03:55:43,257 - SplitNNClient - INFO - 20996 - phase=train acc=0.6333333333333333 loss=61.36990737915039 epoch=15 and step=60
2026-04-17 03:55:43,366 - SplitNNClient - INFO - 12532 - phase=train acc=0.625 loss=68.0036346912384 epoch=15 and step=60
2026-04-17 03:55:45,733 - SplitNNClient - INFO - 10312 - phase=train acc=0.6651785714285714 loss=66.08990848064423 epoch=15 and step=70
2026-04-17 03:55:45,836 - SplitNNClient - INFO - 12532 - phase=train acc=0.6265625 loss=78.97067975997925 epoch=15 and step=70
2026-04-17 03:55:47,468 - SplitNNClient - INFO - 10312 - phase=train acc=0.66630859375 loss=75.6548278927803 epoch=15 and step=80
2026-04-17 03:55:49,114 - SplitNNClient - INFO - 10312 - phase=train acc=0.6658854166666667 loss=84.97177368402481 epoch=15 and step=90
2026-04-17 03:55:50,754 - SplitNNClient - INFO - 10312 - phase=train acc=0.666796875 loss=94.35384428501129 epoch=15 and step=100
2026-04-17 03:55:52,457 - SplitNNClient - INFO - 10312 - phase=train acc=0.6646306818181819 loss=104.22838079929352 epoch=15 and step=110
2026-04-17 03:55:53,996 - SplitNNClient - INFO - 10312 - phase=train acc=0.6647786458333333 loss=113.8030337691307 epoch=15 and step=120
2026-04-17 03:55:54,400 - FedServerManager - INFO - 9648 - get all model params ---- from rank fed_server
2026-04-17 03:56:06,487 - SplitNNClient - INFO - 21140 - phase=validation acc=0.5675 loss=92.40418303012848 epoch=15 and step=79
2026-04-17 03:56:06,622 - SplitNNClient - INFO - 10312 - phase=validation acc=0.5675 loss=92.40418303012848 epoch=15 and step=79
2026-04-17 03:56:06,677 - SplitNNClient - INFO - 12532 - phase=validation acc=0.5675 loss=92.40418303012848 epoch=15 and step=79
2026-04-17 03:56:06,723 - SplitNNClient - INFO - 20996 - phase=validation acc=0.5675 loss=92.40418303012848 epoch=15 and step=79
2026-04-17 03:56:06,944 - SplitNNClient - INFO - 8580 - phase=validation acc=0.5675 loss=92.40418303012848 epoch=15 and step=79
2026-04-17 03:56:09,981 - SplitNNClient - INFO - 20996 - phase=train acc=0.6 loss=11.130402565002441 epoch=16 and step=10
2026-04-17 03:56:10,058 - SplitNNClient - INFO - 8580 - phase=train acc=0.63125 loss=10.450143873691559 epoch=16 and step=10
2026-04-17 03:56:10,133 - SplitNNClient - INFO - 10312 - phase=train acc=0.6296875 loss=10.447175741195679 epoch=16 and step=10
2026-04-17 03:56:10,189 - SplitNNClient - INFO - 21140 - phase=train acc=0.52734375 loss=12.93389105796814 epoch=16 and step=10
2026-04-17 03:56:10,228 - SplitNNClient - INFO - 12532 - phase=train acc=0.6109375 loss=12.118716835975647 epoch=16 and step=10
2026-04-17 03:56:13,157 - SplitNNClient - INFO - 20996 - phase=train acc=0.6328125 loss=20.207022428512573 epoch=16 and step=20
2026-04-17 03:56:13,210 - SplitNNClient - INFO - 8580 - phase=train acc=0.627734375 loss=20.70506316423416 epoch=16 and step=20
2026-04-17 03:56:13,258 - SplitNNClient - INFO - 21140 - phase=train acc=0.543359375 loss=24.78049325942993 epoch=16 and step=20
2026-04-17 03:56:13,333 - SplitNNClient - INFO - 10312 - phase=train acc=0.656640625 loss=19.5575168132782 epoch=16 and step=20
2026-04-17 03:56:13,381 - SplitNNClient - INFO - 12532 - phase=train acc=0.62578125 loss=23.322755336761475 epoch=16 and step=20
2026-04-17 03:56:16,338 - SplitNNClient - INFO - 20996 - phase=train acc=0.6361979166666667 loss=29.933229625225067 epoch=16 and step=30
2026-04-17 03:56:16,415 - SplitNNClient - INFO - 21140 - phase=train acc=0.54296875 loss=36.39705729484558 epoch=16 and step=30
2026-04-17 03:56:16,492 - SplitNNClient - INFO - 8580 - phase=train acc=0.6263020833333334 loss=31.429082214832306 epoch=16 and step=30
2026-04-17 03:56:16,546 - SplitNNClient - INFO - 10312 - phase=train acc=0.6625 loss=28.879890501499176 epoch=16 and step=30
2026-04-17 03:56:16,589 - SplitNNClient - INFO - 12532 - phase=train acc=0.6325520833333333 loss=33.94548499584198 epoch=16 and step=30
2026-04-17 03:56:19,476 - SplitNNClient - INFO - 20996 - phase=train acc=0.639453125 loss=39.57467991113663 epoch=16 and step=40
2026-04-17 03:56:19,556 - SplitNNClient - INFO - 21140 - phase=train acc=0.5591796875 loss=46.55074995756149 epoch=16 and step=40
2026-04-17 03:56:19,608 - SplitNNClient - INFO - 10312 - phase=train acc=0.6646484375 loss=37.980765759944916 epoch=16 and step=40
2026-04-17 03:56:19,652 - SplitNNClient - INFO - 8580 - phase=train acc=0.6298828125 loss=41.545285403728485 epoch=16 and step=40
2026-04-17 03:56:19,734 - SplitNNClient - INFO - 12532 - phase=train acc=0.637109375 loss=44.381416499614716 epoch=16 and step=40
2026-04-17 03:56:22,650 - SplitNNClient - INFO - 20996 - phase=train acc=0.64078125 loss=49.299938917160034 epoch=16 and step=50
2026-04-17 03:56:22,699 - SplitNNClient - INFO - 10312 - phase=train acc=0.666875 loss=47.42692828178406 epoch=16 and step=50
2026-04-17 03:56:22,771 - SplitNNClient - INFO - 21140 - phase=train acc=0.5646875 loss=57.02946066856384 epoch=16 and step=50
2026-04-17 03:56:22,824 - SplitNNClient - INFO - 8580 - phase=train acc=0.63546875 loss=51.719515681266785 epoch=16 and step=50
2026-04-17 03:56:22,899 - SplitNNClient - INFO - 12532 - phase=train acc=0.6421875 loss=54.65053027868271 epoch=16 and step=50
2026-04-17 03:56:25,488 - SplitNNClient - INFO - 20996 - phase=train acc=0.640625 loss=59.13705372810364 epoch=16 and step=60
2026-04-17 03:56:25,535 - SplitNNClient - INFO - 10312 - phase=train acc=0.6673177083333334 loss=56.55129110813141 epoch=16 and step=60
2026-04-17 03:56:25,580 - SplitNNClient - INFO - 8580 - phase=train acc=0.6345052083333333 loss=62.232441663742065 epoch=16 and step=60
2026-04-17 03:56:25,682 - SplitNNClient - INFO - 12532 - phase=train acc=0.6407552083333333 loss=65.4583495259285 epoch=16 and step=60
2026-04-17 03:56:28,014 - SplitNNClient - INFO - 10312 - phase=train acc=0.6706473214285714 loss=65.11504459381104 epoch=16 and step=70
2026-04-17 03:56:28,170 - SplitNNClient - INFO - 12532 - phase=train acc=0.6427455357142857 loss=75.83301812410355 epoch=16 and step=70
2026-04-17 03:56:29,839 - SplitNNClient - INFO - 10312 - phase=train acc=0.6720703125 loss=74.30241197347641 epoch=16 and step=80
2026-04-17 03:56:31,406 - SplitNNClient - INFO - 10312 - phase=train acc=0.6712673611111111 loss=83.89031058549881 epoch=16 and step=90
2026-04-17 03:56:32,959 - SplitNNClient - INFO - 10312 - phase=train acc=0.674375 loss=92.37303364276886 epoch=16 and step=100
2026-04-17 03:56:34,497 - SplitNNClient - INFO - 10312 - phase=train acc=0.6766335227272727 loss=101.37633037567139 epoch=16 and step=110
2026-04-17 03:56:36,050 - SplitNNClient - INFO - 10312 - phase=train acc=0.67734375 loss=110.05614912509918 epoch=16 and step=120
2026-04-17 03:56:36,414 - FedServerManager - INFO - 9648 - get all model params ---- from rank fed_server
2026-04-17 03:56:48,400 - SplitNNClient - INFO - 20996 - phase=validation acc=0.5862 loss=88.44814193248749 epoch=16 and step=79
2026-04-17 03:56:48,591 - SplitNNClient - INFO - 12532 - phase=validation acc=0.5862 loss=88.44814193248749 epoch=16 and step=79
2026-04-17 03:56:48,624 - SplitNNClient - INFO - 21140 - phase=validation acc=0.5862 loss=88.44814193248749 epoch=16 and step=79
2026-04-17 03:56:48,793 - SplitNNClient - INFO - 10312 - phase=validation acc=0.5862 loss=88.44814193248749 epoch=16 and step=79
2026-04-17 03:56:49,513 - SplitNNClient - INFO - 8580 - phase=validation acc=0.5862 loss=88.44814193248749 epoch=16 and step=79
2026-04-17 03:56:52,609 - SplitNNClient - INFO - 8580 - phase=train acc=0.65703125 loss=10.505526721477509 epoch=17 and step=10
2026-04-17 03:56:52,680 - SplitNNClient - INFO - 20996 - phase=train acc=0.63359375 loss=10.416112899780273 epoch=17 and step=10
2026-04-17 03:56:52,733 - SplitNNClient - INFO - 10312 - phase=train acc=0.63671875 loss=10.202055513858795 epoch=17 and step=10
2026-04-17 03:56:52,811 - SplitNNClient - INFO - 12532 - phase=train acc=0.60859375 loss=11.864007949829102 epoch=17 and step=10
2026-04-17 03:56:52,857 - SplitNNClient - INFO - 21140 - phase=train acc=0.540625 loss=13.173739314079285 epoch=17 and step=10
2026-04-17 03:56:55,729 - SplitNNClient - INFO - 8580 - phase=train acc=0.652734375 loss=20.67710691690445 epoch=17 and step=20
2026-04-17 03:56:55,807 - SplitNNClient - INFO - 20996 - phase=train acc=0.653515625 loss=19.528486371040344 epoch=17 and step=20
2026-04-17 03:56:55,858 - SplitNNClient - INFO - 10312 - phase=train acc=0.66796875 loss=19.05636692047119 epoch=17 and step=20
2026-04-17 03:56:55,932 - SplitNNClient - INFO - 12532 - phase=train acc=0.626953125 loss=22.140724003314972 epoch=17 and step=20
2026-04-17 03:56:55,984 - SplitNNClient - INFO - 21140 - phase=train acc=0.53203125 loss=25.178390383720398 epoch=17 and step=20
2026-04-17 03:56:58,858 - SplitNNClient - INFO - 8580 - phase=train acc=0.6505208333333333 loss=30.606982946395874 epoch=17 and step=30
2026-04-17 03:56:58,926 - SplitNNClient - INFO - 20996 - phase=train acc=0.6544270833333333 loss=29.110321640968323 epoch=17 and step=30
2026-04-17 03:56:59,008 - SplitNNClient - INFO - 10312 - phase=train acc=0.6684895833333333 loss=28.211827218532562 epoch=17 and step=30
2026-04-17 03:56:59,060 - SplitNNClient - INFO - 12532 - phase=train acc=0.63984375 loss=32.305225253105164 epoch=17 and step=30
2026-04-17 03:56:59,135 - SplitNNClient - INFO - 21140 - phase=train acc=0.53828125 loss=36.80305051803589 epoch=17 and step=30
2026-04-17 03:57:02,074 - SplitNNClient - INFO - 8580 - phase=train acc=0.64609375 loss=41.10509979724884 epoch=17 and step=40
2026-04-17 03:57:02,141 - SplitNNClient - INFO - 20996 - phase=train acc=0.6529296875 loss=38.975855588912964 epoch=17 and step=40
2026-04-17 03:57:02,189 - SplitNNClient - INFO - 10312 - phase=train acc=0.6701171875 loss=37.49247819185257 epoch=17 and step=40
2026-04-17 03:57:02,267 - SplitNNClient - INFO - 12532 - phase=train acc=0.64140625 loss=42.922114849090576 epoch=17 and step=40
2026-04-17 03:57:02,315 - SplitNNClient - INFO - 21140 - phase=train acc=0.5501953125 loss=47.45746731758118 epoch=17 and step=40
2026-04-17 03:57:05,232 - SplitNNClient - INFO - 8580 - phase=train acc=0.64796875 loss=51.08821988105774 epoch=17 and step=50
2026-04-17 03:57:05,280 - SplitNNClient - INFO - 20996 - phase=train acc=0.65234375 loss=48.4413024187088 epoch=17 and step=50
2026-04-17 03:57:05,353 - SplitNNClient - INFO - 10312 - phase=train acc=0.67125 loss=46.349906504154205 epoch=17 and step=50
2026-04-17 03:57:05,399 - SplitNNClient - INFO - 12532 - phase=train acc=0.64078125 loss=53.72334939241409 epoch=17 and step=50
2026-04-17 03:57:05,480 - SplitNNClient - INFO - 21140 - phase=train acc=0.561875 loss=57.740590035915375 epoch=17 and step=50
2026-04-17 03:57:08,190 - SplitNNClient - INFO - 8580 - phase=train acc=0.6462239583333333 loss=61.31906259059906 epoch=17 and step=60
2026-04-17 03:57:08,258 - SplitNNClient - INFO - 10312 - phase=train acc=0.673046875 loss=55.65703648328781 epoch=17 and step=60
2026-04-17 03:57:08,330 - SplitNNClient - INFO - 12532 - phase=train acc=0.6365885416666667 loss=65.0251572728157 epoch=17 and step=60
2026-04-17 03:57:08,409 - SplitNNClient - INFO - 20996 - phase=train acc=0.6533854166666667 loss=57.906862795352936 epoch=17 and step=60
2026-04-17 03:57:10,805 - SplitNNClient - INFO - 10312 - phase=train acc=0.6771205357142858 loss=64.17278772592545 epoch=17 and step=70
2026-04-17 03:57:10,882 - SplitNNClient - INFO - 12532 - phase=train acc=0.6378348214285714 loss=75.79503458738327 epoch=17 and step=70
2026-04-17 03:57:12,557 - SplitNNClient - INFO - 10312 - phase=train acc=0.67890625 loss=73.21543937921524 epoch=17 and step=80
2026-04-17 03:57:14,125 - SplitNNClient - INFO - 10312 - phase=train acc=0.6815104166666667 loss=81.98115539550781 epoch=17 and step=90
2026-04-17 03:57:15,678 - SplitNNClient - INFO - 10312 - phase=train acc=0.680859375 loss=90.99577033519745 epoch=17 and step=100
2026-04-17 03:57:17,259 - SplitNNClient - INFO - 10312 - phase=train acc=0.6800426136363636 loss=100.24727213382721 epoch=17 and step=110
2026-04-17 03:57:18,833 - SplitNNClient - INFO - 10312 - phase=train acc=0.6820963541666667 loss=108.69088453054428 epoch=17 and step=120
2026-04-17 03:57:19,197 - FedServerManager - INFO - 9648 - get all model params ---- from rank fed_server
2026-04-17 03:57:31,235 - SplitNNClient - INFO - 10312 - phase=validation acc=0.603 loss=83.92435544729233 epoch=17 and step=79
2026-04-17 03:57:31,348 - SplitNNClient - INFO - 8580 - phase=validation acc=0.603 loss=83.92435544729233 epoch=17 and step=79
2026-04-17 03:57:31,381 - SplitNNClient - INFO - 12532 - phase=validation acc=0.603 loss=83.92435544729233 epoch=17 and step=79
2026-04-17 03:57:31,731 - SplitNNClient - INFO - 21140 - phase=validation acc=0.603 loss=83.92435544729233 epoch=17 and step=79
2026-04-17 03:57:31,732 - SplitNNClient - INFO - 20996 - phase=validation acc=0.603 loss=83.92435544729233 epoch=17 and step=79
2026-04-17 03:57:34,747 - SplitNNClient - INFO - 21140 - phase=train acc=0.54453125 loss=12.358181476593018 epoch=18 and step=10
2026-04-17 03:57:34,827 - SplitNNClient - INFO - 8580 - phase=train acc=0.653125 loss=9.868211686611176 epoch=18 and step=10
2026-04-17 03:57:34,899 - SplitNNClient - INFO - 12532 - phase=train acc=0.62265625 loss=12.087662816047668 epoch=18 and step=10
2026-04-17 03:57:34,952 - SplitNNClient - INFO - 10312 - phase=train acc=0.6640625 loss=9.991832375526428 epoch=18 and step=10
2026-04-17 03:57:35,027 - SplitNNClient - INFO - 20996 - phase=train acc=0.61875 loss=10.534419178962708 epoch=18 and step=10
2026-04-17 03:57:37,899 - SplitNNClient - INFO - 21140 - phase=train acc=0.564453125 loss=23.36404812335968 epoch=18 and step=20
2026-04-17 03:57:37,954 - SplitNNClient - INFO - 8580 - phase=train acc=0.65078125 loss=20.028867721557617 epoch=18 and step=20
2026-04-17 03:57:37,997 - SplitNNClient - INFO - 12532 - phase=train acc=0.634765625 loss=22.74032837152481 epoch=18 and step=20
2026-04-17 03:57:38,078 - SplitNNClient - INFO - 10312 - phase=train acc=0.677734375 loss=18.800593435764313 epoch=18 and step=20
2026-04-17 03:57:38,152 - SplitNNClient - INFO - 20996 - phase=train acc=0.643359375 loss=20.11276799440384 epoch=18 and step=20
2026-04-17 03:57:41,042 - SplitNNClient - INFO - 21140 - phase=train acc=0.5645833333333333 loss=34.22158169746399 epoch=18 and step=30
2026-04-17 03:57:41,117 - SplitNNClient - INFO - 8580 - phase=train acc=0.65078125 loss=30.049631655216217 epoch=18 and step=30
2026-04-17 03:57:41,170 - SplitNNClient - INFO - 12532 - phase=train acc=0.63671875 loss=33.419915437698364 epoch=18 and step=30
2026-04-17 03:57:41,214 - SplitNNClient - INFO - 10312 - phase=train acc=0.6838541666666667 loss=27.401885330677032 epoch=18 and step=30
2026-04-17 03:57:41,287 - SplitNNClient - INFO - 20996 - phase=train acc=0.65234375 loss=29.265132784843445 epoch=18 and step=30
2026-04-17 03:57:44,281 - SplitNNClient - INFO - 21140 - phase=train acc=0.5728515625 loss=44.814494490623474 epoch=18 and step=40
2026-04-17 03:57:44,335 - SplitNNClient - INFO - 8580 - phase=train acc=0.6521484375 loss=39.94078928232193 epoch=18 and step=40
2026-04-17 03:57:44,386 - SplitNNClient - INFO - 10312 - phase=train acc=0.6875 loss=36.473908722400665 epoch=18 and step=40
2026-04-17 03:57:44,467 - SplitNNClient - INFO - 12532 - phase=train acc=0.641015625 loss=43.811917662620544 epoch=18 and step=40
2026-04-17 03:57:44,513 - SplitNNClient - INFO - 20996 - phase=train acc=0.6552734375 loss=38.46676445007324 epoch=18 and step=40
2026-04-17 03:57:47,424 - SplitNNClient - INFO - 21140 - phase=train acc=0.57859375 loss=55.356515884399414 epoch=18 and step=50
2026-04-17 03:57:47,481 - SplitNNClient - INFO - 8580 - phase=train acc=0.65015625 loss=49.9172779917717 epoch=18 and step=50
2026-04-17 03:57:47,522 - SplitNNClient - INFO - 10312 - phase=train acc=0.6865625 loss=45.35856968164444 epoch=18 and step=50
2026-04-17 03:57:47,597 - SplitNNClient - INFO - 12532 - phase=train acc=0.64265625 loss=53.91540253162384 epoch=18 and step=50
2026-04-17 03:57:47,678 - SplitNNClient - INFO - 20996 - phase=train acc=0.6609375 loss=47.234165132045746 epoch=18 and step=50
2026-04-17 03:57:50,317 - SplitNNClient - INFO - 8580 - phase=train acc=0.6533854166666667 loss=59.820555686950684 epoch=18 and step=60
2026-04-17 03:57:50,358 - SplitNNClient - INFO - 10312 - phase=train acc=0.6911458333333333 loss=53.74809557199478 epoch=18 and step=60
2026-04-17 03:57:50,412 - SplitNNClient - INFO - 12532 - phase=train acc=0.6467447916666667 loss=63.80175846815109 epoch=18 and step=60
2026-04-17 03:57:50,457 - SplitNNClient - INFO - 20996 - phase=train acc=0.66015625 loss=56.89056169986725 epoch=18 and step=60
2026-04-17 03:57:52,903 - SplitNNClient - INFO - 10312 - phase=train acc=0.69296875 loss=61.951996088027954 epoch=18 and step=70
2026-04-17 03:57:52,917 - SplitNNClient - INFO - 12532 - phase=train acc=0.6521205357142857 loss=73.40902405977249 epoch=18 and step=70
2026-04-17 03:57:54,678 - SplitNNClient - INFO - 10312 - phase=train acc=0.6958984375 loss=70.01751339435577 epoch=18 and step=80
2026-04-17 03:57:56,324 - SplitNNClient - INFO - 10312 - phase=train acc=0.6949652777777777 loss=78.7875040769577 epoch=18 and step=90
2026-04-17 03:57:57,929 - SplitNNClient - INFO - 10312 - phase=train acc=0.69453125 loss=87.74028193950653 epoch=18 and step=100
2026-04-17 03:57:59,538 - SplitNNClient - INFO - 10312 - phase=train acc=0.6935369318181818 loss=96.7545565366745 epoch=18 and step=110
2026-04-17 03:58:01,158 - SplitNNClient - INFO - 10312 - phase=train acc=0.6946614583333334 loss=105.11723119020462 epoch=18 and step=120
2026-04-17 03:58:01,535 - FedServerManager - INFO - 9648 - get all model params ---- from rank fed_server
2026-04-17 03:58:13,775 - SplitNNClient - INFO - 8580 - phase=validation acc=0.6126 loss=82.82586920261383 epoch=18 and step=79
2026-04-17 03:58:13,847 - SplitNNClient - INFO - 10312 - phase=validation acc=0.6126 loss=82.82586920261383 epoch=18 and step=79
2026-04-17 03:58:13,897 - SplitNNClient - INFO - 12532 - phase=validation acc=0.6126 loss=82.82586920261383 epoch=18 and step=79
2026-04-17 03:58:13,900 - SplitNNClient - INFO - 20996 - phase=validation acc=0.6126 loss=82.82586920261383 epoch=18 and step=79
2026-04-17 03:58:13,950 - SplitNNClient - INFO - 21140 - phase=validation acc=0.6126 loss=82.82586920261383 epoch=18 and step=79
2026-04-17 03:58:17,031 - SplitNNClient - INFO - 21140 - phase=train acc=0.56875 loss=11.838458180427551 epoch=19 and step=10
2026-04-17 03:58:17,107 - SplitNNClient - INFO - 8580 - phase=train acc=0.65546875 loss=10.178640365600586 epoch=19 and step=10
2026-04-17 03:58:17,156 - SplitNNClient - INFO - 10312 - phase=train acc=0.67578125 loss=9.474494278430939 epoch=19 and step=10
2026-04-17 03:58:17,231 - SplitNNClient - INFO - 12532 - phase=train acc=0.61328125 loss=12.002501487731934 epoch=19 and step=10
2026-04-17 03:58:17,288 - SplitNNClient - INFO - 20996 - phase=train acc=0.6234375 loss=10.292087435722351 epoch=19 and step=10
2026-04-17 03:58:20,277 - SplitNNClient - INFO - 21140 - phase=train acc=0.573828125 loss=22.625638365745544 epoch=19 and step=20
2026-04-17 03:58:20,325 - SplitNNClient - INFO - 8580 - phase=train acc=0.663671875 loss=19.53904563188553 epoch=19 and step=20
2026-04-17 03:58:20,401 - SplitNNClient - INFO - 10312 - phase=train acc=0.678515625 loss=18.21423465013504 epoch=19 and step=20
2026-04-17 03:58:20,454 - SplitNNClient - INFO - 12532 - phase=train acc=0.63359375 loss=22.496441423892975 epoch=19 and step=20
2026-04-17 03:58:20,528 - SplitNNClient - INFO - 20996 - phase=train acc=0.6484375 loss=19.72065979242325 epoch=19 and step=20
2026-04-17 03:58:23,446 - SplitNNClient - INFO - 21140 - phase=train acc=0.5799479166666667 loss=33.16336017847061 epoch=19 and step=30
2026-04-17 03:58:23,495 - SplitNNClient - INFO - 8580 - phase=train acc=0.6611979166666667 loss=29.002489805221558 epoch=19 and step=30
2026-04-17 03:58:23,568 - SplitNNClient - INFO - 10312 - phase=train acc=0.6770833333333334 loss=27.45532864332199 epoch=19 and step=30
2026-04-17 03:58:23,647 - SplitNNClient - INFO - 12532 - phase=train acc=0.6390625 loss=33.12092971801758 epoch=19 and step=30
2026-04-17 03:58:23,696 - SplitNNClient - INFO - 20996 - phase=train acc=0.6533854166666667 loss=29.146389842033386 epoch=19 and step=30
2026-04-17 03:58:26,605 - SplitNNClient - INFO - 21140 - phase=train acc=0.5828125 loss=43.80237662792206 epoch=19 and step=40
2026-04-17 03:58:26,659 - SplitNNClient - INFO - 8580 - phase=train acc=0.6544921875 loss=39.415144085884094 epoch=19 and step=40
2026-04-17 03:58:26,698 - SplitNNClient - INFO - 10312 - phase=train acc=0.6814453125 loss=35.80794161558151 epoch=19 and step=40
2026-04-17 03:58:26,776 - SplitNNClient - INFO - 12532 - phase=train acc=0.648046875 loss=42.92382055521011 epoch=19 and step=40
2026-04-17 03:58:26,816 - SplitNNClient - INFO - 20996 - phase=train acc=0.6607421875 loss=38.250717878341675 epoch=19 and step=40
2026-04-17 03:58:29,766 - SplitNNClient - INFO - 21140 - phase=train acc=0.58546875 loss=54.491061091423035 epoch=19 and step=50
2026-04-17 03:58:29,817 - SplitNNClient - INFO - 8580 - phase=train acc=0.65953125 loss=48.9448584318161 epoch=19 and step=50
2026-04-17 03:58:29,892 - SplitNNClient - INFO - 10312 - phase=train acc=0.6840625 loss=44.64944440126419 epoch=19 and step=50
2026-04-17 03:58:29,941 - SplitNNClient - INFO - 12532 - phase=train acc=0.65375 loss=52.678911209106445 epoch=19 and step=50
2026-04-17 03:58:30,015 - SplitNNClient - INFO - 20996 - phase=train acc=0.6625 loss=47.20718163251877 epoch=19 and step=50
2026-04-17 03:58:32,633 - SplitNNClient - INFO - 8580 - phase=train acc=0.661328125 loss=58.36439895629883 epoch=19 and step=60
2026-04-17 03:58:32,679 - SplitNNClient - INFO - 10312 - phase=train acc=0.6872395833333333 loss=53.23322510719299 epoch=19 and step=60
2026-04-17 03:58:32,753 - SplitNNClient - INFO - 12532 - phase=train acc=0.6544270833333333 loss=62.90857696533203 epoch=19 and step=60
2026-04-17 03:58:32,822 - SplitNNClient - INFO - 20996 - phase=train acc=0.6626302083333333 loss=56.39003258943558 epoch=19 and step=60
2026-04-17 03:58:35,189 - SplitNNClient - INFO - 10312 - phase=train acc=0.6928571428571428 loss=61.25614196062088 epoch=19 and step=70
2026-04-17 03:58:35,262 - SplitNNClient - INFO - 12532 - phase=train acc=0.6597098214285714 loss=72.39046037197113 epoch=19 and step=70
2026-04-17 03:58:36,979 - SplitNNClient - INFO - 10312 - phase=train acc=0.69306640625 loss=70.04436647891998 epoch=19 and step=80
2026-04-17 03:58:38,459 - SplitNNClient - INFO - 10312 - phase=train acc=0.6941840277777778 loss=78.7862474322319 epoch=19 and step=90
2026-04-17 03:58:40,035 - SplitNNClient - INFO - 10312 - phase=train acc=0.692265625 loss=87.93727385997772 epoch=19 and step=100
2026-04-17 03:58:41,613 - SplitNNClient - INFO - 10312 - phase=train acc=0.6955965909090909 loss=95.92129290103912 epoch=19 and step=110
2026-04-17 03:58:43,192 - SplitNNClient - INFO - 10312 - phase=train acc=0.6979166666666666 loss=103.92322999238968 epoch=19 and step=120
2026-04-17 03:58:43,553 - FedServerManager - INFO - 9648 - get all model params ---- from rank fed_server
2026-04-17 03:58:55,910 - SplitNNClient - INFO - 20996 - phase=validation acc=0.6294 loss=80.66107624769211 epoch=19 and step=79
2026-04-17 03:58:56,085 - SplitNNClient - INFO - 12532 - phase=validation acc=0.6294 loss=80.66107624769211 epoch=19 and step=79
2026-04-17 03:58:56,253 - SplitNNClient - INFO - 21140 - phase=validation acc=0.6294 loss=80.66107624769211 epoch=19 and step=79
2026-04-17 03:58:56,276 - SplitNNClient - INFO - 10312 - phase=validation acc=0.6294 loss=80.66107624769211 epoch=19 and step=79
2026-04-17 03:58:56,444 - SplitNNClient - INFO - 8580 - phase=validation acc=0.6294 loss=80.66107624769211 epoch=19 and step=79
2026-04-17 03:58:59,448 - SplitNNClient - INFO - 8580 - phase=train acc=0.66015625 loss=9.751897692680359 epoch=20 and step=10
2026-04-17 03:58:59,518 - SplitNNClient - INFO - 10312 - phase=train acc=0.67421875 loss=9.512432217597961 epoch=20 and step=10
2026-04-17 03:58:59,572 - SplitNNClient - INFO - 20996 - phase=train acc=0.6578125 loss=9.765257060527802 epoch=20 and step=10
2026-04-17 03:58:59,644 - SplitNNClient - INFO - 12532 - phase=train acc=0.6453125 loss=11.090266823768616 epoch=20 and step=10
2026-04-17 03:58:59,698 - SplitNNClient - INFO - 21140 - phase=train acc=0.54453125 loss=12.432357907295227 epoch=20 and step=10
2026-04-17 03:59:02,597 - SplitNNClient - INFO - 8580 - phase=train acc=0.65546875 loss=19.637792825698853 epoch=20 and step=20
2026-04-17 03:59:02,645 - SplitNNClient - INFO - 10312 - phase=train acc=0.691015625 loss=18.192045986652374 epoch=20 and step=20
2026-04-17 03:59:02,726 - SplitNNClient - INFO - 20996 - phase=train acc=0.672265625 loss=18.645708918571472 epoch=20 and step=20
2026-04-17 03:59:02,772 - SplitNNClient - INFO - 12532 - phase=train acc=0.64140625 loss=21.897444427013397 epoch=20 and step=20
2026-04-17 03:59:02,850 - SplitNNClient - INFO - 21140 - phase=train acc=0.5640625 loss=23.038654923439026 epoch=20 and step=20
2026-04-17 03:59:05,717 - SplitNNClient - INFO - 8580 - phase=train acc=0.6635416666666667 loss=29.072088718414307 epoch=20 and step=30
2026-04-17 03:59:05,793 - SplitNNClient - INFO - 10312 - phase=train acc=0.6916666666666667 loss=27.205122232437134 epoch=20 and step=30
2026-04-17 03:59:05,847 - SplitNNClient - INFO - 20996 - phase=train acc=0.67578125 loss=27.41149765253067 epoch=20 and step=30
2026-04-17 03:59:05,917 - SplitNNClient - INFO - 12532 - phase=train acc=0.6497395833333334 loss=31.864192605018616 epoch=20 and step=30
2026-04-17 03:59:05,969 - SplitNNClient - INFO - 21140 - phase=train acc=0.578125 loss=33.45522063970566 epoch=20 and step=30
2026-04-17 03:59:08,862 - SplitNNClient - INFO - 8580 - phase=train acc=0.6689453125 loss=38.22866868972778 epoch=20 and step=40
2026-04-17 03:59:08,938 - SplitNNClient - INFO - 10312 - phase=train acc=0.696875 loss=35.595138907432556 epoch=20 and step=40
2026-04-17 03:59:08,988 - SplitNNClient - INFO - 20996 - phase=train acc=0.6740234375 loss=36.1326978802681 epoch=20 and step=40
2026-04-17 03:59:09,059 - SplitNNClient - INFO - 12532 - phase=train acc=0.6587890625 loss=41.436783373355865 epoch=20 and step=40
2026-04-17 03:59:09,139 - SplitNNClient - INFO - 21140 - phase=train acc=0.5880859375 loss=43.63844805955887 epoch=20 and step=40
2026-04-17 03:59:11,967 - SplitNNClient - INFO - 8580 - phase=train acc=0.66875 loss=47.46938818693161 epoch=20 and step=50
2026-04-17 03:59:12,193 - SplitNNClient - INFO - 10312 - phase=train acc=0.70296875 loss=43.602548003196716 epoch=20 and step=50
2026-04-17 03:59:12,237 - SplitNNClient - INFO - 20996 - phase=train acc=0.66875 loss=45.24273955821991 epoch=20 and step=50
2026-04-17 03:59:12,284 - SplitNNClient - INFO - 12532 - phase=train acc=0.65734375 loss=51.456054985523224 epoch=20 and step=50
2026-04-17 03:59:12,363 - SplitNNClient - INFO - 21140 - phase=train acc=0.5921875 loss=53.49011009931564 epoch=20 and step=50
2026-04-17 03:59:14,922 - SplitNNClient - INFO - 8580 - phase=train acc=0.6709635416666667 loss=57.040768921375275 epoch=20 and step=60
2026-04-17 03:59:15,031 - SplitNNClient - INFO - 10312 - phase=train acc=0.7071614583333333 loss=51.67979311943054 epoch=20 and step=60
2026-04-17 03:59:15,081 - SplitNNClient - INFO - 20996 - phase=train acc=0.67109375 loss=54.23975336551666 epoch=20 and step=60
2026-04-17 03:59:15,128 - SplitNNClient - INFO - 12532 - phase=train acc=0.659765625 loss=61.35906893014908 epoch=20 and step=60
2026-04-17 03:59:17,512 - SplitNNClient - INFO - 10312 - phase=train acc=0.7099330357142857 loss=59.641223788261414 epoch=20 and step=70
2026-04-17 03:59:17,581 - SplitNNClient - INFO - 12532 - phase=train acc=0.6616071428571428 loss=70.95008879899979 epoch=20 and step=70
2026-04-17 03:59:19,307 - SplitNNClient - INFO - 10312 - phase=train acc=0.7109375 loss=67.79370701313019 epoch=20 and step=80
2026-04-17 03:59:20,881 - SplitNNClient - INFO - 10312 - phase=train acc=0.7142361111111111 loss=75.3662822842598 epoch=20 and step=90
2026-04-17 03:59:22,392 - SplitNNClient - INFO - 10312 - phase=train acc=0.71125 loss=84.36679059267044 epoch=20 and step=100
2026-04-17 03:59:23,966 - SplitNNClient - INFO - 10312 - phase=train acc=0.7107244318181818 loss=92.61345368623734 epoch=20 and step=110
2026-04-17 03:59:25,534 - SplitNNClient - INFO - 10312 - phase=train acc=0.7111328125 loss=100.92692166566849 epoch=20 and step=120
2026-04-17 03:59:25,900 - FedServerManager - INFO - 9648 - get all model params ---- from rank fed_server
2026-04-17 03:59:38,258 - SplitNNClient - INFO - 8580 - phase=validation acc=0.6309 loss=80.19751626253128 epoch=20 and step=79
2026-04-17 03:59:38,270 - SplitNNClient - INFO - 10312 - phase=validation acc=0.6309 loss=80.19751626253128 epoch=20 and step=79
2026-04-17 03:59:38,343 - SplitNNClient - INFO - 20996 - phase=validation acc=0.6309 loss=80.19751626253128 epoch=20 and step=79
2026-04-17 03:59:38,357 - SplitNNClient - INFO - 21140 - phase=validation acc=0.6309 loss=80.19751626253128 epoch=20 and step=79
2026-04-17 03:59:38,608 - SplitNNClient - INFO - 12532 - phase=validation acc=0.6309 loss=80.19751626253128 epoch=20 and step=79
2026-04-17 03:59:41,574 - SplitNNClient - INFO - 10312 - phase=train acc=0.66875 loss=9.445222914218903 epoch=21 and step=10
2026-04-17 03:59:41,643 - SplitNNClient - INFO - 12532 - phase=train acc=0.63828125 loss=11.01114672422409 epoch=21 and step=10
2026-04-17 03:59:41,692 - SplitNNClient - INFO - 21140 - phase=train acc=0.54453125 loss=11.863548517227173 epoch=21 and step=10
2026-04-17 03:59:41,762 - SplitNNClient - INFO - 8580 - phase=train acc=0.69921875 loss=9.26430058479309 epoch=21 and step=10
2026-04-17 03:59:41,809 - SplitNNClient - INFO - 20996 - phase=train acc=0.66171875 loss=9.304133296012878 epoch=21 and step=10
2026-04-17 03:59:44,715 - SplitNNClient - INFO - 10312 - phase=train acc=0.691015625 loss=17.810037910938263 epoch=21 and step=20
2026-04-17 03:59:44,793 - SplitNNClient - INFO - 12532 - phase=train acc=0.65078125 loss=21.041319668293 epoch=21 and step=20
2026-04-17 03:59:44,845 - SplitNNClient - INFO - 21140 - phase=train acc=0.56875 loss=22.49580079317093 epoch=21 and step=20
2026-04-17 03:59:44,916 - SplitNNClient - INFO - 8580 - phase=train acc=0.687890625 loss=18.62995135784149 epoch=21 and step=20
2026-04-17 03:59:44,964 - SplitNNClient - INFO - 20996 - phase=train acc=0.66328125 loss=18.477574408054352 epoch=21 and step=20
2026-04-17 03:59:47,792 - SplitNNClient - INFO - 10312 - phase=train acc=0.6950520833333333 loss=26.47044974565506 epoch=21 and step=30
2026-04-17 03:59:47,916 - SplitNNClient - INFO - 12532 - phase=train acc=0.66015625 loss=30.491951882839203 epoch=21 and step=30
2026-04-17 03:59:47,960 - SplitNNClient - INFO - 21140 - phase=train acc=0.5786458333333333 loss=32.53307110071182 epoch=21 and step=30
2026-04-17 03:59:48,155 - SplitNNClient - INFO - 8580 - phase=train acc=0.6799479166666667 loss=28.312117099761963 epoch=21 and step=30
2026-04-17 03:59:48,315 - SplitNNClient - INFO - 20996 - phase=train acc=0.6583333333333333 loss=27.7144136428833 epoch=21 and step=30
2026-04-17 03:59:51,031 - SplitNNClient - INFO - 10312 - phase=train acc=0.7017578125 loss=34.733130753040314 epoch=21 and step=40
2026-04-17 03:59:51,106 - SplitNNClient - INFO - 12532 - phase=train acc=0.662890625 loss=40.451970398426056 epoch=21 and step=40
2026-04-17 03:59:51,204 - SplitNNClient - INFO - 21140 - phase=train acc=0.5826171875 loss=42.71365028619766 epoch=21 and step=40
2026-04-17 03:59:51,278 - SplitNNClient - INFO - 8580 - phase=train acc=0.6865234375 loss=37.12342119216919 epoch=21 and step=40
2026-04-17 03:59:51,481 - SplitNNClient - INFO - 20996 - phase=train acc=0.6587890625 loss=37.29570472240448 epoch=21 and step=40
2026-04-17 03:59:54,187 - SplitNNClient - INFO - 10312 - phase=train acc=0.70390625 loss=42.763978242874146 epoch=21 and step=50
2026-04-17 03:59:54,260 - SplitNNClient - INFO - 12532 - phase=train acc=0.66796875 loss=49.74449002742767 epoch=21 and step=50
2026-04-17 03:59:54,394 - SplitNNClient - INFO - 21140 - phase=train acc=0.5884375 loss=52.5552716255188 epoch=21 and step=50
2026-04-17 03:59:54,442 - SplitNNClient - INFO - 8580 - phase=train acc=0.6784375 loss=47.14834487438202 epoch=21 and step=50
2026-04-17 03:59:54,644 - SplitNNClient - INFO - 20996 - phase=train acc=0.6565625 loss=46.69547086954117 epoch=21 and step=50
2026-04-17 03:59:57,080 - SplitNNClient - INFO - 10312 - phase=train acc=0.7100260416666667 loss=50.63282334804535 epoch=21 and step=60
2026-04-17 03:59:57,152 - SplitNNClient - INFO - 12532 - phase=train acc=0.668359375 loss=59.122275948524475 epoch=21 and step=60
2026-04-17 03:59:57,246 - SplitNNClient - INFO - 8580 - phase=train acc=0.68046875 loss=55.83548253774643 epoch=21 and step=60
2026-04-17 03:59:57,479 - SplitNNClient - INFO - 20996 - phase=train acc=0.6587239583333333 loss=55.88145834207535 epoch=21 and step=60
2026-04-17 03:59:59,655 - SplitNNClient - INFO - 10312 - phase=train acc=0.7121651785714286 loss=58.29322648048401 epoch=21 and step=70
2026-04-17 03:59:59,694 - SplitNNClient - INFO - 12532 - phase=train acc=0.6717633928571428 loss=68.32028901576996 epoch=21 and step=70
2026-04-17 04:00:01,411 - SplitNNClient - INFO - 10312 - phase=train acc=0.71240234375 loss=66.41099339723587 epoch=21 and step=80
2026-04-17 04:00:02,983 - SplitNNClient - INFO - 10312 - phase=train acc=0.7111979166666667 loss=74.77380836009979 epoch=21 and step=90
2026-04-17 04:00:04,575 - SplitNNClient - INFO - 10312 - phase=train acc=0.71390625 loss=82.23064351081848 epoch=21 and step=100
2026-04-17 04:00:06,150 - SplitNNClient - INFO - 10312 - phase=train acc=0.7163352272727272 loss=89.76914125680923 epoch=21 and step=110
2026-04-17 04:00:07,718 - SplitNNClient - INFO - 10312 - phase=train acc=0.7159505208333333 loss=97.75373911857605 epoch=21 and step=120
2026-04-17 04:00:08,102 - FedServerManager - INFO - 9648 - get all model params ---- from rank fed_server
2026-04-17 04:00:20,136 - SplitNNClient - INFO - 10312 - phase=validation acc=0.6319 loss=79.65042561292648 epoch=21 and step=79
2026-04-17 04:00:20,234 - SplitNNClient - INFO - 12532 - phase=validation acc=0.6319 loss=79.65042561292648 epoch=21 and step=79
2026-04-17 04:00:20,506 - SplitNNClient - INFO - 20996 - phase=validation acc=0.6319 loss=79.65042561292648 epoch=21 and step=79
2026-04-17 04:00:20,591 - SplitNNClient - INFO - 8580 - phase=validation acc=0.6319 loss=79.65042561292648 epoch=21 and step=79
2026-04-17 04:00:20,624 - SplitNNClient - INFO - 21140 - phase=validation acc=0.6319 loss=79.65042561292648 epoch=21 and step=79
2026-04-17 04:00:23,670 - SplitNNClient - INFO - 20996 - phase=train acc=0.653125 loss=9.472258388996124 epoch=22 and step=10
2026-04-17 04:00:23,745 - SplitNNClient - INFO - 21140 - phase=train acc=0.546875 loss=12.051104307174683 epoch=22 and step=10
2026-04-17 04:00:23,791 - SplitNNClient - INFO - 10312 - phase=train acc=0.728125 loss=8.569203853607178 epoch=22 and step=10
2026-04-17 04:00:23,868 - SplitNNClient - INFO - 8580 - phase=train acc=0.690625 loss=9.20066374540329 epoch=22 and step=10
2026-04-17 04:00:23,917 - SplitNNClient - INFO - 12532 - phase=train acc=0.646875 loss=10.854663491249084 epoch=22 and step=10
2026-04-17 04:00:26,936 - SplitNNClient - INFO - 20996 - phase=train acc=0.6671875 loss=18.354432106018066 epoch=22 and step=20
2026-04-17 04:00:27,019 - SplitNNClient - INFO - 21140 - phase=train acc=0.58046875 loss=21.8832306265831 epoch=22 and step=20
2026-04-17 04:00:27,071 - SplitNNClient - INFO - 10312 - phase=train acc=0.714453125 loss=17.07036679983139 epoch=22 and step=20
2026-04-17 04:00:27,120 - SplitNNClient - INFO - 12532 - phase=train acc=0.653125 loss=20.96483588218689 epoch=22 and step=20
2026-04-17 04:00:27,199 - SplitNNClient - INFO - 8580 - phase=train acc=0.691796875 loss=17.735756278038025 epoch=22 and step=20
2026-04-17 04:00:30,089 - SplitNNClient - INFO - 20996 - phase=train acc=0.6721354166666667 loss=27.01078176498413 epoch=22 and step=30
2026-04-17 04:00:30,138 - SplitNNClient - INFO - 21140 - phase=train acc=0.5916666666666667 loss=31.983989357948303 epoch=22 and step=30
2026-04-17 04:00:30,217 - SplitNNClient - INFO - 10312 - phase=train acc=0.71328125 loss=25.34138011932373 epoch=22 and step=30
2026-04-17 04:00:30,264 - SplitNNClient - INFO - 12532 - phase=train acc=0.6473958333333333 loss=31.16409808397293 epoch=22 and step=30
2026-04-17 04:00:30,334 - SplitNNClient - INFO - 8580 - phase=train acc=0.6841145833333333 loss=27.394936084747314 epoch=22 and step=30
2026-04-17 04:00:33,228 - SplitNNClient - INFO - 20996 - phase=train acc=0.6767578125 loss=35.4449947476387 epoch=22 and step=40
2026-04-17 04:00:33,284 - SplitNNClient - INFO - 21140 - phase=train acc=0.596875 loss=41.87551075220108 epoch=22 and step=40
2026-04-17 04:00:33,352 - SplitNNClient - INFO - 10312 - phase=train acc=0.71484375 loss=33.89655393362045 epoch=22 and step=40
2026-04-17 04:00:33,400 - SplitNNClient - INFO - 12532 - phase=train acc=0.65703125 loss=40.87763154506683 epoch=22 and step=40
2026-04-17 04:00:33,480 - SplitNNClient - INFO - 8580 - phase=train acc=0.6775390625 loss=37.24794006347656 epoch=22 and step=40
2026-04-17 04:00:36,348 - SplitNNClient - INFO - 20996 - phase=train acc=0.679375 loss=44.20702940225601 epoch=22 and step=50
2026-04-17 04:00:36,423 - SplitNNClient - INFO - 21140 - phase=train acc=0.60078125 loss=51.51561403274536 epoch=22 and step=50
2026-04-17 04:00:36,475 - SplitNNClient - INFO - 10312 - phase=train acc=0.7165625 loss=41.9732528924942 epoch=22 and step=50
2026-04-17 04:00:36,554 - SplitNNClient - INFO - 12532 - phase=train acc=0.6634375 loss=50.4664489030838 epoch=22 and step=50
2026-04-17 04:00:36,609 - SplitNNClient - INFO - 8580 - phase=train acc=0.67921875 loss=46.218770027160645 epoch=22 and step=50
2026-04-17 04:00:39,263 - SplitNNClient - INFO - 10312 - phase=train acc=0.7194010416666666 loss=49.90384244918823 epoch=22 and step=60
2026-04-17 04:00:39,313 - SplitNNClient - INFO - 20996 - phase=train acc=0.6813802083333333 loss=52.93712145090103 epoch=22 and step=60
2026-04-17 04:00:39,357 - SplitNNClient - INFO - 12532 - phase=train acc=0.6686197916666666 loss=59.548556089401245 epoch=22 and step=60
2026-04-17 04:00:39,441 - SplitNNClient - INFO - 8580 - phase=train acc=0.6799479166666667 loss=55.28740656375885 epoch=22 and step=60
2026-04-17 04:00:41,811 - SplitNNClient - INFO - 10312 - phase=train acc=0.7225446428571428 loss=57.26009476184845 epoch=22 and step=70
2026-04-17 04:00:42,022 - SplitNNClient - INFO - 12532 - phase=train acc=0.6702008928571429 loss=68.93405348062515 epoch=22 and step=70
2026-04-17 04:00:43,684 - SplitNNClient - INFO - 10312 - phase=train acc=0.72119140625 loss=65.61367690563202 epoch=22 and step=80
2026-04-17 04:00:45,259 - SplitNNClient - INFO - 10312 - phase=train acc=0.7214409722222223 loss=73.24022620916367 epoch=22 and step=90
2026-04-17 04:00:46,715 - SplitNNClient - INFO - 10312 - phase=train acc=0.720390625 loss=81.42221349477768 epoch=22 and step=100
2026-04-17 04:00:48,240 - SplitNNClient - INFO - 10312 - phase=train acc=0.7196732954545455 loss=89.53570955991745 epoch=22 and step=110
2026-04-17 04:00:49,789 - SplitNNClient - INFO - 10312 - phase=train acc=0.7224609375 loss=96.76821291446686 epoch=22 and step=120
2026-04-17 04:00:50,164 - FedServerManager - INFO - 9648 - get all model params ---- from rank fed_server
2026-04-17 04:01:02,259 - SplitNNClient - INFO - 21140 - phase=validation acc=0.6581 loss=74.55508780479431 epoch=22 and step=79
2026-04-17 04:01:02,292 - SplitNNClient - INFO - 10312 - phase=validation acc=0.6581 loss=74.55508780479431 epoch=22 and step=79
2026-04-17 04:01:02,484 - SplitNNClient - INFO - 20996 - phase=validation acc=0.6581 loss=74.55508780479431 epoch=22 and step=79
2026-04-17 04:01:02,802 - SplitNNClient - INFO - 8580 - phase=validation acc=0.6581 loss=74.55508780479431 epoch=22 and step=79
2026-04-17 04:01:02,951 - SplitNNClient - INFO - 12532 - phase=validation acc=0.6581 loss=74.55508780479431 epoch=22 and step=79
2026-04-17 04:01:06,025 - SplitNNClient - INFO - 21140 - phase=train acc=0.58046875 loss=11.638275682926178 epoch=23 and step=10
2026-04-17 04:01:06,075 - SplitNNClient - INFO - 8580 - phase=train acc=0.69375 loss=8.94316852092743 epoch=23 and step=10
2026-04-17 04:01:06,128 - SplitNNClient - INFO - 10312 - phase=train acc=0.715625 loss=8.640122652053833 epoch=23 and step=10
2026-04-17 04:01:06,199 - SplitNNClient - INFO - 12532 - phase=train acc=0.653125 loss=10.524269759654999 epoch=23 and step=10
2026-04-17 04:01:06,278 - SplitNNClient - INFO - 20996 - phase=train acc=0.675 loss=9.48919028043747 epoch=23 and step=10
2026-04-17 04:01:09,170 - SplitNNClient - INFO - 21140 - phase=train acc=0.58984375 loss=22.260610818862915 epoch=23 and step=20
2026-04-17 04:01:09,226 - SplitNNClient - INFO - 8580 - phase=train acc=0.7 loss=17.52677881717682 epoch=23 and step=20
2026-04-17 04:01:09,276 - SplitNNClient - INFO - 10312 - phase=train acc=0.7203125 loss=16.775217473506927 epoch=23 and step=20
2026-04-17 04:01:09,354 - SplitNNClient - INFO - 12532 - phase=train acc=0.66875 loss=19.725637018680573 epoch=23 and step=20
2026-04-17 04:01:09,401 - SplitNNClient - INFO - 20996 - phase=train acc=0.686328125 loss=17.788359880447388 epoch=23 and step=20
2026-04-17 04:01:12,313 - SplitNNClient - INFO - 21140 - phase=train acc=0.5958333333333333 loss=32.092555701732635 epoch=23 and step=30
2026-04-17 04:01:12,392 - SplitNNClient - INFO - 8580 - phase=train acc=0.6919270833333333 loss=26.5255988240242 epoch=23 and step=30
2026-04-17 04:01:12,444 - SplitNNClient - INFO - 10312 - phase=train acc=0.7252604166666666 loss=24.59432417154312 epoch=23 and step=30
2026-04-17 04:01:12,520 - SplitNNClient - INFO - 12532 - phase=train acc=0.66875 loss=29.220191776752472 epoch=23 and step=30
2026-04-17 04:01:12,567 - SplitNNClient - INFO - 20996 - phase=train acc=0.6859375 loss=26.257444381713867 epoch=23 and step=30
2026-04-17 04:01:15,456 - SplitNNClient - INFO - 21140 - phase=train acc=0.6001953125 loss=42.12856274843216 epoch=23 and step=40
2026-04-17 04:01:15,527 - SplitNNClient - INFO - 8580 - phase=train acc=0.6896484375 loss=35.66827404499054 epoch=23 and step=40
2026-04-17 04:01:15,577 - SplitNNClient - INFO - 10312 - phase=train acc=0.7267578125 loss=32.381381809711456 epoch=23 and step=40
2026-04-17 04:01:15,657 - SplitNNClient - INFO - 12532 - phase=train acc=0.678515625 loss=38.134570837020874 epoch=23 and step=40
2026-04-17 04:01:15,705 - SplitNNClient - INFO - 20996 - phase=train acc=0.6896484375 loss=34.556098103523254 epoch=23 and step=40
2026-04-17 04:01:18,694 - SplitNNClient - INFO - 21140 - phase=train acc=0.6071875 loss=51.856328547000885 epoch=23 and step=50
2026-04-17 04:01:18,765 - SplitNNClient - INFO - 8580 - phase=train acc=0.69171875 loss=44.49623787403107 epoch=23 and step=50
2026-04-17 04:01:18,809 - SplitNNClient - INFO - 10312 - phase=train acc=0.7271875 loss=40.14096295833588 epoch=23 and step=50
2026-04-17 04:01:18,883 - SplitNNClient - INFO - 12532 - phase=train acc=0.6778125 loss=47.897743225097656 epoch=23 and step=50
2026-04-17 04:01:18,933 - SplitNNClient - INFO - 20996 - phase=train acc=0.69015625 loss=43.11507320404053 epoch=23 and step=50
2026-04-17 04:01:21,565 - SplitNNClient - INFO - 8580 - phase=train acc=0.6895833333333333 loss=53.14961099624634 epoch=23 and step=60
2026-04-17 04:01:21,644 - SplitNNClient - INFO - 10312 - phase=train acc=0.7303385416666667 loss=47.775743782520294 epoch=23 and step=60
2026-04-17 04:01:21,755 - SplitNNClient - INFO - 20996 - phase=train acc=0.6934895833333333 loss=51.44826525449753 epoch=23 and step=60
2026-04-17 04:01:21,795 - SplitNNClient - INFO - 12532 - phase=train acc=0.68203125 loss=56.84850734472275 epoch=23 and step=60
2026-04-17 04:01:24,150 - SplitNNClient - INFO - 10312 - phase=train acc=0.7316964285714286 loss=55.13537931442261 epoch=23 and step=70
2026-04-17 04:01:24,284 - SplitNNClient - INFO - 12532 - phase=train acc=0.6824776785714286 loss=66.18967634439468 epoch=23 and step=70
2026-04-17 04:01:25,922 - SplitNNClient - INFO - 10312 - phase=train acc=0.73125 loss=62.8708016872406 epoch=23 and step=80
2026-04-17 04:01:27,491 - SplitNNClient - INFO - 10312 - phase=train acc=0.7335069444444444 loss=70.32711482048035 epoch=23 and step=90
2026-04-17 04:01:29,063 - SplitNNClient - INFO - 10312 - phase=train acc=0.73484375 loss=77.9366785287857 epoch=23 and step=100
2026-04-17 04:01:30,762 - SplitNNClient - INFO - 10312 - phase=train acc=0.7358664772727272 loss=85.53112202882767 epoch=23 and step=110
2026-04-17 04:01:32,355 - SplitNNClient - INFO - 10312 - phase=train acc=0.7363932291666667 loss=93.03792786598206 epoch=23 and step=120
2026-04-17 04:01:32,722 - FedServerManager - INFO - 9648 - get all model params ---- from rank fed_server
2026-04-17 04:01:45,100 - SplitNNClient - INFO - 12532 - phase=validation acc=0.6443 loss=76.71548807621002 epoch=23 and step=79
2026-04-17 04:01:45,175 - SplitNNClient - INFO - 20996 - phase=validation acc=0.6443 loss=76.71548807621002 epoch=23 and step=79
2026-04-17 04:01:45,195 - SplitNNClient - INFO - 10312 - phase=validation acc=0.6443 loss=76.71548807621002 epoch=23 and step=79
2026-04-17 04:01:45,256 - SplitNNClient - INFO - 8580 - phase=validation acc=0.6443 loss=76.71548807621002 epoch=23 and step=79
2026-04-17 04:01:45,292 - SplitNNClient - INFO - 21140 - phase=validation acc=0.6443 loss=76.71548807621002 epoch=23 and step=79
2026-04-17 04:01:48,356 - SplitNNClient - INFO - 10312 - phase=train acc=0.70703125 loss=8.361671268939972 epoch=24 and step=10
2026-04-17 04:01:48,401 - SplitNNClient - INFO - 12532 - phase=train acc=0.63515625 loss=10.891071021556854 epoch=24 and step=10
2026-04-17 04:01:48,482 - SplitNNClient - INFO - 21140 - phase=train acc=0.5796875 loss=11.889988362789154 epoch=24 and step=10
2026-04-17 04:01:48,555 - SplitNNClient - INFO - 8580 - phase=train acc=0.6921875 loss=9.302272379398346 epoch=24 and step=10
2026-04-17 04:01:48,625 - SplitNNClient - INFO - 20996 - phase=train acc=0.67421875 loss=9.422495126724243 epoch=24 and step=10
2026-04-17 04:01:51,509 - SplitNNClient - INFO - 10312 - phase=train acc=0.7125 loss=16.663349628448486 epoch=24 and step=20
2026-04-17 04:01:51,565 - SplitNNClient - INFO - 21140 - phase=train acc=0.586328125 loss=22.10206973552704 epoch=24 and step=20
2026-04-17 04:01:51,644 - SplitNNClient - INFO - 12532 - phase=train acc=0.648046875 loss=20.960495054721832 epoch=24 and step=20
2026-04-17 04:01:51,694 - SplitNNClient - INFO - 8580 - phase=train acc=0.6890625 loss=18.635942459106445 epoch=24 and step=20
2026-04-17 04:01:51,744 - SplitNNClient - INFO - 20996 - phase=train acc=0.6890625 loss=17.742445707321167 epoch=24 and step=20
2026-04-17 04:01:54,649 - SplitNNClient - INFO - 10312 - phase=train acc=0.7208333333333333 loss=24.394211053848267 epoch=24 and step=30
2026-04-17 04:01:54,781 - SplitNNClient - INFO - 21140 - phase=train acc=0.596875 loss=32.153969049453735 epoch=24 and step=30
2026-04-17 04:01:54,857 - SplitNNClient - INFO - 12532 - phase=train acc=0.6684895833333333 loss=29.862987279891968 epoch=24 and step=30
2026-04-17 04:01:54,911 - SplitNNClient - INFO - 8580 - phase=train acc=0.6934895833333333 loss=27.391337513923645 epoch=24 and step=30
2026-04-17 04:01:55,036 - SplitNNClient - INFO - 20996 - phase=train acc=0.6911458333333333 loss=25.72074544429779 epoch=24 and step=30
2026-04-17 04:01:57,795 - SplitNNClient - INFO - 10312 - phase=train acc=0.7154296875 loss=32.53396213054657 epoch=24 and step=40
2026-04-17 04:01:57,948 - SplitNNClient - INFO - 21140 - phase=train acc=0.6068359375 loss=41.46558219194412 epoch=24 and step=40
2026-04-17 04:01:58,002 - SplitNNClient - INFO - 12532 - phase=train acc=0.676171875 loss=39.020274460315704 epoch=24 and step=40
2026-04-17 04:01:58,053 - SplitNNClient - INFO - 8580 - phase=train acc=0.696875 loss=35.59756684303284 epoch=24 and step=40
2026-04-17 04:01:58,184 - SplitNNClient - INFO - 20996 - phase=train acc=0.6931640625 loss=33.73981386423111 epoch=24 and step=40
2026-04-17 04:02:00,937 - SplitNNClient - INFO - 10312 - phase=train acc=0.71859375 loss=40.22686588764191 epoch=24 and step=50
2026-04-17 04:02:01,059 - SplitNNClient - INFO - 21140 - phase=train acc=0.613125 loss=51.07111966609955 epoch=24 and step=50
2026-04-17 04:02:01,136 - SplitNNClient - INFO - 8580 - phase=train acc=0.69453125 loss=44.109335124492645 epoch=24 and step=50
2026-04-17 04:02:01,184 - SplitNNClient - INFO - 12532 - phase=train acc=0.68265625 loss=47.80214011669159 epoch=24 and step=50
2026-04-17 04:02:01,317 - SplitNNClient - INFO - 20996 - phase=train acc=0.690625 loss=42.55540758371353 epoch=24 and step=50
2026-04-17 04:02:03,851 - SplitNNClient - INFO - 10312 - phase=train acc=0.7184895833333333 loss=48.105829536914825 epoch=24 and step=60
2026-04-17 04:02:03,973 - SplitNNClient - INFO - 8580 - phase=train acc=0.6950520833333333 loss=53.016237616539 epoch=24 and step=60
2026-04-17 04:02:04,015 - SplitNNClient - INFO - 12532 - phase=train acc=0.6860677083333333 loss=56.77704048156738 epoch=24 and step=60
2026-04-17 04:02:04,196 - SplitNNClient - INFO - 20996 - phase=train acc=0.6919270833333333 loss=50.89289778470993 epoch=24 and step=60
2026-04-17 04:02:06,426 - SplitNNClient - INFO - 10312 - phase=train acc=0.7199776785714286 loss=55.84219926595688 epoch=24 and step=70
2026-04-17 04:02:06,557 - SplitNNClient - INFO - 12532 - phase=train acc=0.6885044642857143 loss=65.44217324256897 epoch=24 and step=70
2026-04-17 04:02:08,295 - SplitNNClient - INFO - 10312 - phase=train acc=0.72529296875 loss=62.79176461696625 epoch=24 and step=80
2026-04-17 04:02:09,904 - SplitNNClient - INFO - 10312 - phase=train acc=0.7300347222222222 loss=69.63303416967392 epoch=24 and step=90
2026-04-17 04:02:11,551 - SplitNNClient - INFO - 10312 - phase=train acc=0.731328125 loss=77.21780395507812 epoch=24 and step=100
2026-04-17 04:02:13,247 - SplitNNClient - INFO - 10312 - phase=train acc=0.7306818181818182 loss=85.11101797223091 epoch=24 and step=110
2026-04-17 04:02:14,852 - SplitNNClient - INFO - 10312 - phase=train acc=0.7319010416666667 loss=92.55820325016975 epoch=24 and step=120
2026-04-17 04:02:15,247 - FedServerManager - INFO - 9648 - get all model params ---- from rank fed_server
2026-04-17 04:02:27,540 - SplitNNClient - INFO - 8580 - phase=validation acc=0.6574 loss=74.07841962575912 epoch=24 and step=79
2026-04-17 04:02:27,719 - SplitNNClient - INFO - 12532 - phase=validation acc=0.6574 loss=74.07841962575912 epoch=24 and step=79
2026-04-17 04:02:27,789 - SplitNNClient - INFO - 20996 - phase=validation acc=0.6574 loss=74.07841962575912 epoch=24 and step=79
2026-04-17 04:02:27,814 - SplitNNClient - INFO - 10312 - phase=validation acc=0.6574 loss=74.07841962575912 epoch=24 and step=79
2026-04-17 04:02:28,034 - SplitNNClient - INFO - 21140 - phase=validation acc=0.6574 loss=74.07841962575912 epoch=24 and step=79
2026-04-17 04:02:28,976 - CommBreakdown - INFO - 8580 - tensor_distribution rank=4 node_type=client phase=train epoch=25 sample=middle tensor=activations[0] shape=(128, 64, 16, 16) mean=0.618735 std=1.02313 min=0 max=23.2301 mean_abs=0.618735 max_abs=23.2301 p95_abs=2.49413 p99_abs=4.50465 skewness=3.64023 kurtosis=28.3556 mean_channel_std=0.92148 std_channel_std=0.348694 max_channel_scale_over_min_channel_scale=9.28625 spread=high spread_score=1.65358 outliers=medium outlier_score=2.48781 near_zero=medium near_zero_fraction=0.447392
2026-04-17 04:02:29,037 - CommBreakdown - INFO - 21140 - tensor_distribution rank=2 node_type=client phase=train epoch=25 sample=middle tensor=activations[0] shape=(128, 64, 16, 16) mean=0.621829 std=1.01256 min=0 max=22.5193 mean_abs=0.621829 max_abs=22.5193 p95_abs=2.50516 p99_abs=4.48787 skewness=3.36344 kurtosis=23.8752 mean_channel_std=0.912639 std_channel_std=0.339359 max_channel_scale_over_min_channel_scale=7.8417 spread=high spread_score=1.62836 outliers=medium outlier_score=2.4545 near_zero=medium near_zero_fraction=0.447295
2026-04-17 04:02:29,048 - CommBreakdown - INFO - 20996 - tensor_distribution rank=3 node_type=client phase=train epoch=25 sample=middle tensor=activations[0] shape=(128, 64, 16, 16) mean=0.617146 std=1.01559 min=0 max=24.0251 mean_abs=0.617146 max_abs=24.0251 p95_abs=2.4817 p99_abs=4.46911 skewness=3.48263 kurtosis=25.3666 mean_channel_std=0.915767 std_channel_std=0.341423 max_channel_scale_over_min_channel_scale=8.02712 spread=high spread_score=1.64563 outliers=medium outlier_score=2.46692 near_zero=medium near_zero_fraction=0.448737
2026-04-17 04:02:29,062 - CommBreakdown - INFO - 12532 - tensor_distribution rank=5 node_type=client phase=train epoch=25 sample=middle tensor=activations[0] shape=(128, 64, 16, 16) mean=0.616945 std=1.01965 min=0 max=23.2609 mean_abs=0.616945 max_abs=23.2609 p95_abs=2.48862 p99_abs=4.51288 skewness=3.58775 kurtosis=27.4843 mean_channel_std=0.920484 std_channel_std=0.341617 max_channel_scale_over_min_channel_scale=7.97507 spread=high spread_score=1.65275 outliers=medium outlier_score=2.49636 near_zero=medium near_zero_fraction=0.448226
2026-04-17 04:02:29,067 - CommBreakdown - INFO - 10312 - tensor_distribution rank=1 node_type=client phase=train epoch=25 sample=middle tensor=activations[0] shape=(128, 64, 16, 16) mean=0.621821 std=1.02459 min=0 max=29.5896 mean_abs=0.621821 max_abs=29.5896 p95_abs=2.51985 p99_abs=4.51115 skewness=3.52107 kurtosis=26.1602 mean_channel_std=0.924166 std_channel_std=0.346821 max_channel_scale_over_min_channel_scale=10.1668 spread=high spread_score=1.64772 outliers=medium outlier_score=2.47307 near_zero=medium near_zero_fraction=0.448785
2026-04-17 04:02:30,130 - CommBreakdown - INFO - 3736 - tensor_distribution rank=0 node_type=server phase=train epoch=25 sample=middle tensor=activation_grads shape=(128, 64, 16, 16) mean=-2.39719e-09 std=1.65573e-05 min=-0.000998779 max=0.000537896 mean_abs=7.36399e-06 max_abs=0.000998779 p95_abs=2.98386e-05 p99_abs=6.89044e-05 skewness=-0.00526701 kurtosis=6.69601e-06 mean_channel_std=1.62836e-05 std_channel_std=2.998e-06 max_channel_scale_over_min_channel_scale=6.21189 spread=high spread_score=2.24842 outliers=high outlier_score=3.75624 near_zero=medium near_zero_fraction=0.236018
2026-04-17 04:03:23,380 - SplitNNClient - INFO - 8580 - phase=train acc=0.71171875 loss=8.860231280326843 epoch=25 and step=10
2026-04-17 04:03:24,569 - SplitNNClient - INFO - 21140 - phase=train acc=0.54765625 loss=12.177576661109924 epoch=25 and step=10
2026-04-17 04:03:25,756 - SplitNNClient - INFO - 12532 - phase=train acc=0.6640625 loss=10.381935477256775 epoch=25 and step=10
2026-04-17 04:03:26,882 - SplitNNClient - INFO - 20996 - phase=train acc=0.67265625 loss=9.183267056941986 epoch=25 and step=10
2026-04-17 04:03:28,035 - SplitNNClient - INFO - 10312 - phase=train acc=0.703125 loss=8.380919456481934 epoch=25 and step=10
2026-04-17 04:04:22,107 - SplitNNClient - INFO - 8580 - phase=train acc=0.7078125 loss=17.127549648284912 epoch=25 and step=20
2026-04-17 04:04:23,266 - SplitNNClient - INFO - 21140 - phase=train acc=0.583203125 loss=21.89321607351303 epoch=25 and step=20
2026-04-17 04:04:24,459 - SplitNNClient - INFO - 12532 - phase=train acc=0.678515625 loss=19.679679334163666 epoch=25 and step=20
2026-04-17 04:04:25,615 - SplitNNClient - INFO - 20996 - phase=train acc=0.690625 loss=17.383621752262115 epoch=25 and step=20
2026-04-17 04:04:26,837 - SplitNNClient - INFO - 10312 - phase=train acc=0.72421875 loss=16.0931915640831 epoch=25 and step=20
2026-04-17 04:05:20,467 - SplitNNClient - INFO - 8580 - phase=train acc=0.7002604166666667 loss=25.804694890975952 epoch=25 and step=30
2026-04-17 04:05:21,653 - SplitNNClient - INFO - 21140 - phase=train acc=0.5916666666666667 loss=31.782487273216248 epoch=25 and step=30
2026-04-17 04:05:22,805 - SplitNNClient - INFO - 12532 - phase=train acc=0.6877604166666667 loss=28.83293855190277 epoch=25 and step=30
2026-04-17 04:05:23,962 - SplitNNClient - INFO - 20996 - phase=train acc=0.6927083333333334 loss=25.70802515745163 epoch=25 and step=30
2026-04-17 04:05:25,115 - SplitNNClient - INFO - 10312 - phase=train acc=0.7247395833333333 loss=24.20393282175064 epoch=25 and step=30
2026-04-17 04:06:19,184 - SplitNNClient - INFO - 8580 - phase=train acc=0.705078125 loss=34.0469491481781 epoch=25 and step=40
2026-04-17 04:06:20,402 - SplitNNClient - INFO - 21140 - phase=train acc=0.6021484375 loss=41.41697859764099 epoch=25 and step=40
2026-04-17 04:06:21,526 - SplitNNClient - INFO - 12532 - phase=train acc=0.6935546875 loss=37.644086718559265 epoch=25 and step=40
2026-04-17 04:06:22,687 - SplitNNClient - INFO - 20996 - phase=train acc=0.6970703125 loss=33.7303181886673 epoch=25 and step=40
2026-04-17 04:06:23,872 - SplitNNClient - INFO - 10312 - phase=train acc=0.7294921875 loss=31.46402770280838 epoch=25 and step=40
2026-04-17 04:07:17,854 - SplitNNClient - INFO - 8580 - phase=train acc=0.7025 loss=43.25173842906952 epoch=25 and step=50
2026-04-17 04:07:19,036 - SplitNNClient - INFO - 21140 - phase=train acc=0.60984375 loss=50.58019369840622 epoch=25 and step=50
2026-04-17 04:07:20,222 - SplitNNClient - INFO - 12532 - phase=train acc=0.694375 loss=46.38079100847244 epoch=25 and step=50
2026-04-17 04:07:21,404 - SplitNNClient - INFO - 20996 - phase=train acc=0.70234375 loss=41.74349993467331 epoch=25 and step=50
2026-04-17 04:07:22,621 - SplitNNClient - INFO - 10312 - phase=train acc=0.7325 loss=38.873317301273346 epoch=25 and step=50
2026-04-17 04:08:10,645 - SplitNNClient - INFO - 8580 - phase=train acc=0.7045572916666667 loss=51.410675168037415 epoch=25 and step=60
2026-04-17 04:08:11,774 - SplitNNClient - INFO - 12532 - phase=train acc=0.6919270833333333 loss=55.61163127422333 epoch=25 and step=60
2026-04-17 04:08:12,925 - SplitNNClient - INFO - 20996 - phase=train acc=0.6994791666666667 loss=50.21293103694916 epoch=25 and step=60
2026-04-17 04:08:14,116 - SplitNNClient - INFO - 10312 - phase=train acc=0.7368489583333333 loss=45.884055376052856 epoch=25 and step=60
2026-04-17 04:08:55,041 - SplitNNClient - INFO - 12532 - phase=train acc=0.6896205357142857 loss=65.22603732347488 epoch=25 and step=70
2026-04-17 04:08:56,167 - SplitNNClient - INFO - 10312 - phase=train acc=0.7385044642857143 loss=53.14651644229889 epoch=25 and step=70
2026-04-17 04:09:17,842 - SplitNNClient - INFO - 10312 - phase=train acc=0.74091796875 loss=60.11678749322891 epoch=25 and step=80
2026-04-17 04:09:37,411 - SplitNNClient - INFO - 10312 - phase=train acc=0.7432291666666667 loss=67.34980827569962 epoch=25 and step=90
2026-04-17 04:09:56,664 - SplitNNClient - INFO - 10312 - phase=train acc=0.742578125 loss=74.67011868953705 epoch=25 and step=100
2026-04-17 04:10:16,036 - SplitNNClient - INFO - 10312 - phase=train acc=0.7422585227272728 loss=82.52066576480865 epoch=25 and step=110
2026-04-17 04:10:35,084 - SplitNNClient - INFO - 10312 - phase=train acc=0.7432291666666667 loss=89.96370023488998 epoch=25 and step=120
2026-04-17 04:10:38,942 - FedServerManager - INFO - 9648 - get all model params ---- from rank fed_server
2026-04-17 04:10:51,157 - SplitNNClient - INFO - 10312 - phase=validation acc=0.6632 loss=72.97685354948044 epoch=25 and step=79
2026-04-17 04:10:51,168 - SplitNNClient - INFO - 12532 - phase=validation acc=0.6632 loss=72.97685354948044 epoch=25 and step=79
2026-04-17 04:10:51,335 - SplitNNClient - INFO - 21140 - phase=validation acc=0.6632 loss=72.97685354948044 epoch=25 and step=79
2026-04-17 04:10:51,357 - SplitNNClient - INFO - 8580 - phase=validation acc=0.6632 loss=72.97685354948044 epoch=25 and step=79
2026-04-17 04:10:51,528 - SplitNNClient - INFO - 20996 - phase=validation acc=0.6632 loss=72.97685354948044 epoch=25 and step=79
2026-04-17 04:10:54,638 - SplitNNClient - INFO - 12532 - phase=train acc=0.6671875 loss=9.978509068489075 epoch=26 and step=10
2026-04-17 04:10:54,715 - SplitNNClient - INFO - 20996 - phase=train acc=0.69921875 loss=8.573256850242615 epoch=26 and step=10
2026-04-17 04:10:54,763 - SplitNNClient - INFO - 21140 - phase=train acc=0.58671875 loss=10.986181497573853 epoch=26 and step=10
2026-04-17 04:10:54,833 - SplitNNClient - INFO - 10312 - phase=train acc=0.7140625 loss=8.668214559555054 epoch=26 and step=10
2026-04-17 04:10:54,885 - SplitNNClient - INFO - 8580 - phase=train acc=0.703125 loss=8.63881254196167 epoch=26 and step=10
2026-04-17 04:10:57,799 - SplitNNClient - INFO - 12532 - phase=train acc=0.680078125 loss=19.362089037895203 epoch=26 and step=20
2026-04-17 04:10:57,878 - SplitNNClient - INFO - 20996 - phase=train acc=0.698046875 loss=17.430675864219666 epoch=26 and step=20
2026-04-17 04:10:57,930 - SplitNNClient - INFO - 21140 - phase=train acc=0.609375 loss=20.564418137073517 epoch=26 and step=20
2026-04-17 04:10:57,976 - SplitNNClient - INFO - 8580 - phase=train acc=0.715625 loss=16.657880544662476 epoch=26 and step=20
2026-04-17 04:10:58,052 - SplitNNClient - INFO - 10312 - phase=train acc=0.729296875 loss=16.257844030857086 epoch=26 and step=20
2026-04-17 04:11:00,959 - SplitNNClient - INFO - 12532 - phase=train acc=0.68515625 loss=28.434087991714478 epoch=26 and step=30
2026-04-17 04:11:01,037 - SplitNNClient - INFO - 20996 - phase=train acc=0.69921875 loss=25.59630924463272 epoch=26 and step=30
2026-04-17 04:11:01,087 - SplitNNClient - INFO - 21140 - phase=train acc=0.6216145833333333 loss=29.755478858947754 epoch=26 and step=30
2026-04-17 04:11:01,165 - SplitNNClient - INFO - 8580 - phase=train acc=0.7174479166666666 loss=25.019408106803894 epoch=26 and step=30
2026-04-17 04:11:01,214 - SplitNNClient - INFO - 10312 - phase=train acc=0.7296875 loss=23.87878668308258 epoch=26 and step=30
2026-04-17 04:11:04,209 - SplitNNClient - INFO - 12532 - phase=train acc=0.6880859375 loss=37.46682393550873 epoch=26 and step=40
2026-04-17 04:11:04,255 - SplitNNClient - INFO - 20996 - phase=train acc=0.7005859375 loss=33.55864840745926 epoch=26 and step=40
2026-04-17 04:11:04,331 - SplitNNClient - INFO - 21140 - phase=train acc=0.6271484375 loss=39.55599105358124 epoch=26 and step=40
2026-04-17 04:11:04,385 - SplitNNClient - INFO - 8580 - phase=train acc=0.71328125 loss=33.44000160694122 epoch=26 and step=40
2026-04-17 04:11:04,461 - SplitNNClient - INFO - 10312 - phase=train acc=0.7388671875 loss=31.126895546913147 epoch=26 and step=40
2026-04-17 04:11:07,351 - SplitNNClient - INFO - 12532 - phase=train acc=0.6925 loss=46.00686478614807 epoch=26 and step=50
2026-04-17 04:11:07,426 - SplitNNClient - INFO - 20996 - phase=train acc=0.7025 loss=41.39914166927338 epoch=26 and step=50
2026-04-17 04:11:07,482 - SplitNNClient - INFO - 21140 - phase=train acc=0.626875 loss=49.369180381298065 epoch=26 and step=50
2026-04-17 04:11:07,525 - SplitNNClient - INFO - 8580 - phase=train acc=0.71203125 loss=41.80600541830063 epoch=26 and step=50
2026-04-17 04:11:07,597 - SplitNNClient - INFO - 10312 - phase=train acc=0.74140625 loss=38.52564686536789 epoch=26 and step=50
2026-04-17 04:11:10,240 - SplitNNClient - INFO - 12532 - phase=train acc=0.696875 loss=54.655180752277374 epoch=26 and step=60
2026-04-17 04:11:10,287 - SplitNNClient - INFO - 20996 - phase=train acc=0.7067708333333333 loss=49.05881470441818 epoch=26 and step=60
2026-04-17 04:11:10,360 - SplitNNClient - INFO - 8580 - phase=train acc=0.7131510416666667 loss=49.75673693418503 epoch=26 and step=60
2026-04-17 04:11:10,459 - SplitNNClient - INFO - 10312 - phase=train acc=0.7438802083333333 loss=45.55712306499481 epoch=26 and step=60
2026-04-17 04:11:12,778 - SplitNNClient - INFO - 12532 - phase=train acc=0.6969866071428571 loss=64.03111183643341 epoch=26 and step=70
2026-04-17 04:11:12,933 - SplitNNClient - INFO - 10312 - phase=train acc=0.7436383928571428 loss=52.93644255399704 epoch=26 and step=70
2026-04-17 04:11:14,729 - SplitNNClient - INFO - 10312 - phase=train acc=0.74580078125 loss=60.22838377952576 epoch=26 and step=80
2026-04-17 04:11:16,390 - SplitNNClient - INFO - 10312 - phase=train acc=0.7473090277777777 loss=67.35835552215576 epoch=26 and step=90
2026-04-17 04:11:17,997 - SplitNNClient - INFO - 10312 - phase=train acc=0.7459375 loss=74.90826576948166 epoch=26 and step=100
2026-04-17 04:11:19,553 - SplitNNClient - INFO - 10312 - phase=train acc=0.7466619318181819 loss=82.1366536617279 epoch=26 and step=110
2026-04-17 04:11:21,131 - SplitNNClient - INFO - 10312 - phase=train acc=0.7470052083333333 loss=89.17455077171326 epoch=26 and step=120
2026-04-17 04:11:21,504 - FedServerManager - INFO - 9648 - get all model params ---- from rank fed_server
2026-04-17 04:11:33,569 - SplitNNClient - INFO - 20996 - phase=validation acc=0.6758 loss=69.75687301158905 epoch=26 and step=79
2026-04-17 04:11:33,737 - SplitNNClient - INFO - 8580 - phase=validation acc=0.6758 loss=69.75687301158905 epoch=26 and step=79
2026-04-17 04:11:33,776 - SplitNNClient - INFO - 12532 - phase=validation acc=0.6758 loss=69.75687301158905 epoch=26 and step=79
2026-04-17 04:11:33,803 - SplitNNClient - INFO - 10312 - phase=validation acc=0.6758 loss=69.75687301158905 epoch=26 and step=79
2026-04-17 04:11:34,512 - SplitNNClient - INFO - 21140 - phase=validation acc=0.6758 loss=69.75687301158905 epoch=26 and step=79
2026-04-17 04:11:37,580 - SplitNNClient - INFO - 10312 - phase=train acc=0.73671875 loss=7.960467457771301 epoch=27 and step=10
2026-04-17 04:11:37,658 - SplitNNClient - INFO - 20996 - phase=train acc=0.69453125 loss=8.773582577705383 epoch=27 and step=10
2026-04-17 04:11:37,732 - SplitNNClient - INFO - 21140 - phase=train acc=0.59140625 loss=10.879592597484589 epoch=27 and step=10
2026-04-17 04:11:37,775 - SplitNNClient - INFO - 12532 - phase=train acc=0.68671875 loss=9.815412819385529 epoch=27 and step=10
2026-04-17 04:11:37,848 - SplitNNClient - INFO - 8580 - phase=train acc=0.70546875 loss=8.546341359615326 epoch=27 and step=10
2026-04-17 04:11:40,862 - SplitNNClient - INFO - 10312 - phase=train acc=0.75234375 loss=14.716431081295013 epoch=27 and step=20
2026-04-17 04:11:40,938 - SplitNNClient - INFO - 20996 - phase=train acc=0.709765625 loss=16.873125731945038 epoch=27 and step=20
2026-04-17 04:11:40,991 - SplitNNClient - INFO - 21140 - phase=train acc=0.621484375 loss=20.496608912944794 epoch=27 and step=20
2026-04-17 04:11:41,036 - SplitNNClient - INFO - 12532 - phase=train acc=0.696484375 loss=18.70066863298416 epoch=27 and step=20
2026-04-17 04:11:41,121 - SplitNNClient - INFO - 8580 - phase=train acc=0.710546875 loss=16.928612411022186 epoch=27 and step=20
2026-04-17 04:11:44,022 - SplitNNClient - INFO - 10312 - phase=train acc=0.7489583333333333 loss=22.038093745708466 epoch=27 and step=30
2026-04-17 04:11:44,079 - SplitNNClient - INFO - 20996 - phase=train acc=0.7010416666666667 loss=25.514595925807953 epoch=27 and step=30
2026-04-17 04:11:44,157 - SplitNNClient - INFO - 21140 - phase=train acc=0.6205729166666667 loss=30.618329226970673 epoch=27 and step=30
2026-04-17 04:11:44,210 - SplitNNClient - INFO - 12532 - phase=train acc=0.6971354166666667 loss=27.83306461572647 epoch=27 and step=30
2026-04-17 04:11:44,283 - SplitNNClient - INFO - 8580 - phase=train acc=0.7088541666666667 loss=25.56235706806183 epoch=27 and step=30
2026-04-17 04:11:47,163 - SplitNNClient - INFO - 10312 - phase=train acc=0.7470703125 loss=29.54534339904785 epoch=27 and step=40
2026-04-17 04:11:47,209 - SplitNNClient - INFO - 21140 - phase=train acc=0.627734375 loss=39.816325306892395 epoch=27 and step=40
2026-04-17 04:11:47,280 - SplitNNClient - INFO - 20996 - phase=train acc=0.7041015625 loss=33.46464407444 epoch=27 and step=40
2026-04-17 04:11:47,351 - SplitNNClient - INFO - 12532 - phase=train acc=0.69453125 loss=37.28518980741501 epoch=27 and step=40
2026-04-17 04:11:47,400 - SplitNNClient - INFO - 8580 - phase=train acc=0.7078125 loss=33.9324848651886 epoch=27 and step=40
2026-04-17 04:11:50,284 - SplitNNClient - INFO - 10312 - phase=train acc=0.74515625 loss=36.72034454345703 epoch=27 and step=50
2026-04-17 04:11:50,357 - SplitNNClient - INFO - 21140 - phase=train acc=0.6290625 loss=49.27736192941666 epoch=27 and step=50
2026-04-17 04:11:50,408 - SplitNNClient - INFO - 20996 - phase=train acc=0.7078125 loss=41.33056205511093 epoch=27 and step=50
2026-04-17 04:11:50,487 - SplitNNClient - INFO - 12532 - phase=train acc=0.69734375 loss=45.910230815410614 epoch=27 and step=50
2026-04-17 04:11:50,544 - SplitNNClient - INFO - 8580 - phase=train acc=0.7084375 loss=41.871653378009796 epoch=27 and step=50
2026-04-17 04:11:53,157 - SplitNNClient - INFO - 10312 - phase=train acc=0.7455729166666667 loss=43.94451838731766 epoch=27 and step=60
2026-04-17 04:11:53,231 - SplitNNClient - INFO - 20996 - phase=train acc=0.7055989583333333 loss=49.52576524019241 epoch=27 and step=60
2026-04-17 04:11:53,283 - SplitNNClient - INFO - 12532 - phase=train acc=0.6984375 loss=54.66726177930832 epoch=27 and step=60
2026-04-17 04:11:53,330 - SplitNNClient - INFO - 8580 - phase=train acc=0.71015625 loss=50.30121397972107 epoch=27 and step=60
2026-04-17 04:11:55,670 - SplitNNClient - INFO - 10312 - phase=train acc=0.7452008928571429 loss=51.26367270946503 epoch=27 and step=70
2026-04-17 04:11:55,744 - SplitNNClient - INFO - 12532 - phase=train acc=0.7022321428571429 loss=63.119797706604004 epoch=27 and step=70
2026-04-17 04:11:57,452 - SplitNNClient - INFO - 10312 - phase=train acc=0.74560546875 loss=58.38555100560188 epoch=27 and step=80
2026-04-17 04:11:59,093 - SplitNNClient - INFO - 10312 - phase=train acc=0.7450520833333333 loss=65.80689349770546 epoch=27 and step=90
2026-04-17 04:12:00,662 - SplitNNClient - INFO - 10312 - phase=train acc=0.74625 loss=72.93736842274666 epoch=27 and step=100
2026-04-17 04:12:02,245 - SplitNNClient - INFO - 10312 - phase=train acc=0.7459517045454546 loss=80.39979013800621 epoch=27 and step=110
2026-04-17 04:12:03,782 - SplitNNClient - INFO - 10312 - phase=train acc=0.7463541666666667 loss=88.1153350174427 epoch=27 and step=120
2026-04-17 04:12:04,101 - FedServerManager - INFO - 9648 - get all model params ---- from rank fed_server
2026-04-17 04:12:16,289 - SplitNNClient - INFO - 10312 - phase=validation acc=0.6774 loss=70.58368241786957 epoch=27 and step=79
2026-04-17 04:12:16,336 - SplitNNClient - INFO - 21140 - phase=validation acc=0.6774 loss=70.58368241786957 epoch=27 and step=79
2026-04-17 04:12:16,652 - SplitNNClient - INFO - 8580 - phase=validation acc=0.6774 loss=70.58368241786957 epoch=27 and step=79
2026-04-17 04:12:16,746 - SplitNNClient - INFO - 12532 - phase=validation acc=0.6774 loss=70.58368241786957 epoch=27 and step=79
2026-04-17 04:12:16,751 - SplitNNClient - INFO - 20996 - phase=validation acc=0.6774 loss=70.58368241786957 epoch=27 and step=79
2026-04-17 04:12:19,827 - SplitNNClient - INFO - 21140 - phase=train acc=0.5859375 loss=11.44246757030487 epoch=28 and step=10
2026-04-17 04:12:19,866 - SplitNNClient - INFO - 8580 - phase=train acc=0.71640625 loss=8.479006588459015 epoch=28 and step=10
2026-04-17 04:12:19,939 - SplitNNClient - INFO - 10312 - phase=train acc=0.703125 loss=8.643616259098053 epoch=28 and step=10
2026-04-17 04:12:19,992 - SplitNNClient - INFO - 20996 - phase=train acc=0.69140625 loss=8.588240385055542 epoch=28 and step=10
2026-04-17 04:12:20,060 - SplitNNClient - INFO - 12532 - phase=train acc=0.6765625 loss=9.999157071113586 epoch=28 and step=10
2026-04-17 04:12:22,949 - SplitNNClient - INFO - 21140 - phase=train acc=0.6140625 loss=21.267335176467896 epoch=28 and step=20
2026-04-17 04:12:23,032 - SplitNNClient - INFO - 8580 - phase=train acc=0.712109375 loss=16.624424636363983 epoch=28 and step=20
2026-04-17 04:12:23,083 - SplitNNClient - INFO - 10312 - phase=train acc=0.726171875 loss=15.770584344863892 epoch=28 and step=20
2026-04-17 04:12:23,128 - SplitNNClient - INFO - 20996 - phase=train acc=0.695703125 loss=16.796935379505157 epoch=28 and step=20
2026-04-17 04:12:23,201 - SplitNNClient - INFO - 12532 - phase=train acc=0.697265625 loss=18.654813647270203 epoch=28 and step=20
2026-04-17 04:12:26,039 - SplitNNClient - INFO - 21140 - phase=train acc=0.6234375 loss=30.331015825271606 epoch=28 and step=30
2026-04-17 04:12:26,164 - SplitNNClient - INFO - 8580 - phase=train acc=0.7158854166666667 loss=24.546060740947723 epoch=28 and step=30
2026-04-17 04:12:26,237 - SplitNNClient - INFO - 10312 - phase=train acc=0.7309895833333333 loss=23.485936164855957 epoch=28 and step=30
2026-04-17 04:12:26,309 - SplitNNClient - INFO - 20996 - phase=train acc=0.6981770833333333 loss=25.164342164993286 epoch=28 and step=30
2026-04-17 04:12:26,405 - SplitNNClient - INFO - 12532 - phase=train acc=0.6893229166666667 loss=27.780159294605255 epoch=28 and step=30
2026-04-17 04:12:29,179 - SplitNNClient - INFO - 21140 - phase=train acc=0.6283203125 loss=39.951346695423126 epoch=28 and step=40
2026-04-17 04:12:29,307 - SplitNNClient - INFO - 8580 - phase=train acc=0.7171875 loss=32.69324940443039 epoch=28 and step=40
2026-04-17 04:12:29,374 - SplitNNClient - INFO - 10312 - phase=train acc=0.7458984375 loss=30.00857102870941 epoch=28 and step=40
2026-04-17 04:12:29,453 - SplitNNClient - INFO - 20996 - phase=train acc=0.70546875 loss=33.00287473201752 epoch=28 and step=40
2026-04-17 04:12:29,582 - SplitNNClient - INFO - 12532 - phase=train acc=0.6888671875 loss=37.08182114362717 epoch=28 and step=40
2026-04-17 04:12:32,413 - SplitNNClient - INFO - 21140 - phase=train acc=0.62953125 loss=49.06306976079941 epoch=28 and step=50
2026-04-17 04:12:32,482 - SplitNNClient - INFO - 10312 - phase=train acc=0.74625 loss=37.263793885707855 epoch=28 and step=50
2026-04-17 04:12:32,612 - SplitNNClient - INFO - 8580 - phase=train acc=0.71203125 loss=41.31919485330582 epoch=28 and step=50
2026-04-17 04:12:32,689 - SplitNNClient - INFO - 20996 - phase=train acc=0.714375 loss=40.451355159282684 epoch=28 and step=50
2026-04-17 04:12:32,866 - SplitNNClient - INFO - 12532 - phase=train acc=0.693125 loss=45.76803630590439 epoch=28 and step=50
2026-04-17 04:12:35,277 - SplitNNClient - INFO - 10312 - phase=train acc=0.742578125 loss=45.18813103437424 epoch=28 and step=60
2026-04-17 04:12:35,425 - SplitNNClient - INFO - 8580 - phase=train acc=0.71484375 loss=49.22139459848404 epoch=28 and step=60
2026-04-17 04:12:35,475 - SplitNNClient - INFO - 20996 - phase=train acc=0.7140625 loss=48.556523978710175 epoch=28 and step=60
2026-04-17 04:12:35,625 - SplitNNClient - INFO - 12532 - phase=train acc=0.6919270833333333 loss=55.28032487630844 epoch=28 and step=60
2026-04-17 04:12:37,830 - SplitNNClient - INFO - 10312 - phase=train acc=0.7462053571428572 loss=52.11985641717911 epoch=28 and step=70
2026-04-17 04:12:38,107 - SplitNNClient - INFO - 12532 - phase=train acc=0.6936383928571429 loss=63.86580562591553 epoch=28 and step=70
2026-04-17 04:12:39,647 - SplitNNClient - INFO - 10312 - phase=train acc=0.7486328125 loss=58.96644079685211 epoch=28 and step=80
2026-04-17 04:12:41,220 - SplitNNClient - INFO - 10312 - phase=train acc=0.7515625 loss=65.76593220233917 epoch=28 and step=90
2026-04-17 04:12:42,800 - SplitNNClient - INFO - 10312 - phase=train acc=0.753828125 loss=72.62174585461617 epoch=28 and step=100
2026-04-17 04:12:44,326 - SplitNNClient - INFO - 10312 - phase=train acc=0.7536931818181818 loss=79.80039033293724 epoch=28 and step=110
2026-04-17 04:12:45,850 - SplitNNClient - INFO - 10312 - phase=train acc=0.7513671875 loss=87.55689445137978 epoch=28 and step=120
2026-04-17 04:12:46,210 - FedServerManager - INFO - 9648 - get all model params ---- from rank fed_server
2026-04-17 04:12:58,440 - SplitNNClient - INFO - 10312 - phase=validation acc=0.6784 loss=68.72810912132263 epoch=28 and step=79
2026-04-17 04:12:58,614 - SplitNNClient - INFO - 12532 - phase=validation acc=0.6784 loss=68.72810912132263 epoch=28 and step=79
2026-04-17 04:12:58,651 - SplitNNClient - INFO - 21140 - phase=validation acc=0.6784 loss=68.72810912132263 epoch=28 and step=79
2026-04-17 04:12:58,685 - SplitNNClient - INFO - 20996 - phase=validation acc=0.6784 loss=68.72810912132263 epoch=28 and step=79
2026-04-17 04:12:58,697 - SplitNNClient - INFO - 8580 - phase=validation acc=0.6784 loss=68.72810912132263 epoch=28 and step=79
2026-04-17 04:13:01,760 - SplitNNClient - INFO - 20996 - phase=train acc=0.696875 loss=8.310163378715515 epoch=29 and step=10
2026-04-17 04:13:01,813 - SplitNNClient - INFO - 21140 - phase=train acc=0.59140625 loss=11.014752805233002 epoch=29 and step=10
2026-04-17 04:13:01,865 - SplitNNClient - INFO - 8580 - phase=train acc=0.74765625 loss=7.741852521896362 epoch=29 and step=10
2026-04-17 04:13:01,943 - SplitNNClient - INFO - 10312 - phase=train acc=0.7453125 loss=7.462082624435425 epoch=29 and step=10
2026-04-17 04:13:01,997 - SplitNNClient - INFO - 12532 - phase=train acc=0.6859375 loss=9.746392488479614 epoch=29 and step=10
2026-04-17 04:13:04,900 - SplitNNClient - INFO - 20996 - phase=train acc=0.71640625 loss=16.195628941059113 epoch=29 and step=20
2026-04-17 04:13:04,979 - SplitNNClient - INFO - 21140 - phase=train acc=0.62265625 loss=19.742967009544373 epoch=29 and step=20
2026-04-17 04:13:05,058 - SplitNNClient - INFO - 8580 - phase=train acc=0.7328125 loss=15.852598428726196 epoch=29 and step=20
2026-04-17 04:13:05,111 - SplitNNClient - INFO - 10312 - phase=train acc=0.755859375 loss=14.604379266500473 epoch=29 and step=20
2026-04-17 04:13:05,195 - SplitNNClient - INFO - 12532 - phase=train acc=0.690625 loss=18.56995964050293 epoch=29 and step=20
2026-04-17 04:13:08,164 - SplitNNClient - INFO - 20996 - phase=train acc=0.71484375 loss=23.963532865047455 epoch=29 and step=30
2026-04-17 04:13:08,240 - SplitNNClient - INFO - 21140 - phase=train acc=0.6325520833333333 loss=28.9486603140831 epoch=29 and step=30
2026-04-17 04:13:08,287 - SplitNNClient - INFO - 10312 - phase=train acc=0.7557291666666667 loss=21.79040428996086 epoch=29 and step=30
2026-04-17 04:13:08,365 - SplitNNClient - INFO - 12532 - phase=train acc=0.6942708333333333 loss=27.325568974018097 epoch=29 and step=30
2026-04-17 04:13:08,416 - SplitNNClient - INFO - 8580 - phase=train acc=0.72109375 loss=24.086690664291382 epoch=29 and step=30
2026-04-17 04:13:11,318 - SplitNNClient - INFO - 20996 - phase=train acc=0.7158203125 loss=31.763941943645477 epoch=29 and step=40
2026-04-17 04:13:11,371 - SplitNNClient - INFO - 21140 - phase=train acc=0.6353515625 loss=38.45419764518738 epoch=29 and step=40
2026-04-17 04:13:11,442 - SplitNNClient - INFO - 10312 - phase=train acc=0.754296875 loss=28.64879110455513 epoch=29 and step=40
2026-04-17 04:13:11,512 - SplitNNClient - INFO - 12532 - phase=train acc=0.69765625 loss=35.89571702480316 epoch=29 and step=40
2026-04-17 04:13:11,562 - SplitNNClient - INFO - 8580 - phase=train acc=0.726953125 loss=31.628568530082703 epoch=29 and step=40
2026-04-17 04:13:14,388 - SplitNNClient - INFO - 20996 - phase=train acc=0.72 loss=39.20121043920517 epoch=29 and step=50
2026-04-17 04:13:14,536 - SplitNNClient - INFO - 21140 - phase=train acc=0.63875 loss=47.42774701118469 epoch=29 and step=50
2026-04-17 04:13:14,584 - SplitNNClient - INFO - 10312 - phase=train acc=0.75609375 loss=35.29272708296776 epoch=29 and step=50
2026-04-17 04:13:14,630 - SplitNNClient - INFO - 12532 - phase=train acc=0.69859375 loss=45.01571470499039 epoch=29 and step=50
2026-04-17 04:13:14,784 - SplitNNClient - INFO - 8580 - phase=train acc=0.72578125 loss=39.52362793684006 epoch=29 and step=50
2026-04-17 04:13:17,260 - SplitNNClient - INFO - 20996 - phase=train acc=0.7225260416666667 loss=46.8547767996788 epoch=29 and step=60
2026-04-17 04:13:17,389 - SplitNNClient - INFO - 10312 - phase=train acc=0.758984375 loss=42.24157753586769 epoch=29 and step=60
2026-04-17 04:13:17,490 - SplitNNClient - INFO - 12532 - phase=train acc=0.699609375 loss=53.713580787181854 epoch=29 and step=60
2026-04-17 04:13:17,584 - SplitNNClient - INFO - 8580 - phase=train acc=0.722265625 loss=47.518936574459076 epoch=29 and step=60
2026-04-17 04:13:19,911 - SplitNNClient - INFO - 10312 - phase=train acc=0.7603794642857142 loss=48.924204379320145 epoch=29 and step=70
2026-04-17 04:13:19,952 - SplitNNClient - INFO - 12532 - phase=train acc=0.7011160714285715 loss=62.30861169099808 epoch=29 and step=70
2026-04-17 04:13:21,660 - SplitNNClient - INFO - 10312 - phase=train acc=0.75908203125 loss=56.354471892118454 epoch=29 and step=80
2026-04-17 04:13:23,241 - SplitNNClient - INFO - 10312 - phase=train acc=0.7615451388888889 loss=62.99140402674675 epoch=29 and step=90
2026-04-17 04:13:24,813 - SplitNNClient - INFO - 10312 - phase=train acc=0.762421875 loss=69.99591293931007 epoch=29 and step=100
2026-04-17 04:13:26,462 - SplitNNClient - INFO - 10312 - phase=train acc=0.762997159090909 loss=76.75607803463936 epoch=29 and step=110
2026-04-17 04:13:28,096 - SplitNNClient - INFO - 10312 - phase=train acc=0.7643229166666666 loss=83.61738482117653 epoch=29 and step=120
2026-04-17 04:13:28,448 - FedServerManager - INFO - 9648 - get all model params ---- from rank fed_server
2026-04-17 04:13:40,558 - SplitNNClient - INFO - 8580 - phase=validation acc=0.6879 loss=68.45639097690582 epoch=29 and step=79
2026-04-17 04:13:40,655 - SplitNNClient - INFO - 21140 - phase=validation acc=0.6879 loss=68.45639097690582 epoch=29 and step=79
2026-04-17 04:13:40,791 - SplitNNClient - INFO - 10312 - phase=validation acc=0.6879 loss=68.45639097690582 epoch=29 and step=79
2026-04-17 04:13:40,854 - SplitNNClient - INFO - 20996 - phase=validation acc=0.6879 loss=68.45639097690582 epoch=29 and step=79
2026-04-17 04:13:41,037 - SplitNNClient - INFO - 12532 - phase=validation acc=0.6879 loss=68.45639097690582 epoch=29 and step=79
2026-04-17 04:13:44,167 - SplitNNClient - INFO - 21140 - phase=train acc=0.60390625 loss=11.538974642753601 epoch=30 and step=10
2026-04-17 04:13:44,220 - SplitNNClient - INFO - 8580 - phase=train acc=0.71484375 loss=8.353118598461151 epoch=30 and step=10
2026-04-17 04:13:44,293 - SplitNNClient - INFO - 20996 - phase=train acc=0.70078125 loss=8.3870210647583 epoch=30 and step=10
2026-04-17 04:13:44,337 - SplitNNClient - INFO - 10312 - phase=train acc=0.74296875 loss=7.852182447910309 epoch=30 and step=10
2026-04-17 04:13:44,414 - SplitNNClient - INFO - 12532 - phase=train acc=0.68828125 loss=9.861402690410614 epoch=30 and step=10
2026-04-17 04:13:47,308 - SplitNNClient - INFO - 21140 - phase=train acc=0.626171875 loss=21.117526948451996 epoch=30 and step=20
2026-04-17 04:13:47,378 - SplitNNClient - INFO - 8580 - phase=train acc=0.719921875 loss=16.201852321624756 epoch=30 and step=20
2026-04-17 04:13:47,432 - SplitNNClient - INFO - 20996 - phase=train acc=0.72265625 loss=15.675839245319366 epoch=30 and step=20
2026-04-17 04:13:47,475 - SplitNNClient - INFO - 10312 - phase=train acc=0.75078125 loss=14.945950090885162 epoch=30 and step=20
2026-04-17 04:13:47,552 - SplitNNClient - INFO - 12532 - phase=train acc=0.693359375 loss=18.589491188526154 epoch=30 and step=20
2026-04-17 04:13:50,462 - SplitNNClient - INFO - 21140 - phase=train acc=0.6380208333333334 loss=30.105632543563843 epoch=30 and step=30
2026-04-17 04:13:50,516 - SplitNNClient - INFO - 8580 - phase=train acc=0.71640625 loss=24.366593956947327 epoch=30 and step=30
2026-04-17 04:13:50,565 - SplitNNClient - INFO - 20996 - phase=train acc=0.7239583333333334 loss=23.32455438375473 epoch=30 and step=30
2026-04-17 04:13:50,641 - SplitNNClient - INFO - 10312 - phase=train acc=0.76171875 loss=21.294369637966156 epoch=30 and step=30
2026-04-17 04:13:50,694 - SplitNNClient - INFO - 12532 - phase=train acc=0.7002604166666667 loss=26.95759481191635 epoch=30 and step=30
2026-04-17 04:13:53,568 - SplitNNClient - INFO - 21140 - phase=train acc=0.6474609375 loss=38.80471616983414 epoch=30 and step=40
2026-04-17 04:13:53,623 - SplitNNClient - INFO - 8580 - phase=train acc=0.721484375 loss=31.950104594230652 epoch=30 and step=40
2026-04-17 04:13:53,697 - SplitNNClient - INFO - 20996 - phase=train acc=0.7248046875 loss=31.228743374347687 epoch=30 and step=40
2026-04-17 04:13:53,749 - SplitNNClient - INFO - 10312 - phase=train acc=0.7626953125 loss=28.249077081680298 epoch=30 and step=40
2026-04-17 04:13:53,821 - SplitNNClient - INFO - 12532 - phase=train acc=0.70546875 loss=35.59332746267319 epoch=30 and step=40
2026-04-17 04:13:56,702 - SplitNNClient - INFO - 21140 - phase=train acc=0.649375 loss=47.93137574195862 epoch=30 and step=50
2026-04-17 04:13:56,779 - SplitNNClient - INFO - 8580 - phase=train acc=0.7190625 loss=39.677819430828094 epoch=30 and step=50
2026-04-17 04:13:56,833 - SplitNNClient - INFO - 20996 - phase=train acc=0.72484375 loss=38.89510428905487 epoch=30 and step=50
2026-04-17 04:13:56,908 - SplitNNClient - INFO - 10312 - phase=train acc=0.7609375 loss=35.28784757852554 epoch=30 and step=50
2026-04-17 04:13:56,961 - SplitNNClient - INFO - 12532 - phase=train acc=0.70671875 loss=44.138423800468445 epoch=30 and step=50
2026-04-17 04:13:59,563 - SplitNNClient - INFO - 8580 - phase=train acc=0.7196614583333333 loss=47.55181610584259 epoch=30 and step=60
2026-04-17 04:13:59,638 - SplitNNClient - INFO - 20996 - phase=train acc=0.7278645833333334 loss=45.96768659353256 epoch=30 and step=60
2026-04-17 04:13:59,710 - SplitNNClient - INFO - 10312 - phase=train acc=0.7641927083333333 loss=42.00972938537598 epoch=30 and step=60
2026-04-17 04:13:59,753 - SplitNNClient - INFO - 12532 - phase=train acc=0.7087239583333333 loss=52.22824066877365 epoch=30 and step=60
2026-04-17 04:14:02,186 - SplitNNClient - INFO - 10312 - phase=train acc=0.7671875 loss=48.44443517923355 epoch=30 and step=70
2026-04-17 04:14:02,253 - SplitNNClient - INFO - 12532 - phase=train acc=0.7112723214285714 loss=60.44371074438095 epoch=30 and step=70
2026-04-17 04:14:03,989 - SplitNNClient - INFO - 10312 - phase=train acc=0.76767578125 loss=55.335942566394806 epoch=30 and step=80
2026-04-17 04:14:05,554 - SplitNNClient - INFO - 10312 - phase=train acc=0.7655381944444445 loss=62.37576246261597 epoch=30 and step=90
2026-04-17 04:14:07,075 - SplitNNClient - INFO - 10312 - phase=train acc=0.76484375 loss=69.31825286149979 epoch=30 and step=100
2026-04-17 04:14:08,596 - SplitNNClient - INFO - 10312 - phase=train acc=0.7664772727272727 loss=75.85031640529633 epoch=30 and step=110
2026-04-17 04:14:10,142 - SplitNNClient - INFO - 10312 - phase=train acc=0.7659505208333334 loss=82.77306616306305 epoch=30 and step=120
2026-04-17 04:14:10,516 - FedServerManager - INFO - 9648 - get all model params ---- from rank fed_server
2026-04-17 04:14:22,554 - SplitNNClient - INFO - 21140 - phase=validation acc=0.6913 loss=67.41046953201294 epoch=30 and step=79
2026-04-17 04:14:22,639 - SplitNNClient - INFO - 10312 - phase=validation acc=0.6913 loss=67.41046953201294 epoch=30 and step=79
2026-04-17 04:14:22,721 - SplitNNClient - INFO - 20996 - phase=validation acc=0.6913 loss=67.41046953201294 epoch=30 and step=79
2026-04-17 04:14:22,929 - SplitNNClient - INFO - 8580 - phase=validation acc=0.6913 loss=67.41046953201294 epoch=30 and step=79
2026-04-17 04:14:23,012 - SplitNNClient - INFO - 12532 - phase=validation acc=0.6913 loss=67.41046953201294 epoch=30 and step=79
2026-04-17 04:14:26,124 - SplitNNClient - INFO - 12532 - phase=train acc=0.68046875 loss=9.500511884689331 epoch=31 and step=10
2026-04-17 04:14:26,177 - SplitNNClient - INFO - 21140 - phase=train acc=0.6328125 loss=9.99348270893097 epoch=31 and step=10
2026-04-17 04:14:26,249 - SplitNNClient - INFO - 8580 - phase=train acc=0.7421875 loss=7.698026597499847 epoch=31 and step=10
2026-04-17 04:14:26,300 - SplitNNClient - INFO - 10312 - phase=train acc=0.7359375 loss=7.600788652896881 epoch=31 and step=10
2026-04-17 04:14:26,376 - SplitNNClient - INFO - 20996 - phase=train acc=0.69609375 loss=8.466571033000946 epoch=31 and step=10
2026-04-17 04:14:29,242 - SplitNNClient - INFO - 12532 - phase=train acc=0.683984375 loss=18.747766137123108 epoch=31 and step=20
2026-04-17 04:14:29,299 - SplitNNClient - INFO - 21140 - phase=train acc=0.640625 loss=18.99234789609909 epoch=31 and step=20
2026-04-17 04:14:29,344 - SplitNNClient - INFO - 8580 - phase=train acc=0.748828125 loss=14.835096597671509 epoch=31 and step=20
2026-04-17 04:14:29,423 - SplitNNClient - INFO - 10312 - phase=train acc=0.741015625 loss=15.361979365348816 epoch=31 and step=20
2026-04-17 04:14:29,477 - SplitNNClient - INFO - 20996 - phase=train acc=0.71640625 loss=15.758516192436218 epoch=31 and step=20
2026-04-17 04:14:32,374 - SplitNNClient - INFO - 12532 - phase=train acc=0.6971354166666667 loss=26.833157002925873 epoch=31 and step=30
2026-04-17 04:14:32,419 - SplitNNClient - INFO - 21140 - phase=train acc=0.6432291666666666 loss=27.754909217357635 epoch=31 and step=30
2026-04-17 04:14:32,493 - SplitNNClient - INFO - 8580 - phase=train acc=0.7309895833333333 loss=23.339784383773804 epoch=31 and step=30
2026-04-17 04:14:32,571 - SplitNNClient - INFO - 10312 - phase=train acc=0.74765625 loss=22.32654106616974 epoch=31 and step=30
2026-04-17 04:14:32,648 - SplitNNClient - INFO - 20996 - phase=train acc=0.7184895833333333 loss=23.744947910308838 epoch=31 and step=30
2026-04-17 04:14:35,546 - SplitNNClient - INFO - 21140 - phase=train acc=0.6416015625 loss=37.112921595573425 epoch=31 and step=40
2026-04-17 04:14:35,593 - SplitNNClient - INFO - 12532 - phase=train acc=0.70703125 loss=35.0782487988472 epoch=31 and step=40
2026-04-17 04:14:35,670 - SplitNNClient - INFO - 8580 - phase=train acc=0.7271484375 loss=31.437118530273438 epoch=31 and step=40
2026-04-17 04:14:35,725 - SplitNNClient - INFO - 10312 - phase=train acc=0.751953125 loss=29.20189595222473 epoch=31 and step=40
2026-04-17 04:14:35,772 - SplitNNClient - INFO - 20996 - phase=train acc=0.7236328125 loss=31.09776073694229 epoch=31 and step=40
2026-04-17 04:14:38,775 - SplitNNClient - INFO - 21140 - phase=train acc=0.63921875 loss=46.402793765068054 epoch=31 and step=50
2026-04-17 04:14:38,831 - SplitNNClient - INFO - 10312 - phase=train acc=0.75546875 loss=35.534231662750244 epoch=31 and step=50
2026-04-17 04:14:38,879 - SplitNNClient - INFO - 12532 - phase=train acc=0.710625 loss=43.7341930270195 epoch=31 and step=50
2026-04-17 04:14:38,951 - SplitNNClient - INFO - 8580 - phase=train acc=0.72578125 loss=39.24118709564209 epoch=31 and step=50
2026-04-17 04:14:39,023 - SplitNNClient - INFO - 20996 - phase=train acc=0.73203125 loss=38.09055495262146 epoch=31 and step=50
2026-04-17 04:14:41,660 - SplitNNClient - INFO - 10312 - phase=train acc=0.75703125 loss=42.15650296211243 epoch=31 and step=60
2026-04-17 04:14:41,712 - SplitNNClient - INFO - 12532 - phase=train acc=0.7147135416666667 loss=51.952426731586456 epoch=31 and step=60
2026-04-17 04:14:41,788 - SplitNNClient - INFO - 8580 - phase=train acc=0.7259114583333334 loss=47.33043247461319 epoch=31 and step=60
2026-04-17 04:14:41,856 - SplitNNClient - INFO - 20996 - phase=train acc=0.733203125 loss=45.70721822977066 epoch=31 and step=60
2026-04-17 04:14:44,195 - SplitNNClient - INFO - 10312 - phase=train acc=0.7580357142857143 loss=49.11682140827179 epoch=31 and step=70
2026-04-17 04:14:44,294 - SplitNNClient - INFO - 12532 - phase=train acc=0.7174107142857142 loss=59.859311044216156 epoch=31 and step=70
2026-04-17 04:14:45,948 - SplitNNClient - INFO - 10312 - phase=train acc=0.76123046875 loss=55.70725333690643 epoch=31 and step=80
2026-04-17 04:14:47,516 - SplitNNClient - INFO - 10312 - phase=train acc=0.7644965277777778 loss=62.161666452884674 epoch=31 and step=90
2026-04-17 04:14:48,998 - SplitNNClient - INFO - 10312 - phase=train acc=0.763515625 loss=68.89364695549011 epoch=31 and step=100
2026-04-17 04:14:50,490 - SplitNNClient - INFO - 10312 - phase=train acc=0.7640625 loss=75.44367998838425 epoch=31 and step=110
2026-04-17 04:14:52,031 - SplitNNClient - INFO - 10312 - phase=train acc=0.7649739583333334 loss=81.88625657558441 epoch=31 and step=120
2026-04-17 04:14:52,395 - FedServerManager - INFO - 9648 - get all model params ---- from rank fed_server
2026-04-17 04:15:04,849 - SplitNNClient - INFO - 10312 - phase=validation acc=0.7047 loss=63.64090859889984 epoch=31 and step=79
2026-04-17 04:15:04,877 - SplitNNClient - INFO - 20996 - phase=validation acc=0.7047 loss=63.64090859889984 epoch=31 and step=79
2026-04-17 04:15:04,893 - SplitNNClient - INFO - 8580 - phase=validation acc=0.7047 loss=63.64090859889984 epoch=31 and step=79
2026-04-17 04:15:04,958 - SplitNNClient - INFO - 21140 - phase=validation acc=0.7047 loss=63.64090859889984 epoch=31 and step=79
2026-04-17 04:15:05,181 - SplitNNClient - INFO - 12532 - phase=validation acc=0.7047 loss=63.64090859889984 epoch=31 and step=79
2026-04-17 04:15:08,230 - SplitNNClient - INFO - 10312 - phase=train acc=0.72890625 loss=8.202136874198914 epoch=32 and step=10
2026-04-17 04:15:08,276 - SplitNNClient - INFO - 12532 - phase=train acc=0.70859375 loss=8.521756052970886 epoch=32 and step=10
2026-04-17 04:15:08,357 - SplitNNClient - INFO - 21140 - phase=train acc=0.6203125 loss=10.51878410577774 epoch=32 and step=10
2026-04-17 04:15:08,426 - SplitNNClient - INFO - 8580 - phase=train acc=0.725 loss=8.070781826972961 epoch=32 and step=10
2026-04-17 04:15:08,475 - SplitNNClient - INFO - 20996 - phase=train acc=0.72265625 loss=8.03755807876587 epoch=32 and step=10
2026-04-17 04:15:11,368 - SplitNNClient - INFO - 10312 - phase=train acc=0.747265625 loss=15.028236091136932 epoch=32 and step=20
2026-04-17 04:15:11,447 - SplitNNClient - INFO - 12532 - phase=train acc=0.709765625 loss=17.412477254867554 epoch=32 and step=20
2026-04-17 04:15:11,526 - SplitNNClient - INFO - 21140 - phase=train acc=0.63359375 loss=19.8689141869545 epoch=32 and step=20
2026-04-17 04:15:11,577 - SplitNNClient - INFO - 8580 - phase=train acc=0.73203125 loss=15.444479167461395 epoch=32 and step=20
2026-04-17 04:15:11,624 - SplitNNClient - INFO - 20996 - phase=train acc=0.727734375 loss=15.816898703575134 epoch=32 and step=20
2026-04-17 04:15:14,636 - SplitNNClient - INFO - 10312 - phase=train acc=0.7533854166666667 loss=22.047694087028503 epoch=32 and step=30
2026-04-17 04:15:14,681 - SplitNNClient - INFO - 12532 - phase=train acc=0.7135416666666666 loss=25.629931390285492 epoch=32 and step=30
2026-04-17 04:15:14,759 - SplitNNClient - INFO - 21140 - phase=train acc=0.6348958333333333 loss=29.061934173107147 epoch=32 and step=30
2026-04-17 04:15:14,812 - SplitNNClient - INFO - 20996 - phase=train acc=0.7236979166666667 loss=23.73008620738983 epoch=32 and step=30
2026-04-17 04:15:14,885 - SplitNNClient - INFO - 8580 - phase=train acc=0.7294270833333333 loss=23.186799943447113 epoch=32 and step=30
2026-04-17 04:15:17,741 - SplitNNClient - INFO - 12532 - phase=train acc=0.7208984375 loss=33.42830228805542 epoch=32 and step=40
2026-04-17 04:15:17,813 - SplitNNClient - INFO - 10312 - phase=train acc=0.7642578125 loss=28.503864288330078 epoch=32 and step=40
2026-04-17 04:15:17,887 - SplitNNClient - INFO - 21140 - phase=train acc=0.6462890625 loss=37.65129977464676 epoch=32 and step=40
2026-04-17 04:15:17,943 - SplitNNClient - INFO - 20996 - phase=train acc=0.7259765625 loss=31.51125830411911 epoch=32 and step=40
2026-04-17 04:15:17,993 - SplitNNClient - INFO - 8580 - phase=train acc=0.734765625 loss=30.40677684545517 epoch=32 and step=40
2026-04-17 04:15:20,885 - SplitNNClient - INFO - 10312 - phase=train acc=0.7665625 loss=34.967498272657394 epoch=32 and step=50
2026-04-17 04:15:20,960 - SplitNNClient - INFO - 12532 - phase=train acc=0.72328125 loss=41.42394536733627 epoch=32 and step=50
2026-04-17 04:15:21,019 - SplitNNClient - INFO - 21140 - phase=train acc=0.65015625 loss=46.10468935966492 epoch=32 and step=50
2026-04-17 04:15:21,062 - SplitNNClient - INFO - 20996 - phase=train acc=0.7259375 loss=39.05007231235504 epoch=32 and step=50
2026-04-17 04:15:21,143 - SplitNNClient - INFO - 8580 - phase=train acc=0.73359375 loss=37.84878754615784 epoch=32 and step=50
2026-04-17 04:15:23,751 - SplitNNClient - INFO - 10312 - phase=train acc=0.767578125 loss=41.557372748851776 epoch=32 and step=60
2026-04-17 04:15:23,827 - SplitNNClient - INFO - 12532 - phase=train acc=0.7233072916666666 loss=49.935415625572205 epoch=32 and step=60
2026-04-17 04:15:23,880 - SplitNNClient - INFO - 20996 - phase=train acc=0.726953125 loss=46.65046268701553 epoch=32 and step=60
2026-04-17 04:15:23,929 - SplitNNClient - INFO - 8580 - phase=train acc=0.7365885416666667 loss=45.06078904867172 epoch=32 and step=60
2026-04-17 04:15:26,321 - SplitNNClient - INFO - 10312 - phase=train acc=0.7672991071428571 loss=48.285151958465576 epoch=32 and step=70
2026-04-17 04:15:26,392 - SplitNNClient - INFO - 12532 - phase=train acc=0.7274553571428571 loss=57.47609496116638 epoch=32 and step=70
2026-04-17 04:15:28,063 - SplitNNClient - INFO - 10312 - phase=train acc=0.7685546875 loss=54.81460344791412 epoch=32 and step=80
2026-04-17 04:15:29,459 - SplitNNClient - INFO - 10312 - phase=train acc=0.7708333333333334 loss=61.17696559429169 epoch=32 and step=90
2026-04-17 04:15:30,924 - SplitNNClient - INFO - 10312 - phase=train acc=0.7725 loss=67.5834926366806 epoch=32 and step=100
2026-04-17 04:15:32,496 - SplitNNClient - INFO - 10312 - phase=train acc=0.7740056818181819 loss=73.89854037761688 epoch=32 and step=110
2026-04-17 04:15:34,016 - SplitNNClient - INFO - 10312 - phase=train acc=0.7756510416666667 loss=79.98406821489334 epoch=32 and step=120
2026-04-17 04:15:34,404 - FedServerManager - INFO - 9648 - get all model params ---- from rank fed_server
2026-04-17 04:15:46,502 - SplitNNClient - INFO - 12532 - phase=validation acc=0.7133 loss=63.258867144584656 epoch=32 and step=79
2026-04-17 04:15:46,544 - SplitNNClient - INFO - 8580 - phase=validation acc=0.7133 loss=63.258867144584656 epoch=32 and step=79
2026-04-17 04:15:46,595 - SplitNNClient - INFO - 10312 - phase=validation acc=0.7133 loss=63.258867144584656 epoch=32 and step=79
2026-04-17 04:15:46,612 - SplitNNClient - INFO - 20996 - phase=validation acc=0.7133 loss=63.258867144584656 epoch=32 and step=79
2026-04-17 04:15:46,838 - SplitNNClient - INFO - 21140 - phase=validation acc=0.7133 loss=63.258867144584656 epoch=32 and step=79
2026-04-17 04:15:49,992 - SplitNNClient - INFO - 10312 - phase=train acc=0.746875 loss=7.391435265541077 epoch=33 and step=10
2026-04-17 04:15:50,037 - SplitNNClient - INFO - 20996 - phase=train acc=0.725 loss=7.965806663036346 epoch=33 and step=10
2026-04-17 04:15:50,117 - SplitNNClient - INFO - 8580 - phase=train acc=0.721875 loss=7.8505624532699585 epoch=33 and step=10
2026-04-17 04:15:50,166 - SplitNNClient - INFO - 21140 - phase=train acc=0.63828125 loss=9.89057046175003 epoch=33 and step=10
2026-04-17 04:15:50,235 - SplitNNClient - INFO - 12532 - phase=train acc=0.6953125 loss=8.974793016910553 epoch=33 and step=10
2026-04-17 04:15:53,138 - SplitNNClient - INFO - 10312 - phase=train acc=0.762109375 loss=13.909823656082153 epoch=33 and step=20
2026-04-17 04:15:53,209 - SplitNNClient - INFO - 20996 - phase=train acc=0.719921875 loss=15.64124619960785 epoch=33 and step=20
2026-04-17 04:15:53,264 - SplitNNClient - INFO - 8580 - phase=train acc=0.728515625 loss=15.442225635051727 epoch=33 and step=20
2026-04-17 04:15:53,315 - SplitNNClient - INFO - 21140 - phase=train acc=0.635546875 loss=19.463792860507965 epoch=33 and step=20
2026-04-17 04:15:53,389 - SplitNNClient - INFO - 12532 - phase=train acc=0.7046875 loss=17.820307672023773 epoch=33 and step=20
2026-04-17 04:15:56,296 - SplitNNClient - INFO - 10312 - phase=train acc=0.7666666666666667 loss=20.611203014850616 epoch=33 and step=30
2026-04-17 04:15:56,349 - SplitNNClient - INFO - 20996 - phase=train acc=0.7286458333333333 loss=22.6419695019722 epoch=33 and step=30
2026-04-17 04:15:56,426 - SplitNNClient - INFO - 8580 - phase=train acc=0.7338541666666667 loss=23.151320099830627 epoch=33 and step=30
2026-04-17 04:15:56,478 - SplitNNClient - INFO - 21140 - phase=train acc=0.6369791666666667 loss=29.093794226646423 epoch=33 and step=30
2026-04-17 04:15:56,553 - SplitNNClient - INFO - 12532 - phase=train acc=0.7169270833333333 loss=25.71122580766678 epoch=33 and step=30
2026-04-17 04:15:59,434 - SplitNNClient - INFO - 10312 - phase=train acc=0.7734375 loss=26.971042901277542 epoch=33 and step=40
2026-04-17 04:15:59,504 - SplitNNClient - INFO - 20996 - phase=train acc=0.7314453125 loss=29.738539576530457 epoch=33 and step=40
2026-04-17 04:15:59,577 - SplitNNClient - INFO - 8580 - phase=train acc=0.7341796875 loss=30.44925957918167 epoch=33 and step=40
2026-04-17 04:15:59,625 - SplitNNClient - INFO - 21140 - phase=train acc=0.6369140625 loss=38.16145575046539 epoch=33 and step=40
2026-04-17 04:15:59,703 - SplitNNClient - INFO - 12532 - phase=train acc=0.71640625 loss=34.213746428489685 epoch=33 and step=40
2026-04-17 04:16:02,573 - SplitNNClient - INFO - 10312 - phase=train acc=0.775625 loss=33.38512164354324 epoch=33 and step=50
2026-04-17 04:16:02,650 - SplitNNClient - INFO - 20996 - phase=train acc=0.7378125 loss=36.571036756038666 epoch=33 and step=50
2026-04-17 04:16:02,700 - SplitNNClient - INFO - 8580 - phase=train acc=0.73625 loss=37.91871041059494 epoch=33 and step=50
2026-04-17 04:16:02,774 - SplitNNClient - INFO - 21140 - phase=train acc=0.639375 loss=47.094101667404175 epoch=33 and step=50
2026-04-17 04:16:02,822 - SplitNNClient - INFO - 12532 - phase=train acc=0.71671875 loss=42.418565452098846 epoch=33 and step=50
2026-04-17 04:16:05,531 - SplitNNClient - INFO - 10312 - phase=train acc=0.7774739583333333 loss=39.95488226413727 epoch=33 and step=60
2026-04-17 04:16:05,578 - SplitNNClient - INFO - 20996 - phase=train acc=0.7369791666666666 loss=43.85955208539963 epoch=33 and step=60
2026-04-17 04:16:05,655 - SplitNNClient - INFO - 8580 - phase=train acc=0.7361979166666667 loss=45.47232913970947 epoch=33 and step=60
2026-04-17 04:16:05,721 - SplitNNClient - INFO - 12532 - phase=train acc=0.719140625 loss=50.26141607761383 epoch=33 and step=60
2026-04-17 04:16:08,076 - SplitNNClient - INFO - 10312 - phase=train acc=0.7793526785714285 loss=45.983225762844086 epoch=33 and step=70
2026-04-17 04:16:08,236 - SplitNNClient - INFO - 12532 - phase=train acc=0.7183035714285714 loss=58.53977447748184 epoch=33 and step=70
2026-04-17 04:16:09,855 - SplitNNClient - INFO - 10312 - phase=train acc=0.7791015625 loss=52.461705803871155 epoch=33 and step=80
2026-04-17 04:16:11,437 - SplitNNClient - INFO - 10312 - phase=train acc=0.7803819444444444 loss=58.823438227176666 epoch=33 and step=90
2026-04-17 04:16:13,009 - SplitNNClient - INFO - 10312 - phase=train acc=0.779609375 loss=65.4291787147522 epoch=33 and step=100
2026-04-17 04:16:14,552 - SplitNNClient - INFO - 10312 - phase=train acc=0.7810369318181818 loss=71.69767218828201 epoch=33 and step=110
2026-04-17 04:16:16,031 - SplitNNClient - INFO - 10312 - phase=train acc=0.7806640625 loss=78.20033049583435 epoch=33 and step=120
2026-04-17 04:16:16,381 - FedServerManager - INFO - 9648 - get all model params ---- from rank fed_server
2026-04-17 04:16:28,740 - SplitNNClient - INFO - 12532 - phase=validation acc=0.7112 loss=62.37157601118088 epoch=33 and step=79
2026-04-17 04:16:28,809 - SplitNNClient - INFO - 10312 - phase=validation acc=0.7112 loss=62.37157601118088 epoch=33 and step=79
2026-04-17 04:16:28,842 - SplitNNClient - INFO - 21140 - phase=validation acc=0.7112 loss=62.37157601118088 epoch=33 and step=79
2026-04-17 04:16:28,913 - SplitNNClient - INFO - 8580 - phase=validation acc=0.7112 loss=62.37157601118088 epoch=33 and step=79
2026-04-17 04:16:28,927 - SplitNNClient - INFO - 20996 - phase=validation acc=0.7112 loss=62.37157601118088 epoch=33 and step=79
2026-04-17 04:16:31,869 - SplitNNClient - INFO - 20996 - phase=train acc=0.7078125 loss=8.208923518657684 epoch=34 and step=10
2026-04-17 04:16:31,918 - SplitNNClient - INFO - 12532 - phase=train acc=0.69765625 loss=9.342594563961029 epoch=34 and step=10
2026-04-17 04:16:31,975 - SplitNNClient - INFO - 21140 - phase=train acc=0.63203125 loss=10.26638799905777 epoch=34 and step=10
2026-04-17 04:16:32,051 - SplitNNClient - INFO - 8580 - phase=train acc=0.74609375 loss=7.277322471141815 epoch=34 and step=10
2026-04-17 04:16:32,103 - SplitNNClient - INFO - 10312 - phase=train acc=0.7734375 loss=6.754586756229401 epoch=34 and step=10
2026-04-17 04:16:34,910 - SplitNNClient - INFO - 20996 - phase=train acc=0.73125 loss=14.8793423473835 epoch=34 and step=20
2026-04-17 04:16:34,956 - SplitNNClient - INFO - 12532 - phase=train acc=0.70625 loss=17.810555934906006 epoch=34 and step=20
2026-04-17 04:16:35,041 - SplitNNClient - INFO - 8580 - phase=train acc=0.73984375 loss=14.927129983901978 epoch=34 and step=20
2026-04-17 04:16:35,095 - SplitNNClient - INFO - 21140 - phase=train acc=0.648046875 loss=19.0077685713768 epoch=34 and step=20
2026-04-17 04:16:35,169 - SplitNNClient - INFO - 10312 - phase=train acc=0.778125 loss=13.271142423152924 epoch=34 and step=20
2026-04-17 04:16:37,952 - SplitNNClient - INFO - 20996 - phase=train acc=0.734375 loss=22.38593253493309 epoch=34 and step=30
2026-04-17 04:16:38,033 - SplitNNClient - INFO - 12532 - phase=train acc=0.7158854166666667 loss=25.855002522468567 epoch=34 and step=30
2026-04-17 04:16:38,085 - SplitNNClient - INFO - 8580 - phase=train acc=0.7356770833333334 loss=22.799559593200684 epoch=34 and step=30
2026-04-17 04:16:38,135 - SplitNNClient - INFO - 21140 - phase=train acc=0.6591145833333333 loss=27.639406383037567 epoch=34 and step=30
2026-04-17 04:16:38,209 - SplitNNClient - INFO - 10312 - phase=train acc=0.7721354166666666 loss=20.00537744164467 epoch=34 and step=30
2026-04-17 04:16:41,170 - SplitNNClient - INFO - 20996 - phase=train acc=0.7373046875 loss=28.900923162698746 epoch=34 and step=40
2026-04-17 04:16:41,251 - SplitNNClient - INFO - 12532 - phase=train acc=0.7185546875 loss=33.947927474975586 epoch=34 and step=40
2026-04-17 04:16:41,328 - SplitNNClient - INFO - 8580 - phase=train acc=0.74140625 loss=29.599271297454834 epoch=34 and step=40
2026-04-17 04:16:41,378 - SplitNNClient - INFO - 10312 - phase=train acc=0.7759765625 loss=26.035872250795364 epoch=34 and step=40
2026-04-17 04:16:41,425 - SplitNNClient - INFO - 21140 - phase=train acc=0.6564453125 loss=36.54017585515976 epoch=34 and step=40
2026-04-17 04:16:44,301 - SplitNNClient - INFO - 20996 - phase=train acc=0.73515625 loss=36.25628998875618 epoch=34 and step=50
2026-04-17 04:16:44,375 - SplitNNClient - INFO - 12532 - phase=train acc=0.7196875 loss=42.24778628349304 epoch=34 and step=50
2026-04-17 04:16:44,453 - SplitNNClient - INFO - 8580 - phase=train acc=0.74109375 loss=36.883769154548645 epoch=34 and step=50
2026-04-17 04:16:44,500 - SplitNNClient - INFO - 21140 - phase=train acc=0.65796875 loss=45.03915947675705 epoch=34 and step=50
2026-04-17 04:16:44,572 - SplitNNClient - INFO - 10312 - phase=train acc=0.77546875 loss=32.83998331427574 epoch=34 and step=50
2026-04-17 04:16:47,191 - SplitNNClient - INFO - 12532 - phase=train acc=0.723046875 loss=50.13809257745743 epoch=34 and step=60
2026-04-17 04:16:47,266 - SplitNNClient - INFO - 20996 - phase=train acc=0.737890625 loss=43.22061941027641 epoch=34 and step=60
2026-04-17 04:16:47,314 - SplitNNClient - INFO - 8580 - phase=train acc=0.740625 loss=44.25009310245514 epoch=34 and step=60
2026-04-17 04:16:47,390 - SplitNNClient - INFO - 10312 - phase=train acc=0.7755208333333333 loss=39.66799971461296 epoch=34 and step=60
2026-04-17 04:16:49,699 - SplitNNClient - INFO - 12532 - phase=train acc=0.7247767857142857 loss=58.319480240345 epoch=34 and step=70
2026-04-17 04:16:49,834 - SplitNNClient - INFO - 10312 - phase=train acc=0.7762276785714286 loss=46.23699823021889 epoch=34 and step=70
2026-04-17 04:16:51,539 - SplitNNClient - INFO - 10312 - phase=train acc=0.774609375 loss=53.07322505116463 epoch=34 and step=80
2026-04-17 04:16:53,057 - SplitNNClient - INFO - 10312 - phase=train acc=0.7723090277777778 loss=59.657929092645645 epoch=34 and step=90
2026-04-17 04:16:54,637 - SplitNNClient - INFO - 10312 - phase=train acc=0.772890625 loss=66.09879645705223 epoch=34 and step=100
2026-04-17 04:16:56,096 - SplitNNClient - INFO - 10312 - phase=train acc=0.7735085227272728 loss=72.75255325436592 epoch=34 and step=110
2026-04-17 04:16:57,553 - SplitNNClient - INFO - 10312 - phase=train acc=0.7727864583333334 loss=79.56399908661842 epoch=34 and step=120
2026-04-17 04:16:57,868 - FedServerManager - INFO - 9648 - get all model params ---- from rank fed_server
2026-04-17 04:17:10,054 - SplitNNClient - INFO - 10312 - phase=validation acc=0.7131 loss=62.14767926931381 epoch=34 and step=79
2026-04-17 04:17:10,239 - SplitNNClient - INFO - 12532 - phase=validation acc=0.7131 loss=62.14767926931381 epoch=34 and step=79
2026-04-17 04:17:10,555 - SplitNNClient - INFO - 21140 - phase=validation acc=0.7131 loss=62.14767926931381 epoch=34 and step=79
2026-04-17 04:17:10,609 - SplitNNClient - INFO - 20996 - phase=validation acc=0.7131 loss=62.14767926931381 epoch=34 and step=79
2026-04-17 04:17:10,986 - SplitNNClient - INFO - 8580 - phase=validation acc=0.7131 loss=62.14767926931381 epoch=34 and step=79
2026-04-17 04:17:13,941 - SplitNNClient - INFO - 12532 - phase=train acc=0.70078125 loss=8.938548266887665 epoch=35 and step=10
2026-04-17 04:17:14,018 - SplitNNClient - INFO - 8580 - phase=train acc=0.7171875 loss=8.140902280807495 epoch=35 and step=10
2026-04-17 04:17:14,063 - SplitNNClient - INFO - 21140 - phase=train acc=0.60546875 loss=11.025450646877289 epoch=35 and step=10
2026-04-17 04:17:14,135 - SplitNNClient - INFO - 20996 - phase=train acc=0.71640625 loss=7.817032098770142 epoch=35 and step=10
2026-04-17 04:17:14,210 - SplitNNClient - INFO - 10312 - phase=train acc=0.77421875 loss=6.921594738960266 epoch=35 and step=10
2026-04-17 04:17:17,141 - SplitNNClient - INFO - 12532 - phase=train acc=0.714453125 loss=16.85619968175888 epoch=35 and step=20
2026-04-17 04:17:17,196 - SplitNNClient - INFO - 21140 - phase=train acc=0.63125 loss=20.12810069322586 epoch=35 and step=20
2026-04-17 04:17:17,243 - SplitNNClient - INFO - 8580 - phase=train acc=0.728125 loss=15.783036530017853 epoch=35 and step=20
2026-04-17 04:17:17,321 - SplitNNClient - INFO - 20996 - phase=train acc=0.726171875 loss=14.923314869403839 epoch=35 and step=20
2026-04-17 04:17:17,402 - SplitNNClient - INFO - 10312 - phase=train acc=0.784375 loss=13.222843021154404 epoch=35 and step=20
2026-04-17 04:17:20,281 - SplitNNClient - INFO - 12532 - phase=train acc=0.71875 loss=24.855773210525513 epoch=35 and step=30
2026-04-17 04:17:20,356 - SplitNNClient - INFO - 21140 - phase=train acc=0.6427083333333333 loss=28.810686707496643 epoch=35 and step=30
2026-04-17 04:17:20,405 - SplitNNClient - INFO - 8580 - phase=train acc=0.7330729166666666 loss=23.051327347755432 epoch=35 and step=30
2026-04-17 04:17:20,475 - SplitNNClient - INFO - 10312 - phase=train acc=0.7828125 loss=19.75780948996544 epoch=35 and step=30
2026-04-17 04:17:20,547 - SplitNNClient - INFO - 20996 - phase=train acc=0.7385416666666667 loss=21.542888462543488 epoch=35 and step=30
2026-04-17 04:17:23,452 - SplitNNClient - INFO - 12532 - phase=train acc=0.725390625 loss=32.362573862075806 epoch=35 and step=40
2026-04-17 04:17:23,528 - SplitNNClient - INFO - 21140 - phase=train acc=0.6484375 loss=37.361736953258514 epoch=35 and step=40
2026-04-17 04:17:23,576 - SplitNNClient - INFO - 8580 - phase=train acc=0.73984375 loss=29.871702909469604 epoch=35 and step=40
2026-04-17 04:17:23,619 - SplitNNClient - INFO - 10312 - phase=train acc=0.783203125 loss=25.761807054281235 epoch=35 and step=40
2026-04-17 04:17:23,699 - SplitNNClient - INFO - 20996 - phase=train acc=0.740234375 loss=28.67487668991089 epoch=35 and step=40
2026-04-17 04:17:26,580 - SplitNNClient - INFO - 12532 - phase=train acc=0.7246875 loss=40.70599168539047 epoch=35 and step=50
2026-04-17 04:17:26,625 - SplitNNClient - INFO - 21140 - phase=train acc=0.655625 loss=45.73487323522568 epoch=35 and step=50
2026-04-17 04:17:26,710 - SplitNNClient - INFO - 8580 - phase=train acc=0.73890625 loss=37.09497666358948 epoch=35 and step=50
2026-04-17 04:17:26,763 - SplitNNClient - INFO - 10312 - phase=train acc=0.78171875 loss=32.16849419474602 epoch=35 and step=50
2026-04-17 04:17:26,807 - SplitNNClient - INFO - 20996 - phase=train acc=0.745625 loss=35.64551293849945 epoch=35 and step=50
2026-04-17 04:17:29,366 - SplitNNClient - INFO - 12532 - phase=train acc=0.730078125 loss=48.40734362602234 epoch=35 and step=60
2026-04-17 04:17:29,483 - SplitNNClient - INFO - 8580 - phase=train acc=0.7389322916666666 loss=44.89195591211319 epoch=35 and step=60
2026-04-17 04:17:29,556 - SplitNNClient - INFO - 10312 - phase=train acc=0.78203125 loss=38.49843978881836 epoch=35 and step=60
2026-04-17 04:17:29,674 - SplitNNClient - INFO - 20996 - phase=train acc=0.7485677083333333 loss=42.30454099178314 epoch=35 and step=60
2026-04-17 04:17:31,904 - SplitNNClient - INFO - 12532 - phase=train acc=0.7309151785714286 loss=56.48302525281906 epoch=35 and step=70
2026-04-17 04:17:32,064 - SplitNNClient - INFO - 10312 - phase=train acc=0.7839285714285714 loss=44.54671886563301 epoch=35 and step=70
2026-04-17 04:17:33,769 - SplitNNClient - INFO - 10312 - phase=train acc=0.78349609375 loss=50.99153283238411 epoch=35 and step=80
2026-04-17 04:17:35,346 - SplitNNClient - INFO - 10312 - phase=train acc=0.7831597222222222 loss=57.29574504494667 epoch=35 and step=90
2026-04-17 04:17:36,921 - SplitNNClient - INFO - 10312 - phase=train acc=0.783046875 loss=63.58167037367821 epoch=35 and step=100
2026-04-17 04:17:38,577 - SplitNNClient - INFO - 10312 - phase=train acc=0.7819602272727273 loss=70.46957823634148 epoch=35 and step=110
2026-04-17 04:17:40,150 - SplitNNClient - INFO - 10312 - phase=train acc=0.7817708333333333 loss=77.21516409516335 epoch=35 and step=120
2026-04-17 04:17:40,516 - FedServerManager - INFO - 9648 - get all model params ---- from rank fed_server
2026-04-17 04:17:52,751 - SplitNNClient - INFO - 10312 - phase=validation acc=0.7197 loss=61.44703388214111 epoch=35 and step=79
2026-04-17 04:17:52,812 - SplitNNClient - INFO - 21140 - phase=validation acc=0.7197 loss=61.44703388214111 epoch=35 and step=79
2026-04-17 04:17:52,862 - SplitNNClient - INFO - 20996 - phase=validation acc=0.7197 loss=61.44703388214111 epoch=35 and step=79
2026-04-17 04:17:52,945 - SplitNNClient - INFO - 12532 - phase=validation acc=0.7197 loss=61.44703388214111 epoch=35 and step=79
2026-04-17 04:17:53,348 - SplitNNClient - INFO - 8580 - phase=validation acc=0.7197 loss=61.44703388214111 epoch=35 and step=79
2026-04-17 04:17:56,531 - SplitNNClient - INFO - 8580 - phase=train acc=0.7375 loss=7.71995621919632 epoch=36 and step=10
2026-04-17 04:17:56,600 - SplitNNClient - INFO - 10312 - phase=train acc=0.77109375 loss=6.92807275056839 epoch=36 and step=10
2026-04-17 04:17:56,652 - SplitNNClient - INFO - 21140 - phase=train acc=0.65546875 loss=9.644658029079437 epoch=36 and step=10
2026-04-17 04:17:56,691 - SplitNNClient - INFO - 12532 - phase=train acc=0.7265625 loss=8.516127169132233 epoch=36 and step=10
2026-04-17 04:17:56,763 - SplitNNClient - INFO - 20996 - phase=train acc=0.7328125 loss=7.63420832157135 epoch=36 and step=10
2026-04-17 04:17:59,704 - SplitNNClient - INFO - 8580 - phase=train acc=0.750390625 loss=14.647916316986084 epoch=36 and step=20
2026-04-17 04:17:59,748 - SplitNNClient - INFO - 10312 - phase=train acc=0.7765625 loss=13.291540086269379 epoch=36 and step=20
2026-04-17 04:17:59,795 - SplitNNClient - INFO - 21140 - phase=train acc=0.66640625 loss=18.014061331748962 epoch=36 and step=20
2026-04-17 04:17:59,868 - SplitNNClient - INFO - 12532 - phase=train acc=0.724609375 loss=16.656914055347443 epoch=36 and step=20
2026-04-17 04:17:59,917 - SplitNNClient - INFO - 20996 - phase=train acc=0.741015625 loss=14.671610355377197 epoch=36 and step=20
2026-04-17 04:18:02,834 - SplitNNClient - INFO - 8580 - phase=train acc=0.7520833333333333 loss=21.563827514648438 epoch=36 and step=30
2026-04-17 04:18:02,877 - SplitNNClient - INFO - 10312 - phase=train acc=0.7747395833333334 loss=19.813302636146545 epoch=36 and step=30
2026-04-17 04:18:02,954 - SplitNNClient - INFO - 21140 - phase=train acc=0.665625 loss=26.70651090145111 epoch=36 and step=30
2026-04-17 04:18:03,032 - SplitNNClient - INFO - 12532 - phase=train acc=0.73046875 loss=23.96250069141388 epoch=36 and step=30
2026-04-17 04:18:03,087 - SplitNNClient - INFO - 20996 - phase=train acc=0.7390625 loss=22.042459964752197 epoch=36 and step=30
2026-04-17 04:18:05,977 - SplitNNClient - INFO - 8580 - phase=train acc=0.7482421875 loss=29.000106990337372 epoch=36 and step=40
2026-04-17 04:18:06,030 - SplitNNClient - INFO - 10312 - phase=train acc=0.773828125 loss=26.510127902030945 epoch=36 and step=40
2026-04-17 04:18:06,104 - SplitNNClient - INFO - 21140 - phase=train acc=0.66953125 loss=35.109197199344635 epoch=36 and step=40
2026-04-17 04:18:06,155 - SplitNNClient - INFO - 12532 - phase=train acc=0.73125 loss=32.09132122993469 epoch=36 and step=40
2026-04-17 04:18:06,226 - SplitNNClient - INFO - 20996 - phase=train acc=0.748828125 loss=28.392028272151947 epoch=36 and step=40
2026-04-17 04:18:09,204 - SplitNNClient - INFO - 8580 - phase=train acc=0.74640625 loss=36.30132269859314 epoch=36 and step=50
2026-04-17 04:18:09,249 - SplitNNClient - INFO - 10312 - phase=train acc=0.77484375 loss=32.99038738012314 epoch=36 and step=50
2026-04-17 04:18:09,329 - SplitNNClient - INFO - 12532 - phase=train acc=0.7340625 loss=39.86756145954132 epoch=36 and step=50
2026-04-17 04:18:09,406 - SplitNNClient - INFO - 21140 - phase=train acc=0.6734375 loss=43.64029538631439 epoch=36 and step=50
2026-04-17 04:18:09,459 - SplitNNClient - INFO - 20996 - phase=train acc=0.75171875 loss=35.2551554441452 epoch=36 and step=50
2026-04-17 04:18:11,988 - SplitNNClient - INFO - 8580 - phase=train acc=0.7473958333333334 loss=43.26581513881683 epoch=36 and step=60
2026-04-17 04:18:12,140 - SplitNNClient - INFO - 10312 - phase=train acc=0.7748697916666667 loss=39.38757503032684 epoch=36 and step=60
2026-04-17 04:18:12,215 - SplitNNClient - INFO - 12532 - phase=train acc=0.7373697916666667 loss=47.22471284866333 epoch=36 and step=60
2026-04-17 04:18:12,315 - SplitNNClient - INFO - 20996 - phase=train acc=0.7516927083333333 loss=42.22620332241058 epoch=36 and step=60
2026-04-17 04:18:14,641 - SplitNNClient - INFO - 10312 - phase=train acc=0.77890625 loss=45.26156371831894 epoch=36 and step=70
2026-04-17 04:18:14,708 - SplitNNClient - INFO - 12532 - phase=train acc=0.7373883928571429 loss=55.17769968509674 epoch=36 and step=70
2026-04-17 04:18:16,402 - SplitNNClient - INFO - 10312 - phase=train acc=0.78076171875 loss=51.35736098885536 epoch=36 and step=80
2026-04-17 04:18:17,976 - SplitNNClient - INFO - 10312 - phase=train acc=0.7795138888888888 loss=57.797710210084915 epoch=36 and step=90
2026-04-17 04:18:19,377 - SplitNNClient - INFO - 10312 - phase=train acc=0.780546875 loss=64.19106772542 epoch=36 and step=100
2026-04-17 04:18:20,745 - SplitNNClient - INFO - 10312 - phase=train acc=0.78125 loss=70.31273350119591 epoch=36 and step=110
2026-04-17 04:18:22,282 - SplitNNClient - INFO - 10312 - phase=train acc=0.7815755208333334 loss=76.9886046051979 epoch=36 and step=120
2026-04-17 04:18:22,663 - FedServerManager - INFO - 9648 - get all model params ---- from rank fed_server
2026-04-17 04:18:35,058 - SplitNNClient - INFO - 12532 - phase=validation acc=0.7258 loss=59.89136183261871 epoch=36 and step=79
2026-04-17 04:18:35,152 - SplitNNClient - INFO - 10312 - phase=validation acc=0.7258 loss=59.89136183261871 epoch=36 and step=79
2026-04-17 04:18:35,190 - SplitNNClient - INFO - 21140 - phase=validation acc=0.7258 loss=59.89136183261871 epoch=36 and step=79
2026-04-17 04:18:35,262 - SplitNNClient - INFO - 20996 - phase=validation acc=0.7258 loss=59.89136183261871 epoch=36 and step=79
2026-04-17 04:18:35,401 - SplitNNClient - INFO - 8580 - phase=validation acc=0.7258 loss=59.89136183261871 epoch=36 and step=79
2026-04-17 04:18:38,413 - SplitNNClient - INFO - 10312 - phase=train acc=0.77890625 loss=6.8193506598472595 epoch=37 and step=10
2026-04-17 04:18:38,482 - SplitNNClient - INFO - 20996 - phase=train acc=0.740625 loss=7.6752073764801025 epoch=37 and step=10
2026-04-17 04:18:38,534 - SplitNNClient - INFO - 21140 - phase=train acc=0.61953125 loss=10.334700226783752 epoch=37 and step=10
2026-04-17 04:18:38,614 - SplitNNClient - INFO - 8580 - phase=train acc=0.76640625 loss=7.358441472053528 epoch=37 and step=10
2026-04-17 04:18:38,666 - SplitNNClient - INFO - 12532 - phase=train acc=0.6890625 loss=9.294044077396393 epoch=37 and step=10
2026-04-17 04:18:41,546 - SplitNNClient - INFO - 10312 - phase=train acc=0.782421875 loss=12.89567506313324 epoch=37 and step=20
2026-04-17 04:18:41,594 - SplitNNClient - INFO - 20996 - phase=train acc=0.741015625 loss=14.898319959640503 epoch=37 and step=20
2026-04-17 04:18:41,670 - SplitNNClient - INFO - 21140 - phase=train acc=0.6375 loss=19.161685705184937 epoch=37 and step=20
2026-04-17 04:18:41,717 - SplitNNClient - INFO - 8580 - phase=train acc=0.758203125 loss=14.538680136203766 epoch=37 and step=20
2026-04-17 04:18:41,787 - SplitNNClient - INFO - 12532 - phase=train acc=0.7171875 loss=16.802428007125854 epoch=37 and step=20
2026-04-17 04:18:44,714 - SplitNNClient - INFO - 10312 - phase=train acc=0.7802083333333333 loss=19.408221006393433 epoch=37 and step=30
2026-04-17 04:18:44,831 - SplitNNClient - INFO - 20996 - phase=train acc=0.7471354166666667 loss=21.492815554142 epoch=37 and step=30
2026-04-17 04:18:44,910 - SplitNNClient - INFO - 21140 - phase=train acc=0.6481770833333333 loss=27.735936164855957 epoch=37 and step=30
2026-04-17 04:18:44,963 - SplitNNClient - INFO - 8580 - phase=train acc=0.7567708333333333 loss=21.64239352941513 epoch=37 and step=30
2026-04-17 04:18:45,078 - SplitNNClient - INFO - 12532 - phase=train acc=0.7278645833333334 loss=24.29105967283249 epoch=37 and step=30
2026-04-17 04:18:47,836 - SplitNNClient - INFO - 10312 - phase=train acc=0.7779296875 loss=25.703514635562897 epoch=37 and step=40
2026-04-17 04:18:47,988 - SplitNNClient - INFO - 20996 - phase=train acc=0.7484375 loss=28.393470406532288 epoch=37 and step=40
2026-04-17 04:18:48,038 - SplitNNClient - INFO - 21140 - phase=train acc=0.6537109375 loss=36.09009438753128 epoch=37 and step=40
2026-04-17 04:18:48,111 - SplitNNClient - INFO - 8580 - phase=train acc=0.7544921875 loss=28.75974541902542 epoch=37 and step=40
2026-04-17 04:18:48,235 - SplitNNClient - INFO - 12532 - phase=train acc=0.7330078125 loss=31.931731402873993 epoch=37 and step=40
2026-04-17 04:18:50,994 - SplitNNClient - INFO - 10312 - phase=train acc=0.78125 loss=31.858985245227814 epoch=37 and step=50
2026-04-17 04:18:51,137 - SplitNNClient - INFO - 20996 - phase=train acc=0.75359375 loss=35.069476306438446 epoch=37 and step=50
2026-04-17 04:18:51,190 - SplitNNClient - INFO - 21140 - phase=train acc=0.66125 loss=44.254159688949585 epoch=37 and step=50
2026-04-17 04:18:51,239 - SplitNNClient - INFO - 8580 - phase=train acc=0.75515625 loss=35.691492199897766 epoch=37 and step=50
2026-04-17 04:18:51,391 - SplitNNClient - INFO - 12532 - phase=train acc=0.7328125 loss=39.58917051553726 epoch=37 and step=50
2026-04-17 04:18:53,874 - SplitNNClient - INFO - 10312 - phase=train acc=0.7846354166666667 loss=37.82754674553871 epoch=37 and step=60
2026-04-17 04:18:53,993 - SplitNNClient - INFO - 20996 - phase=train acc=0.755078125 loss=41.965870678424835 epoch=37 and step=60
2026-04-17 04:18:54,042 - SplitNNClient - INFO - 8580 - phase=train acc=0.7546875 loss=42.67323648929596 epoch=37 and step=60
2026-04-17 04:18:54,219 - SplitNNClient - INFO - 12532 - phase=train acc=0.7352864583333333 loss=46.886047184467316 epoch=37 and step=60
2026-04-17 04:18:56,396 - SplitNNClient - INFO - 10312 - phase=train acc=0.7872767857142857 loss=43.68060877919197 epoch=37 and step=70
2026-04-17 04:18:56,649 - SplitNNClient - INFO - 12532 - phase=train acc=0.7347098214285714 loss=55.0369439125061 epoch=37 and step=70
2026-04-17 04:18:58,174 - SplitNNClient - INFO - 10312 - phase=train acc=0.78662109375 loss=49.89585781097412 epoch=37 and step=80
2026-04-17 04:18:59,756 - SplitNNClient - INFO - 10312 - phase=train acc=0.7881944444444444 loss=55.885316759347916 epoch=37 and step=90
2026-04-17 04:19:01,179 - SplitNNClient - INFO - 10312 - phase=train acc=0.786484375 loss=62.74999585747719 epoch=37 and step=100
2026-04-17 04:19:02,759 - SplitNNClient - INFO - 10312 - phase=train acc=0.7881392045454545 loss=68.58368691802025 epoch=37 and step=110
2026-04-17 04:19:04,340 - SplitNNClient - INFO - 10312 - phase=train acc=0.7911458333333333 loss=73.9653649032116 epoch=37 and step=120
2026-04-17 04:19:04,731 - FedServerManager - INFO - 9648 - get all model params ---- from rank fed_server
2026-04-17 04:19:16,889 - SplitNNClient - INFO - 10312 - phase=validation acc=0.7352 loss=58.37218999862671 epoch=37 and step=79
2026-04-17 04:19:17,139 - SplitNNClient - INFO - 12532 - phase=validation acc=0.7352 loss=58.37218999862671 epoch=37 and step=79
2026-04-17 04:19:17,153 - SplitNNClient - INFO - 8580 - phase=validation acc=0.7352 loss=58.37218999862671 epoch=37 and step=79
2026-04-17 04:19:17,402 - SplitNNClient - INFO - 21140 - phase=validation acc=0.7352 loss=58.37218999862671 epoch=37 and step=79
2026-04-17 04:19:17,758 - SplitNNClient - INFO - 20996 - phase=validation acc=0.7352 loss=58.37218999862671 epoch=37 and step=79
2026-04-17 04:19:20,830 - SplitNNClient - INFO - 8580 - phase=train acc=0.75234375 loss=7.038773596286774 epoch=38 and step=10
2026-04-17 04:19:20,882 - SplitNNClient - INFO - 21140 - phase=train acc=0.6390625 loss=10.021683096885681 epoch=38 and step=10
2026-04-17 04:19:20,932 - SplitNNClient - INFO - 10312 - phase=train acc=0.7625 loss=6.8476226925849915 epoch=38 and step=10
2026-04-17 04:19:20,982 - SplitNNClient - INFO - 12532 - phase=train acc=0.71015625 loss=8.617657244205475 epoch=38 and step=10
2026-04-17 04:19:21,060 - SplitNNClient - INFO - 20996 - phase=train acc=0.75390625 loss=7.21277129650116 epoch=38 and step=10
2026-04-17 04:19:23,973 - SplitNNClient - INFO - 8580 - phase=train acc=0.748046875 loss=14.580867767333984 epoch=38 and step=20
2026-04-17 04:19:24,017 - SplitNNClient - INFO - 21140 - phase=train acc=0.66875 loss=18.55046433210373 epoch=38 and step=20
2026-04-17 04:19:24,095 - SplitNNClient - INFO - 10312 - phase=train acc=0.78671875 loss=12.533920645713806 epoch=38 and step=20
2026-04-17 04:19:24,167 - SplitNNClient - INFO - 12532 - phase=train acc=0.725390625 loss=16.31225824356079 epoch=38 and step=20
2026-04-17 04:19:24,210 - SplitNNClient - INFO - 20996 - phase=train acc=0.766015625 loss=13.617129027843475 epoch=38 and step=20
2026-04-17 04:19:27,127 - SplitNNClient - INFO - 8580 - phase=train acc=0.75078125 loss=21.499067723751068 epoch=38 and step=30
2026-04-17 04:19:27,206 - SplitNNClient - INFO - 21140 - phase=train acc=0.6721354166666667 loss=27.336815893650055 epoch=38 and step=30
2026-04-17 04:19:27,253 - SplitNNClient - INFO - 10312 - phase=train acc=0.78984375 loss=18.779338479042053 epoch=38 and step=30
2026-04-17 04:19:27,328 - SplitNNClient - INFO - 12532 - phase=train acc=0.7330729166666666 loss=23.998701632022858 epoch=38 and step=30
2026-04-17 04:19:27,378 - SplitNNClient - INFO - 20996 - phase=train acc=0.7591145833333334 loss=20.755225718021393 epoch=38 and step=30
2026-04-17 04:19:30,203 - SplitNNClient - INFO - 8580 - phase=train acc=0.753515625 loss=28.38057452440262 epoch=38 and step=40
2026-04-17 04:19:30,334 - SplitNNClient - INFO - 21140 - phase=train acc=0.67109375 loss=35.822833240032196 epoch=38 and step=40
2026-04-17 04:19:30,383 - SplitNNClient - INFO - 10312 - phase=train acc=0.7966796875 loss=24.334795624017715 epoch=38 and step=40
2026-04-17 04:19:30,512 - SplitNNClient - INFO - 12532 - phase=train acc=0.7373046875 loss=31.456178426742554 epoch=38 and step=40
2026-04-17 04:19:30,582 - SplitNNClient - INFO - 20996 - phase=train acc=0.7568359375 loss=27.614505887031555 epoch=38 and step=40
2026-04-17 04:19:33,306 - SplitNNClient - INFO - 8580 - phase=train acc=0.75359375 loss=35.35660535097122 epoch=38 and step=50
2026-04-17 04:19:33,484 - SplitNNClient - INFO - 21140 - phase=train acc=0.675 loss=43.881634056568146 epoch=38 and step=50
2026-04-17 04:19:33,532 - SplitNNClient - INFO - 10312 - phase=train acc=0.79703125 loss=29.94558495283127 epoch=38 and step=50
2026-04-17 04:19:33,667 - SplitNNClient - INFO - 12532 - phase=train acc=0.7403125 loss=38.818274974823 epoch=38 and step=50
2026-04-17 04:19:33,738 - SplitNNClient - INFO - 20996 - phase=train acc=0.75796875 loss=34.41088283061981 epoch=38 and step=50
2026-04-17 04:19:36,155 - SplitNNClient - INFO - 8580 - phase=train acc=0.7545572916666666 loss=42.386822044849396 epoch=38 and step=60
2026-04-17 04:19:36,333 - SplitNNClient - INFO - 10312 - phase=train acc=0.792578125 loss=36.289326786994934 epoch=38 and step=60
2026-04-17 04:19:36,459 - SplitNNClient - INFO - 12532 - phase=train acc=0.738671875 loss=46.77141237258911 epoch=38 and step=60
2026-04-17 04:19:36,527 - SplitNNClient - INFO - 20996 - phase=train acc=0.7575520833333333 loss=41.52831643819809 epoch=38 and step=60
2026-04-17 04:19:38,931 - SplitNNClient - INFO - 10312 - phase=train acc=0.7939732142857143 loss=42.149619698524475 epoch=38 and step=70
2026-04-17 04:19:38,973 - SplitNNClient - INFO - 12532 - phase=train acc=0.7373883928571429 loss=54.73026543855667 epoch=38 and step=70
2026-04-17 04:19:40,681 - SplitNNClient - INFO - 10312 - phase=train acc=0.79365234375 loss=48.48813217878342 epoch=38 and step=80
2026-04-17 04:19:42,241 - SplitNNClient - INFO - 10312 - phase=train acc=0.7933159722222223 loss=54.51185202598572 epoch=38 and step=90
2026-04-17 04:19:43,825 - SplitNNClient - INFO - 10312 - phase=train acc=0.791875 loss=60.865771412849426 epoch=38 and step=100
2026-04-17 04:19:45,399 - SplitNNClient - INFO - 10312 - phase=train acc=0.791690340909091 loss=67.23684054613113 epoch=38 and step=110
2026-04-17 04:19:46,971 - SplitNNClient - INFO - 10312 - phase=train acc=0.7915364583333333 loss=73.41656219959259 epoch=38 and step=120
2026-04-17 04:19:47,333 - FedServerManager - INFO - 9648 - get all model params ---- from rank fed_server
2026-04-17 04:19:59,484 - SplitNNClient - INFO - 21140 - phase=validation acc=0.7332 loss=58.33804523944855 epoch=38 and step=79
2026-04-17 04:19:59,541 - SplitNNClient - INFO - 10312 - phase=validation acc=0.7332 loss=58.33804523944855 epoch=38 and step=79
2026-04-17 04:19:59,713 - SplitNNClient - INFO - 8580 - phase=validation acc=0.7332 loss=58.33804523944855 epoch=38 and step=79
2026-04-17 04:19:59,746 - SplitNNClient - INFO - 12532 - phase=validation acc=0.7332 loss=58.33804523944855 epoch=38 and step=79
2026-04-17 04:19:59,830 - SplitNNClient - INFO - 20996 - phase=validation acc=0.7332 loss=58.33804523944855 epoch=38 and step=79
2026-04-17 04:20:02,901 - SplitNNClient - INFO - 8580 - phase=train acc=0.75234375 loss=7.017355978488922 epoch=39 and step=10
2026-04-17 04:20:02,946 - SplitNNClient - INFO - 20996 - phase=train acc=0.725 loss=7.733630836009979 epoch=39 and step=10
2026-04-17 04:20:03,024 - SplitNNClient - INFO - 10312 - phase=train acc=0.77578125 loss=6.521324157714844 epoch=39 and step=10
2026-04-17 04:20:03,097 - SplitNNClient - INFO - 12532 - phase=train acc=0.721875 loss=8.652226686477661 epoch=39 and step=10
2026-04-17 04:20:03,149 - SplitNNClient - INFO - 21140 - phase=train acc=0.6265625 loss=9.869404256343842 epoch=39 and step=10
2026-04-17 04:20:06,034 - SplitNNClient - INFO - 8580 - phase=train acc=0.7546875 loss=13.998465418815613 epoch=39 and step=20
2026-04-17 04:20:06,108 - SplitNNClient - INFO - 20996 - phase=train acc=0.744140625 loss=14.702141284942627 epoch=39 and step=20
2026-04-17 04:20:06,180 - SplitNNClient - INFO - 10312 - phase=train acc=0.787109375 loss=12.421367347240448 epoch=39 and step=20
2026-04-17 04:20:06,250 - SplitNNClient - INFO - 12532 - phase=train acc=0.725390625 loss=16.69564777612686 epoch=39 and step=20
2026-04-17 04:20:06,328 - SplitNNClient - INFO - 21140 - phase=train acc=0.64609375 loss=18.424069225788116 epoch=39 and step=20
2026-04-17 04:20:09,205 - SplitNNClient - INFO - 8580 - phase=train acc=0.75703125 loss=21.257396340370178 epoch=39 and step=30
2026-04-17 04:20:09,280 - SplitNNClient - INFO - 20996 - phase=train acc=0.7486979166666666 loss=21.60106098651886 epoch=39 and step=30
2026-04-17 04:20:09,327 - SplitNNClient - INFO - 10312 - phase=train acc=0.7953125 loss=17.999851495027542 epoch=39 and step=30
2026-04-17 04:20:09,401 - SplitNNClient - INFO - 12532 - phase=train acc=0.7341145833333333 loss=24.054166853427887 epoch=39 and step=30
2026-04-17 04:20:09,480 - SplitNNClient - INFO - 21140 - phase=train acc=0.6552083333333333 loss=26.867815375328064 epoch=39 and step=30
2026-04-17 04:20:12,349 - SplitNNClient - INFO - 8580 - phase=train acc=0.7568359375 loss=28.43368685245514 epoch=39 and step=40
2026-04-17 04:20:12,417 - SplitNNClient - INFO - 20996 - phase=train acc=0.75390625 loss=28.067358076572418 epoch=39 and step=40
2026-04-17 04:20:12,470 - SplitNNClient - INFO - 10312 - phase=train acc=0.7908203125 loss=24.131604999303818 epoch=39 and step=40
2026-04-17 04:20:12,515 - SplitNNClient - INFO - 12532 - phase=train acc=0.73984375 loss=31.494484066963196 epoch=39 and step=40
2026-04-17 04:20:12,597 - SplitNNClient - INFO - 21140 - phase=train acc=0.6587890625 loss=35.205832064151764 epoch=39 and step=40
2026-04-17 04:20:15,514 - SplitNNClient - INFO - 20996 - phase=train acc=0.75203125 loss=34.829164147377014 epoch=39 and step=50
2026-04-17 04:20:15,642 - SplitNNClient - INFO - 8580 - phase=train acc=0.75609375 loss=35.45668363571167 epoch=39 and step=50
2026-04-17 04:20:15,713 - SplitNNClient - INFO - 10312 - phase=train acc=0.79046875 loss=30.25647658109665 epoch=39 and step=50
2026-04-17 04:20:15,788 - SplitNNClient - INFO - 12532 - phase=train acc=0.74 loss=39.15369641780853 epoch=39 and step=50
2026-04-17 04:20:15,884 - SplitNNClient - INFO - 21140 - phase=train acc=0.6634375 loss=43.48949557542801 epoch=39 and step=50
2026-04-17 04:20:18,426 - SplitNNClient - INFO - 20996 - phase=train acc=0.7545572916666666 loss=41.46029889583588 epoch=39 and step=60
2026-04-17 04:20:18,508 - SplitNNClient - INFO - 8580 - phase=train acc=0.7536458333333333 loss=42.67966425418854 epoch=39 and step=60
2026-04-17 04:20:18,559 - SplitNNClient - INFO - 10312 - phase=train acc=0.7915364583333333 loss=36.00973165035248 epoch=39 and step=60
2026-04-17 04:20:18,631 - SplitNNClient - INFO - 12532 - phase=train acc=0.7393229166666667 loss=46.69197326898575 epoch=39 and step=60
2026-04-17 04:20:21,064 - SplitNNClient - INFO - 10312 - phase=train acc=0.7900669642857143 loss=42.20665553212166 epoch=39 and step=70
2026-04-17 04:20:21,105 - SplitNNClient - INFO - 12532 - phase=train acc=0.7378348214285714 loss=55.00475263595581 epoch=39 and step=70
2026-04-17 04:20:22,841 - SplitNNClient - INFO - 10312 - phase=train acc=0.7904296875 loss=48.34068521857262 epoch=39 and step=80
2026-04-17 04:20:24,410 - SplitNNClient - INFO - 10312 - phase=train acc=0.7913194444444445 loss=54.253985941410065 epoch=39 and step=90
2026-04-17 04:20:25,994 - SplitNNClient - INFO - 10312 - phase=train acc=0.791015625 loss=60.136628806591034 epoch=39 and step=100
2026-04-17 04:20:27,591 - SplitNNClient - INFO - 10312 - phase=train acc=0.7919034090909091 loss=66.30417615175247 epoch=39 and step=110
2026-04-17 04:20:29,192 - SplitNNClient - INFO - 10312 - phase=train acc=0.79296875 loss=72.15282666683197 epoch=39 and step=120
2026-04-17 04:20:29,542 - FedServerManager - INFO - 9648 - get all model params ---- from rank fed_server
2026-04-17 04:20:41,847 - SplitNNClient - INFO - 10312 - phase=validation acc=0.7462 loss=56.38822269439697 epoch=39 and step=79
2026-04-17 04:20:42,107 - SplitNNClient - INFO - 21140 - phase=validation acc=0.7462 loss=56.38822269439697 epoch=39 and step=79
2026-04-17 04:20:42,160 - SplitNNClient - INFO - 20996 - phase=validation acc=0.7462 loss=56.38822269439697 epoch=39 and step=79
2026-04-17 04:20:42,224 - SplitNNClient - INFO - 8580 - phase=validation acc=0.7462 loss=56.38822269439697 epoch=39 and step=79
2026-04-17 04:20:42,725 - SplitNNClient - INFO - 12532 - phase=validation acc=0.7462 loss=56.38822269439697 epoch=39 and step=79
2026-04-17 04:20:45,701 - SplitNNClient - INFO - 20996 - phase=train acc=0.7734375 loss=6.576109826564789 epoch=40 and step=10
2026-04-17 04:20:45,776 - SplitNNClient - INFO - 10312 - phase=train acc=0.77734375 loss=6.579422295093536 epoch=40 and step=10
2026-04-17 04:20:45,852 - SplitNNClient - INFO - 21140 - phase=train acc=0.6515625 loss=9.436630070209503 epoch=40 and step=10
2026-04-17 04:20:45,900 - SplitNNClient - INFO - 12532 - phase=train acc=0.74453125 loss=7.844335556030273 epoch=40 and step=10
2026-04-17 04:20:45,972 - SplitNNClient - INFO - 8580 - phase=train acc=0.7734375 loss=6.859411716461182 epoch=40 and step=10
2026-04-17 04:20:48,857 - SplitNNClient - INFO - 20996 - phase=train acc=0.7703125 loss=13.143126606941223 epoch=40 and step=20
2026-04-17 04:20:48,936 - SplitNNClient - INFO - 10312 - phase=train acc=0.787109375 loss=12.979903399944305 epoch=40 and step=20
2026-04-17 04:20:48,984 - SplitNNClient - INFO - 21140 - phase=train acc=0.662890625 loss=18.773829698562622 epoch=40 and step=20
2026-04-17 04:20:49,061 - SplitNNClient - INFO - 12532 - phase=train acc=0.73671875 loss=15.912260591983795 epoch=40 and step=20
2026-04-17 04:20:49,108 - SplitNNClient - INFO - 8580 - phase=train acc=0.759765625 loss=13.990728735923767 epoch=40 and step=20
2026-04-17 04:20:52,100 - SplitNNClient - INFO - 20996 - phase=train acc=0.76953125 loss=19.735877871513367 epoch=40 and step=30
2026-04-17 04:20:52,170 - SplitNNClient - INFO - 10312 - phase=train acc=0.7921875 loss=18.635197311639786 epoch=40 and step=30
2026-04-17 04:20:52,249 - SplitNNClient - INFO - 12532 - phase=train acc=0.7356770833333334 loss=24.014169335365295 epoch=40 and step=30
2026-04-17 04:20:52,295 - SplitNNClient - INFO - 21140 - phase=train acc=0.6682291666666667 loss=26.669391691684723 epoch=40 and step=30
2026-04-17 04:20:52,375 - SplitNNClient - INFO - 8580 - phase=train acc=0.7544270833333333 loss=21.044789612293243 epoch=40 and step=30
2026-04-17 04:20:55,251 - SplitNNClient - INFO - 20996 - phase=train acc=0.765234375 loss=26.195939362049103 epoch=40 and step=40
2026-04-17 04:20:55,324 - SplitNNClient - INFO - 12532 - phase=train acc=0.741796875 loss=31.078754663467407 epoch=40 and step=40
2026-04-17 04:20:55,377 - SplitNNClient - INFO - 10312 - phase=train acc=0.7990234375 loss=24.081306636333466 epoch=40 and step=40
2026-04-17 04:20:55,419 - SplitNNClient - INFO - 21140 - phase=train acc=0.6685546875 loss=34.979001581668854 epoch=40 and step=40
2026-04-17 04:20:55,499 - SplitNNClient - INFO - 8580 - phase=train acc=0.7560546875 loss=27.970320343971252 epoch=40 and step=40
2026-04-17 04:20:58,408 - SplitNNClient - INFO - 20996 - phase=train acc=0.76765625 loss=32.67112636566162 epoch=40 and step=50
2026-04-17 04:20:58,459 - SplitNNClient - INFO - 12532 - phase=train acc=0.741875 loss=38.68633282184601 epoch=40 and step=50
2026-04-17 04:20:58,534 - SplitNNClient - INFO - 10312 - phase=train acc=0.79875 loss=30.07956337928772 epoch=40 and step=50
2026-04-17 04:20:58,588 - SplitNNClient - INFO - 21140 - phase=train acc=0.67234375 loss=43.138581335544586 epoch=40 and step=50
2026-04-17 04:20:58,639 - SplitNNClient - INFO - 8580 - phase=train acc=0.75921875 loss=34.2156183719635 epoch=40 and step=50
2026-04-17 04:21:01,262 - SplitNNClient - INFO - 20996 - phase=train acc=0.765625 loss=39.52688080072403 epoch=40 and step=60
2026-04-17 04:21:01,340 - SplitNNClient - INFO - 12532 - phase=train acc=0.7473958333333334 loss=45.51163023710251 epoch=40 and step=60
2026-04-17 04:21:01,388 - SplitNNClient - INFO - 10312 - phase=train acc=0.7973958333333333 loss=36.11152285337448 epoch=40 and step=60
2026-04-17 04:21:01,470 - SplitNNClient - INFO - 8580 - phase=train acc=0.756640625 loss=41.427190721035004 epoch=40 and step=60
2026-04-17 04:21:03,841 - SplitNNClient - INFO - 12532 - phase=train acc=0.7478794642857143 loss=52.88130408525467 epoch=40 and step=70
2026-04-17 04:21:03,881 - SplitNNClient - INFO - 10312 - phase=train acc=0.7944196428571428 loss=42.42454123497009 epoch=40 and step=70
2026-04-17 04:21:05,643 - SplitNNClient - INFO - 10312 - phase=train acc=0.79228515625 loss=48.73567271232605 epoch=40 and step=80
2026-04-17 04:21:07,222 - SplitNNClient - INFO - 10312 - phase=train acc=0.7934895833333333 loss=54.28421926498413 epoch=40 and step=90
2026-04-17 04:21:08,788 - SplitNNClient - INFO - 10312 - phase=train acc=0.79390625 loss=60.298817813396454 epoch=40 and step=100
2026-04-17 04:21:10,354 - SplitNNClient - INFO - 10312 - phase=train acc=0.7938210227272727 loss=66.4185220003128 epoch=40 and step=110
2026-04-17 04:21:11,917 - SplitNNClient - INFO - 10312 - phase=train acc=0.793359375 loss=72.81375727057457 epoch=40 and step=120
2026-04-17 04:21:12,298 - FedServerManager - INFO - 9648 - get all model params ---- from rank fed_server
2026-04-17 04:21:24,522 - SplitNNClient - INFO - 21140 - phase=validation acc=0.7476 loss=56.34146413207054 epoch=40 and step=79
2026-04-17 04:21:24,634 - SplitNNClient - INFO - 20996 - phase=validation acc=0.7476 loss=56.34146413207054 epoch=40 and step=79
2026-04-17 04:21:24,736 - SplitNNClient - INFO - 12532 - phase=validation acc=0.7476 loss=56.34146413207054 epoch=40 and step=79
2026-04-17 04:21:24,737 - SplitNNClient - INFO - 10312 - phase=validation acc=0.7476 loss=56.34146413207054 epoch=40 and step=79
2026-04-17 04:21:24,894 - SplitNNClient - INFO - 8580 - phase=validation acc=0.7476 loss=56.34146413207054 epoch=40 and step=79
2026-04-17 04:21:27,971 - SplitNNClient - INFO - 10312 - phase=train acc=0.78203125 loss=6.396269649267197 epoch=41 and step=10
2026-04-17 04:21:28,045 - SplitNNClient - INFO - 20996 - phase=train acc=0.7390625 loss=7.404048323631287 epoch=41 and step=10
2026-04-17 04:21:28,100 - SplitNNClient - INFO - 8580 - phase=train acc=0.775 loss=6.604809463024139 epoch=41 and step=10
2026-04-17 04:21:28,155 - SplitNNClient - INFO - 12532 - phase=train acc=0.71953125 loss=8.005077183246613 epoch=41 and step=10
2026-04-17 04:21:28,229 - SplitNNClient - INFO - 21140 - phase=train acc=0.6453125 loss=9.015219807624817 epoch=41 and step=10
2026-04-17 04:21:31,137 - SplitNNClient - INFO - 10312 - phase=train acc=0.794921875 loss=11.892576694488525 epoch=41 and step=20
2026-04-17 04:21:31,190 - SplitNNClient - INFO - 20996 - phase=train acc=0.75234375 loss=13.898329019546509 epoch=41 and step=20
2026-04-17 04:21:31,262 - SplitNNClient - INFO - 8580 - phase=train acc=0.775 loss=13.241472065448761 epoch=41 and step=20
2026-04-17 04:21:31,316 - SplitNNClient - INFO - 12532 - phase=train acc=0.73828125 loss=15.360718071460724 epoch=41 and step=20
2026-04-17 04:21:31,394 - SplitNNClient - INFO - 21140 - phase=train acc=0.66328125 loss=17.528436541557312 epoch=41 and step=20
2026-04-17 04:21:34,266 - SplitNNClient - INFO - 10312 - phase=train acc=0.796875 loss=17.695916175842285 epoch=41 and step=30
2026-04-17 04:21:34,305 - SplitNNClient - INFO - 20996 - phase=train acc=0.75546875 loss=20.817353546619415 epoch=41 and step=30
2026-04-17 04:21:34,383 - SplitNNClient - INFO - 8580 - phase=train acc=0.7770833333333333 loss=19.526569724082947 epoch=41 and step=30
2026-04-17 04:21:34,430 - SplitNNClient - INFO - 12532 - phase=train acc=0.7390625 loss=22.959060847759247 epoch=41 and step=30
2026-04-17 04:21:34,507 - SplitNNClient - INFO - 21140 - phase=train acc=0.6736979166666667 loss=25.66007548570633 epoch=41 and step=30
2026-04-17 04:21:37,374 - SplitNNClient - INFO - 10312 - phase=train acc=0.7947265625 loss=24.128939509391785 epoch=41 and step=40
2026-04-17 04:21:37,452 - SplitNNClient - INFO - 20996 - phase=train acc=0.75390625 loss=27.70157355070114 epoch=41 and step=40
2026-04-17 04:21:37,533 - SplitNNClient - INFO - 8580 - phase=train acc=0.7708984375 loss=26.428947508335114 epoch=41 and step=40
2026-04-17 04:21:37,588 - SplitNNClient - INFO - 12532 - phase=train acc=0.743359375 loss=30.070326924324036 epoch=41 and step=40
2026-04-17 04:21:37,631 - SplitNNClient - INFO - 21140 - phase=train acc=0.67734375 loss=33.751174211502075 epoch=41 and step=40
2026-04-17 04:21:40,527 - SplitNNClient - INFO - 10312 - phase=train acc=0.79734375 loss=29.827562391757965 epoch=41 and step=50
2026-04-17 04:21:40,600 - SplitNNClient - INFO - 20996 - phase=train acc=0.7575 loss=34.2176818549633 epoch=41 and step=50
2026-04-17 04:21:40,679 - SplitNNClient - INFO - 8580 - phase=train acc=0.77203125 loss=32.84463030099869 epoch=41 and step=50
2026-04-17 04:21:40,732 - SplitNNClient - INFO - 12532 - phase=train acc=0.74765625 loss=37.54243451356888 epoch=41 and step=50
2026-04-17 04:21:40,780 - SplitNNClient - INFO - 21140 - phase=train acc=0.67859375 loss=42.040925443172455 epoch=41 and step=50
2026-04-17 04:21:43,363 - SplitNNClient - INFO - 10312 - phase=train acc=0.79921875 loss=35.611858516931534 epoch=41 and step=60
2026-04-17 04:21:43,534 - SplitNNClient - INFO - 20996 - phase=train acc=0.7598958333333333 loss=40.384340554475784 epoch=41 and step=60
2026-04-17 04:21:43,582 - SplitNNClient - INFO - 8580 - phase=train acc=0.7697916666666667 loss=39.743226766586304 epoch=41 and step=60
2026-04-17 04:21:43,728 - SplitNNClient - INFO - 12532 - phase=train acc=0.7484375 loss=45.008615612983704 epoch=41 and step=60
2026-04-17 04:21:45,950 - SplitNNClient - INFO - 10312 - phase=train acc=0.8005580357142857 loss=41.20021042227745 epoch=41 and step=70
2026-04-17 04:21:46,202 - SplitNNClient - INFO - 12532 - phase=train acc=0.7504464285714286 loss=52.089623391628265 epoch=41 and step=70
2026-04-17 04:21:47,700 - SplitNNClient - INFO - 10312 - phase=train acc=0.79921875 loss=47.43900591135025 epoch=41 and step=80
2026-04-17 04:21:49,241 - SplitNNClient - INFO - 10312 - phase=train acc=0.80078125 loss=53.00189930200577 epoch=41 and step=90
2026-04-17 04:21:50,816 - SplitNNClient - INFO - 10312 - phase=train acc=0.801875 loss=58.578943967819214 epoch=41 and step=100
2026-04-17 04:21:52,388 - SplitNNClient - INFO - 10312 - phase=train acc=0.8024857954545455 loss=64.25169041752815 epoch=41 and step=110
2026-04-17 04:21:53,955 - SplitNNClient - INFO - 10312 - phase=train acc=0.8020833333333334 loss=70.06378999352455 epoch=41 and step=120
2026-04-17 04:21:54,333 - FedServerManager - INFO - 9648 - get all model params ---- from rank fed_server
2026-04-17 04:22:06,442 - SplitNNClient - INFO - 10312 - phase=validation acc=0.7572 loss=54.04680770635605 epoch=41 and step=79
2026-04-17 04:22:06,513 - SplitNNClient - INFO - 21140 - phase=validation acc=0.7572 loss=54.04680770635605 epoch=41 and step=79
2026-04-17 04:22:06,728 - SplitNNClient - INFO - 20996 - phase=validation acc=0.7572 loss=54.04680770635605 epoch=41 and step=79
2026-04-17 04:22:06,792 - SplitNNClient - INFO - 8580 - phase=validation acc=0.7572 loss=54.04680770635605 epoch=41 and step=79
2026-04-17 04:22:06,835 - SplitNNClient - INFO - 12532 - phase=validation acc=0.7572 loss=54.04680770635605 epoch=41 and step=79
2026-04-17 04:22:09,828 - SplitNNClient - INFO - 12532 - phase=train acc=0.73515625 loss=7.9215362668037415 epoch=42 and step=10
2026-04-17 04:22:09,909 - SplitNNClient - INFO - 21140 - phase=train acc=0.6625 loss=9.31529039144516 epoch=42 and step=10
2026-04-17 04:22:09,963 - SplitNNClient - INFO - 8580 - phase=train acc=0.75 loss=7.205794870853424 epoch=42 and step=10
2026-04-17 04:22:10,006 - SplitNNClient - INFO - 10312 - phase=train acc=0.7921875 loss=6.238604485988617 epoch=42 and step=10
2026-04-17 04:22:10,081 - SplitNNClient - INFO - 20996 - phase=train acc=0.75390625 loss=7.0671404004096985 epoch=42 and step=10
2026-04-17 04:22:12,900 - SplitNNClient - INFO - 12532 - phase=train acc=0.74609375 loss=15.604419529438019 epoch=42 and step=20
2026-04-17 04:22:13,025 - SplitNNClient - INFO - 21140 - phase=train acc=0.6640625 loss=18.418380737304688 epoch=42 and step=20
2026-04-17 04:22:13,106 - SplitNNClient - INFO - 8580 - phase=train acc=0.75625 loss=13.737118244171143 epoch=42 and step=20
2026-04-17 04:22:13,153 - SplitNNClient - INFO - 10312 - phase=train acc=0.799609375 loss=11.901496171951294 epoch=42 and step=20
2026-04-17 04:22:13,281 - SplitNNClient - INFO - 20996 - phase=train acc=0.766796875 loss=13.620234608650208 epoch=42 and step=20
2026-04-17 04:22:16,046 - SplitNNClient - INFO - 12532 - phase=train acc=0.75546875 loss=22.180527567863464 epoch=42 and step=30
2026-04-17 04:22:16,172 - SplitNNClient - INFO - 21140 - phase=train acc=0.671875 loss=26.42756986618042 epoch=42 and step=30
2026-04-17 04:22:16,218 - SplitNNClient - INFO - 8580 - phase=train acc=0.76015625 loss=20.325130134820938 epoch=42 and step=30
2026-04-17 04:22:16,287 - SplitNNClient - INFO - 10312 - phase=train acc=0.79921875 loss=17.657490670681 epoch=42 and step=30
2026-04-17 04:22:16,410 - SplitNNClient - INFO - 20996 - phase=train acc=0.7684895833333333 loss=20.395630955696106 epoch=42 and step=30
2026-04-17 04:22:19,212 - SplitNNClient - INFO - 12532 - phase=train acc=0.75703125 loss=29.0687198638916 epoch=42 and step=40
2026-04-17 04:22:19,413 - SplitNNClient - INFO - 21140 - phase=train acc=0.6814453125 loss=34.24419665336609 epoch=42 and step=40
2026-04-17 04:22:19,483 - SplitNNClient - INFO - 10312 - phase=train acc=0.79765625 loss=23.747228384017944 epoch=42 and step=40
2026-04-17 04:22:19,581 - SplitNNClient - INFO - 8580 - phase=train acc=0.7642578125 loss=26.878372341394424 epoch=42 and step=40
2026-04-17 04:22:19,656 - SplitNNClient - INFO - 20996 - phase=train acc=0.7734375 loss=26.62921053171158 epoch=42 and step=40
2026-04-17 04:22:22,345 - SplitNNClient - INFO - 12532 - phase=train acc=0.75953125 loss=35.85659199953079 epoch=42 and step=50
2026-04-17 04:22:22,570 - SplitNNClient - INFO - 21140 - phase=train acc=0.68625 loss=42.28528720140457 epoch=42 and step=50
2026-04-17 04:22:22,612 - SplitNNClient - INFO - 10312 - phase=train acc=0.7959375 loss=29.881317734718323 epoch=42 and step=50
2026-04-17 04:22:22,734 - SplitNNClient - INFO - 8580 - phase=train acc=0.765625 loss=33.46829667687416 epoch=42 and step=50
2026-04-17 04:22:22,782 - SplitNNClient - INFO - 20996 - phase=train acc=0.76953125 loss=33.544425785541534 epoch=42 and step=50
2026-04-17 04:22:25,219 - SplitNNClient - INFO - 12532 - phase=train acc=0.761328125 loss=42.61235272884369 epoch=42 and step=60
2026-04-17 04:22:25,463 - SplitNNClient - INFO - 10312 - phase=train acc=0.79453125 loss=35.8072435259819 epoch=42 and step=60
2026-04-17 04:22:25,543 - SplitNNClient - INFO - 8580 - phase=train acc=0.7673177083333333 loss=39.693553537130356 epoch=42 and step=60
2026-04-17 04:22:25,590 - SplitNNClient - INFO - 20996 - phase=train acc=0.770703125 loss=39.749655306339264 epoch=42 and step=60
2026-04-17 04:22:27,784 - SplitNNClient - INFO - 12532 - phase=train acc=0.7627232142857143 loss=49.58754286170006 epoch=42 and step=70
2026-04-17 04:22:27,961 - SplitNNClient - INFO - 10312 - phase=train acc=0.7958705357142857 loss=41.53427240252495 epoch=42 and step=70
2026-04-17 04:22:29,684 - SplitNNClient - INFO - 10312 - phase=train acc=0.7958984375 loss=47.137032985687256 epoch=42 and step=80
2026-04-17 04:22:31,265 - SplitNNClient - INFO - 10312 - phase=train acc=0.7965277777777777 loss=52.82434991002083 epoch=42 and step=90
2026-04-17 04:22:32,845 - SplitNNClient - INFO - 10312 - phase=train acc=0.79671875 loss=58.74784132838249 epoch=42 and step=100
2026-04-17 04:22:34,421 - SplitNNClient - INFO - 10312 - phase=train acc=0.7967329545454546 loss=64.76874071359634 epoch=42 and step=110
2026-04-17 04:22:35,998 - SplitNNClient - INFO - 10312 - phase=train acc=0.7982421875 loss=70.19533151388168 epoch=42 and step=120
2026-04-17 04:22:36,353 - FedServerManager - INFO - 9648 - get all model params ---- from rank fed_server
2026-04-17 04:22:48,359 - SplitNNClient - INFO - 8580 - phase=validation acc=0.7577 loss=54.304677963256836 epoch=42 and step=79
2026-04-17 04:22:48,472 - SplitNNClient - INFO - 10312 - phase=validation acc=0.7577 loss=54.304677963256836 epoch=42 and step=79
2026-04-17 04:22:48,817 - SplitNNClient - INFO - 20996 - phase=validation acc=0.7577 loss=54.304677963256836 epoch=42 and step=79
2026-04-17 04:22:49,001 - SplitNNClient - INFO - 21140 - phase=validation acc=0.7577 loss=54.304677963256836 epoch=42 and step=79
2026-04-17 04:22:49,036 - SplitNNClient - INFO - 12532 - phase=validation acc=0.7577 loss=54.304677963256836 epoch=42 and step=79
2026-04-17 04:22:52,058 - SplitNNClient - INFO - 12532 - phase=train acc=0.72578125 loss=8.276806592941284 epoch=43 and step=10
2026-04-17 04:22:52,128 - SplitNNClient - INFO - 10312 - phase=train acc=0.76015625 loss=6.598542034626007 epoch=43 and step=10
2026-04-17 04:22:52,180 - SplitNNClient - INFO - 8580 - phase=train acc=0.79296875 loss=6.4316273629665375 epoch=43 and step=10
2026-04-17 04:22:52,256 - SplitNNClient - INFO - 20996 - phase=train acc=0.75078125 loss=6.863486170768738 epoch=43 and step=10
2026-04-17 04:22:52,303 - SplitNNClient - INFO - 21140 - phase=train acc=0.64375 loss=9.556530714035034 epoch=43 and step=10
2026-04-17 04:22:55,199 - SplitNNClient - INFO - 10312 - phase=train acc=0.785546875 loss=12.347788661718369 epoch=43 and step=20
2026-04-17 04:22:55,274 - SplitNNClient - INFO - 12532 - phase=train acc=0.75234375 loss=15.337897539138794 epoch=43 and step=20
2026-04-17 04:22:55,400 - SplitNNClient - INFO - 8580 - phase=train acc=0.78828125 loss=12.786653608083725 epoch=43 and step=20
2026-04-17 04:22:55,452 - SplitNNClient - INFO - 20996 - phase=train acc=0.76953125 loss=12.984501004219055 epoch=43 and step=20
2026-04-17 04:22:55,640 - SplitNNClient - INFO - 21140 - phase=train acc=0.6703125 loss=17.596799433231354 epoch=43 and step=20
2026-04-17 04:22:58,335 - SplitNNClient - INFO - 10312 - phase=train acc=0.7942708333333334 loss=17.979101210832596 epoch=43 and step=30
2026-04-17 04:22:58,405 - SplitNNClient - INFO - 12532 - phase=train acc=0.7552083333333334 loss=22.582727372646332 epoch=43 and step=30
2026-04-17 04:22:58,522 - SplitNNClient - INFO - 8580 - phase=train acc=0.784375 loss=19.485736399888992 epoch=43 and step=30
2026-04-17 04:22:58,593 - SplitNNClient - INFO - 20996 - phase=train acc=0.7674479166666667 loss=19.61592936515808 epoch=43 and step=30
2026-04-17 04:22:58,801 - SplitNNClient - INFO - 21140 - phase=train acc=0.6682291666666667 loss=26.00039368867874 epoch=43 and step=30
2026-04-17 04:23:01,493 - SplitNNClient - INFO - 10312 - phase=train acc=0.8017578125 loss=23.14469239115715 epoch=43 and step=40
2026-04-17 04:23:01,567 - SplitNNClient - INFO - 12532 - phase=train acc=0.756640625 loss=29.545248806476593 epoch=43 and step=40
2026-04-17 04:23:01,663 - SplitNNClient - INFO - 8580 - phase=train acc=0.78359375 loss=25.87493470311165 epoch=43 and step=40
2026-04-17 04:23:01,738 - SplitNNClient - INFO - 20996 - phase=train acc=0.7685546875 loss=26.17716258764267 epoch=43 and step=40
2026-04-17 04:23:01,937 - SplitNNClient - INFO - 21140 - phase=train acc=0.671484375 loss=34.27391767501831 epoch=43 and step=40
2026-04-17 04:23:04,620 - SplitNNClient - INFO - 10312 - phase=train acc=0.80078125 loss=28.97164100408554 epoch=43 and step=50
2026-04-17 04:23:04,672 - SplitNNClient - INFO - 12532 - phase=train acc=0.75171875 loss=37.282208144664764 epoch=43 and step=50
2026-04-17 04:23:04,799 - SplitNNClient - INFO - 8580 - phase=train acc=0.7765625 loss=32.7631039917469 epoch=43 and step=50
2026-04-17 04:23:04,876 - SplitNNClient - INFO - 20996 - phase=train acc=0.76453125 loss=33.08659070730209 epoch=43 and step=50
2026-04-17 04:23:05,078 - SplitNNClient - INFO - 21140 - phase=train acc=0.6734375 loss=42.54164409637451 epoch=43 and step=50
2026-04-17 04:23:07,544 - SplitNNClient - INFO - 10312 - phase=train acc=0.80234375 loss=34.54382264614105 epoch=43 and step=60
2026-04-17 04:23:07,610 - SplitNNClient - INFO - 12532 - phase=train acc=0.7537760416666667 loss=44.4305095076561 epoch=43 and step=60
2026-04-17 04:23:07,683 - SplitNNClient - INFO - 8580 - phase=train acc=0.7723958333333333 loss=39.41818907856941 epoch=43 and step=60
2026-04-17 04:23:07,729 - SplitNNClient - INFO - 20996 - phase=train acc=0.767578125 loss=39.64033329486847 epoch=43 and step=60
2026-04-17 04:23:10,049 - SplitNNClient - INFO - 10312 - phase=train acc=0.8033482142857142 loss=40.325046598911285 epoch=43 and step=70
2026-04-17 04:23:10,151 - SplitNNClient - INFO - 12532 - phase=train acc=0.7556919642857143 loss=51.66717964410782 epoch=43 and step=70
2026-04-17 04:23:11,785 - SplitNNClient - INFO - 10312 - phase=train acc=0.80361328125 loss=45.96515366435051 epoch=43 and step=80
2026-04-17 04:23:13,334 - SplitNNClient - INFO - 10312 - phase=train acc=0.8065104166666667 loss=51.41818153858185 epoch=43 and step=90
2026-04-17 04:23:14,821 - SplitNNClient - INFO - 10312 - phase=train acc=0.80484375 loss=57.522136092185974 epoch=43 and step=100
2026-04-17 04:23:16,399 - SplitNNClient - INFO - 10312 - phase=train acc=0.8050426136363636 loss=62.926076620817184 epoch=43 and step=110
2026-04-17 04:23:18,081 - SplitNNClient - INFO - 10312 - phase=train acc=0.8047526041666667 loss=68.66800120472908 epoch=43 and step=120
2026-04-17 04:23:18,470 - FedServerManager - INFO - 9648 - get all model params ---- from rank fed_server
2026-04-17 04:23:30,374 - SplitNNClient - INFO - 8580 - phase=validation acc=0.7659 loss=53.00304460525513 epoch=43 and step=79
2026-04-17 04:23:30,640 - SplitNNClient - INFO - 21140 - phase=validation acc=0.7659 loss=53.00304460525513 epoch=43 and step=79
2026-04-17 04:23:30,798 - SplitNNClient - INFO - 20996 - phase=validation acc=0.7659 loss=53.00304460525513 epoch=43 and step=79
2026-04-17 04:23:30,838 - SplitNNClient - INFO - 12532 - phase=validation acc=0.7659 loss=53.00304460525513 epoch=43 and step=79
2026-04-17 04:23:30,880 - SplitNNClient - INFO - 10312 - phase=validation acc=0.7659 loss=53.00304460525513 epoch=43 and step=79
2026-04-17 04:23:33,932 - SplitNNClient - INFO - 8580 - phase=train acc=0.759375 loss=6.925987422466278 epoch=44 and step=10
2026-04-17 04:23:33,988 - SplitNNClient - INFO - 10312 - phase=train acc=0.7984375 loss=5.656401336193085 epoch=44 and step=10
2026-04-17 04:23:34,064 - SplitNNClient - INFO - 20996 - phase=train acc=0.74609375 loss=7.361794948577881 epoch=44 and step=10
2026-04-17 04:23:34,135 - SplitNNClient - INFO - 12532 - phase=train acc=0.73203125 loss=7.952959835529327 epoch=44 and step=10
2026-04-17 04:23:34,183 - SplitNNClient - INFO - 21140 - phase=train acc=0.65078125 loss=9.758439838886261 epoch=44 and step=10
2026-04-17 04:23:37,077 - SplitNNClient - INFO - 8580 - phase=train acc=0.773828125 loss=13.154928207397461 epoch=44 and step=20
2026-04-17 04:23:37,118 - SplitNNClient - INFO - 10312 - phase=train acc=0.806640625 loss=11.202456146478653 epoch=44 and step=20
2026-04-17 04:23:37,190 - SplitNNClient - INFO - 20996 - phase=train acc=0.75703125 loss=13.942947924137115 epoch=44 and step=20
2026-04-17 04:23:37,269 - SplitNNClient - INFO - 12532 - phase=train acc=0.746484375 loss=15.04424774646759 epoch=44 and step=20
2026-04-17 04:23:37,313 - SplitNNClient - INFO - 21140 - phase=train acc=0.66875 loss=18.18198198080063 epoch=44 and step=20
2026-04-17 04:23:40,238 - SplitNNClient - INFO - 8580 - phase=train acc=0.77421875 loss=19.518633008003235 epoch=44 and step=30
2026-04-17 04:23:40,282 - SplitNNClient - INFO - 10312 - phase=train acc=0.8098958333333334 loss=16.872403979301453 epoch=44 and step=30
2026-04-17 04:23:40,360 - SplitNNClient - INFO - 20996 - phase=train acc=0.7684895833333333 loss=20.334541082382202 epoch=44 and step=30
2026-04-17 04:23:40,408 - SplitNNClient - INFO - 12532 - phase=train acc=0.74296875 loss=22.345277667045593 epoch=44 and step=30
2026-04-17 04:23:40,479 - SplitNNClient - INFO - 21140 - phase=train acc=0.6838541666666667 loss=26.172995388507843 epoch=44 and step=30
2026-04-17 04:23:43,359 - SplitNNClient - INFO - 8580 - phase=train acc=0.773046875 loss=25.76967117190361 epoch=44 and step=40
2026-04-17 04:23:43,434 - SplitNNClient - INFO - 10312 - phase=train acc=0.811328125 loss=22.348295241594315 epoch=44 and step=40
2026-04-17 04:23:43,479 - SplitNNClient - INFO - 20996 - phase=train acc=0.7708984375 loss=26.659683406352997 epoch=44 and step=40
2026-04-17 04:23:43,552 - SplitNNClient - INFO - 12532 - phase=train acc=0.7478515625 loss=29.603460431098938 epoch=44 and step=40
2026-04-17 04:23:43,608 - SplitNNClient - INFO - 21140 - phase=train acc=0.68828125 loss=34.115886986255646 epoch=44 and step=40
2026-04-17 04:23:46,524 - SplitNNClient - INFO - 10312 - phase=train acc=0.8084375 loss=28.05243068933487 epoch=44 and step=50
2026-04-17 04:23:46,621 - SplitNNClient - INFO - 8580 - phase=train acc=0.77609375 loss=32.11299625039101 epoch=44 and step=50
2026-04-17 04:23:46,696 - SplitNNClient - INFO - 12532 - phase=train acc=0.74796875 loss=37.08892232179642 epoch=44 and step=50
2026-04-17 04:23:46,774 - SplitNNClient - INFO - 20996 - phase=train acc=0.77484375 loss=32.7143919467926 epoch=44 and step=50
2026-04-17 04:23:46,869 - SplitNNClient - INFO - 21140 - phase=train acc=0.690625 loss=41.824333131313324 epoch=44 and step=50
2026-04-17 04:23:49,365 - SplitNNClient - INFO - 10312 - phase=train acc=0.8067708333333333 loss=34.14826473593712 epoch=44 and step=60
2026-04-17 04:23:49,488 - SplitNNClient - INFO - 8580 - phase=train acc=0.774609375 loss=38.875709265470505 epoch=44 and step=60
2026-04-17 04:23:49,539 - SplitNNClient - INFO - 12532 - phase=train acc=0.75078125 loss=44.174986839294434 epoch=44 and step=60
2026-04-17 04:23:49,695 - SplitNNClient - INFO - 20996 - phase=train acc=0.7770833333333333 loss=38.8628343641758 epoch=44 and step=60
2026-04-17 04:23:51,903 - SplitNNClient - INFO - 10312 - phase=train acc=0.8077008928571429 loss=39.56033346056938 epoch=44 and step=70
2026-04-17 04:23:52,040 - SplitNNClient - INFO - 12532 - phase=train acc=0.7521205357142857 loss=51.40639293193817 epoch=44 and step=70
2026-04-17 04:23:53,654 - SplitNNClient - INFO - 10312 - phase=train acc=0.80830078125 loss=44.94266536831856 epoch=44 and step=80
2026-04-17 04:23:55,222 - SplitNNClient - INFO - 10312 - phase=train acc=0.80859375 loss=50.4226236641407 epoch=44 and step=90
2026-04-17 04:23:56,793 - SplitNNClient - INFO - 10312 - phase=train acc=0.806484375 loss=56.276605516672134 epoch=44 and step=100
2026-04-17 04:23:58,243 - SplitNNClient - INFO - 10312 - phase=train acc=0.8060369318181818 loss=61.91913130879402 epoch=44 and step=110
2026-04-17 04:23:59,701 - SplitNNClient - INFO - 10312 - phase=train acc=0.8052083333333333 loss=67.70360857248306 epoch=44 and step=120
2026-04-17 04:24:00,080 - FedServerManager - INFO - 9648 - get all model params ---- from rank fed_server
2026-04-17 04:24:12,320 - SplitNNClient - INFO - 10312 - phase=validation acc=0.7644 loss=52.74435240030289 epoch=44 and step=79
2026-04-17 04:24:12,406 - SplitNNClient - INFO - 21140 - phase=validation acc=0.7644 loss=52.74435240030289 epoch=44 and step=79
2026-04-17 04:24:12,539 - SplitNNClient - INFO - 8580 - phase=validation acc=0.7644 loss=52.74435240030289 epoch=44 and step=79
2026-04-17 04:24:12,604 - SplitNNClient - INFO - 12532 - phase=validation acc=0.7644 loss=52.74435240030289 epoch=44 and step=79
2026-04-17 04:24:12,632 - SplitNNClient - INFO - 20996 - phase=validation acc=0.7644 loss=52.74435240030289 epoch=44 and step=79
2026-04-17 04:24:15,676 - SplitNNClient - INFO - 8580 - phase=train acc=0.7859375 loss=6.646988034248352 epoch=45 and step=10
2026-04-17 04:24:15,720 - SplitNNClient - INFO - 21140 - phase=train acc=0.64609375 loss=9.212312281131744 epoch=45 and step=10
2026-04-17 04:24:15,794 - SplitNNClient - INFO - 10312 - phase=train acc=0.7890625 loss=5.895504504442215 epoch=45 and step=10
2026-04-17 04:24:15,877 - SplitNNClient - INFO - 20996 - phase=train acc=0.78203125 loss=6.344511330127716 epoch=45 and step=10
2026-04-17 04:24:15,922 - SplitNNClient - INFO - 12532 - phase=train acc=0.77109375 loss=7.2915186285972595 epoch=45 and step=10
2026-04-17 04:24:18,810 - SplitNNClient - INFO - 8580 - phase=train acc=0.787109375 loss=12.980381697416306 epoch=45 and step=20
2026-04-17 04:24:18,856 - SplitNNClient - INFO - 21140 - phase=train acc=0.673828125 loss=17.47010773420334 epoch=45 and step=20
2026-04-17 04:24:18,934 - SplitNNClient - INFO - 10312 - phase=train acc=0.790234375 loss=12.067451536655426 epoch=45 and step=20
2026-04-17 04:24:18,987 - SplitNNClient - INFO - 20996 - phase=train acc=0.778125 loss=12.793442130088806 epoch=45 and step=20
2026-04-17 04:24:19,062 - SplitNNClient - INFO - 12532 - phase=train acc=0.772265625 loss=14.162045240402222 epoch=45 and step=20
2026-04-17 04:24:22,032 - SplitNNClient - INFO - 8580 - phase=train acc=0.7791666666666667 loss=19.653990536928177 epoch=45 and step=30
2026-04-17 04:24:22,076 - SplitNNClient - INFO - 10312 - phase=train acc=0.7973958333333333 loss=17.30193129181862 epoch=45 and step=30
2026-04-17 04:24:22,156 - SplitNNClient - INFO - 21140 - phase=train acc=0.678125 loss=25.640655636787415 epoch=45 and step=30
2026-04-17 04:24:22,206 - SplitNNClient - INFO - 20996 - phase=train acc=0.7828125 loss=18.72956734895706 epoch=45 and step=30
2026-04-17 04:24:22,288 - SplitNNClient - INFO - 12532 - phase=train acc=0.7705729166666667 loss=20.840508580207825 epoch=45 and step=30
2026-04-17 04:24:25,134 - SplitNNClient - INFO - 8580 - phase=train acc=0.7810546875 loss=25.735959619283676 epoch=45 and step=40
2026-04-17 04:24:25,208 - SplitNNClient - INFO - 10312 - phase=train acc=0.8017578125 loss=22.88519310951233 epoch=45 and step=40
2026-04-17 04:24:25,285 - SplitNNClient - INFO - 21140 - phase=train acc=0.6802734375 loss=33.64840745925903 epoch=45 and step=40
2026-04-17 04:24:25,334 - SplitNNClient - INFO - 20996 - phase=train acc=0.7744140625 loss=25.69721430540085 epoch=45 and step=40
2026-04-17 04:24:25,408 - SplitNNClient - INFO - 12532 - phase=train acc=0.7671875 loss=27.882303476333618 epoch=45 and step=40
2026-04-17 04:24:28,295 - SplitNNClient - INFO - 10312 - phase=train acc=0.8028125 loss=28.378994047641754 epoch=45 and step=50
2026-04-17 04:24:28,375 - SplitNNClient - INFO - 8580 - phase=train acc=0.78 loss=32.07337549328804 epoch=45 and step=50
2026-04-17 04:24:28,427 - SplitNNClient - INFO - 21140 - phase=train acc=0.67859375 loss=42.23913264274597 epoch=45 and step=50
2026-04-17 04:24:28,470 - SplitNNClient - INFO - 20996 - phase=train acc=0.7734375 loss=32.03518408536911 epoch=45 and step=50
2026-04-17 04:24:28,539 - SplitNNClient - INFO - 12532 - phase=train acc=0.761875 loss=35.395177364349365 epoch=45 and step=50
2026-04-17 04:24:31,187 - SplitNNClient - INFO - 10312 - phase=train acc=0.80703125 loss=33.796403765678406 epoch=45 and step=60
2026-04-17 04:24:31,237 - SplitNNClient - INFO - 8580 - phase=train acc=0.778515625 loss=38.95834729075432 epoch=45 and step=60
2026-04-17 04:24:31,315 - SplitNNClient - INFO - 20996 - phase=train acc=0.7731770833333333 loss=38.22385382652283 epoch=45 and step=60
2026-04-17 04:24:31,392 - SplitNNClient - INFO - 12532 - phase=train acc=0.7592447916666667 loss=42.96726471185684 epoch=45 and step=60
2026-04-17 04:24:33,726 - SplitNNClient - INFO - 10312 - phase=train acc=0.80859375 loss=39.17773741483688 epoch=45 and step=70
2026-04-17 04:24:33,856 - SplitNNClient - INFO - 12532 - phase=train acc=0.76015625 loss=49.904166638851166 epoch=45 and step=70
2026-04-17 04:24:35,539 - SplitNNClient - INFO - 10312 - phase=train acc=0.80927734375 loss=44.644820004701614 epoch=45 and step=80
2026-04-17 04:24:37,116 - SplitNNClient - INFO - 10312 - phase=train acc=0.8084201388888889 loss=50.24794039130211 epoch=45 and step=90
2026-04-17 04:24:38,663 - SplitNNClient - INFO - 10312 - phase=train acc=0.80984375 loss=55.487776696681976 epoch=45 and step=100
2026-04-17 04:24:40,245 - SplitNNClient - INFO - 10312 - phase=train acc=0.8105113636363637 loss=60.93650242686272 epoch=45 and step=110
2026-04-17 04:24:41,821 - SplitNNClient - INFO - 10312 - phase=train acc=0.8107421875 loss=66.40138274431229 epoch=45 and step=120
2026-04-17 04:24:42,195 - FedServerManager - INFO - 9648 - get all model params ---- from rank fed_server
2026-04-17 04:24:54,526 - SplitNNClient - INFO - 10312 - phase=validation acc=0.7727 loss=51.783163994550705 epoch=45 and step=79
2026-04-17 04:24:54,560 - SplitNNClient - INFO - 21140 - phase=validation acc=0.7727 loss=51.783163994550705 epoch=45 and step=79
2026-04-17 04:24:54,574 - SplitNNClient - INFO - 8580 - phase=validation acc=0.7727 loss=51.783163994550705 epoch=45 and step=79
2026-04-17 04:24:54,616 - SplitNNClient - INFO - 12532 - phase=validation acc=0.7727 loss=51.783163994550705 epoch=45 and step=79
2026-04-17 04:24:54,659 - SplitNNClient - INFO - 20996 - phase=validation acc=0.7727 loss=51.783163994550705 epoch=45 and step=79
2026-04-17 04:24:57,715 - SplitNNClient - INFO - 20996 - phase=train acc=0.76953125 loss=6.841569811105728 epoch=46 and step=10
2026-04-17 04:24:57,894 - SplitNNClient - INFO - 21140 - phase=train acc=0.6453125 loss=9.640437364578247 epoch=46 and step=10
2026-04-17 04:24:57,937 - SplitNNClient - INFO - 10312 - phase=train acc=0.80234375 loss=5.6766230165958405 epoch=46 and step=10
2026-04-17 04:24:58,013 - SplitNNClient - INFO - 12532 - phase=train acc=0.7328125 loss=7.86334228515625 epoch=46 and step=10
2026-04-17 04:24:58,060 - SplitNNClient - INFO - 8580 - phase=train acc=0.77109375 loss=6.6305283308029175 epoch=46 and step=10
2026-04-17 04:25:00,925 - SplitNNClient - INFO - 20996 - phase=train acc=0.7796875 loss=12.75440001487732 epoch=46 and step=20
2026-04-17 04:25:00,997 - SplitNNClient - INFO - 21140 - phase=train acc=0.666015625 loss=17.688950777053833 epoch=46 and step=20
2026-04-17 04:25:01,048 - SplitNNClient - INFO - 10312 - phase=train acc=0.809375 loss=11.30861982703209 epoch=46 and step=20
2026-04-17 04:25:01,097 - SplitNNClient - INFO - 12532 - phase=train acc=0.751953125 loss=14.848831117153168 epoch=46 and step=20
2026-04-17 04:25:01,170 - SplitNNClient - INFO - 8580 - phase=train acc=0.774609375 loss=13.002941280603409 epoch=46 and step=20
2026-04-17 04:25:04,065 - SplitNNClient - INFO - 20996 - phase=train acc=0.7833333333333333 loss=18.810898780822754 epoch=46 and step=30
2026-04-17 04:25:04,194 - SplitNNClient - INFO - 21140 - phase=train acc=0.68203125 loss=25.38135802745819 epoch=46 and step=30
2026-04-17 04:25:04,243 - SplitNNClient - INFO - 10312 - phase=train acc=0.8080729166666667 loss=16.71573993563652 epoch=46 and step=30
2026-04-17 04:25:04,321 - SplitNNClient - INFO - 12532 - phase=train acc=0.7502604166666667 loss=22.22715824842453 epoch=46 and step=30
2026-04-17 04:25:04,440 - SplitNNClient - INFO - 8580 - phase=train acc=0.7734375 loss=19.66180083155632 epoch=46 and step=30
2026-04-17 04:25:07,216 - SplitNNClient - INFO - 20996 - phase=train acc=0.7859375 loss=25.077371835708618 epoch=46 and step=40
2026-04-17 04:25:07,335 - SplitNNClient - INFO - 21140 - phase=train acc=0.6869140625 loss=33.23042005300522 epoch=46 and step=40
2026-04-17 04:25:07,412 - SplitNNClient - INFO - 10312 - phase=train acc=0.80703125 loss=22.47330492734909 epoch=46 and step=40
2026-04-17 04:25:07,457 - SplitNNClient - INFO - 12532 - phase=train acc=0.7486328125 loss=29.391586422920227 epoch=46 and step=40
2026-04-17 04:25:07,587 - SplitNNClient - INFO - 8580 - phase=train acc=0.7716796875 loss=26.530143469572067 epoch=46 and step=40
2026-04-17 04:25:10,366 - SplitNNClient - INFO - 20996 - phase=train acc=0.78546875 loss=31.361306130886078 epoch=46 and step=50
2026-04-17 04:25:10,466 - SplitNNClient - INFO - 21140 - phase=train acc=0.69125 loss=40.98166900873184 epoch=46 and step=50
2026-04-17 04:25:10,547 - SplitNNClient - INFO - 10312 - phase=train acc=0.80640625 loss=28.027023047208786 epoch=46 and step=50
2026-04-17 04:25:10,601 - SplitNNClient - INFO - 12532 - phase=train acc=0.75046875 loss=36.45961558818817 epoch=46 and step=50
2026-04-17 04:25:10,734 - SplitNNClient - INFO - 8580 - phase=train acc=0.76796875 loss=33.34750881791115 epoch=46 and step=50
2026-04-17 04:25:13,248 - SplitNNClient - INFO - 20996 - phase=train acc=0.784765625 loss=37.53889900445938 epoch=46 and step=60
2026-04-17 04:25:13,365 - SplitNNClient - INFO - 10312 - phase=train acc=0.8040364583333334 loss=33.81977728009224 epoch=46 and step=60
2026-04-17 04:25:13,474 - SplitNNClient - INFO - 12532 - phase=train acc=0.7518229166666667 loss=43.48853725194931 epoch=46 and step=60
2026-04-17 04:25:13,558 - SplitNNClient - INFO - 8580 - phase=train acc=0.7723958333333333 loss=39.39311769604683 epoch=46 and step=60
2026-04-17 04:25:15,954 - SplitNNClient - INFO - 10312 - phase=train acc=0.80390625 loss=39.715432077646255 epoch=46 and step=70
2026-04-17 04:25:15,995 - SplitNNClient - INFO - 12532 - phase=train acc=0.7560267857142857 loss=49.81393685936928 epoch=46 and step=70
2026-04-17 04:25:17,708 - SplitNNClient - INFO - 10312 - phase=train acc=0.80576171875 loss=45.1491784453392 epoch=46 and step=80
2026-04-17 04:25:19,277 - SplitNNClient - INFO - 10312 - phase=train acc=0.8075520833333333 loss=50.42059975862503 epoch=46 and step=90
2026-04-17 04:25:20,854 - SplitNNClient - INFO - 10312 - phase=train acc=0.807734375 loss=55.94013047218323 epoch=46 and step=100
2026-04-17 04:25:22,425 - SplitNNClient - INFO - 10312 - phase=train acc=0.8077414772727273 loss=61.524054765701294 epoch=46 and step=110
2026-04-17 04:25:23,995 - SplitNNClient - INFO - 10312 - phase=train acc=0.8072265625 loss=67.40754529833794 epoch=46 and step=120
2026-04-17 04:25:24,355 - FedServerManager - INFO - 9648 - get all model params ---- from rank fed_server
2026-04-17 04:25:36,788 - SplitNNClient - INFO - 10312 - phase=validation acc=0.7628 loss=51.99360451102257 epoch=46 and step=79
2026-04-17 04:25:37,008 - SplitNNClient - INFO - 12532 - phase=validation acc=0.7628 loss=51.99360451102257 epoch=46 and step=79
2026-04-17 04:25:37,120 - SplitNNClient - INFO - 20996 - phase=validation acc=0.7628 loss=51.99360451102257 epoch=46 and step=79
2026-04-17 04:25:37,175 - SplitNNClient - INFO - 8580 - phase=validation acc=0.7628 loss=51.99360451102257 epoch=46 and step=79
2026-04-17 04:25:37,235 - SplitNNClient - INFO - 21140 - phase=validation acc=0.7628 loss=51.99360451102257 epoch=46 and step=79
2026-04-17 04:25:40,278 - SplitNNClient - INFO - 21140 - phase=train acc=0.671875 loss=9.141247630119324 epoch=47 and step=10
2026-04-17 04:25:40,356 - SplitNNClient - INFO - 20996 - phase=train acc=0.76953125 loss=6.5657254457473755 epoch=47 and step=10
2026-04-17 04:25:40,409 - SplitNNClient - INFO - 8580 - phase=train acc=0.78203125 loss=6.422278940677643 epoch=47 and step=10
2026-04-17 04:25:40,457 - SplitNNClient - INFO - 10312 - phase=train acc=0.8046875 loss=5.965805202722549 epoch=47 and step=10
2026-04-17 04:25:40,532 - SplitNNClient - INFO - 12532 - phase=train acc=0.75234375 loss=7.708216547966003 epoch=47 and step=10
2026-04-17 04:25:43,420 - SplitNNClient - INFO - 21140 - phase=train acc=0.67421875 loss=17.733216106891632 epoch=47 and step=20
2026-04-17 04:25:43,473 - SplitNNClient - INFO - 20996 - phase=train acc=0.774609375 loss=12.54020220041275 epoch=47 and step=20
2026-04-17 04:25:43,546 - SplitNNClient - INFO - 8580 - phase=train acc=0.78359375 loss=12.521863877773285 epoch=47 and step=20
2026-04-17 04:25:43,595 - SplitNNClient - INFO - 10312 - phase=train acc=0.802734375 loss=12.142784029245377 epoch=47 and step=20
2026-04-17 04:25:43,668 - SplitNNClient - INFO - 12532 - phase=train acc=0.7546875 loss=14.978991508483887 epoch=47 and step=20
2026-04-17 04:25:46,565 - SplitNNClient - INFO - 21140 - phase=train acc=0.6760416666666667 loss=26.06840205192566 epoch=47 and step=30
2026-04-17 04:25:46,640 - SplitNNClient - INFO - 20996 - phase=train acc=0.78125 loss=18.527168035507202 epoch=47 and step=30
2026-04-17 04:25:46,691 - SplitNNClient - INFO - 8580 - phase=train acc=0.7841145833333333 loss=18.81235295534134 epoch=47 and step=30
2026-04-17 04:25:46,768 - SplitNNClient - INFO - 10312 - phase=train acc=0.8002604166666667 loss=17.927629828453064 epoch=47 and step=30
2026-04-17 04:25:46,815 - SplitNNClient - INFO - 12532 - phase=train acc=0.7515625 loss=22.50355225801468 epoch=47 and step=30
2026-04-17 04:25:49,753 - SplitNNClient - INFO - 21140 - phase=train acc=0.682421875 loss=33.87722313404083 epoch=47 and step=40
2026-04-17 04:25:49,801 - SplitNNClient - INFO - 20996 - phase=train acc=0.78203125 loss=24.797860383987427 epoch=47 and step=40
2026-04-17 04:25:49,873 - SplitNNClient - INFO - 8580 - phase=train acc=0.7857421875 loss=25.261767745018005 epoch=47 and step=40
2026-04-17 04:25:49,920 - SplitNNClient - INFO - 10312 - phase=train acc=0.8087890625 loss=22.871831089258194 epoch=47 and step=40
2026-04-17 04:25:49,994 - SplitNNClient - INFO - 12532 - phase=train acc=0.7599609375 loss=29.003699600696564 epoch=47 and step=40
2026-04-17 04:25:52,973 - SplitNNClient - INFO - 21140 - phase=train acc=0.69046875 loss=41.533877074718475 epoch=47 and step=50
2026-04-17 04:25:53,026 - SplitNNClient - INFO - 20996 - phase=train acc=0.78296875 loss=30.465349853038788 epoch=47 and step=50
2026-04-17 04:25:53,101 - SplitNNClient - INFO - 8580 - phase=train acc=0.7859375 loss=31.53372722864151 epoch=47 and step=50
2026-04-17 04:25:53,144 - SplitNNClient - INFO - 10312 - phase=train acc=0.81296875 loss=28.1659474670887 epoch=47 and step=50
2026-04-17 04:25:53,225 - SplitNNClient - INFO - 12532 - phase=train acc=0.76296875 loss=35.87552636861801 epoch=47 and step=50
2026-04-17 04:25:55,829 - SplitNNClient - INFO - 20996 - phase=train acc=0.7819010416666666 loss=36.52579563856125 epoch=47 and step=60
2026-04-17 04:25:55,902 - SplitNNClient - INFO - 8580 - phase=train acc=0.7819010416666666 loss=38.204014003276825 epoch=47 and step=60
2026-04-17 04:25:55,972 - SplitNNClient - INFO - 10312 - phase=train acc=0.8131510416666666 loss=33.49784457683563 epoch=47 and step=60
2026-04-17 04:25:56,041 - SplitNNClient - INFO - 12532 - phase=train acc=0.7653645833333333 loss=42.46575143933296 epoch=47 and step=60
2026-04-17 04:25:58,451 - SplitNNClient - INFO - 10312 - phase=train acc=0.8146205357142857 loss=38.650255501270294 epoch=47 and step=70
2026-04-17 04:25:58,524 - SplitNNClient - INFO - 12532 - phase=train acc=0.7661830357142857 loss=49.12188884615898 epoch=47 and step=70
2026-04-17 04:26:00,235 - SplitNNClient - INFO - 10312 - phase=train acc=0.8158203125 loss=43.78364107012749 epoch=47 and step=80
2026-04-17 04:26:01,810 - SplitNNClient - INFO - 10312 - phase=train acc=0.8159722222222222 loss=49.29610601067543 epoch=47 and step=90
2026-04-17 04:26:03,390 - SplitNNClient - INFO - 10312 - phase=train acc=0.8171875 loss=54.514574497938156 epoch=47 and step=100
2026-04-17 04:26:04,969 - SplitNNClient - INFO - 10312 - phase=train acc=0.8171164772727273 loss=60.17646735906601 epoch=47 and step=110
2026-04-17 04:26:06,542 - SplitNNClient - INFO - 10312 - phase=train acc=0.8163411458333333 loss=65.59934172034264 epoch=47 and step=120
2026-04-17 04:26:06,902 - FedServerManager - INFO - 9648 - get all model params ---- from rank fed_server
2026-04-17 04:26:18,909 - SplitNNClient - INFO - 10312 - phase=validation acc=0.7732 loss=51.291330844163895 epoch=47 and step=79
2026-04-17 04:26:19,021 - SplitNNClient - INFO - 21140 - phase=validation acc=0.7732 loss=51.291330844163895 epoch=47 and step=79
2026-04-17 04:26:19,075 - SplitNNClient - INFO - 12532 - phase=validation acc=0.7732 loss=51.291330844163895 epoch=47 and step=79
2026-04-17 04:26:19,111 - SplitNNClient - INFO - 8580 - phase=validation acc=0.7732 loss=51.291330844163895 epoch=47 and step=79
2026-04-17 04:26:19,153 - SplitNNClient - INFO - 20996 - phase=validation acc=0.7732 loss=51.291330844163895 epoch=47 and step=79
2026-04-17 04:26:22,168 - SplitNNClient - INFO - 12532 - phase=train acc=0.73984375 loss=7.750493705272675 epoch=48 and step=10
2026-04-17 04:26:22,214 - SplitNNClient - INFO - 20996 - phase=train acc=0.77578125 loss=6.612409949302673 epoch=48 and step=10
2026-04-17 04:26:22,265 - SplitNNClient - INFO - 21140 - phase=train acc=0.67265625 loss=9.077669143676758 epoch=48 and step=10
2026-04-17 04:26:22,317 - SplitNNClient - INFO - 8580 - phase=train acc=0.77890625 loss=6.366801023483276 epoch=48 and step=10
2026-04-17 04:26:22,367 - SplitNNClient - INFO - 10312 - phase=train acc=0.78984375 loss=6.225545674562454 epoch=48 and step=10
2026-04-17 04:26:25,247 - SplitNNClient - INFO - 12532 - phase=train acc=0.753125 loss=14.773273646831512 epoch=48 and step=20
2026-04-17 04:26:25,318 - SplitNNClient - INFO - 20996 - phase=train acc=0.776953125 loss=12.834709107875824 epoch=48 and step=20
2026-04-17 04:26:25,363 - SplitNNClient - INFO - 21140 - phase=train acc=0.68203125 loss=16.8726686835289 epoch=48 and step=20
2026-04-17 04:26:25,435 - SplitNNClient - INFO - 8580 - phase=train acc=0.78515625 loss=12.248379707336426 epoch=48 and step=20
2026-04-17 04:26:25,509 - SplitNNClient - INFO - 10312 - phase=train acc=0.8078125 loss=11.263135999441147 epoch=48 and step=20
2026-04-17 04:26:28,514 - SplitNNClient - INFO - 12532 - phase=train acc=0.7559895833333333 loss=21.62438803911209 epoch=48 and step=30
2026-04-17 04:26:28,564 - SplitNNClient - INFO - 20996 - phase=train acc=0.7783854166666667 loss=18.945087790489197 epoch=48 and step=30
2026-04-17 04:26:28,641 - SplitNNClient - INFO - 21140 - phase=train acc=0.6848958333333334 loss=25.151652097702026 epoch=48 and step=30
2026-04-17 04:26:28,690 - SplitNNClient - INFO - 8580 - phase=train acc=0.7856770833333333 loss=18.139034509658813 epoch=48 and step=30
2026-04-17 04:26:28,764 - SplitNNClient - INFO - 10312 - phase=train acc=0.8138020833333334 loss=16.496867060661316 epoch=48 and step=30
2026-04-17 04:26:31,649 - SplitNNClient - INFO - 12532 - phase=train acc=0.7609375 loss=28.327685177326202 epoch=48 and step=40
2026-04-17 04:26:31,722 - SplitNNClient - INFO - 20996 - phase=train acc=0.783203125 loss=24.992944955825806 epoch=48 and step=40
2026-04-17 04:26:31,774 - SplitNNClient - INFO - 21140 - phase=train acc=0.691015625 loss=32.886883318424225 epoch=48 and step=40
2026-04-17 04:26:31,849 - SplitNNClient - INFO - 8580 - phase=train acc=0.7880859375 loss=24.497711181640625 epoch=48 and step=40
2026-04-17 04:26:31,901 - SplitNNClient - INFO - 10312 - phase=train acc=0.8087890625 loss=22.57341820001602 epoch=48 and step=40
2026-04-17 04:26:34,815 - SplitNNClient - INFO - 20996 - phase=train acc=0.78109375 loss=31.058857023715973 epoch=48 and step=50
2026-04-17 04:26:34,868 - SplitNNClient - INFO - 12532 - phase=train acc=0.7659375 loss=34.94691038131714 epoch=48 and step=50
2026-04-17 04:26:34,915 - SplitNNClient - INFO - 21140 - phase=train acc=0.69234375 loss=40.78108060359955 epoch=48 and step=50
2026-04-17 04:26:34,986 - SplitNNClient - INFO - 8580 - phase=train acc=0.78828125 loss=30.484023571014404 epoch=48 and step=50
2026-04-17 04:26:35,038 - SplitNNClient - INFO - 10312 - phase=train acc=0.80875 loss=27.9724660217762 epoch=48 and step=50
2026-04-17 04:26:37,662 - SplitNNClient - INFO - 12532 - phase=train acc=0.7684895833333333 loss=41.49155479669571 epoch=48 and step=60
2026-04-17 04:26:37,736 - SplitNNClient - INFO - 20996 - phase=train acc=0.7809895833333333 loss=37.54506474733353 epoch=48 and step=60
2026-04-17 04:26:37,791 - SplitNNClient - INFO - 8580 - phase=train acc=0.7873697916666667 loss=37.17564532160759 epoch=48 and step=60
2026-04-17 04:26:37,861 - SplitNNClient - INFO - 10312 - phase=train acc=0.8106770833333333 loss=32.9699512720108 epoch=48 and step=60
2026-04-17 04:26:40,184 - SplitNNClient - INFO - 12532 - phase=train acc=0.7684151785714286 loss=48.427186250686646 epoch=48 and step=70
2026-04-17 04:26:40,318 - SplitNNClient - INFO - 10312 - phase=train acc=0.8152901785714286 loss=37.64061290025711 epoch=48 and step=70
2026-04-17 04:26:42,134 - SplitNNClient - INFO - 10312 - phase=train acc=0.8138671875 loss=43.406781524419785 epoch=48 and step=80
2026-04-17 04:26:43,852 - SplitNNClient - INFO - 10312 - phase=train acc=0.81484375 loss=48.94740363955498 epoch=48 and step=90
2026-04-17 04:26:45,482 - SplitNNClient - INFO - 10312 - phase=train acc=0.814765625 loss=54.36828827857971 epoch=48 and step=100
2026-04-17 04:26:47,124 - SplitNNClient - INFO - 10312 - phase=train acc=0.8147727272727273 loss=59.605924397706985 epoch=48 and step=110
2026-04-17 04:26:48,760 - SplitNNClient - INFO - 10312 - phase=train acc=0.8141927083333333 loss=65.05793246626854 epoch=48 and step=120
2026-04-17 04:26:49,135 - FedServerManager - INFO - 9648 - get all model params ---- from rank fed_server
2026-04-17 04:27:01,280 - SplitNNClient - INFO - 8580 - phase=validation acc=0.7804 loss=49.436053574085236 epoch=48 and step=79
2026-04-17 04:27:01,467 - SplitNNClient - INFO - 21140 - phase=validation acc=0.7804 loss=49.436053574085236 epoch=48 and step=79
2026-04-17 04:27:01,646 - SplitNNClient - INFO - 12532 - phase=validation acc=0.7804 loss=49.436053574085236 epoch=48 and step=79
2026-04-17 04:27:01,679 - SplitNNClient - INFO - 10312 - phase=validation acc=0.7804 loss=49.436053574085236 epoch=48 and step=79
2026-04-17 04:27:01,996 - SplitNNClient - INFO - 20996 - phase=validation acc=0.7804 loss=49.436053574085236 epoch=48 and step=79
2026-04-17 04:27:02,820 - CommBreakdown - INFO - 8580 - tensor_distribution rank=4 node_type=client phase=train epoch=49 sample=late tensor=activations[0] shape=(128, 64, 16, 16) mean=0.564182 std=1.02981 min=0 max=32.4324 mean_abs=0.564182 max_abs=32.4324 p95_abs=2.48402 p99_abs=4.54373 skewness=3.95841 kurtosis=32.9794 mean_channel_std=0.930118 std_channel_std=0.361894 max_channel_scale_over_min_channel_scale=14.3969 spread=high spread_score=1.82531 outliers=medium outlier_score=2.62869 near_zero=medium near_zero_fraction=0.505016
2026-04-17 04:27:02,883 - CommBreakdown - INFO - 12532 - tensor_distribution rank=5 node_type=client phase=train epoch=49 sample=late tensor=activations[0] shape=(128, 64, 16, 16) mean=0.571116 std=1.02718 min=0 max=31.7145 mean_abs=0.571116 max_abs=31.7145 p95_abs=2.51695 p99_abs=4.50978 skewness=3.71141 kurtosis=28.2354 mean_channel_std=0.928136 std_channel_std=0.357385 max_channel_scale_over_min_channel_scale=12.7527 spread=high spread_score=1.79854 outliers=medium outlier_score=2.55686 near_zero=medium near_zero_fraction=0.504369
2026-04-17 04:27:02,924 - CommBreakdown - INFO - 10312 - tensor_distribution rank=1 node_type=client phase=train epoch=49 sample=late tensor=activations[0] shape=(128, 64, 16, 16) mean=0.571917 std=1.03119 min=0 max=30.4417 mean_abs=0.571917 max_abs=30.4417 p95_abs=2.50607 p99_abs=4.54721 skewness=3.79799 kurtosis=29.4876 mean_channel_std=0.932399 std_channel_std=0.359164 max_channel_scale_over_min_channel_scale=11.2877 spread=high spread_score=1.80304 outliers=medium outlier_score=2.59476 near_zero=medium near_zero_fraction=0.50213
2026-04-17 04:27:02,930 - CommBreakdown - INFO - 20996 - tensor_distribution rank=3 node_type=client phase=train epoch=49 sample=late tensor=activations[0] shape=(128, 64, 16, 16) mean=0.568938 std=1.02993 min=0 max=31.4946 mean_abs=0.568938 max_abs=31.4946 p95_abs=2.49731 p99_abs=4.52333 skewness=3.87236 kurtosis=31.5731 mean_channel_std=0.932165 std_channel_std=0.355808 max_channel_scale_over_min_channel_scale=12.3941 spread=high spread_score=1.81027 outliers=medium outlier_score=2.57653 near_zero=medium near_zero_fraction=0.50455
2026-04-17 04:27:02,940 - CommBreakdown - INFO - 21140 - tensor_distribution rank=2 node_type=client phase=train epoch=49 sample=late tensor=activations[0] shape=(128, 64, 16, 16) mean=0.568288 std=1.02403 min=0 max=33.0781 mean_abs=0.568288 max_abs=33.0781 p95_abs=2.48568 p99_abs=4.50483 skewness=3.89138 kurtosis=32.9111 mean_channel_std=0.925806 std_channel_std=0.355097 max_channel_scale_over_min_channel_scale=12.8003 spread=high spread_score=1.80196 outliers=medium outlier_score=2.5771 near_zero=medium near_zero_fraction=0.502605
2026-04-17 04:27:03,980 - CommBreakdown - INFO - 3736 - tensor_distribution rank=0 node_type=server phase=train epoch=49 sample=late tensor=activation_grads shape=(128, 64, 16, 16) mean=1.85884e-08 std=2.10596e-05 min=-0.000826867 max=0.000679017 mean_abs=9.32213e-06 max_abs=0.000826867 p95_abs=3.92182e-05 p99_abs=9.08965e-05 skewness=-0.00108443 kurtosis=1.0694e-05 mean_channel_std=2.0813e-05 std_channel_std=3.21317e-06 max_channel_scale_over_min_channel_scale=3.86991 spread=high spread_score=2.2591 outliers=high outlier_score=3.8421 near_zero=medium near_zero_fraction=0.246738
2026-04-17 04:27:56,763 - SplitNNClient - INFO - 8580 - phase=train acc=0.79296875 loss=6.01956969499588 epoch=49 and step=10
2026-04-17 04:27:57,889 - SplitNNClient - INFO - 12532 - phase=train acc=0.75703125 loss=7.540509760379791 epoch=49 and step=10
2026-04-17 04:27:59,015 - SplitNNClient - INFO - 10312 - phase=train acc=0.8078125 loss=5.735463529825211 epoch=49 and step=10
2026-04-17 04:28:00,201 - SplitNNClient - INFO - 20996 - phase=train acc=0.77890625 loss=6.165668547153473 epoch=49 and step=10
2026-04-17 04:28:01,383 - SplitNNClient - INFO - 21140 - phase=train acc=0.6875 loss=8.795486271381378 epoch=49 and step=10
2026-04-17 04:28:54,934 - SplitNNClient - INFO - 8580 - phase=train acc=0.798828125 loss=11.733142852783203 epoch=49 and step=20
2026-04-17 04:28:56,085 - SplitNNClient - INFO - 12532 - phase=train acc=0.773828125 loss=13.970221310853958 epoch=49 and step=20
2026-04-17 04:28:57,268 - SplitNNClient - INFO - 10312 - phase=train acc=0.821875 loss=10.518305480480194 epoch=49 and step=20
2026-04-17 04:28:58,423 - SplitNNClient - INFO - 20996 - phase=train acc=0.788671875 loss=11.93883991241455 epoch=49 and step=20
2026-04-17 04:28:59,608 - SplitNNClient - INFO - 21140 - phase=train acc=0.6921875 loss=17.047314167022705 epoch=49 and step=20
2026-04-17 04:29:53,071 - SplitNNClient - INFO - 8580 - phase=train acc=0.7971354166666667 loss=17.64244443178177 epoch=49 and step=30
2026-04-17 04:29:54,322 - SplitNNClient - INFO - 12532 - phase=train acc=0.7768229166666667 loss=20.565555453300476 epoch=49 and step=30
2026-04-17 04:29:55,535 - SplitNNClient - INFO - 10312 - phase=train acc=0.8153645833333333 loss=16.38891476392746 epoch=49 and step=30
2026-04-17 04:29:56,686 - SplitNNClient - INFO - 20996 - phase=train acc=0.7934895833333333 loss=17.61461627483368 epoch=49 and step=30
2026-04-17 04:29:57,867 - SplitNNClient - INFO - 21140 - phase=train acc=0.69921875 loss=24.73063611984253 epoch=49 and step=30
2026-04-17 04:30:51,187 - SplitNNClient - INFO - 8580 - phase=train acc=0.792578125 loss=24.119410663843155 epoch=49 and step=40
2026-04-17 04:30:52,314 - SplitNNClient - INFO - 12532 - phase=train acc=0.7697265625 loss=27.61762845516205 epoch=49 and step=40
2026-04-17 04:30:53,439 - SplitNNClient - INFO - 10312 - phase=train acc=0.812890625 loss=21.943490743637085 epoch=49 and step=40
2026-04-17 04:30:54,652 - SplitNNClient - INFO - 20996 - phase=train acc=0.79140625 loss=23.75100040435791 epoch=49 and step=40
2026-04-17 04:30:55,863 - SplitNNClient - INFO - 21140 - phase=train acc=0.7052734375 loss=32.47388345003128 epoch=49 and step=40
2026-04-17 04:31:49,444 - SplitNNClient - INFO - 8580 - phase=train acc=0.789375 loss=30.34757575392723 epoch=49 and step=50
2026-04-17 04:31:50,545 - SplitNNClient - INFO - 12532 - phase=train acc=0.77234375 loss=34.365117371082306 epoch=49 and step=50
2026-04-17 04:31:51,759 - SplitNNClient - INFO - 10312 - phase=train acc=0.81671875 loss=26.924533754587173 epoch=49 and step=50
2026-04-17 04:31:52,911 - SplitNNClient - INFO - 20996 - phase=train acc=0.795 loss=29.480105698108673 epoch=49 and step=50
2026-04-17 04:31:54,094 - SplitNNClient - INFO - 21140 - phase=train acc=0.705625 loss=40.26836597919464 epoch=49 and step=50
2026-04-17 04:32:41,829 - SplitNNClient - INFO - 8580 - phase=train acc=0.7908854166666667 loss=36.46195271611214 epoch=49 and step=60
2026-04-17 04:32:42,922 - SplitNNClient - INFO - 12532 - phase=train acc=0.76875 loss=41.44462013244629 epoch=49 and step=60
2026-04-17 04:32:44,172 - SplitNNClient - INFO - 10312 - phase=train acc=0.8196614583333334 loss=32.04729852080345 epoch=49 and step=60
2026-04-17 04:32:45,331 - SplitNNClient - INFO - 20996 - phase=train acc=0.7911458333333333 loss=35.565281450748444 epoch=49 and step=60
2026-04-17 04:33:25,897 - SplitNNClient - INFO - 12532 - phase=train acc=0.7696428571428572 loss=48.29721146821976 epoch=49 and step=70
2026-04-17 04:33:27,025 - SplitNNClient - INFO - 10312 - phase=train acc=0.8206473214285714 loss=37.044764429330826 epoch=49 and step=70
2026-04-17 04:33:48,385 - SplitNNClient - INFO - 10312 - phase=train acc=0.82109375 loss=42.26707836985588 epoch=49 and step=80
2026-04-17 04:34:06,935 - SplitNNClient - INFO - 10312 - phase=train acc=0.8234375 loss=47.1464467048645 epoch=49 and step=90
2026-04-17 04:34:25,586 - SplitNNClient - INFO - 10312 - phase=train acc=0.82390625 loss=52.39575770497322 epoch=49 and step=100
2026-04-17 04:34:43,971 - SplitNNClient - INFO - 10312 - phase=train acc=0.8243607954545454 loss=57.516830027103424 epoch=49 and step=110
2026-04-17 04:35:02,538 - SplitNNClient - INFO - 10312 - phase=train acc=0.824609375 loss=63.13538721203804 epoch=49 and step=120
2026-04-17 04:35:06,250 - FedServerManager - INFO - 9648 - get all model params ---- from rank fed_server
2026-04-17 04:35:18,536 - SplitNNClient - INFO - 20996 - phase=validation acc=0.7747 loss=49.71149852871895 epoch=49 and step=79
2026-04-17 04:35:18,547 - CommBreakdown - INFO - 20996 - rank=3 node_type=client total_send=60911499524 total_receive=28136426238 send_by_category={'ACTS': 60879825200, 'MODEL': 31662900, 'OTHER': 11424} recv_by_category={'GRADS': 28104754650, 'MODEL': 31660500, 'OTHER': 11088} send_by_type={2: 60879825200, 7: 31662900, 3: 5600, 4: 5600, 5: 224} recv_by_type={1: 28104754650, 8: 31660500, 11: 5600, 12: 5488} mm_send_by_type={2: 60879620800, 7: 31661500, 3: 4200, 4: 4200, 5: 168} mm_recv_by_type={1: 28104754650, 8: 31660500, 11: 5600, 12: 5488}
2026-04-17 04:35:18,571 - init_client - INFO - 20996 - Client 3 run end
2026-04-17 04:35:18,620 - SplitNNClient - INFO - 10312 - phase=validation acc=0.7747 loss=49.71149852871895 epoch=49 and step=79
2026-04-17 04:35:18,631 - CommBreakdown - INFO - 10312 - rank=1 node_type=client total_send=83983936274 total_receive=51206189988 send_by_category={'ACTS': 83952261950, 'MODEL': 31662900, 'OTHER': 11424} recv_by_category={'GRADS': 51174518400, 'MODEL': 31660500, 'OTHER': 11088} send_by_type={2: 83952261950, 7: 31662900, 3: 5600, 4: 5600, 5: 224} recv_by_type={1: 51174518400, 8: 31660500, 11: 5600, 12: 5488} mm_send_by_type={2: 83951980550, 7: 31661500, 3: 4200, 4: 4200, 5: 168} mm_recv_by_type={1: 51174518400, 8: 31660500, 11: 5600, 12: 5488}
2026-04-17 04:35:18,670 - init_client - INFO - 10312 - Client 1 run end
2026-04-17 04:35:18,718 - SplitNNClient - INFO - 21140 - phase=validation acc=0.7747 loss=49.71149852871895 epoch=49 and step=79
2026-04-17 04:35:18,728 - CommBreakdown - INFO - 21140 - rank=2 node_type=client total_send=55458014474 total_receive=22683572988 send_by_category={'ACTS': 55426340150, 'MODEL': 31662900, 'OTHER': 11424} recv_by_category={'GRADS': 22651901400, 'MODEL': 31660500, 'OTHER': 11088} send_by_type={2: 55426340150, 7: 31662900, 3: 5600, 4: 5600, 5: 224} recv_by_type={1: 22651901400, 8: 31660500, 11: 5600, 12: 5488} mm_send_by_type={2: 55426153950, 7: 31661500, 3: 4200, 4: 4200, 5: 168} mm_recv_by_type={1: 22651901400, 8: 31660500, 11: 5600, 12: 5488}
2026-04-17 04:35:18,754 - init_client - INFO - 21140 - Client 2 run end
2026-04-17 04:35:18,778 - SplitNNClient - INFO - 8580 - phase=validation acc=0.7747 loss=49.71149852871895 epoch=49 and step=79
2026-04-17 04:35:18,811 - CommBreakdown - INFO - 8580 - rank=4 node_type=client total_send=61750497224 total_receive=28975326738 send_by_category={'ACTS': 61718822900, 'MODEL': 31662900, 'OTHER': 11424} recv_by_category={'GRADS': 28943655150, 'MODEL': 31660500, 'OTHER': 11088} send_by_type={2: 61718822900, 7: 31662900, 3: 5600, 4: 5600, 5: 224} recv_by_type={1: 28943655150, 8: 31660500, 11: 5600, 12: 5488} mm_send_by_type={2: 61718615700, 7: 31661500, 3: 4200, 4: 4200, 5: 168} mm_recv_by_type={1: 28943655150, 8: 31660500, 11: 5600, 12: 5488}
2026-04-17 04:35:18,845 - init_client - INFO - 8580 - Client 4 run end
2026-04-17 04:35:18,859 - SplitNNClient - INFO - 12532 - phase=validation acc=0.7747 loss=49.71149852871895 epoch=49 and step=79
2026-04-17 04:35:18,860 - CommBreakdown - INFO - 9648 - rank=6 node_type=server total_send=158302500 total_receive=158315060 send_by_category={'MODEL': 158302500} recv_by_category={'MODEL': 158314500, 'OTHER': 560} send_by_type={8: 158302500} recv_by_type={7: 158314500, 5: 560} mm_send_by_type={8: 158295500} mm_recv_by_type={7: 158314500, 5: 560}
2026-04-17 04:35:18,861 - CommBreakdown - INFO - 3736 - rank=0 node_type=server total_send=162754691940 total_receive=326632621610 send_by_category={'GRADS': 162754636500, 'OTHER': 55440} recv_by_category={'ACTS': 326632565050, 'OTHER': 56560} send_by_type={1: 162754636500, 11: 28000, 12: 27440} recv_by_type={2: 326632565050, 3: 28000, 4: 28000, 5: 560} mm_send_by_type={1: 162753540300, 11: 21000, 12: 20580} mm_recv_by_type={2: 326632565050, 3: 28000, 4: 28000, 5: 560}
2026-04-17 04:35:18,870 - CommBreakdown - INFO - 12532 - rank=5 node_type=client total_send=64686989174 total_receive=31911478488 send_by_category={'ACTS': 64655314850, 'MODEL': 31662900, 'OTHER': 11424} recv_by_category={'GRADS': 31879806900, 'MODEL': 31660500, 'OTHER': 11088} send_by_type={2: 64655314850, 7: 31662900, 3: 5600, 4: 5600, 5: 224} recv_by_type={1: 31879806900, 8: 31660500, 11: 5600, 12: 5488} mm_send_by_type={2: 64655097850, 7: 31661500, 3: 4200, 4: 4200, 5: 168} mm_recv_by_type={1: 31879806900, 8: 31660500, 11: 5600, 12: 5488}
2026-04-17 04:35:18,871 - init_fed_server - INFO - 9648 - FedServer run end
2026-04-17 04:35:18,882 - init_server - INFO - 3736 - Server run end
2026-04-17 04:35:18,894 - init_client - INFO - 12532 - Client 5 run end
