2026-04-16 17:05:12,210 - datasetFactory - INFO - 19356 - cifar10
2026-04-16 17:05:12,212 - datasetFactory - INFO - 19304 - cifar10
2026-04-16 17:05:12,212 - datasetFactory - INFO - 21260 - cifar10
2026-04-16 17:05:12,215 - datasetFactory - INFO - 21808 - cifar10
2026-04-16 17:05:12,215 - datasetFactory - INFO - 22124 - cifar10
2026-04-16 17:05:12,216 - datasetFactory - INFO - 20956 - cifar10
2026-04-16 17:05:12,286 - TorchvisionDatasetController - INFO - 21260 - <bound method DataPartitioner.homo of <datasets.Partition_Data.DataPartitioner object at 0x0000020DD439E540>>
2026-04-16 17:05:12,287 - DataPartitioner - INFO - 21260 - homo
2026-04-16 17:05:12,287 - TorchvisionDatasetController - INFO - 21260 - F:\phd\Split-Experiments\Split-Framework\datasets\downloads
2026-04-16 17:05:12,289 - TorchvisionDatasetController - INFO - 19304 - <bound method DataPartitioner.homo of <datasets.Partition_Data.DataPartitioner object at 0x000002570918E6C0>>
2026-04-16 17:05:12,289 - DataPartitioner - INFO - 19304 - homo
2026-04-16 17:05:12,289 - TorchvisionDatasetController - INFO - 19304 - F:\phd\Split-Experiments\Split-Framework\datasets\downloads
2026-04-16 17:05:12,289 - TorchvisionDatasetController - INFO - 22124 - <bound method DataPartitioner.homo of <datasets.Partition_Data.DataPartitioner object at 0x0000019E2A4E1E20>>
2026-04-16 17:05:12,289 - DataPartitioner - INFO - 22124 - homo
2026-04-16 17:05:12,289 - TorchvisionDatasetController - INFO - 22124 - F:\phd\Split-Experiments\Split-Framework\datasets\downloads
2026-04-16 17:05:12,289 - TorchvisionDatasetController - INFO - 21808 - <bound method DataPartitioner.homo of <datasets.Partition_Data.DataPartitioner object at 0x0000022957736630>>
2026-04-16 17:05:12,289 - DataPartitioner - INFO - 21808 - homo
2026-04-16 17:05:12,289 - TorchvisionDatasetController - INFO - 21808 - F:\phd\Split-Experiments\Split-Framework\datasets\downloads
2026-04-16 17:05:12,291 - TorchvisionDatasetController - INFO - 20956 - <bound method DataPartitioner.homo of <datasets.Partition_Data.DataPartitioner object at 0x000002F379563E90>>
2026-04-16 17:05:12,291 - DataPartitioner - INFO - 20956 - homo
2026-04-16 17:05:12,291 - TorchvisionDatasetController - INFO - 20956 - F:\phd\Split-Experiments\Split-Framework\datasets\downloads
2026-04-16 17:05:12,366 - TorchvisionDatasetController - INFO - 19356 - <bound method DataPartitioner.homo of <datasets.Partition_Data.DataPartitioner object at 0x000001C3C3B297C0>>
2026-04-16 17:05:12,366 - DataPartitioner - INFO - 19356 - homo
2026-04-16 17:05:12,366 - TorchvisionDatasetController - INFO - 19356 - F:\phd\Split-Experiments\Split-Framework\datasets\downloads
2026-04-16 17:05:13,505 - TorchvisionDatasetController - INFO - 21260 - rank = 5, local_sample_number = 10000
2026-04-16 17:05:13,505 - TorchvisionDatasetController - INFO - 22124 - rank = 3, local_sample_number = 10000
2026-04-16 17:05:13,505 - TorchvisionDatasetController - INFO - 20956 - rank = 1, local_sample_number = 10000
2026-04-16 17:05:13,505 - TorchvisionDatasetController - INFO - 21808 - rank = 2, local_sample_number = 10000
2026-04-16 17:05:14,748 - TorchvisionDatasetController - INFO - 21808 - process_id = 2, batch_num_train_local = 78, batch_num_test_local = 79
2026-04-16 17:05:14,760 - main - INFO - 21808 - Process 2 initialized with device: cpu
2026-04-16 17:05:14,760 - SplitNN_distributed - INFO - 21808 - process_id == client_rank : 2
2026-04-16 17:05:14,761 - SplitNN_distributed - INFO - 21260 - process_id == client_rank : 5
2026-04-16 17:05:14,766 - TorchvisionDatasetController - INFO - 19304 - process_id = 4, batch_num_train_local = 78, batch_num_test_local = 79
2026-04-16 17:05:14,766 - TorchvisionDatasetController - INFO - 20956 - process_id = 1, batch_num_train_local = 78, batch_num_test_local = 79
2026-04-16 17:05:14,767 - TorchvisionDatasetController - INFO - 22124 - process_id = 3, batch_num_train_local = 78, batch_num_test_local = 79
2026-04-16 17:05:14,768 - init_client - INFO - 21808 - Client 2 run begin
2026-04-16 17:05:14,768 - init_client - INFO - 21260 - Client 5 run begin
2026-04-16 17:05:14,771 - main - INFO - 20956 - Process 1 initialized with device: cpu
2026-04-16 17:05:14,771 - SplitNN_distributed - INFO - 20956 - process_id == client_rank : 1
2026-04-16 17:05:14,771 - main - INFO - 19304 - Process 4 initialized with device: cpu
2026-04-16 17:05:14,772 - SplitNN_distributed - INFO - 19304 - process_id == client_rank : 4
2026-04-16 17:05:14,772 - main - INFO - 22124 - Process 3 initialized with device: cpu
2026-04-16 17:05:14,772 - SplitNN_distributed - INFO - 22124 - process_id == client_rank : 3
2026-04-16 17:05:14,776 - init_client - INFO - 20956 - Client 1 run begin
2026-04-16 17:05:14,777 - init_client - INFO - 19304 - Client 4 run begin
2026-04-16 17:05:14,777 - init_client - INFO - 22124 - Client 3 run begin
2026-04-16 17:05:14,822 - TorchvisionDatasetController - INFO - 19356 - train_dl_global number = 390
2026-04-16 17:05:14,822 - TorchvisionDatasetController - INFO - 19356 - test_dl_global number = 79
2026-04-16 17:05:14,830 - main - INFO - 19356 - Process 0 initialized with device: cuda:0
2026-04-16 17:05:14,831 - SplitNN_distributed - INFO - 19356 - process_id == server_rank : 0
2026-04-16 17:05:14,836 - init_server - INFO - 19356 - Server run begin vanilla
2026-04-16 17:05:15,637 - CommBreakdown - INFO - 20956 - tensor_distribution rank=1 node_type=client phase=train epoch=0 sample=early tensor=activations[0] shape=(128, 64, 16, 16) mean=0.865351 std=1.08582 min=0 max=16.4338 mean_abs=0.865351 max_abs=16.4338 p95_abs=3.04912 p99_abs=4.69757 skewness=1.87085 kurtosis=7.86954 mean_channel_std=1.07569 std_channel_std=0.142022 max_channel_scale_over_min_channel_scale=2.63707 spread=high spread_score=1.25477 outliers=medium outlier_score=2.02841 near_zero=medium near_zero_fraction=0.350927
2026-04-16 17:05:15,893 - SplitNNServer - INFO - 19356 - phase=train acc=0.1328125 loss=2.4139316082000732 epoch=0 and step=0
2026-04-16 17:05:17,000 - CommBreakdown - INFO - 19356 - tensor_distribution rank=0 node_type=server phase=train epoch=0 sample=early tensor=activation_grads shape=(128, 64, 16, 16) mean=3.78185e-09 std=5.63883e-05 min=-0.000489803 max=0.000453698 mean_abs=4.10439e-05 max_abs=0.000489803 p95_abs=0.000117546 p99_abs=0.000178638 skewness=0.000467691 kurtosis=5.46892e-05 mean_channel_std=5.63637e-05 std_channel_std=1.66474e-06 max_channel_scale_over_min_channel_scale=1.50734 spread=high spread_score=1.37385 outliers=medium outlier_score=1.95444 near_zero=low near_zero_fraction=0.0802565
2026-04-16 17:05:35,754 - SplitNNServer - INFO - 19356 - phase=train acc=0.11292613636363637 loss=2.3344075679779053 epoch=0 and step=10
2026-04-16 17:05:55,770 - SplitNNServer - INFO - 19356 - phase=train acc=0.11793154761904762 loss=2.296473979949951 epoch=0 and step=20
2026-04-16 17:06:15,998 - SplitNNServer - INFO - 19356 - phase=train acc=0.1237399193548387 loss=2.285579204559326 epoch=0 and step=30
2026-04-16 17:06:35,813 - SplitNNServer - INFO - 19356 - phase=train acc=0.13433689024390244 loss=2.170128345489502 epoch=0 and step=40
2026-04-16 17:06:55,750 - SplitNNServer - INFO - 19356 - phase=train acc=0.14185049019607843 loss=2.275658130645752 epoch=0 and step=50
2026-04-16 17:07:15,775 - SplitNNServer - INFO - 19356 - phase=train acc=0.15035860655737704 loss=2.2157444953918457 epoch=0 and step=60
2026-04-16 17:07:35,763 - SplitNNServer - INFO - 19356 - phase=train acc=0.15514964788732394 loss=2.086228609085083 epoch=0 and step=70
2026-04-16 17:07:50,919 - SplitNNClient - INFO - 20956 - worker_num=1 epoch_send=654415632 epoch_receive=654336150 total_send=654415632 total_receive=654336150 send_by_category={'ACTS': 654415632} recv_by_category={'GRADS': 654336150} send_by_type={2: 654415632} recv_by_type={1: 654336150}
2026-04-16 17:07:53,879 - SplitNNServer - INFO - 19356 - phase=validation acc=0.2243 loss=2.086262856857686 epoch=0 and step=79
2026-04-16 17:07:53,879 - CommBreakdown - INFO - 19356 - epoch_summary rank=0 node_type=server epoch=0 train_acc=0.158854 train_loss=2.23435 val_acc=0.2243 val_loss=2.08626 raw_acts_bytes=1309671424 quantized_acts_bytes=1309671424 acts_metadata_bytes=0 raw_grads_bytes=654311424 quantized_grads_bytes=654311424 grads_metadata_bytes=0 acts_compression=1 grads_compression=1 total_compression=1 acts_quant_time=0 grads_quant_time=0 send_time=0.731912 recv_time=0.66876 epoch_time=159.046
2026-04-16 17:07:57,790 - CommBreakdown - INFO - 21808 - tensor_distribution rank=2 node_type=client phase=train epoch=0 sample=early tensor=activations[0] shape=(128, 64, 16, 16) mean=0.867661 std=1.13114 min=0 max=14.7401 mean_abs=0.867661 max_abs=14.7401 p95_abs=3.14195 p99_abs=4.9737 skewness=2.06002 kurtosis=9.08584 mean_channel_std=1.11764 std_channel_std=0.167905 max_channel_scale_over_min_channel_scale=2.59213 spread=high spread_score=1.30366 outliers=medium outlier_score=2.11708 near_zero=medium near_zero_fraction=0.357594
2026-04-16 17:07:57,823 - SplitNNServer - INFO - 19356 - phase=train acc=0.2578125 loss=2.1045422554016113 epoch=1 and step=0
2026-04-16 17:08:06,886 - SplitNNServer - INFO - 19356 - phase=train acc=0.22585227272727273 loss=2.0521044731140137 epoch=1 and step=10
2026-04-16 17:08:15,954 - SplitNNServer - INFO - 19356 - phase=train acc=0.22209821428571427 loss=2.039435863494873 epoch=1 and step=20
2026-04-16 17:08:25,094 - SplitNNServer - INFO - 19356 - phase=train acc=0.22983870967741934 loss=2.067746639251709 epoch=1 and step=30
2026-04-16 17:08:34,166 - SplitNNServer - INFO - 19356 - phase=train acc=0.22580030487804878 loss=2.023387908935547 epoch=1 and step=40
2026-04-16 17:08:43,266 - SplitNNServer - INFO - 19356 - phase=train acc=0.23069852941176472 loss=2.014413833618164 epoch=1 and step=50
2026-04-16 17:08:52,547 - SplitNNServer - INFO - 19356 - phase=train acc=0.23565573770491804 loss=1.9178909063339233 epoch=1 and step=60
2026-04-16 17:09:01,718 - SplitNNServer - INFO - 19356 - phase=train acc=0.2367957746478873 loss=2.2040162086486816 epoch=1 and step=70
2026-04-16 17:09:08,205 - SplitNNClient - INFO - 21808 - worker_num=2 epoch_send=654415744 epoch_receive=654969492 total_send=654415744 total_receive=654969492 send_by_category={'OTHER': 112, 'ACTS': 654415632} recv_by_category={'OTHER': 112, 'MODEL': 633230, 'GRADS': 654336150} send_by_type={10: 112, 2: 654415632} recv_by_type={6: 112, 8: 633230, 1: 654336150}
2026-04-16 17:09:11,009 - SplitNNServer - INFO - 19356 - phase=validation acc=0.301 loss=1.90584380868115 epoch=1 and step=79
2026-04-16 17:09:11,009 - CommBreakdown - INFO - 19356 - epoch_summary rank=0 node_type=server epoch=1 train_acc=0.238081 train_loss=2.05653 val_acc=0.301 val_loss=1.90584 raw_acts_bytes=1309671424 quantized_acts_bytes=1309671424 acts_metadata_bytes=0 raw_grads_bytes=654311424 quantized_grads_bytes=654311424 grads_metadata_bytes=0 acts_compression=1 grads_compression=1 total_compression=1 acts_quant_time=0 grads_quant_time=0 send_time=0.718637 recv_time=0.633554 epoch_time=77.1304
2026-04-16 17:09:14,848 - CommBreakdown - INFO - 22124 - tensor_distribution rank=3 node_type=client phase=train epoch=0 sample=early tensor=activations[0] shape=(128, 64, 16, 16) mean=0.86903 std=1.14009 min=0 max=16.3402 mean_abs=0.86903 max_abs=16.3402 p95_abs=3.16921 p99_abs=5.04805 skewness=2.06423 kurtosis=8.97648 mean_channel_std=1.12401 std_channel_std=0.182671 max_channel_scale_over_min_channel_scale=3.09751 spread=high spread_score=1.31191 outliers=medium outlier_score=2.13961 near_zero=medium near_zero_fraction=0.360275
2026-04-16 17:09:14,899 - SplitNNServer - INFO - 19356 - phase=train acc=0.25 loss=1.9859278202056885 epoch=2 and step=0
2026-04-16 17:09:23,987 - SplitNNServer - INFO - 19356 - phase=train acc=0.24786931818181818 loss=2.0443878173828125 epoch=2 and step=10
2026-04-16 17:09:33,028 - SplitNNServer - INFO - 19356 - phase=train acc=0.2537202380952381 loss=1.954851508140564 epoch=2 and step=20
2026-04-16 17:09:42,068 - SplitNNServer - INFO - 19356 - phase=train acc=0.2661290322580645 loss=1.8626033067703247 epoch=2 and step=30
2026-04-16 17:09:51,417 - SplitNNServer - INFO - 19356 - phase=train acc=0.26733993902439024 loss=1.9563591480255127 epoch=2 and step=40
2026-04-16 17:10:00,680 - SplitNNServer - INFO - 19356 - phase=train acc=0.27267156862745096 loss=1.9806681871414185 epoch=2 and step=50
2026-04-16 17:10:09,698 - SplitNNServer - INFO - 19356 - phase=train acc=0.27369364754098363 loss=1.9018757343292236 epoch=2 and step=60
2026-04-16 17:10:18,678 - SplitNNServer - INFO - 19356 - phase=train acc=0.2749779929577465 loss=1.83283269405365 epoch=2 and step=70
2026-04-16 17:10:25,021 - SplitNNClient - INFO - 22124 - worker_num=3 epoch_send=654415744 epoch_receive=654969492 total_send=654415744 total_receive=654969492 send_by_category={'OTHER': 112, 'ACTS': 654415632} recv_by_category={'OTHER': 112, 'MODEL': 633230, 'GRADS': 654336150} send_by_type={10: 112, 2: 654415632} recv_by_type={6: 112, 8: 633230, 1: 654336150}
2026-04-16 17:10:27,950 - SplitNNServer - INFO - 19356 - phase=validation acc=0.3408 loss=1.8033973989607412 epoch=2 and step=79
2026-04-16 17:10:27,951 - CommBreakdown - INFO - 19356 - epoch_summary rank=0 node_type=server epoch=2 train_acc=0.273938 train_loss=1.94354 val_acc=0.3408 val_loss=1.8034 raw_acts_bytes=1309671424 quantized_acts_bytes=1309671424 acts_metadata_bytes=0 raw_grads_bytes=654311424 quantized_grads_bytes=654311424 grads_metadata_bytes=0 acts_compression=1 grads_compression=1 total_compression=1 acts_quant_time=0 grads_quant_time=0 send_time=0.776714 recv_time=0.71602 epoch_time=76.9413
2026-04-16 17:10:31,785 - CommBreakdown - INFO - 19304 - tensor_distribution rank=4 node_type=client phase=train epoch=0 sample=early tensor=activations[0] shape=(128, 64, 16, 16) mean=0.865127 std=1.14068 min=0 max=15.3981 mean_abs=0.865127 max_abs=15.3981 p95_abs=3.14498 p99_abs=5.07989 skewness=2.13633 kurtosis=9.59324 mean_channel_std=1.12323 std_channel_std=0.189926 max_channel_scale_over_min_channel_scale=2.97183 spread=high spread_score=1.31851 outliers=medium outlier_score=2.17108 near_zero=medium near_zero_fraction=0.358672
2026-04-16 17:10:31,834 - SplitNNServer - INFO - 19356 - phase=train acc=0.2890625 loss=1.898500919342041 epoch=3 and step=0
2026-04-16 17:10:41,134 - SplitNNServer - INFO - 19356 - phase=train acc=0.2741477272727273 loss=1.8701446056365967 epoch=3 and step=10
2026-04-16 17:10:50,285 - SplitNNServer - INFO - 19356 - phase=train acc=0.2771577380952381 loss=1.851624608039856 epoch=3 and step=20
2026-04-16 17:10:59,424 - SplitNNServer - INFO - 19356 - phase=train acc=0.2878024193548387 loss=1.897045612335205 epoch=3 and step=30
2026-04-16 17:11:08,501 - SplitNNServer - INFO - 19356 - phase=train acc=0.2934451219512195 loss=1.9939184188842773 epoch=3 and step=40
2026-04-16 17:11:17,605 - SplitNNServer - INFO - 19356 - phase=train acc=0.2939644607843137 loss=1.9418926239013672 epoch=3 and step=50
2026-04-16 17:11:26,591 - SplitNNServer - INFO - 19356 - phase=train acc=0.29559426229508196 loss=1.8449268341064453 epoch=3 and step=60
2026-04-16 17:11:35,586 - SplitNNServer - INFO - 19356 - phase=train acc=0.29973591549295775 loss=1.8159608840942383 epoch=3 and step=70
2026-04-16 17:11:41,960 - SplitNNClient - INFO - 19304 - worker_num=4 epoch_send=654415744 epoch_receive=654969492 total_send=654415744 total_receive=654969492 send_by_category={'OTHER': 112, 'ACTS': 654415632} recv_by_category={'OTHER': 112, 'MODEL': 633230, 'GRADS': 654336150} send_by_type={10: 112, 2: 654415632} recv_by_type={6: 112, 8: 633230, 1: 654336150}
2026-04-16 17:11:44,869 - SplitNNServer - INFO - 19356 - phase=validation acc=0.356 loss=1.7454027556165863 epoch=3 and step=79
2026-04-16 17:11:44,870 - CommBreakdown - INFO - 19356 - epoch_summary rank=0 node_type=server epoch=3 train_acc=0.302885 train_loss=1.87371 val_acc=0.356 val_loss=1.7454 raw_acts_bytes=1309671424 quantized_acts_bytes=1309671424 acts_metadata_bytes=0 raw_grads_bytes=654311424 quantized_grads_bytes=654311424 grads_metadata_bytes=0 acts_compression=1 grads_compression=1 total_compression=1 acts_quant_time=0 grads_quant_time=0 send_time=0.807929 recv_time=0.783653 epoch_time=76.9182
2026-04-16 17:11:48,752 - CommBreakdown - INFO - 21260 - tensor_distribution rank=5 node_type=client phase=train epoch=0 sample=early tensor=activations[0] shape=(128, 64, 16, 16) mean=0.870102 std=1.14122 min=0 max=14.5138 mean_abs=0.870102 max_abs=14.5138 p95_abs=3.17465 p99_abs=5.0179 skewness=2.06873 kurtosis=9.0147 mean_channel_std=1.12575 std_channel_std=0.178374 max_channel_scale_over_min_channel_scale=2.54975 spread=high spread_score=1.31159 outliers=medium outlier_score=2.11344 near_zero=medium near_zero_fraction=0.358712
2026-04-16 17:11:48,818 - SplitNNServer - INFO - 19356 - phase=train acc=0.3203125 loss=1.8191306591033936 epoch=4 and step=0
2026-04-16 17:11:58,113 - SplitNNServer - INFO - 19356 - phase=train acc=0.3075284090909091 loss=1.9193660020828247 epoch=4 and step=10
2026-04-16 17:12:07,284 - SplitNNServer - INFO - 19356 - phase=train acc=0.31361607142857145 loss=1.8132119178771973 epoch=4 and step=20
2026-04-16 17:12:16,358 - SplitNNServer - INFO - 19356 - phase=train acc=0.3175403225806452 loss=1.8501296043395996 epoch=4 and step=30
2026-04-16 17:12:25,660 - SplitNNServer - INFO - 19356 - phase=train acc=0.3206935975609756 loss=1.817326545715332 epoch=4 and step=40
2026-04-16 17:12:34,829 - SplitNNServer - INFO - 19356 - phase=train acc=0.3239889705882353 loss=1.8746802806854248 epoch=4 and step=50
2026-04-16 17:12:44,058 - SplitNNServer - INFO - 19356 - phase=train acc=0.32671618852459017 loss=1.8152141571044922 epoch=4 and step=60
2026-04-16 17:12:53,376 - SplitNNServer - INFO - 19356 - phase=train acc=0.3269146126760563 loss=1.9737112522125244 epoch=4 and step=70
2026-04-16 17:12:59,872 - SplitNNClient - INFO - 21260 - worker_num=5 epoch_send=654415744 epoch_receive=654969492 total_send=654415744 total_receive=654969492 send_by_category={'OTHER': 112, 'ACTS': 654415632} recv_by_category={'OTHER': 112, 'MODEL': 633230, 'GRADS': 654336150} send_by_type={10: 112, 2: 654415632} recv_by_type={6: 112, 8: 633230, 1: 654336150}
2026-04-16 17:13:02,778 - SplitNNServer - INFO - 19356 - phase=validation acc=0.3809 loss=1.6946137947372244 epoch=4 and step=79
2026-04-16 17:13:02,778 - CommBreakdown - INFO - 19356 - epoch_summary rank=0 node_type=server epoch=4 train_acc=0.326623 train_loss=1.82684 val_acc=0.3809 val_loss=1.69461 raw_acts_bytes=1309671424 quantized_acts_bytes=1309671424 acts_metadata_bytes=0 raw_grads_bytes=654311424 quantized_grads_bytes=654311424 grads_metadata_bytes=0 acts_compression=1 grads_compression=1 total_compression=1 acts_quant_time=0 grads_quant_time=0 send_time=0.837416 recv_time=0.71788 epoch_time=77.9087
2026-04-16 17:13:05,950 - SplitNNServer - INFO - 19356 - phase=train acc=0.328125 loss=1.6943594217300415 epoch=5 and step=0
2026-04-16 17:13:07,378 - SplitNNServer - INFO - 19356 - phase=train acc=0.3146306818181818 loss=1.859450101852417 epoch=5 and step=10
2026-04-16 17:13:08,742 - SplitNNServer - INFO - 19356 - phase=train acc=0.3165922619047619 loss=1.8313018083572388 epoch=5 and step=20
2026-04-16 17:13:10,046 - SplitNNServer - INFO - 19356 - phase=train acc=0.32610887096774194 loss=1.7822115421295166 epoch=5 and step=30
2026-04-16 17:13:11,534 - SplitNNServer - INFO - 19356 - phase=train acc=0.32641006097560976 loss=1.678636074066162 epoch=5 and step=40
2026-04-16 17:13:13,022 - SplitNNServer - INFO - 19356 - phase=train acc=0.33287377450980393 loss=1.9166088104248047 epoch=5 and step=50
2026-04-16 17:13:14,584 - SplitNNServer - INFO - 19356 - phase=train acc=0.33260758196721313 loss=1.7222245931625366 epoch=5 and step=60
2026-04-16 17:13:16,072 - SplitNNServer - INFO - 19356 - phase=train acc=0.3319762323943662 loss=1.8170450925827026 epoch=5 and step=70
2026-04-16 17:13:17,049 - SplitNNClient - INFO - 20956 - worker_num=1 epoch_send=1964929985 epoch_receive=1309305642 total_send=1964929985 total_receive=1309305642 send_by_category={'ACTS': 1964296307, 'MODEL': 633230, 'OTHER': 448} recv_by_category={'GRADS': 1308672300, 'OTHER': 112, 'MODEL': 633230} send_by_type={2: 1964296307, 7: 633230, 3: 112, 4: 112, 6: 112, 10: 112} recv_by_type={1: 1308672300, 6: 112, 8: 633230}
2026-04-16 17:13:19,984 - SplitNNServer - INFO - 19356 - phase=validation acc=0.3858 loss=1.662296240842795 epoch=5 and step=79
2026-04-16 17:13:19,984 - CommBreakdown - INFO - 19356 - epoch_summary rank=0 node_type=server epoch=5 train_acc=0.332332 train_loss=1.77911 val_acc=0.3858 val_loss=1.6623 raw_acts_bytes=1309671424 quantized_acts_bytes=1309671424 acts_metadata_bytes=0 raw_grads_bytes=654311424 quantized_grads_bytes=654311424 grads_metadata_bytes=0 acts_compression=1 grads_compression=1 total_compression=1 acts_quant_time=0 grads_quant_time=0 send_time=0.485994 recv_time=0.688103 epoch_time=17.205
2026-04-16 17:13:23,141 - SplitNNServer - INFO - 19356 - phase=train acc=0.3203125 loss=1.762650489807129 epoch=6 and step=0
2026-04-16 17:13:24,670 - SplitNNServer - INFO - 19356 - phase=train acc=0.3508522727272727 loss=1.7601220607757568 epoch=6 and step=10
2026-04-16 17:13:26,043 - SplitNNServer - INFO - 19356 - phase=train acc=0.3478422619047619 loss=1.6670496463775635 epoch=6 and step=20
2026-04-16 17:13:27,372 - SplitNNServer - INFO - 19356 - phase=train acc=0.34375 loss=1.6942484378814697 epoch=6 and step=30
2026-04-16 17:13:28,862 - SplitNNServer - INFO - 19356 - phase=train acc=0.3443216463414634 loss=1.7748141288757324 epoch=6 and step=40
2026-04-16 17:13:30,265 - SplitNNServer - INFO - 19356 - phase=train acc=0.34175857843137253 loss=1.8589838743209839 epoch=6 and step=50
2026-04-16 17:13:31,579 - SplitNNServer - INFO - 19356 - phase=train acc=0.3406762295081967 loss=1.818378210067749 epoch=6 and step=60
2026-04-16 17:13:32,879 - SplitNNServer - INFO - 19356 - phase=train acc=0.34507042253521125 loss=1.7451765537261963 epoch=6 and step=70
2026-04-16 17:13:33,828 - SplitNNClient - INFO - 21808 - worker_num=2 epoch_send=1964930097 epoch_receive=1309938984 total_send=1964930097 total_receive=1309938984 send_by_category={'OTHER': 560, 'ACTS': 1964296307, 'MODEL': 633230} recv_by_category={'OTHER': 224, 'MODEL': 1266460, 'GRADS': 1308672300} send_by_type={10: 224, 2: 1964296307, 7: 633230, 3: 112, 4: 112, 6: 112} recv_by_type={6: 224, 8: 1266460, 1: 1308672300}
2026-04-16 17:13:36,708 - SplitNNServer - INFO - 19356 - phase=validation acc=0.3974 loss=1.6268737904633148 epoch=6 and step=79
2026-04-16 17:13:36,709 - CommBreakdown - INFO - 19356 - epoch_summary rank=0 node_type=server epoch=6 train_acc=0.347356 train_loss=1.75753 val_acc=0.3974 val_loss=1.62687 raw_acts_bytes=1309671424 quantized_acts_bytes=1309671424 acts_metadata_bytes=0 raw_grads_bytes=654311424 quantized_grads_bytes=654311424 grads_metadata_bytes=0 acts_compression=1 grads_compression=1 total_compression=1 acts_quant_time=0 grads_quant_time=0 send_time=0.507256 recv_time=0.648926 epoch_time=16.7244
2026-04-16 17:13:39,818 - SplitNNServer - INFO - 19356 - phase=train acc=0.2890625 loss=1.766135811805725 epoch=7 and step=0
2026-04-16 17:13:41,261 - SplitNNServer - INFO - 19356 - phase=train acc=0.3465909090909091 loss=1.7591257095336914 epoch=7 and step=10
2026-04-16 17:13:42,554 - SplitNNServer - INFO - 19356 - phase=train acc=0.35788690476190477 loss=1.6904175281524658 epoch=7 and step=20
2026-04-16 17:13:43,921 - SplitNNServer - INFO - 19356 - phase=train acc=0.3616431451612903 loss=1.766181468963623 epoch=7 and step=30
2026-04-16 17:13:45,206 - SplitNNServer - INFO - 19356 - phase=train acc=0.3589939024390244 loss=1.735080361366272 epoch=7 and step=40
2026-04-16 17:13:46,470 - SplitNNServer - INFO - 19356 - phase=train acc=0.35738357843137253 loss=1.770065188407898 epoch=7 and step=50
2026-04-16 17:13:47,766 - SplitNNServer - INFO - 19356 - phase=train acc=0.35796618852459017 loss=1.7277791500091553 epoch=7 and step=60
2026-04-16 17:13:49,161 - SplitNNServer - INFO - 19356 - phase=train acc=0.359375 loss=1.6261036396026611 epoch=7 and step=70
2026-04-16 17:13:50,275 - SplitNNClient - INFO - 22124 - worker_num=3 epoch_send=1964930097 epoch_receive=1309938984 total_send=1964930097 total_receive=1309938984 send_by_category={'OTHER': 560, 'ACTS': 1964296307, 'MODEL': 633230} recv_by_category={'OTHER': 224, 'MODEL': 1266460, 'GRADS': 1308672300} send_by_type={10: 224, 2: 1964296307, 7: 633230, 3: 112, 4: 112, 6: 112} recv_by_type={6: 224, 8: 1266460, 1: 1308672300}
2026-04-16 17:13:53,026 - SplitNNServer - INFO - 19356 - phase=validation acc=0.4163 loss=1.580879145030734 epoch=7 and step=79
2026-04-16 17:13:53,026 - CommBreakdown - INFO - 19356 - epoch_summary rank=0 node_type=server epoch=7 train_acc=0.35647 train_loss=1.72995 val_acc=0.4163 val_loss=1.58088 raw_acts_bytes=1309671424 quantized_acts_bytes=1309671424 acts_metadata_bytes=0 raw_grads_bytes=654311424 quantized_grads_bytes=654311424 grads_metadata_bytes=0 acts_compression=1 grads_compression=1 total_compression=1 acts_quant_time=0 grads_quant_time=0 send_time=0.482878 recv_time=0.642411 epoch_time=16.3181
2026-04-16 17:13:56,186 - SplitNNServer - INFO - 19356 - phase=train acc=0.359375 loss=1.789657473564148 epoch=8 and step=0
2026-04-16 17:13:57,611 - SplitNNServer - INFO - 19356 - phase=train acc=0.35795454545454547 loss=1.8212536573410034 epoch=8 and step=10
2026-04-16 17:13:59,035 - SplitNNServer - INFO - 19356 - phase=train acc=0.35825892857142855 loss=1.7010616064071655 epoch=8 and step=20
2026-04-16 17:14:00,378 - SplitNNServer - INFO - 19356 - phase=train acc=0.3636592741935484 loss=1.7411556243896484 epoch=8 and step=30
2026-04-16 17:14:01,660 - SplitNNServer - INFO - 19356 - phase=train acc=0.36509146341463417 loss=1.63822603225708 epoch=8 and step=40
2026-04-16 17:14:03,000 - SplitNNServer - INFO - 19356 - phase=train acc=0.36672794117647056 loss=1.6740978956222534 epoch=8 and step=50
2026-04-16 17:14:04,489 - SplitNNServer - INFO - 19356 - phase=train acc=0.3676997950819672 loss=1.6986844539642334 epoch=8 and step=60
2026-04-16 17:14:05,973 - SplitNNServer - INFO - 19356 - phase=train acc=0.3674075704225352 loss=1.734842300415039 epoch=8 and step=70
2026-04-16 17:14:06,975 - SplitNNClient - INFO - 19304 - worker_num=4 epoch_send=1964930097 epoch_receive=1309938984 total_send=1964930097 total_receive=1309938984 send_by_category={'OTHER': 560, 'ACTS': 1964296307, 'MODEL': 633230} recv_by_category={'OTHER': 224, 'MODEL': 1266460, 'GRADS': 1308672300} send_by_type={10: 224, 2: 1964296307, 7: 633230, 3: 112, 4: 112, 6: 112} recv_by_type={6: 224, 8: 1266460, 1: 1308672300}
2026-04-16 17:14:09,743 - SplitNNServer - INFO - 19356 - phase=validation acc=0.4226 loss=1.5595263046554373 epoch=8 and step=79
2026-04-16 17:14:09,743 - CommBreakdown - INFO - 19356 - epoch_summary rank=0 node_type=server epoch=8 train_acc=0.367989 train_loss=1.69329 val_acc=0.4226 val_loss=1.55953 raw_acts_bytes=1309671424 quantized_acts_bytes=1309671424 acts_metadata_bytes=0 raw_grads_bytes=654311424 quantized_grads_bytes=654311424 grads_metadata_bytes=0 acts_compression=1 grads_compression=1 total_compression=1 acts_quant_time=0 grads_quant_time=0 send_time=0.534102 recv_time=0.651961 epoch_time=16.7161
2026-04-16 17:14:12,863 - SplitNNServer - INFO - 19356 - phase=train acc=0.3359375 loss=1.8262838125228882 epoch=9 and step=0
2026-04-16 17:14:14,359 - SplitNNServer - INFO - 19356 - phase=train acc=0.375 loss=1.5891594886779785 epoch=9 and step=10
2026-04-16 17:14:15,639 - SplitNNServer - INFO - 19356 - phase=train acc=0.38318452380952384 loss=1.555513858795166 epoch=9 and step=20
2026-04-16 17:14:16,918 - SplitNNServer - INFO - 19356 - phase=train acc=0.37424395161290325 loss=1.744673252105713 epoch=9 and step=30
2026-04-16 17:14:18,421 - SplitNNServer - INFO - 19356 - phase=train acc=0.3753810975609756 loss=1.692892074584961 epoch=9 and step=40
2026-04-16 17:14:20,068 - SplitNNServer - INFO - 19356 - phase=train acc=0.37362132352941174 loss=1.6477453708648682 epoch=9 and step=50
2026-04-16 17:14:21,388 - SplitNNServer - INFO - 19356 - phase=train acc=0.3748719262295082 loss=1.5715422630310059 epoch=9 and step=60
2026-04-16 17:14:22,845 - SplitNNServer - INFO - 19356 - phase=train acc=0.3768705985915493 loss=1.6202514171600342 epoch=9 and step=70
2026-04-16 17:14:24,022 - SplitNNClient - INFO - 21260 - worker_num=5 epoch_send=1964930097 epoch_receive=1309938984 total_send=1964930097 total_receive=1309938984 send_by_category={'OTHER': 560, 'ACTS': 1964296307, 'MODEL': 633230} recv_by_category={'OTHER': 224, 'MODEL': 1266460, 'GRADS': 1308672300} send_by_type={10: 224, 2: 1964296307, 7: 633230, 3: 112, 4: 112, 6: 112} recv_by_type={6: 224, 8: 1266460, 1: 1308672300}
2026-04-16 17:14:26,867 - SplitNNServer - INFO - 19356 - phase=validation acc=0.4286 loss=1.5346523508240906 epoch=9 and step=79
2026-04-16 17:14:26,867 - CommBreakdown - INFO - 19356 - epoch_summary rank=0 node_type=server epoch=9 train_acc=0.378405 train_loss=1.67981 val_acc=0.4286 val_loss=1.53465 raw_acts_bytes=1309671424 quantized_acts_bytes=1309671424 acts_metadata_bytes=0 raw_grads_bytes=654311424 quantized_grads_bytes=654311424 grads_metadata_bytes=0 acts_compression=1 grads_compression=1 total_compression=1 acts_quant_time=0 grads_quant_time=0 send_time=0.569371 recv_time=0.805985 epoch_time=17.1244
2026-04-16 17:14:30,032 - SplitNNServer - INFO - 19356 - phase=train acc=0.3515625 loss=1.7065908908843994 epoch=10 and step=0
2026-04-16 17:14:31,337 - SplitNNServer - INFO - 19356 - phase=train acc=0.3515625 loss=1.769107699394226 epoch=10 and step=10
2026-04-16 17:14:32,789 - SplitNNServer - INFO - 19356 - phase=train acc=0.35974702380952384 loss=1.7453371286392212 epoch=10 and step=20
2026-04-16 17:14:34,209 - SplitNNServer - INFO - 19356 - phase=train acc=0.3717237903225806 loss=1.569016456604004 epoch=10 and step=30
2026-04-16 17:14:35,787 - SplitNNServer - INFO - 19356 - phase=train acc=0.3706173780487805 loss=1.7200183868408203 epoch=10 and step=40
2026-04-16 17:14:37,069 - SplitNNServer - INFO - 19356 - phase=train acc=0.36764705882352944 loss=1.7366106510162354 epoch=10 and step=50
2026-04-16 17:14:38,346 - SplitNNServer - INFO - 19356 - phase=train acc=0.37359118852459017 loss=1.6128005981445312 epoch=10 and step=60
2026-04-16 17:14:39,617 - SplitNNServer - INFO - 19356 - phase=train acc=0.3748899647887324 loss=1.560786247253418 epoch=10 and step=70
2026-04-16 17:14:40,647 - SplitNNClient - INFO - 20956 - worker_num=1 epoch_send=3275444338 epoch_receive=1964275134 total_send=3275444338 total_receive=1964275134 send_by_category={'ACTS': 3274176982, 'MODEL': 1266460, 'OTHER': 896} recv_by_category={'GRADS': 1963008450, 'OTHER': 224, 'MODEL': 1266460} send_by_type={2: 3274176982, 7: 1266460, 3: 224, 4: 224, 6: 224, 10: 224} recv_by_type={1: 1963008450, 6: 224, 8: 1266460}
2026-04-16 17:14:43,510 - SplitNNServer - INFO - 19356 - phase=validation acc=0.4342 loss=1.527778697919242 epoch=10 and step=79
2026-04-16 17:14:43,511 - CommBreakdown - INFO - 19356 - epoch_summary rank=0 node_type=server epoch=10 train_acc=0.379607 train_loss=1.65051 val_acc=0.4342 val_loss=1.52778 raw_acts_bytes=1309671424 quantized_acts_bytes=1309671424 acts_metadata_bytes=0 raw_grads_bytes=654311424 quantized_grads_bytes=654311424 grads_metadata_bytes=0 acts_compression=1 grads_compression=1 total_compression=1 acts_quant_time=0 grads_quant_time=0 send_time=0.560488 recv_time=0.758295 epoch_time=16.6431
2026-04-16 17:14:46,672 - SplitNNServer - INFO - 19356 - phase=train acc=0.3515625 loss=1.6620359420776367 epoch=11 and step=0
2026-04-16 17:14:48,043 - SplitNNServer - INFO - 19356 - phase=train acc=0.36576704545454547 loss=1.5771853923797607 epoch=11 and step=10
2026-04-16 17:14:49,476 - SplitNNServer - INFO - 19356 - phase=train acc=0.3783482142857143 loss=1.7007709741592407 epoch=11 and step=20
2026-04-16 17:14:51,022 - SplitNNServer - INFO - 19356 - phase=train acc=0.38205645161290325 loss=1.5088560581207275 epoch=11 and step=30
2026-04-16 17:14:52,393 - SplitNNServer - INFO - 19356 - phase=train acc=0.3856707317073171 loss=1.5439577102661133 epoch=11 and step=40
2026-04-16 17:14:53,769 - SplitNNServer - INFO - 19356 - phase=train acc=0.3851102941176471 loss=1.5754246711730957 epoch=11 and step=50
2026-04-16 17:14:55,261 - SplitNNServer - INFO - 19356 - phase=train acc=0.3855020491803279 loss=1.6474831104278564 epoch=11 and step=60
2026-04-16 17:14:56,818 - SplitNNServer - INFO - 19356 - phase=train acc=0.3843529929577465 loss=1.7869031429290771 epoch=11 and step=70
2026-04-16 17:14:57,800 - SplitNNClient - INFO - 21808 - worker_num=2 epoch_send=3275444450 epoch_receive=1964908476 total_send=3275444450 total_receive=1964908476 send_by_category={'OTHER': 1008, 'ACTS': 3274176982, 'MODEL': 1266460} recv_by_category={'OTHER': 336, 'MODEL': 1899690, 'GRADS': 1963008450} send_by_type={10: 336, 2: 3274176982, 7: 1266460, 3: 224, 4: 224, 6: 224} recv_by_type={6: 336, 8: 1899690, 1: 1963008450}
2026-04-16 17:15:00,604 - SplitNNServer - INFO - 19356 - phase=validation acc=0.4535 loss=1.4827379742755165 epoch=11 and step=79
2026-04-16 17:15:00,604 - CommBreakdown - INFO - 19356 - epoch_summary rank=0 node_type=server epoch=11 train_acc=0.384816 train_loss=1.64571 val_acc=0.4535 val_loss=1.48274 raw_acts_bytes=1309671424 quantized_acts_bytes=1309671424 acts_metadata_bytes=0 raw_grads_bytes=654311424 quantized_grads_bytes=654311424 grads_metadata_bytes=0 acts_compression=1 grads_compression=1 total_compression=1 acts_quant_time=0 grads_quant_time=0 send_time=0.551349 recv_time=0.654486 epoch_time=17.0931
2026-04-16 17:15:03,734 - SplitNNServer - INFO - 19356 - phase=train acc=0.4296875 loss=1.6383790969848633 epoch=12 and step=0
2026-04-16 17:15:05,117 - SplitNNServer - INFO - 19356 - phase=train acc=0.4012784090909091 loss=1.569905161857605 epoch=12 and step=10
2026-04-16 17:15:06,479 - SplitNNServer - INFO - 19356 - phase=train acc=0.41443452380952384 loss=1.6218432188034058 epoch=12 and step=20
2026-04-16 17:15:07,841 - SplitNNServer - INFO - 19356 - phase=train acc=0.4067540322580645 loss=1.6565335988998413 epoch=12 and step=30
2026-04-16 17:15:09,164 - SplitNNServer - INFO - 19356 - phase=train acc=0.4012957317073171 loss=1.5503928661346436 epoch=12 and step=40
2026-04-16 17:15:10,436 - SplitNNServer - INFO - 19356 - phase=train acc=0.4036458333333333 loss=1.574681043624878 epoch=12 and step=50
2026-04-16 17:15:11,719 - SplitNNServer - INFO - 19356 - phase=train acc=0.3994620901639344 loss=1.749080777168274 epoch=12 and step=60
2026-04-16 17:15:13,181 - SplitNNServer - INFO - 19356 - phase=train acc=0.3985475352112676 loss=1.7952442169189453 epoch=12 and step=70
2026-04-16 17:15:14,264 - SplitNNClient - INFO - 22124 - worker_num=3 epoch_send=3275444450 epoch_receive=1964908476 total_send=3275444450 total_receive=1964908476 send_by_category={'OTHER': 1008, 'ACTS': 3274176982, 'MODEL': 1266460} recv_by_category={'OTHER': 336, 'MODEL': 1899690, 'GRADS': 1963008450} send_by_type={10: 336, 2: 3274176982, 7: 1266460, 3: 224, 4: 224, 6: 224} recv_by_type={6: 336, 8: 1899690, 1: 1963008450}
2026-04-16 17:15:17,106 - SplitNNServer - INFO - 19356 - phase=validation acc=0.4384 loss=1.5642779431765592 epoch=12 and step=79
2026-04-16 17:15:17,106 - CommBreakdown - INFO - 19356 - epoch_summary rank=0 node_type=server epoch=12 train_acc=0.397436 train_loss=1.63185 val_acc=0.4384 val_loss=1.56428 raw_acts_bytes=1309671424 quantized_acts_bytes=1309671424 acts_metadata_bytes=0 raw_grads_bytes=654311424 quantized_grads_bytes=654311424 grads_metadata_bytes=0 acts_compression=1 grads_compression=1 total_compression=1 acts_quant_time=0 grads_quant_time=0 send_time=0.474022 recv_time=0.640522 epoch_time=16.5011
2026-04-16 17:15:20,246 - SplitNNServer - INFO - 19356 - phase=train acc=0.421875 loss=1.617788553237915 epoch=13 and step=0
2026-04-16 17:15:21,672 - SplitNNServer - INFO - 19356 - phase=train acc=0.3877840909090909 loss=1.728143572807312 epoch=13 and step=10
2026-04-16 17:15:23,027 - SplitNNServer - INFO - 19356 - phase=train acc=0.3828125 loss=1.6477644443511963 epoch=13 and step=20
2026-04-16 17:15:24,309 - SplitNNServer - INFO - 19356 - phase=train acc=0.3923891129032258 loss=1.5604872703552246 epoch=13 and step=30
2026-04-16 17:15:25,584 - SplitNNServer - INFO - 19356 - phase=train acc=0.3944359756097561 loss=1.665860891342163 epoch=13 and step=40
2026-04-16 17:15:26,963 - SplitNNServer - INFO - 19356 - phase=train acc=0.3932291666666667 loss=1.6170971393585205 epoch=13 and step=50
2026-04-16 17:15:28,344 - SplitNNServer - INFO - 19356 - phase=train acc=0.397797131147541 loss=1.671631097793579 epoch=13 and step=60
2026-04-16 17:15:29,689 - SplitNNServer - INFO - 19356 - phase=train acc=0.3999779929577465 loss=1.6410205364227295 epoch=13 and step=70
2026-04-16 17:15:30,714 - SplitNNClient - INFO - 19304 - worker_num=4 epoch_send=3275444450 epoch_receive=1964908476 total_send=3275444450 total_receive=1964908476 send_by_category={'OTHER': 1008, 'ACTS': 3274176982, 'MODEL': 1266460} recv_by_category={'OTHER': 336, 'MODEL': 1899690, 'GRADS': 1963008450} send_by_type={10: 336, 2: 3274176982, 7: 1266460, 3: 224, 4: 224, 6: 224} recv_by_type={6: 336, 8: 1899690, 1: 1963008450}
2026-04-16 17:15:33,512 - SplitNNServer - INFO - 19356 - phase=validation acc=0.4598 loss=1.4725556162339222 epoch=13 and step=79
2026-04-16 17:15:33,512 - CommBreakdown - INFO - 19356 - epoch_summary rank=0 node_type=server epoch=13 train_acc=0.400641 train_loss=1.62052 val_acc=0.4598 val_loss=1.47256 raw_acts_bytes=1309671424 quantized_acts_bytes=1309671424 acts_metadata_bytes=0 raw_grads_bytes=654311424 quantized_grads_bytes=654311424 grads_metadata_bytes=0 acts_compression=1 grads_compression=1 total_compression=1 acts_quant_time=0 grads_quant_time=0 send_time=0.472323 recv_time=0.649978 epoch_time=16.4062
2026-04-16 17:15:36,662 - SplitNNServer - INFO - 19356 - phase=train acc=0.421875 loss=1.5017505884170532 epoch=14 and step=0
2026-04-16 17:15:37,995 - SplitNNServer - INFO - 19356 - phase=train acc=0.40482954545454547 loss=1.7116954326629639 epoch=14 and step=10
2026-04-16 17:15:39,509 - SplitNNServer - INFO - 19356 - phase=train acc=0.4095982142857143 loss=1.7348449230194092 epoch=14 and step=20
2026-04-16 17:15:40,873 - SplitNNServer - INFO - 19356 - phase=train acc=0.4178427419354839 loss=1.639699935913086 epoch=14 and step=30
2026-04-16 17:15:42,177 - SplitNNServer - INFO - 19356 - phase=train acc=0.41196646341463417 loss=1.655497670173645 epoch=14 and step=40
2026-04-16 17:15:43,639 - SplitNNServer - INFO - 19356 - phase=train acc=0.41222426470588236 loss=1.5888127088546753 epoch=14 and step=50
2026-04-16 17:15:44,994 - SplitNNServer - INFO - 19356 - phase=train acc=0.4131659836065574 loss=1.5900909900665283 epoch=14 and step=60
2026-04-16 17:15:46,303 - SplitNNServer - INFO - 19356 - phase=train acc=0.41241197183098594 loss=1.6076607704162598 epoch=14 and step=70
2026-04-16 17:15:47,391 - SplitNNClient - INFO - 21260 - worker_num=5 epoch_send=3275444450 epoch_receive=1964908476 total_send=3275444450 total_receive=1964908476 send_by_category={'OTHER': 1008, 'ACTS': 3274176982, 'MODEL': 1266460} recv_by_category={'OTHER': 336, 'MODEL': 1899690, 'GRADS': 1963008450} send_by_type={10: 336, 2: 3274176982, 7: 1266460, 3: 224, 4: 224, 6: 224} recv_by_type={6: 336, 8: 1899690, 1: 1963008450}
2026-04-16 17:15:50,295 - SplitNNServer - INFO - 19356 - phase=validation acc=0.4666 loss=1.4440651437904262 epoch=14 and step=79
2026-04-16 17:15:50,296 - CommBreakdown - INFO - 19356 - epoch_summary rank=0 node_type=server epoch=14 train_acc=0.414263 train_loss=1.60304 val_acc=0.4666 val_loss=1.44407 raw_acts_bytes=1309671424 quantized_acts_bytes=1309671424 acts_metadata_bytes=0 raw_grads_bytes=654311424 quantized_grads_bytes=654311424 grads_metadata_bytes=0 acts_compression=1 grads_compression=1 total_compression=1 acts_quant_time=0 grads_quant_time=0 send_time=0.49291 recv_time=0.653407 epoch_time=16.7832
2026-04-16 17:15:53,404 - SplitNNServer - INFO - 19356 - phase=train acc=0.4375 loss=1.5432339906692505 epoch=15 and step=0
2026-04-16 17:15:54,843 - SplitNNServer - INFO - 19356 - phase=train acc=0.40980113636363635 loss=1.6036927700042725 epoch=15 and step=10
2026-04-16 17:15:56,165 - SplitNNServer - INFO - 19356 - phase=train acc=0.4088541666666667 loss=1.5665507316589355 epoch=15 and step=20
2026-04-16 17:15:57,580 - SplitNNServer - INFO - 19356 - phase=train acc=0.41431451612903225 loss=1.648152232170105 epoch=15 and step=30
2026-04-16 17:15:58,855 - SplitNNServer - INFO - 19356 - phase=train acc=0.41215701219512196 loss=1.8256148099899292 epoch=15 and step=40
2026-04-16 17:16:00,311 - SplitNNServer - INFO - 19356 - phase=train acc=0.4143688725490196 loss=1.4946436882019043 epoch=15 and step=50
2026-04-16 17:16:01,816 - SplitNNServer - INFO - 19356 - phase=train acc=0.41188524590163933 loss=1.787449836730957 epoch=15 and step=60
2026-04-16 17:16:03,242 - SplitNNServer - INFO - 19356 - phase=train acc=0.4116417253521127 loss=1.7765756845474243 epoch=15 and step=70
2026-04-16 17:16:04,238 - SplitNNClient - INFO - 20956 - worker_num=1 epoch_send=4585958691 epoch_receive=2619244626 total_send=4585958691 total_receive=2619244626 send_by_category={'ACTS': 4584057657, 'MODEL': 1899690, 'OTHER': 1344} recv_by_category={'GRADS': 2617344600, 'OTHER': 336, 'MODEL': 1899690} send_by_type={2: 4584057657, 7: 1899690, 3: 336, 4: 336, 6: 336, 10: 336} recv_by_type={1: 2617344600, 6: 336, 8: 1899690}
2026-04-16 17:16:07,112 - SplitNNServer - INFO - 19356 - phase=validation acc=0.4697 loss=1.4475458603871019 epoch=15 and step=79
2026-04-16 17:16:07,112 - CommBreakdown - INFO - 19356 - epoch_summary rank=0 node_type=server epoch=15 train_acc=0.410457 train_loss=1.58084 val_acc=0.4697 val_loss=1.44755 raw_acts_bytes=1309671424 quantized_acts_bytes=1309671424 acts_metadata_bytes=0 raw_grads_bytes=654311424 quantized_grads_bytes=654311424 grads_metadata_bytes=0 acts_compression=1 grads_compression=1 total_compression=1 acts_quant_time=0 grads_quant_time=0 send_time=0.491007 recv_time=0.685487 epoch_time=16.8165
2026-04-16 17:16:10,258 - SplitNNServer - INFO - 19356 - phase=train acc=0.3515625 loss=1.6643396615982056 epoch=16 and step=0
2026-04-16 17:16:11,848 - SplitNNServer - INFO - 19356 - phase=train acc=0.40269886363636365 loss=1.6740763187408447 epoch=16 and step=10
2026-04-16 17:16:13,165 - SplitNNServer - INFO - 19356 - phase=train acc=0.4088541666666667 loss=1.701481580734253 epoch=16 and step=20
2026-04-16 17:16:14,482 - SplitNNServer - INFO - 19356 - phase=train acc=0.4092741935483871 loss=1.714341163635254 epoch=16 and step=30
2026-04-16 17:16:15,974 - SplitNNServer - INFO - 19356 - phase=train acc=0.4089176829268293 loss=1.599435567855835 epoch=16 and step=40
2026-04-16 17:16:17,256 - SplitNNServer - INFO - 19356 - phase=train acc=0.4183517156862745 loss=1.4285814762115479 epoch=16 and step=50
2026-04-16 17:16:18,664 - SplitNNServer - INFO - 19356 - phase=train acc=0.41649590163934425 loss=1.6704175472259521 epoch=16 and step=60
2026-04-16 17:16:20,148 - SplitNNServer - INFO - 19356 - phase=train acc=0.4147227112676056 loss=1.4870622158050537 epoch=16 and step=70
2026-04-16 17:16:21,206 - SplitNNClient - INFO - 21808 - worker_num=2 epoch_send=4585958803 epoch_receive=2619877968 total_send=4585958803 total_receive=2619877968 send_by_category={'OTHER': 1456, 'ACTS': 4584057657, 'MODEL': 1899690} recv_by_category={'OTHER': 448, 'MODEL': 2532920, 'GRADS': 2617344600} send_by_type={10: 448, 2: 4584057657, 7: 1899690, 3: 336, 4: 336, 6: 336} recv_by_type={6: 448, 8: 2532920, 1: 2617344600}
2026-04-16 17:16:24,007 - SplitNNServer - INFO - 19356 - phase=validation acc=0.4665 loss=1.451506244985363 epoch=16 and step=79
2026-04-16 17:16:24,007 - CommBreakdown - INFO - 19356 - epoch_summary rank=0 node_type=server epoch=16 train_acc=0.416266 train_loss=1.57029 val_acc=0.4665 val_loss=1.45151 raw_acts_bytes=1309671424 quantized_acts_bytes=1309671424 acts_metadata_bytes=0 raw_grads_bytes=654311424 quantized_grads_bytes=654311424 grads_metadata_bytes=0 acts_compression=1 grads_compression=1 total_compression=1 acts_quant_time=0 grads_quant_time=0 send_time=0.517736 recv_time=0.651326 epoch_time=16.8941
2026-04-16 17:16:27,135 - SplitNNServer - INFO - 19356 - phase=train acc=0.4453125 loss=1.5454378128051758 epoch=17 and step=0
2026-04-16 17:16:28,598 - SplitNNServer - INFO - 19356 - phase=train acc=0.4225852272727273 loss=1.4417724609375 epoch=17 and step=10
2026-04-16 17:16:29,875 - SplitNNServer - INFO - 19356 - phase=train acc=0.4244791666666667 loss=1.556775689125061 epoch=17 and step=20
2026-04-16 17:16:31,367 - SplitNNServer - INFO - 19356 - phase=train acc=0.43044354838709675 loss=1.5269993543624878 epoch=17 and step=30
2026-04-16 17:16:32,702 - SplitNNServer - INFO - 19356 - phase=train acc=0.42397103658536583 loss=1.6138396263122559 epoch=17 and step=40
2026-04-16 17:16:34,042 - SplitNNServer - INFO - 19356 - phase=train acc=0.4241727941176471 loss=1.6356652975082397 epoch=17 and step=50
2026-04-16 17:16:35,354 - SplitNNServer - INFO - 19356 - phase=train acc=0.4239241803278688 loss=1.5665010213851929 epoch=17 and step=60
2026-04-16 17:16:36,738 - SplitNNServer - INFO - 19356 - phase=train acc=0.42561619718309857 loss=1.6186604499816895 epoch=17 and step=70
2026-04-16 17:16:37,700 - SplitNNClient - INFO - 22124 - worker_num=3 epoch_send=4585958803 epoch_receive=2619877968 total_send=4585958803 total_receive=2619877968 send_by_category={'OTHER': 1456, 'ACTS': 4584057657, 'MODEL': 1899690} recv_by_category={'OTHER': 448, 'MODEL': 2532920, 'GRADS': 2617344600} send_by_type={10: 448, 2: 4584057657, 7: 1899690, 3: 336, 4: 336, 6: 336} recv_by_type={6: 448, 8: 2532920, 1: 2617344600}
2026-04-16 17:16:40,463 - SplitNNServer - INFO - 19356 - phase=validation acc=0.4777 loss=1.406214563152458 epoch=17 and step=79
2026-04-16 17:16:40,464 - CommBreakdown - INFO - 19356 - epoch_summary rank=0 node_type=server epoch=17 train_acc=0.423077 train_loss=1.56274 val_acc=0.4777 val_loss=1.40621 raw_acts_bytes=1309671424 quantized_acts_bytes=1309671424 acts_metadata_bytes=0 raw_grads_bytes=654311424 quantized_grads_bytes=654311424 grads_metadata_bytes=0 acts_compression=1 grads_compression=1 total_compression=1 acts_quant_time=0 grads_quant_time=0 send_time=0.519079 recv_time=0.652374 epoch_time=16.4566
2026-04-16 17:16:43,591 - SplitNNServer - INFO - 19356 - phase=train acc=0.390625 loss=1.5439215898513794 epoch=18 and step=0
2026-04-16 17:16:44,881 - SplitNNServer - INFO - 19356 - phase=train acc=0.43323863636363635 loss=1.5206501483917236 epoch=18 and step=10
2026-04-16 17:16:46,239 - SplitNNServer - INFO - 19356 - phase=train acc=0.4296875 loss=1.5967899560928345 epoch=18 and step=20
2026-04-16 17:16:47,513 - SplitNNServer - INFO - 19356 - phase=train acc=0.41935483870967744 loss=1.5253340005874634 epoch=18 and step=30
2026-04-16 17:16:48,880 - SplitNNServer - INFO - 19356 - phase=train acc=0.42054115853658536 loss=1.596754789352417 epoch=18 and step=40
2026-04-16 17:16:50,250 - SplitNNServer - INFO - 19356 - phase=train acc=0.4250919117647059 loss=1.408982753753662 epoch=18 and step=50
2026-04-16 17:16:51,622 - SplitNNServer - INFO - 19356 - phase=train acc=0.4296875 loss=1.3511128425598145 epoch=18 and step=60
2026-04-16 17:16:52,961 - SplitNNServer - INFO - 19356 - phase=train acc=0.42627640845070425 loss=1.6125876903533936 epoch=18 and step=70
2026-04-16 17:16:54,078 - SplitNNClient - INFO - 19304 - worker_num=4 epoch_send=4585958803 epoch_receive=2619877968 total_send=4585958803 total_receive=2619877968 send_by_category={'OTHER': 1456, 'ACTS': 4584057657, 'MODEL': 1899690} recv_by_category={'OTHER': 448, 'MODEL': 2532920, 'GRADS': 2617344600} send_by_type={10: 448, 2: 4584057657, 7: 1899690, 3: 336, 4: 336, 6: 336} recv_by_type={6: 448, 8: 2532920, 1: 2617344600}
2026-04-16 17:16:56,887 - SplitNNServer - INFO - 19356 - phase=validation acc=0.4785 loss=1.4249354691445073 epoch=18 and step=79
2026-04-16 17:16:56,887 - CommBreakdown - INFO - 19356 - epoch_summary rank=0 node_type=server epoch=18 train_acc=0.426983 train_loss=1.54979 val_acc=0.4785 val_loss=1.42494 raw_acts_bytes=1309671424 quantized_acts_bytes=1309671424 acts_metadata_bytes=0 raw_grads_bytes=654311424 quantized_grads_bytes=654311424 grads_metadata_bytes=0 acts_compression=1 grads_compression=1 total_compression=1 acts_quant_time=0 grads_quant_time=0 send_time=0.538307 recv_time=0.653918 epoch_time=16.4232
2026-04-16 17:17:00,067 - SplitNNServer - INFO - 19356 - phase=train acc=0.40625 loss=1.6765961647033691 epoch=19 and step=0
2026-04-16 17:17:01,481 - SplitNNServer - INFO - 19356 - phase=train acc=0.4474431818181818 loss=1.6784932613372803 epoch=19 and step=10
2026-04-16 17:17:02,761 - SplitNNServer - INFO - 19356 - phase=train acc=0.43787202380952384 loss=1.4084818363189697 epoch=19 and step=20
2026-04-16 17:17:04,042 - SplitNNServer - INFO - 19356 - phase=train acc=0.4425403225806452 loss=1.3807556629180908 epoch=19 and step=30
2026-04-16 17:17:05,367 - SplitNNServer - INFO - 19356 - phase=train acc=0.4458841463414634 loss=1.496213674545288 epoch=19 and step=40
2026-04-16 17:17:06,681 - SplitNNServer - INFO - 19356 - phase=train acc=0.4419424019607843 loss=1.596458077430725 epoch=19 and step=50
2026-04-16 17:17:08,048 - SplitNNServer - INFO - 19356 - phase=train acc=0.4448002049180328 loss=1.5499708652496338 epoch=19 and step=60
2026-04-16 17:17:09,406 - SplitNNServer - INFO - 19356 - phase=train acc=0.4428917253521127 loss=1.5406556129455566 epoch=19 and step=70
2026-04-16 17:17:10,355 - SplitNNClient - INFO - 21260 - worker_num=5 epoch_send=4585958803 epoch_receive=2619877968 total_send=4585958803 total_receive=2619877968 send_by_category={'OTHER': 1456, 'ACTS': 4584057657, 'MODEL': 1899690} recv_by_category={'OTHER': 448, 'MODEL': 2532920, 'GRADS': 2617344600} send_by_type={10: 448, 2: 4584057657, 7: 1899690, 3: 336, 4: 336, 6: 336} recv_by_type={6: 448, 8: 2532920, 1: 2617344600}
2026-04-16 17:17:13,296 - SplitNNServer - INFO - 19356 - phase=validation acc=0.4883 loss=1.3996472539781015 epoch=19 and step=79
2026-04-16 17:17:13,296 - CommBreakdown - INFO - 19356 - epoch_summary rank=0 node_type=server epoch=19 train_acc=0.442608 train_loss=1.53522 val_acc=0.4883 val_loss=1.39965 raw_acts_bytes=1309671424 quantized_acts_bytes=1309671424 acts_metadata_bytes=0 raw_grads_bytes=654311424 quantized_grads_bytes=654311424 grads_metadata_bytes=0 acts_compression=1 grads_compression=1 total_compression=1 acts_quant_time=0 grads_quant_time=0 send_time=0.524197 recv_time=0.655206 epoch_time=16.409
2026-04-16 17:17:16,424 - SplitNNServer - INFO - 19356 - phase=train acc=0.4296875 loss=1.5709123611450195 epoch=20 and step=0
2026-04-16 17:17:17,764 - SplitNNServer - INFO - 19356 - phase=train acc=0.44389204545454547 loss=1.4989969730377197 epoch=20 and step=10
2026-04-16 17:17:19,124 - SplitNNServer - INFO - 19356 - phase=train acc=0.43898809523809523 loss=1.6164956092834473 epoch=20 and step=20
2026-04-16 17:17:20,585 - SplitNNServer - INFO - 19356 - phase=train acc=0.43901209677419356 loss=1.5294311046600342 epoch=20 and step=30
2026-04-16 17:17:22,036 - SplitNNServer - INFO - 19356 - phase=train acc=0.4407393292682927 loss=1.5172150135040283 epoch=20 and step=40
2026-04-16 17:17:23,380 - SplitNNServer - INFO - 19356 - phase=train acc=0.43949142156862747 loss=1.614080548286438 epoch=20 and step=50
2026-04-16 17:17:24,650 - SplitNNServer - INFO - 19356 - phase=train acc=0.4400614754098361 loss=1.5108693838119507 epoch=20 and step=60
2026-04-16 17:17:25,928 - SplitNNServer - INFO - 19356 - phase=train acc=0.44212147887323944 loss=1.3966126441955566 epoch=20 and step=70
2026-04-16 17:17:26,878 - SplitNNClient - INFO - 20956 - worker_num=1 epoch_send=5896473044 epoch_receive=3274214118 total_send=5896473044 total_receive=3274214118 send_by_category={'ACTS': 5893938332, 'MODEL': 2532920, 'OTHER': 1792} recv_by_category={'GRADS': 3271680750, 'OTHER': 448, 'MODEL': 2532920} send_by_type={2: 5893938332, 7: 2532920, 3: 448, 4: 448, 6: 448, 10: 448} recv_by_type={1: 3271680750, 6: 448, 8: 2532920}
2026-04-16 17:17:29,831 - SplitNNServer - INFO - 19356 - phase=validation acc=0.5003 loss=1.3662845741344403 epoch=20 and step=79
2026-04-16 17:17:29,832 - CommBreakdown - INFO - 19356 - epoch_summary rank=0 node_type=server epoch=20 train_acc=0.442508 train_loss=1.52154 val_acc=0.5003 val_loss=1.36628 raw_acts_bytes=1309671424 quantized_acts_bytes=1309671424 acts_metadata_bytes=0 raw_grads_bytes=654311424 quantized_grads_bytes=654311424 grads_metadata_bytes=0 acts_compression=1 grads_compression=1 total_compression=1 acts_quant_time=0 grads_quant_time=0 send_time=0.499126 recv_time=0.678981 epoch_time=16.5348
2026-04-16 17:17:32,966 - SplitNNServer - INFO - 19356 - phase=train acc=0.46875 loss=1.529036283493042 epoch=21 and step=0
2026-04-16 17:17:34,454 - SplitNNServer - INFO - 19356 - phase=train acc=0.4460227272727273 loss=1.4693620204925537 epoch=21 and step=10
2026-04-16 17:17:35,954 - SplitNNServer - INFO - 19356 - phase=train acc=0.4408482142857143 loss=1.48708176612854 epoch=21 and step=20
2026-04-16 17:17:37,230 - SplitNNServer - INFO - 19356 - phase=train acc=0.44455645161290325 loss=1.4862661361694336 epoch=21 and step=30
2026-04-16 17:17:38,499 - SplitNNServer - INFO - 19356 - phase=train acc=0.4445503048780488 loss=1.5065691471099854 epoch=21 and step=40
2026-04-16 17:17:39,949 - SplitNNServer - INFO - 19356 - phase=train acc=0.4424019607843137 loss=1.710943579673767 epoch=21 and step=50
2026-04-16 17:17:41,325 - SplitNNServer - INFO - 19356 - phase=train acc=0.4426229508196721 loss=1.6844298839569092 epoch=21 and step=60
2026-04-16 17:17:42,872 - SplitNNServer - INFO - 19356 - phase=train acc=0.44454225352112675 loss=1.5646233558654785 epoch=21 and step=70
2026-04-16 17:17:43,868 - SplitNNClient - INFO - 21808 - worker_num=2 epoch_send=5896473156 epoch_receive=3274847460 total_send=5896473156 total_receive=3274847460 send_by_category={'OTHER': 1904, 'ACTS': 5893938332, 'MODEL': 2532920} recv_by_category={'OTHER': 560, 'MODEL': 3166150, 'GRADS': 3271680750} send_by_type={10: 560, 2: 5893938332, 7: 2532920, 3: 448, 4: 448, 6: 448} recv_by_type={6: 560, 8: 3166150, 1: 3271680750}
2026-04-16 17:17:46,812 - SplitNNServer - INFO - 19356 - phase=validation acc=0.4932 loss=1.4014060014410863 epoch=21 and step=79
2026-04-16 17:17:46,812 - CommBreakdown - INFO - 19356 - epoch_summary rank=0 node_type=server epoch=21 train_acc=0.444712 train_loss=1.52512 val_acc=0.4932 val_loss=1.40141 raw_acts_bytes=1309671424 quantized_acts_bytes=1309671424 acts_metadata_bytes=0 raw_grads_bytes=654311424 quantized_grads_bytes=654311424 grads_metadata_bytes=0 acts_compression=1 grads_compression=1 total_compression=1 acts_quant_time=0 grads_quant_time=0 send_time=0.509515 recv_time=0.647876 epoch_time=16.9808
2026-04-16 17:17:49,941 - SplitNNServer - INFO - 19356 - phase=train acc=0.4296875 loss=1.5180000066757202 epoch=22 and step=0
2026-04-16 17:17:51,424 - SplitNNServer - INFO - 19356 - phase=train acc=0.4346590909090909 loss=1.4859347343444824 epoch=22 and step=10
2026-04-16 17:17:52,891 - SplitNNServer - INFO - 19356 - phase=train acc=0.4322916666666667 loss=1.6161129474639893 epoch=22 and step=20
2026-04-16 17:17:54,202 - SplitNNServer - INFO - 19356 - phase=train acc=0.43850806451612906 loss=1.5195828676223755 epoch=22 and step=30
2026-04-16 17:17:55,492 - SplitNNServer - INFO - 19356 - phase=train acc=0.44302591463414637 loss=1.4435534477233887 epoch=22 and step=40
2026-04-16 17:17:56,857 - SplitNNServer - INFO - 19356 - phase=train acc=0.44546568627450983 loss=1.5334398746490479 epoch=22 and step=50
2026-04-16 17:17:58,131 - SplitNNServer - INFO - 19356 - phase=train acc=0.4427510245901639 loss=1.4540925025939941 epoch=22 and step=60
2026-04-16 17:17:59,448 - SplitNNServer - INFO - 19356 - phase=train acc=0.43915052816901406 loss=1.609920620918274 epoch=22 and step=70
2026-04-16 17:18:00,391 - SplitNNClient - INFO - 22124 - worker_num=3 epoch_send=5896473156 epoch_receive=3274847460 total_send=5896473156 total_receive=3274847460 send_by_category={'OTHER': 1904, 'ACTS': 5893938332, 'MODEL': 2532920} recv_by_category={'OTHER': 560, 'MODEL': 3166150, 'GRADS': 3271680750} send_by_type={10: 560, 2: 5893938332, 7: 2532920, 3: 448, 4: 448, 6: 448} recv_by_type={6: 560, 8: 3166150, 1: 3271680750}
2026-04-16 17:18:03,182 - SplitNNServer - INFO - 19356 - phase=validation acc=0.4953 loss=1.381837650190426 epoch=22 and step=79
2026-04-16 17:18:03,182 - CommBreakdown - INFO - 19356 - epoch_summary rank=0 node_type=server epoch=22 train_acc=0.435096 train_loss=1.52632 val_acc=0.4953 val_loss=1.38184 raw_acts_bytes=1309671424 quantized_acts_bytes=1309671424 acts_metadata_bytes=0 raw_grads_bytes=654311424 quantized_grads_bytes=654311424 grads_metadata_bytes=0 acts_compression=1 grads_compression=1 total_compression=1 acts_quant_time=0 grads_quant_time=0 send_time=0.563218 recv_time=0.646998 epoch_time=16.3697
2026-04-16 17:18:06,335 - SplitNNServer - INFO - 19356 - phase=train acc=0.5625 loss=1.38016676902771 epoch=23 and step=0
2026-04-16 17:18:07,726 - SplitNNServer - INFO - 19356 - phase=train acc=0.45738636363636365 loss=1.4428443908691406 epoch=23 and step=10
2026-04-16 17:18:09,121 - SplitNNServer - INFO - 19356 - phase=train acc=0.45610119047619047 loss=1.377043604850769 epoch=23 and step=20
2026-04-16 17:18:10,392 - SplitNNServer - INFO - 19356 - phase=train acc=0.4576612903225806 loss=1.507440209388733 epoch=23 and step=30
2026-04-16 17:18:11,858 - SplitNNServer - INFO - 19356 - phase=train acc=0.45102896341463417 loss=1.5717051029205322 epoch=23 and step=40
2026-04-16 17:18:13,221 - SplitNNServer - INFO - 19356 - phase=train acc=0.45067401960784315 loss=1.5918495655059814 epoch=23 and step=50
2026-04-16 17:18:14,489 - SplitNNServer - INFO - 19356 - phase=train acc=0.4487704918032787 loss=1.6667726039886475 epoch=23 and step=60
2026-04-16 17:18:15,794 - SplitNNServer - INFO - 19356 - phase=train acc=0.4486135563380282 loss=1.462266206741333 epoch=23 and step=70
2026-04-16 17:18:16,748 - SplitNNClient - INFO - 19304 - worker_num=4 epoch_send=5896473156 epoch_receive=3274847460 total_send=5896473156 total_receive=3274847460 send_by_category={'OTHER': 1904, 'ACTS': 5893938332, 'MODEL': 2532920} recv_by_category={'OTHER': 560, 'MODEL': 3166150, 'GRADS': 3271680750} send_by_type={10: 560, 2: 5893938332, 7: 2532920, 3: 448, 4: 448, 6: 448} recv_by_type={6: 560, 8: 3166150, 1: 3271680750}
2026-04-16 17:18:19,494 - SplitNNServer - INFO - 19356 - phase=validation acc=0.4857 loss=1.4270242075376873 epoch=23 and step=79
2026-04-16 17:18:19,494 - CommBreakdown - INFO - 19356 - epoch_summary rank=0 node_type=server epoch=23 train_acc=0.447716 train_loss=1.50991 val_acc=0.4857 val_loss=1.42702 raw_acts_bytes=1309671424 quantized_acts_bytes=1309671424 acts_metadata_bytes=0 raw_grads_bytes=654311424 quantized_grads_bytes=654311424 grads_metadata_bytes=0 acts_compression=1 grads_compression=1 total_compression=1 acts_quant_time=0 grads_quant_time=0 send_time=0.551741 recv_time=0.654097 epoch_time=16.3117
2026-04-16 17:18:22,617 - SplitNNServer - INFO - 19356 - phase=train acc=0.40625 loss=1.620723843574524 epoch=24 and step=0
2026-04-16 17:18:24,104 - SplitNNServer - INFO - 19356 - phase=train acc=0.4367897727272727 loss=1.5717236995697021 epoch=24 and step=10
2026-04-16 17:18:25,622 - SplitNNServer - INFO - 19356 - phase=train acc=0.43898809523809523 loss=1.4946926832199097 epoch=24 and step=20
2026-04-16 17:18:27,090 - SplitNNServer - INFO - 19356 - phase=train acc=0.44632056451612906 loss=1.5375616550445557 epoch=24 and step=30
2026-04-16 17:18:28,573 - SplitNNServer - INFO - 19356 - phase=train acc=0.44759908536585363 loss=1.3981084823608398 epoch=24 and step=40
2026-04-16 17:18:30,078 - SplitNNServer - INFO - 19356 - phase=train acc=0.45297181372549017 loss=1.2862050533294678 epoch=24 and step=50
2026-04-16 17:18:31,566 - SplitNNServer - INFO - 19356 - phase=train acc=0.4546618852459016 loss=1.3744001388549805 epoch=24 and step=60
2026-04-16 17:18:32,843 - SplitNNServer - INFO - 19356 - phase=train acc=0.45774647887323944 loss=1.4941372871398926 epoch=24 and step=70
2026-04-16 17:18:33,872 - SplitNNClient - INFO - 21260 - worker_num=5 epoch_send=5896473156 epoch_receive=3274847460 total_send=5896473156 total_receive=3274847460 send_by_category={'OTHER': 1904, 'ACTS': 5893938332, 'MODEL': 2532920} recv_by_category={'OTHER': 560, 'MODEL': 3166150, 'GRADS': 3271680750} send_by_type={10: 560, 2: 5893938332, 7: 2532920, 3: 448, 4: 448, 6: 448} recv_by_type={6: 560, 8: 3166150, 1: 3271680750}
2026-04-16 17:18:36,765 - SplitNNServer - INFO - 19356 - phase=validation acc=0.5103 loss=1.343801303754879 epoch=24 and step=79
2026-04-16 17:18:36,765 - CommBreakdown - INFO - 19356 - epoch_summary rank=0 node_type=server epoch=24 train_acc=0.455729 train_loss=1.49484 val_acc=0.5103 val_loss=1.3438 raw_acts_bytes=1309671424 quantized_acts_bytes=1309671424 acts_metadata_bytes=0 raw_grads_bytes=654311424 quantized_grads_bytes=654311424 grads_metadata_bytes=0 acts_compression=1 grads_compression=1 total_compression=1 acts_quant_time=0 grads_quant_time=0 send_time=0.517542 recv_time=0.647381 epoch_time=17.2705
2026-04-16 17:18:39,932 - SplitNNServer - INFO - 19356 - phase=train acc=0.5234375 loss=1.3770458698272705 epoch=25 and step=0
2026-04-16 17:18:40,979 - CommBreakdown - INFO - 19356 - tensor_distribution rank=0 node_type=server phase=train epoch=25 sample=middle tensor=activation_grads shape=(128, 64, 16, 16) mean=5.51196e-09 std=4.24158e-05 min=-0.000613717 max=0.000626509 mean_abs=2.82681e-05 max_abs=0.000626509 p95_abs=8.9498e-05 p99_abs=0.000150046 skewness=-0.00208006 kurtosis=3.04803e-05 mean_channel_std=4.23913e-05 std_channel_std=1.43928e-06 max_channel_scale_over_min_channel_scale=1.92483 spread=high spread_score=1.50048 outliers=medium outlier_score=2.27175 near_zero=low near_zero_fraction=0.102483
2026-04-16 17:18:52,049 - SplitNNServer - INFO - 19356 - phase=train acc=0.44105113636363635 loss=1.4180593490600586 epoch=25 and step=10
2026-04-16 17:19:04,177 - SplitNNServer - INFO - 19356 - phase=train acc=0.4494047619047619 loss=1.4725478887557983 epoch=25 and step=20
2026-04-16 17:19:16,231 - SplitNNServer - INFO - 19356 - phase=train acc=0.4513608870967742 loss=1.5665788650512695 epoch=25 and step=30
2026-04-16 17:19:28,438 - SplitNNServer - INFO - 19356 - phase=train acc=0.4535060975609756 loss=1.4479858875274658 epoch=25 and step=40
2026-04-16 17:19:40,503 - SplitNNServer - INFO - 19356 - phase=train acc=0.45067401960784315 loss=1.5918445587158203 epoch=25 and step=50
2026-04-16 17:19:52,631 - SplitNNServer - INFO - 19356 - phase=train acc=0.4494108606557377 loss=1.6617496013641357 epoch=25 and step=60
2026-04-16 17:20:05,004 - SplitNNServer - INFO - 19356 - phase=train acc=0.4492737676056338 loss=1.5672023296356201 epoch=25 and step=70
2026-04-16 17:20:14,514 - SplitNNClient - INFO - 20956 - worker_num=1 epoch_send=7206987397 epoch_receive=3929183610 total_send=7206987397 total_receive=3929183610 send_by_category={'ACTS': 7203819007, 'MODEL': 3166150, 'OTHER': 2240} recv_by_category={'GRADS': 3926016900, 'OTHER': 560, 'MODEL': 3166150} send_by_type={2: 7203819007, 7: 3166150, 3: 560, 4: 560, 6: 560, 10: 560} recv_by_type={1: 3926016900, 6: 560, 8: 3166150}
2026-04-16 17:20:17,426 - SplitNNServer - INFO - 19356 - phase=validation acc=0.5033 loss=1.4036629667764977 epoch=25 and step=79
2026-04-16 17:20:17,426 - CommBreakdown - INFO - 19356 - epoch_summary rank=0 node_type=server epoch=25 train_acc=0.450821 train_loss=1.48348 val_acc=0.5033 val_loss=1.40366 raw_acts_bytes=1309671424 quantized_acts_bytes=1309671424 acts_metadata_bytes=0 raw_grads_bytes=654311424 quantized_grads_bytes=654311424 grads_metadata_bytes=0 acts_compression=1 grads_compression=1 total_compression=1 acts_quant_time=0 grads_quant_time=0 send_time=0.791611 recv_time=0.677596 epoch_time=100.661
2026-04-16 17:20:20,540 - SplitNNServer - INFO - 19356 - phase=train acc=0.484375 loss=1.4662797451019287 epoch=26 and step=0
2026-04-16 17:20:22,072 - SplitNNServer - INFO - 19356 - phase=train acc=0.45738636363636365 loss=1.418027639389038 epoch=26 and step=10
2026-04-16 17:20:23,616 - SplitNNServer - INFO - 19356 - phase=train acc=0.45089285714285715 loss=1.5899913311004639 epoch=26 and step=20
2026-04-16 17:20:24,997 - SplitNNServer - INFO - 19356 - phase=train acc=0.45413306451612906 loss=1.3900247812271118 epoch=26 and step=30
2026-04-16 17:20:26,487 - SplitNNServer - INFO - 19356 - phase=train acc=0.45483993902439024 loss=1.4872424602508545 epoch=26 and step=40
2026-04-16 17:20:27,942 - SplitNNServer - INFO - 19356 - phase=train acc=0.45113357843137253 loss=1.4774441719055176 epoch=26 and step=50
2026-04-16 17:20:29,253 - SplitNNServer - INFO - 19356 - phase=train acc=0.4485143442622951 loss=1.4212772846221924 epoch=26 and step=60
2026-04-16 17:20:30,573 - SplitNNServer - INFO - 19356 - phase=train acc=0.45004401408450706 loss=1.5040919780731201 epoch=26 and step=70
2026-04-16 17:20:31,512 - SplitNNClient - INFO - 21808 - worker_num=2 epoch_send=7206987509 epoch_receive=3929816952 total_send=7206987509 total_receive=3929816952 send_by_category={'OTHER': 2352, 'ACTS': 7203819007, 'MODEL': 3166150} recv_by_category={'OTHER': 672, 'MODEL': 3799380, 'GRADS': 3926016900} send_by_type={10: 672, 2: 7203819007, 7: 3166150, 3: 560, 4: 560, 6: 560} recv_by_type={6: 672, 8: 3799380, 1: 3926016900}
2026-04-16 17:20:34,334 - SplitNNServer - INFO - 19356 - phase=validation acc=0.5105 loss=1.3475462877297704 epoch=26 and step=79
2026-04-16 17:20:34,334 - CommBreakdown - INFO - 19356 - epoch_summary rank=0 node_type=server epoch=26 train_acc=0.450821 train_loss=1.48522 val_acc=0.5105 val_loss=1.34755 raw_acts_bytes=1309671424 quantized_acts_bytes=1309671424 acts_metadata_bytes=0 raw_grads_bytes=654311424 quantized_grads_bytes=654311424 grads_metadata_bytes=0 acts_compression=1 grads_compression=1 total_compression=1 acts_quant_time=0 grads_quant_time=0 send_time=0.519252 recv_time=0.642965 epoch_time=16.9073
2026-04-16 17:20:37,428 - SplitNNServer - INFO - 19356 - phase=train acc=0.46875 loss=1.4740757942199707 epoch=27 and step=0
2026-04-16 17:20:38,772 - SplitNNServer - INFO - 19356 - phase=train acc=0.46875 loss=1.5651659965515137 epoch=27 and step=10
2026-04-16 17:20:40,062 - SplitNNServer - INFO - 19356 - phase=train acc=0.46242559523809523 loss=1.464813232421875 epoch=27 and step=20
2026-04-16 17:20:41,330 - SplitNNServer - INFO - 19356 - phase=train acc=0.4564012096774194 loss=1.4859817028045654 epoch=27 and step=30
2026-04-16 17:20:42,611 - SplitNNServer - INFO - 19356 - phase=train acc=0.4582698170731707 loss=1.4851130247116089 epoch=27 and step=40
2026-04-16 17:20:44,036 - SplitNNServer - INFO - 19356 - phase=train acc=0.4615502450980392 loss=1.504869818687439 epoch=27 and step=50
2026-04-16 17:20:45,351 - SplitNNServer - INFO - 19356 - phase=train acc=0.46260245901639346 loss=1.46596360206604 epoch=27 and step=60
2026-04-16 17:20:46,627 - SplitNNServer - INFO - 19356 - phase=train acc=0.45774647887323944 loss=1.4574121236801147 epoch=27 and step=70
2026-04-16 17:20:47,590 - SplitNNClient - INFO - 22124 - worker_num=3 epoch_send=7206987509 epoch_receive=3929816952 total_send=7206987509 total_receive=3929816952 send_by_category={'OTHER': 2352, 'ACTS': 7203819007, 'MODEL': 3166150} recv_by_category={'OTHER': 672, 'MODEL': 3799380, 'GRADS': 3926016900} send_by_type={10: 672, 2: 7203819007, 7: 3166150, 3: 560, 4: 560, 6: 560} recv_by_type={6: 672, 8: 3799380, 1: 3926016900}
2026-04-16 17:20:50,361 - SplitNNServer - INFO - 19356 - phase=validation acc=0.5106 loss=1.332012206693239 epoch=27 and step=79
2026-04-16 17:20:50,362 - CommBreakdown - INFO - 19356 - epoch_summary rank=0 node_type=server epoch=27 train_acc=0.457532 train_loss=1.48168 val_acc=0.5106 val_loss=1.33201 raw_acts_bytes=1309671424 quantized_acts_bytes=1309671424 acts_metadata_bytes=0 raw_grads_bytes=654311424 quantized_grads_bytes=654311424 grads_metadata_bytes=0 acts_compression=1 grads_compression=1 total_compression=1 acts_quant_time=0 grads_quant_time=0 send_time=0.47527 recv_time=0.640487 epoch_time=16.0272
2026-04-16 17:20:53,487 - SplitNNServer - INFO - 19356 - phase=train acc=0.53125 loss=1.3495333194732666 epoch=28 and step=0
2026-04-16 17:20:54,881 - SplitNNServer - INFO - 19356 - phase=train acc=0.4836647727272727 loss=1.45735764503479 epoch=28 and step=10
2026-04-16 17:20:56,257 - SplitNNServer - INFO - 19356 - phase=train acc=0.4713541666666667 loss=1.4038208723068237 epoch=28 and step=20
2026-04-16 17:20:57,527 - SplitNNServer - INFO - 19356 - phase=train acc=0.4644657258064516 loss=1.4306728839874268 epoch=28 and step=30
2026-04-16 17:20:58,893 - SplitNNServer - INFO - 19356 - phase=train acc=0.46322408536585363 loss=1.2902523279190063 epoch=28 and step=40
2026-04-16 17:21:00,363 - SplitNNServer - INFO - 19356 - phase=train acc=0.4652267156862745 loss=1.4729046821594238 epoch=28 and step=50
2026-04-16 17:21:01,675 - SplitNNServer - INFO - 19356 - phase=train acc=0.46170594262295084 loss=1.5143918991088867 epoch=28 and step=60
2026-04-16 17:21:02,942 - SplitNNServer - INFO - 19356 - phase=train acc=0.46137764084507044 loss=1.4581611156463623 epoch=28 and step=70
2026-04-16 17:21:03,956 - SplitNNClient - INFO - 19304 - worker_num=4 epoch_send=7206987509 epoch_receive=3929816952 total_send=7206987509 total_receive=3929816952 send_by_category={'OTHER': 2352, 'ACTS': 7203819007, 'MODEL': 3166150} recv_by_category={'OTHER': 672, 'MODEL': 3799380, 'GRADS': 3926016900} send_by_type={10: 672, 2: 7203819007, 7: 3166150, 3: 560, 4: 560, 6: 560} recv_by_type={6: 672, 8: 3799380, 1: 3926016900}
2026-04-16 17:21:06,741 - SplitNNServer - INFO - 19356 - phase=validation acc=0.5155 loss=1.3283445080624352 epoch=28 and step=79
2026-04-16 17:21:06,741 - CommBreakdown - INFO - 19356 - epoch_summary rank=0 node_type=server epoch=28 train_acc=0.462841 train_loss=1.47469 val_acc=0.5155 val_loss=1.32834 raw_acts_bytes=1309671424 quantized_acts_bytes=1309671424 acts_metadata_bytes=0 raw_grads_bytes=654311424 quantized_grads_bytes=654311424 grads_metadata_bytes=0 acts_compression=1 grads_compression=1 total_compression=1 acts_quant_time=0 grads_quant_time=0 send_time=0.530478 recv_time=0.649342 epoch_time=16.3796
2026-04-16 17:21:09,906 - SplitNNServer - INFO - 19356 - phase=train acc=0.3984375 loss=1.4734396934509277 epoch=29 and step=0
2026-04-16 17:21:11,208 - SplitNNServer - INFO - 19356 - phase=train acc=0.4737215909090909 loss=1.2648205757141113 epoch=29 and step=10
2026-04-16 17:21:12,706 - SplitNNServer - INFO - 19356 - phase=train acc=0.47433035714285715 loss=1.343327283859253 epoch=29 and step=20
2026-04-16 17:21:14,151 - SplitNNServer - INFO - 19356 - phase=train acc=0.4717741935483871 loss=1.340747356414795 epoch=29 and step=30
2026-04-16 17:21:15,643 - SplitNNServer - INFO - 19356 - phase=train acc=0.4727515243902439 loss=1.426321268081665 epoch=29 and step=40
2026-04-16 17:21:16,964 - SplitNNServer - INFO - 19356 - phase=train acc=0.4690563725490196 loss=1.5059940814971924 epoch=29 and step=50
2026-04-16 17:21:18,265 - SplitNNServer - INFO - 19356 - phase=train acc=0.4643954918032787 loss=1.5171518325805664 epoch=29 and step=60
2026-04-16 17:21:19,536 - SplitNNServer - INFO - 19356 - phase=train acc=0.46357834507042256 loss=1.5084320306777954 epoch=29 and step=70
2026-04-16 17:21:20,492 - SplitNNClient - INFO - 21260 - worker_num=5 epoch_send=7206987509 epoch_receive=3929816952 total_send=7206987509 total_receive=3929816952 send_by_category={'OTHER': 2352, 'ACTS': 7203819007, 'MODEL': 3166150} recv_by_category={'OTHER': 672, 'MODEL': 3799380, 'GRADS': 3926016900} send_by_type={10: 672, 2: 7203819007, 7: 3166150, 3: 560, 4: 560, 6: 560} recv_by_type={6: 672, 8: 3799380, 1: 3926016900}
2026-04-16 17:21:23,382 - SplitNNServer - INFO - 19356 - phase=validation acc=0.5214 loss=1.324951885621759 epoch=29 and step=79
2026-04-16 17:21:23,382 - CommBreakdown - INFO - 19356 - epoch_summary rank=0 node_type=server epoch=29 train_acc=0.465345 train_loss=1.46494 val_acc=0.5214 val_loss=1.32495 raw_acts_bytes=1309671424 quantized_acts_bytes=1309671424 acts_metadata_bytes=0 raw_grads_bytes=654311424 quantized_grads_bytes=654311424 grads_metadata_bytes=0 acts_compression=1 grads_compression=1 total_compression=1 acts_quant_time=0 grads_quant_time=0 send_time=0.50006 recv_time=0.649648 epoch_time=16.6402
2026-04-16 17:21:26,532 - SplitNNServer - INFO - 19356 - phase=train acc=0.5 loss=1.4296634197235107 epoch=30 and step=0
2026-04-16 17:21:27,937 - SplitNNServer - INFO - 19356 - phase=train acc=0.48295454545454547 loss=1.4952902793884277 epoch=30 and step=10
2026-04-16 17:21:29,342 - SplitNNServer - INFO - 19356 - phase=train acc=0.47507440476190477 loss=1.623398780822754 epoch=30 and step=20
2026-04-16 17:21:30,744 - SplitNNServer - INFO - 19356 - phase=train acc=0.4700100806451613 loss=1.42274808883667 epoch=30 and step=30
2026-04-16 17:21:32,250 - SplitNNServer - INFO - 19356 - phase=train acc=0.47084603658536583 loss=1.4052255153656006 epoch=30 and step=40
2026-04-16 17:21:33,663 - SplitNNServer - INFO - 19356 - phase=train acc=0.4661458333333333 loss=1.5392793416976929 epoch=30 and step=50
2026-04-16 17:21:35,095 - SplitNNServer - INFO - 19356 - phase=train acc=0.4652920081967213 loss=1.4327460527420044 epoch=30 and step=60
2026-04-16 17:21:36,572 - SplitNNServer - INFO - 19356 - phase=train acc=0.4648987676056338 loss=1.480820655822754 epoch=30 and step=70
2026-04-16 17:21:37,691 - SplitNNClient - INFO - 20956 - worker_num=1 epoch_send=8517501750 epoch_receive=4584153102 total_send=8517501750 total_receive=4584153102 send_by_category={'ACTS': 8513699682, 'MODEL': 3799380, 'OTHER': 2688} recv_by_category={'GRADS': 4580353050, 'OTHER': 672, 'MODEL': 3799380} send_by_type={2: 8513699682, 7: 3799380, 3: 672, 4: 672, 6: 672, 10: 672} recv_by_type={1: 4580353050, 6: 672, 8: 3799380}
2026-04-16 17:21:40,592 - SplitNNServer - INFO - 19356 - phase=validation acc=0.5211 loss=1.3109645119196252 epoch=30 and step=79
2026-04-16 17:21:40,592 - CommBreakdown - INFO - 19356 - epoch_summary rank=0 node_type=server epoch=30 train_acc=0.464944 train_loss=1.45264 val_acc=0.5211 val_loss=1.31096 raw_acts_bytes=1309671424 quantized_acts_bytes=1309671424 acts_metadata_bytes=0 raw_grads_bytes=654311424 quantized_grads_bytes=654311424 grads_metadata_bytes=0 acts_compression=1 grads_compression=1 total_compression=1 acts_quant_time=0 grads_quant_time=0 send_time=0.521529 recv_time=0.694272 epoch_time=17.2094
2026-04-16 17:21:43,775 - SplitNNServer - INFO - 19356 - phase=train acc=0.4921875 loss=1.3205173015594482 epoch=31 and step=0
2026-04-16 17:21:45,142 - SplitNNServer - INFO - 19356 - phase=train acc=0.47230113636363635 loss=1.3736438751220703 epoch=31 and step=10
2026-04-16 17:21:46,512 - SplitNNServer - INFO - 19356 - phase=train acc=0.4802827380952381 loss=1.3745594024658203 epoch=31 and step=20
2026-04-16 17:21:47,996 - SplitNNServer - INFO - 19356 - phase=train acc=0.47731854838709675 loss=1.3566417694091797 epoch=31 and step=30
2026-04-16 17:21:49,537 - SplitNNServer - INFO - 19356 - phase=train acc=0.47560975609756095 loss=1.424013376235962 epoch=31 and step=40
2026-04-16 17:21:50,995 - SplitNNServer - INFO - 19356 - phase=train acc=0.47349877450980393 loss=1.287627935409546 epoch=31 and step=50
2026-04-16 17:21:52,378 - SplitNNServer - INFO - 19356 - phase=train acc=0.4718237704918033 loss=1.4731372594833374 epoch=31 and step=60
2026-04-16 17:21:53,678 - SplitNNServer - INFO - 19356 - phase=train acc=0.4711707746478873 loss=1.4864065647125244 epoch=31 and step=70
2026-04-16 17:21:54,670 - SplitNNClient - INFO - 21808 - worker_num=2 epoch_send=8517501862 epoch_receive=4584786444 total_send=8517501862 total_receive=4584786444 send_by_category={'OTHER': 2800, 'ACTS': 8513699682, 'MODEL': 3799380} recv_by_category={'OTHER': 784, 'MODEL': 4432610, 'GRADS': 4580353050} send_by_type={10: 784, 2: 8513699682, 7: 3799380, 3: 672, 4: 672, 6: 672} recv_by_type={6: 784, 8: 4432610, 1: 4580353050}
2026-04-16 17:21:57,613 - SplitNNServer - INFO - 19356 - phase=validation acc=0.5257 loss=1.305055316490463 epoch=31 and step=79
2026-04-16 17:21:57,613 - CommBreakdown - INFO - 19356 - epoch_summary rank=0 node_type=server epoch=31 train_acc=0.471254 train_loss=1.43891 val_acc=0.5257 val_loss=1.30506 raw_acts_bytes=1309671424 quantized_acts_bytes=1309671424 acts_metadata_bytes=0 raw_grads_bytes=654311424 quantized_grads_bytes=654311424 grads_metadata_bytes=0 acts_compression=1 grads_compression=1 total_compression=1 acts_quant_time=0 grads_quant_time=0 send_time=0.496975 recv_time=0.662376 epoch_time=17.0216
2026-04-16 17:22:00,735 - SplitNNServer - INFO - 19356 - phase=train acc=0.484375 loss=1.4719401597976685 epoch=32 and step=0
2026-04-16 17:22:02,080 - SplitNNServer - INFO - 19356 - phase=train acc=0.46235795454545453 loss=1.6456135511398315 epoch=32 and step=10
2026-04-16 17:22:03,537 - SplitNNServer - INFO - 19356 - phase=train acc=0.4724702380952381 loss=1.2831398248672485 epoch=32 and step=20
2026-04-16 17:22:05,052 - SplitNNServer - INFO - 19356 - phase=train acc=0.4669858870967742 loss=1.513946294784546 epoch=32 and step=30
2026-04-16 17:22:06,532 - SplitNNServer - INFO - 19356 - phase=train acc=0.4647484756097561 loss=1.5694708824157715 epoch=32 and step=40
2026-04-16 17:22:07,990 - SplitNNServer - INFO - 19356 - phase=train acc=0.46798406862745096 loss=1.481440544128418 epoch=32 and step=50
2026-04-16 17:22:09,260 - SplitNNServer - INFO - 19356 - phase=train acc=0.4686219262295082 loss=1.5781159400939941 epoch=32 and step=60
2026-04-16 17:22:10,684 - SplitNNServer - INFO - 19356 - phase=train acc=0.46797975352112675 loss=1.4179984331130981 epoch=32 and step=70
2026-04-16 17:22:11,745 - SplitNNClient - INFO - 22124 - worker_num=3 epoch_send=8517501862 epoch_receive=4584786444 total_send=8517501862 total_receive=4584786444 send_by_category={'OTHER': 2800, 'ACTS': 8513699682, 'MODEL': 3799380} recv_by_category={'OTHER': 784, 'MODEL': 4432610, 'GRADS': 4580353050} send_by_type={10: 784, 2: 8513699682, 7: 3799380, 3: 672, 4: 672, 6: 672} recv_by_type={6: 784, 8: 4432610, 1: 4580353050}
2026-04-16 17:22:14,504 - SplitNNServer - INFO - 19356 - phase=validation acc=0.5251 loss=1.3152639035937153 epoch=32 and step=79
2026-04-16 17:22:14,504 - CommBreakdown - INFO - 19356 - epoch_summary rank=0 node_type=server epoch=32 train_acc=0.470653 train_loss=1.4467 val_acc=0.5251 val_loss=1.31526 raw_acts_bytes=1309671424 quantized_acts_bytes=1309671424 acts_metadata_bytes=0 raw_grads_bytes=654311424 quantized_grads_bytes=654311424 grads_metadata_bytes=0 acts_compression=1 grads_compression=1 total_compression=1 acts_quant_time=0 grads_quant_time=0 send_time=0.508585 recv_time=0.647069 epoch_time=16.8907
2026-04-16 17:22:17,607 - SplitNNServer - INFO - 19356 - phase=train acc=0.3828125 loss=1.6388550996780396 epoch=33 and step=0
2026-04-16 17:22:19,026 - SplitNNServer - INFO - 19356 - phase=train acc=0.4666193181818182 loss=1.4251328706741333 epoch=33 and step=10
2026-04-16 17:22:20,402 - SplitNNServer - INFO - 19356 - phase=train acc=0.4661458333333333 loss=1.3953567743301392 epoch=33 and step=20
2026-04-16 17:22:21,749 - SplitNNServer - INFO - 19356 - phase=train acc=0.4644657258064516 loss=1.4538567066192627 epoch=33 and step=30
2026-04-16 17:22:23,189 - SplitNNServer - INFO - 19356 - phase=train acc=0.4731326219512195 loss=1.349581241607666 epoch=33 and step=40
2026-04-16 17:22:24,467 - SplitNNServer - INFO - 19356 - phase=train acc=0.4771752450980392 loss=1.4465303421020508 epoch=33 and step=50
2026-04-16 17:22:25,937 - SplitNNServer - INFO - 19356 - phase=train acc=0.475922131147541 loss=1.4626084566116333 epoch=33 and step=60
2026-04-16 17:22:27,210 - SplitNNServer - INFO - 19356 - phase=train acc=0.4764524647887324 loss=1.4134732484817505 epoch=33 and step=70
2026-04-16 17:22:28,199 - SplitNNClient - INFO - 19304 - worker_num=4 epoch_send=8517501862 epoch_receive=4584786444 total_send=8517501862 total_receive=4584786444 send_by_category={'OTHER': 2800, 'ACTS': 8513699682, 'MODEL': 3799380} recv_by_category={'OTHER': 784, 'MODEL': 4432610, 'GRADS': 4580353050} send_by_type={10: 784, 2: 8513699682, 7: 3799380, 3: 672, 4: 672, 6: 672} recv_by_type={6: 784, 8: 4432610, 1: 4580353050}
2026-04-16 17:22:30,976 - SplitNNServer - INFO - 19356 - phase=validation acc=0.5214 loss=1.3324364831175985 epoch=33 and step=79
2026-04-16 17:22:30,976 - CommBreakdown - INFO - 19356 - epoch_summary rank=0 node_type=server epoch=33 train_acc=0.477764 train_loss=1.44215 val_acc=0.5214 val_loss=1.33244 raw_acts_bytes=1309671424 quantized_acts_bytes=1309671424 acts_metadata_bytes=0 raw_grads_bytes=654311424 quantized_grads_bytes=654311424 grads_metadata_bytes=0 acts_compression=1 grads_compression=1 total_compression=1 acts_quant_time=0 grads_quant_time=0 send_time=0.523804 recv_time=0.63607 epoch_time=16.4718
2026-04-16 17:22:34,090 - SplitNNServer - INFO - 19356 - phase=train acc=0.546875 loss=1.3308433294296265 epoch=34 and step=0
2026-04-16 17:22:35,430 - SplitNNServer - INFO - 19356 - phase=train acc=0.5106534090909091 loss=1.479897141456604 epoch=34 and step=10
2026-04-16 17:22:36,775 - SplitNNServer - INFO - 19356 - phase=train acc=0.4929315476190476 loss=1.546164631843567 epoch=34 and step=20
2026-04-16 17:22:38,171 - SplitNNServer - INFO - 19356 - phase=train acc=0.4871471774193548 loss=1.2251827716827393 epoch=34 and step=30
2026-04-16 17:22:39,577 - SplitNNServer - INFO - 19356 - phase=train acc=0.48532774390243905 loss=1.4927701950073242 epoch=34 and step=40
2026-04-16 17:22:41,035 - SplitNNServer - INFO - 19356 - phase=train acc=0.4846813725490196 loss=1.5002573728561401 epoch=34 and step=50
2026-04-16 17:22:42,435 - SplitNNServer - INFO - 19356 - phase=train acc=0.48732069672131145 loss=1.3710352182388306 epoch=34 and step=60
2026-04-16 17:22:43,751 - SplitNNServer - INFO - 19356 - phase=train acc=0.48745598591549294 loss=1.4059507846832275 epoch=34 and step=70
2026-04-16 17:22:44,832 - SplitNNClient - INFO - 21260 - worker_num=5 epoch_send=8517501862 epoch_receive=4584786444 total_send=8517501862 total_receive=4584786444 send_by_category={'OTHER': 2800, 'ACTS': 8513699682, 'MODEL': 3799380} recv_by_category={'OTHER': 784, 'MODEL': 4432610, 'GRADS': 4580353050} send_by_type={10: 784, 2: 8513699682, 7: 3799380, 3: 672, 4: 672, 6: 672} recv_by_type={6: 784, 8: 4432610, 1: 4580353050}
2026-04-16 17:22:47,714 - SplitNNServer - INFO - 19356 - phase=validation acc=0.523 loss=1.3325908802732636 epoch=34 and step=79
2026-04-16 17:22:47,715 - CommBreakdown - INFO - 19356 - epoch_summary rank=0 node_type=server epoch=34 train_acc=0.484876 train_loss=1.42293 val_acc=0.523 val_loss=1.33259 raw_acts_bytes=1309671424 quantized_acts_bytes=1309671424 acts_metadata_bytes=0 raw_grads_bytes=654311424 quantized_grads_bytes=654311424 grads_metadata_bytes=0 acts_compression=1 grads_compression=1 total_compression=1 acts_quant_time=0 grads_quant_time=0 send_time=0.484731 recv_time=0.650716 epoch_time=16.7384
2026-04-16 17:22:50,818 - SplitNNServer - INFO - 19356 - phase=train acc=0.4765625 loss=1.4628443717956543 epoch=35 and step=0
2026-04-16 17:22:52,287 - SplitNNServer - INFO - 19356 - phase=train acc=0.4850852272727273 loss=1.3559472560882568 epoch=35 and step=10
2026-04-16 17:22:53,632 - SplitNNServer - INFO - 19356 - phase=train acc=0.49107142857142855 loss=1.4290615320205688 epoch=35 and step=20
2026-04-16 17:22:54,965 - SplitNNServer - INFO - 19356 - phase=train acc=0.5022681451612904 loss=1.4479777812957764 epoch=35 and step=30
2026-04-16 17:22:56,231 - SplitNNServer - INFO - 19356 - phase=train acc=0.4973323170731707 loss=1.2866963148117065 epoch=35 and step=40
2026-04-16 17:22:57,657 - SplitNNServer - INFO - 19356 - phase=train acc=0.49172794117647056 loss=1.5972691774368286 epoch=35 and step=50
2026-04-16 17:22:59,227 - SplitNNServer - INFO - 19356 - phase=train acc=0.48360655737704916 loss=1.4401576519012451 epoch=35 and step=60
2026-04-16 17:23:00,624 - SplitNNServer - INFO - 19356 - phase=train acc=0.4828345070422535 loss=1.5210180282592773 epoch=35 and step=70
2026-04-16 17:23:01,572 - SplitNNClient - INFO - 20956 - worker_num=1 epoch_send=9828016103 epoch_receive=5239122594 total_send=9828016103 total_receive=5239122594 send_by_category={'ACTS': 9823580357, 'MODEL': 4432610, 'OTHER': 3136} recv_by_category={'GRADS': 5234689200, 'OTHER': 784, 'MODEL': 4432610} send_by_type={2: 9823580357, 7: 4432610, 3: 784, 4: 784, 6: 784, 10: 784} recv_by_type={1: 5234689200, 6: 784, 8: 4432610}
2026-04-16 17:23:04,572 - SplitNNServer - INFO - 19356 - phase=validation acc=0.5301 loss=1.2903465409822101 epoch=35 and step=79
2026-04-16 17:23:04,572 - CommBreakdown - INFO - 19356 - epoch_summary rank=0 node_type=server epoch=35 train_acc=0.480569 train_loss=1.41244 val_acc=0.5301 val_loss=1.29035 raw_acts_bytes=1309671424 quantized_acts_bytes=1309671424 acts_metadata_bytes=0 raw_grads_bytes=654311424 quantized_grads_bytes=654311424 grads_metadata_bytes=0 acts_compression=1 grads_compression=1 total_compression=1 acts_quant_time=0 grads_quant_time=0 send_time=0.48499 recv_time=0.691635 epoch_time=16.8571
2026-04-16 17:23:07,683 - SplitNNServer - INFO - 19356 - phase=train acc=0.515625 loss=1.3283722400665283 epoch=36 and step=0
2026-04-16 17:23:09,134 - SplitNNServer - INFO - 19356 - phase=train acc=0.4737215909090909 loss=1.49625563621521 epoch=36 and step=10
2026-04-16 17:23:10,675 - SplitNNServer - INFO - 19356 - phase=train acc=0.4836309523809524 loss=1.5502893924713135 epoch=36 and step=20
2026-04-16 17:23:12,203 - SplitNNServer - INFO - 19356 - phase=train acc=0.49117943548387094 loss=1.3464449644088745 epoch=36 and step=30
2026-04-16 17:23:13,722 - SplitNNServer - INFO - 19356 - phase=train acc=0.48532774390243905 loss=1.5776047706604004 epoch=36 and step=40
2026-04-16 17:23:15,094 - SplitNNServer - INFO - 19356 - phase=train acc=0.47732843137254904 loss=1.5757607221603394 epoch=36 and step=50
2026-04-16 17:23:16,373 - SplitNNServer - INFO - 19356 - phase=train acc=0.4834784836065574 loss=1.4905422925949097 epoch=36 and step=60
2026-04-16 17:23:17,869 - SplitNNServer - INFO - 19356 - phase=train acc=0.4840448943661972 loss=1.2973037958145142 epoch=36 and step=70
2026-04-16 17:23:18,917 - SplitNNClient - INFO - 21808 - worker_num=2 epoch_send=9828016215 epoch_receive=5239755936 total_send=9828016215 total_receive=5239755936 send_by_category={'OTHER': 3248, 'ACTS': 9823580357, 'MODEL': 4432610} recv_by_category={'OTHER': 896, 'MODEL': 5065840, 'GRADS': 5234689200} send_by_type={10: 896, 2: 9823580357, 7: 4432610, 3: 784, 4: 784, 6: 784} recv_by_type={6: 896, 8: 5065840, 1: 5234689200}
2026-04-16 17:23:21,798 - SplitNNServer - INFO - 19356 - phase=validation acc=0.5281 loss=1.3151277032079576 epoch=36 and step=79
2026-04-16 17:23:21,798 - CommBreakdown - INFO - 19356 - epoch_summary rank=0 node_type=server epoch=36 train_acc=0.484175 train_loss=1.41537 val_acc=0.5281 val_loss=1.31513 raw_acts_bytes=1309671424 quantized_acts_bytes=1309671424 acts_metadata_bytes=0 raw_grads_bytes=654311424 quantized_grads_bytes=654311424 grads_metadata_bytes=0 acts_compression=1 grads_compression=1 total_compression=1 acts_quant_time=0 grads_quant_time=0 send_time=0.521563 recv_time=0.647771 epoch_time=17.2255
2026-04-16 17:23:24,921 - SplitNNServer - INFO - 19356 - phase=train acc=0.4296875 loss=1.452452540397644 epoch=37 and step=0
2026-04-16 17:23:26,324 - SplitNNServer - INFO - 19356 - phase=train acc=0.48082386363636365 loss=1.514035701751709 epoch=37 and step=10
2026-04-16 17:23:27,594 - SplitNNServer - INFO - 19356 - phase=train acc=0.4888392857142857 loss=1.3083295822143555 epoch=37 and step=20
2026-04-16 17:23:28,854 - SplitNNServer - INFO - 19356 - phase=train acc=0.49117943548387094 loss=1.3967924118041992 epoch=37 and step=30
2026-04-16 17:23:30,128 - SplitNNServer - INFO - 19356 - phase=train acc=0.4897103658536585 loss=1.4986987113952637 epoch=37 and step=40
2026-04-16 17:23:31,520 - SplitNNServer - INFO - 19356 - phase=train acc=0.4882046568627451 loss=1.4388675689697266 epoch=37 and step=50
2026-04-16 17:23:33,006 - SplitNNServer - INFO - 19356 - phase=train acc=0.4869364754098361 loss=1.5577342510223389 epoch=37 and step=60
2026-04-16 17:23:34,499 - SplitNNServer - INFO - 19356 - phase=train acc=0.48569542253521125 loss=1.3201085329055786 epoch=37 and step=70
2026-04-16 17:23:35,516 - SplitNNClient - INFO - 22124 - worker_num=3 epoch_send=9828016215 epoch_receive=5239755936 total_send=9828016215 total_receive=5239755936 send_by_category={'OTHER': 3248, 'ACTS': 9823580357, 'MODEL': 4432610} recv_by_category={'OTHER': 896, 'MODEL': 5065840, 'GRADS': 5234689200} send_by_type={10: 896, 2: 9823580357, 7: 4432610, 3: 784, 4: 784, 6: 784} recv_by_type={6: 896, 8: 5065840, 1: 5234689200}
2026-04-16 17:23:38,335 - SplitNNServer - INFO - 19356 - phase=validation acc=0.5421 loss=1.267005054256584 epoch=37 and step=79
2026-04-16 17:23:38,336 - CommBreakdown - INFO - 19356 - epoch_summary rank=0 node_type=server epoch=37 train_acc=0.482973 train_loss=1.40794 val_acc=0.5421 val_loss=1.26701 raw_acts_bytes=1309671424 quantized_acts_bytes=1309671424 acts_metadata_bytes=0 raw_grads_bytes=654311424 quantized_grads_bytes=654311424 grads_metadata_bytes=0 acts_compression=1 grads_compression=1 total_compression=1 acts_quant_time=0 grads_quant_time=0 send_time=0.493379 recv_time=0.643193 epoch_time=16.5379
2026-04-16 17:23:41,476 - SplitNNServer - INFO - 19356 - phase=train acc=0.4453125 loss=1.5306646823883057 epoch=38 and step=0
2026-04-16 17:23:42,779 - SplitNNServer - INFO - 19356 - phase=train acc=0.49360795454545453 loss=1.225813627243042 epoch=38 and step=10
2026-04-16 17:23:44,296 - SplitNNServer - INFO - 19356 - phase=train acc=0.4877232142857143 loss=1.4151239395141602 epoch=38 and step=20
2026-04-16 17:23:45,811 - SplitNNServer - INFO - 19356 - phase=train acc=0.4934475806451613 loss=1.3644397258758545 epoch=38 and step=30
2026-04-16 17:23:47,143 - SplitNNServer - INFO - 19356 - phase=train acc=0.4895198170731707 loss=1.4039998054504395 epoch=38 and step=40
2026-04-16 17:23:48,580 - SplitNNServer - INFO - 19356 - phase=train acc=0.48483455882352944 loss=1.3469704389572144 epoch=38 and step=50
2026-04-16 17:23:49,862 - SplitNNServer - INFO - 19356 - phase=train acc=0.4896260245901639 loss=1.4884033203125 epoch=38 and step=60
2026-04-16 17:23:51,157 - SplitNNServer - INFO - 19356 - phase=train acc=0.4886663732394366 loss=1.3643542528152466 epoch=38 and step=70
2026-04-16 17:23:52,165 - SplitNNClient - INFO - 19304 - worker_num=4 epoch_send=9828016215 epoch_receive=5239755936 total_send=9828016215 total_receive=5239755936 send_by_category={'OTHER': 3248, 'ACTS': 9823580357, 'MODEL': 4432610} recv_by_category={'OTHER': 896, 'MODEL': 5065840, 'GRADS': 5234689200} send_by_type={10: 896, 2: 9823580357, 7: 4432610, 3: 784, 4: 784, 6: 784} recv_by_type={6: 896, 8: 5065840, 1: 5234689200}
2026-04-16 17:23:54,972 - SplitNNServer - INFO - 19356 - phase=validation acc=0.5429 loss=1.2577590368971039 epoch=38 and step=79
2026-04-16 17:23:54,972 - CommBreakdown - INFO - 19356 - epoch_summary rank=0 node_type=server epoch=38 train_acc=0.487881 train_loss=1.40911 val_acc=0.5429 val_loss=1.25776 raw_acts_bytes=1309671424 quantized_acts_bytes=1309671424 acts_metadata_bytes=0 raw_grads_bytes=654311424 quantized_grads_bytes=654311424 grads_metadata_bytes=0 acts_compression=1 grads_compression=1 total_compression=1 acts_quant_time=0 grads_quant_time=0 send_time=0.518731 recv_time=0.654826 epoch_time=16.6362
2026-04-16 17:23:58,092 - SplitNNServer - INFO - 19356 - phase=train acc=0.5390625 loss=1.3688015937805176 epoch=39 and step=0
2026-04-16 17:23:59,535 - SplitNNServer - INFO - 19356 - phase=train acc=0.4865056818181818 loss=1.4565699100494385 epoch=39 and step=10
2026-04-16 17:24:01,029 - SplitNNServer - INFO - 19356 - phase=train acc=0.4888392857142857 loss=1.3978501558303833 epoch=39 and step=20
2026-04-16 17:24:02,313 - SplitNNServer - INFO - 19356 - phase=train acc=0.4871471774193548 loss=1.296358346939087 epoch=39 and step=30
2026-04-16 17:24:03,822 - SplitNNServer - INFO - 19356 - phase=train acc=0.4881859756097561 loss=1.2303869724273682 epoch=39 and step=40
2026-04-16 17:24:05,372 - SplitNNServer - INFO - 19356 - phase=train acc=0.49142156862745096 loss=1.5016517639160156 epoch=39 and step=50
2026-04-16 17:24:06,922 - SplitNNServer - INFO - 19356 - phase=train acc=0.49052254098360654 loss=1.4126720428466797 epoch=39 and step=60
2026-04-16 17:24:08,459 - SplitNNServer - INFO - 19356 - phase=train acc=0.4915272887323944 loss=1.4462668895721436 epoch=39 and step=70
2026-04-16 17:24:09,426 - SplitNNClient - INFO - 21260 - worker_num=5 epoch_send=9828016215 epoch_receive=5239755936 total_send=9828016215 total_receive=5239755936 send_by_category={'OTHER': 3248, 'ACTS': 9823580357, 'MODEL': 4432610} recv_by_category={'OTHER': 896, 'MODEL': 5065840, 'GRADS': 5234689200} send_by_type={10: 896, 2: 9823580357, 7: 4432610, 3: 784, 4: 784, 6: 784} recv_by_type={6: 896, 8: 5065840, 1: 5234689200}
2026-04-16 17:24:12,242 - SplitNNServer - INFO - 19356 - phase=validation acc=0.5328 loss=1.2846638130236276 epoch=39 and step=79
2026-04-16 17:24:12,242 - CommBreakdown - INFO - 19356 - epoch_summary rank=0 node_type=server epoch=39 train_acc=0.491186 train_loss=1.3921 val_acc=0.5328 val_loss=1.28466 raw_acts_bytes=1309671424 quantized_acts_bytes=1309671424 acts_metadata_bytes=0 raw_grads_bytes=654311424 quantized_grads_bytes=654311424 grads_metadata_bytes=0 acts_compression=1 grads_compression=1 total_compression=1 acts_quant_time=0 grads_quant_time=0 send_time=0.537956 recv_time=0.641468 epoch_time=17.2692
2026-04-16 17:24:15,391 - SplitNNServer - INFO - 19356 - phase=train acc=0.4375 loss=1.4416894912719727 epoch=40 and step=0
2026-04-16 17:24:16,825 - SplitNNServer - INFO - 19356 - phase=train acc=0.5319602272727273 loss=1.293662190437317 epoch=40 and step=10
2026-04-16 17:24:18,101 - SplitNNServer - INFO - 19356 - phase=train acc=0.5167410714285714 loss=1.3283898830413818 epoch=40 and step=20
2026-04-16 17:24:19,365 - SplitNNServer - INFO - 19356 - phase=train acc=0.5095766129032258 loss=1.3680617809295654 epoch=40 and step=30
2026-04-16 17:24:20,689 - SplitNNServer - INFO - 19356 - phase=train acc=0.5022865853658537 loss=1.4109724760055542 epoch=40 and step=40
2026-04-16 17:24:22,158 - SplitNNServer - INFO - 19356 - phase=train acc=0.4977022058823529 loss=1.3679603338241577 epoch=40 and step=50
2026-04-16 17:24:23,586 - SplitNNServer - INFO - 19356 - phase=train acc=0.5020491803278688 loss=1.2495030164718628 epoch=40 and step=60
2026-04-16 17:24:24,866 - SplitNNServer - INFO - 19356 - phase=train acc=0.5009903169014085 loss=1.3601481914520264 epoch=40 and step=70
2026-04-16 17:24:25,802 - SplitNNClient - INFO - 20956 - worker_num=1 epoch_send=11138530456 epoch_receive=5894092086 total_send=11138530456 total_receive=5894092086 send_by_category={'ACTS': 11133461032, 'MODEL': 5065840, 'OTHER': 3584} recv_by_category={'GRADS': 5889025350, 'OTHER': 896, 'MODEL': 5065840} send_by_type={2: 11133461032, 7: 5065840, 3: 896, 4: 896, 6: 896, 10: 896} recv_by_type={1: 5889025350, 6: 896, 8: 5065840}
2026-04-16 17:24:28,720 - SplitNNServer - INFO - 19356 - phase=validation acc=0.5359 loss=1.277678975576087 epoch=40 and step=79
2026-04-16 17:24:28,720 - CommBreakdown - INFO - 19356 - epoch_summary rank=0 node_type=server epoch=40 train_acc=0.502804 train_loss=1.37459 val_acc=0.5359 val_loss=1.27768 raw_acts_bytes=1309671424 quantized_acts_bytes=1309671424 acts_metadata_bytes=0 raw_grads_bytes=654311424 quantized_grads_bytes=654311424 grads_metadata_bytes=0 acts_compression=1 grads_compression=1 total_compression=1 acts_quant_time=0 grads_quant_time=0 send_time=0.477564 recv_time=0.671109 epoch_time=16.4781
2026-04-16 17:24:31,864 - SplitNNServer - INFO - 19356 - phase=train acc=0.484375 loss=1.3809165954589844 epoch=41 and step=0
2026-04-16 17:24:33,358 - SplitNNServer - INFO - 19356 - phase=train acc=0.5099431818181818 loss=1.2359073162078857 epoch=41 and step=10
2026-04-16 17:24:34,937 - SplitNNServer - INFO - 19356 - phase=train acc=0.5052083333333334 loss=1.3636140823364258 epoch=41 and step=20
2026-04-16 17:24:36,462 - SplitNNServer - INFO - 19356 - phase=train acc=0.4939516129032258 loss=1.3410208225250244 epoch=41 and step=30
2026-04-16 17:24:37,762 - SplitNNServer - INFO - 19356 - phase=train acc=0.4946646341463415 loss=1.4210822582244873 epoch=41 and step=40
2026-04-16 17:24:39,098 - SplitNNServer - INFO - 19356 - phase=train acc=0.49356617647058826 loss=1.4530361890792847 epoch=41 and step=50
2026-04-16 17:24:40,368 - SplitNNServer - INFO - 19356 - phase=train acc=0.4959016393442623 loss=1.3305037021636963 epoch=41 and step=60
2026-04-16 17:24:41,644 - SplitNNServer - INFO - 19356 - phase=train acc=0.49482834507042256 loss=1.4218347072601318 epoch=41 and step=70
2026-04-16 17:24:42,632 - SplitNNClient - INFO - 21808 - worker_num=2 epoch_send=11138530568 epoch_receive=5894725428 total_send=11138530568 total_receive=5894725428 send_by_category={'OTHER': 3696, 'ACTS': 11133461032, 'MODEL': 5065840} recv_by_category={'OTHER': 1008, 'MODEL': 5699070, 'GRADS': 5889025350} send_by_type={10: 1008, 2: 11133461032, 7: 5065840, 3: 896, 4: 896, 6: 896} recv_by_type={6: 1008, 8: 5699070, 1: 5889025350}
2026-04-16 17:24:45,495 - SplitNNServer - INFO - 19356 - phase=validation acc=0.5335 loss=1.303671316255497 epoch=41 and step=79
2026-04-16 17:24:45,496 - CommBreakdown - INFO - 19356 - epoch_summary rank=0 node_type=server epoch=41 train_acc=0.495593 train_loss=1.37512 val_acc=0.5335 val_loss=1.30367 raw_acts_bytes=1309671424 quantized_acts_bytes=1309671424 acts_metadata_bytes=0 raw_grads_bytes=654311424 quantized_grads_bytes=654311424 grads_metadata_bytes=0 acts_compression=1 grads_compression=1 total_compression=1 acts_quant_time=0 grads_quant_time=0 send_time=0.56585 recv_time=0.633844 epoch_time=16.7747
2026-04-16 17:24:48,636 - SplitNNServer - INFO - 19356 - phase=train acc=0.5859375 loss=1.2053205966949463 epoch=42 and step=0
2026-04-16 17:24:49,989 - SplitNNServer - INFO - 19356 - phase=train acc=0.5021306818181818 loss=1.2461484670639038 epoch=42 and step=10
2026-04-16 17:24:51,461 - SplitNNServer - INFO - 19356 - phase=train acc=0.4955357142857143 loss=1.3737528324127197 epoch=42 and step=20
2026-04-16 17:24:52,898 - SplitNNServer - INFO - 19356 - phase=train acc=0.49470766129032256 loss=1.3486340045928955 epoch=42 and step=30
2026-04-16 17:24:54,205 - SplitNNServer - INFO - 19356 - phase=train acc=0.49333079268292684 loss=1.4330427646636963 epoch=42 and step=40
2026-04-16 17:24:55,582 - SplitNNServer - INFO - 19356 - phase=train acc=0.48943014705882354 loss=1.3868564367294312 epoch=42 and step=50
2026-04-16 17:24:56,931 - SplitNNServer - INFO - 19356 - phase=train acc=0.4880891393442623 loss=1.433605432510376 epoch=42 and step=60
2026-04-16 17:24:58,430 - SplitNNServer - INFO - 19356 - phase=train acc=0.4886663732394366 loss=1.3659639358520508 epoch=42 and step=70
2026-04-16 17:24:59,432 - SplitNNClient - INFO - 22124 - worker_num=3 epoch_send=11138530568 epoch_receive=5894725428 total_send=11138530568 total_receive=5894725428 send_by_category={'OTHER': 3696, 'ACTS': 11133461032, 'MODEL': 5065840} recv_by_category={'OTHER': 1008, 'MODEL': 5699070, 'GRADS': 5889025350} send_by_type={10: 1008, 2: 11133461032, 7: 5065840, 3: 896, 4: 896, 6: 896} recv_by_type={6: 1008, 8: 5699070, 1: 5889025350}
2026-04-16 17:25:02,249 - SplitNNServer - INFO - 19356 - phase=validation acc=0.5539 loss=1.2438024667244922 epoch=42 and step=79
2026-04-16 17:25:02,249 - CommBreakdown - INFO - 19356 - epoch_summary rank=0 node_type=server epoch=42 train_acc=0.491887 train_loss=1.38604 val_acc=0.5539 val_loss=1.2438 raw_acts_bytes=1309671424 quantized_acts_bytes=1309671424 acts_metadata_bytes=0 raw_grads_bytes=654311424 quantized_grads_bytes=654311424 grads_metadata_bytes=0 acts_compression=1 grads_compression=1 total_compression=1 acts_quant_time=0 grads_quant_time=0 send_time=0.529648 recv_time=0.650548 epoch_time=16.7531
2026-04-16 17:25:05,356 - SplitNNServer - INFO - 19356 - phase=train acc=0.515625 loss=1.1994123458862305 epoch=43 and step=0
2026-04-16 17:25:06,693 - SplitNNServer - INFO - 19356 - phase=train acc=0.5113636363636364 loss=1.4259116649627686 epoch=43 and step=10
2026-04-16 17:25:08,059 - SplitNNServer - INFO - 19356 - phase=train acc=0.4992559523809524 loss=1.3228771686553955 epoch=43 and step=20
2026-04-16 17:25:09,326 - SplitNNServer - INFO - 19356 - phase=train acc=0.4957157258064516 loss=1.316117525100708 epoch=43 and step=30
2026-04-16 17:25:10,760 - SplitNNServer - INFO - 19356 - phase=train acc=0.49771341463414637 loss=1.3286038637161255 epoch=43 and step=40
2026-04-16 17:25:12,165 - SplitNNServer - INFO - 19356 - phase=train acc=0.5027573529411765 loss=1.3740507364273071 epoch=43 and step=50
2026-04-16 17:25:13,448 - SplitNNServer - INFO - 19356 - phase=train acc=0.5061475409836066 loss=1.553466558456421 epoch=43 and step=60
2026-04-16 17:25:14,881 - SplitNNServer - INFO - 19356 - phase=train acc=0.506712147887324 loss=1.4766359329223633 epoch=43 and step=70
2026-04-16 17:25:16,031 - SplitNNClient - INFO - 19304 - worker_num=4 epoch_send=11138530568 epoch_receive=5894725428 total_send=11138530568 total_receive=5894725428 send_by_category={'OTHER': 3696, 'ACTS': 11133461032, 'MODEL': 5065840} recv_by_category={'OTHER': 1008, 'MODEL': 5699070, 'GRADS': 5889025350} send_by_type={10: 1008, 2: 11133461032, 7: 5065840, 3: 896, 4: 896, 6: 896} recv_by_type={6: 1008, 8: 5699070, 1: 5889025350}
2026-04-16 17:25:18,819 - SplitNNServer - INFO - 19356 - phase=validation acc=0.5611 loss=1.2156589310380477 epoch=43 and step=79
2026-04-16 17:25:18,819 - CommBreakdown - INFO - 19356 - epoch_summary rank=0 node_type=server epoch=43 train_acc=0.507612 train_loss=1.35801 val_acc=0.5611 val_loss=1.21566 raw_acts_bytes=1309671424 quantized_acts_bytes=1309671424 acts_metadata_bytes=0 raw_grads_bytes=654311424 quantized_grads_bytes=654311424 grads_metadata_bytes=0 acts_compression=1 grads_compression=1 total_compression=1 acts_quant_time=0 grads_quant_time=0 send_time=0.517065 recv_time=0.655251 epoch_time=16.5704
2026-04-16 17:25:21,935 - SplitNNServer - INFO - 19356 - phase=train acc=0.4921875 loss=1.3453260660171509 epoch=44 and step=0
2026-04-16 17:25:23,425 - SplitNNServer - INFO - 19356 - phase=train acc=0.5056818181818182 loss=1.158857822418213 epoch=44 and step=10
2026-04-16 17:25:24,860 - SplitNNServer - INFO - 19356 - phase=train acc=0.5171130952380952 loss=1.495381474494934 epoch=44 and step=20
2026-04-16 17:25:26,240 - SplitNNServer - INFO - 19356 - phase=train acc=0.5030241935483871 loss=1.324220895767212 epoch=44 and step=30
2026-04-16 17:25:27,617 - SplitNNServer - INFO - 19356 - phase=train acc=0.5034298780487805 loss=1.430065393447876 epoch=44 and step=40
2026-04-16 17:25:29,199 - SplitNNServer - INFO - 19356 - phase=train acc=0.5042892156862745 loss=1.1944043636322021 epoch=44 and step=50
2026-04-16 17:25:30,769 - SplitNNServer - INFO - 19356 - phase=train acc=0.5080686475409836 loss=1.2127348184585571 epoch=44 and step=60
2026-04-16 17:25:32,304 - SplitNNServer - INFO - 19356 - phase=train acc=0.5095730633802817 loss=1.3674710988998413 epoch=44 and step=70
2026-04-16 17:25:33,416 - SplitNNClient - INFO - 21260 - worker_num=5 epoch_send=11138530568 epoch_receive=5894725428 total_send=11138530568 total_receive=5894725428 send_by_category={'OTHER': 3696, 'ACTS': 11133461032, 'MODEL': 5065840} recv_by_category={'OTHER': 1008, 'MODEL': 5699070, 'GRADS': 5889025350} send_by_type={10: 1008, 2: 11133461032, 7: 5065840, 3: 896, 4: 896, 6: 896} recv_by_type={6: 1008, 8: 5699070, 1: 5889025350}
2026-04-16 17:25:36,360 - SplitNNServer - INFO - 19356 - phase=validation acc=0.548 loss=1.251164678531357 epoch=44 and step=79
2026-04-16 17:25:36,360 - CommBreakdown - INFO - 19356 - epoch_summary rank=0 node_type=server epoch=44 train_acc=0.510317 train_loss=1.36169 val_acc=0.548 val_loss=1.25116 raw_acts_bytes=1309671424 quantized_acts_bytes=1309671424 acts_metadata_bytes=0 raw_grads_bytes=654311424 quantized_grads_bytes=654311424 grads_metadata_bytes=0 acts_compression=1 grads_compression=1 total_compression=1 acts_quant_time=0 grads_quant_time=0 send_time=0.516344 recv_time=0.655781 epoch_time=17.5405
2026-04-16 17:25:39,495 - SplitNNServer - INFO - 19356 - phase=train acc=0.5078125 loss=1.3467106819152832 epoch=45 and step=0
2026-04-16 17:25:40,953 - SplitNNServer - INFO - 19356 - phase=train acc=0.5248579545454546 loss=1.4235482215881348 epoch=45 and step=10
2026-04-16 17:25:42,223 - SplitNNServer - INFO - 19356 - phase=train acc=0.5059523809523809 loss=1.3841086626052856 epoch=45 and step=20
2026-04-16 17:25:43,646 - SplitNNServer - INFO - 19356 - phase=train acc=0.49470766129032256 loss=1.4392688274383545 epoch=45 and step=30
2026-04-16 17:25:45,062 - SplitNNServer - INFO - 19356 - phase=train acc=0.4925685975609756 loss=1.4200185537338257 epoch=45 and step=40
2026-04-16 17:25:46,475 - SplitNNServer - INFO - 19356 - phase=train acc=0.4928002450980392 loss=1.4566900730133057 epoch=45 and step=50
2026-04-16 17:25:47,880 - SplitNNServer - INFO - 19356 - phase=train acc=0.4942366803278688 loss=1.2374358177185059 epoch=45 and step=60
2026-04-16 17:25:49,403 - SplitNNServer - INFO - 19356 - phase=train acc=0.4977992957746479 loss=1.2159245014190674 epoch=45 and step=70
2026-04-16 17:25:50,488 - SplitNNClient - INFO - 20956 - worker_num=1 epoch_send=12449044809 epoch_receive=6549061578 total_send=12449044809 total_receive=6549061578 send_by_category={'ACTS': 12443341707, 'MODEL': 5699070, 'OTHER': 4032} recv_by_category={'GRADS': 6543361500, 'OTHER': 1008, 'MODEL': 5699070} send_by_type={2: 12443341707, 7: 5699070, 3: 1008, 4: 1008, 6: 1008, 10: 1008} recv_by_type={1: 6543361500, 6: 1008, 8: 5699070}
2026-04-16 17:25:53,388 - SplitNNServer - INFO - 19356 - phase=validation acc=0.563 loss=1.2057651598242265 epoch=45 and step=79
2026-04-16 17:25:53,388 - CommBreakdown - INFO - 19356 - epoch_summary rank=0 node_type=server epoch=45 train_acc=0.502404 train_loss=1.35508 val_acc=0.563 val_loss=1.20577 raw_acts_bytes=1309671424 quantized_acts_bytes=1309671424 acts_metadata_bytes=0 raw_grads_bytes=654311424 quantized_grads_bytes=654311424 grads_metadata_bytes=0 acts_compression=1 grads_compression=1 total_compression=1 acts_quant_time=0 grads_quant_time=0 send_time=0.514602 recv_time=0.674965 epoch_time=17.0276
2026-04-16 17:25:56,523 - SplitNNServer - INFO - 19356 - phase=train acc=0.5546875 loss=1.17523992061615 epoch=46 and step=0
2026-04-16 17:25:57,952 - SplitNNServer - INFO - 19356 - phase=train acc=0.5369318181818182 loss=1.1312406063079834 epoch=46 and step=10
2026-04-16 17:25:59,257 - SplitNNServer - INFO - 19356 - phase=train acc=0.5197172619047619 loss=1.3537588119506836 epoch=46 and step=20
2026-04-16 17:26:00,590 - SplitNNServer - INFO - 19356 - phase=train acc=0.5282258064516129 loss=1.3225698471069336 epoch=46 and step=30
2026-04-16 17:26:02,149 - SplitNNServer - INFO - 19356 - phase=train acc=0.5228658536585366 loss=1.347992181777954 epoch=46 and step=40
2026-04-16 17:26:03,591 - SplitNNServer - INFO - 19356 - phase=train acc=0.5139399509803921 loss=1.4471850395202637 epoch=46 and step=50
2026-04-16 17:26:05,044 - SplitNNServer - INFO - 19356 - phase=train acc=0.5122950819672131 loss=1.417317509651184 epoch=46 and step=60
2026-04-16 17:26:06,469 - SplitNNServer - INFO - 19356 - phase=train acc=0.5121038732394366 loss=1.4170494079589844 epoch=46 and step=70
2026-04-16 17:26:07,421 - SplitNNClient - INFO - 21808 - worker_num=2 epoch_send=12449044921 epoch_receive=6549694920 total_send=12449044921 total_receive=6549694920 send_by_category={'OTHER': 4144, 'ACTS': 12443341707, 'MODEL': 5699070} recv_by_category={'OTHER': 1120, 'MODEL': 6332300, 'GRADS': 6543361500} send_by_type={10: 1120, 2: 12443341707, 7: 5699070, 3: 1008, 4: 1008, 6: 1008} recv_by_type={6: 1120, 8: 6332300, 1: 6543361500}
2026-04-16 17:26:10,260 - SplitNNServer - INFO - 19356 - phase=validation acc=0.5666 loss=1.200970168355145 epoch=46 and step=79
2026-04-16 17:26:10,260 - CommBreakdown - INFO - 19356 - epoch_summary rank=0 node_type=server epoch=46 train_acc=0.51262 train_loss=1.34797 val_acc=0.5666 val_loss=1.20097 raw_acts_bytes=1309671424 quantized_acts_bytes=1309671424 acts_metadata_bytes=0 raw_grads_bytes=654311424 quantized_grads_bytes=654311424 grads_metadata_bytes=0 acts_compression=1 grads_compression=1 total_compression=1 acts_quant_time=0 grads_quant_time=0 send_time=0.534802 recv_time=0.643533 epoch_time=16.8721
2026-04-16 17:26:13,374 - SplitNNServer - INFO - 19356 - phase=train acc=0.515625 loss=1.3206079006195068 epoch=47 and step=0
2026-04-16 17:26:14,782 - SplitNNServer - INFO - 19356 - phase=train acc=0.5028409090909091 loss=1.5512878894805908 epoch=47 and step=10
2026-04-16 17:26:16,110 - SplitNNServer - INFO - 19356 - phase=train acc=0.5137648809523809 loss=1.314074993133545 epoch=47 and step=20
2026-04-16 17:26:17,599 - SplitNNServer - INFO - 19356 - phase=train acc=0.5176411290322581 loss=1.2205193042755127 epoch=47 and step=30
2026-04-16 17:26:18,924 - SplitNNServer - INFO - 19356 - phase=train acc=0.512766768292683 loss=1.275434136390686 epoch=47 and step=40
2026-04-16 17:26:20,271 - SplitNNServer - INFO - 19356 - phase=train acc=0.5117953431372549 loss=1.3451895713806152 epoch=47 and step=50
2026-04-16 17:26:21,564 - SplitNNServer - INFO - 19356 - phase=train acc=0.5139600409836066 loss=1.148962140083313 epoch=47 and step=60
2026-04-16 17:26:22,831 - SplitNNServer - INFO - 19356 - phase=train acc=0.5126540492957746 loss=1.5015232563018799 epoch=47 and step=70
2026-04-16 17:26:23,785 - SplitNNClient - INFO - 22124 - worker_num=3 epoch_send=12449044921 epoch_receive=6549694920 total_send=12449044921 total_receive=6549694920 send_by_category={'OTHER': 4144, 'ACTS': 12443341707, 'MODEL': 5699070} recv_by_category={'OTHER': 1120, 'MODEL': 6332300, 'GRADS': 6543361500} send_by_type={10: 1120, 2: 12443341707, 7: 5699070, 3: 1008, 4: 1008, 6: 1008} recv_by_type={6: 1120, 8: 6332300, 1: 6543361500}
2026-04-16 17:26:26,579 - SplitNNServer - INFO - 19356 - phase=validation acc=0.5631 loss=1.212838269487212 epoch=47 and step=79
2026-04-16 17:26:26,579 - CommBreakdown - INFO - 19356 - epoch_summary rank=0 node_type=server epoch=47 train_acc=0.511118 train_loss=1.35879 val_acc=0.5631 val_loss=1.21284 raw_acts_bytes=1309671424 quantized_acts_bytes=1309671424 acts_metadata_bytes=0 raw_grads_bytes=654311424 quantized_grads_bytes=654311424 grads_metadata_bytes=0 acts_compression=1 grads_compression=1 total_compression=1 acts_quant_time=0 grads_quant_time=0 send_time=0.495853 recv_time=0.632808 epoch_time=16.3184
2026-04-16 17:26:29,696 - SplitNNServer - INFO - 19356 - phase=train acc=0.5703125 loss=1.2773537635803223 epoch=48 and step=0
2026-04-16 17:26:31,212 - SplitNNServer - INFO - 19356 - phase=train acc=0.5113636363636364 loss=1.301018476486206 epoch=48 and step=10
2026-04-16 17:26:32,666 - SplitNNServer - INFO - 19356 - phase=train acc=0.5007440476190477 loss=1.4358830451965332 epoch=48 and step=20
2026-04-16 17:26:33,990 - SplitNNServer - INFO - 19356 - phase=train acc=0.5110887096774194 loss=1.1116976737976074 epoch=48 and step=30
2026-04-16 17:26:35,259 - SplitNNServer - INFO - 19356 - phase=train acc=0.5116234756097561 loss=1.2706716060638428 epoch=48 and step=40
2026-04-16 17:26:36,610 - SplitNNServer - INFO - 19356 - phase=train acc=0.5111825980392157 loss=1.372275948524475 epoch=48 and step=50
2026-04-16 17:26:37,913 - SplitNNServer - INFO - 19356 - phase=train acc=0.5146004098360656 loss=1.2352733612060547 epoch=48 and step=60
2026-04-16 17:26:39,255 - SplitNNServer - INFO - 19356 - phase=train acc=0.5154049295774648 loss=1.2911401987075806 epoch=48 and step=70
2026-04-16 17:26:40,250 - SplitNNClient - INFO - 19304 - worker_num=4 epoch_send=12449044921 epoch_receive=6549694920 total_send=12449044921 total_receive=6549694920 send_by_category={'OTHER': 4144, 'ACTS': 12443341707, 'MODEL': 5699070} recv_by_category={'OTHER': 1120, 'MODEL': 6332300, 'GRADS': 6543361500} send_by_type={10: 1120, 2: 12443341707, 7: 5699070, 3: 1008, 4: 1008, 6: 1008} recv_by_type={6: 1120, 8: 6332300, 1: 6543361500}
2026-04-16 17:26:43,080 - SplitNNServer - INFO - 19356 - phase=validation acc=0.5683 loss=1.2243001506298403 epoch=48 and step=79
2026-04-16 17:26:43,080 - CommBreakdown - INFO - 19356 - epoch_summary rank=0 node_type=server epoch=48 train_acc=0.516526 train_loss=1.33765 val_acc=0.5683 val_loss=1.2243 raw_acts_bytes=1309671424 quantized_acts_bytes=1309671424 acts_metadata_bytes=0 raw_grads_bytes=654311424 quantized_grads_bytes=654311424 grads_metadata_bytes=0 acts_compression=1 grads_compression=1 total_compression=1 acts_quant_time=0 grads_quant_time=0 send_time=0.510234 recv_time=0.641982 epoch_time=16.5012
2026-04-16 17:26:46,184 - SplitNNServer - INFO - 19356 - phase=train acc=0.5390625 loss=1.3298704624176025 epoch=49 and step=0
2026-04-16 17:26:47,299 - CommBreakdown - INFO - 19356 - tensor_distribution rank=0 node_type=server phase=train epoch=49 sample=late tensor=activation_grads shape=(128, 64, 16, 16) mean=-3.52692e-09 std=4.18818e-05 min=-0.000739698 max=0.000676909 mean_abs=2.65866e-05 max_abs=0.000739698 p95_abs=8.8977e-05 p99_abs=0.000154714 skewness=-0.00164137 kurtosis=3.54941e-05 mean_channel_std=4.18578e-05 std_channel_std=1.41822e-06 max_channel_scale_over_min_channel_scale=2.08225 spread=high spread_score=1.5753 outliers=medium outlier_score=2.41324 near_zero=low near_zero_fraction=0.119478
2026-04-16 17:26:58,311 - SplitNNServer - INFO - 19356 - phase=train acc=0.5163352272727273 loss=1.3984193801879883 epoch=49 and step=10
2026-04-16 17:27:10,459 - SplitNNServer - INFO - 19356 - phase=train acc=0.5182291666666666 loss=1.3387629985809326 epoch=49 and step=20
2026-04-16 17:27:22,425 - SplitNNServer - INFO - 19356 - phase=train acc=0.5229334677419355 loss=1.3539031744003296 epoch=49 and step=30
2026-04-16 17:27:34,413 - SplitNNServer - INFO - 19356 - phase=train acc=0.522484756097561 loss=1.3361650705337524 epoch=49 and step=40
2026-04-16 17:27:46,566 - SplitNNServer - INFO - 19356 - phase=train acc=0.5186887254901961 loss=1.2213681936264038 epoch=49 and step=50
2026-04-16 17:27:58,570 - SplitNNServer - INFO - 19356 - phase=train acc=0.5175461065573771 loss=1.1766176223754883 epoch=49 and step=60
2026-04-16 17:28:10,710 - SplitNNServer - INFO - 19356 - phase=train acc=0.5181558098591549 loss=1.378352403640747 epoch=49 and step=70
2026-04-16 17:28:20,140 - SplitNNClient - INFO - 21260 - worker_num=5 epoch_send=12449044921 epoch_receive=6549694920 total_send=12449044921 total_receive=6549694920 send_by_category={'OTHER': 4144, 'ACTS': 12443341707, 'MODEL': 5699070} recv_by_category={'OTHER': 1120, 'MODEL': 6332300, 'GRADS': 6543361500} send_by_type={10: 1120, 2: 12443341707, 7: 5699070, 3: 1008, 4: 1008, 6: 1008} recv_by_type={6: 1120, 8: 6332300, 1: 6543361500}
2026-04-16 17:28:23,059 - SplitNNServer - INFO - 19356 - phase=validation acc=0.5701 loss=1.190190638922438 epoch=49 and step=79
2026-04-16 17:28:23,059 - CommBreakdown - INFO - 19356 - epoch_summary rank=0 node_type=server epoch=49 train_acc=0.51873 train_loss=1.33029 val_acc=0.5701 val_loss=1.19019 raw_acts_bytes=1309671424 quantized_acts_bytes=1309671424 acts_metadata_bytes=0 raw_grads_bytes=654311424 quantized_grads_bytes=654311424 grads_metadata_bytes=0 acts_compression=1 grads_compression=1 total_compression=1 acts_quant_time=0 grads_quant_time=0 send_time=0.773369 recv_time=0.661321 epoch_time=99.9783
2026-04-16 17:28:26,203 - SplitNNServer - INFO - 19356 - phase=train acc=0.4609375 loss=1.3407893180847168 epoch=50 and step=0
2026-04-16 17:28:27,652 - SplitNNServer - INFO - 19356 - phase=train acc=0.5113636363636364 loss=1.3239831924438477 epoch=50 and step=10
2026-04-16 17:28:29,221 - SplitNNServer - INFO - 19356 - phase=train acc=0.5085565476190477 loss=1.069272756576538 epoch=50 and step=20
2026-04-16 17:28:30,778 - SplitNNServer - INFO - 19356 - phase=train acc=0.5171370967741935 loss=1.3825489282608032 epoch=50 and step=30
2026-04-16 17:28:32,056 - SplitNNServer - INFO - 19356 - phase=train acc=0.5264862804878049 loss=1.3438794612884521 epoch=50 and step=40
2026-04-16 17:28:33,483 - SplitNNServer - INFO - 19356 - phase=train acc=0.5257352941176471 loss=1.2900333404541016 epoch=50 and step=50
2026-04-16 17:28:34,790 - SplitNNServer - INFO - 19356 - phase=train acc=0.5239497950819673 loss=1.3302326202392578 epoch=50 and step=60
2026-04-16 17:28:36,341 - SplitNNServer - INFO - 19356 - phase=train acc=0.522337147887324 loss=1.2350752353668213 epoch=50 and step=70
2026-04-16 17:28:37,414 - SplitNNClient - INFO - 20956 - worker_num=1 epoch_send=13759559162 epoch_receive=7204031070 total_send=13759559162 total_receive=7204031070 send_by_category={'ACTS': 13753222382, 'MODEL': 6332300, 'OTHER': 4480} recv_by_category={'GRADS': 7197697650, 'OTHER': 1120, 'MODEL': 6332300} send_by_type={2: 13753222382, 7: 6332300, 3: 1120, 4: 1120, 6: 1120, 10: 1120} recv_by_type={1: 7197697650, 6: 1120, 8: 6332300}
2026-04-16 17:28:40,316 - SplitNNServer - INFO - 19356 - phase=validation acc=0.5719 loss=1.1903424323359622 epoch=50 and step=79
2026-04-16 17:28:40,317 - CommBreakdown - INFO - 19356 - epoch_summary rank=0 node_type=server epoch=50 train_acc=0.520232 train_loss=1.3149 val_acc=0.5719 val_loss=1.19034 raw_acts_bytes=1309671424 quantized_acts_bytes=1309671424 acts_metadata_bytes=0 raw_grads_bytes=654311424 quantized_grads_bytes=654311424 grads_metadata_bytes=0 acts_compression=1 grads_compression=1 total_compression=1 acts_quant_time=0 grads_quant_time=0 send_time=0.49013 recv_time=0.673203 epoch_time=17.2575
2026-04-16 17:28:43,479 - SplitNNServer - INFO - 19356 - phase=train acc=0.484375 loss=1.3694086074829102 epoch=51 and step=0
2026-04-16 17:28:44,923 - SplitNNServer - INFO - 19356 - phase=train acc=0.5340909090909091 loss=1.5119123458862305 epoch=51 and step=10
2026-04-16 17:28:46,350 - SplitNNServer - INFO - 19356 - phase=train acc=0.5215773809523809 loss=1.3921058177947998 epoch=51 and step=20
2026-04-16 17:28:47,636 - SplitNNServer - INFO - 19356 - phase=train acc=0.5199092741935484 loss=1.2493603229522705 epoch=51 and step=30
2026-04-16 17:28:48,941 - SplitNNServer - INFO - 19356 - phase=train acc=0.522484756097561 loss=1.2806576490402222 epoch=51 and step=40
2026-04-16 17:28:50,430 - SplitNNServer - INFO - 19356 - phase=train acc=0.5234375 loss=1.2966535091400146 epoch=51 and step=50
2026-04-16 17:28:51,920 - SplitNNServer - INFO - 19356 - phase=train acc=0.5239497950819673 loss=1.2978626489639282 epoch=51 and step=60
2026-04-16 17:28:53,369 - SplitNNServer - INFO - 19356 - phase=train acc=0.5257482394366197 loss=1.1995123624801636 epoch=51 and step=70
2026-04-16 17:28:54,452 - SplitNNClient - INFO - 21808 - worker_num=2 epoch_send=13759559274 epoch_receive=7204664412 total_send=13759559274 total_receive=7204664412 send_by_category={'OTHER': 4592, 'ACTS': 13753222382, 'MODEL': 6332300} recv_by_category={'OTHER': 1232, 'MODEL': 6965530, 'GRADS': 7197697650} send_by_type={10: 1232, 2: 13753222382, 7: 6332300, 3: 1120, 4: 1120, 6: 1120} recv_by_type={6: 1232, 8: 6965530, 1: 7197697650}
2026-04-16 17:28:57,351 - SplitNNServer - INFO - 19356 - phase=validation acc=0.576 loss=1.185311751275123 epoch=51 and step=79
2026-04-16 17:28:57,351 - CommBreakdown - INFO - 19356 - epoch_summary rank=0 node_type=server epoch=51 train_acc=0.525942 train_loss=1.31675 val_acc=0.576 val_loss=1.18531 raw_acts_bytes=1309671424 quantized_acts_bytes=1309671424 acts_metadata_bytes=0 raw_grads_bytes=654311424 quantized_grads_bytes=654311424 grads_metadata_bytes=0 acts_compression=1 grads_compression=1 total_compression=1 acts_quant_time=0 grads_quant_time=0 send_time=0.520899 recv_time=0.645224 epoch_time=17.0348
2026-04-16 17:29:00,477 - SplitNNServer - INFO - 19356 - phase=train acc=0.59375 loss=1.2574055194854736 epoch=52 and step=0
2026-04-16 17:29:01,811 - SplitNNServer - INFO - 19356 - phase=train acc=0.5241477272727273 loss=1.4610493183135986 epoch=52 and step=10
2026-04-16 17:29:03,117 - SplitNNServer - INFO - 19356 - phase=train acc=0.5148809523809523 loss=1.2275872230529785 epoch=52 and step=20
2026-04-16 17:29:04,424 - SplitNNServer - INFO - 19356 - phase=train acc=0.5173891129032258 loss=1.472048044204712 epoch=52 and step=30
2026-04-16 17:29:05,745 - SplitNNServer - INFO - 19356 - phase=train acc=0.5215320121951219 loss=1.299283504486084 epoch=52 and step=40
2026-04-16 17:29:07,174 - SplitNNServer - INFO - 19356 - phase=train acc=0.5248161764705882 loss=1.1331207752227783 epoch=52 and step=50
2026-04-16 17:29:08,604 - SplitNNServer - INFO - 19356 - phase=train acc=0.522797131147541 loss=1.397019624710083 epoch=52 and step=60
2026-04-16 17:29:10,160 - SplitNNServer - INFO - 19356 - phase=train acc=0.5216769366197183 loss=1.3531198501586914 epoch=52 and step=70
2026-04-16 17:29:11,252 - SplitNNClient - INFO - 22124 - worker_num=3 epoch_send=13759559274 epoch_receive=7204664412 total_send=13759559274 total_receive=7204664412 send_by_category={'OTHER': 4592, 'ACTS': 13753222382, 'MODEL': 6332300} recv_by_category={'OTHER': 1232, 'MODEL': 6965530, 'GRADS': 7197697650} send_by_type={10: 1232, 2: 13753222382, 7: 6332300, 3: 1120, 4: 1120, 6: 1120} recv_by_type={6: 1232, 8: 6965530, 1: 7197697650}
2026-04-16 17:29:14,008 - SplitNNServer - INFO - 19356 - phase=validation acc=0.5671 loss=1.1999850303311892 epoch=52 and step=79
2026-04-16 17:29:14,008 - CommBreakdown - INFO - 19356 - epoch_summary rank=0 node_type=server epoch=52 train_acc=0.522636 train_loss=1.32337 val_acc=0.5671 val_loss=1.19999 raw_acts_bytes=1309671424 quantized_acts_bytes=1309671424 acts_metadata_bytes=0 raw_grads_bytes=654311424 quantized_grads_bytes=654311424 grads_metadata_bytes=0 acts_compression=1 grads_compression=1 total_compression=1 acts_quant_time=0 grads_quant_time=0 send_time=0.538735 recv_time=0.640672 epoch_time=16.6564
2026-04-16 17:29:17,105 - SplitNNServer - INFO - 19356 - phase=train acc=0.546875 loss=1.1680526733398438 epoch=53 and step=0
2026-04-16 17:29:18,588 - SplitNNServer - INFO - 19356 - phase=train acc=0.5433238636363636 loss=1.1333236694335938 epoch=53 and step=10
2026-04-16 17:29:19,926 - SplitNNServer - INFO - 19356 - phase=train acc=0.5279017857142857 loss=1.4135127067565918 epoch=53 and step=20
2026-04-16 17:29:21,206 - SplitNNServer - INFO - 19356 - phase=train acc=0.5299899193548387 loss=1.2463566064834595 epoch=53 and step=30
2026-04-16 17:29:22,630 - SplitNNServer - INFO - 19356 - phase=train acc=0.5295350609756098 loss=1.3723149299621582 epoch=53 and step=40
2026-04-16 17:29:23,906 - SplitNNServer - INFO - 19356 - phase=train acc=0.5272671568627451 loss=1.3064332008361816 epoch=53 and step=50
2026-04-16 17:29:25,297 - SplitNNServer - INFO - 19356 - phase=train acc=0.5230532786885246 loss=1.4609050750732422 epoch=53 and step=60
2026-04-16 17:29:26,772 - SplitNNServer - INFO - 19356 - phase=train acc=0.5215669014084507 loss=1.3349652290344238 epoch=53 and step=70
2026-04-16 17:29:27,922 - SplitNNClient - INFO - 19304 - worker_num=4 epoch_send=13759559274 epoch_receive=7204664412 total_send=13759559274 total_receive=7204664412 send_by_category={'OTHER': 4592, 'ACTS': 13753222382, 'MODEL': 6332300} recv_by_category={'OTHER': 1232, 'MODEL': 6965530, 'GRADS': 7197697650} send_by_type={10: 1232, 2: 13753222382, 7: 6332300, 3: 1120, 4: 1120, 6: 1120} recv_by_type={6: 1232, 8: 6965530, 1: 7197697650}
2026-04-16 17:29:30,959 - SplitNNServer - INFO - 19356 - phase=validation acc=0.5815 loss=1.161481798449649 epoch=53 and step=79
2026-04-16 17:29:30,959 - CommBreakdown - INFO - 19356 - epoch_summary rank=0 node_type=server epoch=53 train_acc=0.523738 train_loss=1.31336 val_acc=0.5815 val_loss=1.16148 raw_acts_bytes=1309671424 quantized_acts_bytes=1309671424 acts_metadata_bytes=0 raw_grads_bytes=654311424 quantized_grads_bytes=654311424 grads_metadata_bytes=0 acts_compression=1 grads_compression=1 total_compression=1 acts_quant_time=0 grads_quant_time=0 send_time=0.523861 recv_time=0.702021 epoch_time=16.9508
2026-04-16 17:29:34,135 - SplitNNServer - INFO - 19356 - phase=train acc=0.5625 loss=1.218660593032837 epoch=54 and step=0
2026-04-16 17:29:35,777 - SplitNNServer - INFO - 19356 - phase=train acc=0.5511363636363636 loss=1.3319412469863892 epoch=54 and step=10
2026-04-16 17:29:37,190 - SplitNNServer - INFO - 19356 - phase=train acc=0.5465029761904762 loss=1.381404995918274 epoch=54 and step=20
2026-04-16 17:29:38,561 - SplitNNServer - INFO - 19356 - phase=train acc=0.5383064516129032 loss=1.3446733951568604 epoch=54 and step=30
2026-04-16 17:29:39,982 - SplitNNServer - INFO - 19356 - phase=train acc=0.5360137195121951 loss=1.389420986175537 epoch=54 and step=40
2026-04-16 17:29:41,441 - SplitNNServer - INFO - 19356 - phase=train acc=0.5309436274509803 loss=1.3503785133361816 epoch=54 and step=50
2026-04-16 17:29:43,031 - SplitNNServer - INFO - 19356 - phase=train acc=0.5303534836065574 loss=1.1818559169769287 epoch=54 and step=60
2026-04-16 17:29:44,528 - SplitNNServer - INFO - 19356 - phase=train acc=0.5302596830985915 loss=1.3215813636779785 epoch=54 and step=70
2026-04-16 17:29:45,482 - SplitNNClient - INFO - 21260 - worker_num=5 epoch_send=13759559274 epoch_receive=7204664412 total_send=13759559274 total_receive=7204664412 send_by_category={'OTHER': 4592, 'ACTS': 13753222382, 'MODEL': 6332300} recv_by_category={'OTHER': 1232, 'MODEL': 6965530, 'GRADS': 7197697650} send_by_type={10: 1232, 2: 13753222382, 7: 6332300, 3: 1120, 4: 1120, 6: 1120} recv_by_type={6: 1232, 8: 6965530, 1: 7197697650}
2026-04-16 17:29:48,349 - SplitNNServer - INFO - 19356 - phase=validation acc=0.5595 loss=1.2150080090836635 epoch=54 and step=79
2026-04-16 17:29:48,349 - CommBreakdown - INFO - 19356 - epoch_summary rank=0 node_type=server epoch=54 train_acc=0.532452 train_loss=1.30311 val_acc=0.5595 val_loss=1.21501 raw_acts_bytes=1309671424 quantized_acts_bytes=1309671424 acts_metadata_bytes=0 raw_grads_bytes=654311424 quantized_grads_bytes=654311424 grads_metadata_bytes=0 acts_compression=1 grads_compression=1 total_compression=1 acts_quant_time=0 grads_quant_time=0 send_time=0.540812 recv_time=0.715319 epoch_time=17.3899
2026-04-16 17:29:51,472 - SplitNNServer - INFO - 19356 - phase=train acc=0.5078125 loss=1.2475546598434448 epoch=55 and step=0
2026-04-16 17:29:52,964 - SplitNNServer - INFO - 19356 - phase=train acc=0.5262784090909091 loss=1.2787538766860962 epoch=55 and step=10
2026-04-16 17:29:54,484 - SplitNNServer - INFO - 19356 - phase=train acc=0.5245535714285714 loss=1.386204719543457 epoch=55 and step=20
2026-04-16 17:29:55,862 - SplitNNServer - INFO - 19356 - phase=train acc=0.5239415322580645 loss=1.3456799983978271 epoch=55 and step=30
2026-04-16 17:29:57,320 - SplitNNServer - INFO - 19356 - phase=train acc=0.5259146341463414 loss=1.2156749963760376 epoch=55 and step=40
2026-04-16 17:29:58,731 - SplitNNServer - INFO - 19356 - phase=train acc=0.5245098039215687 loss=1.2950959205627441 epoch=55 and step=50
2026-04-16 17:30:00,150 - SplitNNServer - INFO - 19356 - phase=train acc=0.5225409836065574 loss=1.5183296203613281 epoch=55 and step=60
2026-04-16 17:30:01,658 - SplitNNServer - INFO - 19356 - phase=train acc=0.5268485915492958 loss=1.1986870765686035 epoch=55 and step=70
2026-04-16 17:30:02,689 - SplitNNClient - INFO - 20956 - worker_num=1 epoch_send=15070073515 epoch_receive=7859000562 total_send=15070073515 total_receive=7859000562 send_by_category={'ACTS': 15063103057, 'MODEL': 6965530, 'OTHER': 4928} recv_by_category={'GRADS': 7852033800, 'OTHER': 1232, 'MODEL': 6965530} send_by_type={2: 15063103057, 7: 6965530, 3: 1232, 4: 1232, 6: 1232, 10: 1232} recv_by_type={1: 7852033800, 6: 1232, 8: 6965530}
2026-04-16 17:30:05,580 - SplitNNServer - INFO - 19356 - phase=validation acc=0.5434 loss=1.314529455160793 epoch=55 and step=79
2026-04-16 17:30:05,581 - CommBreakdown - INFO - 19356 - epoch_summary rank=0 node_type=server epoch=55 train_acc=0.526342 train_loss=1.29162 val_acc=0.5434 val_loss=1.31453 raw_acts_bytes=1309671424 quantized_acts_bytes=1309671424 acts_metadata_bytes=0 raw_grads_bytes=654311424 quantized_grads_bytes=654311424 grads_metadata_bytes=0 acts_compression=1 grads_compression=1 total_compression=1 acts_quant_time=0 grads_quant_time=0 send_time=0.490035 recv_time=0.694414 epoch_time=17.231
2026-04-16 17:30:08,723 - SplitNNServer - INFO - 19356 - phase=train acc=0.5390625 loss=1.385615587234497 epoch=56 and step=0
2026-04-16 17:30:10,115 - SplitNNServer - INFO - 19356 - phase=train acc=0.5532670454545454 loss=1.1376042366027832 epoch=56 and step=10
2026-04-16 17:30:11,382 - SplitNNServer - INFO - 19356 - phase=train acc=0.5453869047619048 loss=1.3650239706039429 epoch=56 and step=20
2026-04-16 17:30:12,745 - SplitNNServer - INFO - 19356 - phase=train acc=0.5428427419354839 loss=1.4430497884750366 epoch=56 and step=30
2026-04-16 17:30:14,125 - SplitNNServer - INFO - 19356 - phase=train acc=0.5394435975609756 loss=1.3275775909423828 epoch=56 and step=40
2026-04-16 17:30:15,649 - SplitNNServer - INFO - 19356 - phase=train acc=0.5355392156862745 loss=1.3991698026657104 epoch=56 and step=50
2026-04-16 17:30:17,222 - SplitNNServer - INFO - 19356 - phase=train acc=0.5389344262295082 loss=1.1403884887695312 epoch=56 and step=60
2026-04-16 17:30:18,744 - SplitNNServer - INFO - 19356 - phase=train acc=0.5371919014084507 loss=1.271742820739746 epoch=56 and step=70
2026-04-16 17:30:19,921 - SplitNNClient - INFO - 21808 - worker_num=2 epoch_send=15070073627 epoch_receive=7859633904 total_send=15070073627 total_receive=7859633904 send_by_category={'OTHER': 5040, 'ACTS': 15063103057, 'MODEL': 6965530} recv_by_category={'OTHER': 1344, 'MODEL': 7598760, 'GRADS': 7852033800} send_by_type={10: 1344, 2: 15063103057, 7: 6965530, 3: 1232, 4: 1232, 6: 1232} recv_by_type={6: 1344, 8: 7598760, 1: 7852033800}
2026-04-16 17:30:22,765 - SplitNNServer - INFO - 19356 - phase=validation acc=0.5886 loss=1.1442754072479056 epoch=56 and step=79
2026-04-16 17:30:22,766 - CommBreakdown - INFO - 19356 - epoch_summary rank=0 node_type=server epoch=56 train_acc=0.53766 train_loss=1.28301 val_acc=0.5886 val_loss=1.14428 raw_acts_bytes=1309671424 quantized_acts_bytes=1309671424 acts_metadata_bytes=0 raw_grads_bytes=654311424 quantized_grads_bytes=654311424 grads_metadata_bytes=0 acts_compression=1 grads_compression=1 total_compression=1 acts_quant_time=0 grads_quant_time=0 send_time=0.526546 recv_time=0.693735 epoch_time=17.1849
2026-04-16 17:30:25,911 - SplitNNServer - INFO - 19356 - phase=train acc=0.5390625 loss=1.2511107921600342 epoch=57 and step=0
2026-04-16 17:30:27,352 - SplitNNServer - INFO - 19356 - phase=train acc=0.5035511363636364 loss=1.257211685180664 epoch=57 and step=10
2026-04-16 17:30:28,722 - SplitNNServer - INFO - 19356 - phase=train acc=0.5078125 loss=1.5697720050811768 epoch=57 and step=20
2026-04-16 17:30:30,008 - SplitNNServer - INFO - 19356 - phase=train acc=0.5138608870967742 loss=1.398363709449768 epoch=57 and step=30
2026-04-16 17:30:31,469 - SplitNNServer - INFO - 19356 - phase=train acc=0.526295731707317 loss=1.3484026193618774 epoch=57 and step=40
2026-04-16 17:30:32,841 - SplitNNServer - INFO - 19356 - phase=train acc=0.5263480392156863 loss=1.31936514377594 epoch=57 and step=50
2026-04-16 17:30:34,424 - SplitNNServer - INFO - 19356 - phase=train acc=0.5280481557377049 loss=1.3536391258239746 epoch=57 and step=60
2026-04-16 17:30:35,952 - SplitNNServer - INFO - 19356 - phase=train acc=0.5313600352112676 loss=1.039644479751587 epoch=57 and step=70
2026-04-16 17:30:37,019 - SplitNNClient - INFO - 22124 - worker_num=3 epoch_send=15070073627 epoch_receive=7859633904 total_send=15070073627 total_receive=7859633904 send_by_category={'OTHER': 5040, 'ACTS': 15063103057, 'MODEL': 6965530} recv_by_category={'OTHER': 1344, 'MODEL': 7598760, 'GRADS': 7852033800} send_by_type={10: 1344, 2: 15063103057, 7: 6965530, 3: 1232, 4: 1232, 6: 1232} recv_by_type={6: 1344, 8: 7598760, 1: 7852033800}
2026-04-16 17:30:39,978 - SplitNNServer - INFO - 19356 - phase=validation acc=0.5619 loss=1.2635164721102654 epoch=57 and step=79
2026-04-16 17:30:39,978 - CommBreakdown - INFO - 19356 - epoch_summary rank=0 node_type=server epoch=57 train_acc=0.532452 train_loss=1.30197 val_acc=0.5619 val_loss=1.26352 raw_acts_bytes=1309671424 quantized_acts_bytes=1309671424 acts_metadata_bytes=0 raw_grads_bytes=654311424 quantized_grads_bytes=654311424 grads_metadata_bytes=0 acts_compression=1 grads_compression=1 total_compression=1 acts_quant_time=0 grads_quant_time=0 send_time=0.56689 recv_time=0.67527 epoch_time=17.2125
2026-04-16 17:30:43,081 - SplitNNServer - INFO - 19356 - phase=train acc=0.5390625 loss=1.3210806846618652 epoch=58 and step=0
2026-04-16 17:30:44,471 - SplitNNServer - INFO - 19356 - phase=train acc=0.5340909090909091 loss=1.2957353591918945 epoch=58 and step=10
2026-04-16 17:30:45,964 - SplitNNServer - INFO - 19356 - phase=train acc=0.5327380952380952 loss=1.3285882472991943 epoch=58 and step=20
2026-04-16 17:30:47,429 - SplitNNServer - INFO - 19356 - phase=train acc=0.5345262096774194 loss=1.181370735168457 epoch=58 and step=30
2026-04-16 17:30:48,776 - SplitNNServer - INFO - 19356 - phase=train acc=0.538109756097561 loss=1.2635873556137085 epoch=58 and step=40
2026-04-16 17:30:50,168 - SplitNNServer - INFO - 19356 - phase=train acc=0.5343137254901961 loss=1.2702710628509521 epoch=58 and step=50
2026-04-16 17:30:51,494 - SplitNNServer - INFO - 19356 - phase=train acc=0.5326588114754098 loss=1.2101455926895142 epoch=58 and step=60
2026-04-16 17:30:52,820 - SplitNNServer - INFO - 19356 - phase=train acc=0.5330105633802817 loss=1.263608694076538 epoch=58 and step=70
2026-04-16 17:30:53,796 - SplitNNClient - INFO - 19304 - worker_num=4 epoch_send=15070073627 epoch_receive=7859633904 total_send=15070073627 total_receive=7859633904 send_by_category={'OTHER': 5040, 'ACTS': 15063103057, 'MODEL': 6965530} recv_by_category={'OTHER': 1344, 'MODEL': 7598760, 'GRADS': 7852033800} send_by_type={10: 1344, 2: 15063103057, 7: 6965530, 3: 1232, 4: 1232, 6: 1232} recv_by_type={6: 1344, 8: 7598760, 1: 7852033800}
2026-04-16 17:30:56,554 - SplitNNServer - INFO - 19356 - phase=validation acc=0.5816 loss=1.160767245896255 epoch=58 and step=79
2026-04-16 17:30:56,554 - CommBreakdown - INFO - 19356 - epoch_summary rank=0 node_type=server epoch=58 train_acc=0.533153 train_loss=1.2962 val_acc=0.5816 val_loss=1.16077 raw_acts_bytes=1309671424 quantized_acts_bytes=1309671424 acts_metadata_bytes=0 raw_grads_bytes=654311424 quantized_grads_bytes=654311424 grads_metadata_bytes=0 acts_compression=1 grads_compression=1 total_compression=1 acts_quant_time=0 grads_quant_time=0 send_time=0.492465 recv_time=0.640227 epoch_time=16.5755
2026-04-16 17:30:59,708 - SplitNNServer - INFO - 19356 - phase=train acc=0.515625 loss=1.314290165901184 epoch=59 and step=0
2026-04-16 17:31:01,146 - SplitNNServer - INFO - 19356 - phase=train acc=0.5319602272727273 loss=1.3074665069580078 epoch=59 and step=10
2026-04-16 17:31:02,532 - SplitNNServer - INFO - 19356 - phase=train acc=0.5383184523809523 loss=1.1336452960968018 epoch=59 and step=20
2026-04-16 17:31:03,979 - SplitNNServer - INFO - 19356 - phase=train acc=0.5443548387096774 loss=1.2944453954696655 epoch=59 and step=30
2026-04-16 17:31:05,465 - SplitNNServer - INFO - 19356 - phase=train acc=0.5430640243902439 loss=1.2701544761657715 epoch=59 and step=40
2026-04-16 17:31:06,798 - SplitNNServer - INFO - 19356 - phase=train acc=0.5448835784313726 loss=1.1525061130523682 epoch=59 and step=50
2026-04-16 17:31:08,067 - SplitNNServer - INFO - 19356 - phase=train acc=0.5440573770491803 loss=1.2163057327270508 epoch=59 and step=60
2026-04-16 17:31:09,334 - SplitNNServer - INFO - 19356 - phase=train acc=0.5406029929577465 loss=1.2651504278182983 epoch=59 and step=70
2026-04-16 17:31:10,325 - SplitNNClient - INFO - 21260 - worker_num=5 epoch_send=15070073627 epoch_receive=7859633904 total_send=15070073627 total_receive=7859633904 send_by_category={'OTHER': 5040, 'ACTS': 15063103057, 'MODEL': 6965530} recv_by_category={'OTHER': 1344, 'MODEL': 7598760, 'GRADS': 7852033800} send_by_type={10: 1344, 2: 15063103057, 7: 6965530, 3: 1232, 4: 1232, 6: 1232} recv_by_type={6: 1344, 8: 7598760, 1: 7852033800}
2026-04-16 17:31:13,249 - SplitNNServer - INFO - 19356 - phase=validation acc=0.5809 loss=1.1723317451114896 epoch=59 and step=79
2026-04-16 17:31:13,250 - CommBreakdown - INFO - 19356 - epoch_summary rank=0 node_type=server epoch=59 train_acc=0.540665 train_loss=1.27511 val_acc=0.5809 val_loss=1.17233 raw_acts_bytes=1309671424 quantized_acts_bytes=1309671424 acts_metadata_bytes=0 raw_grads_bytes=654311424 quantized_grads_bytes=654311424 grads_metadata_bytes=0 acts_compression=1 grads_compression=1 total_compression=1 acts_quant_time=0 grads_quant_time=0 send_time=0.526013 recv_time=0.659365 epoch_time=16.6953
2026-04-16 17:31:16,414 - SplitNNServer - INFO - 19356 - phase=train acc=0.59375 loss=1.1949725151062012 epoch=60 and step=0
2026-04-16 17:31:17,878 - SplitNNServer - INFO - 19356 - phase=train acc=0.5696022727272727 loss=1.1509861946105957 epoch=60 and step=10
2026-04-16 17:31:19,257 - SplitNNServer - INFO - 19356 - phase=train acc=0.5539434523809523 loss=1.3988757133483887 epoch=60 and step=20
2026-04-16 17:31:20,791 - SplitNNServer - INFO - 19356 - phase=train acc=0.5498991935483871 loss=1.1929481029510498 epoch=60 and step=30
2026-04-16 17:31:22,244 - SplitNNServer - INFO - 19356 - phase=train acc=0.5453506097560976 loss=1.2223498821258545 epoch=60 and step=40
2026-04-16 17:31:23,642 - SplitNNServer - INFO - 19356 - phase=train acc=0.5422794117647058 loss=1.2844271659851074 epoch=60 and step=50
2026-04-16 17:31:24,912 - SplitNNServer - INFO - 19356 - phase=train acc=0.5394467213114754 loss=1.2516810894012451 epoch=60 and step=60
2026-04-16 17:31:26,410 - SplitNNServer - INFO - 19356 - phase=train acc=0.5376320422535211 loss=1.2542548179626465 epoch=60 and step=70
2026-04-16 17:31:27,578 - SplitNNClient - INFO - 20956 - worker_num=1 epoch_send=16380587868 epoch_receive=8513970054 total_send=16380587868 total_receive=8513970054 send_by_category={'ACTS': 16372983732, 'MODEL': 7598760, 'OTHER': 5376} recv_by_category={'GRADS': 8506369950, 'OTHER': 1344, 'MODEL': 7598760} send_by_type={2: 16372983732, 7: 7598760, 3: 1344, 4: 1344, 6: 1344, 10: 1344} recv_by_type={1: 8506369950, 6: 1344, 8: 7598760}
2026-04-16 17:31:30,450 - SplitNNServer - INFO - 19356 - phase=validation acc=0.5772 loss=1.1689075895502596 epoch=60 and step=79
2026-04-16 17:31:30,450 - CommBreakdown - INFO - 19356 - epoch_summary rank=0 node_type=server epoch=60 train_acc=0.536759 train_loss=1.26453 val_acc=0.5772 val_loss=1.16891 raw_acts_bytes=1309671424 quantized_acts_bytes=1309671424 acts_metadata_bytes=0 raw_grads_bytes=654311424 quantized_grads_bytes=654311424 grads_metadata_bytes=0 acts_compression=1 grads_compression=1 total_compression=1 acts_quant_time=0 grads_quant_time=0 send_time=0.518098 recv_time=0.669727 epoch_time=17.2006
2026-04-16 17:31:33,586 - SplitNNServer - INFO - 19356 - phase=train acc=0.5703125 loss=1.3831501007080078 epoch=61 and step=0
2026-04-16 17:31:35,098 - SplitNNServer - INFO - 19356 - phase=train acc=0.5298295454545454 loss=1.406968116760254 epoch=61 and step=10
2026-04-16 17:31:36,577 - SplitNNServer - INFO - 19356 - phase=train acc=0.5319940476190477 loss=1.299131989479065 epoch=61 and step=20
2026-04-16 17:31:38,096 - SplitNNServer - INFO - 19356 - phase=train acc=0.5304939516129032 loss=1.3657772541046143 epoch=61 and step=30
2026-04-16 17:31:39,635 - SplitNNServer - INFO - 19356 - phase=train acc=0.5299161585365854 loss=1.4469287395477295 epoch=61 and step=40
2026-04-16 17:31:41,156 - SplitNNServer - INFO - 19356 - phase=train acc=0.532015931372549 loss=1.1153018474578857 epoch=61 and step=50
2026-04-16 17:31:42,649 - SplitNNServer - INFO - 19356 - phase=train acc=0.5348360655737705 loss=1.3207457065582275 epoch=61 and step=60
2026-04-16 17:31:44,064 - SplitNNServer - INFO - 19356 - phase=train acc=0.5386223591549296 loss=1.1556260585784912 epoch=61 and step=70
2026-04-16 17:31:45,151 - SplitNNClient - INFO - 21808 - worker_num=2 epoch_send=16380587980 epoch_receive=8514603396 total_send=16380587980 total_receive=8514603396 send_by_category={'OTHER': 5488, 'ACTS': 16372983732, 'MODEL': 7598760} recv_by_category={'OTHER': 1456, 'MODEL': 8231990, 'GRADS': 8506369950} send_by_type={10: 1456, 2: 16372983732, 7: 7598760, 3: 1344, 4: 1344, 6: 1344} recv_by_type={6: 1456, 8: 8231990, 1: 8506369950}
2026-04-16 17:31:48,067 - SplitNNServer - INFO - 19356 - phase=validation acc=0.5858 loss=1.1689185273798206 epoch=61 and step=79
2026-04-16 17:31:48,067 - CommBreakdown - INFO - 19356 - epoch_summary rank=0 node_type=server epoch=61 train_acc=0.540865 train_loss=1.26337 val_acc=0.5858 val_loss=1.16892 raw_acts_bytes=1309671424 quantized_acts_bytes=1309671424 acts_metadata_bytes=0 raw_grads_bytes=654311424 quantized_grads_bytes=654311424 grads_metadata_bytes=0 acts_compression=1 grads_compression=1 total_compression=1 acts_quant_time=0 grads_quant_time=0 send_time=0.551828 recv_time=0.656549 epoch_time=17.6168
2026-04-16 17:31:51,199 - SplitNNServer - INFO - 19356 - phase=train acc=0.53125 loss=1.267106294631958 epoch=62 and step=0
2026-04-16 17:31:52,523 - SplitNNServer - INFO - 19356 - phase=train acc=0.5397727272727273 loss=1.2919838428497314 epoch=62 and step=10
2026-04-16 17:31:53,801 - SplitNNServer - INFO - 19356 - phase=train acc=0.5502232142857143 loss=1.3575248718261719 epoch=62 and step=20
2026-04-16 17:31:55,108 - SplitNNServer - INFO - 19356 - phase=train acc=0.5413306451612904 loss=1.2178332805633545 epoch=62 and step=30
2026-04-16 17:31:56,482 - SplitNNServer - INFO - 19356 - phase=train acc=0.5415396341463414 loss=1.3060979843139648 epoch=62 and step=40
2026-04-16 17:31:58,048 - SplitNNServer - INFO - 19356 - phase=train acc=0.5438112745098039 loss=1.2378454208374023 epoch=62 and step=50
2026-04-16 17:31:59,547 - SplitNNServer - INFO - 19356 - phase=train acc=0.5413678278688525 loss=1.2492563724517822 epoch=62 and step=60
2026-04-16 17:32:00,857 - SplitNNServer - INFO - 19356 - phase=train acc=0.540162852112676 loss=1.3598021268844604 epoch=62 and step=70
2026-04-16 17:32:01,808 - SplitNNClient - INFO - 22124 - worker_num=3 epoch_send=16380587980 epoch_receive=8514603396 total_send=16380587980 total_receive=8514603396 send_by_category={'OTHER': 5488, 'ACTS': 16372983732, 'MODEL': 7598760} recv_by_category={'OTHER': 1456, 'MODEL': 8231990, 'GRADS': 8506369950} send_by_type={10: 1456, 2: 16372983732, 7: 7598760, 3: 1344, 4: 1344, 6: 1344} recv_by_type={6: 1456, 8: 8231990, 1: 8506369950}
2026-04-16 17:32:04,669 - SplitNNServer - INFO - 19356 - phase=validation acc=0.5936 loss=1.1354590480840658 epoch=62 and step=79
2026-04-16 17:32:04,669 - CommBreakdown - INFO - 19356 - epoch_summary rank=0 node_type=server epoch=62 train_acc=0.541767 train_loss=1.26946 val_acc=0.5936 val_loss=1.13546 raw_acts_bytes=1309671424 quantized_acts_bytes=1309671424 acts_metadata_bytes=0 raw_grads_bytes=654311424 quantized_grads_bytes=654311424 grads_metadata_bytes=0 acts_compression=1 grads_compression=1 total_compression=1 acts_quant_time=0 grads_quant_time=0 send_time=0.538511 recv_time=0.6613 epoch_time=16.6011
2026-04-16 17:32:07,819 - SplitNNServer - INFO - 19356 - phase=train acc=0.53125 loss=1.3823559284210205 epoch=63 and step=0
2026-04-16 17:32:09,202 - SplitNNServer - INFO - 19356 - phase=train acc=0.5461647727272727 loss=1.2535001039505005 epoch=63 and step=10
2026-04-16 17:32:10,537 - SplitNNServer - INFO - 19356 - phase=train acc=0.5543154761904762 loss=1.1967717409133911 epoch=63 and step=20
2026-04-16 17:32:11,861 - SplitNNServer - INFO - 19356 - phase=train acc=0.5466229838709677 loss=1.269409418106079 epoch=63 and step=30
2026-04-16 17:32:13,441 - SplitNNServer - INFO - 19356 - phase=train acc=0.5514481707317073 loss=1.2114137411117554 epoch=63 and step=40
2026-04-16 17:32:14,891 - SplitNNServer - INFO - 19356 - phase=train acc=0.5470281862745098 loss=1.3007886409759521 epoch=63 and step=50
2026-04-16 17:32:16,160 - SplitNNServer - INFO - 19356 - phase=train acc=0.5484118852459017 loss=1.140336275100708 epoch=63 and step=60
2026-04-16 17:32:17,508 - SplitNNServer - INFO - 19356 - phase=train acc=0.547425176056338 loss=1.356523871421814 epoch=63 and step=70
2026-04-16 17:32:18,512 - SplitNNClient - INFO - 19304 - worker_num=4 epoch_send=16380587980 epoch_receive=8514603396 total_send=16380587980 total_receive=8514603396 send_by_category={'OTHER': 5488, 'ACTS': 16372983732, 'MODEL': 7598760} recv_by_category={'OTHER': 1456, 'MODEL': 8231990, 'GRADS': 8506369950} send_by_type={10: 1456, 2: 16372983732, 7: 7598760, 3: 1344, 4: 1344, 6: 1344} recv_by_type={6: 1456, 8: 8231990, 1: 8506369950}
2026-04-16 17:32:21,331 - SplitNNServer - INFO - 19356 - phase=validation acc=0.5923 loss=1.1542967791798748 epoch=63 and step=79
2026-04-16 17:32:21,331 - CommBreakdown - INFO - 19356 - epoch_summary rank=0 node_type=server epoch=63 train_acc=0.548578 train_loss=1.25895 val_acc=0.5923 val_loss=1.1543 raw_acts_bytes=1309671424 quantized_acts_bytes=1309671424 acts_metadata_bytes=0 raw_grads_bytes=654311424 quantized_grads_bytes=654311424 grads_metadata_bytes=0 acts_compression=1 grads_compression=1 total_compression=1 acts_quant_time=0 grads_quant_time=0 send_time=0.49938 recv_time=0.652654 epoch_time=16.6617
2026-04-16 17:32:24,461 - SplitNNServer - INFO - 19356 - phase=train acc=0.5546875 loss=1.1899974346160889 epoch=64 and step=0
2026-04-16 17:32:25,942 - SplitNNServer - INFO - 19356 - phase=train acc=0.5454545454545454 loss=1.2480170726776123 epoch=64 and step=10
2026-04-16 17:32:27,351 - SplitNNServer - INFO - 19356 - phase=train acc=0.5494791666666666 loss=1.2900582551956177 epoch=64 and step=20
2026-04-16 17:32:28,620 - SplitNNServer - INFO - 19356 - phase=train acc=0.5420866935483871 loss=1.29909348487854 epoch=64 and step=30
2026-04-16 17:32:30,050 - SplitNNServer - INFO - 19356 - phase=train acc=0.5415396341463414 loss=1.2040660381317139 epoch=64 and step=40
2026-04-16 17:32:31,472 - SplitNNServer - INFO - 19356 - phase=train acc=0.5419730392156863 loss=1.2702085971832275 epoch=64 and step=50
2026-04-16 17:32:32,746 - SplitNNServer - INFO - 19356 - phase=train acc=0.5425204918032787 loss=1.0794203281402588 epoch=64 and step=60
2026-04-16 17:32:34,266 - SplitNNServer - INFO - 19356 - phase=train acc=0.5431338028169014 loss=1.2832852602005005 epoch=64 and step=70
2026-04-16 17:32:35,415 - SplitNNClient - INFO - 21260 - worker_num=5 epoch_send=16380587980 epoch_receive=8514603396 total_send=16380587980 total_receive=8514603396 send_by_category={'OTHER': 5488, 'ACTS': 16372983732, 'MODEL': 7598760} recv_by_category={'OTHER': 1456, 'MODEL': 8231990, 'GRADS': 8506369950} send_by_type={10: 1456, 2: 16372983732, 7: 7598760, 3: 1344, 4: 1344, 6: 1344} recv_by_type={6: 1456, 8: 8231990, 1: 8506369950}
2026-04-16 17:32:38,330 - SplitNNServer - INFO - 19356 - phase=validation acc=0.6078 loss=1.1119141457956048 epoch=64 and step=79
2026-04-16 17:32:38,330 - CommBreakdown - INFO - 19356 - epoch_summary rank=0 node_type=server epoch=64 train_acc=0.547977 train_loss=1.25651 val_acc=0.6078 val_loss=1.11191 raw_acts_bytes=1309671424 quantized_acts_bytes=1309671424 acts_metadata_bytes=0 raw_grads_bytes=654311424 quantized_grads_bytes=654311424 grads_metadata_bytes=0 acts_compression=1 grads_compression=1 total_compression=1 acts_quant_time=0 grads_quant_time=0 send_time=0.514553 recv_time=0.640323 epoch_time=16.9997
2026-04-16 17:32:41,457 - SplitNNServer - INFO - 19356 - phase=train acc=0.546875 loss=1.2854406833648682 epoch=65 and step=0
2026-04-16 17:32:42,828 - SplitNNServer - INFO - 19356 - phase=train acc=0.5632102272727273 loss=1.2320637702941895 epoch=65 and step=10
2026-04-16 17:32:44,180 - SplitNNServer - INFO - 19356 - phase=train acc=0.5587797619047619 loss=1.239170789718628 epoch=65 and step=20
2026-04-16 17:32:45,521 - SplitNNServer - INFO - 19356 - phase=train acc=0.5541834677419355 loss=1.1915326118469238 epoch=65 and step=30
2026-04-16 17:32:46,986 - SplitNNServer - INFO - 19356 - phase=train acc=0.5514481707317073 loss=1.4359686374664307 epoch=65 and step=40
2026-04-16 17:32:48,261 - SplitNNServer - INFO - 19356 - phase=train acc=0.5551470588235294 loss=1.2197667360305786 epoch=65 and step=50
2026-04-16 17:32:49,593 - SplitNNServer - INFO - 19356 - phase=train acc=0.5521260245901639 loss=1.2117791175842285 epoch=65 and step=60
2026-04-16 17:32:51,014 - SplitNNServer - INFO - 19356 - phase=train acc=0.5489656690140845 loss=1.2568267583847046 epoch=65 and step=70
2026-04-16 17:32:51,953 - SplitNNClient - INFO - 20956 - worker_num=1 epoch_send=17691102221 epoch_receive=9168939546 total_send=17691102221 total_receive=9168939546 send_by_category={'ACTS': 17682864407, 'MODEL': 8231990, 'OTHER': 5824} recv_by_category={'GRADS': 9160706100, 'OTHER': 1456, 'MODEL': 8231990} send_by_type={2: 17682864407, 7: 8231990, 3: 1456, 4: 1456, 6: 1456, 10: 1456} recv_by_type={1: 9160706100, 6: 1456, 8: 8231990}
2026-04-16 17:32:54,841 - SplitNNServer - INFO - 19356 - phase=validation acc=0.5965 loss=1.1213118177426011 epoch=65 and step=79
2026-04-16 17:32:54,841 - CommBreakdown - INFO - 19356 - epoch_summary rank=0 node_type=server epoch=65 train_acc=0.551983 train_loss=1.23952 val_acc=0.5965 val_loss=1.12131 raw_acts_bytes=1309671424 quantized_acts_bytes=1309671424 acts_metadata_bytes=0 raw_grads_bytes=654311424 quantized_grads_bytes=654311424 grads_metadata_bytes=0 acts_compression=1 grads_compression=1 total_compression=1 acts_quant_time=0 grads_quant_time=0 send_time=0.491249 recv_time=0.67355 epoch_time=16.5097
2026-04-16 17:32:57,980 - SplitNNServer - INFO - 19356 - phase=train acc=0.5546875 loss=1.2055611610412598 epoch=66 and step=0
2026-04-16 17:32:59,471 - SplitNNServer - INFO - 19356 - phase=train acc=0.5568181818181818 loss=1.3095656633377075 epoch=66 and step=10
2026-04-16 17:33:01,012 - SplitNNServer - INFO - 19356 - phase=train acc=0.5487351190476191 loss=1.208866834640503 epoch=66 and step=20
2026-04-16 17:33:02,432 - SplitNNServer - INFO - 19356 - phase=train acc=0.5582157258064516 loss=1.1010478734970093 epoch=66 and step=30
2026-04-16 17:33:03,744 - SplitNNServer - INFO - 19356 - phase=train acc=0.5600228658536586 loss=1.3570966720581055 epoch=66 and step=40
2026-04-16 17:33:05,015 - SplitNNServer - INFO - 19356 - phase=train acc=0.5575980392156863 loss=1.2828203439712524 epoch=66 and step=50
2026-04-16 17:33:06,356 - SplitNNServer - INFO - 19356 - phase=train acc=0.5572489754098361 loss=1.3500005006790161 epoch=66 and step=60
2026-04-16 17:33:07,640 - SplitNNServer - INFO - 19356 - phase=train acc=0.5569982394366197 loss=1.285909652709961 epoch=66 and step=70
2026-04-16 17:33:08,819 - SplitNNClient - INFO - 21808 - worker_num=2 epoch_send=17691102333 epoch_receive=9169572888 total_send=17691102333 total_receive=9169572888 send_by_category={'OTHER': 5936, 'ACTS': 17682864407, 'MODEL': 8231990} recv_by_category={'OTHER': 1568, 'MODEL': 8865220, 'GRADS': 9160706100} send_by_type={10: 1568, 2: 17682864407, 7: 8231990, 3: 1456, 4: 1456, 6: 1456} recv_by_type={6: 1568, 8: 8865220, 1: 9160706100}
2026-04-16 17:33:11,690 - SplitNNServer - INFO - 19356 - phase=validation acc=0.603 loss=1.1103141647350938 epoch=66 and step=79
2026-04-16 17:33:11,691 - CommBreakdown - INFO - 19356 - epoch_summary rank=0 node_type=server epoch=66 train_acc=0.557792 train_loss=1.22772 val_acc=0.603 val_loss=1.11031 raw_acts_bytes=1309671424 quantized_acts_bytes=1309671424 acts_metadata_bytes=0 raw_grads_bytes=654311424 quantized_grads_bytes=654311424 grads_metadata_bytes=0 acts_compression=1 grads_compression=1 total_compression=1 acts_quant_time=0 grads_quant_time=0 send_time=0.539158 recv_time=0.657378 epoch_time=16.8496
2026-04-16 17:33:14,822 - SplitNNServer - INFO - 19356 - phase=train acc=0.609375 loss=1.2052592039108276 epoch=67 and step=0
2026-04-16 17:33:16,238 - SplitNNServer - INFO - 19356 - phase=train acc=0.5625 loss=1.263016939163208 epoch=67 and step=10
2026-04-16 17:33:17,628 - SplitNNServer - INFO - 19356 - phase=train acc=0.5543154761904762 loss=1.3039515018463135 epoch=67 and step=20
2026-04-16 17:33:18,954 - SplitNNServer - INFO - 19356 - phase=train acc=0.5509072580645161 loss=1.1605241298675537 epoch=67 and step=30
2026-04-16 17:33:20,223 - SplitNNServer - INFO - 19356 - phase=train acc=0.5546875 loss=1.2070643901824951 epoch=67 and step=40
2026-04-16 17:33:21,507 - SplitNNServer - INFO - 19356 - phase=train acc=0.5479473039215687 loss=1.303506851196289 epoch=67 and step=50
2026-04-16 17:33:22,868 - SplitNNServer - INFO - 19356 - phase=train acc=0.5505891393442623 loss=1.1830904483795166 epoch=67 and step=60
2026-04-16 17:33:24,228 - SplitNNServer - INFO - 19356 - phase=train acc=0.5533670774647887 loss=1.3402204513549805 epoch=67 and step=70
2026-04-16 17:33:25,246 - SplitNNClient - INFO - 22124 - worker_num=3 epoch_send=17691102333 epoch_receive=9169572888 total_send=17691102333 total_receive=9169572888 send_by_category={'OTHER': 5936, 'ACTS': 17682864407, 'MODEL': 8231990} recv_by_category={'OTHER': 1568, 'MODEL': 8865220, 'GRADS': 9160706100} send_by_type={10: 1568, 2: 17682864407, 7: 8231990, 3: 1456, 4: 1456, 6: 1456} recv_by_type={6: 1568, 8: 8865220, 1: 9160706100}
2026-04-16 17:33:28,017 - SplitNNServer - INFO - 19356 - phase=validation acc=0.5878 loss=1.1555440267430077 epoch=67 and step=79
2026-04-16 17:33:28,017 - CommBreakdown - INFO - 19356 - epoch_summary rank=0 node_type=server epoch=67 train_acc=0.552284 train_loss=1.23878 val_acc=0.5878 val_loss=1.15554 raw_acts_bytes=1309671424 quantized_acts_bytes=1309671424 acts_metadata_bytes=0 raw_grads_bytes=654311424 quantized_grads_bytes=654311424 grads_metadata_bytes=0 acts_compression=1 grads_compression=1 total_compression=1 acts_quant_time=0 grads_quant_time=0 send_time=0.491713 recv_time=0.638494 epoch_time=16.326
2026-04-16 17:33:31,160 - SplitNNServer - INFO - 19356 - phase=train acc=0.5703125 loss=1.1821999549865723 epoch=68 and step=0
2026-04-16 17:33:32,678 - SplitNNServer - INFO - 19356 - phase=train acc=0.5376420454545454 loss=1.2372314929962158 epoch=68 and step=10
2026-04-16 17:33:34,117 - SplitNNServer - INFO - 19356 - phase=train acc=0.5505952380952381 loss=1.2539377212524414 epoch=68 and step=20
2026-04-16 17:33:35,479 - SplitNNServer - INFO - 19356 - phase=train acc=0.5519153225806451 loss=1.1940062046051025 epoch=68 and step=30
2026-04-16 17:33:36,758 - SplitNNServer - INFO - 19356 - phase=train acc=0.553734756097561 loss=1.0997872352600098 epoch=68 and step=40
2026-04-16 17:33:38,080 - SplitNNServer - INFO - 19356 - phase=train acc=0.5540747549019608 loss=1.1149425506591797 epoch=68 and step=50
2026-04-16 17:33:39,479 - SplitNNServer - INFO - 19356 - phase=train acc=0.5530225409836066 loss=1.291466236114502 epoch=68 and step=60
2026-04-16 17:33:40,757 - SplitNNServer - INFO - 19356 - phase=train acc=0.5534771126760564 loss=1.2346776723861694 epoch=68 and step=70
2026-04-16 17:33:41,722 - SplitNNClient - INFO - 19304 - worker_num=4 epoch_send=17691102333 epoch_receive=9169572888 total_send=17691102333 total_receive=9169572888 send_by_category={'OTHER': 5936, 'ACTS': 17682864407, 'MODEL': 8231990} recv_by_category={'OTHER': 1568, 'MODEL': 8865220, 'GRADS': 9160706100} send_by_type={10: 1568, 2: 17682864407, 7: 8231990, 3: 1456, 4: 1456, 6: 1456} recv_by_type={6: 1568, 8: 8865220, 1: 9160706100}
2026-04-16 17:33:44,519 - SplitNNServer - INFO - 19356 - phase=validation acc=0.6114 loss=1.094523881809621 epoch=68 and step=79
2026-04-16 17:33:44,520 - CommBreakdown - INFO - 19356 - epoch_summary rank=0 node_type=server epoch=68 train_acc=0.555188 train_loss=1.22625 val_acc=0.6114 val_loss=1.09452 raw_acts_bytes=1309671424 quantized_acts_bytes=1309671424 acts_metadata_bytes=0 raw_grads_bytes=654311424 quantized_grads_bytes=654311424 grads_metadata_bytes=0 acts_compression=1 grads_compression=1 total_compression=1 acts_quant_time=0 grads_quant_time=0 send_time=0.521692 recv_time=0.636506 epoch_time=16.5028
2026-04-16 17:33:47,642 - SplitNNServer - INFO - 19356 - phase=train acc=0.5390625 loss=1.2573779821395874 epoch=69 and step=0
2026-04-16 17:33:49,054 - SplitNNServer - INFO - 19356 - phase=train acc=0.5752840909090909 loss=1.3201462030410767 epoch=69 and step=10
2026-04-16 17:33:50,455 - SplitNNServer - INFO - 19356 - phase=train acc=0.5613839285714286 loss=1.438277006149292 epoch=69 and step=20
2026-04-16 17:33:51,908 - SplitNNServer - INFO - 19356 - phase=train acc=0.5619959677419355 loss=1.2660704851150513 epoch=69 and step=30
2026-04-16 17:33:53,276 - SplitNNServer - INFO - 19356 - phase=train acc=0.5571646341463414 loss=1.3913663625717163 epoch=69 and step=40
2026-04-16 17:33:54,810 - SplitNNServer - INFO - 19356 - phase=train acc=0.5574448529411765 loss=1.2755591869354248 epoch=69 and step=50
2026-04-16 17:33:56,364 - SplitNNServer - INFO - 19356 - phase=train acc=0.5560963114754098 loss=1.1971710920333862 epoch=69 and step=60
2026-04-16 17:33:57,949 - SplitNNServer - INFO - 19356 - phase=train acc=0.5544674295774648 loss=1.4045989513397217 epoch=69 and step=70
2026-04-16 17:33:58,902 - SplitNNClient - INFO - 21260 - worker_num=5 epoch_send=17691102333 epoch_receive=9169572888 total_send=17691102333 total_receive=9169572888 send_by_category={'OTHER': 5936, 'ACTS': 17682864407, 'MODEL': 8231990} recv_by_category={'OTHER': 1568, 'MODEL': 8865220, 'GRADS': 9160706100} send_by_type={10: 1568, 2: 17682864407, 7: 8231990, 3: 1456, 4: 1456, 6: 1456} recv_by_type={6: 1568, 8: 8865220, 1: 9160706100}
2026-04-16 17:34:01,823 - SplitNNServer - INFO - 19356 - phase=validation acc=0.6024 loss=1.1009005127073843 epoch=69 and step=79
2026-04-16 17:34:01,824 - CommBreakdown - INFO - 19356 - epoch_summary rank=0 node_type=server epoch=69 train_acc=0.553085 train_loss=1.24134 val_acc=0.6024 val_loss=1.1009 raw_acts_bytes=1309671424 quantized_acts_bytes=1309671424 acts_metadata_bytes=0 raw_grads_bytes=654311424 quantized_grads_bytes=654311424 grads_metadata_bytes=0 acts_compression=1 grads_compression=1 total_compression=1 acts_quant_time=0 grads_quant_time=0 send_time=0.512994 recv_time=0.660711 epoch_time=17.3033
2026-04-16 17:34:04,953 - SplitNNServer - INFO - 19356 - phase=train acc=0.5703125 loss=1.2140755653381348 epoch=70 and step=0
2026-04-16 17:34:06,499 - SplitNNServer - INFO - 19356 - phase=train acc=0.5575284090909091 loss=1.279769778251648 epoch=70 and step=10
2026-04-16 17:34:07,975 - SplitNNServer - INFO - 19356 - phase=train acc=0.5632440476190477 loss=1.1155550479888916 epoch=70 and step=20
2026-04-16 17:34:09,262 - SplitNNServer - INFO - 19356 - phase=train acc=0.5622479838709677 loss=1.4619598388671875 epoch=70 and step=30
2026-04-16 17:34:10,784 - SplitNNServer - INFO - 19356 - phase=train acc=0.5602134146341463 loss=1.2389841079711914 epoch=70 and step=40
2026-04-16 17:34:12,181 - SplitNNServer - INFO - 19356 - phase=train acc=0.5609681372549019 loss=1.1497026681900024 epoch=70 and step=50
2026-04-16 17:34:13,521 - SplitNNServer - INFO - 19356 - phase=train acc=0.5582735655737705 loss=1.2801384925842285 epoch=70 and step=60
2026-04-16 17:34:14,878 - SplitNNServer - INFO - 19356 - phase=train acc=0.5620598591549296 loss=1.169171929359436 epoch=70 and step=70
2026-04-16 17:34:15,929 - SplitNNClient - INFO - 20956 - worker_num=1 epoch_send=19001616574 epoch_receive=9823909038 total_send=19001616574 total_receive=9823909038 send_by_category={'ACTS': 18992745082, 'MODEL': 8865220, 'OTHER': 6272} recv_by_category={'GRADS': 9815042250, 'OTHER': 1568, 'MODEL': 8865220} send_by_type={2: 18992745082, 7: 8865220, 3: 1568, 4: 1568, 6: 1568, 10: 1568} recv_by_type={1: 9815042250, 6: 1568, 8: 8865220}
2026-04-16 17:34:18,822 - SplitNNServer - INFO - 19356 - phase=validation acc=0.6152 loss=1.0912009945398644 epoch=70 and step=79
2026-04-16 17:34:18,822 - CommBreakdown - INFO - 19356 - epoch_summary rank=0 node_type=server epoch=70 train_acc=0.563902 train_loss=1.20714 val_acc=0.6152 val_loss=1.0912 raw_acts_bytes=1309671424 quantized_acts_bytes=1309671424 acts_metadata_bytes=0 raw_grads_bytes=654311424 quantized_grads_bytes=654311424 grads_metadata_bytes=0 acts_compression=1 grads_compression=1 total_compression=1 acts_quant_time=0 grads_quant_time=0 send_time=0.488927 recv_time=0.67988 epoch_time=16.9981
2026-04-16 17:34:21,930 - SplitNNServer - INFO - 19356 - phase=train acc=0.5703125 loss=1.2264792919158936 epoch=71 and step=0
2026-04-16 17:34:23,331 - SplitNNServer - INFO - 19356 - phase=train acc=0.5710227272727273 loss=1.3070619106292725 epoch=71 and step=10
2026-04-16 17:34:24,731 - SplitNNServer - INFO - 19356 - phase=train acc=0.5665922619047619 loss=1.1016154289245605 epoch=71 and step=20
2026-04-16 17:34:26,090 - SplitNNServer - INFO - 19356 - phase=train acc=0.5705645161290323 loss=1.4135563373565674 epoch=71 and step=30
2026-04-16 17:34:27,431 - SplitNNServer - INFO - 19356 - phase=train acc=0.5638338414634146 loss=1.1932400465011597 epoch=71 and step=40
2026-04-16 17:34:28,891 - SplitNNServer - INFO - 19356 - phase=train acc=0.5586703431372549 loss=0.9950131177902222 epoch=71 and step=50
2026-04-16 17:34:30,228 - SplitNNServer - INFO - 19356 - phase=train acc=0.5569928278688525 loss=1.231858491897583 epoch=71 and step=60
2026-04-16 17:34:31,675 - SplitNNServer - INFO - 19356 - phase=train acc=0.5610695422535211 loss=1.1504123210906982 epoch=71 and step=70
2026-04-16 17:34:32,627 - SplitNNClient - INFO - 21808 - worker_num=2 epoch_send=19001616686 epoch_receive=9824542380 total_send=19001616686 total_receive=9824542380 send_by_category={'OTHER': 6384, 'ACTS': 18992745082, 'MODEL': 8865220} recv_by_category={'OTHER': 1680, 'MODEL': 9498450, 'GRADS': 9815042250} send_by_type={10: 1680, 2: 18992745082, 7: 8865220, 3: 1568, 4: 1568, 6: 1568} recv_by_type={6: 1680, 8: 9498450, 1: 9815042250}
2026-04-16 17:34:35,511 - SplitNNServer - INFO - 19356 - phase=validation acc=0.6114 loss=1.0996317652207386 epoch=71 and step=79
2026-04-16 17:34:35,511 - CommBreakdown - INFO - 19356 - epoch_summary rank=0 node_type=server epoch=71 train_acc=0.560096 train_loss=1.21875 val_acc=0.6114 val_loss=1.09963 raw_acts_bytes=1309671424 quantized_acts_bytes=1309671424 acts_metadata_bytes=0 raw_grads_bytes=654311424 quantized_grads_bytes=654311424 grads_metadata_bytes=0 acts_compression=1 grads_compression=1 total_compression=1 acts_quant_time=0 grads_quant_time=0 send_time=0.52401 recv_time=0.650338 epoch_time=16.6893
2026-04-16 17:34:38,631 - SplitNNServer - INFO - 19356 - phase=train acc=0.59375 loss=1.1568485498428345 epoch=72 and step=0
2026-04-16 17:34:39,956 - SplitNNServer - INFO - 19356 - phase=train acc=0.5752840909090909 loss=1.1849019527435303 epoch=72 and step=10
2026-04-16 17:34:41,415 - SplitNNServer - INFO - 19356 - phase=train acc=0.5680803571428571 loss=1.304589033126831 epoch=72 and step=20
2026-04-16 17:34:42,880 - SplitNNServer - INFO - 19356 - phase=train acc=0.5640120967741935 loss=1.1291327476501465 epoch=72 and step=30
2026-04-16 17:34:44,274 - SplitNNServer - INFO - 19356 - phase=train acc=0.5594512195121951 loss=1.3291242122650146 epoch=72 and step=40
2026-04-16 17:34:45,619 - SplitNNServer - INFO - 19356 - phase=train acc=0.5600490196078431 loss=1.237699270248413 epoch=72 and step=50
2026-04-16 17:34:46,905 - SplitNNServer - INFO - 19356 - phase=train acc=0.5595543032786885 loss=1.2711284160614014 epoch=72 and step=60
2026-04-16 17:34:48,234 - SplitNNServer - INFO - 19356 - phase=train acc=0.5593089788732394 loss=1.098164439201355 epoch=72 and step=70
2026-04-16 17:34:49,234 - SplitNNClient - INFO - 22124 - worker_num=3 epoch_send=19001616686 epoch_receive=9824542380 total_send=19001616686 total_receive=9824542380 send_by_category={'OTHER': 6384, 'ACTS': 18992745082, 'MODEL': 8865220} recv_by_category={'OTHER': 1680, 'MODEL': 9498450, 'GRADS': 9815042250} send_by_type={10: 1680, 2: 18992745082, 7: 8865220, 3: 1568, 4: 1568, 6: 1568} recv_by_type={6: 1680, 8: 9498450, 1: 9815042250}
2026-04-16 17:34:52,029 - SplitNNServer - INFO - 19356 - phase=validation acc=0.6162 loss=1.0784229402300678 epoch=72 and step=79
2026-04-16 17:34:52,029 - CommBreakdown - INFO - 19356 - epoch_summary rank=0 node_type=server epoch=72 train_acc=0.557192 train_loss=1.21219 val_acc=0.6162 val_loss=1.07842 raw_acts_bytes=1309671424 quantized_acts_bytes=1309671424 acts_metadata_bytes=0 raw_grads_bytes=654311424 quantized_grads_bytes=654311424 grads_metadata_bytes=0 acts_compression=1 grads_compression=1 total_compression=1 acts_quant_time=0 grads_quant_time=0 send_time=0.499862 recv_time=0.647557 epoch_time=16.5173
2026-04-16 17:34:55,193 - SplitNNServer - INFO - 19356 - phase=train acc=0.5234375 loss=1.3521188497543335 epoch=73 and step=0
2026-04-16 17:34:56,490 - SplitNNServer - INFO - 19356 - phase=train acc=0.5390625 loss=1.1682929992675781 epoch=73 and step=10
2026-04-16 17:34:57,775 - SplitNNServer - INFO - 19356 - phase=train acc=0.5673363095238095 loss=1.3273422718048096 epoch=73 and step=20
2026-04-16 17:34:59,210 - SplitNNServer - INFO - 19356 - phase=train acc=0.5685483870967742 loss=1.1727161407470703 epoch=73 and step=30
2026-04-16 17:35:00,565 - SplitNNServer - INFO - 19356 - phase=train acc=0.5649771341463414 loss=1.2716782093048096 epoch=73 and step=40
2026-04-16 17:35:01,917 - SplitNNServer - INFO - 19356 - phase=train acc=0.5652573529411765 loss=1.2939504384994507 epoch=73 and step=50
2026-04-16 17:35:03,323 - SplitNNServer - INFO - 19356 - phase=train acc=0.561219262295082 loss=1.4475129842758179 epoch=73 and step=60
2026-04-16 17:35:04,630 - SplitNNServer - INFO - 19356 - phase=train acc=0.5633802816901409 loss=1.3618197441101074 epoch=73 and step=70
2026-04-16 17:35:05,565 - SplitNNClient - INFO - 19304 - worker_num=4 epoch_send=19001616686 epoch_receive=9824542380 total_send=19001616686 total_receive=9824542380 send_by_category={'OTHER': 6384, 'ACTS': 18992745082, 'MODEL': 8865220} recv_by_category={'OTHER': 1680, 'MODEL': 9498450, 'GRADS': 9815042250} send_by_type={10: 1680, 2: 18992745082, 7: 8865220, 3: 1568, 4: 1568, 6: 1568} recv_by_type={6: 1680, 8: 9498450, 1: 9815042250}
2026-04-16 17:35:08,410 - SplitNNServer - INFO - 19356 - phase=validation acc=0.6194 loss=1.0691051913213125 epoch=73 and step=79
2026-04-16 17:35:08,410 - CommBreakdown - INFO - 19356 - epoch_summary rank=0 node_type=server epoch=73 train_acc=0.563401 train_loss=1.21639 val_acc=0.6194 val_loss=1.06911 raw_acts_bytes=1309671424 quantized_acts_bytes=1309671424 acts_metadata_bytes=0 raw_grads_bytes=654311424 quantized_grads_bytes=654311424 grads_metadata_bytes=0 acts_compression=1 grads_compression=1 total_compression=1 acts_quant_time=0 grads_quant_time=0 send_time=0.482327 recv_time=0.644902 epoch_time=16.3811
2026-04-16 17:35:11,563 - SplitNNServer - INFO - 19356 - phase=train acc=0.6171875 loss=1.1532924175262451 epoch=74 and step=0
2026-04-16 17:35:13,083 - SplitNNServer - INFO - 19356 - phase=train acc=0.5561079545454546 loss=1.0296269655227661 epoch=74 and step=10
2026-04-16 17:35:14,665 - SplitNNServer - INFO - 19356 - phase=train acc=0.5632440476190477 loss=1.1805753707885742 epoch=74 and step=20
2026-04-16 17:35:16,219 - SplitNNServer - INFO - 19356 - phase=train acc=0.5655241935483871 loss=1.2523350715637207 epoch=74 and step=30
2026-04-16 17:35:17,705 - SplitNNServer - INFO - 19356 - phase=train acc=0.5632621951219512 loss=1.219146728515625 epoch=74 and step=40
2026-04-16 17:35:19,197 - SplitNNServer - INFO - 19356 - phase=train acc=0.5669424019607843 loss=1.1298997402191162 epoch=74 and step=50
2026-04-16 17:35:20,508 - SplitNNServer - INFO - 19356 - phase=train acc=0.5621157786885246 loss=1.1380387544631958 epoch=74 and step=60
2026-04-16 17:35:21,814 - SplitNNServer - INFO - 19356 - phase=train acc=0.5637103873239436 loss=1.070380687713623 epoch=74 and step=70
2026-04-16 17:35:22,898 - SplitNNClient - INFO - 21260 - worker_num=5 epoch_send=19001616686 epoch_receive=9824542380 total_send=19001616686 total_receive=9824542380 send_by_category={'OTHER': 6384, 'ACTS': 18992745082, 'MODEL': 8865220} recv_by_category={'OTHER': 1680, 'MODEL': 9498450, 'GRADS': 9815042250} send_by_type={10: 1680, 2: 18992745082, 7: 8865220, 3: 1568, 4: 1568, 6: 1568} recv_by_type={6: 1680, 8: 9498450, 1: 9815042250}
2026-04-16 17:35:25,757 - SplitNNServer - INFO - 19356 - phase=validation acc=0.6052 loss=1.118551457984538 epoch=74 and step=79
2026-04-16 17:35:25,757 - CommBreakdown - INFO - 19356 - epoch_summary rank=0 node_type=server epoch=74 train_acc=0.564002 train_loss=1.20853 val_acc=0.6052 val_loss=1.11855 raw_acts_bytes=1309671424 quantized_acts_bytes=1309671424 acts_metadata_bytes=0 raw_grads_bytes=654311424 quantized_grads_bytes=654311424 grads_metadata_bytes=0 acts_compression=1 grads_compression=1 total_compression=1 acts_quant_time=0 grads_quant_time=0 send_time=0.515385 recv_time=0.646399 epoch_time=17.347
2026-04-16 17:35:28,888 - SplitNNServer - INFO - 19356 - phase=train acc=0.5546875 loss=1.2184503078460693 epoch=75 and step=0
2026-04-16 17:35:30,455 - SplitNNServer - INFO - 19356 - phase=train acc=0.5852272727272727 loss=1.1306736469268799 epoch=75 and step=10
2026-04-16 17:35:31,984 - SplitNNServer - INFO - 19356 - phase=train acc=0.5762648809523809 loss=1.253084659576416 epoch=75 and step=20
2026-04-16 17:35:33,431 - SplitNNServer - INFO - 19356 - phase=train acc=0.5718245967741935 loss=1.25133216381073 epoch=75 and step=30
2026-04-16 17:35:34,804 - SplitNNServer - INFO - 19356 - phase=train acc=0.5697408536585366 loss=1.0906670093536377 epoch=75 and step=40
2026-04-16 17:35:36,250 - SplitNNServer - INFO - 19356 - phase=train acc=0.5718443627450981 loss=1.0919837951660156 epoch=75 and step=50
2026-04-16 17:35:37,679 - SplitNNServer - INFO - 19356 - phase=train acc=0.5719774590163934 loss=1.2753627300262451 epoch=75 and step=60
2026-04-16 17:35:38,955 - SplitNNServer - INFO - 19356 - phase=train acc=0.5683318661971831 loss=1.1362669467926025 epoch=75 and step=70
2026-04-16 17:35:39,921 - SplitNNClient - INFO - 20956 - worker_num=1 epoch_send=20312130927 epoch_receive=10478878530 total_send=20312130927 total_receive=10478878530 send_by_category={'ACTS': 20302625757, 'MODEL': 9498450, 'OTHER': 6720} recv_by_category={'GRADS': 10469378400, 'OTHER': 1680, 'MODEL': 9498450} send_by_type={2: 20302625757, 7: 9498450, 3: 1680, 4: 1680, 6: 1680, 10: 1680} recv_by_type={1: 10469378400, 6: 1680, 8: 9498450}
2026-04-16 17:35:42,786 - SplitNNServer - INFO - 19356 - phase=validation acc=0.6259 loss=1.04588538785524 epoch=75 and step=79
2026-04-16 17:35:42,786 - CommBreakdown - INFO - 19356 - epoch_summary rank=0 node_type=server epoch=75 train_acc=0.569712 train_loss=1.18851 val_acc=0.6259 val_loss=1.04589 raw_acts_bytes=1309671424 quantized_acts_bytes=1309671424 acts_metadata_bytes=0 raw_grads_bytes=654311424 quantized_grads_bytes=654311424 grads_metadata_bytes=0 acts_compression=1 grads_compression=1 total_compression=1 acts_quant_time=0 grads_quant_time=0 send_time=0.490342 recv_time=0.667169 epoch_time=17.0287
2026-04-16 17:35:45,944 - SplitNNServer - INFO - 19356 - phase=train acc=0.5859375 loss=1.0640348196029663 epoch=76 and step=0
2026-04-16 17:35:47,277 - SplitNNServer - INFO - 19356 - phase=train acc=0.5688920454545454 loss=1.2728443145751953 epoch=76 and step=10
2026-04-16 17:35:48,548 - SplitNNServer - INFO - 19356 - phase=train acc=0.5665922619047619 loss=1.257575273513794 epoch=76 and step=20
2026-04-16 17:35:50,013 - SplitNNServer - INFO - 19356 - phase=train acc=0.5642641129032258 loss=1.1673717498779297 epoch=76 and step=30
2026-04-16 17:35:51,522 - SplitNNServer - INFO - 19356 - phase=train acc=0.5659298780487805 loss=1.1788488626480103 epoch=76 and step=40
2026-04-16 17:35:52,913 - SplitNNServer - INFO - 19356 - phase=train acc=0.5681678921568627 loss=1.3224756717681885 epoch=76 and step=50
2026-04-16 17:35:54,352 - SplitNNServer - INFO - 19356 - phase=train acc=0.5655737704918032 loss=1.4541946649551392 epoch=76 and step=60
2026-04-16 17:35:55,719 - SplitNNServer - INFO - 19356 - phase=train acc=0.5651408450704225 loss=1.237278699874878 epoch=76 and step=70
2026-04-16 17:35:56,808 - SplitNNClient - INFO - 21808 - worker_num=2 epoch_send=20312131039 epoch_receive=10479511872 total_send=20312131039 total_receive=10479511872 send_by_category={'OTHER': 6832, 'ACTS': 20302625757, 'MODEL': 9498450} recv_by_category={'OTHER': 1792, 'MODEL': 10131680, 'GRADS': 10469378400} send_by_type={10: 1792, 2: 20302625757, 7: 9498450, 3: 1680, 4: 1680, 6: 1680} recv_by_type={6: 1792, 8: 10131680, 1: 10469378400}
2026-04-16 17:35:59,628 - SplitNNServer - INFO - 19356 - phase=validation acc=0.581 loss=1.197085362446459 epoch=76 and step=79
2026-04-16 17:35:59,628 - CommBreakdown - INFO - 19356 - epoch_summary rank=0 node_type=server epoch=76 train_acc=0.567208 train_loss=1.19599 val_acc=0.581 val_loss=1.19709 raw_acts_bytes=1309671424 quantized_acts_bytes=1309671424 acts_metadata_bytes=0 raw_grads_bytes=654311424 quantized_grads_bytes=654311424 grads_metadata_bytes=0 acts_compression=1 grads_compression=1 total_compression=1 acts_quant_time=0 grads_quant_time=0 send_time=0.53367 recv_time=0.641275 epoch_time=16.8422
2026-04-16 17:36:02,777 - SplitNNServer - INFO - 19356 - phase=train acc=0.4765625 loss=1.362328290939331 epoch=77 and step=0
2026-04-16 17:36:04,132 - SplitNNServer - INFO - 19356 - phase=train acc=0.5738636363636364 loss=0.9945570826530457 epoch=77 and step=10
2026-04-16 17:36:05,408 - SplitNNServer - INFO - 19356 - phase=train acc=0.5788690476190477 loss=1.2436624765396118 epoch=77 and step=20
2026-04-16 17:36:06,898 - SplitNNServer - INFO - 19356 - phase=train acc=0.5743447580645161 loss=1.0407040119171143 epoch=77 and step=30
2026-04-16 17:36:08,223 - SplitNNServer - INFO - 19356 - phase=train acc=0.5703125 loss=1.3295177221298218 epoch=77 and step=40
2026-04-16 17:36:09,588 - SplitNNServer - INFO - 19356 - phase=train acc=0.5718443627450981 loss=1.1266913414001465 epoch=77 and step=50
2026-04-16 17:36:10,897 - SplitNNServer - INFO - 19356 - phase=train acc=0.5678790983606558 loss=1.174188494682312 epoch=77 and step=60
2026-04-16 17:36:12,165 - SplitNNServer - INFO - 19356 - phase=train acc=0.5665713028169014 loss=1.236502766609192 epoch=77 and step=70
2026-04-16 17:36:13,108 - SplitNNClient - INFO - 22124 - worker_num=3 epoch_send=20312131039 epoch_receive=10479511872 total_send=20312131039 total_receive=10479511872 send_by_category={'OTHER': 6832, 'ACTS': 20302625757, 'MODEL': 9498450} recv_by_category={'OTHER': 1792, 'MODEL': 10131680, 'GRADS': 10469378400} send_by_type={10: 1792, 2: 20302625757, 7: 9498450, 3: 1680, 4: 1680, 6: 1680} recv_by_type={6: 1792, 8: 10131680, 1: 10469378400}
2026-04-16 17:36:15,937 - SplitNNServer - INFO - 19356 - phase=validation acc=0.5975 loss=1.1510064103935338 epoch=77 and step=79
2026-04-16 17:36:15,937 - CommBreakdown - INFO - 19356 - epoch_summary rank=0 node_type=server epoch=77 train_acc=0.567408 train_loss=1.20452 val_acc=0.5975 val_loss=1.15101 raw_acts_bytes=1309671424 quantized_acts_bytes=1309671424 acts_metadata_bytes=0 raw_grads_bytes=654311424 quantized_grads_bytes=654311424 grads_metadata_bytes=0 acts_compression=1 grads_compression=1 total_compression=1 acts_quant_time=0 grads_quant_time=0 send_time=0.520442 recv_time=0.652547 epoch_time=16.3076
2026-04-16 17:36:19,091 - SplitNNServer - INFO - 19356 - phase=train acc=0.5625 loss=1.188599944114685 epoch=78 and step=0
2026-04-16 17:36:20,598 - SplitNNServer - INFO - 19356 - phase=train acc=0.5745738636363636 loss=1.1826931238174438 epoch=78 and step=10
2026-04-16 17:36:21,876 - SplitNNServer - INFO - 19356 - phase=train acc=0.5758928571428571 loss=1.2330384254455566 epoch=78 and step=20
2026-04-16 17:36:23,248 - SplitNNServer - INFO - 19356 - phase=train acc=0.5698084677419355 loss=1.1154919862747192 epoch=78 and step=30
2026-04-16 17:36:24,618 - SplitNNServer - INFO - 19356 - phase=train acc=0.5695503048780488 loss=1.2708687782287598 epoch=78 and step=40
2026-04-16 17:36:25,945 - SplitNNServer - INFO - 19356 - phase=train acc=0.5735294117647058 loss=1.1533809900283813 epoch=78 and step=50
2026-04-16 17:36:27,459 - SplitNNServer - INFO - 19356 - phase=train acc=0.5772284836065574 loss=1.1158663034439087 epoch=78 and step=60
2026-04-16 17:36:28,922 - SplitNNServer - INFO - 19356 - phase=train acc=0.5766945422535211 loss=1.1800472736358643 epoch=78 and step=70
2026-04-16 17:36:30,037 - SplitNNClient - INFO - 19304 - worker_num=4 epoch_send=20312131039 epoch_receive=10479511872 total_send=20312131039 total_receive=10479511872 send_by_category={'OTHER': 6832, 'ACTS': 20302625757, 'MODEL': 9498450} recv_by_category={'OTHER': 1792, 'MODEL': 10131680, 'GRADS': 10469378400} send_by_type={10: 1792, 2: 20302625757, 7: 9498450, 3: 1680, 4: 1680, 6: 1680} recv_by_type={6: 1792, 8: 10131680, 1: 10469378400}
2026-04-16 17:36:32,823 - SplitNNServer - INFO - 19356 - phase=validation acc=0.6157 loss=1.1078837393205376 epoch=78 and step=79
2026-04-16 17:36:32,823 - CommBreakdown - INFO - 19356 - epoch_summary rank=0 node_type=server epoch=78 train_acc=0.57512 train_loss=1.18023 val_acc=0.6157 val_loss=1.10788 raw_acts_bytes=1309671424 quantized_acts_bytes=1309671424 acts_metadata_bytes=0 raw_grads_bytes=654311424 quantized_grads_bytes=654311424 grads_metadata_bytes=0 acts_compression=1 grads_compression=1 total_compression=1 acts_quant_time=0 grads_quant_time=0 send_time=0.521973 recv_time=0.636875 epoch_time=16.8866
2026-04-16 17:36:35,953 - SplitNNServer - INFO - 19356 - phase=train acc=0.609375 loss=1.0957715511322021 epoch=79 and step=0
2026-04-16 17:36:37,466 - SplitNNServer - INFO - 19356 - phase=train acc=0.5759943181818182 loss=1.2869240045547485 epoch=79 and step=10
2026-04-16 17:36:38,741 - SplitNNServer - INFO - 19356 - phase=train acc=0.5636160714285714 loss=1.153756856918335 epoch=79 and step=20
2026-04-16 17:36:40,261 - SplitNNServer - INFO - 19356 - phase=train acc=0.5690524193548387 loss=1.0615878105163574 epoch=79 and step=30
2026-04-16 17:36:41,713 - SplitNNServer - INFO - 19356 - phase=train acc=0.5691692073170732 loss=1.1032345294952393 epoch=79 and step=40
2026-04-16 17:36:43,072 - SplitNNServer - INFO - 19356 - phase=train acc=0.5680147058823529 loss=1.2347214221954346 epoch=79 and step=50
2026-04-16 17:36:44,535 - SplitNNServer - INFO - 19356 - phase=train acc=0.5710809426229508 loss=1.342362880706787 epoch=79 and step=60
2026-04-16 17:36:45,986 - SplitNNServer - INFO - 19356 - phase=train acc=0.5683318661971831 loss=1.238999843597412 epoch=79 and step=70
2026-04-16 17:36:46,983 - SplitNNClient - INFO - 21260 - worker_num=5 epoch_send=20312131039 epoch_receive=10479511872 total_send=20312131039 total_receive=10479511872 send_by_category={'OTHER': 6832, 'ACTS': 20302625757, 'MODEL': 9498450} recv_by_category={'OTHER': 1792, 'MODEL': 10131680, 'GRADS': 10469378400} send_by_type={10: 1792, 2: 20302625757, 7: 9498450, 3: 1680, 4: 1680, 6: 1680} recv_by_type={6: 1792, 8: 10131680, 1: 10469378400}
2026-04-16 17:36:49,860 - SplitNNServer - INFO - 19356 - phase=validation acc=0.6236 loss=1.0616305953339686 epoch=79 and step=79
2026-04-16 17:36:49,860 - CommBreakdown - INFO - 19356 - epoch_summary rank=0 node_type=server epoch=79 train_acc=0.569912 train_loss=1.18794 val_acc=0.6236 val_loss=1.06163 raw_acts_bytes=1309671424 quantized_acts_bytes=1309671424 acts_metadata_bytes=0 raw_grads_bytes=654311424 quantized_grads_bytes=654311424 grads_metadata_bytes=0 acts_compression=1 grads_compression=1 total_compression=1 acts_quant_time=0 grads_quant_time=0 send_time=0.50086 recv_time=0.647654 epoch_time=17.0371
2026-04-16 17:36:52,961 - SplitNNServer - INFO - 19356 - phase=train acc=0.609375 loss=1.026886224746704 epoch=80 and step=0
2026-04-16 17:36:54,410 - SplitNNServer - INFO - 19356 - phase=train acc=0.6157670454545454 loss=1.1767374277114868 epoch=80 and step=10
2026-04-16 17:36:55,695 - SplitNNServer - INFO - 19356 - phase=train acc=0.6142113095238095 loss=1.1164193153381348 epoch=80 and step=20
2026-04-16 17:36:56,973 - SplitNNServer - INFO - 19356 - phase=train acc=0.5972782258064516 loss=1.1857715845108032 epoch=80 and step=30
2026-04-16 17:36:58,243 - SplitNNServer - INFO - 19356 - phase=train acc=0.5861280487804879 loss=1.168821096420288 epoch=80 and step=40
2026-04-16 17:36:59,521 - SplitNNServer - INFO - 19356 - phase=train acc=0.5821078431372549 loss=1.0580345392227173 epoch=80 and step=50
2026-04-16 17:37:00,916 - SplitNNServer - INFO - 19356 - phase=train acc=0.5826075819672131 loss=1.1590166091918945 epoch=80 and step=60
2026-04-16 17:37:02,214 - SplitNNServer - INFO - 19356 - phase=train acc=0.5825264084507042 loss=1.2584295272827148 epoch=80 and step=70
2026-04-16 17:37:03,168 - SplitNNClient - INFO - 20956 - worker_num=1 epoch_send=21622645280 epoch_receive=11133848022 total_send=21622645280 total_receive=11133848022 send_by_category={'ACTS': 21612506432, 'MODEL': 10131680, 'OTHER': 7168} recv_by_category={'GRADS': 11123714550, 'OTHER': 1792, 'MODEL': 10131680} send_by_type={2: 21612506432, 7: 10131680, 3: 1792, 4: 1792, 6: 1792, 10: 1792} recv_by_type={1: 11123714550, 6: 1792, 8: 10131680}
2026-04-16 17:37:06,070 - SplitNNServer - INFO - 19356 - phase=validation acc=0.6253 loss=1.0775327139262911 epoch=80 and step=79
2026-04-16 17:37:06,070 - CommBreakdown - INFO - 19356 - epoch_summary rank=0 node_type=server epoch=80 train_acc=0.583934 train_loss=1.15392 val_acc=0.6253 val_loss=1.07753 raw_acts_bytes=1309671424 quantized_acts_bytes=1309671424 acts_metadata_bytes=0 raw_grads_bytes=654311424 quantized_grads_bytes=654311424 grads_metadata_bytes=0 acts_compression=1 grads_compression=1 total_compression=1 acts_quant_time=0 grads_quant_time=0 send_time=0.508952 recv_time=0.672463 epoch_time=16.2102
2026-04-16 17:37:09,181 - SplitNNServer - INFO - 19356 - phase=train acc=0.5625 loss=1.1766748428344727 epoch=81 and step=0
2026-04-16 17:37:10,527 - SplitNNServer - INFO - 19356 - phase=train acc=0.5809659090909091 loss=1.1564562320709229 epoch=81 and step=10
2026-04-16 17:37:11,798 - SplitNNServer - INFO - 19356 - phase=train acc=0.5755208333333334 loss=1.0862400531768799 epoch=81 and step=20
2026-04-16 17:37:13,236 - SplitNNServer - INFO - 19356 - phase=train acc=0.5768649193548387 loss=1.263562560081482 epoch=81 and step=30
2026-04-16 17:37:14,785 - SplitNNServer - INFO - 19356 - phase=train acc=0.5767911585365854 loss=1.211087703704834 epoch=81 and step=40
2026-04-16 17:37:16,308 - SplitNNServer - INFO - 19356 - phase=train acc=0.5816482843137255 loss=1.1331729888916016 epoch=81 and step=50
2026-04-16 17:37:17,883 - SplitNNServer - INFO - 19356 - phase=train acc=0.5841444672131147 loss=1.1247918605804443 epoch=81 and step=60
2026-04-16 17:37:19,402 - SplitNNServer - INFO - 19356 - phase=train acc=0.5831866197183099 loss=1.1933655738830566 epoch=81 and step=70
2026-04-16 17:37:20,454 - SplitNNClient - INFO - 21808 - worker_num=2 epoch_send=21622645392 epoch_receive=11134481364 total_send=21622645392 total_receive=11134481364 send_by_category={'OTHER': 7280, 'ACTS': 21612506432, 'MODEL': 10131680} recv_by_category={'OTHER': 1904, 'MODEL': 10764910, 'GRADS': 11123714550} send_by_type={10: 1904, 2: 21612506432, 7: 10131680, 3: 1792, 4: 1792, 6: 1792} recv_by_type={6: 1904, 8: 10764910, 1: 11123714550}
2026-04-16 17:37:23,282 - SplitNNServer - INFO - 19356 - phase=validation acc=0.6286 loss=1.0331028865862497 epoch=81 and step=79
2026-04-16 17:37:23,283 - CommBreakdown - INFO - 19356 - epoch_summary rank=0 node_type=server epoch=81 train_acc=0.583333 train_loss=1.16112 val_acc=0.6286 val_loss=1.0331 raw_acts_bytes=1309671424 quantized_acts_bytes=1309671424 acts_metadata_bytes=0 raw_grads_bytes=654311424 quantized_grads_bytes=654311424 grads_metadata_bytes=0 acts_compression=1 grads_compression=1 total_compression=1 acts_quant_time=0 grads_quant_time=0 send_time=0.546932 recv_time=0.651025 epoch_time=17.2114
2026-04-16 17:37:26,437 - SplitNNServer - INFO - 19356 - phase=train acc=0.5859375 loss=1.1446592807769775 epoch=82 and step=0
2026-04-16 17:37:28,005 - SplitNNServer - INFO - 19356 - phase=train acc=0.5802556818181818 loss=1.1478172540664673 epoch=82 and step=10
2026-04-16 17:37:29,581 - SplitNNServer - INFO - 19356 - phase=train acc=0.5837053571428571 loss=1.0810846090316772 epoch=82 and step=20
2026-04-16 17:37:31,095 - SplitNNServer - INFO - 19356 - phase=train acc=0.5839213709677419 loss=1.0621153116226196 epoch=82 and step=30
2026-04-16 17:37:32,644 - SplitNNServer - INFO - 19356 - phase=train acc=0.5813643292682927 loss=1.2746444940567017 epoch=82 and step=40
2026-04-16 17:37:34,070 - SplitNNServer - INFO - 19356 - phase=train acc=0.5799632352941176 loss=1.1191664934158325 epoch=82 and step=50
2026-04-16 17:37:35,395 - SplitNNServer - INFO - 19356 - phase=train acc=0.5778688524590164 loss=1.1898987293243408 epoch=82 and step=60
2026-04-16 17:37:36,675 - SplitNNServer - INFO - 19356 - phase=train acc=0.5761443661971831 loss=1.1577295064926147 epoch=82 and step=70
2026-04-16 17:37:37,625 - SplitNNClient - INFO - 22124 - worker_num=3 epoch_send=21622645392 epoch_receive=11134481364 total_send=21622645392 total_receive=11134481364 send_by_category={'OTHER': 7280, 'ACTS': 21612506432, 'MODEL': 10131680} recv_by_category={'OTHER': 1904, 'MODEL': 10764910, 'GRADS': 11123714550} send_by_type={10: 1904, 2: 21612506432, 7: 10131680, 3: 1792, 4: 1792, 6: 1792} recv_by_type={6: 1904, 8: 10764910, 1: 11123714550}
2026-04-16 17:37:40,431 - SplitNNServer - INFO - 19356 - phase=validation acc=0.6215 loss=1.0728255148175396 epoch=82 and step=79
2026-04-16 17:37:40,431 - CommBreakdown - INFO - 19356 - epoch_summary rank=0 node_type=server epoch=82 train_acc=0.577825 train_loss=1.16832 val_acc=0.6215 val_loss=1.07283 raw_acts_bytes=1309671424 quantized_acts_bytes=1309671424 acts_metadata_bytes=0 raw_grads_bytes=654311424 quantized_grads_bytes=654311424 grads_metadata_bytes=0 acts_compression=1 grads_compression=1 total_compression=1 acts_quant_time=0 grads_quant_time=0 send_time=0.545375 recv_time=0.656255 epoch_time=17.1486
2026-04-16 17:37:43,541 - SplitNNServer - INFO - 19356 - phase=train acc=0.5703125 loss=1.211118221282959 epoch=83 and step=0
2026-04-16 17:37:45,020 - SplitNNServer - INFO - 19356 - phase=train acc=0.5866477272727273 loss=1.1146190166473389 epoch=83 and step=10
2026-04-16 17:37:46,283 - SplitNNServer - INFO - 19356 - phase=train acc=0.5866815476190477 loss=1.1489686965942383 epoch=83 and step=20
2026-04-16 17:37:47,626 - SplitNNServer - INFO - 19356 - phase=train acc=0.5882056451612904 loss=1.1857695579528809 epoch=83 and step=30
2026-04-16 17:37:49,114 - SplitNNServer - INFO - 19356 - phase=train acc=0.5884146341463414 loss=0.9760294556617737 epoch=83 and step=40
2026-04-16 17:37:50,395 - SplitNNServer - INFO - 19356 - phase=train acc=0.5836397058823529 loss=1.1579866409301758 epoch=83 and step=50
2026-04-16 17:37:51,976 - SplitNNServer - INFO - 19356 - phase=train acc=0.5818391393442623 loss=1.234034776687622 epoch=83 and step=60
2026-04-16 17:37:53,487 - SplitNNServer - INFO - 19356 - phase=train acc=0.5796654929577465 loss=1.280312180519104 epoch=83 and step=70
2026-04-16 17:37:54,591 - SplitNNClient - INFO - 19304 - worker_num=4 epoch_send=21622645392 epoch_receive=11134481364 total_send=21622645392 total_receive=11134481364 send_by_category={'OTHER': 7280, 'ACTS': 21612506432, 'MODEL': 10131680} recv_by_category={'OTHER': 1904, 'MODEL': 10764910, 'GRADS': 11123714550} send_by_type={10: 1904, 2: 21612506432, 7: 10131680, 3: 1792, 4: 1792, 6: 1792} recv_by_type={6: 1904, 8: 10764910, 1: 11123714550}
2026-04-16 17:37:57,426 - SplitNNServer - INFO - 19356 - phase=validation acc=0.6168 loss=1.0939877206766153 epoch=83 and step=79
2026-04-16 17:37:57,426 - CommBreakdown - INFO - 19356 - epoch_summary rank=0 node_type=server epoch=83 train_acc=0.580429 train_loss=1.16968 val_acc=0.6168 val_loss=1.09399 raw_acts_bytes=1309671424 quantized_acts_bytes=1309671424 acts_metadata_bytes=0 raw_grads_bytes=654311424 quantized_grads_bytes=654311424 grads_metadata_bytes=0 acts_compression=1 grads_compression=1 total_compression=1 acts_quant_time=0 grads_quant_time=0 send_time=0.500373 recv_time=0.65695 epoch_time=16.9954
2026-04-16 17:38:00,566 - SplitNNServer - INFO - 19356 - phase=train acc=0.5625 loss=1.2723064422607422 epoch=84 and step=0
2026-04-16 17:38:01,891 - SplitNNServer - INFO - 19356 - phase=train acc=0.5795454545454546 loss=1.0895005464553833 epoch=84 and step=10
2026-04-16 17:38:03,316 - SplitNNServer - INFO - 19356 - phase=train acc=0.5851934523809523 loss=1.2828482389450073 epoch=84 and step=20
2026-04-16 17:38:04,712 - SplitNNServer - INFO - 19356 - phase=train acc=0.5826612903225806 loss=1.2234104871749878 epoch=84 and step=30
2026-04-16 17:38:06,285 - SplitNNServer - INFO - 19356 - phase=train acc=0.5785060975609756 loss=1.1759734153747559 epoch=84 and step=40
2026-04-16 17:38:07,618 - SplitNNServer - INFO - 19356 - phase=train acc=0.578125 loss=1.089040756225586 epoch=84 and step=50
2026-04-16 17:38:09,036 - SplitNNServer - INFO - 19356 - phase=train acc=0.577484631147541 loss=1.0054233074188232 epoch=84 and step=60
2026-04-16 17:38:10,452 - SplitNNServer - INFO - 19356 - phase=train acc=0.5801056338028169 loss=1.109987735748291 epoch=84 and step=70
2026-04-16 17:38:11,594 - SplitNNClient - INFO - 21260 - worker_num=5 epoch_send=21622645392 epoch_receive=11134481364 total_send=21622645392 total_receive=11134481364 send_by_category={'OTHER': 7280, 'ACTS': 21612506432, 'MODEL': 10131680} recv_by_category={'OTHER': 1904, 'MODEL': 10764910, 'GRADS': 11123714550} send_by_type={10: 1904, 2: 21612506432, 7: 10131680, 3: 1792, 4: 1792, 6: 1792} recv_by_type={6: 1904, 8: 10764910, 1: 11123714550}
2026-04-16 17:38:14,453 - SplitNNServer - INFO - 19356 - phase=validation acc=0.6237 loss=1.0683254237416424 epoch=84 and step=79
2026-04-16 17:38:14,453 - CommBreakdown - INFO - 19356 - epoch_summary rank=0 node_type=server epoch=84 train_acc=0.579427 train_loss=1.17167 val_acc=0.6237 val_loss=1.06833 raw_acts_bytes=1309671424 quantized_acts_bytes=1309671424 acts_metadata_bytes=0 raw_grads_bytes=654311424 quantized_grads_bytes=654311424 grads_metadata_bytes=0 acts_compression=1 grads_compression=1 total_compression=1 acts_quant_time=0 grads_quant_time=0 send_time=0.494377 recv_time=0.657148 epoch_time=17.0254
2026-04-16 17:38:17,642 - SplitNNServer - INFO - 19356 - phase=train acc=0.578125 loss=1.2158517837524414 epoch=85 and step=0
2026-04-16 17:38:19,211 - SplitNNServer - INFO - 19356 - phase=train acc=0.6015625 loss=1.2107384204864502 epoch=85 and step=10
2026-04-16 17:38:20,496 - SplitNNServer - INFO - 19356 - phase=train acc=0.5989583333333334 loss=1.1580116748809814 epoch=85 and step=20
2026-04-16 17:38:22,015 - SplitNNServer - INFO - 19356 - phase=train acc=0.5965221774193549 loss=1.0533583164215088 epoch=85 and step=30
2026-04-16 17:38:23,528 - SplitNNServer - INFO - 19356 - phase=train acc=0.5967987804878049 loss=1.0352208614349365 epoch=85 and step=40
2026-04-16 17:38:24,924 - SplitNNServer - INFO - 19356 - phase=train acc=0.5926776960784313 loss=1.0110303163528442 epoch=85 and step=50
2026-04-16 17:38:26,204 - SplitNNServer - INFO - 19356 - phase=train acc=0.5850409836065574 loss=1.0834373235702515 epoch=85 and step=60
2026-04-16 17:38:27,780 - SplitNNServer - INFO - 19356 - phase=train acc=0.587037852112676 loss=1.24252450466156 epoch=85 and step=70
2026-04-16 17:38:28,893 - SplitNNClient - INFO - 20956 - worker_num=1 epoch_send=22933159633 epoch_receive=11788817514 total_send=22933159633 total_receive=11788817514 send_by_category={'ACTS': 22922387107, 'MODEL': 10764910, 'OTHER': 7616} recv_by_category={'GRADS': 11778050700, 'OTHER': 1904, 'MODEL': 10764910} send_by_type={2: 22922387107, 7: 10764910, 3: 1904, 4: 1904, 6: 1904, 10: 1904} recv_by_type={1: 11778050700, 6: 1904, 8: 10764910}
2026-04-16 17:38:31,767 - SplitNNServer - INFO - 19356 - phase=validation acc=0.6387 loss=1.0099654092064387 epoch=85 and step=79
2026-04-16 17:38:31,767 - CommBreakdown - INFO - 19356 - epoch_summary rank=0 node_type=server epoch=85 train_acc=0.586138 train_loss=1.14746 val_acc=0.6387 val_loss=1.00997 raw_acts_bytes=1309671424 quantized_acts_bytes=1309671424 acts_metadata_bytes=0 raw_grads_bytes=654311424 quantized_grads_bytes=654311424 grads_metadata_bytes=0 acts_compression=1 grads_compression=1 total_compression=1 acts_quant_time=0 grads_quant_time=0 send_time=0.497714 recv_time=0.67542 epoch_time=17.3141
2026-04-16 17:38:34,896 - SplitNNServer - INFO - 19356 - phase=train acc=0.53125 loss=1.1924270391464233 epoch=86 and step=0
2026-04-16 17:38:36,221 - SplitNNServer - INFO - 19356 - phase=train acc=0.5809659090909091 loss=1.1382696628570557 epoch=86 and step=10
2026-04-16 17:38:37,486 - SplitNNServer - INFO - 19356 - phase=train acc=0.5851934523809523 loss=1.3337671756744385 epoch=86 and step=20
2026-04-16 17:38:38,823 - SplitNNServer - INFO - 19356 - phase=train acc=0.5824092741935484 loss=1.1688594818115234 epoch=86 and step=30
2026-04-16 17:38:40,284 - SplitNNServer - INFO - 19356 - phase=train acc=0.5859375 loss=0.9204475283622742 epoch=86 and step=40
2026-04-16 17:38:41,780 - SplitNNServer - INFO - 19356 - phase=train acc=0.5911458333333334 loss=1.0618418455123901 epoch=86 and step=50
2026-04-16 17:38:43,233 - SplitNNServer - INFO - 19356 - phase=train acc=0.5899077868852459 loss=1.2148997783660889 epoch=86 and step=60
2026-04-16 17:38:44,739 - SplitNNServer - INFO - 19356 - phase=train acc=0.590118838028169 loss=1.2169561386108398 epoch=86 and step=70
2026-04-16 17:38:45,922 - SplitNNClient - INFO - 21808 - worker_num=2 epoch_send=22933159745 epoch_receive=11789450856 total_send=22933159745 total_receive=11789450856 send_by_category={'OTHER': 7728, 'ACTS': 22922387107, 'MODEL': 10764910} recv_by_category={'OTHER': 2016, 'MODEL': 11398140, 'GRADS': 11778050700} send_by_type={10: 2016, 2: 22922387107, 7: 10764910, 3: 1904, 4: 1904, 6: 1904} recv_by_type={6: 2016, 8: 11398140, 1: 11778050700}
2026-04-16 17:38:48,765 - SplitNNServer - INFO - 19356 - phase=validation acc=0.6307 loss=1.040500205528887 epoch=86 and step=79
2026-04-16 17:38:48,765 - CommBreakdown - INFO - 19356 - epoch_summary rank=0 node_type=server epoch=86 train_acc=0.586138 train_loss=1.13668 val_acc=0.6307 val_loss=1.0405 raw_acts_bytes=1309671424 quantized_acts_bytes=1309671424 acts_metadata_bytes=0 raw_grads_bytes=654311424 quantized_grads_bytes=654311424 grads_metadata_bytes=0 acts_compression=1 grads_compression=1 total_compression=1 acts_quant_time=0 grads_quant_time=0 send_time=0.518542 recv_time=0.636752 epoch_time=16.9974
2026-04-16 17:38:51,880 - SplitNNServer - INFO - 19356 - phase=train acc=0.6171875 loss=1.1463631391525269 epoch=87 and step=0
2026-04-16 17:38:53,194 - SplitNNServer - INFO - 19356 - phase=train acc=0.5823863636363636 loss=1.2642247676849365 epoch=87 and step=10
2026-04-16 17:38:54,468 - SplitNNServer - INFO - 19356 - phase=train acc=0.5773809523809523 loss=1.2374814748764038 epoch=87 and step=20
2026-04-16 17:38:55,961 - SplitNNServer - INFO - 19356 - phase=train acc=0.5751008064516129 loss=1.1126842498779297 epoch=87 and step=30
2026-04-16 17:38:57,304 - SplitNNServer - INFO - 19356 - phase=train acc=0.5796493902439024 loss=1.057288646697998 epoch=87 and step=40
2026-04-16 17:38:58,580 - SplitNNServer - INFO - 19356 - phase=train acc=0.5785845588235294 loss=1.2257630825042725 epoch=87 and step=50
2026-04-16 17:38:59,918 - SplitNNServer - INFO - 19356 - phase=train acc=0.5813268442622951 loss=1.3058017492294312 epoch=87 and step=60
2026-04-16 17:39:01,215 - SplitNNServer - INFO - 19356 - phase=train acc=0.5814260563380281 loss=1.131334662437439 epoch=87 and step=70
2026-04-16 17:39:02,205 - SplitNNClient - INFO - 22124 - worker_num=3 epoch_send=22933159745 epoch_receive=11789450856 total_send=22933159745 total_receive=11789450856 send_by_category={'OTHER': 7728, 'ACTS': 22922387107, 'MODEL': 10764910} recv_by_category={'OTHER': 2016, 'MODEL': 11398140, 'GRADS': 11778050700} send_by_type={10: 2016, 2: 22922387107, 7: 10764910, 3: 1904, 4: 1904, 6: 1904} recv_by_type={6: 2016, 8: 11398140, 1: 11778050700}
2026-04-16 17:39:04,974 - SplitNNServer - INFO - 19356 - phase=validation acc=0.6228 loss=1.089129959480672 epoch=87 and step=79
2026-04-16 17:39:04,975 - CommBreakdown - INFO - 19356 - epoch_summary rank=0 node_type=server epoch=87 train_acc=0.582532 train_loss=1.15567 val_acc=0.6228 val_loss=1.08913 raw_acts_bytes=1309671424 quantized_acts_bytes=1309671424 acts_metadata_bytes=0 raw_grads_bytes=654311424 quantized_grads_bytes=654311424 grads_metadata_bytes=0 acts_compression=1 grads_compression=1 total_compression=1 acts_quant_time=0 grads_quant_time=0 send_time=0.503543 recv_time=0.639106 epoch_time=16.2096
2026-04-16 17:39:08,122 - SplitNNServer - INFO - 19356 - phase=train acc=0.5625 loss=1.1559010744094849 epoch=88 and step=0
2026-04-16 17:39:09,575 - SplitNNServer - INFO - 19356 - phase=train acc=0.5987215909090909 loss=1.1466786861419678 epoch=88 and step=10
2026-04-16 17:39:10,841 - SplitNNServer - INFO - 19356 - phase=train acc=0.6034226190476191 loss=1.1992599964141846 epoch=88 and step=20
2026-04-16 17:39:12,141 - SplitNNServer - INFO - 19356 - phase=train acc=0.5929939516129032 loss=1.3135912418365479 epoch=88 and step=30
2026-04-16 17:39:13,420 - SplitNNServer - INFO - 19356 - phase=train acc=0.5899390243902439 loss=1.153470516204834 epoch=88 and step=40
2026-04-16 17:39:14,862 - SplitNNServer - INFO - 19356 - phase=train acc=0.5899203431372549 loss=1.169123649597168 epoch=88 and step=50
2026-04-16 17:39:16,210 - SplitNNServer - INFO - 19356 - phase=train acc=0.5913165983606558 loss=1.1179149150848389 epoch=88 and step=60
2026-04-16 17:39:17,580 - SplitNNServer - INFO - 19356 - phase=train acc=0.5924295774647887 loss=1.173221230506897 epoch=88 and step=70
2026-04-16 17:39:18,667 - SplitNNClient - INFO - 19304 - worker_num=4 epoch_send=22933159745 epoch_receive=11789450856 total_send=22933159745 total_receive=11789450856 send_by_category={'OTHER': 7728, 'ACTS': 22922387107, 'MODEL': 10764910} recv_by_category={'OTHER': 2016, 'MODEL': 11398140, 'GRADS': 11778050700} send_by_type={10: 2016, 2: 22922387107, 7: 10764910, 3: 1904, 4: 1904, 6: 1904} recv_by_type={6: 2016, 8: 11398140, 1: 11778050700}
2026-04-16 17:39:21,565 - SplitNNServer - INFO - 19356 - phase=validation acc=0.6403 loss=1.0057697469675089 epoch=88 and step=79
2026-04-16 17:39:21,565 - CommBreakdown - INFO - 19356 - epoch_summary rank=0 node_type=server epoch=88 train_acc=0.59365 train_loss=1.13861 val_acc=0.6403 val_loss=1.00577 raw_acts_bytes=1309671424 quantized_acts_bytes=1309671424 acts_metadata_bytes=0 raw_grads_bytes=654311424 quantized_grads_bytes=654311424 grads_metadata_bytes=0 acts_compression=1 grads_compression=1 total_compression=1 acts_quant_time=0 grads_quant_time=0 send_time=0.532217 recv_time=0.648301 epoch_time=16.59
2026-04-16 17:39:24,733 - SplitNNServer - INFO - 19356 - phase=train acc=0.5625 loss=1.2020937204360962 epoch=89 and step=0
2026-04-16 17:39:26,297 - SplitNNServer - INFO - 19356 - phase=train acc=0.5767045454545454 loss=1.119478464126587 epoch=89 and step=10
2026-04-16 17:39:27,838 - SplitNNServer - INFO - 19356 - phase=train acc=0.5851934523809523 loss=1.144039511680603 epoch=89 and step=20
2026-04-16 17:39:29,387 - SplitNNServer - INFO - 19356 - phase=train acc=0.5846774193548387 loss=1.0956940650939941 epoch=89 and step=30
2026-04-16 17:39:30,815 - SplitNNServer - INFO - 19356 - phase=train acc=0.5893673780487805 loss=1.1388169527053833 epoch=89 and step=40
2026-04-16 17:39:32,181 - SplitNNServer - INFO - 19356 - phase=train acc=0.5860906862745098 loss=1.116281509399414 epoch=89 and step=50
2026-04-16 17:39:33,551 - SplitNNServer - INFO - 19356 - phase=train acc=0.5882428278688525 loss=1.1590712070465088 epoch=89 and step=60
2026-04-16 17:39:34,910 - SplitNNServer - INFO - 19356 - phase=train acc=0.5900088028169014 loss=1.042280673980713 epoch=89 and step=70
2026-04-16 17:39:36,031 - SplitNNClient - INFO - 21260 - worker_num=5 epoch_send=22933159745 epoch_receive=11789450856 total_send=22933159745 total_receive=11789450856 send_by_category={'OTHER': 7728, 'ACTS': 22922387107, 'MODEL': 10764910} recv_by_category={'OTHER': 2016, 'MODEL': 11398140, 'GRADS': 11778050700} send_by_type={10: 2016, 2: 22922387107, 7: 10764910, 3: 1904, 4: 1904, 6: 1904} recv_by_type={6: 2016, 8: 11398140, 1: 11778050700}
2026-04-16 17:39:38,863 - SplitNNServer - INFO - 19356 - phase=validation acc=0.6328 loss=1.0449858013587663 epoch=89 and step=79
2026-04-16 17:39:38,863 - CommBreakdown - INFO - 19356 - epoch_summary rank=0 node_type=server epoch=89 train_acc=0.589443 train_loss=1.13886 val_acc=0.6328 val_loss=1.04499 raw_acts_bytes=1309671424 quantized_acts_bytes=1309671424 acts_metadata_bytes=0 raw_grads_bytes=654311424 quantized_grads_bytes=654311424 grads_metadata_bytes=0 acts_compression=1 grads_compression=1 total_compression=1 acts_quant_time=0 grads_quant_time=0 send_time=0.546117 recv_time=0.644919 epoch_time=17.2978
2026-04-16 17:39:42,018 - SplitNNServer - INFO - 19356 - phase=train acc=0.53125 loss=1.1819446086883545 epoch=90 and step=0
2026-04-16 17:39:43,344 - SplitNNServer - INFO - 19356 - phase=train acc=0.6015625 loss=1.1948579549789429 epoch=90 and step=10
2026-04-16 17:39:44,861 - SplitNNServer - INFO - 19356 - phase=train acc=0.5851934523809523 loss=1.2984859943389893 epoch=90 and step=20
2026-04-16 17:39:46,316 - SplitNNServer - INFO - 19356 - phase=train acc=0.5970262096774194 loss=1.1688288450241089 epoch=90 and step=30
2026-04-16 17:39:47,746 - SplitNNServer - INFO - 19356 - phase=train acc=0.6004192073170732 loss=1.061340093612671 epoch=90 and step=40
2026-04-16 17:39:49,178 - SplitNNServer - INFO - 19356 - phase=train acc=0.6000306372549019 loss=1.0190649032592773 epoch=90 and step=50
2026-04-16 17:39:50,584 - SplitNNServer - INFO - 19356 - phase=train acc=0.5954149590163934 loss=1.233595371246338 epoch=90 and step=60
2026-04-16 17:39:51,907 - SplitNNServer - INFO - 19356 - phase=train acc=0.5971610915492958 loss=1.0558613538742065 epoch=90 and step=70
2026-04-16 17:39:52,905 - SplitNNClient - INFO - 20956 - worker_num=1 epoch_send=24243673986 epoch_receive=12443787006 total_send=24243673986 total_receive=12443787006 send_by_category={'ACTS': 24232267782, 'MODEL': 11398140, 'OTHER': 8064} recv_by_category={'GRADS': 12432386850, 'OTHER': 2016, 'MODEL': 11398140} send_by_type={2: 24232267782, 7: 11398140, 3: 2016, 4: 2016, 6: 2016, 10: 2016} recv_by_type={1: 12432386850, 6: 2016, 8: 11398140}
2026-04-16 17:39:55,835 - SplitNNServer - INFO - 19356 - phase=validation acc=0.6486 loss=1.0021782426894466 epoch=90 and step=79
2026-04-16 17:39:55,835 - CommBreakdown - INFO - 19356 - epoch_summary rank=0 node_type=server epoch=90 train_acc=0.597356 train_loss=1.11701 val_acc=0.6486 val_loss=1.00218 raw_acts_bytes=1309671424 quantized_acts_bytes=1309671424 acts_metadata_bytes=0 raw_grads_bytes=654311424 quantized_grads_bytes=654311424 grads_metadata_bytes=0 acts_compression=1 grads_compression=1 total_compression=1 acts_quant_time=0 grads_quant_time=0 send_time=0.518305 recv_time=0.688904 epoch_time=16.9724
2026-04-16 17:39:58,957 - SplitNNServer - INFO - 19356 - phase=train acc=0.6484375 loss=1.0959436893463135 epoch=91 and step=0
2026-04-16 17:40:00,369 - SplitNNServer - INFO - 19356 - phase=train acc=0.5980113636363636 loss=1.1485602855682373 epoch=91 and step=10
2026-04-16 17:40:01,838 - SplitNNServer - INFO - 19356 - phase=train acc=0.5933779761904762 loss=1.1596806049346924 epoch=91 and step=20
2026-04-16 17:40:03,294 - SplitNNServer - INFO - 19356 - phase=train acc=0.5924899193548387 loss=1.0499721765518188 epoch=91 and step=30
2026-04-16 17:40:04,863 - SplitNNServer - INFO - 19356 - phase=train acc=0.5958460365853658 loss=0.9602589011192322 epoch=91 and step=40
2026-04-16 17:40:06,268 - SplitNNServer - INFO - 19356 - phase=train acc=0.5949754901960784 loss=0.9897165298461914 epoch=91 and step=50
2026-04-16 17:40:07,544 - SplitNNServer - INFO - 19356 - phase=train acc=0.5965676229508197 loss=1.0662728548049927 epoch=91 and step=60
2026-04-16 17:40:08,812 - SplitNNServer - INFO - 19356 - phase=train acc=0.5950704225352113 loss=1.0878349542617798 epoch=91 and step=70
2026-04-16 17:40:09,755 - SplitNNClient - INFO - 21808 - worker_num=2 epoch_send=24243674098 epoch_receive=12444420348 total_send=24243674098 total_receive=12444420348 send_by_category={'OTHER': 8176, 'ACTS': 24232267782, 'MODEL': 11398140} recv_by_category={'OTHER': 2128, 'MODEL': 12031370, 'GRADS': 12432386850} send_by_type={10: 2128, 2: 24232267782, 7: 11398140, 3: 2016, 4: 2016, 6: 2016} recv_by_type={6: 2128, 8: 12031370, 1: 12432386850}
2026-04-16 17:40:12,650 - SplitNNServer - INFO - 19356 - phase=validation acc=0.6358 loss=1.0297955810269224 epoch=91 and step=79
2026-04-16 17:40:12,650 - CommBreakdown - INFO - 19356 - epoch_summary rank=0 node_type=server epoch=91 train_acc=0.594351 train_loss=1.12741 val_acc=0.6358 val_loss=1.0298 raw_acts_bytes=1309671424 quantized_acts_bytes=1309671424 acts_metadata_bytes=0 raw_grads_bytes=654311424 quantized_grads_bytes=654311424 grads_metadata_bytes=0 acts_compression=1 grads_compression=1 total_compression=1 acts_quant_time=0 grads_quant_time=0 send_time=0.517666 recv_time=0.665258 epoch_time=16.8146
2026-04-16 17:40:15,767 - SplitNNServer - INFO - 19356 - phase=train acc=0.515625 loss=1.3602285385131836 epoch=92 and step=0
2026-04-16 17:40:17,206 - SplitNNServer - INFO - 19356 - phase=train acc=0.5980113636363636 loss=1.0987142324447632 epoch=92 and step=10
2026-04-16 17:40:18,467 - SplitNNServer - INFO - 19356 - phase=train acc=0.6019345238095238 loss=1.1749441623687744 epoch=92 and step=20
2026-04-16 17:40:20,028 - SplitNNServer - INFO - 19356 - phase=train acc=0.5980342741935484 loss=1.132336139678955 epoch=92 and step=30
2026-04-16 17:40:21,610 - SplitNNServer - INFO - 19356 - phase=train acc=0.594702743902439 loss=1.050997257232666 epoch=92 and step=40
2026-04-16 17:40:22,919 - SplitNNServer - INFO - 19356 - phase=train acc=0.5934436274509803 loss=1.1150245666503906 epoch=92 and step=50
2026-04-16 17:40:24,227 - SplitNNServer - INFO - 19356 - phase=train acc=0.5934938524590164 loss=1.0480320453643799 epoch=92 and step=60
2026-04-16 17:40:25,690 - SplitNNServer - INFO - 19356 - phase=train acc=0.592649647887324 loss=1.329293966293335 epoch=92 and step=70
2026-04-16 17:40:26,801 - SplitNNClient - INFO - 22124 - worker_num=3 epoch_send=24243674098 epoch_receive=12444420348 total_send=24243674098 total_receive=12444420348 send_by_category={'OTHER': 8176, 'ACTS': 24232267782, 'MODEL': 11398140} recv_by_category={'OTHER': 2128, 'MODEL': 12031370, 'GRADS': 12432386850} send_by_type={10: 2128, 2: 24232267782, 7: 11398140, 3: 2016, 4: 2016, 6: 2016} recv_by_type={6: 2128, 8: 12031370, 1: 12432386850}
2026-04-16 17:40:29,604 - SplitNNServer - INFO - 19356 - phase=validation acc=0.634 loss=1.0345349681528309 epoch=92 and step=79
2026-04-16 17:40:29,604 - CommBreakdown - INFO - 19356 - epoch_summary rank=0 node_type=server epoch=92 train_acc=0.593249 train_loss=1.13193 val_acc=0.634 val_loss=1.03453 raw_acts_bytes=1309671424 quantized_acts_bytes=1309671424 acts_metadata_bytes=0 raw_grads_bytes=654311424 quantized_grads_bytes=654311424 grads_metadata_bytes=0 acts_compression=1 grads_compression=1 total_compression=1 acts_quant_time=0 grads_quant_time=0 send_time=0.506829 recv_time=0.648084 epoch_time=16.9538
2026-04-16 17:40:32,768 - SplitNNServer - INFO - 19356 - phase=train acc=0.5703125 loss=1.2396280765533447 epoch=93 and step=0
2026-04-16 17:40:34,237 - SplitNNServer - INFO - 19356 - phase=train acc=0.5696022727272727 loss=1.1778125762939453 epoch=93 and step=10
2026-04-16 17:40:35,516 - SplitNNServer - INFO - 19356 - phase=train acc=0.5807291666666666 loss=1.2307038307189941 epoch=93 and step=20
2026-04-16 17:40:36,942 - SplitNNServer - INFO - 19356 - phase=train acc=0.5821572580645161 loss=1.2073267698287964 epoch=93 and step=30
2026-04-16 17:40:38,361 - SplitNNServer - INFO - 19356 - phase=train acc=0.5855564024390244 loss=1.345954179763794 epoch=93 and step=40
2026-04-16 17:40:39,831 - SplitNNServer - INFO - 19356 - phase=train acc=0.5859375 loss=0.9614316821098328 epoch=93 and step=50
2026-04-16 17:40:41,104 - SplitNNServer - INFO - 19356 - phase=train acc=0.5895235655737705 loss=0.9385576844215393 epoch=93 and step=60
2026-04-16 17:40:42,533 - SplitNNServer - INFO - 19356 - phase=train acc=0.5915492957746479 loss=0.9335099458694458 epoch=93 and step=70
2026-04-16 17:40:43,533 - SplitNNClient - INFO - 19304 - worker_num=4 epoch_send=24243674098 epoch_receive=12444420348 total_send=24243674098 total_receive=12444420348 send_by_category={'OTHER': 8176, 'ACTS': 24232267782, 'MODEL': 11398140} recv_by_category={'OTHER': 2128, 'MODEL': 12031370, 'GRADS': 12432386850} send_by_type={10: 2128, 2: 24232267782, 7: 11398140, 3: 2016, 4: 2016, 6: 2016} recv_by_type={6: 2128, 8: 12031370, 1: 12432386850}
2026-04-16 17:40:46,321 - SplitNNServer - INFO - 19356 - phase=validation acc=0.6486 loss=1.003093443339384 epoch=93 and step=79
2026-04-16 17:40:46,321 - CommBreakdown - INFO - 19356 - epoch_summary rank=0 node_type=server epoch=93 train_acc=0.592348 train_loss=1.1227 val_acc=0.6486 val_loss=1.00309 raw_acts_bytes=1309671424 quantized_acts_bytes=1309671424 acts_metadata_bytes=0 raw_grads_bytes=654311424 quantized_grads_bytes=654311424 grads_metadata_bytes=0 acts_compression=1 grads_compression=1 total_compression=1 acts_quant_time=0 grads_quant_time=0 send_time=0.506404 recv_time=0.654956 epoch_time=16.7169
2026-04-16 17:40:49,476 - SplitNNServer - INFO - 19356 - phase=train acc=0.6171875 loss=1.0745360851287842 epoch=94 and step=0
2026-04-16 17:40:50,809 - SplitNNServer - INFO - 19356 - phase=train acc=0.5916193181818182 loss=1.1809122562408447 epoch=94 and step=10
2026-04-16 17:40:52,107 - SplitNNServer - INFO - 19356 - phase=train acc=0.6015625 loss=0.9861063957214355 epoch=94 and step=20
2026-04-16 17:40:53,378 - SplitNNServer - INFO - 19356 - phase=train acc=0.6028225806451613 loss=1.0844316482543945 epoch=94 and step=30
2026-04-16 17:40:54,706 - SplitNNServer - INFO - 19356 - phase=train acc=0.5994664634146342 loss=1.2238490581512451 epoch=94 and step=40
2026-04-16 17:40:56,046 - SplitNNServer - INFO - 19356 - phase=train acc=0.5972732843137255 loss=0.972135066986084 epoch=94 and step=50
2026-04-16 17:40:57,316 - SplitNNServer - INFO - 19356 - phase=train acc=0.5955430327868853 loss=1.2251088619232178 epoch=94 and step=60
2026-04-16 17:40:58,586 - SplitNNServer - INFO - 19356 - phase=train acc=0.5958406690140845 loss=0.9822355508804321 epoch=94 and step=70
2026-04-16 17:40:59,625 - SplitNNClient - INFO - 21260 - worker_num=5 epoch_send=24243674098 epoch_receive=12444420348 total_send=24243674098 total_receive=12444420348 send_by_category={'OTHER': 8176, 'ACTS': 24232267782, 'MODEL': 11398140} recv_by_category={'OTHER': 2128, 'MODEL': 12031370, 'GRADS': 12432386850} send_by_type={10: 2128, 2: 24232267782, 7: 11398140, 3: 2016, 4: 2016, 6: 2016} recv_by_type={6: 2128, 8: 12031370, 1: 12432386850}
2026-04-16 17:41:02,559 - SplitNNServer - INFO - 19356 - phase=validation acc=0.6555 loss=0.9823154082781151 epoch=94 and step=79
2026-04-16 17:41:02,560 - CommBreakdown - INFO - 19356 - epoch_summary rank=0 node_type=server epoch=94 train_acc=0.594151 train_loss=1.12528 val_acc=0.6555 val_loss=0.982315 raw_acts_bytes=1309671424 quantized_acts_bytes=1309671424 acts_metadata_bytes=0 raw_grads_bytes=654311424 quantized_grads_bytes=654311424 grads_metadata_bytes=0 acts_compression=1 grads_compression=1 total_compression=1 acts_quant_time=0 grads_quant_time=0 send_time=0.511985 recv_time=0.671558 epoch_time=16.2377
2026-04-16 17:41:05,705 - SplitNNServer - INFO - 19356 - phase=train acc=0.6484375 loss=1.174966812133789 epoch=95 and step=0
2026-04-16 17:41:07,009 - SplitNNServer - INFO - 19356 - phase=train acc=0.6058238636363636 loss=1.1401095390319824 epoch=95 and step=10
2026-04-16 17:41:08,351 - SplitNNServer - INFO - 19356 - phase=train acc=0.6183035714285714 loss=1.0194153785705566 epoch=95 and step=20
2026-04-16 17:41:09,937 - SplitNNServer - INFO - 19356 - phase=train acc=0.6169354838709677 loss=0.9904013872146606 epoch=95 and step=30
2026-04-16 17:41:11,346 - SplitNNServer - INFO - 19356 - phase=train acc=0.6080411585365854 loss=1.0739281177520752 epoch=95 and step=40
2026-04-16 17:41:12,721 - SplitNNServer - INFO - 19356 - phase=train acc=0.6099877450980392 loss=1.2677631378173828 epoch=95 and step=50
2026-04-16 17:41:14,096 - SplitNNServer - INFO - 19356 - phase=train acc=0.6059170081967213 loss=1.2158046960830688 epoch=95 and step=60
2026-04-16 17:41:15,472 - SplitNNServer - INFO - 19356 - phase=train acc=0.6047535211267606 loss=1.000856637954712 epoch=95 and step=70
2026-04-16 17:41:16,632 - SplitNNClient - INFO - 20956 - worker_num=1 epoch_send=25554188339 epoch_receive=13098756498 total_send=25554188339 total_receive=13098756498 send_by_category={'ACTS': 25542148457, 'MODEL': 12031370, 'OTHER': 8512} recv_by_category={'GRADS': 13086723000, 'OTHER': 2128, 'MODEL': 12031370} send_by_type={2: 25542148457, 7: 12031370, 3: 2128, 4: 2128, 6: 2128, 10: 2128} recv_by_type={1: 13086723000, 6: 2128, 8: 12031370}
2026-04-16 17:41:19,537 - SplitNNServer - INFO - 19356 - phase=validation acc=0.6537 loss=0.9959588775151893 epoch=95 and step=79
2026-04-16 17:41:19,538 - CommBreakdown - INFO - 19356 - epoch_summary rank=0 node_type=server epoch=95 train_acc=0.603666 train_loss=1.10546 val_acc=0.6537 val_loss=0.995959 raw_acts_bytes=1309671424 quantized_acts_bytes=1309671424 acts_metadata_bytes=0 raw_grads_bytes=654311424 quantized_grads_bytes=654311424 grads_metadata_bytes=0 acts_compression=1 grads_compression=1 total_compression=1 acts_quant_time=0 grads_quant_time=0 send_time=0.502179 recv_time=0.669679 epoch_time=16.9781
2026-04-16 17:41:22,644 - SplitNNServer - INFO - 19356 - phase=train acc=0.59375 loss=1.0907881259918213 epoch=96 and step=0
2026-04-16 17:41:24,192 - SplitNNServer - INFO - 19356 - phase=train acc=0.6022727272727273 loss=1.1315263509750366 epoch=96 and step=10
2026-04-16 17:41:25,685 - SplitNNServer - INFO - 19356 - phase=train acc=0.6101190476190477 loss=1.149017095565796 epoch=96 and step=20
2026-04-16 17:41:26,992 - SplitNNServer - INFO - 19356 - phase=train acc=0.6055947580645161 loss=1.0956250429153442 epoch=96 and step=30
2026-04-16 17:41:28,530 - SplitNNServer - INFO - 19356 - phase=train acc=0.6061356707317073 loss=1.0185145139694214 epoch=96 and step=40
2026-04-16 17:41:30,044 - SplitNNServer - INFO - 19356 - phase=train acc=0.6095281862745098 loss=1.1121156215667725 epoch=96 and step=50
2026-04-16 17:41:31,451 - SplitNNServer - INFO - 19356 - phase=train acc=0.6105276639344263 loss=1.0898456573486328 epoch=96 and step=60
2026-04-16 17:41:32,870 - SplitNNServer - INFO - 19356 - phase=train acc=0.6101452464788732 loss=0.8623981475830078 epoch=96 and step=70
2026-04-16 17:41:34,044 - SplitNNClient - INFO - 21808 - worker_num=2 epoch_send=25554188451 epoch_receive=13099389840 total_send=25554188451 total_receive=13099389840 send_by_category={'OTHER': 8624, 'ACTS': 25542148457, 'MODEL': 12031370} recv_by_category={'OTHER': 2240, 'MODEL': 12664600, 'GRADS': 13086723000} send_by_type={10: 2240, 2: 25542148457, 7: 12031370, 3: 2128, 4: 2128, 6: 2128} recv_by_type={6: 2240, 8: 12664600, 1: 13086723000}
2026-04-16 17:41:36,894 - SplitNNServer - INFO - 19356 - phase=validation acc=0.6461 loss=1.0015021389043783 epoch=96 and step=79
2026-04-16 17:41:36,894 - CommBreakdown - INFO - 19356 - epoch_summary rank=0 node_type=server epoch=96 train_acc=0.608273 train_loss=1.1002 val_acc=0.6461 val_loss=1.0015 raw_acts_bytes=1309671424 quantized_acts_bytes=1309671424 acts_metadata_bytes=0 raw_grads_bytes=654311424 quantized_grads_bytes=654311424 grads_metadata_bytes=0 acts_compression=1 grads_compression=1 total_compression=1 acts_quant_time=0 grads_quant_time=0 send_time=0.539322 recv_time=0.626405 epoch_time=17.3564
2026-04-16 17:41:40,040 - SplitNNServer - INFO - 19356 - phase=train acc=0.65625 loss=1.0506166219711304 epoch=97 and step=0
2026-04-16 17:41:41,356 - SplitNNServer - INFO - 19356 - phase=train acc=0.5980113636363636 loss=1.098264455795288 epoch=97 and step=10
2026-04-16 17:41:42,630 - SplitNNServer - INFO - 19356 - phase=train acc=0.6049107142857143 loss=1.1983444690704346 epoch=97 and step=20
2026-04-16 17:41:43,897 - SplitNNServer - INFO - 19356 - phase=train acc=0.6043346774193549 loss=1.080151081085205 epoch=97 and step=30
2026-04-16 17:41:45,296 - SplitNNServer - INFO - 19356 - phase=train acc=0.5988948170731707 loss=1.267681360244751 epoch=97 and step=40
2026-04-16 17:41:46,607 - SplitNNServer - INFO - 19356 - phase=train acc=0.5977328431372549 loss=1.1586861610412598 epoch=97 and step=50
2026-04-16 17:41:47,892 - SplitNNServer - INFO - 19356 - phase=train acc=0.6006659836065574 loss=1.1524877548217773 epoch=97 and step=60
2026-04-16 17:41:49,188 - SplitNNServer - INFO - 19356 - phase=train acc=0.6009022887323944 loss=1.133999228477478 epoch=97 and step=70
2026-04-16 17:41:50,201 - SplitNNClient - INFO - 22124 - worker_num=3 epoch_send=25554188451 epoch_receive=13099389840 total_send=25554188451 total_receive=13099389840 send_by_category={'OTHER': 8624, 'ACTS': 25542148457, 'MODEL': 12031370} recv_by_category={'OTHER': 2240, 'MODEL': 12664600, 'GRADS': 13086723000} send_by_type={10: 2240, 2: 25542148457, 7: 12031370, 3: 2128, 4: 2128, 6: 2128} recv_by_type={6: 2240, 8: 12664600, 1: 13086723000}
2026-04-16 17:41:52,986 - SplitNNServer - INFO - 19356 - phase=validation acc=0.6487 loss=0.9998880956746354 epoch=97 and step=79
2026-04-16 17:41:52,986 - CommBreakdown - INFO - 19356 - epoch_summary rank=0 node_type=server epoch=97 train_acc=0.605268 train_loss=1.1146 val_acc=0.6487 val_loss=0.999888 raw_acts_bytes=1309671424 quantized_acts_bytes=1309671424 acts_metadata_bytes=0 raw_grads_bytes=654311424 quantized_grads_bytes=654311424 grads_metadata_bytes=0 acts_compression=1 grads_compression=1 total_compression=1 acts_quant_time=0 grads_quant_time=0 send_time=0.539794 recv_time=0.642033 epoch_time=16.0914
2026-04-16 17:41:56,094 - SplitNNServer - INFO - 19356 - phase=train acc=0.625 loss=1.172366976737976 epoch=98 and step=0
2026-04-16 17:41:57,420 - SplitNNServer - INFO - 19356 - phase=train acc=0.6029829545454546 loss=1.3956031799316406 epoch=98 and step=10
2026-04-16 17:41:58,694 - SplitNNServer - INFO - 19356 - phase=train acc=0.6112351190476191 loss=0.8797370791435242 epoch=98 and step=20
2026-04-16 17:41:59,961 - SplitNNServer - INFO - 19356 - phase=train acc=0.6053427419354839 loss=1.1529967784881592 epoch=98 and step=30
2026-04-16 17:42:01,236 - SplitNNServer - INFO - 19356 - phase=train acc=0.6055640243902439 loss=0.9599007368087769 epoch=98 and step=40
2026-04-16 17:42:02,511 - SplitNNServer - INFO - 19356 - phase=train acc=0.6110600490196079 loss=1.1514453887939453 epoch=98 and step=50
2026-04-16 17:42:03,879 - SplitNNServer - INFO - 19356 - phase=train acc=0.6086065573770492 loss=1.1817080974578857 epoch=98 and step=60
2026-04-16 17:42:05,368 - SplitNNServer - INFO - 19356 - phase=train acc=0.6070642605633803 loss=1.0673974752426147 epoch=98 and step=70
2026-04-16 17:42:06,357 - SplitNNClient - INFO - 19304 - worker_num=4 epoch_send=25554188451 epoch_receive=13099389840 total_send=25554188451 total_receive=13099389840 send_by_category={'OTHER': 8624, 'ACTS': 25542148457, 'MODEL': 12031370} recv_by_category={'OTHER': 2240, 'MODEL': 12664600, 'GRADS': 13086723000} send_by_type={10: 2240, 2: 25542148457, 7: 12031370, 3: 2128, 4: 2128, 6: 2128} recv_by_type={6: 2240, 8: 12664600, 1: 13086723000}
2026-04-16 17:42:09,152 - SplitNNServer - INFO - 19356 - phase=validation acc=0.6535 loss=0.9910926501962203 epoch=98 and step=79
2026-04-16 17:42:09,152 - CommBreakdown - INFO - 19356 - epoch_summary rank=0 node_type=server epoch=98 train_acc=0.607071 train_loss=1.10835 val_acc=0.6535 val_loss=0.991093 raw_acts_bytes=1309671424 quantized_acts_bytes=1309671424 acts_metadata_bytes=0 raw_grads_bytes=654311424 quantized_grads_bytes=654311424 grads_metadata_bytes=0 acts_compression=1 grads_compression=1 total_compression=1 acts_quant_time=0 grads_quant_time=0 send_time=0.532137 recv_time=0.644955 epoch_time=16.1661
2026-04-16 17:42:12,285 - SplitNNServer - INFO - 19356 - phase=train acc=0.5546875 loss=1.110586166381836 epoch=99 and step=0
2026-04-16 17:42:13,723 - SplitNNServer - INFO - 19356 - phase=train acc=0.5973011363636364 loss=1.0441540479660034 epoch=99 and step=10
2026-04-16 17:42:14,996 - SplitNNServer - INFO - 19356 - phase=train acc=0.5922619047619048 loss=1.2401628494262695 epoch=99 and step=20
2026-04-16 17:42:16,293 - SplitNNServer - INFO - 19356 - phase=train acc=0.594758064516129 loss=1.191849946975708 epoch=99 and step=30
2026-04-16 17:42:17,776 - SplitNNServer - INFO - 19356 - phase=train acc=0.5977515243902439 loss=1.0559768676757812 epoch=99 and step=40
2026-04-16 17:42:19,317 - SplitNNServer - INFO - 19356 - phase=train acc=0.5946691176470589 loss=1.1242692470550537 epoch=99 and step=50
2026-04-16 17:42:20,892 - SplitNNServer - INFO - 19356 - phase=train acc=0.5940061475409836 loss=1.1996228694915771 epoch=99 and step=60
2026-04-16 17:42:22,470 - SplitNNServer - INFO - 19356 - phase=train acc=0.594850352112676 loss=1.1048495769500732 epoch=99 and step=70
2026-04-16 17:42:23,617 - SplitNNClient - INFO - 21260 - worker_num=5 epoch_send=25554188451 epoch_receive=13099389840 total_send=25554188451 total_receive=13099389840 send_by_category={'OTHER': 8624, 'ACTS': 25542148457, 'MODEL': 12031370} recv_by_category={'OTHER': 2240, 'MODEL': 12664600, 'GRADS': 13086723000} send_by_type={10: 2240, 2: 25542148457, 7: 12031370, 3: 2128, 4: 2128, 6: 2128} recv_by_type={6: 2240, 8: 12664600, 1: 13086723000}
2026-04-16 17:42:26,538 - SplitNNServer - INFO - 19356 - phase=validation acc=0.6586 loss=0.9642731185200848 epoch=99 and step=79
2026-04-16 17:42:26,539 - CommBreakdown - INFO - 19356 - epoch_summary rank=0 node_type=server epoch=99 train_acc=0.596054 train_loss=1.11883 val_acc=0.6586 val_loss=0.964273 raw_acts_bytes=1309671424 quantized_acts_bytes=1309671424 acts_metadata_bytes=0 raw_grads_bytes=654311424 quantized_grads_bytes=654311424 grads_metadata_bytes=0 acts_compression=1 grads_compression=1 total_compression=1 acts_quant_time=0 grads_quant_time=0 send_time=0.530083 recv_time=0.65761 epoch_time=17.3859
2026-04-16 17:42:29,675 - SplitNNServer - INFO - 19356 - phase=train acc=0.6328125 loss=0.976655900478363 epoch=100 and step=0
2026-04-16 17:42:31,038 - SplitNNServer - INFO - 19356 - phase=train acc=0.5923295454545454 loss=1.1057093143463135 epoch=100 and step=10
2026-04-16 17:42:32,305 - SplitNNServer - INFO - 19356 - phase=train acc=0.5885416666666666 loss=1.1931016445159912 epoch=100 and step=20
2026-04-16 17:42:33,582 - SplitNNServer - INFO - 19356 - phase=train acc=0.5882056451612904 loss=1.1968519687652588 epoch=100 and step=30
2026-04-16 17:42:35,046 - SplitNNServer - INFO - 19356 - phase=train acc=0.5945121951219512 loss=1.1097705364227295 epoch=100 and step=40
2026-04-16 17:42:36,565 - SplitNNServer - INFO - 19356 - phase=train acc=0.5943627450980392 loss=1.1091325283050537 epoch=100 and step=50
2026-04-16 17:42:38,081 - SplitNNServer - INFO - 19356 - phase=train acc=0.5996413934426229 loss=1.2216755151748657 epoch=100 and step=60
2026-04-16 17:42:39,620 - SplitNNServer - INFO - 19356 - phase=train acc=0.6002420774647887 loss=1.0383989810943604 epoch=100 and step=70
2026-04-16 17:42:40,668 - SplitNNClient - INFO - 20956 - worker_num=1 epoch_send=26864702692 epoch_receive=13753725990 total_send=26864702692 total_receive=13753725990 send_by_category={'ACTS': 26852029132, 'MODEL': 12664600, 'OTHER': 8960} recv_by_category={'GRADS': 13741059150, 'OTHER': 2240, 'MODEL': 12664600} send_by_type={2: 26852029132, 7: 12664600, 3: 2240, 4: 2240, 6: 2240, 10: 2240} recv_by_type={1: 13741059150, 6: 2240, 8: 12664600}
2026-04-16 17:42:43,586 - SplitNNServer - INFO - 19356 - phase=validation acc=0.6522 loss=1.0078647936446756 epoch=100 and step=79
2026-04-16 17:42:43,586 - CommBreakdown - INFO - 19356 - epoch_summary rank=0 node_type=server epoch=100 train_acc=0.601863 train_loss=1.09764 val_acc=0.6522 val_loss=1.00786 raw_acts_bytes=1309671424 quantized_acts_bytes=1309671424 acts_metadata_bytes=0 raw_grads_bytes=654311424 quantized_grads_bytes=654311424 grads_metadata_bytes=0 acts_compression=1 grads_compression=1 total_compression=1 acts_quant_time=0 grads_quant_time=0 send_time=0.518127 recv_time=0.678904 epoch_time=17.0473
2026-04-16 17:42:46,700 - SplitNNServer - INFO - 19356 - phase=train acc=0.5859375 loss=1.071107268333435 epoch=101 and step=0
2026-04-16 17:42:48,031 - SplitNNServer - INFO - 19356 - phase=train acc=0.6313920454545454 loss=1.1808475255966187 epoch=101 and step=10
2026-04-16 17:42:49,489 - SplitNNServer - INFO - 19356 - phase=train acc=0.625 loss=1.0091557502746582 epoch=101 and step=20
2026-04-16 17:42:50,971 - SplitNNServer - INFO - 19356 - phase=train acc=0.6300403225806451 loss=0.9076554775238037 epoch=101 and step=30
2026-04-16 17:42:52,445 - SplitNNServer - INFO - 19356 - phase=train acc=0.6213795731707317 loss=0.9679217338562012 epoch=101 and step=40
2026-04-16 17:42:53,866 - SplitNNServer - INFO - 19356 - phase=train acc=0.6173406862745098 loss=1.1625449657440186 epoch=101 and step=50
2026-04-16 17:42:55,191 - SplitNNServer - INFO - 19356 - phase=train acc=0.6136014344262295 loss=1.1698944568634033 epoch=101 and step=60
2026-04-16 17:42:56,557 - SplitNNServer - INFO - 19356 - phase=train acc=0.6097051056338029 loss=1.048583984375 epoch=101 and step=70
2026-04-16 17:42:57,729 - SplitNNClient - INFO - 21808 - worker_num=2 epoch_send=26864702804 epoch_receive=13754359332 total_send=26864702804 total_receive=13754359332 send_by_category={'OTHER': 9072, 'ACTS': 26852029132, 'MODEL': 12664600} recv_by_category={'OTHER': 2352, 'MODEL': 13297830, 'GRADS': 13741059150} send_by_type={10: 2352, 2: 26852029132, 7: 12664600, 3: 2240, 4: 2240, 6: 2240} recv_by_type={6: 2352, 8: 13297830, 1: 13741059150}
2026-04-16 17:43:00,533 - SplitNNServer - INFO - 19356 - phase=validation acc=0.6515 loss=0.9946346765832056 epoch=101 and step=79
2026-04-16 17:43:00,534 - CommBreakdown - INFO - 19356 - epoch_summary rank=0 node_type=server epoch=101 train_acc=0.608874 train_loss=1.08492 val_acc=0.6515 val_loss=0.994635 raw_acts_bytes=1309671424 quantized_acts_bytes=1309671424 acts_metadata_bytes=0 raw_grads_bytes=654311424 quantized_grads_bytes=654311424 grads_metadata_bytes=0 acts_compression=1 grads_compression=1 total_compression=1 acts_quant_time=0 grads_quant_time=0 send_time=0.490657 recv_time=0.651622 epoch_time=16.9473
2026-04-16 17:43:03,655 - SplitNNServer - INFO - 19356 - phase=train acc=0.625 loss=1.1694740056991577 epoch=102 and step=0
2026-04-16 17:43:04,968 - SplitNNServer - INFO - 19356 - phase=train acc=0.6136363636363636 loss=1.255558967590332 epoch=102 and step=10
2026-04-16 17:43:06,433 - SplitNNServer - INFO - 19356 - phase=train acc=0.6142113095238095 loss=1.077815055847168 epoch=102 and step=20
2026-04-16 17:43:07,882 - SplitNNServer - INFO - 19356 - phase=train acc=0.6053427419354839 loss=1.0644595623016357 epoch=102 and step=30
2026-04-16 17:43:09,243 - SplitNNServer - INFO - 19356 - phase=train acc=0.6082317073170732 loss=1.0507588386535645 epoch=102 and step=40
2026-04-16 17:43:10,624 - SplitNNServer - INFO - 19356 - phase=train acc=0.6079963235294118 loss=1.0606520175933838 epoch=102 and step=50
2026-04-16 17:43:12,007 - SplitNNServer - INFO - 19356 - phase=train acc=0.6069415983606558 loss=1.11773681640625 epoch=102 and step=60
2026-04-16 17:43:13,497 - SplitNNServer - INFO - 19356 - phase=train acc=0.6059639084507042 loss=0.9548048377037048 epoch=102 and step=70
2026-04-16 17:43:14,450 - SplitNNClient - INFO - 22124 - worker_num=3 epoch_send=26864702804 epoch_receive=13754359332 total_send=26864702804 total_receive=13754359332 send_by_category={'OTHER': 9072, 'ACTS': 26852029132, 'MODEL': 12664600} recv_by_category={'OTHER': 2352, 'MODEL': 13297830, 'GRADS': 13741059150} send_by_type={10: 2352, 2: 26852029132, 7: 12664600, 3: 2240, 4: 2240, 6: 2240} recv_by_type={6: 2352, 8: 13297830, 1: 13741059150}
2026-04-16 17:43:17,291 - SplitNNServer - INFO - 19356 - phase=validation acc=0.6541 loss=0.9866091752354103 epoch=102 and step=79
2026-04-16 17:43:17,291 - CommBreakdown - INFO - 19356 - epoch_summary rank=0 node_type=server epoch=102 train_acc=0.605569 train_loss=1.09564 val_acc=0.6541 val_loss=0.986609 raw_acts_bytes=1309671424 quantized_acts_bytes=1309671424 acts_metadata_bytes=0 raw_grads_bytes=654311424 quantized_grads_bytes=654311424 grads_metadata_bytes=0 acts_compression=1 grads_compression=1 total_compression=1 acts_quant_time=0 grads_quant_time=0 send_time=0.487895 recv_time=0.64925 epoch_time=16.7574
2026-04-16 17:43:20,401 - SplitNNServer - INFO - 19356 - phase=train acc=0.6328125 loss=1.012487530708313 epoch=103 and step=0
2026-04-16 17:43:21,848 - SplitNNServer - INFO - 19356 - phase=train acc=0.6306818181818182 loss=0.9990979433059692 epoch=103 and step=10
2026-04-16 17:43:23,446 - SplitNNServer - INFO - 19356 - phase=train acc=0.6160714285714286 loss=0.8703277111053467 epoch=103 and step=20
2026-04-16 17:43:24,847 - SplitNNServer - INFO - 19356 - phase=train acc=0.6121471774193549 loss=0.966144859790802 epoch=103 and step=30
2026-04-16 17:43:26,241 - SplitNNServer - INFO - 19356 - phase=train acc=0.6107088414634146 loss=1.0003116130828857 epoch=103 and step=40
2026-04-16 17:43:27,703 - SplitNNServer - INFO - 19356 - phase=train acc=0.6099877450980392 loss=0.9376567602157593 epoch=103 and step=50
2026-04-16 17:43:29,179 - SplitNNServer - INFO - 19356 - phase=train acc=0.6109118852459017 loss=1.129565954208374 epoch=103 and step=60
2026-04-16 17:43:30,495 - SplitNNServer - INFO - 19356 - phase=train acc=0.6076144366197183 loss=0.9787327647209167 epoch=103 and step=70
2026-04-16 17:43:31,553 - SplitNNClient - INFO - 19304 - worker_num=4 epoch_send=26864702804 epoch_receive=13754359332 total_send=26864702804 total_receive=13754359332 send_by_category={'OTHER': 9072, 'ACTS': 26852029132, 'MODEL': 12664600} recv_by_category={'OTHER': 2352, 'MODEL': 13297830, 'GRADS': 13741059150} send_by_type={10: 2352, 2: 26852029132, 7: 12664600, 3: 2240, 4: 2240, 6: 2240} recv_by_type={6: 2352, 8: 13297830, 1: 13741059150}
2026-04-16 17:43:34,271 - SplitNNServer - INFO - 19356 - phase=validation acc=0.6447 loss=0.9989249034772946 epoch=103 and step=79
2026-04-16 17:43:34,271 - CommBreakdown - INFO - 19356 - epoch_summary rank=0 node_type=server epoch=103 train_acc=0.608674 train_loss=1.08394 val_acc=0.6447 val_loss=0.998925 raw_acts_bytes=1309671424 quantized_acts_bytes=1309671424 acts_metadata_bytes=0 raw_grads_bytes=654311424 quantized_grads_bytes=654311424 grads_metadata_bytes=0 acts_compression=1 grads_compression=1 total_compression=1 acts_quant_time=0 grads_quant_time=0 send_time=0.483005 recv_time=0.63962 epoch_time=16.9801
2026-04-16 17:43:37,436 - SplitNNServer - INFO - 19356 - phase=train acc=0.546875 loss=1.1724574565887451 epoch=104 and step=0
2026-04-16 17:43:38,743 - SplitNNServer - INFO - 19356 - phase=train acc=0.6107954545454546 loss=0.8923676013946533 epoch=104 and step=10
2026-04-16 17:43:40,024 - SplitNNServer - INFO - 19356 - phase=train acc=0.6138392857142857 loss=0.9853330850601196 epoch=104 and step=20
2026-04-16 17:43:41,311 - SplitNNServer - INFO - 19356 - phase=train acc=0.6078629032258065 loss=1.0306239128112793 epoch=104 and step=30
2026-04-16 17:43:42,738 - SplitNNServer - INFO - 19356 - phase=train acc=0.6055640243902439 loss=1.1451537609100342 epoch=104 and step=40
2026-04-16 17:43:44,287 - SplitNNServer - INFO - 19356 - phase=train acc=0.6073835784313726 loss=1.2655303478240967 epoch=104 and step=50
2026-04-16 17:43:45,780 - SplitNNServer - INFO - 19356 - phase=train acc=0.6074538934426229 loss=0.9430575966835022 epoch=104 and step=60
2026-04-16 17:43:47,229 - SplitNNServer - INFO - 19356 - phase=train acc=0.6078345070422535 loss=0.9654991626739502 epoch=104 and step=70
2026-04-16 17:43:48,225 - SplitNNClient - INFO - 21260 - worker_num=5 epoch_send=26864702804 epoch_receive=13754359332 total_send=26864702804 total_receive=13754359332 send_by_category={'OTHER': 9072, 'ACTS': 26852029132, 'MODEL': 12664600} recv_by_category={'OTHER': 2352, 'MODEL': 13297830, 'GRADS': 13741059150} send_by_type={10: 2352, 2: 26852029132, 7: 12664600, 3: 2240, 4: 2240, 6: 2240} recv_by_type={6: 2352, 8: 13297830, 1: 13741059150}
2026-04-16 17:43:51,062 - SplitNNServer - INFO - 19356 - phase=validation acc=0.6596 loss=0.9686799132371251 epoch=104 and step=79
2026-04-16 17:43:51,062 - CommBreakdown - INFO - 19356 - epoch_summary rank=0 node_type=server epoch=104 train_acc=0.609275 train_loss=1.08389 val_acc=0.6596 val_loss=0.96868 raw_acts_bytes=1309671424 quantized_acts_bytes=1309671424 acts_metadata_bytes=0 raw_grads_bytes=654311424 quantized_grads_bytes=654311424 grads_metadata_bytes=0 acts_compression=1 grads_compression=1 total_compression=1 acts_quant_time=0 grads_quant_time=0 send_time=0.542708 recv_time=0.648257 epoch_time=16.7913
2026-04-16 17:43:54,186 - SplitNNServer - INFO - 19356 - phase=train acc=0.6953125 loss=0.9234055280685425 epoch=105 and step=0
2026-04-16 17:43:55,625 - SplitNNServer - INFO - 19356 - phase=train acc=0.6285511363636364 loss=0.9845038056373596 epoch=105 and step=10
2026-04-16 17:43:57,157 - SplitNNServer - INFO - 19356 - phase=train acc=0.6276041666666666 loss=0.844456136226654 epoch=105 and step=20
2026-04-16 17:43:58,569 - SplitNNServer - INFO - 19356 - phase=train acc=0.626008064516129 loss=1.036120057106018 epoch=105 and step=30
2026-04-16 17:44:00,056 - SplitNNServer - INFO - 19356 - phase=train acc=0.6272865853658537 loss=0.9829835295677185 epoch=105 and step=40
2026-04-16 17:44:01,401 - SplitNNServer - INFO - 19356 - phase=train acc=0.6220894607843137 loss=1.2445714473724365 epoch=105 and step=50
2026-04-16 17:44:02,819 - SplitNNServer - INFO - 19356 - phase=train acc=0.6207735655737705 loss=1.1238296031951904 epoch=105 and step=60
2026-04-16 17:44:04,176 - SplitNNServer - INFO - 19356 - phase=train acc=0.6185079225352113 loss=1.2032769918441772 epoch=105 and step=70
2026-04-16 17:44:05,265 - SplitNNClient - INFO - 20956 - worker_num=1 epoch_send=28175217045 epoch_receive=14408695482 total_send=28175217045 total_receive=14408695482 send_by_category={'ACTS': 28161909807, 'MODEL': 13297830, 'OTHER': 9408} recv_by_category={'GRADS': 14395395300, 'OTHER': 2352, 'MODEL': 13297830} send_by_type={2: 28161909807, 7: 13297830, 3: 2352, 4: 2352, 6: 2352, 10: 2352} recv_by_type={1: 14395395300, 6: 2352, 8: 13297830}
2026-04-16 17:44:08,181 - SplitNNServer - INFO - 19356 - phase=validation acc=0.6671 loss=0.9526319043545783 epoch=105 and step=79
2026-04-16 17:44:08,181 - CommBreakdown - INFO - 19356 - epoch_summary rank=0 node_type=server epoch=105 train_acc=0.61879 train_loss=1.05871 val_acc=0.6671 val_loss=0.952632 raw_acts_bytes=1309671424 quantized_acts_bytes=1309671424 acts_metadata_bytes=0 raw_grads_bytes=654311424 quantized_grads_bytes=654311424 grads_metadata_bytes=0 acts_compression=1 grads_compression=1 total_compression=1 acts_quant_time=0 grads_quant_time=0 send_time=0.538025 recv_time=0.668813 epoch_time=17.118
2026-04-16 17:44:11,285 - SplitNNServer - INFO - 19356 - phase=train acc=0.578125 loss=1.208413004875183 epoch=106 and step=0
2026-04-16 17:44:12,788 - SplitNNServer - INFO - 19356 - phase=train acc=0.6136363636363636 loss=1.2195340394973755 epoch=106 and step=10
2026-04-16 17:44:14,357 - SplitNNServer - INFO - 19356 - phase=train acc=0.6183035714285714 loss=0.8334553241729736 epoch=106 and step=20
2026-04-16 17:44:15,772 - SplitNNServer - INFO - 19356 - phase=train acc=0.6176915322580645 loss=1.0463849306106567 epoch=106 and step=30
2026-04-16 17:44:17,330 - SplitNNServer - INFO - 19356 - phase=train acc=0.6156631097560976 loss=1.165130376815796 epoch=106 and step=40
2026-04-16 17:44:18,750 - SplitNNServer - INFO - 19356 - phase=train acc=0.6148897058823529 loss=1.0762661695480347 epoch=106 and step=50
2026-04-16 17:44:20,017 - SplitNNServer - INFO - 19356 - phase=train acc=0.6182120901639344 loss=1.060062050819397 epoch=106 and step=60
2026-04-16 17:44:21,544 - SplitNNServer - INFO - 19356 - phase=train acc=0.6171875 loss=1.0009981393814087 epoch=106 and step=70
2026-04-16 17:44:22,619 - SplitNNClient - INFO - 21808 - worker_num=2 epoch_send=28175217157 epoch_receive=14409328824 total_send=28175217157 total_receive=14409328824 send_by_category={'OTHER': 9520, 'ACTS': 28161909807, 'MODEL': 13297830} recv_by_category={'OTHER': 2464, 'MODEL': 13931060, 'GRADS': 14395395300} send_by_type={10: 2464, 2: 28161909807, 7: 13297830, 3: 2352, 4: 2352, 6: 2352} recv_by_type={6: 2464, 8: 13931060, 1: 14395395300}
2026-04-16 17:44:25,588 - SplitNNServer - INFO - 19356 - phase=validation acc=0.6655 loss=0.9622164874137202 epoch=106 and step=79
2026-04-16 17:44:25,588 - CommBreakdown - INFO - 19356 - epoch_summary rank=0 node_type=server epoch=106 train_acc=0.616687 train_loss=1.07385 val_acc=0.6655 val_loss=0.962216 raw_acts_bytes=1309671424 quantized_acts_bytes=1309671424 acts_metadata_bytes=0 raw_grads_bytes=654311424 quantized_grads_bytes=654311424 grads_metadata_bytes=0 acts_compression=1 grads_compression=1 total_compression=1 acts_quant_time=0 grads_quant_time=0 send_time=0.512916 recv_time=0.662539 epoch_time=17.407
2026-04-16 17:44:28,719 - SplitNNServer - INFO - 19356 - phase=train acc=0.640625 loss=1.041115164756775 epoch=107 and step=0
2026-04-16 17:44:30,181 - SplitNNServer - INFO - 19356 - phase=train acc=0.6178977272727273 loss=1.034684419631958 epoch=107 and step=10
2026-04-16 17:44:31,565 - SplitNNServer - INFO - 19356 - phase=train acc=0.6097470238095238 loss=1.1599907875061035 epoch=107 and step=20
2026-04-16 17:44:33,016 - SplitNNServer - INFO - 19356 - phase=train acc=0.6176915322580645 loss=1.0038623809814453 epoch=107 and step=30
2026-04-16 17:44:34,487 - SplitNNServer - INFO - 19356 - phase=train acc=0.6149009146341463 loss=1.0269887447357178 epoch=107 and step=40
2026-04-16 17:44:35,834 - SplitNNServer - INFO - 19356 - phase=train acc=0.6136642156862745 loss=1.0641642808914185 epoch=107 and step=50
2026-04-16 17:44:37,370 - SplitNNServer - INFO - 19356 - phase=train acc=0.6155225409836066 loss=1.2499979734420776 epoch=107 and step=60
2026-04-16 17:44:38,927 - SplitNNServer - INFO - 19356 - phase=train acc=0.6143265845070423 loss=1.1869217157363892 epoch=107 and step=70
2026-04-16 17:44:40,102 - SplitNNClient - INFO - 22124 - worker_num=3 epoch_send=28175217157 epoch_receive=14409328824 total_send=28175217157 total_receive=14409328824 send_by_category={'OTHER': 9520, 'ACTS': 28161909807, 'MODEL': 13297830} recv_by_category={'OTHER': 2464, 'MODEL': 13931060, 'GRADS': 14395395300} send_by_type={10: 2464, 2: 28161909807, 7: 13297830, 3: 2352, 4: 2352, 6: 2352} recv_by_type={6: 2464, 8: 13931060, 1: 14395395300}
2026-04-16 17:44:43,108 - SplitNNServer - INFO - 19356 - phase=validation acc=0.6715 loss=0.944680059257942 epoch=107 and step=79
2026-04-16 17:44:43,108 - CommBreakdown - INFO - 19356 - epoch_summary rank=0 node_type=server epoch=107 train_acc=0.613381 train_loss=1.07706 val_acc=0.6715 val_loss=0.94468 raw_acts_bytes=1309671424 quantized_acts_bytes=1309671424 acts_metadata_bytes=0 raw_grads_bytes=654311424 quantized_grads_bytes=654311424 grads_metadata_bytes=0 acts_compression=1 grads_compression=1 total_compression=1 acts_quant_time=0 grads_quant_time=0 send_time=0.536744 recv_time=0.787427 epoch_time=17.5191
2026-04-16 17:44:46,230 - SplitNNServer - INFO - 19356 - phase=train acc=0.6171875 loss=1.1172590255737305 epoch=108 and step=0
2026-04-16 17:44:47,815 - SplitNNServer - INFO - 19356 - phase=train acc=0.6171875 loss=1.0260282754898071 epoch=108 and step=10
2026-04-16 17:44:49,261 - SplitNNServer - INFO - 19356 - phase=train acc=0.6164434523809523 loss=1.034109115600586 epoch=108 and step=20
2026-04-16 17:44:50,795 - SplitNNServer - INFO - 19356 - phase=train acc=0.6204637096774194 loss=0.9348608255386353 epoch=108 and step=30
2026-04-16 17:44:52,077 - SplitNNServer - INFO - 19356 - phase=train acc=0.6198551829268293 loss=0.9750027656555176 epoch=108 and step=40
2026-04-16 17:44:53,536 - SplitNNServer - INFO - 19356 - phase=train acc=0.6216299019607843 loss=1.0133240222930908 epoch=108 and step=50
2026-04-16 17:44:54,896 - SplitNNServer - INFO - 19356 - phase=train acc=0.6205174180327869 loss=1.0533404350280762 epoch=108 and step=60
2026-04-16 17:44:56,329 - SplitNNServer - INFO - 19356 - phase=train acc=0.6163072183098591 loss=1.1530201435089111 epoch=108 and step=70
2026-04-16 17:44:57,420 - SplitNNClient - INFO - 19304 - worker_num=4 epoch_send=28175217157 epoch_receive=14409328824 total_send=28175217157 total_receive=14409328824 send_by_category={'OTHER': 9520, 'ACTS': 28161909807, 'MODEL': 13297830} recv_by_category={'OTHER': 2464, 'MODEL': 13931060, 'GRADS': 14395395300} send_by_type={10: 2464, 2: 28161909807, 7: 13297830, 3: 2352, 4: 2352, 6: 2352} recv_by_type={6: 2464, 8: 13931060, 1: 14395395300}
2026-04-16 17:45:00,254 - SplitNNServer - INFO - 19356 - phase=validation acc=0.6549 loss=0.9934283630757392 epoch=108 and step=79
2026-04-16 17:45:00,254 - CommBreakdown - INFO - 19356 - epoch_summary rank=0 node_type=server epoch=108 train_acc=0.615485 train_loss=1.05873 val_acc=0.6549 val_loss=0.993428 raw_acts_bytes=1309671424 quantized_acts_bytes=1309671424 acts_metadata_bytes=0 raw_grads_bytes=654311424 quantized_grads_bytes=654311424 grads_metadata_bytes=0 acts_compression=1 grads_compression=1 total_compression=1 acts_quant_time=0 grads_quant_time=0 send_time=0.532108 recv_time=0.686604 epoch_time=17.146
2026-04-16 17:45:03,424 - SplitNNServer - INFO - 19356 - phase=train acc=0.640625 loss=0.9068087935447693 epoch=109 and step=0
2026-04-16 17:45:04,818 - SplitNNServer - INFO - 19356 - phase=train acc=0.6200284090909091 loss=1.0306496620178223 epoch=109 and step=10
2026-04-16 17:45:06,198 - SplitNNServer - INFO - 19356 - phase=train acc=0.6183035714285714 loss=0.9782817959785461 epoch=109 and step=20
2026-04-16 17:45:07,787 - SplitNNServer - INFO - 19356 - phase=train acc=0.6224798387096774 loss=1.2510850429534912 epoch=109 and step=30
2026-04-16 17:45:09,212 - SplitNNServer - INFO - 19356 - phase=train acc=0.6211890243902439 loss=1.1041271686553955 epoch=109 and step=40
2026-04-16 17:45:10,517 - SplitNNServer - INFO - 19356 - phase=train acc=0.6191789215686274 loss=1.0488178730010986 epoch=109 and step=50
2026-04-16 17:45:11,989 - SplitNNServer - INFO - 19356 - phase=train acc=0.6150102459016393 loss=1.1238088607788086 epoch=109 and step=60
2026-04-16 17:45:13,261 - SplitNNServer - INFO - 19356 - phase=train acc=0.6142165492957746 loss=1.179882526397705 epoch=109 and step=70
2026-04-16 17:45:14,360 - SplitNNClient - INFO - 21260 - worker_num=5 epoch_send=28175217157 epoch_receive=14409328824 total_send=28175217157 total_receive=14409328824 send_by_category={'OTHER': 9520, 'ACTS': 28161909807, 'MODEL': 13297830} recv_by_category={'OTHER': 2464, 'MODEL': 13931060, 'GRADS': 14395395300} send_by_type={10: 2464, 2: 28161909807, 7: 13297830, 3: 2352, 4: 2352, 6: 2352} recv_by_type={6: 2464, 8: 13931060, 1: 14395395300}
2026-04-16 17:45:17,253 - SplitNNServer - INFO - 19356 - phase=validation acc=0.6679 loss=0.9478927963896643 epoch=109 and step=79
2026-04-16 17:45:17,254 - CommBreakdown - INFO - 19356 - epoch_summary rank=0 node_type=server epoch=109 train_acc=0.614884 train_loss=1.06328 val_acc=0.6679 val_loss=0.947893 raw_acts_bytes=1309671424 quantized_acts_bytes=1309671424 acts_metadata_bytes=0 raw_grads_bytes=654311424 quantized_grads_bytes=654311424 grads_metadata_bytes=0 acts_compression=1 grads_compression=1 total_compression=1 acts_quant_time=0 grads_quant_time=0 send_time=0.532861 recv_time=0.682374 epoch_time=16.9996
2026-04-16 17:45:20,394 - SplitNNServer - INFO - 19356 - phase=train acc=0.671875 loss=1.0128268003463745 epoch=110 and step=0
2026-04-16 17:45:21,881 - SplitNNServer - INFO - 19356 - phase=train acc=0.6335227272727273 loss=0.9391432404518127 epoch=110 and step=10
2026-04-16 17:45:23,247 - SplitNNServer - INFO - 19356 - phase=train acc=0.6354166666666666 loss=1.2072594165802002 epoch=110 and step=20
2026-04-16 17:45:24,652 - SplitNNServer - INFO - 19356 - phase=train acc=0.6285282258064516 loss=1.2635407447814941 epoch=110 and step=30
2026-04-16 17:45:26,233 - SplitNNServer - INFO - 19356 - phase=train acc=0.6324314024390244 loss=1.1293771266937256 epoch=110 and step=40
2026-04-16 17:45:27,631 - SplitNNServer - INFO - 19356 - phase=train acc=0.6269914215686274 loss=1.0154231786727905 epoch=110 and step=50
2026-04-16 17:45:28,915 - SplitNNServer - INFO - 19356 - phase=train acc=0.6264088114754098 loss=1.0414245128631592 epoch=110 and step=60
2026-04-16 17:45:30,195 - SplitNNServer - INFO - 19356 - phase=train acc=0.6272007042253521 loss=1.1177334785461426 epoch=110 and step=70
2026-04-16 17:45:31,257 - SplitNNClient - INFO - 20956 - worker_num=1 epoch_send=29485731398 epoch_receive=15063664974 total_send=29485731398 total_receive=15063664974 send_by_category={'ACTS': 29471790482, 'MODEL': 13931060, 'OTHER': 9856} recv_by_category={'GRADS': 15049731450, 'OTHER': 2464, 'MODEL': 13931060} send_by_type={2: 29471790482, 7: 13931060, 3: 2464, 4: 2464, 6: 2464, 10: 2464} recv_by_type={1: 15049731450, 6: 2464, 8: 13931060}
2026-04-16 17:45:34,141 - SplitNNServer - INFO - 19356 - phase=validation acc=0.6686 loss=0.937210885784294 epoch=110 and step=79
2026-04-16 17:45:34,141 - CommBreakdown - INFO - 19356 - epoch_summary rank=0 node_type=server epoch=110 train_acc=0.625701 train_loss=1.05071 val_acc=0.6686 val_loss=0.937211 raw_acts_bytes=1309671424 quantized_acts_bytes=1309671424 acts_metadata_bytes=0 raw_grads_bytes=654311424 quantized_grads_bytes=654311424 grads_metadata_bytes=0 acts_compression=1 grads_compression=1 total_compression=1 acts_quant_time=0 grads_quant_time=0 send_time=0.547426 recv_time=0.683927 epoch_time=16.8869
2026-04-16 17:45:37,296 - SplitNNServer - INFO - 19356 - phase=train acc=0.5625 loss=1.0991826057434082 epoch=111 and step=0
2026-04-16 17:45:38,655 - SplitNNServer - INFO - 19356 - phase=train acc=0.6214488636363636 loss=1.0872689485549927 epoch=111 and step=10
2026-04-16 17:45:40,005 - SplitNNServer - INFO - 19356 - phase=train acc=0.6287202380952381 loss=0.9807896614074707 epoch=111 and step=20
2026-04-16 17:45:41,286 - SplitNNServer - INFO - 19356 - phase=train acc=0.6224798387096774 loss=1.0621678829193115 epoch=111 and step=30
2026-04-16 17:45:42,853 - SplitNNServer - INFO - 19356 - phase=train acc=0.6217606707317073 loss=1.0796277523040771 epoch=111 and step=40
2026-04-16 17:45:44,374 - SplitNNServer - INFO - 19356 - phase=train acc=0.6271446078431373 loss=0.9108486175537109 epoch=111 and step=50
2026-04-16 17:45:45,783 - SplitNNServer - INFO - 19356 - phase=train acc=0.6266649590163934 loss=1.2660183906555176 epoch=111 and step=60
2026-04-16 17:45:47,364 - SplitNNServer - INFO - 19356 - phase=train acc=0.6300616197183099 loss=0.8593415021896362 epoch=111 and step=70
2026-04-16 17:45:48,485 - SplitNNClient - INFO - 21808 - worker_num=2 epoch_send=29485731510 epoch_receive=15064298316 total_send=29485731510 total_receive=15064298316 send_by_category={'OTHER': 9968, 'ACTS': 29471790482, 'MODEL': 13931060} recv_by_category={'OTHER': 2576, 'MODEL': 14564290, 'GRADS': 15049731450} send_by_type={10: 2576, 2: 29471790482, 7: 13931060, 3: 2464, 4: 2464, 6: 2464} recv_by_type={6: 2576, 8: 14564290, 1: 15049731450}
2026-04-16 17:45:51,345 - SplitNNServer - INFO - 19356 - phase=validation acc=0.6578 loss=0.9859731461428389 epoch=111 and step=79
2026-04-16 17:45:51,346 - CommBreakdown - INFO - 19356 - epoch_summary rank=0 node_type=server epoch=111 train_acc=0.628906 train_loss=1.04413 val_acc=0.6578 val_loss=0.985973 raw_acts_bytes=1309671424 quantized_acts_bytes=1309671424 acts_metadata_bytes=0 raw_grads_bytes=654311424 quantized_grads_bytes=654311424 grads_metadata_bytes=0 acts_compression=1 grads_compression=1 total_compression=1 acts_quant_time=0 grads_quant_time=0 send_time=0.50733 recv_time=0.662935 epoch_time=17.2042
2026-04-16 17:45:54,477 - SplitNNServer - INFO - 19356 - phase=train acc=0.6484375 loss=1.1561957597732544 epoch=112 and step=0
2026-04-16 17:45:55,850 - SplitNNServer - INFO - 19356 - phase=train acc=0.6242897727272727 loss=1.1267539262771606 epoch=112 and step=10
2026-04-16 17:45:57,218 - SplitNNServer - INFO - 19356 - phase=train acc=0.6082589285714286 loss=1.2186113595962524 epoch=112 and step=20
2026-04-16 17:45:58,486 - SplitNNServer - INFO - 19356 - phase=train acc=0.6111391129032258 loss=1.1519707441329956 epoch=112 and step=30
2026-04-16 17:45:59,834 - SplitNNServer - INFO - 19356 - phase=train acc=0.6072789634146342 loss=1.2079579830169678 epoch=112 and step=40
2026-04-16 17:46:01,304 - SplitNNServer - INFO - 19356 - phase=train acc=0.6083026960784313 loss=1.1757729053497314 epoch=112 and step=50
2026-04-16 17:46:02,700 - SplitNNServer - INFO - 19356 - phase=train acc=0.6132172131147541 loss=0.8802187442779541 epoch=112 and step=60
2026-04-16 17:46:04,159 - SplitNNServer - INFO - 19356 - phase=train acc=0.6149867957746479 loss=1.2218618392944336 epoch=112 and step=70
2026-04-16 17:46:05,313 - SplitNNClient - INFO - 22124 - worker_num=3 epoch_send=29485731510 epoch_receive=15064298316 total_send=29485731510 total_receive=15064298316 send_by_category={'OTHER': 9968, 'ACTS': 29471790482, 'MODEL': 13931060} recv_by_category={'OTHER': 2576, 'MODEL': 14564290, 'GRADS': 15049731450} send_by_type={10: 2576, 2: 29471790482, 7: 13931060, 3: 2464, 4: 2464, 6: 2464} recv_by_type={6: 2576, 8: 14564290, 1: 15049731450}
2026-04-16 17:46:08,128 - SplitNNServer - INFO - 19356 - phase=validation acc=0.6615 loss=0.9637702831739112 epoch=112 and step=79
2026-04-16 17:46:08,128 - CommBreakdown - INFO - 19356 - epoch_summary rank=0 node_type=server epoch=112 train_acc=0.615585 train_loss=1.05803 val_acc=0.6615 val_loss=0.96377 raw_acts_bytes=1309671424 quantized_acts_bytes=1309671424 acts_metadata_bytes=0 raw_grads_bytes=654311424 quantized_grads_bytes=654311424 grads_metadata_bytes=0 acts_compression=1 grads_compression=1 total_compression=1 acts_quant_time=0 grads_quant_time=0 send_time=0.530043 recv_time=0.651901 epoch_time=16.7823
2026-04-16 17:46:11,272 - SplitNNServer - INFO - 19356 - phase=train acc=0.5703125 loss=1.1612274646759033 epoch=113 and step=0
2026-04-16 17:46:12,626 - SplitNNServer - INFO - 19356 - phase=train acc=0.6285511363636364 loss=0.844385027885437 epoch=113 and step=10
2026-04-16 17:46:13,904 - SplitNNServer - INFO - 19356 - phase=train acc=0.6160714285714286 loss=1.1030066013336182 epoch=113 and step=20
2026-04-16 17:46:15,482 - SplitNNServer - INFO - 19356 - phase=train acc=0.6265120967741935 loss=1.119990587234497 epoch=113 and step=30
2026-04-16 17:46:16,918 - SplitNNServer - INFO - 19356 - phase=train acc=0.6251905487804879 loss=1.1128888130187988 epoch=113 and step=40
2026-04-16 17:46:18,347 - SplitNNServer - INFO - 19356 - phase=train acc=0.6251531862745098 loss=1.0484585762023926 epoch=113 and step=50
2026-04-16 17:46:19,751 - SplitNNServer - INFO - 19356 - phase=train acc=0.6296106557377049 loss=0.9782810211181641 epoch=113 and step=60
2026-04-16 17:46:21,149 - SplitNNServer - INFO - 19356 - phase=train acc=0.6246698943661971 loss=1.2189218997955322 epoch=113 and step=70
2026-04-16 17:46:22,141 - SplitNNClient - INFO - 19304 - worker_num=4 epoch_send=29485731510 epoch_receive=15064298316 total_send=29485731510 total_receive=15064298316 send_by_category={'OTHER': 9968, 'ACTS': 29471790482, 'MODEL': 13931060} recv_by_category={'OTHER': 2576, 'MODEL': 14564290, 'GRADS': 15049731450} send_by_type={10: 2576, 2: 29471790482, 7: 13931060, 3: 2464, 4: 2464, 6: 2464} recv_by_type={6: 2576, 8: 14564290, 1: 15049731450}
2026-04-16 17:46:25,048 - SplitNNServer - INFO - 19356 - phase=validation acc=0.6752 loss=0.9263155399998532 epoch=113 and step=79
2026-04-16 17:46:25,049 - CommBreakdown - INFO - 19356 - epoch_summary rank=0 node_type=server epoch=113 train_acc=0.625 train_loss=1.05482 val_acc=0.6752 val_loss=0.926316 raw_acts_bytes=1309671424 quantized_acts_bytes=1309671424 acts_metadata_bytes=0 raw_grads_bytes=654311424 quantized_grads_bytes=654311424 grads_metadata_bytes=0 acts_compression=1 grads_compression=1 total_compression=1 acts_quant_time=0 grads_quant_time=0 send_time=0.491383 recv_time=0.66335 epoch_time=16.9203
2026-04-16 17:46:28,159 - SplitNNServer - INFO - 19356 - phase=train acc=0.625 loss=0.9966051578521729 epoch=114 and step=0
2026-04-16 17:46:29,703 - SplitNNServer - INFO - 19356 - phase=train acc=0.6342329545454546 loss=1.0593855381011963 epoch=114 and step=10
2026-04-16 17:46:31,034 - SplitNNServer - INFO - 19356 - phase=train acc=0.6298363095238095 loss=1.0307278633117676 epoch=114 and step=20
2026-04-16 17:46:32,344 - SplitNNServer - INFO - 19356 - phase=train acc=0.626008064516129 loss=0.9097548127174377 epoch=114 and step=30
2026-04-16 17:46:33,853 - SplitNNServer - INFO - 19356 - phase=train acc=0.6286204268292683 loss=1.019290566444397 epoch=114 and step=40
2026-04-16 17:46:35,426 - SplitNNServer - INFO - 19356 - phase=train acc=0.6279105392156863 loss=0.9919993281364441 epoch=114 and step=50
2026-04-16 17:46:36,878 - SplitNNServer - INFO - 19356 - phase=train acc=0.6273053278688525 loss=0.8964436054229736 epoch=114 and step=60
2026-04-16 17:46:38,454 - SplitNNServer - INFO - 19356 - phase=train acc=0.6273107394366197 loss=1.0421247482299805 epoch=114 and step=70
2026-04-16 17:46:39,637 - SplitNNClient - INFO - 21260 - worker_num=5 epoch_send=29485731510 epoch_receive=15064298316 total_send=29485731510 total_receive=15064298316 send_by_category={'OTHER': 9968, 'ACTS': 29471790482, 'MODEL': 13931060} recv_by_category={'OTHER': 2576, 'MODEL': 14564290, 'GRADS': 15049731450} send_by_type={10: 2576, 2: 29471790482, 7: 13931060, 3: 2464, 4: 2464, 6: 2464} recv_by_type={6: 2576, 8: 14564290, 1: 15049731450}
2026-04-16 17:46:42,503 - SplitNNServer - INFO - 19356 - phase=validation acc=0.67 loss=0.9283407888834989 epoch=114 and step=79
2026-04-16 17:46:42,503 - CommBreakdown - INFO - 19356 - epoch_summary rank=0 node_type=server epoch=114 train_acc=0.627604 train_loss=1.04638 val_acc=0.67 val_loss=0.928341 raw_acts_bytes=1309671424 quantized_acts_bytes=1309671424 acts_metadata_bytes=0 raw_grads_bytes=654311424 quantized_grads_bytes=654311424 grads_metadata_bytes=0 acts_compression=1 grads_compression=1 total_compression=1 acts_quant_time=0 grads_quant_time=0 send_time=0.531669 recv_time=0.65764 epoch_time=17.4545
2026-04-16 17:46:45,620 - SplitNNServer - INFO - 19356 - phase=train acc=0.5703125 loss=1.1796941757202148 epoch=115 and step=0
2026-04-16 17:46:47,117 - SplitNNServer - INFO - 19356 - phase=train acc=0.6228693181818182 loss=1.0707039833068848 epoch=115 and step=10
2026-04-16 17:46:48,689 - SplitNNServer - INFO - 19356 - phase=train acc=0.6235119047619048 loss=1.2043488025665283 epoch=115 and step=20
2026-04-16 17:46:50,200 - SplitNNServer - INFO - 19356 - phase=train acc=0.6204637096774194 loss=1.1147202253341675 epoch=115 and step=30
2026-04-16 17:46:51,486 - SplitNNServer - INFO - 19356 - phase=train acc=0.6211890243902439 loss=0.8605049252510071 epoch=115 and step=40
2026-04-16 17:46:52,771 - SplitNNServer - INFO - 19356 - phase=train acc=0.6227022058823529 loss=0.9913607239723206 epoch=115 and step=50
2026-04-16 17:46:54,067 - SplitNNServer - INFO - 19356 - phase=train acc=0.6265368852459017 loss=0.9485013484954834 epoch=115 and step=60
2026-04-16 17:46:55,418 - SplitNNServer - INFO - 19356 - phase=train acc=0.6259903169014085 loss=1.090174674987793 epoch=115 and step=70
2026-04-16 17:46:56,451 - SplitNNClient - INFO - 20956 - worker_num=1 epoch_send=30796245751 epoch_receive=15718634466 total_send=30796245751 total_receive=15718634466 send_by_category={'ACTS': 30781671157, 'MODEL': 14564290, 'OTHER': 10304} recv_by_category={'GRADS': 15704067600, 'OTHER': 2576, 'MODEL': 14564290} send_by_type={2: 30781671157, 7: 14564290, 3: 2576, 4: 2576, 6: 2576, 10: 2576} recv_by_type={1: 15704067600, 6: 2576, 8: 14564290}
2026-04-16 17:46:59,349 - SplitNNServer - INFO - 19356 - phase=validation acc=0.675 loss=0.9253361277942416 epoch=115 and step=79
2026-04-16 17:46:59,349 - CommBreakdown - INFO - 19356 - epoch_summary rank=0 node_type=server epoch=115 train_acc=0.627804 train_loss=1.03376 val_acc=0.675 val_loss=0.925336 raw_acts_bytes=1309671424 quantized_acts_bytes=1309671424 acts_metadata_bytes=0 raw_grads_bytes=654311424 quantized_grads_bytes=654311424 grads_metadata_bytes=0 acts_compression=1 grads_compression=1 total_compression=1 acts_quant_time=0 grads_quant_time=0 send_time=0.501338 recv_time=0.686395 epoch_time=16.8452
2026-04-16 17:47:02,488 - SplitNNServer - INFO - 19356 - phase=train acc=0.5625 loss=1.0967769622802734 epoch=116 and step=0
2026-04-16 17:47:03,813 - SplitNNServer - INFO - 19356 - phase=train acc=0.6072443181818182 loss=1.1102042198181152 epoch=116 and step=10
2026-04-16 17:47:05,082 - SplitNNServer - INFO - 19356 - phase=train acc=0.6175595238095238 loss=1.3715195655822754 epoch=116 and step=20
2026-04-16 17:47:06,372 - SplitNNServer - INFO - 19356 - phase=train acc=0.6267641129032258 loss=1.2339980602264404 epoch=116 and step=30
2026-04-16 17:47:07,869 - SplitNNServer - INFO - 19356 - phase=train acc=0.6248094512195121 loss=1.2776528596878052 epoch=116 and step=40
2026-04-16 17:47:09,148 - SplitNNServer - INFO - 19356 - phase=train acc=0.6271446078431373 loss=1.0919264554977417 epoch=116 and step=50
2026-04-16 17:47:10,478 - SplitNNServer - INFO - 19356 - phase=train acc=0.6265368852459017 loss=1.0398061275482178 epoch=116 and step=60
2026-04-16 17:47:11,917 - SplitNNServer - INFO - 19356 - phase=train acc=0.6302816901408451 loss=0.9318729639053345 epoch=116 and step=70
2026-04-16 17:47:13,031 - SplitNNClient - INFO - 21808 - worker_num=2 epoch_send=30796245863 epoch_receive=15719267808 total_send=30796245863 total_receive=15719267808 send_by_category={'OTHER': 10416, 'ACTS': 30781671157, 'MODEL': 14564290} recv_by_category={'OTHER': 2688, 'MODEL': 15197520, 'GRADS': 15704067600} send_by_type={10: 2688, 2: 30781671157, 7: 14564290, 3: 2576, 4: 2576, 6: 2576} recv_by_type={6: 2688, 8: 15197520, 1: 15704067600}
2026-04-16 17:47:15,870 - SplitNNServer - INFO - 19356 - phase=validation acc=0.6818 loss=0.9044033417218849 epoch=116 and step=79
2026-04-16 17:47:15,870 - CommBreakdown - INFO - 19356 - epoch_summary rank=0 node_type=server epoch=116 train_acc=0.629107 train_loss=1.02497 val_acc=0.6818 val_loss=0.904403 raw_acts_bytes=1309671424 quantized_acts_bytes=1309671424 acts_metadata_bytes=0 raw_grads_bytes=654311424 quantized_grads_bytes=654311424 grads_metadata_bytes=0 acts_compression=1 grads_compression=1 total_compression=1 acts_quant_time=0 grads_quant_time=0 send_time=0.521021 recv_time=0.641994 epoch_time=16.5211
2026-04-16 17:47:19,033 - SplitNNServer - INFO - 19356 - phase=train acc=0.6875 loss=0.9082385301589966 epoch=117 and step=0
2026-04-16 17:47:20,416 - SplitNNServer - INFO - 19356 - phase=train acc=0.6413352272727273 loss=1.0888972282409668 epoch=117 and step=10
2026-04-16 17:47:21,785 - SplitNNServer - INFO - 19356 - phase=train acc=0.6298363095238095 loss=1.3392709493637085 epoch=117 and step=20
2026-04-16 17:47:23,162 - SplitNNServer - INFO - 19356 - phase=train acc=0.6310483870967742 loss=1.1469275951385498 epoch=117 and step=30
2026-04-16 17:47:24,447 - SplitNNServer - INFO - 19356 - phase=train acc=0.6284298780487805 loss=1.0369774103164673 epoch=117 and step=40
2026-04-16 17:47:25,935 - SplitNNServer - INFO - 19356 - phase=train acc=0.6230085784313726 loss=1.2905447483062744 epoch=117 and step=50
2026-04-16 17:47:27,467 - SplitNNServer - INFO - 19356 - phase=train acc=0.6198770491803278 loss=0.9964104890823364 epoch=117 and step=60
2026-04-16 17:47:28,840 - SplitNNServer - INFO - 19356 - phase=train acc=0.6205985915492958 loss=0.9458621740341187 epoch=117 and step=70
2026-04-16 17:47:29,893 - SplitNNClient - INFO - 22124 - worker_num=3 epoch_send=30796245863 epoch_receive=15719267808 total_send=30796245863 total_receive=15719267808 send_by_category={'OTHER': 10416, 'ACTS': 30781671157, 'MODEL': 14564290} recv_by_category={'OTHER': 2688, 'MODEL': 15197520, 'GRADS': 15704067600} send_by_type={10: 2688, 2: 30781671157, 7: 14564290, 3: 2576, 4: 2576, 6: 2576} recv_by_type={6: 2688, 8: 15197520, 1: 15704067600}
2026-04-16 17:47:32,752 - SplitNNServer - INFO - 19356 - phase=validation acc=0.6781 loss=0.9163596418839467 epoch=117 and step=79
2026-04-16 17:47:32,752 - CommBreakdown - INFO - 19356 - epoch_summary rank=0 node_type=server epoch=117 train_acc=0.622196 train_loss=1.05482 val_acc=0.6781 val_loss=0.91636 raw_acts_bytes=1309671424 quantized_acts_bytes=1309671424 acts_metadata_bytes=0 raw_grads_bytes=654311424 quantized_grads_bytes=654311424 grads_metadata_bytes=0 acts_compression=1 grads_compression=1 total_compression=1 acts_quant_time=0 grads_quant_time=0 send_time=0.562463 recv_time=0.648191 epoch_time=16.8821
2026-04-16 17:47:35,871 - SplitNNServer - INFO - 19356 - phase=train acc=0.625 loss=1.0138765573501587 epoch=118 and step=0
2026-04-16 17:47:37,430 - SplitNNServer - INFO - 19356 - phase=train acc=0.6150568181818182 loss=1.189159870147705 epoch=118 and step=10
2026-04-16 17:47:38,918 - SplitNNServer - INFO - 19356 - phase=train acc=0.6190476190476191 loss=0.9021366238594055 epoch=118 and step=20
2026-04-16 17:47:40,200 - SplitNNServer - INFO - 19356 - phase=train acc=0.6217237903225806 loss=0.9853969812393188 epoch=118 and step=30
2026-04-16 17:47:41,526 - SplitNNServer - INFO - 19356 - phase=train acc=0.6229039634146342 loss=1.1632074117660522 epoch=118 and step=40
2026-04-16 17:47:42,832 - SplitNNServer - INFO - 19356 - phase=train acc=0.6248468137254902 loss=0.9546952247619629 epoch=118 and step=50
2026-04-16 17:47:44,124 - SplitNNServer - INFO - 19356 - phase=train acc=0.6255122950819673 loss=1.1090031862258911 epoch=118 and step=60
2026-04-16 17:47:45,525 - SplitNNServer - INFO - 19356 - phase=train acc=0.6263204225352113 loss=0.9355872869491577 epoch=118 and step=70
2026-04-16 17:47:46,699 - SplitNNClient - INFO - 19304 - worker_num=4 epoch_send=30796245863 epoch_receive=15719267808 total_send=30796245863 total_receive=15719267808 send_by_category={'OTHER': 10416, 'ACTS': 30781671157, 'MODEL': 14564290} recv_by_category={'OTHER': 2688, 'MODEL': 15197520, 'GRADS': 15704067600} send_by_type={10: 2688, 2: 30781671157, 7: 14564290, 3: 2576, 4: 2576, 6: 2576} recv_by_type={6: 2688, 8: 15197520, 1: 15704067600}
2026-04-16 17:47:49,531 - SplitNNServer - INFO - 19356 - phase=validation acc=0.6775 loss=0.9089815163914161 epoch=118 and step=79
2026-04-16 17:47:49,531 - CommBreakdown - INFO - 19356 - epoch_summary rank=0 node_type=server epoch=118 train_acc=0.627304 train_loss=1.04334 val_acc=0.6775 val_loss=0.908982 raw_acts_bytes=1309671424 quantized_acts_bytes=1309671424 acts_metadata_bytes=0 raw_grads_bytes=654311424 quantized_grads_bytes=654311424 grads_metadata_bytes=0 acts_compression=1 grads_compression=1 total_compression=1 acts_quant_time=0 grads_quant_time=0 send_time=0.485769 recv_time=0.643083 epoch_time=16.7786
2026-04-16 17:47:52,691 - SplitNNServer - INFO - 19356 - phase=train acc=0.6328125 loss=1.0494191646575928 epoch=119 and step=0
2026-04-16 17:47:54,078 - SplitNNServer - INFO - 19356 - phase=train acc=0.6292613636363636 loss=1.1048905849456787 epoch=119 and step=10
2026-04-16 17:47:55,628 - SplitNNServer - INFO - 19356 - phase=train acc=0.6290922619047619 loss=1.1663763523101807 epoch=119 and step=20
2026-04-16 17:47:56,954 - SplitNNServer - INFO - 19356 - phase=train acc=0.6257560483870968 loss=1.0879833698272705 epoch=119 and step=30
2026-04-16 17:47:58,324 - SplitNNServer - INFO - 19356 - phase=train acc=0.6286204268292683 loss=1.1028202772140503 epoch=119 and step=40
2026-04-16 17:47:59,835 - SplitNNServer - INFO - 19356 - phase=train acc=0.6286764705882353 loss=1.0661020278930664 epoch=119 and step=50
2026-04-16 17:48:01,142 - SplitNNServer - INFO - 19356 - phase=train acc=0.6293545081967213 loss=0.9492131471633911 epoch=119 and step=60
2026-04-16 17:48:02,693 - SplitNNServer - INFO - 19356 - phase=train acc=0.6284110915492958 loss=1.1484111547470093 epoch=119 and step=70
2026-04-16 17:48:03,779 - SplitNNClient - INFO - 21260 - worker_num=5 epoch_send=30796245863 epoch_receive=15719267808 total_send=30796245863 total_receive=15719267808 send_by_category={'OTHER': 10416, 'ACTS': 30781671157, 'MODEL': 14564290} recv_by_category={'OTHER': 2688, 'MODEL': 15197520, 'GRADS': 15704067600} send_by_type={10: 2688, 2: 30781671157, 7: 14564290, 3: 2576, 4: 2576, 6: 2576} recv_by_type={6: 2688, 8: 15197520, 1: 15704067600}
2026-04-16 17:48:06,687 - SplitNNServer - INFO - 19356 - phase=validation acc=0.6802 loss=0.9087656185596804 epoch=119 and step=79
2026-04-16 17:48:06,687 - CommBreakdown - INFO - 19356 - epoch_summary rank=0 node_type=server epoch=119 train_acc=0.629507 train_loss=1.02811 val_acc=0.6802 val_loss=0.908766 raw_acts_bytes=1309671424 quantized_acts_bytes=1309671424 acts_metadata_bytes=0 raw_grads_bytes=654311424 quantized_grads_bytes=654311424 grads_metadata_bytes=0 acts_compression=1 grads_compression=1 total_compression=1 acts_quant_time=0 grads_quant_time=0 send_time=0.543064 recv_time=0.649815 epoch_time=17.1556
2026-04-16 17:48:09,795 - SplitNNServer - INFO - 19356 - phase=train acc=0.6171875 loss=0.9763354063034058 epoch=120 and step=0
2026-04-16 17:48:11,138 - SplitNNServer - INFO - 19356 - phase=train acc=0.6363636363636364 loss=0.9173247814178467 epoch=120 and step=10
2026-04-16 17:48:12,510 - SplitNNServer - INFO - 19356 - phase=train acc=0.6436011904761905 loss=1.0857741832733154 epoch=120 and step=20
2026-04-16 17:48:13,792 - SplitNNServer - INFO - 19356 - phase=train acc=0.6353326612903226 loss=1.073681354522705 epoch=120 and step=30
2026-04-16 17:48:15,094 - SplitNNServer - INFO - 19356 - phase=train acc=0.6335746951219512 loss=1.0946928262710571 epoch=120 and step=40
2026-04-16 17:48:16,649 - SplitNNServer - INFO - 19356 - phase=train acc=0.6334252450980392 loss=1.1482092142105103 epoch=120 and step=50
2026-04-16 17:48:18,216 - SplitNNServer - INFO - 19356 - phase=train acc=0.6351178278688525 loss=1.0174195766448975 epoch=120 and step=60
2026-04-16 17:48:19,624 - SplitNNServer - INFO - 19356 - phase=train acc=0.6335827464788732 loss=1.010082483291626 epoch=120 and step=70
2026-04-16 17:48:20,803 - SplitNNClient - INFO - 20956 - worker_num=1 epoch_send=32106760104 epoch_receive=16373603958 total_send=32106760104 total_receive=16373603958 send_by_category={'ACTS': 32091551832, 'MODEL': 15197520, 'OTHER': 10752} recv_by_category={'GRADS': 16358403750, 'OTHER': 2688, 'MODEL': 15197520} send_by_type={2: 32091551832, 7: 15197520, 3: 2688, 4: 2688, 6: 2688, 10: 2688} recv_by_type={1: 16358403750, 6: 2688, 8: 15197520}
2026-04-16 17:48:23,743 - SplitNNServer - INFO - 19356 - phase=validation acc=0.6645 loss=0.9621104145351844 epoch=120 and step=79
2026-04-16 17:48:23,744 - CommBreakdown - INFO - 19356 - epoch_summary rank=0 node_type=server epoch=120 train_acc=0.636819 train_loss=1.01422 val_acc=0.6645 val_loss=0.96211 raw_acts_bytes=1309671424 quantized_acts_bytes=1309671424 acts_metadata_bytes=0 raw_grads_bytes=654311424 quantized_grads_bytes=654311424 grads_metadata_bytes=0 acts_compression=1 grads_compression=1 total_compression=1 acts_quant_time=0 grads_quant_time=0 send_time=0.498707 recv_time=0.679134 epoch_time=17.0566
2026-04-16 17:48:26,887 - SplitNNServer - INFO - 19356 - phase=train acc=0.7109375 loss=0.9004610776901245 epoch=121 and step=0
2026-04-16 17:48:28,472 - SplitNNServer - INFO - 19356 - phase=train acc=0.640625 loss=0.8485479354858398 epoch=121 and step=10
2026-04-16 17:48:29,938 - SplitNNServer - INFO - 19356 - phase=train acc=0.6398809523809523 loss=0.9777428507804871 epoch=121 and step=20
2026-04-16 17:48:31,329 - SplitNNServer - INFO - 19356 - phase=train acc=0.6519657258064516 loss=1.076460599899292 epoch=121 and step=30
2026-04-16 17:48:32,692 - SplitNNServer - INFO - 19356 - phase=train acc=0.6450076219512195 loss=1.1347754001617432 epoch=121 and step=40
2026-04-16 17:48:34,185 - SplitNNServer - INFO - 19356 - phase=train acc=0.6462928921568627 loss=0.9411149621009827 epoch=121 and step=50
2026-04-16 17:48:35,522 - SplitNNServer - INFO - 19356 - phase=train acc=0.6452356557377049 loss=1.0863522291183472 epoch=121 and step=60
2026-04-16 17:48:36,958 - SplitNNServer - INFO - 19356 - phase=train acc=0.6463468309859155 loss=1.0060535669326782 epoch=121 and step=70
2026-04-16 17:48:38,135 - SplitNNClient - INFO - 21808 - worker_num=2 epoch_send=32106760216 epoch_receive=16374237300 total_send=32106760216 total_receive=16374237300 send_by_category={'OTHER': 10864, 'ACTS': 32091551832, 'MODEL': 15197520} recv_by_category={'OTHER': 2800, 'MODEL': 15830750, 'GRADS': 16358403750} send_by_type={10: 2800, 2: 32091551832, 7: 15197520, 3: 2688, 4: 2688, 6: 2688} recv_by_type={6: 2800, 8: 15830750, 1: 16358403750}
2026-04-16 17:48:41,001 - SplitNNServer - INFO - 19356 - phase=validation acc=0.6801 loss=0.9136294571659233 epoch=121 and step=79
2026-04-16 17:48:41,001 - CommBreakdown - INFO - 19356 - epoch_summary rank=0 node_type=server epoch=121 train_acc=0.646034 train_loss=1.00335 val_acc=0.6801 val_loss=0.913629 raw_acts_bytes=1309671424 quantized_acts_bytes=1309671424 acts_metadata_bytes=0 raw_grads_bytes=654311424 quantized_grads_bytes=654311424 grads_metadata_bytes=0 acts_compression=1 grads_compression=1 total_compression=1 acts_quant_time=0 grads_quant_time=0 send_time=0.570476 recv_time=0.649043 epoch_time=17.2571
2026-04-16 17:48:44,127 - SplitNNServer - INFO - 19356 - phase=train acc=0.6796875 loss=1.0540587902069092 epoch=122 and step=0
2026-04-16 17:48:45,602 - SplitNNServer - INFO - 19356 - phase=train acc=0.6200284090909091 loss=0.8809601664543152 epoch=122 and step=10
2026-04-16 17:48:46,966 - SplitNNServer - INFO - 19356 - phase=train acc=0.6164434523809523 loss=0.8753865957260132 epoch=122 and step=20
2026-04-16 17:48:48,415 - SplitNNServer - INFO - 19356 - phase=train acc=0.6229838709677419 loss=1.2181689739227295 epoch=122 and step=30
2026-04-16 17:48:49,901 - SplitNNServer - INFO - 19356 - phase=train acc=0.6189024390243902 loss=1.1880731582641602 epoch=122 and step=40
2026-04-16 17:48:51,272 - SplitNNServer - INFO - 19356 - phase=train acc=0.6200980392156863 loss=1.048478364944458 epoch=122 and step=50
2026-04-16 17:48:52,554 - SplitNNServer - INFO - 19356 - phase=train acc=0.625640368852459 loss=0.8353646993637085 epoch=122 and step=60
2026-04-16 17:48:53,823 - SplitNNServer - INFO - 19356 - phase=train acc=0.6275308098591549 loss=0.9154739379882812 epoch=122 and step=70
2026-04-16 17:48:54,771 - SplitNNClient - INFO - 22124 - worker_num=3 epoch_send=32106760216 epoch_receive=16374237300 total_send=32106760216 total_receive=16374237300 send_by_category={'OTHER': 10864, 'ACTS': 32091551832, 'MODEL': 15197520} recv_by_category={'OTHER': 2800, 'MODEL': 15830750, 'GRADS': 16358403750} send_by_type={10: 2800, 2: 32091551832, 7: 15197520, 3: 2688, 4: 2688, 6: 2688} recv_by_type={6: 2800, 8: 15830750, 1: 16358403750}
2026-04-16 17:48:57,577 - SplitNNServer - INFO - 19356 - phase=validation acc=0.6716 loss=0.9462775852106795 epoch=122 and step=79
2026-04-16 17:48:57,577 - CommBreakdown - INFO - 19356 - epoch_summary rank=0 node_type=server epoch=122 train_acc=0.626703 train_loss=1.03329 val_acc=0.6716 val_loss=0.946278 raw_acts_bytes=1309671424 quantized_acts_bytes=1309671424 acts_metadata_bytes=0 raw_grads_bytes=654311424 quantized_grads_bytes=654311424 grads_metadata_bytes=0 acts_compression=1 grads_compression=1 total_compression=1 acts_quant_time=0 grads_quant_time=0 send_time=0.529156 recv_time=0.63576 epoch_time=16.5757
2026-04-16 17:49:00,772 - SplitNNServer - INFO - 19356 - phase=train acc=0.6796875 loss=0.9185487031936646 epoch=123 and step=0
2026-04-16 17:49:02,156 - SplitNNServer - INFO - 19356 - phase=train acc=0.6285511363636364 loss=1.0334413051605225 epoch=123 and step=10
2026-04-16 17:49:03,529 - SplitNNServer - INFO - 19356 - phase=train acc=0.6343005952380952 loss=1.1316829919815063 epoch=123 and step=20
2026-04-16 17:49:05,105 - SplitNNServer - INFO - 19356 - phase=train acc=0.6307963709677419 loss=0.9651111960411072 epoch=123 and step=30
2026-04-16 17:49:06,684 - SplitNNServer - INFO - 19356 - phase=train acc=0.6314786585365854 loss=1.07755708694458 epoch=123 and step=40
2026-04-16 17:49:08,205 - SplitNNServer - INFO - 19356 - phase=train acc=0.6317401960784313 loss=1.2015273571014404 epoch=123 and step=50
2026-04-16 17:49:09,531 - SplitNNServer - INFO - 19356 - phase=train acc=0.6298668032786885 loss=0.8578183054924011 epoch=123 and step=60
2026-04-16 17:49:10,992 - SplitNNServer - INFO - 19356 - phase=train acc=0.6302816901408451 loss=0.9296683669090271 epoch=123 and step=70
2026-04-16 17:49:12,027 - SplitNNClient - INFO - 19304 - worker_num=4 epoch_send=32106760216 epoch_receive=16374237300 total_send=32106760216 total_receive=16374237300 send_by_category={'OTHER': 10864, 'ACTS': 32091551832, 'MODEL': 15197520} recv_by_category={'OTHER': 2800, 'MODEL': 15830750, 'GRADS': 16358403750} send_by_type={10: 2800, 2: 32091551832, 7: 15197520, 3: 2688, 4: 2688, 6: 2688} recv_by_type={6: 2800, 8: 15830750, 1: 16358403750}
2026-04-16 17:49:14,838 - SplitNNServer - INFO - 19356 - phase=validation acc=0.6858 loss=0.9073785535896881 epoch=123 and step=79
2026-04-16 17:49:14,838 - CommBreakdown - INFO - 19356 - epoch_summary rank=0 node_type=server epoch=123 train_acc=0.632612 train_loss=1.02342 val_acc=0.6858 val_loss=0.907379 raw_acts_bytes=1309671424 quantized_acts_bytes=1309671424 acts_metadata_bytes=0 raw_grads_bytes=654311424 quantized_grads_bytes=654311424 grads_metadata_bytes=0 acts_compression=1 grads_compression=1 total_compression=1 acts_quant_time=0 grads_quant_time=0 send_time=0.55551 recv_time=0.645872 epoch_time=17.2605
2026-04-16 17:49:17,961 - SplitNNServer - INFO - 19356 - phase=train acc=0.625 loss=1.015108585357666 epoch=124 and step=0
2026-04-16 17:49:19,439 - SplitNNServer - INFO - 19356 - phase=train acc=0.6484375 loss=0.9659116864204407 epoch=124 and step=10
2026-04-16 17:49:21,019 - SplitNNServer - INFO - 19356 - phase=train acc=0.6409970238095238 loss=1.11977219581604 epoch=124 and step=20
2026-04-16 17:49:22,531 - SplitNNServer - INFO - 19356 - phase=train acc=0.6413810483870968 loss=0.9751274585723877 epoch=124 and step=30
2026-04-16 17:49:24,087 - SplitNNServer - INFO - 19356 - phase=train acc=0.6421493902439024 loss=1.1200542449951172 epoch=124 and step=40
2026-04-16 17:49:25,572 - SplitNNServer - INFO - 19356 - phase=train acc=0.6371017156862745 loss=1.0782417058944702 epoch=124 and step=50
2026-04-16 17:49:27,060 - SplitNNServer - INFO - 19356 - phase=train acc=0.6353739754098361 loss=1.1769707202911377 epoch=124 and step=60
2026-04-16 17:49:28,578 - SplitNNServer - INFO - 19356 - phase=train acc=0.6355633802816901 loss=1.1386789083480835 epoch=124 and step=70
2026-04-16 17:49:29,768 - SplitNNClient - INFO - 21260 - worker_num=5 epoch_send=32106760216 epoch_receive=16374237300 total_send=32106760216 total_receive=16374237300 send_by_category={'OTHER': 10864, 'ACTS': 32091551832, 'MODEL': 15197520} recv_by_category={'OTHER': 2800, 'MODEL': 15830750, 'GRADS': 16358403750} send_by_type={10: 2800, 2: 32091551832, 7: 15197520, 3: 2688, 4: 2688, 6: 2688} recv_by_type={6: 2800, 8: 15830750, 1: 16358403750}
2026-04-16 17:49:32,640 - SplitNNServer - INFO - 19356 - phase=validation acc=0.6911 loss=0.8906653100931192 epoch=124 and step=79
2026-04-16 17:49:32,641 - CommBreakdown - INFO - 19356 - epoch_summary rank=0 node_type=server epoch=124 train_acc=0.636619 train_loss=1.0094 val_acc=0.6911 val_loss=0.890665 raw_acts_bytes=1309671424 quantized_acts_bytes=1309671424 acts_metadata_bytes=0 raw_grads_bytes=654311424 quantized_grads_bytes=654311424 grads_metadata_bytes=0 acts_compression=1 grads_compression=1 total_compression=1 acts_quant_time=0 grads_quant_time=0 send_time=0.568009 recv_time=0.649145 epoch_time=17.8022
2026-04-16 17:49:36,505 - CommBreakdown - INFO - 20956 - tensor_distribution rank=1 node_type=client phase=train epoch=25 sample=middle tensor=activations[0] shape=(128, 64, 16, 16) mean=0.895165 std=1.1438 min=0 max=16.8258 mean_abs=0.895165 max_abs=16.8258 p95_abs=3.19712 p99_abs=4.89094 skewness=1.87911 kurtosis=7.9469 mean_channel_std=1.13208 std_channel_std=0.1521 max_channel_scale_over_min_channel_scale=3.11039 spread=high spread_score=1.27776 outliers=medium outlier_score=2.00926 near_zero=medium near_zero_fraction=0.367741
2026-04-16 17:49:36,548 - SplitNNServer - INFO - 19356 - phase=train acc=0.6875 loss=0.9148809909820557 epoch=125 and step=0
2026-04-16 17:49:45,787 - SplitNNServer - INFO - 19356 - phase=train acc=0.6633522727272727 loss=0.958985447883606 epoch=125 and step=10
2026-04-16 17:49:54,885 - SplitNNServer - INFO - 19356 - phase=train acc=0.6473214285714286 loss=1.0877113342285156 epoch=125 and step=20
2026-04-16 17:50:04,012 - SplitNNServer - INFO - 19356 - phase=train acc=0.6504536290322581 loss=1.0736384391784668 epoch=125 and step=30
2026-04-16 17:50:13,088 - SplitNNServer - INFO - 19356 - phase=train acc=0.6505335365853658 loss=1.1370958089828491 epoch=125 and step=40
2026-04-16 17:50:22,116 - SplitNNServer - INFO - 19356 - phase=train acc=0.647671568627451 loss=1.087353229522705 epoch=125 and step=50
2026-04-16 17:50:31,326 - SplitNNServer - INFO - 19356 - phase=train acc=0.6488217213114754 loss=0.8900834321975708 epoch=125 and step=60
2026-04-16 17:50:40,597 - SplitNNServer - INFO - 19356 - phase=train acc=0.644256161971831 loss=1.1059606075286865 epoch=125 and step=70
2026-04-16 17:50:47,110 - SplitNNClient - INFO - 20956 - worker_num=1 epoch_send=33417274457 epoch_receive=17028573450 total_send=33417274457 total_receive=17028573450 send_by_category={'ACTS': 33401432507, 'MODEL': 15830750, 'OTHER': 11200} recv_by_category={'GRADS': 17012739900, 'OTHER': 2800, 'MODEL': 15830750} send_by_type={2: 33401432507, 7: 15830750, 3: 2800, 4: 2800, 6: 2800, 10: 2800} recv_by_type={1: 17012739900, 6: 2800, 8: 15830750}
2026-04-16 17:50:49,982 - SplitNNServer - INFO - 19356 - phase=validation acc=0.6819 loss=0.9095297644409952 epoch=125 and step=79
2026-04-16 17:50:49,983 - CommBreakdown - INFO - 19356 - epoch_summary rank=0 node_type=server epoch=125 train_acc=0.642829 train_loss=0.990787 val_acc=0.6819 val_loss=0.90953 raw_acts_bytes=1309671424 quantized_acts_bytes=1309671424 acts_metadata_bytes=0 raw_grads_bytes=654311424 quantized_grads_bytes=654311424 grads_metadata_bytes=0 acts_compression=1 grads_compression=1 total_compression=1 acts_quant_time=0 grads_quant_time=0 send_time=0.731026 recv_time=0.657557 epoch_time=77.3419
2026-04-16 17:50:53,818 - CommBreakdown - INFO - 21808 - tensor_distribution rank=2 node_type=client phase=train epoch=25 sample=middle tensor=activations[0] shape=(128, 64, 16, 16) mean=0.895374 std=1.1466 min=0 max=14.9452 mean_abs=0.895374 max_abs=14.9452 p95_abs=3.19534 p99_abs=4.9179 skewness=1.91162 kurtosis=8.21535 mean_channel_std=1.13494 std_channel_std=0.152652 max_channel_scale_over_min_channel_scale=2.89983 spread=high spread_score=1.28058 outliers=medium outlier_score=2.02249 near_zero=medium near_zero_fraction=0.366533
2026-04-16 17:50:53,856 - SplitNNServer - INFO - 19356 - phase=train acc=0.6015625 loss=0.9989478588104248 epoch=126 and step=0
2026-04-16 17:51:02,865 - SplitNNServer - INFO - 19356 - phase=train acc=0.6271306818181818 loss=1.0085010528564453 epoch=126 and step=10
2026-04-16 17:51:11,790 - SplitNNServer - INFO - 19356 - phase=train acc=0.6502976190476191 loss=1.1167986392974854 epoch=126 and step=20
2026-04-16 17:51:20,685 - SplitNNServer - INFO - 19356 - phase=train acc=0.6484375 loss=0.8925004005432129 epoch=126 and step=30
2026-04-16 17:51:29,625 - SplitNNServer - INFO - 19356 - phase=train acc=0.6463414634146342 loss=0.9724867939949036 epoch=126 and step=40
2026-04-16 17:51:38,665 - SplitNNServer - INFO - 19356 - phase=train acc=0.6446078431372549 loss=1.02407968044281 epoch=126 and step=50
2026-04-16 17:51:47,597 - SplitNNServer - INFO - 19356 - phase=train acc=0.6428022540983607 loss=0.8737666010856628 epoch=126 and step=60
2026-04-16 17:51:56,594 - SplitNNServer - INFO - 19356 - phase=train acc=0.6428257042253521 loss=1.066370964050293 epoch=126 and step=70
2026-04-16 17:52:03,081 - SplitNNClient - INFO - 21808 - worker_num=2 epoch_send=33417274569 epoch_receive=17029206792 total_send=33417274569 total_receive=17029206792 send_by_category={'OTHER': 11312, 'ACTS': 33401432507, 'MODEL': 15830750} recv_by_category={'OTHER': 2912, 'MODEL': 16463980, 'GRADS': 17012739900} send_by_type={10: 2912, 2: 33401432507, 7: 15830750, 3: 2800, 4: 2800, 6: 2800} recv_by_type={6: 2912, 8: 16463980, 1: 17012739900}
2026-04-16 17:52:05,876 - SplitNNServer - INFO - 19356 - phase=validation acc=0.6791 loss=0.9259418626374836 epoch=126 and step=79
2026-04-16 17:52:05,876 - CommBreakdown - INFO - 19356 - epoch_summary rank=0 node_type=server epoch=126 train_acc=0.645633 train_loss=1.00102 val_acc=0.6791 val_loss=0.925942 raw_acts_bytes=1309671424 quantized_acts_bytes=1309671424 acts_metadata_bytes=0 raw_grads_bytes=654311424 quantized_grads_bytes=654311424 grads_metadata_bytes=0 acts_compression=1 grads_compression=1 total_compression=1 acts_quant_time=0 grads_quant_time=0 send_time=0.702502 recv_time=0.657984 epoch_time=75.8932
2026-04-16 17:52:09,687 - CommBreakdown - INFO - 22124 - tensor_distribution rank=3 node_type=client phase=train epoch=25 sample=middle tensor=activations[0] shape=(128, 64, 16, 16) mean=0.896605 std=1.14093 min=0 max=14.0039 mean_abs=0.896605 max_abs=14.0039 p95_abs=3.17633 p99_abs=4.88276 skewness=1.87684 kurtosis=7.97388 mean_channel_std=1.13089 std_channel_std=0.14065 max_channel_scale_over_min_channel_scale=2.56078 spread=high spread_score=1.2725 outliers=medium outlier_score=2.00908 near_zero=medium near_zero_fraction=0.366514
2026-04-16 17:52:09,734 - SplitNNServer - INFO - 19356 - phase=train acc=0.6171875 loss=0.9929987192153931 epoch=127 and step=0
2026-04-16 17:52:18,711 - SplitNNServer - INFO - 19356 - phase=train acc=0.6299715909090909 loss=1.026956558227539 epoch=127 and step=10
2026-04-16 17:52:27,566 - SplitNNServer - INFO - 19356 - phase=train acc=0.6302083333333334 loss=1.0819340944290161 epoch=127 and step=20
2026-04-16 17:52:36,519 - SplitNNServer - INFO - 19356 - phase=train acc=0.6365927419354839 loss=0.9506585597991943 epoch=127 and step=30
2026-04-16 17:52:45,419 - SplitNNServer - INFO - 19356 - phase=train acc=0.633765243902439 loss=1.0380429029464722 epoch=127 and step=40
2026-04-16 17:52:54,235 - SplitNNServer - INFO - 19356 - phase=train acc=0.6367953431372549 loss=1.0748937129974365 epoch=127 and step=50
2026-04-16 17:53:03,081 - SplitNNServer - INFO - 19356 - phase=train acc=0.6404969262295082 loss=0.9021867513656616 epoch=127 and step=60
2026-04-16 17:53:12,028 - SplitNNServer - INFO - 19356 - phase=train acc=0.6415052816901409 loss=1.265024185180664 epoch=127 and step=70
2026-04-16 17:53:18,392 - SplitNNClient - INFO - 22124 - worker_num=3 epoch_send=33417274569 epoch_receive=17029206792 total_send=33417274569 total_receive=17029206792 send_by_category={'OTHER': 11312, 'ACTS': 33401432507, 'MODEL': 15830750} recv_by_category={'OTHER': 2912, 'MODEL': 16463980, 'GRADS': 17012739900} send_by_type={10: 2912, 2: 33401432507, 7: 15830750, 3: 2800, 4: 2800, 6: 2800} recv_by_type={6: 2912, 8: 16463980, 1: 17012739900}
2026-04-16 17:53:21,194 - SplitNNServer - INFO - 19356 - phase=validation acc=0.6776 loss=0.9074868620196476 epoch=127 and step=79
2026-04-16 17:53:21,195 - CommBreakdown - INFO - 19356 - epoch_summary rank=0 node_type=server epoch=127 train_acc=0.642228 train_loss=1.00753 val_acc=0.6776 val_loss=0.907487 raw_acts_bytes=1309671424 quantized_acts_bytes=1309671424 acts_metadata_bytes=0 raw_grads_bytes=654311424 quantized_grads_bytes=654311424 grads_metadata_bytes=0 acts_compression=1 grads_compression=1 total_compression=1 acts_quant_time=0 grads_quant_time=0 send_time=0.728248 recv_time=0.63536 epoch_time=75.3184
2026-04-16 17:53:25,062 - CommBreakdown - INFO - 19304 - tensor_distribution rank=4 node_type=client phase=train epoch=25 sample=middle tensor=activations[0] shape=(128, 64, 16, 16) mean=0.896472 std=1.14883 min=0 max=14.106 mean_abs=0.896472 max_abs=14.106 p95_abs=3.2029 p99_abs=4.94855 skewness=1.89132 kurtosis=7.9267 mean_channel_std=1.13682 std_channel_std=0.154182 max_channel_scale_over_min_channel_scale=2.58718 spread=high spread_score=1.2815 outliers=medium outlier_score=2.03347 near_zero=medium near_zero_fraction=0.368242
2026-04-16 17:53:25,105 - SplitNNServer - INFO - 19356 - phase=train acc=0.5703125 loss=1.119288444519043 epoch=128 and step=0
2026-04-16 17:53:34,037 - SplitNNServer - INFO - 19356 - phase=train acc=0.6505681818181818 loss=0.943238377571106 epoch=128 and step=10
2026-04-16 17:53:42,800 - SplitNNServer - INFO - 19356 - phase=train acc=0.6499255952380952 loss=0.9561976194381714 epoch=128 and step=20
2026-04-16 17:53:51,856 - SplitNNServer - INFO - 19356 - phase=train acc=0.6449092741935484 loss=1.085428237915039 epoch=128 and step=30
2026-04-16 17:54:00,831 - SplitNNServer - INFO - 19356 - phase=train acc=0.6448170731707317 loss=1.154506802558899 epoch=128 and step=40
2026-04-16 17:54:09,606 - SplitNNServer - INFO - 19356 - phase=train acc=0.6475183823529411 loss=1.0153238773345947 epoch=128 and step=50
2026-04-16 17:54:18,461 - SplitNNServer - INFO - 19356 - phase=train acc=0.6429303278688525 loss=1.1067814826965332 epoch=128 and step=60
2026-04-16 17:54:27,452 - SplitNNServer - INFO - 19356 - phase=train acc=0.6438160211267606 loss=1.0868198871612549 epoch=128 and step=70
2026-04-16 17:54:33,824 - SplitNNClient - INFO - 19304 - worker_num=4 epoch_send=33417274569 epoch_receive=17029206792 total_send=33417274569 total_receive=17029206792 send_by_category={'OTHER': 11312, 'ACTS': 33401432507, 'MODEL': 15830750} recv_by_category={'OTHER': 2912, 'MODEL': 16463980, 'GRADS': 17012739900} send_by_type={10: 2912, 2: 33401432507, 7: 15830750, 3: 2800, 4: 2800, 6: 2800} recv_by_type={6: 2912, 8: 16463980, 1: 17012739900}
2026-04-16 17:54:36,659 - SplitNNServer - INFO - 19356 - phase=validation acc=0.6776 loss=0.9183772108222865 epoch=128 and step=79
2026-04-16 17:54:36,659 - CommBreakdown - INFO - 19356 - epoch_summary rank=0 node_type=server epoch=128 train_acc=0.64393 train_loss=1.00745 val_acc=0.6776 val_loss=0.918377 raw_acts_bytes=1309671424 quantized_acts_bytes=1309671424 acts_metadata_bytes=0 raw_grads_bytes=654311424 quantized_grads_bytes=654311424 grads_metadata_bytes=0 acts_compression=1 grads_compression=1 total_compression=1 acts_quant_time=0 grads_quant_time=0 send_time=0.748262 recv_time=0.641615 epoch_time=75.4644
2026-04-16 17:54:40,515 - CommBreakdown - INFO - 21260 - tensor_distribution rank=5 node_type=client phase=train epoch=25 sample=middle tensor=activations[0] shape=(128, 64, 16, 16) mean=0.896809 std=1.14536 min=0 max=14.2591 mean_abs=0.896809 max_abs=14.2591 p95_abs=3.20325 p99_abs=4.91729 skewness=1.85782 kurtosis=7.6928 mean_channel_std=1.13392 std_channel_std=0.15144 max_channel_scale_over_min_channel_scale=2.44268 spread=high spread_score=1.27715 outliers=medium outlier_score=2.01602 near_zero=medium near_zero_fraction=0.368386
2026-04-16 17:54:40,550 - SplitNNServer - INFO - 19356 - phase=train acc=0.671875 loss=0.9362100958824158 epoch=129 and step=0
2026-04-16 17:54:49,678 - SplitNNServer - INFO - 19356 - phase=train acc=0.6427556818181818 loss=0.8111966848373413 epoch=129 and step=10
2026-04-16 17:54:58,625 - SplitNNServer - INFO - 19356 - phase=train acc=0.6376488095238095 loss=1.1282308101654053 epoch=129 and step=20
2026-04-16 17:55:07,599 - SplitNNServer - INFO - 19356 - phase=train acc=0.6348286290322581 loss=0.8377046585083008 epoch=129 and step=30
2026-04-16 17:55:16,494 - SplitNNServer - INFO - 19356 - phase=train acc=0.640625 loss=0.926482081413269 epoch=129 and step=40
2026-04-16 17:55:25,623 - SplitNNServer - INFO - 19356 - phase=train acc=0.6423100490196079 loss=0.9952017068862915 epoch=129 and step=50
2026-04-16 17:55:34,649 - SplitNNServer - INFO - 19356 - phase=train acc=0.6431864754098361 loss=0.9303680658340454 epoch=129 and step=60
2026-04-16 17:55:43,656 - SplitNNServer - INFO - 19356 - phase=train acc=0.6451364436619719 loss=0.902565598487854 epoch=129 and step=70
2026-04-16 17:55:50,060 - SplitNNClient - INFO - 21260 - worker_num=5 epoch_send=33417274569 epoch_receive=17029206792 total_send=33417274569 total_receive=17029206792 send_by_category={'OTHER': 11312, 'ACTS': 33401432507, 'MODEL': 15830750} recv_by_category={'OTHER': 2912, 'MODEL': 16463980, 'GRADS': 17012739900} send_by_type={10: 2912, 2: 33401432507, 7: 15830750, 3: 2800, 4: 2800, 6: 2800} recv_by_type={6: 2912, 8: 16463980, 1: 17012739900}
2026-04-16 17:55:52,970 - SplitNNServer - INFO - 19356 - phase=validation acc=0.6765 loss=0.9203133892409409 epoch=129 and step=79
2026-04-16 17:55:52,970 - CommBreakdown - INFO - 19356 - epoch_summary rank=0 node_type=server epoch=129 train_acc=0.643029 train_loss=0.999387 val_acc=0.6765 val_loss=0.920313 raw_acts_bytes=1309671424 quantized_acts_bytes=1309671424 acts_metadata_bytes=0 raw_grads_bytes=654311424 quantized_grads_bytes=654311424 grads_metadata_bytes=0 acts_compression=1 grads_compression=1 total_compression=1 acts_quant_time=0 grads_quant_time=0 send_time=0.700544 recv_time=0.642744 epoch_time=76.3108
2026-04-16 17:55:56,107 - SplitNNServer - INFO - 19356 - phase=train acc=0.6484375 loss=0.9454225301742554 epoch=130 and step=0
2026-04-16 17:55:57,518 - SplitNNServer - INFO - 19356 - phase=train acc=0.6470170454545454 loss=0.9365536570549011 epoch=130 and step=10
2026-04-16 17:55:58,973 - SplitNNServer - INFO - 19356 - phase=train acc=0.6573660714285714 loss=0.988111138343811 epoch=130 and step=20
2026-04-16 17:56:00,342 - SplitNNServer - INFO - 19356 - phase=train acc=0.655241935483871 loss=0.7897170782089233 epoch=130 and step=30
2026-04-16 17:56:01,680 - SplitNNServer - INFO - 19356 - phase=train acc=0.6558689024390244 loss=1.00844407081604 epoch=130 and step=40
2026-04-16 17:56:03,083 - SplitNNServer - INFO - 19356 - phase=train acc=0.6516544117647058 loss=1.0512800216674805 epoch=130 and step=50
2026-04-16 17:56:04,660 - SplitNNServer - INFO - 19356 - phase=train acc=0.6553534836065574 loss=0.9248884320259094 epoch=130 and step=60
2026-04-16 17:56:05,998 - SplitNNServer - INFO - 19356 - phase=train acc=0.6528389084507042 loss=1.192326307296753 epoch=130 and step=70
2026-04-16 17:56:06,949 - SplitNNClient - INFO - 20956 - worker_num=1 epoch_send=34727788810 epoch_receive=17683542942 total_send=34727788810 total_receive=17683542942 send_by_category={'ACTS': 34711313182, 'MODEL': 16463980, 'OTHER': 11648} recv_by_category={'GRADS': 17667076050, 'OTHER': 2912, 'MODEL': 16463980} send_by_type={2: 34711313182, 7: 16463980, 3: 2912, 4: 2912, 6: 2912, 10: 2912} recv_by_type={1: 17667076050, 6: 2912, 8: 16463980}
2026-04-16 17:56:09,812 - SplitNNServer - INFO - 19356 - phase=validation acc=0.6902 loss=0.8918254994138887 epoch=130 and step=79
2026-04-16 17:56:09,813 - CommBreakdown - INFO - 19356 - epoch_summary rank=0 node_type=server epoch=130 train_acc=0.651943 train_loss=0.976523 val_acc=0.6902 val_loss=0.891825 raw_acts_bytes=1309671424 quantized_acts_bytes=1309671424 acts_metadata_bytes=0 raw_grads_bytes=654311424 quantized_grads_bytes=654311424 grads_metadata_bytes=0 acts_compression=1 grads_compression=1 total_compression=1 acts_quant_time=0 grads_quant_time=0 send_time=0.505906 recv_time=0.693527 epoch_time=16.8421
2026-04-16 17:56:12,924 - SplitNNServer - INFO - 19356 - phase=train acc=0.5625 loss=1.101348876953125 epoch=131 and step=0
2026-04-16 17:56:14,381 - SplitNNServer - INFO - 19356 - phase=train acc=0.6107954545454546 loss=1.006758689880371 epoch=131 and step=10
2026-04-16 17:56:15,800 - SplitNNServer - INFO - 19356 - phase=train acc=0.6179315476190477 loss=1.043571949005127 epoch=131 and step=20
2026-04-16 17:56:17,266 - SplitNNServer - INFO - 19356 - phase=train acc=0.6360887096774194 loss=0.9164835810661316 epoch=131 and step=30
2026-04-16 17:56:18,622 - SplitNNServer - INFO - 19356 - phase=train acc=0.6375762195121951 loss=1.0438296794891357 epoch=131 and step=40
2026-04-16 17:56:20,181 - SplitNNServer - INFO - 19356 - phase=train acc=0.6420036764705882 loss=1.0372068881988525 epoch=131 and step=50
2026-04-16 17:56:21,744 - SplitNNServer - INFO - 19356 - phase=train acc=0.6453637295081968 loss=0.8387495875358582 epoch=131 and step=60
2026-04-16 17:56:23,208 - SplitNNServer - INFO - 19356 - phase=train acc=0.6454665492957746 loss=0.9408323764801025 epoch=131 and step=70
2026-04-16 17:56:24,211 - SplitNNClient - INFO - 21808 - worker_num=2 epoch_send=34727788922 epoch_receive=17684176284 total_send=34727788922 total_receive=17684176284 send_by_category={'OTHER': 11760, 'ACTS': 34711313182, 'MODEL': 16463980} recv_by_category={'OTHER': 3024, 'MODEL': 17097210, 'GRADS': 17667076050} send_by_type={10: 3024, 2: 34711313182, 7: 16463980, 3: 2912, 4: 2912, 6: 2912} recv_by_type={6: 3024, 8: 17097210, 1: 17667076050}
2026-04-16 17:56:27,139 - SplitNNServer - INFO - 19356 - phase=validation acc=0.6927 loss=0.8823433850384965 epoch=131 and step=79
2026-04-16 17:56:27,139 - CommBreakdown - INFO - 19356 - epoch_summary rank=0 node_type=server epoch=131 train_acc=0.644631 train_loss=0.986413 val_acc=0.6927 val_loss=0.882343 raw_acts_bytes=1309671424 quantized_acts_bytes=1309671424 acts_metadata_bytes=0 raw_grads_bytes=654311424 quantized_grads_bytes=654311424 grads_metadata_bytes=0 acts_compression=1 grads_compression=1 total_compression=1 acts_quant_time=0 grads_quant_time=0 send_time=0.516133 recv_time=0.673513 epoch_time=17.3259
2026-04-16 17:56:30,290 - SplitNNServer - INFO - 19356 - phase=train acc=0.65625 loss=1.028257131576538 epoch=132 and step=0
2026-04-16 17:56:31,600 - SplitNNServer - INFO - 19356 - phase=train acc=0.6519886363636364 loss=1.0813148021697998 epoch=132 and step=10
2026-04-16 17:56:32,909 - SplitNNServer - INFO - 19356 - phase=train acc=0.640625 loss=0.863940954208374 epoch=132 and step=20
2026-04-16 17:56:34,219 - SplitNNServer - INFO - 19356 - phase=train acc=0.641633064516129 loss=0.9443275332450867 epoch=132 and step=30
2026-04-16 17:56:35,703 - SplitNNServer - INFO - 19356 - phase=train acc=0.6408155487804879 loss=1.0113410949707031 epoch=132 and step=40
2026-04-16 17:56:37,063 - SplitNNServer - INFO - 19356 - phase=train acc=0.6416973039215687 loss=0.9443425536155701 epoch=132 and step=50
2026-04-16 17:56:38,413 - SplitNNServer - INFO - 19356 - phase=train acc=0.6424180327868853 loss=0.9597257375717163 epoch=132 and step=60
2026-04-16 17:56:39,777 - SplitNNServer - INFO - 19356 - phase=train acc=0.6408450704225352 loss=1.0976817607879639 epoch=132 and step=70
2026-04-16 17:56:40,713 - SplitNNClient - INFO - 22124 - worker_num=3 epoch_send=34727788922 epoch_receive=17684176284 total_send=34727788922 total_receive=17684176284 send_by_category={'OTHER': 11760, 'ACTS': 34711313182, 'MODEL': 16463980} recv_by_category={'OTHER': 3024, 'MODEL': 17097210, 'GRADS': 17667076050} send_by_type={10: 3024, 2: 34711313182, 7: 16463980, 3: 2912, 4: 2912, 6: 2912} recv_by_type={6: 3024, 8: 17097210, 1: 17667076050}
2026-04-16 17:56:43,462 - SplitNNServer - INFO - 19356 - phase=validation acc=0.6987 loss=0.8524961863891988 epoch=132 and step=79
2026-04-16 17:56:43,463 - CommBreakdown - INFO - 19356 - epoch_summary rank=0 node_type=server epoch=132 train_acc=0.640925 train_loss=1.00617 val_acc=0.6987 val_loss=0.852496 raw_acts_bytes=1309671424 quantized_acts_bytes=1309671424 acts_metadata_bytes=0 raw_grads_bytes=654311424 quantized_grads_bytes=654311424 grads_metadata_bytes=0 acts_compression=1 grads_compression=1 total_compression=1 acts_quant_time=0 grads_quant_time=0 send_time=0.551623 recv_time=0.637044 epoch_time=16.3234
2026-04-16 17:56:46,586 - SplitNNServer - INFO - 19356 - phase=train acc=0.59375 loss=1.049896478652954 epoch=133 and step=0
2026-04-16 17:56:47,939 - SplitNNServer - INFO - 19356 - phase=train acc=0.6257102272727273 loss=0.9873076677322388 epoch=133 and step=10
2026-04-16 17:56:49,315 - SplitNNServer - INFO - 19356 - phase=train acc=0.6432291666666666 loss=0.9210234880447388 epoch=133 and step=20
2026-04-16 17:56:50,595 - SplitNNServer - INFO - 19356 - phase=train acc=0.6466733870967742 loss=0.8485742807388306 epoch=133 and step=30
2026-04-16 17:56:51,956 - SplitNNServer - INFO - 19356 - phase=train acc=0.6490091463414634 loss=0.8691867589950562 epoch=133 and step=40
2026-04-16 17:56:53,431 - SplitNNServer - INFO - 19356 - phase=train acc=0.6533394607843137 loss=0.9279875159263611 epoch=133 and step=50
2026-04-16 17:56:54,781 - SplitNNServer - INFO - 19356 - phase=train acc=0.6499743852459017 loss=1.0718019008636475 epoch=133 and step=60
2026-04-16 17:56:56,066 - SplitNNServer - INFO - 19356 - phase=train acc=0.6501980633802817 loss=1.0413928031921387 epoch=133 and step=70
2026-04-16 17:56:57,055 - SplitNNClient - INFO - 19304 - worker_num=4 epoch_send=34727788922 epoch_receive=17684176284 total_send=34727788922 total_receive=17684176284 send_by_category={'OTHER': 11760, 'ACTS': 34711313182, 'MODEL': 16463980} recv_by_category={'OTHER': 3024, 'MODEL': 17097210, 'GRADS': 17667076050} send_by_type={10: 3024, 2: 34711313182, 7: 16463980, 3: 2912, 4: 2912, 6: 2912} recv_by_type={6: 3024, 8: 17097210, 1: 17667076050}
2026-04-16 17:56:59,824 - SplitNNServer - INFO - 19356 - phase=validation acc=0.7001 loss=0.8549313741394237 epoch=133 and step=79
2026-04-16 17:56:59,824 - CommBreakdown - INFO - 19356 - epoch_summary rank=0 node_type=server epoch=133 train_acc=0.645733 train_loss=0.989933 val_acc=0.7001 val_loss=0.854931 raw_acts_bytes=1309671424 quantized_acts_bytes=1309671424 acts_metadata_bytes=0 raw_grads_bytes=654311424 quantized_grads_bytes=654311424 grads_metadata_bytes=0 acts_compression=1 grads_compression=1 total_compression=1 acts_quant_time=0 grads_quant_time=0 send_time=0.50926 recv_time=0.64206 epoch_time=16.3613
2026-04-16 17:57:02,944 - SplitNNServer - INFO - 19356 - phase=train acc=0.671875 loss=1.0214338302612305 epoch=134 and step=0
2026-04-16 17:57:04,448 - SplitNNServer - INFO - 19356 - phase=train acc=0.6612215909090909 loss=1.037254810333252 epoch=134 and step=10
2026-04-16 17:57:05,848 - SplitNNServer - INFO - 19356 - phase=train acc=0.6536458333333334 loss=0.9963449239730835 epoch=134 and step=20
2026-04-16 17:57:07,420 - SplitNNServer - INFO - 19356 - phase=train acc=0.65625 loss=0.9548802971839905 epoch=134 and step=30
2026-04-16 17:57:08,969 - SplitNNServer - INFO - 19356 - phase=train acc=0.6564405487804879 loss=0.9210468530654907 epoch=134 and step=40
2026-04-16 17:57:10,314 - SplitNNServer - INFO - 19356 - phase=train acc=0.6600796568627451 loss=1.0899617671966553 epoch=134 and step=50
2026-04-16 17:57:11,802 - SplitNNServer - INFO - 19356 - phase=train acc=0.6557377049180327 loss=1.0925849676132202 epoch=134 and step=60
2026-04-16 17:57:13,137 - SplitNNServer - INFO - 19356 - phase=train acc=0.6536091549295775 loss=1.1117653846740723 epoch=134 and step=70
2026-04-16 17:57:14,121 - SplitNNClient - INFO - 21260 - worker_num=5 epoch_send=34727788922 epoch_receive=17684176284 total_send=34727788922 total_receive=17684176284 send_by_category={'OTHER': 11760, 'ACTS': 34711313182, 'MODEL': 16463980} recv_by_category={'OTHER': 3024, 'MODEL': 17097210, 'GRADS': 17667076050} send_by_type={10: 3024, 2: 34711313182, 7: 16463980, 3: 2912, 4: 2912, 6: 2912} recv_by_type={6: 3024, 8: 17097210, 1: 17667076050}
2026-04-16 17:57:16,999 - SplitNNServer - INFO - 19356 - phase=validation acc=0.661 loss=0.9959827042833159 epoch=134 and step=79
2026-04-16 17:57:16,999 - CommBreakdown - INFO - 19356 - epoch_summary rank=0 node_type=server epoch=134 train_acc=0.652444 train_loss=0.985861 val_acc=0.661 val_loss=0.995983 raw_acts_bytes=1309671424 quantized_acts_bytes=1309671424 acts_metadata_bytes=0 raw_grads_bytes=654311424 quantized_grads_bytes=654311424 grads_metadata_bytes=0 acts_compression=1 grads_compression=1 total_compression=1 acts_quant_time=0 grads_quant_time=0 send_time=0.49619 recv_time=0.645398 epoch_time=17.1751
2026-04-16 17:57:20,151 - SplitNNServer - INFO - 19356 - phase=train acc=0.6484375 loss=1.032167911529541 epoch=135 and step=0
2026-04-16 17:57:21,489 - SplitNNServer - INFO - 19356 - phase=train acc=0.6470170454545454 loss=0.960179328918457 epoch=135 and step=10
2026-04-16 17:57:22,957 - SplitNNServer - INFO - 19356 - phase=train acc=0.6443452380952381 loss=1.0221374034881592 epoch=135 and step=20
2026-04-16 17:57:24,239 - SplitNNServer - INFO - 19356 - phase=train acc=0.6451612903225806 loss=0.9968277812004089 epoch=135 and step=30
2026-04-16 17:57:25,616 - SplitNNServer - INFO - 19356 - phase=train acc=0.649390243902439 loss=0.9316635131835938 epoch=135 and step=40
2026-04-16 17:57:26,886 - SplitNNServer - INFO - 19356 - phase=train acc=0.6485906862745098 loss=0.9534536004066467 epoch=135 and step=50
2026-04-16 17:57:28,369 - SplitNNServer - INFO - 19356 - phase=train acc=0.6518954918032787 loss=0.8232094049453735 epoch=135 and step=60
2026-04-16 17:57:29,950 - SplitNNServer - INFO - 19356 - phase=train acc=0.6519586267605634 loss=0.8355698585510254 epoch=135 and step=70
2026-04-16 17:57:31,096 - SplitNNClient - INFO - 20956 - worker_num=1 epoch_send=36038303163 epoch_receive=18338512434 total_send=36038303163 total_receive=18338512434 send_by_category={'ACTS': 36021193857, 'MODEL': 17097210, 'OTHER': 12096} recv_by_category={'GRADS': 18321412200, 'OTHER': 3024, 'MODEL': 17097210} send_by_type={2: 36021193857, 7: 17097210, 3: 3024, 4: 3024, 6: 3024, 10: 3024} recv_by_type={1: 18321412200, 6: 3024, 8: 17097210}
2026-04-16 17:57:33,959 - SplitNNServer - INFO - 19356 - phase=validation acc=0.6878 loss=0.8741560502897335 epoch=135 and step=79
2026-04-16 17:57:33,959 - CommBreakdown - INFO - 19356 - epoch_summary rank=0 node_type=server epoch=135 train_acc=0.654647 train_loss=0.963495 val_acc=0.6878 val_loss=0.874156 raw_acts_bytes=1309671424 quantized_acts_bytes=1309671424 acts_metadata_bytes=0 raw_grads_bytes=654311424 quantized_grads_bytes=654311424 grads_metadata_bytes=0 acts_compression=1 grads_compression=1 total_compression=1 acts_quant_time=0 grads_quant_time=0 send_time=0.506145 recv_time=0.680867 epoch_time=16.9597
2026-04-16 17:57:37,081 - SplitNNServer - INFO - 19356 - phase=train acc=0.578125 loss=1.011206865310669 epoch=136 and step=0
2026-04-16 17:57:38,463 - SplitNNServer - INFO - 19356 - phase=train acc=0.6676136363636364 loss=1.0156021118164062 epoch=136 and step=10
2026-04-16 17:57:39,802 - SplitNNServer - INFO - 19356 - phase=train acc=0.6636904761904762 loss=0.8839397430419922 epoch=136 and step=20
2026-04-16 17:57:41,256 - SplitNNServer - INFO - 19356 - phase=train acc=0.6595262096774194 loss=0.8442554473876953 epoch=136 and step=30
2026-04-16 17:57:42,631 - SplitNNServer - INFO - 19356 - phase=train acc=0.6592987804878049 loss=0.9805901646614075 epoch=136 and step=40
2026-04-16 17:57:44,179 - SplitNNServer - INFO - 19356 - phase=train acc=0.6547181372549019 loss=0.9034128189086914 epoch=136 and step=50
2026-04-16 17:57:45,647 - SplitNNServer - INFO - 19356 - phase=train acc=0.6499743852459017 loss=1.1816494464874268 epoch=136 and step=60
2026-04-16 17:57:46,994 - SplitNNServer - INFO - 19356 - phase=train acc=0.6541593309859155 loss=0.8813266158103943 epoch=136 and step=70
2026-04-16 17:57:48,136 - SplitNNClient - INFO - 21808 - worker_num=2 epoch_send=36038303275 epoch_receive=18339145776 total_send=36038303275 total_receive=18339145776 send_by_category={'OTHER': 12208, 'ACTS': 36021193857, 'MODEL': 17097210} recv_by_category={'OTHER': 3136, 'MODEL': 17730440, 'GRADS': 18321412200} send_by_type={10: 3136, 2: 36021193857, 7: 17097210, 3: 3024, 4: 3024, 6: 3024} recv_by_type={6: 3136, 8: 17730440, 1: 18321412200}
2026-04-16 17:57:50,954 - SplitNNServer - INFO - 19356 - phase=validation acc=0.6896 loss=0.9108884100672565 epoch=136 and step=79
2026-04-16 17:57:50,955 - CommBreakdown - INFO - 19356 - epoch_summary rank=0 node_type=server epoch=136 train_acc=0.65605 train_loss=0.970125 val_acc=0.6896 val_loss=0.910888 raw_acts_bytes=1309671424 quantized_acts_bytes=1309671424 acts_metadata_bytes=0 raw_grads_bytes=654311424 quantized_grads_bytes=654311424 grads_metadata_bytes=0 acts_compression=1 grads_compression=1 total_compression=1 acts_quant_time=0 grads_quant_time=0 send_time=0.502286 recv_time=0.630246 epoch_time=16.995
2026-04-16 17:57:54,109 - SplitNNServer - INFO - 19356 - phase=train acc=0.59375 loss=0.9951504468917847 epoch=137 and step=0
2026-04-16 17:57:55,431 - SplitNNServer - INFO - 19356 - phase=train acc=0.6455965909090909 loss=0.985497236251831 epoch=137 and step=10
2026-04-16 17:57:56,812 - SplitNNServer - INFO - 19356 - phase=train acc=0.6417410714285714 loss=0.8805035948753357 epoch=137 and step=20
2026-04-16 17:57:58,082 - SplitNNServer - INFO - 19356 - phase=train acc=0.6431451612903226 loss=0.8368800282478333 epoch=137 and step=30
2026-04-16 17:57:59,350 - SplitNNServer - INFO - 19356 - phase=train acc=0.6436737804878049 loss=1.0482518672943115 epoch=137 and step=40
2026-04-16 17:58:00,683 - SplitNNServer - INFO - 19356 - phase=train acc=0.6472120098039216 loss=0.8912861347198486 epoch=137 and step=50
2026-04-16 17:58:02,065 - SplitNNServer - INFO - 19356 - phase=train acc=0.6447233606557377 loss=0.9302501678466797 epoch=137 and step=60
2026-04-16 17:58:03,549 - SplitNNServer - INFO - 19356 - phase=train acc=0.6454665492957746 loss=0.8862547278404236 epoch=137 and step=70
2026-04-16 17:58:04,487 - SplitNNClient - INFO - 22124 - worker_num=3 epoch_send=36038303275 epoch_receive=18339145776 total_send=36038303275 total_receive=18339145776 send_by_category={'OTHER': 12208, 'ACTS': 36021193857, 'MODEL': 17097210} recv_by_category={'OTHER': 3136, 'MODEL': 17730440, 'GRADS': 18321412200} send_by_type={10: 3136, 2: 36021193857, 7: 17097210, 3: 3024, 4: 3024, 6: 3024} recv_by_type={6: 3136, 8: 17730440, 1: 18321412200}
2026-04-16 17:58:07,270 - SplitNNServer - INFO - 19356 - phase=validation acc=0.7016 loss=0.8510598193241071 epoch=137 and step=79
2026-04-16 17:58:07,270 - CommBreakdown - INFO - 19356 - epoch_summary rank=0 node_type=server epoch=137 train_acc=0.645333 train_loss=0.987868 val_acc=0.7016 val_loss=0.85106 raw_acts_bytes=1309671424 quantized_acts_bytes=1309671424 acts_metadata_bytes=0 raw_grads_bytes=654311424 quantized_grads_bytes=654311424 grads_metadata_bytes=0 acts_compression=1 grads_compression=1 total_compression=1 acts_quant_time=0 grads_quant_time=0 send_time=0.489137 recv_time=0.642046 epoch_time=16.3154
2026-04-16 17:58:10,365 - SplitNNServer - INFO - 19356 - phase=train acc=0.6328125 loss=1.0447356700897217 epoch=138 and step=0
2026-04-16 17:58:11,758 - SplitNNServer - INFO - 19356 - phase=train acc=0.6676136363636364 loss=0.9710732102394104 epoch=138 and step=10
2026-04-16 17:58:13,305 - SplitNNServer - INFO - 19356 - phase=train acc=0.6592261904761905 loss=0.9852299094200134 epoch=138 and step=20
2026-04-16 17:58:14,739 - SplitNNServer - INFO - 19356 - phase=train acc=0.6602822580645161 loss=1.0567333698272705 epoch=138 and step=30
2026-04-16 17:58:16,141 - SplitNNServer - INFO - 19356 - phase=train acc=0.6587271341463414 loss=0.913377046585083 epoch=138 and step=40
2026-04-16 17:58:17,552 - SplitNNServer - INFO - 19356 - phase=train acc=0.6597732843137255 loss=1.039563536643982 epoch=138 and step=50
2026-04-16 17:58:18,883 - SplitNNServer - INFO - 19356 - phase=train acc=0.6595799180327869 loss=0.9243732690811157 epoch=138 and step=60
2026-04-16 17:58:20,157 - SplitNNServer - INFO - 19356 - phase=train acc=0.6579005281690141 loss=0.9761075973510742 epoch=138 and step=70
2026-04-16 17:58:21,184 - SplitNNClient - INFO - 19304 - worker_num=4 epoch_send=36038303275 epoch_receive=18339145776 total_send=36038303275 total_receive=18339145776 send_by_category={'OTHER': 12208, 'ACTS': 36021193857, 'MODEL': 17097210} recv_by_category={'OTHER': 3136, 'MODEL': 17730440, 'GRADS': 18321412200} send_by_type={10: 3136, 2: 36021193857, 7: 17097210, 3: 3024, 4: 3024, 6: 3024} recv_by_type={6: 3136, 8: 17730440, 1: 18321412200}
2026-04-16 17:58:24,021 - SplitNNServer - INFO - 19356 - phase=validation acc=0.706 loss=0.8371975882143914 epoch=138 and step=79
2026-04-16 17:58:24,021 - CommBreakdown - INFO - 19356 - epoch_summary rank=0 node_type=server epoch=138 train_acc=0.655849 train_loss=0.967402 val_acc=0.706 val_loss=0.837198 raw_acts_bytes=1309671424 quantized_acts_bytes=1309671424 acts_metadata_bytes=0 raw_grads_bytes=654311424 quantized_grads_bytes=654311424 grads_metadata_bytes=0 acts_compression=1 grads_compression=1 total_compression=1 acts_quant_time=0 grads_quant_time=0 send_time=0.492187 recv_time=0.641717 epoch_time=16.7508
2026-04-16 17:58:27,183 - SplitNNServer - INFO - 19356 - phase=train acc=0.625 loss=0.960236668586731 epoch=139 and step=0
2026-04-16 17:58:28,523 - SplitNNServer - INFO - 19356 - phase=train acc=0.6370738636363636 loss=1.0332163572311401 epoch=139 and step=10
2026-04-16 17:58:30,090 - SplitNNServer - INFO - 19356 - phase=train acc=0.6529017857142857 loss=1.046772837638855 epoch=139 and step=20
2026-04-16 17:58:31,406 - SplitNNServer - INFO - 19356 - phase=train acc=0.6575100806451613 loss=0.8386213183403015 epoch=139 and step=30
2026-04-16 17:58:32,681 - SplitNNServer - INFO - 19356 - phase=train acc=0.655297256097561 loss=1.0995405912399292 epoch=139 and step=40
2026-04-16 17:58:34,015 - SplitNNServer - INFO - 19356 - phase=train acc=0.6551776960784313 loss=1.1604819297790527 epoch=139 and step=50
2026-04-16 17:58:35,283 - SplitNNServer - INFO - 19356 - phase=train acc=0.6542008196721312 loss=0.8844977021217346 epoch=139 and step=60
2026-04-16 17:58:36,690 - SplitNNServer - INFO - 19356 - phase=train acc=0.6564700704225352 loss=1.0238089561462402 epoch=139 and step=70
2026-04-16 17:58:37,879 - SplitNNClient - INFO - 21260 - worker_num=5 epoch_send=36038303275 epoch_receive=18339145776 total_send=36038303275 total_receive=18339145776 send_by_category={'OTHER': 12208, 'ACTS': 36021193857, 'MODEL': 17097210} recv_by_category={'OTHER': 3136, 'MODEL': 17730440, 'GRADS': 18321412200} send_by_type={10: 3136, 2: 36021193857, 7: 17097210, 3: 3024, 4: 3024, 6: 3024} recv_by_type={6: 3136, 8: 17730440, 1: 18321412200}
2026-04-16 17:58:40,785 - SplitNNServer - INFO - 19356 - phase=validation acc=0.6874 loss=0.8849893876268894 epoch=139 and step=79
2026-04-16 17:58:40,785 - CommBreakdown - INFO - 19356 - epoch_summary rank=0 node_type=server epoch=139 train_acc=0.654046 train_loss=0.984955 val_acc=0.6874 val_loss=0.884989 raw_acts_bytes=1309671424 quantized_acts_bytes=1309671424 acts_metadata_bytes=0 raw_grads_bytes=654311424 quantized_grads_bytes=654311424 grads_metadata_bytes=0 acts_compression=1 grads_compression=1 total_compression=1 acts_quant_time=0 grads_quant_time=0 send_time=0.508935 recv_time=0.665043 epoch_time=16.7636
2026-04-16 17:58:43,922 - SplitNNServer - INFO - 19356 - phase=train acc=0.671875 loss=0.929440975189209 epoch=140 and step=0
2026-04-16 17:58:45,285 - SplitNNServer - INFO - 19356 - phase=train acc=0.6590909090909091 loss=1.051220417022705 epoch=140 and step=10
2026-04-16 17:58:46,737 - SplitNNServer - INFO - 19356 - phase=train acc=0.6677827380952381 loss=0.9560725092887878 epoch=140 and step=20
2026-04-16 17:58:48,199 - SplitNNServer - INFO - 19356 - phase=train acc=0.6648185483870968 loss=0.9643777012825012 epoch=140 and step=30
2026-04-16 17:58:49,561 - SplitNNServer - INFO - 19356 - phase=train acc=0.6581554878048781 loss=1.0920040607452393 epoch=140 and step=40
2026-04-16 17:58:51,132 - SplitNNServer - INFO - 19356 - phase=train acc=0.6600796568627451 loss=0.8230174779891968 epoch=140 and step=50
2026-04-16 17:58:52,538 - SplitNNServer - INFO - 19356 - phase=train acc=0.6603483606557377 loss=0.9240031838417053 epoch=140 and step=60
2026-04-16 17:58:54,022 - SplitNNServer - INFO - 19356 - phase=train acc=0.660431338028169 loss=0.8908447623252869 epoch=140 and step=70
2026-04-16 17:58:55,066 - SplitNNClient - INFO - 20956 - worker_num=1 epoch_send=37348817516 epoch_receive=18993481926 total_send=37348817516 total_receive=18993481926 send_by_category={'ACTS': 37331074532, 'MODEL': 17730440, 'OTHER': 12544} recv_by_category={'GRADS': 18975748350, 'OTHER': 3136, 'MODEL': 17730440} send_by_type={2: 37331074532, 7: 17730440, 3: 3136, 4: 3136, 6: 3136, 10: 3136} recv_by_type={1: 18975748350, 6: 3136, 8: 17730440}
2026-04-16 17:58:57,959 - SplitNNServer - INFO - 19356 - phase=validation acc=0.685 loss=0.9255583482452586 epoch=140 and step=79
2026-04-16 17:58:57,959 - CommBreakdown - INFO - 19356 - epoch_summary rank=0 node_type=server epoch=140 train_acc=0.660557 train_loss=0.951355 val_acc=0.685 val_loss=0.925558 raw_acts_bytes=1309671424 quantized_acts_bytes=1309671424 acts_metadata_bytes=0 raw_grads_bytes=654311424 quantized_grads_bytes=654311424 grads_metadata_bytes=0 acts_compression=1 grads_compression=1 total_compression=1 acts_quant_time=0 grads_quant_time=0 send_time=0.504079 recv_time=0.682876 epoch_time=17.1737
2026-04-16 17:59:01,089 - SplitNNServer - INFO - 19356 - phase=train acc=0.734375 loss=0.7291463613510132 epoch=141 and step=0
2026-04-16 17:59:02,478 - SplitNNServer - INFO - 19356 - phase=train acc=0.6583806818181818 loss=0.8403337001800537 epoch=141 and step=10
2026-04-16 17:59:03,767 - SplitNNServer - INFO - 19356 - phase=train acc=0.6476934523809523 loss=1.0137377977371216 epoch=141 and step=20
2026-04-16 17:59:05,078 - SplitNNServer - INFO - 19356 - phase=train acc=0.6486895161290323 loss=1.0575122833251953 epoch=141 and step=30
2026-04-16 17:59:06,616 - SplitNNServer - INFO - 19356 - phase=train acc=0.6524390243902439 loss=1.1141712665557861 epoch=141 and step=40
2026-04-16 17:59:08,022 - SplitNNServer - INFO - 19356 - phase=train acc=0.6531862745098039 loss=1.1397908926010132 epoch=141 and step=50
2026-04-16 17:59:09,453 - SplitNNServer - INFO - 19356 - phase=train acc=0.6577868852459017 loss=1.2192933559417725 epoch=141 and step=60
2026-04-16 17:59:10,834 - SplitNNServer - INFO - 19356 - phase=train acc=0.6608714788732394 loss=0.6874333024024963 epoch=141 and step=70
2026-04-16 17:59:11,830 - SplitNNClient - INFO - 21808 - worker_num=2 epoch_send=37348817628 epoch_receive=18994115268 total_send=37348817628 total_receive=18994115268 send_by_category={'OTHER': 12656, 'ACTS': 37331074532, 'MODEL': 17730440} recv_by_category={'OTHER': 3248, 'MODEL': 18363670, 'GRADS': 18975748350} send_by_type={10: 3248, 2: 37331074532, 7: 17730440, 3: 3136, 4: 3136, 6: 3136} recv_by_type={6: 3248, 8: 18363670, 1: 18975748350}
2026-04-16 17:59:14,726 - SplitNNServer - INFO - 19356 - phase=validation acc=0.6973 loss=0.8682022736042361 epoch=141 and step=79
2026-04-16 17:59:14,726 - CommBreakdown - INFO - 19356 - epoch_summary rank=0 node_type=server epoch=141 train_acc=0.66236 train_loss=0.955935 val_acc=0.6973 val_loss=0.868202 raw_acts_bytes=1309671424 quantized_acts_bytes=1309671424 acts_metadata_bytes=0 raw_grads_bytes=654311424 quantized_grads_bytes=654311424 grads_metadata_bytes=0 acts_compression=1 grads_compression=1 total_compression=1 acts_quant_time=0 grads_quant_time=0 send_time=0.488806 recv_time=0.63905 epoch_time=16.767
2026-04-16 17:59:17,868 - SplitNNServer - INFO - 19356 - phase=train acc=0.6015625 loss=1.0686908960342407 epoch=142 and step=0
2026-04-16 17:59:19,277 - SplitNNServer - INFO - 19356 - phase=train acc=0.6370738636363636 loss=0.9469062685966492 epoch=142 and step=10
2026-04-16 17:59:20,688 - SplitNNServer - INFO - 19356 - phase=train acc=0.6436011904761905 loss=1.135606288909912 epoch=142 and step=20
2026-04-16 17:59:21,957 - SplitNNServer - INFO - 19356 - phase=train acc=0.6459173387096774 loss=1.0260450839996338 epoch=142 and step=30
2026-04-16 17:59:23,240 - SplitNNServer - INFO - 19356 - phase=train acc=0.6472942073170732 loss=1.0051268339157104 epoch=142 and step=40
2026-04-16 17:59:24,676 - SplitNNServer - INFO - 19356 - phase=train acc=0.6482843137254902 loss=0.8745105266571045 epoch=142 and step=50
2026-04-16 17:59:26,194 - SplitNNServer - INFO - 19356 - phase=train acc=0.6472848360655737 loss=0.9298352003097534 epoch=142 and step=60
2026-04-16 17:59:27,650 - SplitNNServer - INFO - 19356 - phase=train acc=0.6506382042253521 loss=0.935363233089447 epoch=142 and step=70
2026-04-16 17:59:28,729 - SplitNNClient - INFO - 22124 - worker_num=3 epoch_send=37348817628 epoch_receive=18994115268 total_send=37348817628 total_receive=18994115268 send_by_category={'OTHER': 12656, 'ACTS': 37331074532, 'MODEL': 17730440} recv_by_category={'OTHER': 3248, 'MODEL': 18363670, 'GRADS': 18975748350} send_by_type={10: 3248, 2: 37331074532, 7: 17730440, 3: 3136, 4: 3136, 6: 3136} recv_by_type={6: 3248, 8: 18363670, 1: 18975748350}
2026-04-16 17:59:31,477 - SplitNNServer - INFO - 19356 - phase=validation acc=0.6903 loss=0.9065654383429999 epoch=142 and step=79
2026-04-16 17:59:31,477 - CommBreakdown - INFO - 19356 - epoch_summary rank=0 node_type=server epoch=142 train_acc=0.650641 train_loss=0.974539 val_acc=0.6903 val_loss=0.906565 raw_acts_bytes=1309671424 quantized_acts_bytes=1309671424 acts_metadata_bytes=0 raw_grads_bytes=654311424 quantized_grads_bytes=654311424 grads_metadata_bytes=0 acts_compression=1 grads_compression=1 total_compression=1 acts_quant_time=0 grads_quant_time=0 send_time=0.521991 recv_time=0.637717 epoch_time=16.7503
2026-04-16 17:59:34,612 - SplitNNServer - INFO - 19356 - phase=train acc=0.6953125 loss=0.8677958250045776 epoch=143 and step=0
2026-04-16 17:59:35,962 - SplitNNServer - INFO - 19356 - phase=train acc=0.6740056818181818 loss=0.8487091064453125 epoch=143 and step=10
2026-04-16 17:59:37,366 - SplitNNServer - INFO - 19356 - phase=train acc=0.6651785714285714 loss=1.1038448810577393 epoch=143 and step=20
2026-04-16 17:59:38,772 - SplitNNServer - INFO - 19356 - phase=train acc=0.6622983870967742 loss=0.8603611588478088 epoch=143 and step=30
2026-04-16 17:59:40,044 - SplitNNServer - INFO - 19356 - phase=train acc=0.6623475609756098 loss=0.942416787147522 epoch=143 and step=40
2026-04-16 17:59:41,366 - SplitNNServer - INFO - 19356 - phase=train acc=0.6574754901960784 loss=1.0804553031921387 epoch=143 and step=50
2026-04-16 17:59:42,727 - SplitNNServer - INFO - 19356 - phase=train acc=0.6565061475409836 loss=0.933551549911499 epoch=143 and step=60
2026-04-16 17:59:44,067 - SplitNNServer - INFO - 19356 - phase=train acc=0.6564700704225352 loss=1.007782220840454 epoch=143 and step=70
2026-04-16 17:59:45,010 - SplitNNClient - INFO - 19304 - worker_num=4 epoch_send=37348817628 epoch_receive=18994115268 total_send=37348817628 total_receive=18994115268 send_by_category={'OTHER': 12656, 'ACTS': 37331074532, 'MODEL': 17730440} recv_by_category={'OTHER': 3248, 'MODEL': 18363670, 'GRADS': 18975748350} send_by_type={10: 3248, 2: 37331074532, 7: 17730440, 3: 3136, 4: 3136, 6: 3136} recv_by_type={6: 3248, 8: 18363670, 1: 18975748350}
2026-04-16 17:59:47,821 - SplitNNServer - INFO - 19356 - phase=validation acc=0.6916 loss=0.8956018233601051 epoch=143 and step=79
2026-04-16 17:59:47,821 - CommBreakdown - INFO - 19356 - epoch_summary rank=0 node_type=server epoch=143 train_acc=0.655649 train_loss=0.959492 val_acc=0.6916 val_loss=0.895602 raw_acts_bytes=1309671424 quantized_acts_bytes=1309671424 acts_metadata_bytes=0 raw_grads_bytes=654311424 quantized_grads_bytes=654311424 grads_metadata_bytes=0 acts_compression=1 grads_compression=1 total_compression=1 acts_quant_time=0 grads_quant_time=0 send_time=0.502404 recv_time=0.657099 epoch_time=16.3443
2026-04-16 17:59:50,995 - SplitNNServer - INFO - 19356 - phase=train acc=0.6171875 loss=1.144118070602417 epoch=144 and step=0
2026-04-16 17:59:52,596 - SplitNNServer - INFO - 19356 - phase=train acc=0.6477272727272727 loss=0.9791479110717773 epoch=144 and step=10
2026-04-16 17:59:54,067 - SplitNNServer - INFO - 19356 - phase=train acc=0.6614583333333334 loss=0.8919550180435181 epoch=144 and step=20
2026-04-16 17:59:55,552 - SplitNNServer - INFO - 19356 - phase=train acc=0.6633064516129032 loss=0.8403974175453186 epoch=144 and step=30
2026-04-16 17:59:57,065 - SplitNNServer - INFO - 19356 - phase=train acc=0.6587271341463414 loss=0.9143630266189575 epoch=144 and step=40
2026-04-16 17:59:58,643 - SplitNNServer - INFO - 19356 - phase=train acc=0.6548713235294118 loss=1.1039334535598755 epoch=144 and step=50
2026-04-16 18:00:00,019 - SplitNNServer - INFO - 19356 - phase=train acc=0.6563780737704918 loss=0.9458905458450317 epoch=144 and step=60
2026-04-16 18:00:01,524 - SplitNNServer - INFO - 19356 - phase=train acc=0.6554797535211268 loss=1.1430232524871826 epoch=144 and step=70
2026-04-16 18:00:02,639 - SplitNNClient - INFO - 21260 - worker_num=5 epoch_send=37348817628 epoch_receive=18994115268 total_send=37348817628 total_receive=18994115268 send_by_category={'OTHER': 12656, 'ACTS': 37331074532, 'MODEL': 17730440} recv_by_category={'OTHER': 3248, 'MODEL': 18363670, 'GRADS': 18975748350} send_by_type={10: 3248, 2: 37331074532, 7: 17730440, 3: 3136, 4: 3136, 6: 3136} recv_by_type={6: 3248, 8: 18363670, 1: 18975748350}
2026-04-16 18:00:05,560 - SplitNNServer - INFO - 19356 - phase=validation acc=0.6836 loss=0.908907084525386 epoch=144 and step=79
2026-04-16 18:00:05,560 - CommBreakdown - INFO - 19356 - epoch_summary rank=0 node_type=server epoch=144 train_acc=0.654347 train_loss=0.971774 val_acc=0.6836 val_loss=0.908907 raw_acts_bytes=1309671424 quantized_acts_bytes=1309671424 acts_metadata_bytes=0 raw_grads_bytes=654311424 quantized_grads_bytes=654311424 grads_metadata_bytes=0 acts_compression=1 grads_compression=1 total_compression=1 acts_quant_time=0 grads_quant_time=0 send_time=0.535104 recv_time=0.802939 epoch_time=17.7393
2026-04-16 18:00:08,700 - SplitNNServer - INFO - 19356 - phase=train acc=0.640625 loss=0.9479161500930786 epoch=145 and step=0
2026-04-16 18:00:10,216 - SplitNNServer - INFO - 19356 - phase=train acc=0.6491477272727273 loss=0.8858121037483215 epoch=145 and step=10
2026-04-16 18:00:11,480 - SplitNNServer - INFO - 19356 - phase=train acc=0.6480654761904762 loss=0.9609783291816711 epoch=145 and step=20
2026-04-16 18:00:12,915 - SplitNNServer - INFO - 19356 - phase=train acc=0.6456653225806451 loss=1.0339324474334717 epoch=145 and step=30
2026-04-16 18:00:14,383 - SplitNNServer - INFO - 19356 - phase=train acc=0.6520579268292683 loss=0.9028875827789307 epoch=145 and step=40
2026-04-16 18:00:15,816 - SplitNNServer - INFO - 19356 - phase=train acc=0.6550245098039216 loss=0.8014969825744629 epoch=145 and step=50
2026-04-16 18:00:17,217 - SplitNNServer - INFO - 19356 - phase=train acc=0.6576588114754098 loss=1.0045936107635498 epoch=145 and step=60
2026-04-16 18:00:18,736 - SplitNNServer - INFO - 19356 - phase=train acc=0.65625 loss=0.9478623867034912 epoch=145 and step=70
2026-04-16 18:00:19,904 - SplitNNClient - INFO - 20956 - worker_num=1 epoch_send=38659331869 epoch_receive=19648451418 total_send=38659331869 total_receive=19648451418 send_by_category={'ACTS': 38640955207, 'MODEL': 18363670, 'OTHER': 12992} recv_by_category={'GRADS': 19630084500, 'OTHER': 3248, 'MODEL': 18363670} send_by_type={2: 38640955207, 7: 18363670, 3: 3248, 4: 3248, 6: 3248, 10: 3248} recv_by_type={1: 19630084500, 6: 3248, 8: 18363670}
2026-04-16 18:00:22,801 - SplitNNServer - INFO - 19356 - phase=validation acc=0.7112 loss=0.8261985778808594 epoch=145 and step=79
2026-04-16 18:00:22,801 - CommBreakdown - INFO - 19356 - epoch_summary rank=0 node_type=server epoch=145 train_acc=0.656951 train_loss=0.944317 val_acc=0.7112 val_loss=0.826199 raw_acts_bytes=1309671424 quantized_acts_bytes=1309671424 acts_metadata_bytes=0 raw_grads_bytes=654311424 quantized_grads_bytes=654311424 grads_metadata_bytes=0 acts_compression=1 grads_compression=1 total_compression=1 acts_quant_time=0 grads_quant_time=0 send_time=0.516297 recv_time=0.663743 epoch_time=17.2402
2026-04-16 18:00:25,958 - SplitNNServer - INFO - 19356 - phase=train acc=0.5390625 loss=1.1745620965957642 epoch=146 and step=0
2026-04-16 18:00:27,362 - SplitNNServer - INFO - 19356 - phase=train acc=0.6463068181818182 loss=0.9207292795181274 epoch=146 and step=10
2026-04-16 18:00:28,776 - SplitNNServer - INFO - 19356 - phase=train acc=0.6529017857142857 loss=1.198420763015747 epoch=146 and step=20
2026-04-16 18:00:30,210 - SplitNNServer - INFO - 19356 - phase=train acc=0.6585181451612904 loss=0.954287588596344 epoch=146 and step=30
2026-04-16 18:00:31,481 - SplitNNServer - INFO - 19356 - phase=train acc=0.6545350609756098 loss=1.0227131843566895 epoch=146 and step=40
2026-04-16 18:00:32,940 - SplitNNServer - INFO - 19356 - phase=train acc=0.655484068627451 loss=0.8617295026779175 epoch=146 and step=50
2026-04-16 18:00:34,217 - SplitNNServer - INFO - 19356 - phase=train acc=0.6552254098360656 loss=0.9675005674362183 epoch=146 and step=60
2026-04-16 18:00:35,652 - SplitNNServer - INFO - 19356 - phase=train acc=0.6538292253521126 loss=0.9225764870643616 epoch=146 and step=70
2026-04-16 18:00:36,707 - SplitNNClient - INFO - 21808 - worker_num=2 epoch_send=38659331981 epoch_receive=19649084760 total_send=38659331981 total_receive=19649084760 send_by_category={'OTHER': 13104, 'ACTS': 38640955207, 'MODEL': 18363670} recv_by_category={'OTHER': 3360, 'MODEL': 18996900, 'GRADS': 19630084500} send_by_type={10: 3360, 2: 38640955207, 7: 18363670, 3: 3248, 4: 3248, 6: 3248} recv_by_type={6: 3360, 8: 18996900, 1: 19630084500}
2026-04-16 18:00:39,609 - SplitNNServer - INFO - 19356 - phase=validation acc=0.6974 loss=0.8650602879403513 epoch=146 and step=79
2026-04-16 18:00:39,609 - CommBreakdown - INFO - 19356 - epoch_summary rank=0 node_type=server epoch=146 train_acc=0.657652 train_loss=0.953667 val_acc=0.6974 val_loss=0.86506 raw_acts_bytes=1309671424 quantized_acts_bytes=1309671424 acts_metadata_bytes=0 raw_grads_bytes=654311424 quantized_grads_bytes=654311424 grads_metadata_bytes=0 acts_compression=1 grads_compression=1 total_compression=1 acts_quant_time=0 grads_quant_time=0 send_time=0.529901 recv_time=0.647263 epoch_time=16.8075
2026-04-16 18:00:42,718 - SplitNNServer - INFO - 19356 - phase=train acc=0.578125 loss=1.1215949058532715 epoch=147 and step=0
2026-04-16 18:00:44,174 - SplitNNServer - INFO - 19356 - phase=train acc=0.6477272727272727 loss=0.9317525625228882 epoch=147 and step=10
2026-04-16 18:00:45,639 - SplitNNServer - INFO - 19356 - phase=train acc=0.6543898809523809 loss=0.9141867756843567 epoch=147 and step=20
2026-04-16 18:00:46,978 - SplitNNServer - INFO - 19356 - phase=train acc=0.6559979838709677 loss=0.9375991821289062 epoch=147 and step=30
2026-04-16 18:00:48,245 - SplitNNServer - INFO - 19356 - phase=train acc=0.6566310975609756 loss=0.9300300478935242 epoch=147 and step=40
2026-04-16 18:00:49,605 - SplitNNServer - INFO - 19356 - phase=train acc=0.6571691176470589 loss=0.8437871932983398 epoch=147 and step=50
2026-04-16 18:00:50,982 - SplitNNServer - INFO - 19356 - phase=train acc=0.6572745901639344 loss=0.8651735782623291 epoch=147 and step=60
2026-04-16 18:00:52,369 - SplitNNServer - INFO - 19356 - phase=train acc=0.6585607394366197 loss=0.7833112478256226 epoch=147 and step=70
2026-04-16 18:00:53,313 - SplitNNClient - INFO - 22124 - worker_num=3 epoch_send=38659331981 epoch_receive=19649084760 total_send=38659331981 total_receive=19649084760 send_by_category={'OTHER': 13104, 'ACTS': 38640955207, 'MODEL': 18363670} recv_by_category={'OTHER': 3360, 'MODEL': 18996900, 'GRADS': 19630084500} send_by_type={10: 3360, 2: 38640955207, 7: 18363670, 3: 3248, 4: 3248, 6: 3248} recv_by_type={6: 3360, 8: 18996900, 1: 19630084500}
2026-04-16 18:00:56,051 - SplitNNServer - INFO - 19356 - phase=validation acc=0.6983 loss=0.8437455817113949 epoch=147 and step=79
2026-04-16 18:00:56,053 - CommBreakdown - INFO - 19356 - epoch_summary rank=0 node_type=server epoch=147 train_acc=0.658654 train_loss=0.950449 val_acc=0.6983 val_loss=0.843746 raw_acts_bytes=1309671424 quantized_acts_bytes=1309671424 acts_metadata_bytes=0 raw_grads_bytes=654311424 quantized_grads_bytes=654311424 grads_metadata_bytes=0 acts_compression=1 grads_compression=1 total_compression=1 acts_quant_time=0 grads_quant_time=0 send_time=0.519446 recv_time=0.638835 epoch_time=16.4427
2026-04-16 18:00:59,212 - SplitNNServer - INFO - 19356 - phase=train acc=0.640625 loss=0.9591458439826965 epoch=148 and step=0
2026-04-16 18:01:00,649 - SplitNNServer - INFO - 19356 - phase=train acc=0.6420454545454546 loss=1.0210801362991333 epoch=148 and step=10
2026-04-16 18:01:02,055 - SplitNNServer - INFO - 19356 - phase=train acc=0.6569940476190477 loss=0.9192767143249512 epoch=148 and step=20
2026-04-16 18:01:03,322 - SplitNNServer - INFO - 19356 - phase=train acc=0.6597782258064516 loss=0.8087576031684875 epoch=148 and step=30
2026-04-16 18:01:04,745 - SplitNNServer - INFO - 19356 - phase=train acc=0.6577743902439024 loss=0.8789025545120239 epoch=148 and step=40
2026-04-16 18:01:06,263 - SplitNNServer - INFO - 19356 - phase=train acc=0.657015931372549 loss=0.8575803637504578 epoch=148 and step=50
2026-04-16 18:01:07,688 - SplitNNServer - INFO - 19356 - phase=train acc=0.6611168032786885 loss=1.010837197303772 epoch=148 and step=60
2026-04-16 18:01:09,150 - SplitNNServer - INFO - 19356 - phase=train acc=0.6638424295774648 loss=0.958892285823822 epoch=148 and step=70
2026-04-16 18:01:10,232 - SplitNNClient - INFO - 19304 - worker_num=4 epoch_send=38659331981 epoch_receive=19649084760 total_send=38659331981 total_receive=19649084760 send_by_category={'OTHER': 13104, 'ACTS': 38640955207, 'MODEL': 18363670} recv_by_category={'OTHER': 3360, 'MODEL': 18996900, 'GRADS': 19630084500} send_by_type={10: 3360, 2: 38640955207, 7: 18363670, 3: 3248, 4: 3248, 6: 3248} recv_by_type={6: 3360, 8: 18996900, 1: 19630084500}
2026-04-16 18:01:13,124 - SplitNNServer - INFO - 19356 - phase=validation acc=0.7038 loss=0.8510903814170934 epoch=148 and step=79
2026-04-16 18:01:13,124 - CommBreakdown - INFO - 19356 - epoch_summary rank=0 node_type=server epoch=148 train_acc=0.664663 train_loss=0.940151 val_acc=0.7038 val_loss=0.85109 raw_acts_bytes=1309671424 quantized_acts_bytes=1309671424 acts_metadata_bytes=0 raw_grads_bytes=654311424 quantized_grads_bytes=654311424 grads_metadata_bytes=0 acts_compression=1 grads_compression=1 total_compression=1 acts_quant_time=0 grads_quant_time=0 send_time=0.5048 recv_time=0.671103 epoch_time=17.0718
2026-04-16 18:01:16,240 - SplitNNServer - INFO - 19356 - phase=train acc=0.6484375 loss=0.8808216452598572 epoch=149 and step=0
2026-04-16 18:01:17,782 - SplitNNServer - INFO - 19356 - phase=train acc=0.6534090909090909 loss=1.0159497261047363 epoch=149 and step=10
2026-04-16 18:01:19,362 - SplitNNServer - INFO - 19356 - phase=train acc=0.6514136904761905 loss=1.0446906089782715 epoch=149 and step=20
2026-04-16 18:01:20,931 - SplitNNServer - INFO - 19356 - phase=train acc=0.6577620967741935 loss=0.7610914707183838 epoch=149 and step=30
2026-04-16 18:01:22,321 - SplitNNServer - INFO - 19356 - phase=train acc=0.6577743902439024 loss=0.8448749780654907 epoch=149 and step=40
2026-04-16 18:01:23,629 - SplitNNServer - INFO - 19356 - phase=train acc=0.6571691176470589 loss=0.8482761383056641 epoch=149 and step=50
2026-04-16 18:01:24,905 - SplitNNServer - INFO - 19356 - phase=train acc=0.6598360655737705 loss=1.0408309698104858 epoch=149 and step=60
2026-04-16 18:01:26,200 - SplitNNServer - INFO - 19356 - phase=train acc=0.6603213028169014 loss=1.0646538734436035 epoch=149 and step=70
2026-04-16 18:01:27,178 - SplitNNClient - INFO - 21260 - worker_num=5 epoch_send=38659331981 epoch_receive=19649084760 total_send=38659331981 total_receive=19649084760 send_by_category={'OTHER': 13104, 'ACTS': 38640955207, 'MODEL': 18363670} recv_by_category={'OTHER': 3360, 'MODEL': 18996900, 'GRADS': 19630084500} send_by_type={10: 3360, 2: 38640955207, 7: 18363670, 3: 3248, 4: 3248, 6: 3248} recv_by_type={6: 3360, 8: 18996900, 1: 19630084500}
2026-04-16 18:01:30,066 - SplitNNServer - INFO - 19356 - phase=validation acc=0.7091 loss=0.8404434361035311 epoch=149 and step=79
2026-04-16 18:01:30,066 - CommBreakdown - INFO - 19356 - epoch_summary rank=0 node_type=server epoch=149 train_acc=0.660557 train_loss=0.959806 val_acc=0.7091 val_loss=0.840443 raw_acts_bytes=1309671424 quantized_acts_bytes=1309671424 acts_metadata_bytes=0 raw_grads_bytes=654311424 quantized_grads_bytes=654311424 grads_metadata_bytes=0 acts_compression=1 grads_compression=1 total_compression=1 acts_quant_time=0 grads_quant_time=0 send_time=0.521977 recv_time=0.659977 epoch_time=16.9419
2026-04-16 18:01:33,235 - SplitNNServer - INFO - 19356 - phase=train acc=0.6484375 loss=0.9557421207427979 epoch=150 and step=0
2026-04-16 18:01:34,655 - SplitNNServer - INFO - 19356 - phase=train acc=0.6768465909090909 loss=0.9375803470611572 epoch=150 and step=10
2026-04-16 18:01:35,964 - SplitNNServer - INFO - 19356 - phase=train acc=0.6752232142857143 loss=1.0582685470581055 epoch=150 and step=20
2026-04-16 18:01:37,251 - SplitNNServer - INFO - 19356 - phase=train acc=0.6781754032258065 loss=0.9040154218673706 epoch=150 and step=30
2026-04-16 18:01:38,706 - SplitNNServer - INFO - 19356 - phase=train acc=0.6819740853658537 loss=0.7225345969200134 epoch=150 and step=40
2026-04-16 18:01:40,279 - SplitNNServer - INFO - 19356 - phase=train acc=0.6830575980392157 loss=0.9902464151382446 epoch=150 and step=50
2026-04-16 18:01:41,828 - SplitNNServer - INFO - 19356 - phase=train acc=0.6776383196721312 loss=0.981959342956543 epoch=150 and step=60
2026-04-16 18:01:43,378 - SplitNNServer - INFO - 19356 - phase=train acc=0.6746258802816901 loss=0.9506607055664062 epoch=150 and step=70
2026-04-16 18:01:44,467 - SplitNNClient - INFO - 20956 - worker_num=1 epoch_send=39969846222 epoch_receive=20303420910 total_send=39969846222 total_receive=20303420910 send_by_category={'ACTS': 39950835882, 'MODEL': 18996900, 'OTHER': 13440} recv_by_category={'GRADS': 20284420650, 'OTHER': 3360, 'MODEL': 18996900} send_by_type={2: 39950835882, 7: 18996900, 3: 3360, 4: 3360, 6: 3360, 10: 3360} recv_by_type={1: 20284420650, 6: 3360, 8: 18996900}
2026-04-16 18:01:47,369 - SplitNNServer - INFO - 19356 - phase=validation acc=0.7093 loss=0.8482138846493974 epoch=150 and step=79
2026-04-16 18:01:47,369 - CommBreakdown - INFO - 19356 - epoch_summary rank=0 node_type=server epoch=150 train_acc=0.674579 train_loss=0.934708 val_acc=0.7093 val_loss=0.848214 raw_acts_bytes=1309671424 quantized_acts_bytes=1309671424 acts_metadata_bytes=0 raw_grads_bytes=654311424 quantized_grads_bytes=654311424 grads_metadata_bytes=0 acts_compression=1 grads_compression=1 total_compression=1 acts_quant_time=0 grads_quant_time=0 send_time=0.518593 recv_time=0.687198 epoch_time=17.3025
2026-04-16 18:01:50,471 - SplitNNServer - INFO - 19356 - phase=train acc=0.7265625 loss=0.9051203727722168 epoch=151 and step=0
2026-04-16 18:01:51,772 - SplitNNServer - INFO - 19356 - phase=train acc=0.6740056818181818 loss=1.0751867294311523 epoch=151 and step=10
2026-04-16 18:01:53,326 - SplitNNServer - INFO - 19356 - phase=train acc=0.6688988095238095 loss=1.012366771697998 epoch=151 and step=20
2026-04-16 18:01:54,664 - SplitNNServer - INFO - 19356 - phase=train acc=0.6716229838709677 loss=0.9042060375213623 epoch=151 and step=30
2026-04-16 18:01:55,971 - SplitNNServer - INFO - 19356 - phase=train acc=0.6703506097560976 loss=0.9494768381118774 epoch=151 and step=40
2026-04-16 18:01:57,267 - SplitNNServer - INFO - 19356 - phase=train acc=0.6698835784313726 loss=0.9928070306777954 epoch=151 and step=50
2026-04-16 18:01:58,693 - SplitNNServer - INFO - 19356 - phase=train acc=0.6648309426229508 loss=0.7567051649093628 epoch=151 and step=60
2026-04-16 18:02:00,155 - SplitNNServer - INFO - 19356 - phase=train acc=0.6669234154929577 loss=1.0148093700408936 epoch=151 and step=70
2026-04-16 18:02:01,172 - SplitNNClient - INFO - 21808 - worker_num=2 epoch_send=39969846334 epoch_receive=20304054252 total_send=39969846334 total_receive=20304054252 send_by_category={'OTHER': 13552, 'ACTS': 39950835882, 'MODEL': 18996900} recv_by_category={'OTHER': 3472, 'MODEL': 19630130, 'GRADS': 20284420650} send_by_type={10: 3472, 2: 39950835882, 7: 18996900, 3: 3360, 4: 3360, 6: 3360} recv_by_type={6: 3472, 8: 19630130, 1: 20284420650}
2026-04-16 18:02:04,009 - SplitNNServer - INFO - 19356 - phase=validation acc=0.704 loss=0.8546880815602556 epoch=151 and step=79
2026-04-16 18:02:04,009 - CommBreakdown - INFO - 19356 - epoch_summary rank=0 node_type=server epoch=151 train_acc=0.667668 train_loss=0.941034 val_acc=0.704 val_loss=0.854688 raw_acts_bytes=1309671424 quantized_acts_bytes=1309671424 acts_metadata_bytes=0 raw_grads_bytes=654311424 quantized_grads_bytes=654311424 grads_metadata_bytes=0 acts_compression=1 grads_compression=1 total_compression=1 acts_quant_time=0 grads_quant_time=0 send_time=0.517372 recv_time=0.638231 epoch_time=16.6407
2026-04-16 18:02:07,175 - SplitNNServer - INFO - 19356 - phase=train acc=0.7265625 loss=0.8007149696350098 epoch=152 and step=0
2026-04-16 18:02:08,559 - SplitNNServer - INFO - 19356 - phase=train acc=0.6768465909090909 loss=0.9876210689544678 epoch=152 and step=10
2026-04-16 18:02:10,030 - SplitNNServer - INFO - 19356 - phase=train acc=0.6685267857142857 loss=0.7529230713844299 epoch=152 and step=20
2026-04-16 18:02:11,423 - SplitNNServer - INFO - 19356 - phase=train acc=0.6696068548387096 loss=0.9786561727523804 epoch=152 and step=30
2026-04-16 18:02:13,002 - SplitNNServer - INFO - 19356 - phase=train acc=0.6686356707317073 loss=0.8127719163894653 epoch=152 and step=40
2026-04-16 18:02:14,549 - SplitNNServer - INFO - 19356 - phase=train acc=0.6708026960784313 loss=0.8801321387290955 epoch=152 and step=50
2026-04-16 18:02:16,038 - SplitNNServer - INFO - 19356 - phase=train acc=0.6700819672131147 loss=1.0513718128204346 epoch=152 and step=60
2026-04-16 18:02:17,498 - SplitNNServer - INFO - 19356 - phase=train acc=0.6693441901408451 loss=0.879047155380249 epoch=152 and step=70
2026-04-16 18:02:18,578 - SplitNNClient - INFO - 22124 - worker_num=3 epoch_send=39969846334 epoch_receive=20304054252 total_send=39969846334 total_receive=20304054252 send_by_category={'OTHER': 13552, 'ACTS': 39950835882, 'MODEL': 18996900} recv_by_category={'OTHER': 3472, 'MODEL': 19630130, 'GRADS': 20284420650} send_by_type={10: 3472, 2: 39950835882, 7: 18996900, 3: 3360, 4: 3360, 6: 3360} recv_by_type={6: 3472, 8: 19630130, 1: 20284420650}
2026-04-16 18:02:21,383 - SplitNNServer - INFO - 19356 - phase=validation acc=0.7103 loss=0.8269912121416647 epoch=152 and step=79
2026-04-16 18:02:21,383 - CommBreakdown - INFO - 19356 - epoch_summary rank=0 node_type=server epoch=152 train_acc=0.66847 train_loss=0.933879 val_acc=0.7103 val_loss=0.826991 raw_acts_bytes=1309671424 quantized_acts_bytes=1309671424 acts_metadata_bytes=0 raw_grads_bytes=654311424 quantized_grads_bytes=654311424 grads_metadata_bytes=0 acts_compression=1 grads_compression=1 total_compression=1 acts_quant_time=0 grads_quant_time=0 send_time=0.54351 recv_time=0.63944 epoch_time=17.3729
2026-04-16 18:02:24,493 - SplitNNServer - INFO - 19356 - phase=train acc=0.671875 loss=0.8101652264595032 epoch=153 and step=0
2026-04-16 18:02:26,018 - SplitNNServer - INFO - 19356 - phase=train acc=0.671875 loss=0.8344497680664062 epoch=153 and step=10
2026-04-16 18:02:27,477 - SplitNNServer - INFO - 19356 - phase=train acc=0.6696428571428571 loss=1.0670082569122314 epoch=153 and step=20
2026-04-16 18:02:28,795 - SplitNNServer - INFO - 19356 - phase=train acc=0.6653225806451613 loss=0.895061731338501 epoch=153 and step=30
2026-04-16 18:02:30,200 - SplitNNServer - INFO - 19356 - phase=train acc=0.6713033536585366 loss=1.032084584236145 epoch=153 and step=40
2026-04-16 18:02:31,476 - SplitNNServer - INFO - 19356 - phase=train acc=0.6643688725490197 loss=1.1069961786270142 epoch=153 and step=50
2026-04-16 18:02:32,749 - SplitNNServer - INFO - 19356 - phase=train acc=0.6657274590163934 loss=1.0238242149353027 epoch=153 and step=60
2026-04-16 18:02:34,054 - SplitNNServer - INFO - 19356 - phase=train acc=0.6647227112676056 loss=0.9822190999984741 epoch=153 and step=70
2026-04-16 18:02:35,117 - SplitNNClient - INFO - 19304 - worker_num=4 epoch_send=39969846334 epoch_receive=20304054252 total_send=39969846334 total_receive=20304054252 send_by_category={'OTHER': 13552, 'ACTS': 39950835882, 'MODEL': 18996900} recv_by_category={'OTHER': 3472, 'MODEL': 19630130, 'GRADS': 20284420650} send_by_type={10: 3472, 2: 39950835882, 7: 18996900, 3: 3360, 4: 3360, 6: 3360} recv_by_type={6: 3472, 8: 19630130, 1: 20284420650}
2026-04-16 18:02:37,950 - SplitNNServer - INFO - 19356 - phase=validation acc=0.6981 loss=0.8856405302693572 epoch=153 and step=79
2026-04-16 18:02:37,951 - CommBreakdown - INFO - 19356 - epoch_summary rank=0 node_type=server epoch=153 train_acc=0.664163 train_loss=0.93563 val_acc=0.6981 val_loss=0.885641 raw_acts_bytes=1309671424 quantized_acts_bytes=1309671424 acts_metadata_bytes=0 raw_grads_bytes=654311424 quantized_grads_bytes=654311424 grads_metadata_bytes=0 acts_compression=1 grads_compression=1 total_compression=1 acts_quant_time=0 grads_quant_time=0 send_time=0.511162 recv_time=0.643214 epoch_time=16.5672
2026-04-16 18:02:41,113 - SplitNNServer - INFO - 19356 - phase=train acc=0.71875 loss=0.8702097535133362 epoch=154 and step=0
2026-04-16 18:02:42,454 - SplitNNServer - INFO - 19356 - phase=train acc=0.671875 loss=0.9321389198303223 epoch=154 and step=10
2026-04-16 18:02:43,728 - SplitNNServer - INFO - 19356 - phase=train acc=0.6625744047619048 loss=1.2928357124328613 epoch=154 and step=20
2026-04-16 18:02:45,128 - SplitNNServer - INFO - 19356 - phase=train acc=0.6648185483870968 loss=1.0253932476043701 epoch=154 and step=30
2026-04-16 18:02:46,513 - SplitNNServer - INFO - 19356 - phase=train acc=0.6701600609756098 loss=0.8282241821289062 epoch=154 and step=40
2026-04-16 18:02:47,912 - SplitNNServer - INFO - 19356 - phase=train acc=0.6669730392156863 loss=0.9313037395477295 epoch=154 and step=50
2026-04-16 18:02:49,492 - SplitNNServer - INFO - 19356 - phase=train acc=0.6682889344262295 loss=0.7942725419998169 epoch=154 and step=60
2026-04-16 18:02:50,810 - SplitNNServer - INFO - 19356 - phase=train acc=0.6720950704225352 loss=0.7342215180397034 epoch=154 and step=70
2026-04-16 18:02:51,984 - SplitNNClient - INFO - 21260 - worker_num=5 epoch_send=39969846334 epoch_receive=20304054252 total_send=39969846334 total_receive=20304054252 send_by_category={'OTHER': 13552, 'ACTS': 39950835882, 'MODEL': 18996900} recv_by_category={'OTHER': 3472, 'MODEL': 19630130, 'GRADS': 20284420650} send_by_type={10: 3472, 2: 39950835882, 7: 18996900, 3: 3360, 4: 3360, 6: 3360} recv_by_type={6: 3472, 8: 19630130, 1: 20284420650}
2026-04-16 18:02:54,825 - SplitNNServer - INFO - 19356 - phase=validation acc=0.7139 loss=0.8075281517415107 epoch=154 and step=79
2026-04-16 18:02:54,825 - CommBreakdown - INFO - 19356 - epoch_summary rank=0 node_type=server epoch=154 train_acc=0.670373 train_loss=0.933377 val_acc=0.7139 val_loss=0.807528 raw_acts_bytes=1309671424 quantized_acts_bytes=1309671424 acts_metadata_bytes=0 raw_grads_bytes=654311424 quantized_grads_bytes=654311424 grads_metadata_bytes=0 acts_compression=1 grads_compression=1 total_compression=1 acts_quant_time=0 grads_quant_time=0 send_time=0.542785 recv_time=0.650199 epoch_time=16.8742
2026-04-16 18:02:57,936 - SplitNNServer - INFO - 19356 - phase=train acc=0.6015625 loss=0.992219090461731 epoch=155 and step=0
2026-04-16 18:02:59,374 - SplitNNServer - INFO - 19356 - phase=train acc=0.6676136363636364 loss=0.9322893023490906 epoch=155 and step=10
2026-04-16 18:03:00,776 - SplitNNServer - INFO - 19356 - phase=train acc=0.6737351190476191 loss=0.8503140211105347 epoch=155 and step=20
2026-04-16 18:03:02,278 - SplitNNServer - INFO - 19356 - phase=train acc=0.6804435483870968 loss=0.9502605199813843 epoch=155 and step=30
2026-04-16 18:03:03,834 - SplitNNServer - INFO - 19356 - phase=train acc=0.6781631097560976 loss=0.8633999228477478 epoch=155 and step=40
2026-04-16 18:03:05,265 - SplitNNServer - INFO - 19356 - phase=train acc=0.6767769607843137 loss=0.8675263524055481 epoch=155 and step=50
2026-04-16 18:03:06,536 - SplitNNServer - INFO - 19356 - phase=train acc=0.6772540983606558 loss=0.9659803509712219 epoch=155 and step=60
2026-04-16 18:03:07,995 - SplitNNServer - INFO - 19356 - phase=train acc=0.6773767605633803 loss=0.9218635559082031 epoch=155 and step=70
2026-04-16 18:03:09,007 - SplitNNClient - INFO - 20956 - worker_num=1 epoch_send=41280360575 epoch_receive=20958390402 total_send=41280360575 total_receive=20958390402 send_by_category={'ACTS': 41260716557, 'MODEL': 19630130, 'OTHER': 13888} recv_by_category={'GRADS': 20938756800, 'OTHER': 3472, 'MODEL': 19630130} send_by_type={2: 41260716557, 7: 19630130, 3: 3472, 4: 3472, 6: 3472, 10: 3472} recv_by_type={1: 20938756800, 6: 3472, 8: 19630130}
2026-04-16 18:03:11,904 - SplitNNServer - INFO - 19356 - phase=validation acc=0.703 loss=0.8434421570995186 epoch=155 and step=79
2026-04-16 18:03:11,905 - CommBreakdown - INFO - 19356 - epoch_summary rank=0 node_type=server epoch=155 train_acc=0.676182 train_loss=0.907702 val_acc=0.703 val_loss=0.843442 raw_acts_bytes=1309671424 quantized_acts_bytes=1309671424 acts_metadata_bytes=0 raw_grads_bytes=654311424 quantized_grads_bytes=654311424 grads_metadata_bytes=0 acts_compression=1 grads_compression=1 total_compression=1 acts_quant_time=0 grads_quant_time=0 send_time=0.489122 recv_time=0.678892 epoch_time=17.0791
2026-04-16 18:03:15,072 - SplitNNServer - INFO - 19356 - phase=train acc=0.734375 loss=0.7960013151168823 epoch=156 and step=0
2026-04-16 18:03:16,452 - SplitNNServer - INFO - 19356 - phase=train acc=0.6910511363636364 loss=0.9261922240257263 epoch=156 and step=10
2026-04-16 18:03:17,789 - SplitNNServer - INFO - 19356 - phase=train acc=0.6841517857142857 loss=0.8808720111846924 epoch=156 and step=20
2026-04-16 18:03:19,055 - SplitNNServer - INFO - 19356 - phase=train acc=0.6852318548387096 loss=0.9751657247543335 epoch=156 and step=30
2026-04-16 18:03:20,393 - SplitNNServer - INFO - 19356 - phase=train acc=0.6836890243902439 loss=0.9498579502105713 epoch=156 and step=40
2026-04-16 18:03:21,665 - SplitNNServer - INFO - 19356 - phase=train acc=0.6818321078431373 loss=0.9308199882507324 epoch=156 and step=50
2026-04-16 18:03:23,202 - SplitNNServer - INFO - 19356 - phase=train acc=0.680327868852459 loss=1.0920542478561401 epoch=156 and step=60
2026-04-16 18:03:24,772 - SplitNNServer - INFO - 19356 - phase=train acc=0.6752860915492958 loss=1.0583570003509521 epoch=156 and step=70
2026-04-16 18:03:25,912 - SplitNNClient - INFO - 21808 - worker_num=2 epoch_send=41280360687 epoch_receive=20959023744 total_send=41280360687 total_receive=20959023744 send_by_category={'OTHER': 14000, 'ACTS': 41260716557, 'MODEL': 19630130} recv_by_category={'OTHER': 3584, 'MODEL': 20263360, 'GRADS': 20938756800} send_by_type={10: 3584, 2: 41260716557, 7: 19630130, 3: 3472, 4: 3472, 6: 3472} recv_by_type={6: 3584, 8: 20263360, 1: 20938756800}
2026-04-16 18:03:28,776 - SplitNNServer - INFO - 19356 - phase=validation acc=0.719 loss=0.8140173056457616 epoch=156 and step=79
2026-04-16 18:03:28,776 - CommBreakdown - INFO - 19356 - epoch_summary rank=0 node_type=server epoch=156 train_acc=0.673678 train_loss=0.918062 val_acc=0.719 val_loss=0.814017 raw_acts_bytes=1309671424 quantized_acts_bytes=1309671424 acts_metadata_bytes=0 raw_grads_bytes=654311424 quantized_grads_bytes=654311424 grads_metadata_bytes=0 acts_compression=1 grads_compression=1 total_compression=1 acts_quant_time=0 grads_quant_time=0 send_time=0.472122 recv_time=0.651354 epoch_time=16.8714
2026-04-16 18:03:31,935 - SplitNNServer - INFO - 19356 - phase=train acc=0.71875 loss=0.8798391819000244 epoch=157 and step=0
2026-04-16 18:03:33,244 - SplitNNServer - INFO - 19356 - phase=train acc=0.6896306818181818 loss=0.9004464149475098 epoch=157 and step=10
2026-04-16 18:03:34,679 - SplitNNServer - INFO - 19356 - phase=train acc=0.6729910714285714 loss=1.0053229331970215 epoch=157 and step=20
2026-04-16 18:03:36,122 - SplitNNServer - INFO - 19356 - phase=train acc=0.6678427419354839 loss=0.7908831238746643 epoch=157 and step=30
2026-04-16 18:03:37,471 - SplitNNServer - INFO - 19356 - phase=train acc=0.6735899390243902 loss=0.9606914520263672 epoch=157 and step=40
2026-04-16 18:03:38,738 - SplitNNServer - INFO - 19356 - phase=train acc=0.6714154411764706 loss=0.9714736938476562 epoch=157 and step=50
2026-04-16 18:03:40,056 - SplitNNServer - INFO - 19356 - phase=train acc=0.673155737704918 loss=0.9160486459732056 epoch=157 and step=60
2026-04-16 18:03:41,390 - SplitNNServer - INFO - 19356 - phase=train acc=0.6715448943661971 loss=0.8278372883796692 epoch=157 and step=70
2026-04-16 18:03:42,381 - SplitNNClient - INFO - 22124 - worker_num=3 epoch_send=41280360687 epoch_receive=20959023744 total_send=41280360687 total_receive=20959023744 send_by_category={'OTHER': 14000, 'ACTS': 41260716557, 'MODEL': 19630130} recv_by_category={'OTHER': 3584, 'MODEL': 20263360, 'GRADS': 20938756800} send_by_type={10: 3584, 2: 41260716557, 7: 19630130, 3: 3472, 4: 3472, 6: 3472} recv_by_type={6: 3584, 8: 20263360, 1: 20938756800}
2026-04-16 18:03:45,256 - SplitNNServer - INFO - 19356 - phase=validation acc=0.7065 loss=0.847793109809296 epoch=157 and step=79
2026-04-16 18:03:45,256 - CommBreakdown - INFO - 19356 - epoch_summary rank=0 node_type=server epoch=157 train_acc=0.672776 train_loss=0.920698 val_acc=0.7065 val_loss=0.847793 raw_acts_bytes=1309671424 quantized_acts_bytes=1309671424 acts_metadata_bytes=0 raw_grads_bytes=654311424 quantized_grads_bytes=654311424 grads_metadata_bytes=0 acts_compression=1 grads_compression=1 total_compression=1 acts_quant_time=0 grads_quant_time=0 send_time=0.499535 recv_time=0.658431 epoch_time=16.4796
2026-04-16 18:03:48,357 - SplitNNServer - INFO - 19356 - phase=train acc=0.671875 loss=0.907845675945282 epoch=158 and step=0
2026-04-16 18:03:49,639 - SplitNNServer - INFO - 19356 - phase=train acc=0.6853693181818182 loss=0.8505534529685974 epoch=158 and step=10
2026-04-16 18:03:50,950 - SplitNNServer - INFO - 19356 - phase=train acc=0.6830357142857143 loss=0.7901333570480347 epoch=158 and step=20
2026-04-16 18:03:52,283 - SplitNNServer - INFO - 19356 - phase=train acc=0.6779233870967742 loss=1.0012397766113281 epoch=158 and step=30
2026-04-16 18:03:53,564 - SplitNNServer - INFO - 19356 - phase=train acc=0.6800685975609756 loss=0.815121054649353 epoch=158 and step=40
2026-04-16 18:03:54,930 - SplitNNServer - INFO - 19356 - phase=train acc=0.678921568627451 loss=0.8219425678253174 epoch=158 and step=50
2026-04-16 18:03:56,204 - SplitNNServer - INFO - 19356 - phase=train acc=0.6778944672131147 loss=0.7175025343894958 epoch=158 and step=60
2026-04-16 18:03:57,637 - SplitNNServer - INFO - 19356 - phase=train acc=0.6789172535211268 loss=0.7552515268325806 epoch=158 and step=70
2026-04-16 18:03:58,656 - SplitNNClient - INFO - 19304 - worker_num=4 epoch_send=41280360687 epoch_receive=20959023744 total_send=41280360687 total_receive=20959023744 send_by_category={'OTHER': 14000, 'ACTS': 41260716557, 'MODEL': 19630130} recv_by_category={'OTHER': 3584, 'MODEL': 20263360, 'GRADS': 20938756800} send_by_type={10: 3584, 2: 41260716557, 7: 19630130, 3: 3472, 4: 3472, 6: 3472} recv_by_type={6: 3584, 8: 20263360, 1: 20938756800}
2026-04-16 18:04:01,448 - SplitNNServer - INFO - 19356 - phase=validation acc=0.7068 loss=0.8497523061836822 epoch=158 and step=79
2026-04-16 18:04:01,448 - CommBreakdown - INFO - 19356 - epoch_summary rank=0 node_type=server epoch=158 train_acc=0.678686 train_loss=0.910715 val_acc=0.7068 val_loss=0.849752 raw_acts_bytes=1309671424 quantized_acts_bytes=1309671424 acts_metadata_bytes=0 raw_grads_bytes=654311424 quantized_grads_bytes=654311424 grads_metadata_bytes=0 acts_compression=1 grads_compression=1 total_compression=1 acts_quant_time=0 grads_quant_time=0 send_time=0.494226 recv_time=0.64527 epoch_time=16.1921
2026-04-16 18:04:04,578 - SplitNNServer - INFO - 19356 - phase=train acc=0.65625 loss=1.0980749130249023 epoch=159 and step=0
2026-04-16 18:04:05,975 - SplitNNServer - INFO - 19356 - phase=train acc=0.6740056818181818 loss=0.9360816478729248 epoch=159 and step=10
2026-04-16 18:04:07,311 - SplitNNServer - INFO - 19356 - phase=train acc=0.6729910714285714 loss=0.9185329079627991 epoch=159 and step=20
2026-04-16 18:04:08,587 - SplitNNServer - INFO - 19356 - phase=train acc=0.6691028225806451 loss=0.8565266132354736 epoch=159 and step=30
2026-04-16 18:04:10,015 - SplitNNServer - INFO - 19356 - phase=train acc=0.6777820121951219 loss=0.736299455165863 epoch=159 and step=40
2026-04-16 18:04:11,330 - SplitNNServer - INFO - 19356 - phase=train acc=0.6792279411764706 loss=0.8942766189575195 epoch=159 and step=50
2026-04-16 18:04:12,605 - SplitNNServer - INFO - 19356 - phase=train acc=0.6757172131147541 loss=0.9117494225502014 epoch=159 and step=60
2026-04-16 18:04:13,916 - SplitNNServer - INFO - 19356 - phase=train acc=0.6778169014084507 loss=0.8564586639404297 epoch=159 and step=70
2026-04-16 18:04:15,069 - SplitNNClient - INFO - 21260 - worker_num=5 epoch_send=41280360687 epoch_receive=20959023744 total_send=41280360687 total_receive=20959023744 send_by_category={'OTHER': 14000, 'ACTS': 41260716557, 'MODEL': 19630130} recv_by_category={'OTHER': 3584, 'MODEL': 20263360, 'GRADS': 20938756800} send_by_type={10: 3584, 2: 41260716557, 7: 19630130, 3: 3472, 4: 3472, 6: 3472} recv_by_type={6: 3584, 8: 20263360, 1: 20938756800}
2026-04-16 18:04:17,993 - SplitNNServer - INFO - 19356 - phase=validation acc=0.7048 loss=0.8417219881769977 epoch=159 and step=79
2026-04-16 18:04:17,994 - CommBreakdown - INFO - 19356 - epoch_summary rank=0 node_type=server epoch=159 train_acc=0.676683 train_loss=0.917327 val_acc=0.7048 val_loss=0.841722 raw_acts_bytes=1309671424 quantized_acts_bytes=1309671424 acts_metadata_bytes=0 raw_grads_bytes=654311424 quantized_grads_bytes=654311424 grads_metadata_bytes=0 acts_compression=1 grads_compression=1 total_compression=1 acts_quant_time=0 grads_quant_time=0 send_time=0.508183 recv_time=0.659346 epoch_time=16.5457
2026-04-16 18:04:21,134 - SplitNNServer - INFO - 19356 - phase=train acc=0.703125 loss=0.8335307836532593 epoch=160 and step=0
2026-04-16 18:04:22,459 - SplitNNServer - INFO - 19356 - phase=train acc=0.6825284090909091 loss=0.9419553875923157 epoch=160 and step=10
2026-04-16 18:04:23,954 - SplitNNServer - INFO - 19356 - phase=train acc=0.6949404761904762 loss=0.947363555431366 epoch=160 and step=20
2026-04-16 18:04:25,289 - SplitNNServer - INFO - 19356 - phase=train acc=0.6953125 loss=0.9330635070800781 epoch=160 and step=30
2026-04-16 18:04:26,566 - SplitNNServer - INFO - 19356 - phase=train acc=0.690358231707317 loss=0.8703669309616089 epoch=160 and step=40
2026-04-16 18:04:27,836 - SplitNNServer - INFO - 19356 - phase=train acc=0.6907169117647058 loss=0.9100605845451355 epoch=160 and step=50
2026-04-16 18:04:29,269 - SplitNNServer - INFO - 19356 - phase=train acc=0.6882684426229508 loss=0.9327677488327026 epoch=160 and step=60
2026-04-16 18:04:30,554 - SplitNNServer - INFO - 19356 - phase=train acc=0.6890404929577465 loss=0.9072828888893127 epoch=160 and step=70
2026-04-16 18:04:31,645 - SplitNNClient - INFO - 20956 - worker_num=1 epoch_send=42590874928 epoch_receive=21613359894 total_send=42590874928 total_receive=21613359894 send_by_category={'ACTS': 42570597232, 'MODEL': 20263360, 'OTHER': 14336} recv_by_category={'GRADS': 21593092950, 'OTHER': 3584, 'MODEL': 20263360} send_by_type={2: 42570597232, 7: 20263360, 3: 3584, 4: 3584, 6: 3584, 10: 3584} recv_by_type={1: 21593092950, 6: 3584, 8: 20263360}
2026-04-16 18:04:34,548 - SplitNNServer - INFO - 19356 - phase=validation acc=0.7168 loss=0.8119945284686511 epoch=160 and step=79
2026-04-16 18:04:34,549 - CommBreakdown - INFO - 19356 - epoch_summary rank=0 node_type=server epoch=160 train_acc=0.684696 train_loss=0.886475 val_acc=0.7168 val_loss=0.811995 raw_acts_bytes=1309671424 quantized_acts_bytes=1309671424 acts_metadata_bytes=0 raw_grads_bytes=654311424 quantized_grads_bytes=654311424 grads_metadata_bytes=0 acts_compression=1 grads_compression=1 total_compression=1 acts_quant_time=0 grads_quant_time=0 send_time=0.496332 recv_time=0.675091 epoch_time=16.5542
2026-04-16 18:04:37,656 - SplitNNServer - INFO - 19356 - phase=train acc=0.6015625 loss=1.1065850257873535 epoch=161 and step=0
2026-04-16 18:04:38,948 - SplitNNServer - INFO - 19356 - phase=train acc=0.6825284090909091 loss=0.8606886863708496 epoch=161 and step=10
2026-04-16 18:04:40,412 - SplitNNServer - INFO - 19356 - phase=train acc=0.6830357142857143 loss=0.8453320264816284 epoch=161 and step=20
2026-04-16 18:04:41,714 - SplitNNServer - INFO - 19356 - phase=train acc=0.6774193548387096 loss=0.9764232635498047 epoch=161 and step=30
2026-04-16 18:04:43,177 - SplitNNServer - INFO - 19356 - phase=train acc=0.6711128048780488 loss=0.8303274512290955 epoch=161 and step=40
2026-04-16 18:04:44,624 - SplitNNServer - INFO - 19356 - phase=train acc=0.6681985294117647 loss=0.9086469411849976 epoch=161 and step=50
2026-04-16 18:04:46,033 - SplitNNServer - INFO - 19356 - phase=train acc=0.6673924180327869 loss=0.961895227432251 epoch=161 and step=60
2026-04-16 18:04:47,306 - SplitNNServer - INFO - 19356 - phase=train acc=0.6691241197183099 loss=0.8864363431930542 epoch=161 and step=70
2026-04-16 18:04:48,422 - SplitNNClient - INFO - 21808 - worker_num=2 epoch_send=42590875040 epoch_receive=21613993236 total_send=42590875040 total_receive=21613993236 send_by_category={'OTHER': 14448, 'ACTS': 42570597232, 'MODEL': 20263360} recv_by_category={'OTHER': 3696, 'MODEL': 20896590, 'GRADS': 21593092950} send_by_type={10: 3696, 2: 42570597232, 7: 20263360, 3: 3584, 4: 3584, 6: 3584} recv_by_type={6: 3696, 8: 20896590, 1: 21593092950}
2026-04-16 18:04:51,262 - SplitNNServer - INFO - 19356 - phase=validation acc=0.7167 loss=0.8099094516114344 epoch=161 and step=79
2026-04-16 18:04:51,262 - CommBreakdown - INFO - 19356 - epoch_summary rank=0 node_type=server epoch=161 train_acc=0.670373 train_loss=0.912033 val_acc=0.7167 val_loss=0.809909 raw_acts_bytes=1309671424 quantized_acts_bytes=1309671424 acts_metadata_bytes=0 raw_grads_bytes=654311424 quantized_grads_bytes=654311424 grads_metadata_bytes=0 acts_compression=1 grads_compression=1 total_compression=1 acts_quant_time=0 grads_quant_time=0 send_time=0.526046 recv_time=0.636258 epoch_time=16.7136
2026-04-16 18:04:54,371 - SplitNNServer - INFO - 19356 - phase=train acc=0.609375 loss=1.0659781694412231 epoch=162 and step=0
2026-04-16 18:04:55,801 - SplitNNServer - INFO - 19356 - phase=train acc=0.6583806818181818 loss=1.0642530918121338 epoch=162 and step=10
2026-04-16 18:04:57,080 - SplitNNServer - INFO - 19356 - phase=train acc=0.6629464285714286 loss=1.0637024641036987 epoch=162 and step=20
2026-04-16 18:04:58,462 - SplitNNServer - INFO - 19356 - phase=train acc=0.6585181451612904 loss=0.777082622051239 epoch=162 and step=30
2026-04-16 18:04:59,797 - SplitNNServer - INFO - 19356 - phase=train acc=0.663109756097561 loss=0.6853955984115601 epoch=162 and step=40
2026-04-16 18:05:01,191 - SplitNNServer - INFO - 19356 - phase=train acc=0.6694240196078431 loss=0.9073833227157593 epoch=162 and step=50
2026-04-16 18:05:02,457 - SplitNNServer - INFO - 19356 - phase=train acc=0.673155737704918 loss=0.7800981402397156 epoch=162 and step=60
2026-04-16 18:05:03,912 - SplitNNServer - INFO - 19356 - phase=train acc=0.6747359154929577 loss=0.9578553438186646 epoch=162 and step=70
2026-04-16 18:05:04,851 - SplitNNClient - INFO - 22124 - worker_num=3 epoch_send=42590875040 epoch_receive=21613993236 total_send=42590875040 total_receive=21613993236 send_by_category={'OTHER': 14448, 'ACTS': 42570597232, 'MODEL': 20263360} recv_by_category={'OTHER': 3696, 'MODEL': 20896590, 'GRADS': 21593092950} send_by_type={10: 3696, 2: 42570597232, 7: 20263360, 3: 3584, 4: 3584, 6: 3584} recv_by_type={6: 3696, 8: 20896590, 1: 21593092950}
2026-04-16 18:05:07,664 - SplitNNServer - INFO - 19356 - phase=validation acc=0.7163 loss=0.817832553688484 epoch=162 and step=79
2026-04-16 18:05:07,665 - CommBreakdown - INFO - 19356 - epoch_summary rank=0 node_type=server epoch=162 train_acc=0.672576 train_loss=0.91792 val_acc=0.7163 val_loss=0.817833 raw_acts_bytes=1309671424 quantized_acts_bytes=1309671424 acts_metadata_bytes=0 raw_grads_bytes=654311424 quantized_grads_bytes=654311424 grads_metadata_bytes=0 acts_compression=1 grads_compression=1 total_compression=1 acts_quant_time=0 grads_quant_time=0 send_time=0.530179 recv_time=0.644622 epoch_time=16.4018
2026-04-16 18:05:10,802 - SplitNNServer - INFO - 19356 - phase=train acc=0.6484375 loss=0.9464362859725952 epoch=163 and step=0
2026-04-16 18:05:12,189 - SplitNNServer - INFO - 19356 - phase=train acc=0.6605113636363636 loss=0.9233630895614624 epoch=163 and step=10
2026-04-16 18:05:13,512 - SplitNNServer - INFO - 19356 - phase=train acc=0.6804315476190477 loss=0.8632503747940063 epoch=163 and step=20
2026-04-16 18:05:14,998 - SplitNNServer - INFO - 19356 - phase=train acc=0.6784274193548387 loss=0.9359533190727234 epoch=163 and step=30
2026-04-16 18:05:16,396 - SplitNNServer - INFO - 19356 - phase=train acc=0.6764481707317073 loss=0.9309977293014526 epoch=163 and step=40
2026-04-16 18:05:17,743 - SplitNNServer - INFO - 19356 - phase=train acc=0.6764705882352942 loss=0.8327919244766235 epoch=163 and step=50
2026-04-16 18:05:19,066 - SplitNNServer - INFO - 19356 - phase=train acc=0.6727715163934426 loss=1.1313544511795044 epoch=163 and step=60
2026-04-16 18:05:20,333 - SplitNNServer - INFO - 19356 - phase=train acc=0.6719850352112676 loss=0.8257255554199219 epoch=163 and step=70
2026-04-16 18:05:21,291 - SplitNNClient - INFO - 19304 - worker_num=4 epoch_send=42590875040 epoch_receive=21613993236 total_send=42590875040 total_receive=21613993236 send_by_category={'OTHER': 14448, 'ACTS': 42570597232, 'MODEL': 20263360} recv_by_category={'OTHER': 3696, 'MODEL': 20896590, 'GRADS': 21593092950} send_by_type={10: 3696, 2: 42570597232, 7: 20263360, 3: 3584, 4: 3584, 6: 3584} recv_by_type={6: 3696, 8: 20896590, 1: 21593092950}
2026-04-16 18:05:24,123 - SplitNNServer - INFO - 19356 - phase=validation acc=0.7244 loss=0.8025102389009693 epoch=163 and step=79
2026-04-16 18:05:24,123 - CommBreakdown - INFO - 19356 - epoch_summary rank=0 node_type=server epoch=163 train_acc=0.670673 train_loss=0.912964 val_acc=0.7244 val_loss=0.80251 raw_acts_bytes=1309671424 quantized_acts_bytes=1309671424 acts_metadata_bytes=0 raw_grads_bytes=654311424 quantized_grads_bytes=654311424 grads_metadata_bytes=0 acts_compression=1 grads_compression=1 total_compression=1 acts_quant_time=0 grads_quant_time=0 send_time=0.511294 recv_time=0.652024 epoch_time=16.4585
2026-04-16 18:05:27,248 - SplitNNServer - INFO - 19356 - phase=train acc=0.6328125 loss=0.9469738602638245 epoch=164 and step=0
2026-04-16 18:05:28,840 - SplitNNServer - INFO - 19356 - phase=train acc=0.6647727272727273 loss=1.0356659889221191 epoch=164 and step=10
2026-04-16 18:05:30,214 - SplitNNServer - INFO - 19356 - phase=train acc=0.6826636904761905 loss=0.8232277631759644 epoch=164 and step=20
2026-04-16 18:05:31,729 - SplitNNServer - INFO - 19356 - phase=train acc=0.6834677419354839 loss=0.9386814832687378 epoch=164 and step=30
2026-04-16 18:05:33,223 - SplitNNServer - INFO - 19356 - phase=train acc=0.678734756097561 loss=0.8599271774291992 epoch=164 and step=40
2026-04-16 18:05:34,650 - SplitNNServer - INFO - 19356 - phase=train acc=0.6752450980392157 loss=0.9185343980789185 epoch=164 and step=50
2026-04-16 18:05:36,115 - SplitNNServer - INFO - 19356 - phase=train acc=0.6758452868852459 loss=0.8957704305648804 epoch=164 and step=60
2026-04-16 18:05:37,396 - SplitNNServer - INFO - 19356 - phase=train acc=0.6762764084507042 loss=0.9982186555862427 epoch=164 and step=70
2026-04-16 18:05:38,483 - SplitNNClient - INFO - 21260 - worker_num=5 epoch_send=42590875040 epoch_receive=21613993236 total_send=42590875040 total_receive=21613993236 send_by_category={'OTHER': 14448, 'ACTS': 42570597232, 'MODEL': 20263360} recv_by_category={'OTHER': 3696, 'MODEL': 20896590, 'GRADS': 21593092950} send_by_type={10: 3696, 2: 42570597232, 7: 20263360, 3: 3584, 4: 3584, 6: 3584} recv_by_type={6: 3696, 8: 20896590, 1: 21593092950}
2026-04-16 18:05:41,415 - SplitNNServer - INFO - 19356 - phase=validation acc=0.7173 loss=0.8077410044549387 epoch=164 and step=79
2026-04-16 18:05:41,415 - CommBreakdown - INFO - 19356 - epoch_summary rank=0 node_type=server epoch=164 train_acc=0.673077 train_loss=0.910153 val_acc=0.7173 val_loss=0.807741 raw_acts_bytes=1309671424 quantized_acts_bytes=1309671424 acts_metadata_bytes=0 raw_grads_bytes=654311424 quantized_grads_bytes=654311424 grads_metadata_bytes=0 acts_compression=1 grads_compression=1 total_compression=1 acts_quant_time=0 grads_quant_time=0 send_time=0.51825 recv_time=0.653833 epoch_time=17.2919
2026-04-16 18:05:44,563 - SplitNNServer - INFO - 19356 - phase=train acc=0.734375 loss=0.8373975157737732 epoch=165 and step=0
2026-04-16 18:05:46,128 - SplitNNServer - INFO - 19356 - phase=train acc=0.6811079545454546 loss=1.0637593269348145 epoch=165 and step=10
2026-04-16 18:05:47,431 - SplitNNServer - INFO - 19356 - phase=train acc=0.6763392857142857 loss=0.8267773985862732 epoch=165 and step=20
2026-04-16 18:05:48,973 - SplitNNServer - INFO - 19356 - phase=train acc=0.6776713709677419 loss=0.9647873640060425 epoch=165 and step=30
2026-04-16 18:05:50,380 - SplitNNServer - INFO - 19356 - phase=train acc=0.6814024390243902 loss=0.8032141327857971 epoch=165 and step=40
2026-04-16 18:05:51,686 - SplitNNServer - INFO - 19356 - phase=train acc=0.6827512254901961 loss=0.8139939308166504 epoch=165 and step=50
2026-04-16 18:05:53,003 - SplitNNServer - INFO - 19356 - phase=train acc=0.6818647540983607 loss=0.987593412399292 epoch=165 and step=60
2026-04-16 18:05:54,480 - SplitNNServer - INFO - 19356 - phase=train acc=0.6805677816901409 loss=0.8644367456436157 epoch=165 and step=70
2026-04-16 18:05:55,430 - SplitNNClient - INFO - 20956 - worker_num=1 epoch_send=43901389281 epoch_receive=22268329386 total_send=43901389281 total_receive=22268329386 send_by_category={'ACTS': 43880477907, 'MODEL': 20896590, 'OTHER': 14784} recv_by_category={'GRADS': 22247429100, 'OTHER': 3696, 'MODEL': 20896590} send_by_type={2: 43880477907, 7: 20896590, 3: 3696, 4: 3696, 6: 3696, 10: 3696} recv_by_type={1: 22247429100, 6: 3696, 8: 20896590}
2026-04-16 18:05:58,332 - SplitNNServer - INFO - 19356 - phase=validation acc=0.7119 loss=0.821372429026833 epoch=165 and step=79
2026-04-16 18:05:58,332 - CommBreakdown - INFO - 19356 - epoch_summary rank=0 node_type=server epoch=165 train_acc=0.680288 train_loss=0.892639 val_acc=0.7119 val_loss=0.821372 raw_acts_bytes=1309671424 quantized_acts_bytes=1309671424 acts_metadata_bytes=0 raw_grads_bytes=654311424 quantized_grads_bytes=654311424 grads_metadata_bytes=0 acts_compression=1 grads_compression=1 total_compression=1 acts_quant_time=0 grads_quant_time=0 send_time=0.508613 recv_time=0.683697 epoch_time=16.9163
2026-04-16 18:06:01,512 - SplitNNServer - INFO - 19356 - phase=train acc=0.6328125 loss=1.000999093055725 epoch=166 and step=0
2026-04-16 18:06:02,819 - SplitNNServer - INFO - 19356 - phase=train acc=0.6967329545454546 loss=0.9848246574401855 epoch=166 and step=10
2026-04-16 18:06:04,200 - SplitNNServer - INFO - 19356 - phase=train acc=0.6945684523809523 loss=0.9971350431442261 epoch=166 and step=20
2026-04-16 18:06:05,664 - SplitNNServer - INFO - 19356 - phase=train acc=0.6915322580645161 loss=0.8145517110824585 epoch=166 and step=30
2026-04-16 18:06:06,934 - SplitNNServer - INFO - 19356 - phase=train acc=0.6945503048780488 loss=0.7986350059509277 epoch=166 and step=40
2026-04-16 18:06:08,487 - SplitNNServer - INFO - 19356 - phase=train acc=0.6916360294117647 loss=0.8385932445526123 epoch=166 and step=50
2026-04-16 18:06:10,017 - SplitNNServer - INFO - 19356 - phase=train acc=0.6891649590163934 loss=1.1059050559997559 epoch=166 and step=60
2026-04-16 18:06:11,591 - SplitNNServer - INFO - 19356 - phase=train acc=0.6875 loss=0.8214921951293945 epoch=166 and step=70
2026-04-16 18:06:12,770 - SplitNNClient - INFO - 21808 - worker_num=2 epoch_send=43901389393 epoch_receive=22268962728 total_send=43901389393 total_receive=22268962728 send_by_category={'OTHER': 14896, 'ACTS': 43880477907, 'MODEL': 20896590} recv_by_category={'OTHER': 3808, 'MODEL': 21529820, 'GRADS': 22247429100} send_by_type={10: 3808, 2: 43880477907, 7: 20896590, 3: 3696, 4: 3696, 6: 3696} recv_by_type={6: 3808, 8: 21529820, 1: 22247429100}
2026-04-16 18:06:15,589 - SplitNNServer - INFO - 19356 - phase=validation acc=0.717 loss=0.7993510116504717 epoch=166 and step=79
2026-04-16 18:06:15,589 - CommBreakdown - INFO - 19356 - epoch_summary rank=0 node_type=server epoch=166 train_acc=0.688101 train_loss=0.887373 val_acc=0.717 val_loss=0.799351 raw_acts_bytes=1309671424 quantized_acts_bytes=1309671424 acts_metadata_bytes=0 raw_grads_bytes=654311424 quantized_grads_bytes=654311424 grads_metadata_bytes=0 acts_compression=1 grads_compression=1 total_compression=1 acts_quant_time=0 grads_quant_time=0 send_time=0.531615 recv_time=0.637363 epoch_time=17.2566
2026-04-16 18:06:18,733 - SplitNNServer - INFO - 19356 - phase=train acc=0.6484375 loss=0.8930155038833618 epoch=167 and step=0
2026-04-16 18:06:20,171 - SplitNNServer - INFO - 19356 - phase=train acc=0.6598011363636364 loss=0.9602149724960327 epoch=167 and step=10
2026-04-16 18:06:21,626 - SplitNNServer - INFO - 19356 - phase=train acc=0.6569940476190477 loss=1.1536123752593994 epoch=167 and step=20
2026-04-16 18:06:22,923 - SplitNNServer - INFO - 19356 - phase=train acc=0.6648185483870968 loss=0.87798672914505 epoch=167 and step=30
2026-04-16 18:06:24,344 - SplitNNServer - INFO - 19356 - phase=train acc=0.6720655487804879 loss=0.8268471956253052 epoch=167 and step=40
2026-04-16 18:06:25,705 - SplitNNServer - INFO - 19356 - phase=train acc=0.6807598039215687 loss=0.7989339232444763 epoch=167 and step=50
2026-04-16 18:06:27,033 - SplitNNServer - INFO - 19356 - phase=train acc=0.6830174180327869 loss=0.8336474895477295 epoch=167 and step=60
2026-04-16 18:06:28,317 - SplitNNServer - INFO - 19356 - phase=train acc=0.6800176056338029 loss=1.0135438442230225 epoch=167 and step=70
2026-04-16 18:06:29,277 - SplitNNClient - INFO - 22124 - worker_num=3 epoch_send=43901389393 epoch_receive=22268962728 total_send=43901389393 total_receive=22268962728 send_by_category={'OTHER': 14896, 'ACTS': 43880477907, 'MODEL': 20896590} recv_by_category={'OTHER': 3808, 'MODEL': 21529820, 'GRADS': 22247429100} send_by_type={10: 3808, 2: 43880477907, 7: 20896590, 3: 3696, 4: 3696, 6: 3696} recv_by_type={6: 3808, 8: 21529820, 1: 22247429100}
2026-04-16 18:06:32,028 - SplitNNServer - INFO - 19356 - phase=validation acc=0.7205 loss=0.7961741285988048 epoch=167 and step=79
2026-04-16 18:06:32,028 - CommBreakdown - INFO - 19356 - epoch_summary rank=0 node_type=server epoch=167 train_acc=0.677684 train_loss=0.902787 val_acc=0.7205 val_loss=0.796174 raw_acts_bytes=1309671424 quantized_acts_bytes=1309671424 acts_metadata_bytes=0 raw_grads_bytes=654311424 quantized_grads_bytes=654311424 grads_metadata_bytes=0 acts_compression=1 grads_compression=1 total_compression=1 acts_quant_time=0 grads_quant_time=0 send_time=0.508324 recv_time=0.647445 epoch_time=16.4388
2026-04-16 18:06:35,179 - SplitNNServer - INFO - 19356 - phase=train acc=0.6640625 loss=0.8719348311424255 epoch=168 and step=0
2026-04-16 18:06:36,513 - SplitNNServer - INFO - 19356 - phase=train acc=0.6803977272727273 loss=0.8231914043426514 epoch=168 and step=10
2026-04-16 18:06:37,946 - SplitNNServer - INFO - 19356 - phase=train acc=0.6886160714285714 loss=0.8243202567100525 epoch=168 and step=20
2026-04-16 18:06:39,298 - SplitNNServer - INFO - 19356 - phase=train acc=0.6902721774193549 loss=1.1219427585601807 epoch=168 and step=30
2026-04-16 18:06:40,562 - SplitNNServer - INFO - 19356 - phase=train acc=0.6869283536585366 loss=0.8698382377624512 epoch=168 and step=40
2026-04-16 18:06:41,902 - SplitNNServer - INFO - 19356 - phase=train acc=0.6812193627450981 loss=1.0198163986206055 epoch=168 and step=50
2026-04-16 18:06:43,243 - SplitNNServer - INFO - 19356 - phase=train acc=0.6762295081967213 loss=0.8753957748413086 epoch=168 and step=60
2026-04-16 18:06:44,651 - SplitNNServer - INFO - 19356 - phase=train acc=0.6767165492957746 loss=0.779331386089325 epoch=168 and step=70
2026-04-16 18:06:45,726 - SplitNNClient - INFO - 19304 - worker_num=4 epoch_send=43901389393 epoch_receive=22268962728 total_send=43901389393 total_receive=22268962728 send_by_category={'OTHER': 14896, 'ACTS': 43880477907, 'MODEL': 20896590} recv_by_category={'OTHER': 3808, 'MODEL': 21529820, 'GRADS': 22247429100} send_by_type={10: 3808, 2: 43880477907, 7: 20896590, 3: 3696, 4: 3696, 6: 3696} recv_by_type={6: 3808, 8: 21529820, 1: 22247429100}
2026-04-16 18:06:48,614 - SplitNNServer - INFO - 19356 - phase=validation acc=0.705 loss=0.867695083346548 epoch=168 and step=79
2026-04-16 18:06:48,614 - CommBreakdown - INFO - 19356 - epoch_summary rank=0 node_type=server epoch=168 train_acc=0.674679 train_loss=0.90643 val_acc=0.705 val_loss=0.867695 raw_acts_bytes=1309671424 quantized_acts_bytes=1309671424 acts_metadata_bytes=0 raw_grads_bytes=654311424 quantized_grads_bytes=654311424 grads_metadata_bytes=0 acts_compression=1 grads_compression=1 total_compression=1 acts_quant_time=0 grads_quant_time=0 send_time=0.546376 recv_time=0.661299 epoch_time=16.5856
2026-04-16 18:06:51,740 - SplitNNServer - INFO - 19356 - phase=train acc=0.6171875 loss=0.9688520431518555 epoch=169 and step=0
2026-04-16 18:06:53,153 - SplitNNServer - INFO - 19356 - phase=train acc=0.6938920454545454 loss=0.753592848777771 epoch=169 and step=10
2026-04-16 18:06:54,725 - SplitNNServer - INFO - 19356 - phase=train acc=0.6930803571428571 loss=0.8561710715293884 epoch=169 and step=20
2026-04-16 18:06:56,303 - SplitNNServer - INFO - 19356 - phase=train acc=0.6880040322580645 loss=0.8747082948684692 epoch=169 and step=30
2026-04-16 18:06:57,730 - SplitNNServer - INFO - 19356 - phase=train acc=0.686547256097561 loss=0.9279096126556396 epoch=169 and step=40
2026-04-16 18:06:59,048 - SplitNNServer - INFO - 19356 - phase=train acc=0.6858149509803921 loss=0.8398330807685852 epoch=169 and step=50
2026-04-16 18:07:00,568 - SplitNNServer - INFO - 19356 - phase=train acc=0.6851946721311475 loss=0.9822742342948914 epoch=169 and step=60
2026-04-16 18:07:01,891 - SplitNNServer - INFO - 19356 - phase=train acc=0.6850792253521126 loss=0.951536238193512 epoch=169 and step=70
2026-04-16 18:07:02,876 - SplitNNClient - INFO - 21260 - worker_num=5 epoch_send=43901389393 epoch_receive=22268962728 total_send=43901389393 total_receive=22268962728 send_by_category={'OTHER': 14896, 'ACTS': 43880477907, 'MODEL': 20896590} recv_by_category={'OTHER': 3808, 'MODEL': 21529820, 'GRADS': 22247429100} send_by_type={10: 3808, 2: 43880477907, 7: 20896590, 3: 3696, 4: 3696, 6: 3696} recv_by_type={6: 3808, 8: 21529820, 1: 22247429100}
2026-04-16 18:07:05,742 - SplitNNServer - INFO - 19356 - phase=validation acc=0.7209 loss=0.7940846402433854 epoch=169 and step=79
2026-04-16 18:07:05,742 - CommBreakdown - INFO - 19356 - epoch_summary rank=0 node_type=server epoch=169 train_acc=0.683794 train_loss=0.898527 val_acc=0.7209 val_loss=0.794085 raw_acts_bytes=1309671424 quantized_acts_bytes=1309671424 acts_metadata_bytes=0 raw_grads_bytes=654311424 quantized_grads_bytes=654311424 grads_metadata_bytes=0 acts_compression=1 grads_compression=1 total_compression=1 acts_quant_time=0 grads_quant_time=0 send_time=0.52535 recv_time=0.653255 epoch_time=17.1279
2026-04-16 18:07:08,862 - SplitNNServer - INFO - 19356 - phase=train acc=0.6484375 loss=0.8875839710235596 epoch=170 and step=0
2026-04-16 18:07:10,436 - SplitNNServer - INFO - 19356 - phase=train acc=0.6796875 loss=0.928029477596283 epoch=170 and step=10
2026-04-16 18:07:11,986 - SplitNNServer - INFO - 19356 - phase=train acc=0.6815476190476191 loss=0.8910061717033386 epoch=170 and step=20
2026-04-16 18:07:13,440 - SplitNNServer - INFO - 19356 - phase=train acc=0.686491935483871 loss=0.8755359053611755 epoch=170 and step=30
2026-04-16 18:07:15,020 - SplitNNServer - INFO - 19356 - phase=train acc=0.6850228658536586 loss=0.716401219367981 epoch=170 and step=40
2026-04-16 18:07:16,513 - SplitNNServer - INFO - 19356 - phase=train acc=0.6848958333333334 loss=0.8961496353149414 epoch=170 and step=50
2026-04-16 18:07:17,808 - SplitNNServer - INFO - 19356 - phase=train acc=0.6839139344262295 loss=0.913237452507019 epoch=170 and step=60
2026-04-16 18:07:19,143 - SplitNNServer - INFO - 19356 - phase=train acc=0.6847491197183099 loss=0.8738428354263306 epoch=170 and step=70
2026-04-16 18:07:20,204 - SplitNNClient - INFO - 20956 - worker_num=1 epoch_send=45211903634 epoch_receive=22923298878 total_send=45211903634 total_receive=22923298878 send_by_category={'ACTS': 45190358582, 'MODEL': 21529820, 'OTHER': 15232} recv_by_category={'GRADS': 22901765250, 'OTHER': 3808, 'MODEL': 21529820} send_by_type={2: 45190358582, 7: 21529820, 3: 3808, 4: 3808, 6: 3808, 10: 3808} recv_by_type={1: 22901765250, 6: 3808, 8: 21529820}
2026-04-16 18:07:23,097 - SplitNNServer - INFO - 19356 - phase=validation acc=0.718 loss=0.8074619641786889 epoch=170 and step=79
2026-04-16 18:07:23,097 - CommBreakdown - INFO - 19356 - epoch_summary rank=0 node_type=server epoch=170 train_acc=0.684996 train_loss=0.879438 val_acc=0.718 val_loss=0.807462 raw_acts_bytes=1309671424 quantized_acts_bytes=1309671424 acts_metadata_bytes=0 raw_grads_bytes=654311424 quantized_grads_bytes=654311424 grads_metadata_bytes=0 acts_compression=1 grads_compression=1 total_compression=1 acts_quant_time=0 grads_quant_time=0 send_time=0.563472 recv_time=0.680401 epoch_time=17.3556
2026-04-16 18:07:26,214 - SplitNNServer - INFO - 19356 - phase=train acc=0.7109375 loss=0.7879631519317627 epoch=171 and step=0
2026-04-16 18:07:27,663 - SplitNNServer - INFO - 19356 - phase=train acc=0.6931818181818182 loss=0.9076211452484131 epoch=171 and step=10
2026-04-16 18:07:28,977 - SplitNNServer - INFO - 19356 - phase=train acc=0.6986607142857143 loss=0.787703275680542 epoch=171 and step=20
2026-04-16 18:07:30,290 - SplitNNServer - INFO - 19356 - phase=train acc=0.6985887096774194 loss=0.9383922219276428 epoch=171 and step=30
2026-04-16 18:07:31,587 - SplitNNServer - INFO - 19356 - phase=train acc=0.6920731707317073 loss=0.8741723299026489 epoch=171 and step=40
2026-04-16 18:07:32,896 - SplitNNServer - INFO - 19356 - phase=train acc=0.6911764705882353 loss=0.8189716339111328 epoch=171 and step=50
2026-04-16 18:07:34,225 - SplitNNServer - INFO - 19356 - phase=train acc=0.688780737704918 loss=0.8629491329193115 epoch=171 and step=60
2026-04-16 18:07:35,680 - SplitNNServer - INFO - 19356 - phase=train acc=0.6913512323943662 loss=0.7057160139083862 epoch=171 and step=70
2026-04-16 18:07:36,851 - SplitNNClient - INFO - 21808 - worker_num=2 epoch_send=45211903746 epoch_receive=22923932220 total_send=45211903746 total_receive=22923932220 send_by_category={'OTHER': 15344, 'ACTS': 45190358582, 'MODEL': 21529820} recv_by_category={'OTHER': 3920, 'MODEL': 22163050, 'GRADS': 22901765250} send_by_type={10: 3920, 2: 45190358582, 7: 21529820, 3: 3808, 4: 3808, 6: 3808} recv_by_type={6: 3920, 8: 22163050, 1: 22901765250}
2026-04-16 18:07:39,762 - SplitNNServer - INFO - 19356 - phase=validation acc=0.7199 loss=0.8024032515815541 epoch=171 and step=79
2026-04-16 18:07:39,762 - CommBreakdown - INFO - 19356 - epoch_summary rank=0 node_type=server epoch=171 train_acc=0.691106 train_loss=0.883379 val_acc=0.7199 val_loss=0.802403 raw_acts_bytes=1309671424 quantized_acts_bytes=1309671424 acts_metadata_bytes=0 raw_grads_bytes=654311424 quantized_grads_bytes=654311424 grads_metadata_bytes=0 acts_compression=1 grads_compression=1 total_compression=1 acts_quant_time=0 grads_quant_time=0 send_time=0.527857 recv_time=0.638655 epoch_time=16.6641
2026-04-16 18:07:42,877 - SplitNNServer - INFO - 19356 - phase=train acc=0.6875 loss=0.9167811870574951 epoch=172 and step=0
2026-04-16 18:07:44,223 - SplitNNServer - INFO - 19356 - phase=train acc=0.6839488636363636 loss=0.8306381702423096 epoch=172 and step=10
2026-04-16 18:07:45,490 - SplitNNServer - INFO - 19356 - phase=train acc=0.6927083333333334 loss=0.8484170436859131 epoch=172 and step=20
2026-04-16 18:07:46,767 - SplitNNServer - INFO - 19356 - phase=train acc=0.6849798387096774 loss=0.9203733205795288 epoch=172 and step=30
2026-04-16 18:07:48,078 - SplitNNServer - INFO - 19356 - phase=train acc=0.6781631097560976 loss=0.8754317164421082 epoch=172 and step=40
2026-04-16 18:07:49,374 - SplitNNServer - INFO - 19356 - phase=train acc=0.6776960784313726 loss=0.9682230949401855 epoch=172 and step=50
2026-04-16 18:07:50,700 - SplitNNServer - INFO - 19356 - phase=train acc=0.6764856557377049 loss=0.8113378882408142 epoch=172 and step=60
2026-04-16 18:07:52,050 - SplitNNServer - INFO - 19356 - phase=train acc=0.6774867957746479 loss=0.9574170112609863 epoch=172 and step=70
2026-04-16 18:07:53,040 - SplitNNClient - INFO - 22124 - worker_num=3 epoch_send=45211903746 epoch_receive=22923932220 total_send=45211903746 total_receive=22923932220 send_by_category={'OTHER': 15344, 'ACTS': 45190358582, 'MODEL': 21529820} recv_by_category={'OTHER': 3920, 'MODEL': 22163050, 'GRADS': 22901765250} send_by_type={10: 3920, 2: 45190358582, 7: 21529820, 3: 3808, 4: 3808, 6: 3808} recv_by_type={6: 3920, 8: 22163050, 1: 22901765250}
2026-04-16 18:07:55,779 - SplitNNServer - INFO - 19356 - phase=validation acc=0.7332 loss=0.7657346069058285 epoch=172 and step=79
2026-04-16 18:07:55,779 - CommBreakdown - INFO - 19356 - epoch_summary rank=0 node_type=server epoch=172 train_acc=0.677384 train_loss=0.900844 val_acc=0.7332 val_loss=0.765735 raw_acts_bytes=1309671424 quantized_acts_bytes=1309671424 acts_metadata_bytes=0 raw_grads_bytes=654311424 quantized_grads_bytes=654311424 grads_metadata_bytes=0 acts_compression=1 grads_compression=1 total_compression=1 acts_quant_time=0 grads_quant_time=0 send_time=0.532216 recv_time=0.642217 epoch_time=16.0164
2026-04-16 18:07:58,886 - SplitNNServer - INFO - 19356 - phase=train acc=0.6875 loss=0.8263598084449768 epoch=173 and step=0
2026-04-16 18:08:00,186 - SplitNNServer - INFO - 19356 - phase=train acc=0.6832386363636364 loss=0.7808191180229187 epoch=173 and step=10
2026-04-16 18:08:01,575 - SplitNNServer - INFO - 19356 - phase=train acc=0.6886160714285714 loss=0.8057855367660522 epoch=173 and step=20
2026-04-16 18:08:02,853 - SplitNNServer - INFO - 19356 - phase=train acc=0.6847278225806451 loss=1.1512606143951416 epoch=173 and step=30
2026-04-16 18:08:04,168 - SplitNNServer - INFO - 19356 - phase=train acc=0.688452743902439 loss=0.8836444616317749 epoch=173 and step=40
2026-04-16 18:08:05,552 - SplitNNServer - INFO - 19356 - phase=train acc=0.6833639705882353 loss=1.0011507272720337 epoch=173 and step=50
2026-04-16 18:08:06,831 - SplitNNServer - INFO - 19356 - phase=train acc=0.6825051229508197 loss=0.9300393462181091 epoch=173 and step=60
2026-04-16 18:08:08,117 - SplitNNServer - INFO - 19356 - phase=train acc=0.6837588028169014 loss=0.9461645483970642 epoch=173 and step=70
2026-04-16 18:08:09,082 - SplitNNClient - INFO - 19304 - worker_num=4 epoch_send=45211903746 epoch_receive=22923932220 total_send=45211903746 total_receive=22923932220 send_by_category={'OTHER': 15344, 'ACTS': 45190358582, 'MODEL': 21529820} recv_by_category={'OTHER': 3920, 'MODEL': 22163050, 'GRADS': 22901765250} send_by_type={10: 3920, 2: 45190358582, 7: 21529820, 3: 3808, 4: 3808, 6: 3808} recv_by_type={6: 3920, 8: 22163050, 1: 22901765250}
2026-04-16 18:08:11,851 - SplitNNServer - INFO - 19356 - phase=validation acc=0.7255 loss=0.7913763319389729 epoch=173 and step=79
2026-04-16 18:08:11,851 - CommBreakdown - INFO - 19356 - epoch_summary rank=0 node_type=server epoch=173 train_acc=0.682192 train_loss=0.892402 val_acc=0.7255 val_loss=0.791376 raw_acts_bytes=1309671424 quantized_acts_bytes=1309671424 acts_metadata_bytes=0 raw_grads_bytes=654311424 quantized_grads_bytes=654311424 grads_metadata_bytes=0 acts_compression=1 grads_compression=1 total_compression=1 acts_quant_time=0 grads_quant_time=0 send_time=0.51583 recv_time=0.642258 epoch_time=16.0724
2026-04-16 18:08:14,991 - SplitNNServer - INFO - 19356 - phase=train acc=0.6796875 loss=0.9277452230453491 epoch=174 and step=0
2026-04-16 18:08:16,455 - SplitNNServer - INFO - 19356 - phase=train acc=0.6846590909090909 loss=0.9557903409004211 epoch=174 and step=10
2026-04-16 18:08:17,900 - SplitNNServer - INFO - 19356 - phase=train acc=0.6834077380952381 loss=0.8469523191452026 epoch=174 and step=20
2026-04-16 18:08:19,471 - SplitNNServer - INFO - 19356 - phase=train acc=0.6791834677419355 loss=0.8527731895446777 epoch=174 and step=30
2026-04-16 18:08:20,883 - SplitNNServer - INFO - 19356 - phase=train acc=0.6732088414634146 loss=1.0248806476593018 epoch=174 and step=40
2026-04-16 18:08:22,328 - SplitNNServer - INFO - 19356 - phase=train acc=0.6769301470588235 loss=0.8185818195343018 epoch=174 and step=50
2026-04-16 18:08:23,694 - SplitNNServer - INFO - 19356 - phase=train acc=0.6775102459016393 loss=1.1099927425384521 epoch=174 and step=60
2026-04-16 18:08:24,958 - SplitNNServer - INFO - 19356 - phase=train acc=0.6775968309859155 loss=1.0706514120101929 epoch=174 and step=70
2026-04-16 18:08:25,895 - SplitNNClient - INFO - 21260 - worker_num=5 epoch_send=45211903746 epoch_receive=22923932220 total_send=45211903746 total_receive=22923932220 send_by_category={'OTHER': 15344, 'ACTS': 45190358582, 'MODEL': 21529820} recv_by_category={'OTHER': 3920, 'MODEL': 22163050, 'GRADS': 22901765250} send_by_type={10: 3920, 2: 45190358582, 7: 21529820, 3: 3808, 4: 3808, 6: 3808} recv_by_type={6: 3920, 8: 22163050, 1: 22901765250}
2026-04-16 18:08:28,756 - SplitNNServer - INFO - 19356 - phase=validation acc=0.7163 loss=0.8097403419168689 epoch=174 and step=79
2026-04-16 18:08:28,756 - CommBreakdown - INFO - 19356 - epoch_summary rank=0 node_type=server epoch=174 train_acc=0.679387 train_loss=0.897115 val_acc=0.7163 val_loss=0.80974 raw_acts_bytes=1309671424 quantized_acts_bytes=1309671424 acts_metadata_bytes=0 raw_grads_bytes=654311424 quantized_grads_bytes=654311424 grads_metadata_bytes=0 acts_compression=1 grads_compression=1 total_compression=1 acts_quant_time=0 grads_quant_time=0 send_time=0.487164 recv_time=0.638337 epoch_time=16.9047
2026-04-16 18:08:31,889 - SplitNNServer - INFO - 19356 - phase=train acc=0.703125 loss=0.9028029441833496 epoch=175 and step=0
2026-04-16 18:08:33,397 - SplitNNServer - INFO - 19356 - phase=train acc=0.6917613636363636 loss=0.9794642925262451 epoch=175 and step=10
2026-04-16 18:08:34,820 - SplitNNServer - INFO - 19356 - phase=train acc=0.6811755952380952 loss=0.828587532043457 epoch=175 and step=20
2026-04-16 18:08:36,136 - SplitNNServer - INFO - 19356 - phase=train acc=0.6925403225806451 loss=0.8891739845275879 epoch=175 and step=30
2026-04-16 18:08:37,622 - SplitNNServer - INFO - 19356 - phase=train acc=0.6939786585365854 loss=0.9338838458061218 epoch=175 and step=40
2026-04-16 18:08:38,997 - SplitNNServer - INFO - 19356 - phase=train acc=0.6899509803921569 loss=0.9590243697166443 epoch=175 and step=50
2026-04-16 18:08:40,389 - SplitNNServer - INFO - 19356 - phase=train acc=0.6872438524590164 loss=0.8257932662963867 epoch=175 and step=60
2026-04-16 18:08:41,940 - SplitNNServer - INFO - 19356 - phase=train acc=0.6873899647887324 loss=1.0433709621429443 epoch=175 and step=70
2026-04-16 18:08:43,047 - SplitNNClient - INFO - 20956 - worker_num=1 epoch_send=46522417987 epoch_receive=23578268370 total_send=46522417987 total_receive=23578268370 send_by_category={'ACTS': 46500239257, 'MODEL': 22163050, 'OTHER': 15680} recv_by_category={'GRADS': 23556101400, 'OTHER': 3920, 'MODEL': 22163050} send_by_type={2: 46500239257, 7: 22163050, 3: 3920, 4: 3920, 6: 3920, 10: 3920} recv_by_type={1: 23556101400, 6: 3920, 8: 22163050}
2026-04-16 18:08:45,939 - SplitNNServer - INFO - 19356 - phase=validation acc=0.7232 loss=0.7765172214447698 epoch=175 and step=79
2026-04-16 18:08:45,939 - CommBreakdown - INFO - 19356 - epoch_summary rank=0 node_type=server epoch=175 train_acc=0.685196 train_loss=0.874683 val_acc=0.7232 val_loss=0.776517 raw_acts_bytes=1309671424 quantized_acts_bytes=1309671424 acts_metadata_bytes=0 raw_grads_bytes=654311424 quantized_grads_bytes=654311424 grads_metadata_bytes=0 acts_compression=1 grads_compression=1 total_compression=1 acts_quant_time=0 grads_quant_time=0 send_time=0.500525 recv_time=0.687808 epoch_time=17.1822
2026-04-16 18:08:49,068 - SplitNNServer - INFO - 19356 - phase=train acc=0.6875 loss=0.8196161985397339 epoch=176 and step=0
2026-04-16 18:08:50,372 - SplitNNServer - INFO - 19356 - phase=train acc=0.6946022727272727 loss=1.0002673864364624 epoch=176 and step=10
2026-04-16 18:08:51,952 - SplitNNServer - INFO - 19356 - phase=train acc=0.6837797619047619 loss=0.9834466576576233 epoch=176 and step=20
2026-04-16 18:08:53,469 - SplitNNServer - INFO - 19356 - phase=train acc=0.6960685483870968 loss=0.8492337465286255 epoch=176 and step=30
2026-04-16 18:08:54,868 - SplitNNServer - INFO - 19356 - phase=train acc=0.6947408536585366 loss=0.8706917762756348 epoch=176 and step=40
2026-04-16 18:08:56,332 - SplitNNServer - INFO - 19356 - phase=train acc=0.6922487745098039 loss=0.8859759569168091 epoch=176 and step=50
2026-04-16 18:08:57,848 - SplitNNServer - INFO - 19356 - phase=train acc=0.6921106557377049 loss=0.8525265455245972 epoch=176 and step=60
2026-04-16 18:08:59,268 - SplitNNServer - INFO - 19356 - phase=train acc=0.692231514084507 loss=0.8590545654296875 epoch=176 and step=70
2026-04-16 18:09:00,207 - SplitNNClient - INFO - 21808 - worker_num=2 epoch_send=46522418099 epoch_receive=23578901712 total_send=46522418099 total_receive=23578901712 send_by_category={'OTHER': 15792, 'ACTS': 46500239257, 'MODEL': 22163050} recv_by_category={'OTHER': 4032, 'MODEL': 22796280, 'GRADS': 23556101400} send_by_type={10: 4032, 2: 46500239257, 7: 22163050, 3: 3920, 4: 3920, 6: 3920} recv_by_type={6: 4032, 8: 22796280, 1: 23556101400}
2026-04-16 18:09:02,992 - SplitNNServer - INFO - 19356 - phase=validation acc=0.7189 loss=0.8307752164104317 epoch=176 and step=79
2026-04-16 18:09:02,992 - CommBreakdown - INFO - 19356 - epoch_summary rank=0 node_type=server epoch=176 train_acc=0.693009 train_loss=0.866057 val_acc=0.7189 val_loss=0.830775 raw_acts_bytes=1309671424 quantized_acts_bytes=1309671424 acts_metadata_bytes=0 raw_grads_bytes=654311424 quantized_grads_bytes=654311424 grads_metadata_bytes=0 acts_compression=1 grads_compression=1 total_compression=1 acts_quant_time=0 grads_quant_time=0 send_time=0.530666 recv_time=0.634248 epoch_time=17.0529
2026-04-16 18:09:06,141 - SplitNNServer - INFO - 19356 - phase=train acc=0.6953125 loss=0.7735177874565125 epoch=177 and step=0
2026-04-16 18:09:07,468 - SplitNNServer - INFO - 19356 - phase=train acc=0.6732954545454546 loss=0.8828296661376953 epoch=177 and step=10
2026-04-16 18:09:08,958 - SplitNNServer - INFO - 19356 - phase=train acc=0.6934523809523809 loss=0.8393709659576416 epoch=177 and step=20
2026-04-16 18:09:10,503 - SplitNNServer - INFO - 19356 - phase=train acc=0.6852318548387096 loss=0.9586267471313477 epoch=177 and step=30
2026-04-16 18:09:11,933 - SplitNNServer - INFO - 19356 - phase=train acc=0.6882621951219512 loss=0.9677050709724426 epoch=177 and step=40
2026-04-16 18:09:13,239 - SplitNNServer - INFO - 19356 - phase=train acc=0.6845894607843137 loss=0.8469687700271606 epoch=177 and step=50
2026-04-16 18:09:14,667 - SplitNNServer - INFO - 19356 - phase=train acc=0.6850665983606558 loss=0.90935218334198 epoch=177 and step=60
2026-04-16 18:09:16,022 - SplitNNServer - INFO - 19356 - phase=train acc=0.6856294014084507 loss=0.8084481954574585 epoch=177 and step=70
2026-04-16 18:09:16,958 - SplitNNClient - INFO - 22124 - worker_num=3 epoch_send=46522418099 epoch_receive=23578901712 total_send=46522418099 total_receive=23578901712 send_by_category={'OTHER': 15792, 'ACTS': 46500239257, 'MODEL': 22163050} recv_by_category={'OTHER': 4032, 'MODEL': 22796280, 'GRADS': 23556101400} send_by_type={10: 4032, 2: 46500239257, 7: 22163050, 3: 3920, 4: 3920, 6: 3920} recv_by_type={6: 4032, 8: 22796280, 1: 23556101400}
2026-04-16 18:09:19,756 - SplitNNServer - INFO - 19356 - phase=validation acc=0.731 loss=0.778386700002453 epoch=177 and step=79
2026-04-16 18:09:19,756 - CommBreakdown - INFO - 19356 - epoch_summary rank=0 node_type=server epoch=177 train_acc=0.685296 train_loss=0.888329 val_acc=0.731 val_loss=0.778387 raw_acts_bytes=1309671424 quantized_acts_bytes=1309671424 acts_metadata_bytes=0 raw_grads_bytes=654311424 quantized_grads_bytes=654311424 grads_metadata_bytes=0 acts_compression=1 grads_compression=1 total_compression=1 acts_quant_time=0 grads_quant_time=0 send_time=0.528338 recv_time=0.637385 epoch_time=16.764
2026-04-16 18:09:22,877 - SplitNNServer - INFO - 19356 - phase=train acc=0.6484375 loss=0.9265543222427368 epoch=178 and step=0
2026-04-16 18:09:24,409 - SplitNNServer - INFO - 19356 - phase=train acc=0.6647727272727273 loss=0.8774358630180359 epoch=178 and step=10
2026-04-16 18:09:25,754 - SplitNNServer - INFO - 19356 - phase=train acc=0.6811755952380952 loss=0.8654587864875793 epoch=178 and step=20
2026-04-16 18:09:27,060 - SplitNNServer - INFO - 19356 - phase=train acc=0.6832157258064516 loss=0.8685455322265625 epoch=178 and step=30
2026-04-16 18:09:28,460 - SplitNNServer - INFO - 19356 - phase=train acc=0.6871189024390244 loss=0.6915149688720703 epoch=178 and step=40
2026-04-16 18:09:29,801 - SplitNNServer - INFO - 19356 - phase=train acc=0.6891850490196079 loss=0.6678200960159302 epoch=178 and step=50
2026-04-16 18:09:31,079 - SplitNNServer - INFO - 19356 - phase=train acc=0.6866034836065574 loss=0.8787429332733154 epoch=178 and step=60
2026-04-16 18:09:32,388 - SplitNNServer - INFO - 19356 - phase=train acc=0.6858494718309859 loss=0.8845210075378418 epoch=178 and step=70
2026-04-16 18:09:33,382 - SplitNNClient - INFO - 19304 - worker_num=4 epoch_send=46522418099 epoch_receive=23578901712 total_send=46522418099 total_receive=23578901712 send_by_category={'OTHER': 15792, 'ACTS': 46500239257, 'MODEL': 22163050} recv_by_category={'OTHER': 4032, 'MODEL': 22796280, 'GRADS': 23556101400} send_by_type={10: 4032, 2: 46500239257, 7: 22163050, 3: 3920, 4: 3920, 6: 3920} recv_by_type={6: 4032, 8: 22796280, 1: 23556101400}
2026-04-16 18:09:36,191 - SplitNNServer - INFO - 19356 - phase=validation acc=0.7318 loss=0.7677403801604162 epoch=178 and step=79
2026-04-16 18:09:36,191 - CommBreakdown - INFO - 19356 - epoch_summary rank=0 node_type=server epoch=178 train_acc=0.686999 train_loss=0.871737 val_acc=0.7318 val_loss=0.76774 raw_acts_bytes=1309671424 quantized_acts_bytes=1309671424 acts_metadata_bytes=0 raw_grads_bytes=654311424 quantized_grads_bytes=654311424 grads_metadata_bytes=0 acts_compression=1 grads_compression=1 total_compression=1 acts_quant_time=0 grads_quant_time=0 send_time=0.497447 recv_time=0.658485 epoch_time=16.4348
2026-04-16 18:09:39,306 - SplitNNServer - INFO - 19356 - phase=train acc=0.6640625 loss=0.9258079528808594 epoch=179 and step=0
2026-04-16 18:09:40,817 - SplitNNServer - INFO - 19356 - phase=train acc=0.6789772727272727 loss=0.7802718877792358 epoch=179 and step=10
2026-04-16 18:09:42,363 - SplitNNServer - INFO - 19356 - phase=train acc=0.6826636904761905 loss=1.0351855754852295 epoch=179 and step=20
2026-04-16 18:09:43,936 - SplitNNServer - INFO - 19356 - phase=train acc=0.6844758064516129 loss=0.8106839060783386 epoch=179 and step=30
2026-04-16 18:09:45,338 - SplitNNServer - INFO - 19356 - phase=train acc=0.6819740853658537 loss=0.8225310444831848 epoch=179 and step=40
2026-04-16 18:09:46,617 - SplitNNServer - INFO - 19356 - phase=train acc=0.6844362745098039 loss=0.7591809034347534 epoch=179 and step=50
2026-04-16 18:09:48,010 - SplitNNServer - INFO - 19356 - phase=train acc=0.6871157786885246 loss=1.0137532949447632 epoch=179 and step=60
2026-04-16 18:09:49,506 - SplitNNServer - INFO - 19356 - phase=train acc=0.6855193661971831 loss=0.871753990650177 epoch=179 and step=70
2026-04-16 18:09:50,611 - SplitNNClient - INFO - 21260 - worker_num=5 epoch_send=46522418099 epoch_receive=23578901712 total_send=46522418099 total_receive=23578901712 send_by_category={'OTHER': 15792, 'ACTS': 46500239257, 'MODEL': 22163050} recv_by_category={'OTHER': 4032, 'MODEL': 22796280, 'GRADS': 23556101400} send_by_type={10: 4032, 2: 46500239257, 7: 22163050, 3: 3920, 4: 3920, 6: 3920} recv_by_type={6: 4032, 8: 22796280, 1: 23556101400}
2026-04-16 18:09:53,492 - SplitNNServer - INFO - 19356 - phase=validation acc=0.7346 loss=0.7629332021821903 epoch=179 and step=79
2026-04-16 18:09:53,492 - CommBreakdown - INFO - 19356 - epoch_summary rank=0 node_type=server epoch=179 train_acc=0.6874 train_loss=0.874223 val_acc=0.7346 val_loss=0.762933 raw_acts_bytes=1309671424 quantized_acts_bytes=1309671424 acts_metadata_bytes=0 raw_grads_bytes=654311424 quantized_grads_bytes=654311424 grads_metadata_bytes=0 acts_compression=1 grads_compression=1 total_compression=1 acts_quant_time=0 grads_quant_time=0 send_time=0.540332 recv_time=0.652188 epoch_time=17.3007
2026-04-16 18:09:56,615 - SplitNNServer - INFO - 19356 - phase=train acc=0.6875 loss=0.8744128942489624 epoch=180 and step=0
2026-04-16 18:09:58,130 - SplitNNServer - INFO - 19356 - phase=train acc=0.6832386363636364 loss=0.8839096426963806 epoch=180 and step=10
2026-04-16 18:09:59,619 - SplitNNServer - INFO - 19356 - phase=train acc=0.6815476190476191 loss=0.9908642768859863 epoch=180 and step=20
2026-04-16 18:10:01,000 - SplitNNServer - INFO - 19356 - phase=train acc=0.6827116935483871 loss=0.7828793525695801 epoch=180 and step=30
2026-04-16 18:10:02,383 - SplitNNServer - INFO - 19356 - phase=train acc=0.692454268292683 loss=0.8562483787536621 epoch=180 and step=40
2026-04-16 18:10:03,933 - SplitNNServer - INFO - 19356 - phase=train acc=0.6914828431372549 loss=0.9274239540100098 epoch=180 and step=50
2026-04-16 18:10:05,202 - SplitNNServer - INFO - 19356 - phase=train acc=0.6924948770491803 loss=0.8176556825637817 epoch=180 and step=60
2026-04-16 18:10:06,483 - SplitNNServer - INFO - 19356 - phase=train acc=0.6917913732394366 loss=0.7269705533981323 epoch=180 and step=70
2026-04-16 18:10:07,438 - SplitNNClient - INFO - 20956 - worker_num=1 epoch_send=47832932340 epoch_receive=24233237862 total_send=47832932340 total_receive=24233237862 send_by_category={'ACTS': 47810119932, 'MODEL': 22796280, 'OTHER': 16128} recv_by_category={'GRADS': 24210437550, 'OTHER': 4032, 'MODEL': 22796280} send_by_type={2: 47810119932, 7: 22796280, 3: 4032, 4: 4032, 6: 4032, 10: 4032} recv_by_type={1: 24210437550, 6: 4032, 8: 22796280}
2026-04-16 18:10:10,282 - SplitNNServer - INFO - 19356 - phase=validation acc=0.744 loss=0.7371458720557297 epoch=180 and step=79
2026-04-16 18:10:10,282 - CommBreakdown - INFO - 19356 - epoch_summary rank=0 node_type=server epoch=180 train_acc=0.694111 train_loss=0.853109 val_acc=0.744 val_loss=0.737146 raw_acts_bytes=1309671424 quantized_acts_bytes=1309671424 acts_metadata_bytes=0 raw_grads_bytes=654311424 quantized_grads_bytes=654311424 grads_metadata_bytes=0 acts_compression=1 grads_compression=1 total_compression=1 acts_quant_time=0 grads_quant_time=0 send_time=0.539544 recv_time=0.679089 epoch_time=16.7893
2026-04-16 18:10:13,551 - SplitNNServer - INFO - 19356 - phase=train acc=0.7265625 loss=0.7554044723510742 epoch=181 and step=0
2026-04-16 18:10:14,864 - SplitNNServer - INFO - 19356 - phase=train acc=0.6910511363636364 loss=0.8260897397994995 epoch=181 and step=10
2026-04-16 18:10:16,140 - SplitNNServer - INFO - 19356 - phase=train acc=0.6997767857142857 loss=0.8671222925186157 epoch=181 and step=20
2026-04-16 18:10:17,469 - SplitNNServer - INFO - 19356 - phase=train acc=0.6993447580645161 loss=0.9129908680915833 epoch=181 and step=30
2026-04-16 18:10:18,892 - SplitNNServer - INFO - 19356 - phase=train acc=0.6996951219512195 loss=0.8385620713233948 epoch=181 and step=40
2026-04-16 18:10:20,477 - SplitNNServer - INFO - 19356 - phase=train acc=0.7003676470588235 loss=0.8301584720611572 epoch=181 and step=50
2026-04-16 18:10:21,918 - SplitNNServer - INFO - 19356 - phase=train acc=0.7013319672131147 loss=0.8366310000419617 epoch=181 and step=60
2026-04-16 18:10:23,269 - SplitNNServer - INFO - 19356 - phase=train acc=0.7004841549295775 loss=0.9080455899238586 epoch=181 and step=70
2026-04-16 18:10:24,383 - SplitNNClient - INFO - 21808 - worker_num=2 epoch_send=47832932452 epoch_receive=24233871204 total_send=47832932452 total_receive=24233871204 send_by_category={'OTHER': 16240, 'ACTS': 47810119932, 'MODEL': 22796280} recv_by_category={'OTHER': 4144, 'MODEL': 23429510, 'GRADS': 24210437550} send_by_type={10: 4144, 2: 47810119932, 7: 22796280, 3: 4032, 4: 4032, 6: 4032} recv_by_type={6: 4144, 8: 23429510, 1: 24210437550}
2026-04-16 18:10:27,246 - SplitNNServer - INFO - 19356 - phase=validation acc=0.7259 loss=0.7954196243346492 epoch=181 and step=79
2026-04-16 18:10:27,246 - CommBreakdown - INFO - 19356 - epoch_summary rank=0 node_type=server epoch=181 train_acc=0.698518 train_loss=0.859902 val_acc=0.7259 val_loss=0.79542 raw_acts_bytes=1309671424 quantized_acts_bytes=1309671424 acts_metadata_bytes=0 raw_grads_bytes=654311424 quantized_grads_bytes=654311424 grads_metadata_bytes=0 acts_compression=1 grads_compression=1 total_compression=1 acts_quant_time=0 grads_quant_time=0 send_time=0.517011 recv_time=0.652478 epoch_time=16.9641
2026-04-16 18:10:30,377 - SplitNNServer - INFO - 19356 - phase=train acc=0.6640625 loss=0.8543415665626526 epoch=182 and step=0
2026-04-16 18:10:31,783 - SplitNNServer - INFO - 19356 - phase=train acc=0.7038352272727273 loss=0.8273518085479736 epoch=182 and step=10
2026-04-16 18:10:33,246 - SplitNNServer - INFO - 19356 - phase=train acc=0.7064732142857143 loss=1.0195013284683228 epoch=182 and step=20
2026-04-16 18:10:34,780 - SplitNNServer - INFO - 19356 - phase=train acc=0.7026209677419355 loss=0.8299906253814697 epoch=182 and step=30
2026-04-16 18:10:36,296 - SplitNNServer - INFO - 19356 - phase=train acc=0.6996951219512195 loss=0.8849800229072571 epoch=182 and step=40
2026-04-16 18:10:37,641 - SplitNNServer - INFO - 19356 - phase=train acc=0.6997549019607843 loss=0.9060484766960144 epoch=182 and step=50
2026-04-16 18:10:38,945 - SplitNNServer - INFO - 19356 - phase=train acc=0.7004354508196722 loss=0.7664937973022461 epoch=182 and step=60
2026-04-16 18:10:40,343 - SplitNNServer - INFO - 19356 - phase=train acc=0.6978433098591549 loss=1.0241267681121826 epoch=182 and step=70
2026-04-16 18:10:41,458 - SplitNNClient - INFO - 22124 - worker_num=3 epoch_send=47832932452 epoch_receive=24233871204 total_send=47832932452 total_receive=24233871204 send_by_category={'OTHER': 16240, 'ACTS': 47810119932, 'MODEL': 22796280} recv_by_category={'OTHER': 4144, 'MODEL': 23429510, 'GRADS': 24210437550} send_by_type={10: 4144, 2: 47810119932, 7: 22796280, 3: 4032, 4: 4032, 6: 4032} recv_by_type={6: 4144, 8: 23429510, 1: 24210437550}
2026-04-16 18:10:44,255 - SplitNNServer - INFO - 19356 - phase=validation acc=0.7252 loss=0.7927497323555283 epoch=182 and step=79
2026-04-16 18:10:44,255 - CommBreakdown - INFO - 19356 - epoch_summary rank=0 node_type=server epoch=182 train_acc=0.698718 train_loss=0.867501 val_acc=0.7252 val_loss=0.79275 raw_acts_bytes=1309671424 quantized_acts_bytes=1309671424 acts_metadata_bytes=0 raw_grads_bytes=654311424 quantized_grads_bytes=654311424 grads_metadata_bytes=0 acts_compression=1 grads_compression=1 total_compression=1 acts_quant_time=0 grads_quant_time=0 send_time=0.531637 recv_time=0.64141 epoch_time=17.0085
2026-04-16 18:10:47,413 - SplitNNServer - INFO - 19356 - phase=train acc=0.6484375 loss=0.814799427986145 epoch=183 and step=0
2026-04-16 18:10:48,769 - SplitNNServer - INFO - 19356 - phase=train acc=0.6775568181818182 loss=0.7426649928092957 epoch=183 and step=10
2026-04-16 18:10:50,114 - SplitNNServer - INFO - 19356 - phase=train acc=0.6897321428571429 loss=0.9612988233566284 epoch=183 and step=20
2026-04-16 18:10:51,415 - SplitNNServer - INFO - 19356 - phase=train acc=0.6985887096774194 loss=0.9704954028129578 epoch=183 and step=30
2026-04-16 18:10:52,736 - SplitNNServer - INFO - 19356 - phase=train acc=0.7008384146341463 loss=0.781692385673523 epoch=183 and step=40
2026-04-16 18:10:54,227 - SplitNNServer - INFO - 19356 - phase=train acc=0.6979166666666666 loss=0.8844350576400757 epoch=183 and step=50
2026-04-16 18:10:55,569 - SplitNNServer - INFO - 19356 - phase=train acc=0.6977459016393442 loss=0.8077151775360107 epoch=183 and step=60
2026-04-16 18:10:56,985 - SplitNNServer - INFO - 19356 - phase=train acc=0.6953125 loss=0.9562270641326904 epoch=183 and step=70
2026-04-16 18:10:58,142 - SplitNNClient - INFO - 19304 - worker_num=4 epoch_send=47832932452 epoch_receive=24233871204 total_send=47832932452 total_receive=24233871204 send_by_category={'OTHER': 16240, 'ACTS': 47810119932, 'MODEL': 22796280} recv_by_category={'OTHER': 4144, 'MODEL': 23429510, 'GRADS': 24210437550} send_by_type={10: 4144, 2: 47810119932, 7: 22796280, 3: 4032, 4: 4032, 6: 4032} recv_by_type={6: 4144, 8: 23429510, 1: 24210437550}
2026-04-16 18:11:00,935 - SplitNNServer - INFO - 19356 - phase=validation acc=0.7245 loss=0.8065857170503351 epoch=183 and step=79
2026-04-16 18:11:00,935 - CommBreakdown - INFO - 19356 - epoch_summary rank=0 node_type=server epoch=183 train_acc=0.693009 train_loss=0.862138 val_acc=0.7245 val_loss=0.806586 raw_acts_bytes=1309671424 quantized_acts_bytes=1309671424 acts_metadata_bytes=0 raw_grads_bytes=654311424 quantized_grads_bytes=654311424 grads_metadata_bytes=0 acts_compression=1 grads_compression=1 total_compression=1 acts_quant_time=0 grads_quant_time=0 send_time=0.567497 recv_time=0.646777 epoch_time=16.6805
2026-04-16 18:11:04,113 - SplitNNServer - INFO - 19356 - phase=train acc=0.6484375 loss=0.9095795154571533 epoch=184 and step=0
2026-04-16 18:11:05,438 - SplitNNServer - INFO - 19356 - phase=train acc=0.7052556818181818 loss=0.7078142166137695 epoch=184 and step=10
2026-04-16 18:11:06,783 - SplitNNServer - INFO - 19356 - phase=train acc=0.6945684523809523 loss=1.1105214357376099 epoch=184 and step=20
2026-04-16 18:11:08,200 - SplitNNServer - INFO - 19356 - phase=train acc=0.6902721774193549 loss=0.7728031873703003 epoch=184 and step=30
2026-04-16 18:11:09,741 - SplitNNServer - INFO - 19356 - phase=train acc=0.6833079268292683 loss=0.9032101631164551 epoch=184 and step=40
2026-04-16 18:11:11,096 - SplitNNServer - INFO - 19356 - phase=train acc=0.6865808823529411 loss=0.7963548898696899 epoch=184 and step=50
2026-04-16 18:11:12,522 - SplitNNServer - INFO - 19356 - phase=train acc=0.6885245901639344 loss=0.8042671084403992 epoch=184 and step=60
2026-04-16 18:11:13,784 - SplitNNServer - INFO - 19356 - phase=train acc=0.6895906690140845 loss=0.7640764713287354 epoch=184 and step=70
2026-04-16 18:11:14,740 - SplitNNClient - INFO - 21260 - worker_num=5 epoch_send=47832932452 epoch_receive=24233871204 total_send=47832932452 total_receive=24233871204 send_by_category={'OTHER': 16240, 'ACTS': 47810119932, 'MODEL': 22796280} recv_by_category={'OTHER': 4144, 'MODEL': 23429510, 'GRADS': 24210437550} send_by_type={10: 4144, 2: 47810119932, 7: 22796280, 3: 4032, 4: 4032, 6: 4032} recv_by_type={6: 4144, 8: 23429510, 1: 24210437550}
2026-04-16 18:11:17,625 - SplitNNServer - INFO - 19356 - phase=validation acc=0.7092 loss=0.8492768127706987 epoch=184 and step=79
2026-04-16 18:11:17,626 - CommBreakdown - INFO - 19356 - epoch_summary rank=0 node_type=server epoch=184 train_acc=0.688902 train_loss=0.867419 val_acc=0.7092 val_loss=0.849277 raw_acts_bytes=1309671424 quantized_acts_bytes=1309671424 acts_metadata_bytes=0 raw_grads_bytes=654311424 quantized_grads_bytes=654311424 grads_metadata_bytes=0 acts_compression=1 grads_compression=1 total_compression=1 acts_quant_time=0 grads_quant_time=0 send_time=0.511547 recv_time=0.643937 epoch_time=16.6901
2026-04-16 18:11:20,751 - SplitNNServer - INFO - 19356 - phase=train acc=0.6953125 loss=0.813306987285614 epoch=185 and step=0
2026-04-16 18:11:22,076 - SplitNNServer - INFO - 19356 - phase=train acc=0.7024147727272727 loss=0.8381142616271973 epoch=185 and step=10
2026-04-16 18:11:23,580 - SplitNNServer - INFO - 19356 - phase=train acc=0.6990327380952381 loss=0.9172571897506714 epoch=185 and step=20
2026-04-16 18:11:24,853 - SplitNNServer - INFO - 19356 - phase=train acc=0.6993447580645161 loss=0.7863354682922363 epoch=185 and step=30
2026-04-16 18:11:26,196 - SplitNNServer - INFO - 19356 - phase=train acc=0.7017911585365854 loss=0.7399914264678955 epoch=185 and step=40
2026-04-16 18:11:27,570 - SplitNNServer - INFO - 19356 - phase=train acc=0.7003676470588235 loss=1.0011862516403198 epoch=185 and step=50
2026-04-16 18:11:28,864 - SplitNNServer - INFO - 19356 - phase=train acc=0.6962090163934426 loss=1.054077386856079 epoch=185 and step=60
2026-04-16 18:11:30,268 - SplitNNServer - INFO - 19356 - phase=train acc=0.6977332746478874 loss=0.7851253747940063 epoch=185 and step=70
2026-04-16 18:11:31,255 - SplitNNClient - INFO - 20956 - worker_num=1 epoch_send=49143446693 epoch_receive=24888207354 total_send=49143446693 total_receive=24888207354 send_by_category={'ACTS': 49120000607, 'MODEL': 23429510, 'OTHER': 16576} recv_by_category={'GRADS': 24864773700, 'OTHER': 4144, 'MODEL': 23429510} send_by_type={2: 49120000607, 7: 23429510, 3: 4144, 4: 4144, 6: 4144, 10: 4144} recv_by_type={1: 24864773700, 6: 4144, 8: 23429510}
2026-04-16 18:11:34,105 - SplitNNServer - INFO - 19356 - phase=validation acc=0.7338 loss=0.7619966317581225 epoch=185 and step=79
2026-04-16 18:11:34,106 - CommBreakdown - INFO - 19356 - epoch_summary rank=0 node_type=server epoch=185 train_acc=0.700921 train_loss=0.84047 val_acc=0.7338 val_loss=0.761997 raw_acts_bytes=1309671424 quantized_acts_bytes=1309671424 acts_metadata_bytes=0 raw_grads_bytes=654311424 quantized_grads_bytes=654311424 grads_metadata_bytes=0 acts_compression=1 grads_compression=1 total_compression=1 acts_quant_time=0 grads_quant_time=0 send_time=0.531805 recv_time=0.677015 epoch_time=16.4796
2026-04-16 18:11:37,255 - SplitNNServer - INFO - 19356 - phase=train acc=0.734375 loss=0.8274967074394226 epoch=186 and step=0
2026-04-16 18:11:38,817 - SplitNNServer - INFO - 19356 - phase=train acc=0.6960227272727273 loss=0.8392665982246399 epoch=186 and step=10
2026-04-16 18:11:40,201 - SplitNNServer - INFO - 19356 - phase=train acc=0.6930803571428571 loss=0.938036322593689 epoch=186 and step=20
2026-04-16 18:11:41,628 - SplitNNServer - INFO - 19356 - phase=train acc=0.7001008064516129 loss=0.7084094285964966 epoch=186 and step=30
2026-04-16 18:11:43,063 - SplitNNServer - INFO - 19356 - phase=train acc=0.7048399390243902 loss=0.7724096775054932 epoch=186 and step=40
2026-04-16 18:11:44,416 - SplitNNServer - INFO - 19356 - phase=train acc=0.7014399509803921 loss=0.9369462728500366 epoch=186 and step=50
2026-04-16 18:11:45,760 - SplitNNServer - INFO - 19356 - phase=train acc=0.7041495901639344 loss=0.7484340071678162 epoch=186 and step=60
2026-04-16 18:11:47,244 - SplitNNServer - INFO - 19356 - phase=train acc=0.6998239436619719 loss=0.9132428765296936 epoch=186 and step=70
2026-04-16 18:11:48,187 - SplitNNClient - INFO - 21808 - worker_num=2 epoch_send=49143446805 epoch_receive=24888840696 total_send=49143446805 total_receive=24888840696 send_by_category={'OTHER': 16688, 'ACTS': 49120000607, 'MODEL': 23429510} recv_by_category={'OTHER': 4256, 'MODEL': 24062740, 'GRADS': 24864773700} send_by_type={10: 4256, 2: 49120000607, 7: 23429510, 3: 4144, 4: 4144, 6: 4144} recv_by_type={6: 4256, 8: 24062740, 1: 24864773700}
2026-04-16 18:11:51,275 - SplitNNServer - INFO - 19356 - phase=validation acc=0.728 loss=0.7853023074095762 epoch=186 and step=79
2026-04-16 18:11:51,275 - CommBreakdown - INFO - 19356 - epoch_summary rank=0 node_type=server epoch=186 train_acc=0.699519 train_loss=0.849361 val_acc=0.728 val_loss=0.785302 raw_acts_bytes=1309671424 quantized_acts_bytes=1309671424 acts_metadata_bytes=0 raw_grads_bytes=654311424 quantized_grads_bytes=654311424 grads_metadata_bytes=0 acts_compression=1 grads_compression=1 total_compression=1 acts_quant_time=0 grads_quant_time=0 send_time=0.563957 recv_time=0.67163 epoch_time=17.1691
2026-04-16 18:11:54,410 - SplitNNServer - INFO - 19356 - phase=train acc=0.6796875 loss=0.8650710582733154 epoch=187 and step=0
2026-04-16 18:11:55,858 - SplitNNServer - INFO - 19356 - phase=train acc=0.7088068181818182 loss=0.9373263120651245 epoch=187 and step=10
2026-04-16 18:11:57,256 - SplitNNServer - INFO - 19356 - phase=train acc=0.6968005952380952 loss=0.8899450302124023 epoch=187 and step=20
2026-04-16 18:11:58,536 - SplitNNServer - INFO - 19356 - phase=train acc=0.7013608870967742 loss=0.8529078960418701 epoch=187 and step=30
2026-04-16 18:11:59,908 - SplitNNServer - INFO - 19356 - phase=train acc=0.6926448170731707 loss=0.9651728868484497 epoch=187 and step=40
2026-04-16 18:12:01,433 - SplitNNServer - INFO - 19356 - phase=train acc=0.6905637254901961 loss=1.078654408454895 epoch=187 and step=50
2026-04-16 18:12:02,808 - SplitNNServer - INFO - 19356 - phase=train acc=0.6933913934426229 loss=0.7720271348953247 epoch=187 and step=60
2026-04-16 18:12:04,135 - SplitNNServer - INFO - 19356 - phase=train acc=0.6926716549295775 loss=0.8697826862335205 epoch=187 and step=70
2026-04-16 18:12:05,157 - SplitNNClient - INFO - 22124 - worker_num=3 epoch_send=49143446805 epoch_receive=24888840696 total_send=49143446805 total_receive=24888840696 send_by_category={'OTHER': 16688, 'ACTS': 49120000607, 'MODEL': 23429510} recv_by_category={'OTHER': 4256, 'MODEL': 24062740, 'GRADS': 24864773700} send_by_type={10: 4256, 2: 49120000607, 7: 23429510, 3: 4144, 4: 4144, 6: 4144} recv_by_type={6: 4256, 8: 24062740, 1: 24864773700}
2026-04-16 18:12:07,989 - SplitNNServer - INFO - 19356 - phase=validation acc=0.7438 loss=0.7434887403174292 epoch=187 and step=79
2026-04-16 18:12:07,989 - CommBreakdown - INFO - 19356 - epoch_summary rank=0 node_type=server epoch=187 train_acc=0.693309 train_loss=0.870179 val_acc=0.7438 val_loss=0.743489 raw_acts_bytes=1309671424 quantized_acts_bytes=1309671424 acts_metadata_bytes=0 raw_grads_bytes=654311424 quantized_grads_bytes=654311424 grads_metadata_bytes=0 acts_compression=1 grads_compression=1 total_compression=1 acts_quant_time=0 grads_quant_time=0 send_time=0.513907 recv_time=0.652017 epoch_time=16.714
2026-04-16 18:12:11,137 - SplitNNServer - INFO - 19356 - phase=train acc=0.734375 loss=0.688437819480896 epoch=188 and step=0
2026-04-16 18:12:12,467 - SplitNNServer - INFO - 19356 - phase=train acc=0.7201704545454546 loss=0.9465938806533813 epoch=188 and step=10
2026-04-16 18:12:13,845 - SplitNNServer - INFO - 19356 - phase=train acc=0.7046130952380952 loss=0.8292521834373474 epoch=188 and step=20
2026-04-16 18:12:15,180 - SplitNNServer - INFO - 19356 - phase=train acc=0.6965725806451613 loss=0.7102448344230652 epoch=188 and step=30
2026-04-16 18:12:16,534 - SplitNNServer - INFO - 19356 - phase=train acc=0.6941692073170732 loss=0.7699459791183472 epoch=188 and step=40
2026-04-16 18:12:17,840 - SplitNNServer - INFO - 19356 - phase=train acc=0.6963848039215687 loss=0.8104449510574341 epoch=188 and step=50
2026-04-16 18:12:19,167 - SplitNNServer - INFO - 19356 - phase=train acc=0.6990266393442623 loss=0.7489875555038452 epoch=188 and step=60
2026-04-16 18:12:20,448 - SplitNNServer - INFO - 19356 - phase=train acc=0.6968529929577465 loss=0.8581783771514893 epoch=188 and step=70
2026-04-16 18:12:21,400 - SplitNNClient - INFO - 19304 - worker_num=4 epoch_send=49143446805 epoch_receive=24888840696 total_send=49143446805 total_receive=24888840696 send_by_category={'OTHER': 16688, 'ACTS': 49120000607, 'MODEL': 23429510} recv_by_category={'OTHER': 4256, 'MODEL': 24062740, 'GRADS': 24864773700} send_by_type={10: 4256, 2: 49120000607, 7: 23429510, 3: 4144, 4: 4144, 6: 4144} recv_by_type={6: 4256, 8: 24062740, 1: 24864773700}
2026-04-16 18:12:24,272 - SplitNNServer - INFO - 19356 - phase=validation acc=0.7308 loss=0.7774531946906561 epoch=188 and step=79
2026-04-16 18:12:24,272 - CommBreakdown - INFO - 19356 - epoch_summary rank=0 node_type=server epoch=188 train_acc=0.698017 train_loss=0.854269 val_acc=0.7308 val_loss=0.777453 raw_acts_bytes=1309671424 quantized_acts_bytes=1309671424 acts_metadata_bytes=0 raw_grads_bytes=654311424 quantized_grads_bytes=654311424 grads_metadata_bytes=0 acts_compression=1 grads_compression=1 total_compression=1 acts_quant_time=0 grads_quant_time=0 send_time=0.550151 recv_time=0.647261 epoch_time=16.2827
2026-04-16 18:12:27,449 - SplitNNServer - INFO - 19356 - phase=train acc=0.765625 loss=0.7224907875061035 epoch=189 and step=0
2026-04-16 18:12:29,004 - SplitNNServer - INFO - 19356 - phase=train acc=0.7201704545454546 loss=0.7424604892730713 epoch=189 and step=10
2026-04-16 18:12:30,372 - SplitNNServer - INFO - 19356 - phase=train acc=0.7154017857142857 loss=0.8678781390190125 epoch=189 and step=20
2026-04-16 18:12:31,759 - SplitNNServer - INFO - 19356 - phase=train acc=0.7134576612903226 loss=0.874746561050415 epoch=189 and step=30
2026-04-16 18:12:33,278 - SplitNNServer - INFO - 19356 - phase=train acc=0.7048399390243902 loss=1.0076693296432495 epoch=189 and step=40
2026-04-16 18:12:34,648 - SplitNNServer - INFO - 19356 - phase=train acc=0.7018995098039216 loss=1.014050006866455 epoch=189 and step=50
2026-04-16 18:12:35,947 - SplitNNServer - INFO - 19356 - phase=train acc=0.7009477459016393 loss=0.9129546880722046 epoch=189 and step=60
2026-04-16 18:12:37,224 - SplitNNServer - INFO - 19356 - phase=train acc=0.7012544014084507 loss=0.8559150099754333 epoch=189 and step=70
2026-04-16 18:12:38,174 - SplitNNClient - INFO - 21260 - worker_num=5 epoch_send=49143446805 epoch_receive=24888840696 total_send=49143446805 total_receive=24888840696 send_by_category={'OTHER': 16688, 'ACTS': 49120000607, 'MODEL': 23429510} recv_by_category={'OTHER': 4256, 'MODEL': 24062740, 'GRADS': 24864773700} send_by_type={10: 4256, 2: 49120000607, 7: 23429510, 3: 4144, 4: 4144, 6: 4144} recv_by_type={6: 4256, 8: 24062740, 1: 24864773700}
2026-04-16 18:12:41,092 - SplitNNServer - INFO - 19356 - phase=validation acc=0.7314 loss=0.7572818711588655 epoch=189 and step=79
2026-04-16 18:12:41,092 - CommBreakdown - INFO - 19356 - epoch_summary rank=0 node_type=server epoch=189 train_acc=0.698718 train_loss=0.846987 val_acc=0.7314 val_loss=0.757282 raw_acts_bytes=1309671424 quantized_acts_bytes=1309671424 acts_metadata_bytes=0 raw_grads_bytes=654311424 quantized_grads_bytes=654311424 grads_metadata_bytes=0 acts_compression=1 grads_compression=1 total_compression=1 acts_quant_time=0 grads_quant_time=0 send_time=0.509081 recv_time=0.653767 epoch_time=16.8205
2026-04-16 18:12:44,263 - SplitNNServer - INFO - 19356 - phase=train acc=0.71875 loss=0.8637490272521973 epoch=190 and step=0
2026-04-16 18:12:45,733 - SplitNNServer - INFO - 19356 - phase=train acc=0.6931818181818182 loss=0.9730558395385742 epoch=190 and step=10
2026-04-16 18:12:47,078 - SplitNNServer - INFO - 19356 - phase=train acc=0.6986607142857143 loss=0.7944713830947876 epoch=190 and step=20
2026-04-16 18:12:48,538 - SplitNNServer - INFO - 19356 - phase=train acc=0.7006048387096774 loss=0.7744076251983643 epoch=190 and step=30
2026-04-16 18:12:49,973 - SplitNNServer - INFO - 19356 - phase=train acc=0.7061737804878049 loss=0.5981247425079346 epoch=190 and step=40
2026-04-16 18:12:51,258 - SplitNNServer - INFO - 19356 - phase=train acc=0.7043504901960784 loss=0.8929501175880432 epoch=190 and step=50
2026-04-16 18:12:52,733 - SplitNNServer - INFO - 19356 - phase=train acc=0.7036372950819673 loss=0.8631424307823181 epoch=190 and step=60
2026-04-16 18:12:54,304 - SplitNNServer - INFO - 19356 - phase=train acc=0.7047755281690141 loss=0.7117444276809692 epoch=190 and step=70
2026-04-16 18:12:55,460 - SplitNNClient - INFO - 20956 - worker_num=1 epoch_send=50453961046 epoch_receive=25543176846 total_send=50453961046 total_receive=25543176846 send_by_category={'ACTS': 50429881282, 'MODEL': 24062740, 'OTHER': 17024} recv_by_category={'GRADS': 25519109850, 'OTHER': 4256, 'MODEL': 24062740} send_by_type={2: 50429881282, 7: 24062740, 3: 4256, 4: 4256, 6: 4256, 10: 4256} recv_by_type={1: 25519109850, 6: 4256, 8: 24062740}
2026-04-16 18:12:58,346 - SplitNNServer - INFO - 19356 - phase=validation acc=0.7318 loss=0.7864294587811337 epoch=190 and step=79
2026-04-16 18:12:58,346 - CommBreakdown - INFO - 19356 - epoch_summary rank=0 node_type=server epoch=190 train_acc=0.704127 train_loss=0.831596 val_acc=0.7318 val_loss=0.786429 raw_acts_bytes=1309671424 quantized_acts_bytes=1309671424 acts_metadata_bytes=0 raw_grads_bytes=654311424 quantized_grads_bytes=654311424 grads_metadata_bytes=0 acts_compression=1 grads_compression=1 total_compression=1 acts_quant_time=0 grads_quant_time=0 send_time=0.535604 recv_time=0.682578 epoch_time=17.253
2026-04-16 18:13:01,492 - SplitNNServer - INFO - 19356 - phase=train acc=0.6953125 loss=0.9465769529342651 epoch=191 and step=0
2026-04-16 18:13:02,800 - SplitNNServer - INFO - 19356 - phase=train acc=0.7066761363636364 loss=0.6735293865203857 epoch=191 and step=10
2026-04-16 18:13:04,200 - SplitNNServer - INFO - 19356 - phase=train acc=0.7139136904761905 loss=0.686895489692688 epoch=191 and step=20
2026-04-16 18:13:05,613 - SplitNNServer - INFO - 19356 - phase=train acc=0.7159778225806451 loss=0.8599733710289001 epoch=191 and step=30
2026-04-16 18:13:06,893 - SplitNNServer - INFO - 19356 - phase=train acc=0.7111280487804879 loss=0.848971962928772 epoch=191 and step=40
2026-04-16 18:13:08,359 - SplitNNServer - INFO - 19356 - phase=train acc=0.7032781862745098 loss=0.8179197311401367 epoch=191 and step=50
2026-04-16 18:13:09,737 - SplitNNServer - INFO - 19356 - phase=train acc=0.703125 loss=0.740028977394104 epoch=191 and step=60
2026-04-16 18:13:11,160 - SplitNNServer - INFO - 19356 - phase=train acc=0.7015845070422535 loss=0.7079599499702454 epoch=191 and step=70
2026-04-16 18:13:12,220 - SplitNNClient - INFO - 21808 - worker_num=2 epoch_send=50453961158 epoch_receive=25543810188 total_send=50453961158 total_receive=25543810188 send_by_category={'OTHER': 17136, 'ACTS': 50429881282, 'MODEL': 24062740} recv_by_category={'OTHER': 4368, 'MODEL': 24695970, 'GRADS': 25519109850} send_by_type={10: 4368, 2: 50429881282, 7: 24062740, 3: 4256, 4: 4256, 6: 4256} recv_by_type={6: 4368, 8: 24695970, 1: 25519109850}
2026-04-16 18:13:15,081 - SplitNNServer - INFO - 19356 - phase=validation acc=0.7382 loss=0.7527181547653826 epoch=191 and step=79
2026-04-16 18:13:15,081 - CommBreakdown - INFO - 19356 - epoch_summary rank=0 node_type=server epoch=191 train_acc=0.703526 train_loss=0.842406 val_acc=0.7382 val_loss=0.752718 raw_acts_bytes=1309671424 quantized_acts_bytes=1309671424 acts_metadata_bytes=0 raw_grads_bytes=654311424 quantized_grads_bytes=654311424 grads_metadata_bytes=0 acts_compression=1 grads_compression=1 total_compression=1 acts_quant_time=0 grads_quant_time=0 send_time=0.510632 recv_time=0.630063 epoch_time=16.7352
2026-04-16 18:13:18,214 - SplitNNServer - INFO - 19356 - phase=train acc=0.640625 loss=0.8479083180427551 epoch=192 and step=0
2026-04-16 18:13:19,631 - SplitNNServer - INFO - 19356 - phase=train acc=0.6796875 loss=0.8656173944473267 epoch=192 and step=10
2026-04-16 18:13:20,906 - SplitNNServer - INFO - 19356 - phase=train acc=0.6971726190476191 loss=0.919404923915863 epoch=192 and step=20
2026-04-16 18:13:22,337 - SplitNNServer - INFO - 19356 - phase=train acc=0.7033770161290323 loss=0.7224259972572327 epoch=192 and step=30
2026-04-16 18:13:23,736 - SplitNNServer - INFO - 19356 - phase=train acc=0.7004573170731707 loss=0.7348304986953735 epoch=192 and step=40
2026-04-16 18:13:25,093 - SplitNNServer - INFO - 19356 - phase=train acc=0.6937806372549019 loss=0.8742328882217407 epoch=192 and step=50
2026-04-16 18:13:26,406 - SplitNNServer - INFO - 19356 - phase=train acc=0.6977459016393442 loss=0.8013190031051636 epoch=192 and step=60
2026-04-16 18:13:27,678 - SplitNNServer - INFO - 19356 - phase=train acc=0.6966329225352113 loss=0.9944934844970703 epoch=192 and step=70
2026-04-16 18:13:28,630 - SplitNNClient - INFO - 22124 - worker_num=3 epoch_send=50453961158 epoch_receive=25543810188 total_send=50453961158 total_receive=25543810188 send_by_category={'OTHER': 17136, 'ACTS': 50429881282, 'MODEL': 24062740} recv_by_category={'OTHER': 4368, 'MODEL': 24695970, 'GRADS': 25519109850} send_by_type={10: 4368, 2: 50429881282, 7: 24062740, 3: 4256, 4: 4256, 6: 4256} recv_by_type={6: 4368, 8: 24695970, 1: 25519109850}
2026-04-16 18:13:31,442 - SplitNNServer - INFO - 19356 - phase=validation acc=0.748 loss=0.720252558777604 epoch=192 and step=79
2026-04-16 18:13:31,442 - CommBreakdown - INFO - 19356 - epoch_summary rank=0 node_type=server epoch=192 train_acc=0.697516 train_loss=0.849082 val_acc=0.748 val_loss=0.720253 raw_acts_bytes=1309671424 quantized_acts_bytes=1309671424 acts_metadata_bytes=0 raw_grads_bytes=654311424 quantized_grads_bytes=654311424 grads_metadata_bytes=0 acts_compression=1 grads_compression=1 total_compression=1 acts_quant_time=0 grads_quant_time=0 send_time=0.511424 recv_time=0.640848 epoch_time=16.3602
2026-04-16 18:13:34,575 - SplitNNServer - INFO - 19356 - phase=train acc=0.671875 loss=0.8731940984725952 epoch=193 and step=0
2026-04-16 18:13:35,930 - SplitNNServer - INFO - 19356 - phase=train acc=0.6953125 loss=0.7716602087020874 epoch=193 and step=10
2026-04-16 18:13:37,258 - SplitNNServer - INFO - 19356 - phase=train acc=0.6945684523809523 loss=0.860722005367279 epoch=193 and step=20
2026-04-16 18:13:38,541 - SplitNNServer - INFO - 19356 - phase=train acc=0.6975806451612904 loss=0.8405664563179016 epoch=193 and step=30
2026-04-16 18:13:39,963 - SplitNNServer - INFO - 19356 - phase=train acc=0.6956935975609756 loss=0.797731876373291 epoch=193 and step=40
2026-04-16 18:13:41,314 - SplitNNServer - INFO - 19356 - phase=train acc=0.7022058823529411 loss=0.8894070982933044 epoch=193 and step=50
2026-04-16 18:13:42,659 - SplitNNServer - INFO - 19356 - phase=train acc=0.7065829918032787 loss=0.7338007688522339 epoch=193 and step=60
2026-04-16 18:13:44,108 - SplitNNServer - INFO - 19356 - phase=train acc=0.707306338028169 loss=0.8298923969268799 epoch=193 and step=70
2026-04-16 18:13:45,107 - SplitNNClient - INFO - 19304 - worker_num=4 epoch_send=50453961158 epoch_receive=25543810188 total_send=50453961158 total_receive=25543810188 send_by_category={'OTHER': 17136, 'ACTS': 50429881282, 'MODEL': 24062740} recv_by_category={'OTHER': 4368, 'MODEL': 24695970, 'GRADS': 25519109850} send_by_type={10: 4368, 2: 50429881282, 7: 24062740, 3: 4256, 4: 4256, 6: 4256} recv_by_type={6: 4368, 8: 24695970, 1: 25519109850}
2026-04-16 18:13:47,934 - SplitNNServer - INFO - 19356 - phase=validation acc=0.7451 loss=0.7358496287201024 epoch=193 and step=79
2026-04-16 18:13:47,934 - CommBreakdown - INFO - 19356 - epoch_summary rank=0 node_type=server epoch=193 train_acc=0.705929 train_loss=0.835947 val_acc=0.7451 val_loss=0.73585 raw_acts_bytes=1309671424 quantized_acts_bytes=1309671424 acts_metadata_bytes=0 raw_grads_bytes=654311424 quantized_grads_bytes=654311424 grads_metadata_bytes=0 acts_compression=1 grads_compression=1 total_compression=1 acts_quant_time=0 grads_quant_time=0 send_time=0.518713 recv_time=0.641551 epoch_time=16.4919
2026-04-16 18:13:51,062 - SplitNNServer - INFO - 19356 - phase=train acc=0.671875 loss=0.963161826133728 epoch=194 and step=0
2026-04-16 18:13:52,573 - SplitNNServer - INFO - 19356 - phase=train acc=0.6995738636363636 loss=0.8706405162811279 epoch=194 and step=10
2026-04-16 18:13:54,105 - SplitNNServer - INFO - 19356 - phase=train acc=0.7094494047619048 loss=0.8045446276664734 epoch=194 and step=20
2026-04-16 18:13:55,515 - SplitNNServer - INFO - 19356 - phase=train acc=0.7028729838709677 loss=0.819896936416626 epoch=194 and step=30
2026-04-16 18:13:57,027 - SplitNNServer - INFO - 19356 - phase=train acc=0.7008384146341463 loss=0.9652209877967834 epoch=194 and step=40
2026-04-16 18:13:58,501 - SplitNNServer - INFO - 19356 - phase=train acc=0.7049632352941176 loss=0.7095468044281006 epoch=194 and step=50
2026-04-16 18:14:00,043 - SplitNNServer - INFO - 19356 - phase=train acc=0.7065829918032787 loss=0.7958816289901733 epoch=194 and step=60
2026-04-16 18:14:01,549 - SplitNNServer - INFO - 19356 - phase=train acc=0.7022447183098591 loss=1.1646950244903564 epoch=194 and step=70
2026-04-16 18:14:02,720 - SplitNNClient - INFO - 21260 - worker_num=5 epoch_send=50453961158 epoch_receive=25543810188 total_send=50453961158 total_receive=25543810188 send_by_category={'OTHER': 17136, 'ACTS': 50429881282, 'MODEL': 24062740} recv_by_category={'OTHER': 4368, 'MODEL': 24695970, 'GRADS': 25519109850} send_by_type={10: 4368, 2: 50429881282, 7: 24062740, 3: 4256, 4: 4256, 6: 4256} recv_by_type={6: 4368, 8: 24695970, 1: 25519109850}
2026-04-16 18:14:05,590 - SplitNNServer - INFO - 19356 - phase=validation acc=0.7475 loss=0.7147131999836692 epoch=194 and step=79
2026-04-16 18:14:05,590 - CommBreakdown - INFO - 19356 - epoch_summary rank=0 node_type=server epoch=194 train_acc=0.702925 train_loss=0.844855 val_acc=0.7475 val_loss=0.714713 raw_acts_bytes=1309671424 quantized_acts_bytes=1309671424 acts_metadata_bytes=0 raw_grads_bytes=654311424 quantized_grads_bytes=654311424 grads_metadata_bytes=0 acts_compression=1 grads_compression=1 total_compression=1 acts_quant_time=0 grads_quant_time=0 send_time=0.499439 recv_time=0.657515 epoch_time=17.6559
2026-04-16 18:14:08,727 - SplitNNServer - INFO - 19356 - phase=train acc=0.7421875 loss=0.7772476673126221 epoch=195 and step=0
2026-04-16 18:14:10,052 - SplitNNServer - INFO - 19356 - phase=train acc=0.7045454545454546 loss=0.7892962694168091 epoch=195 and step=10
2026-04-16 18:14:11,323 - SplitNNServer - INFO - 19356 - phase=train acc=0.7012648809523809 loss=0.8395116329193115 epoch=195 and step=20
2026-04-16 18:14:12,757 - SplitNNServer - INFO - 19356 - phase=train acc=0.7066532258064516 loss=0.8078243136405945 epoch=195 and step=30
2026-04-16 18:14:14,033 - SplitNNServer - INFO - 19356 - phase=train acc=0.705983231707317 loss=0.7989861369132996 epoch=195 and step=40
2026-04-16 18:14:15,308 - SplitNNServer - INFO - 19356 - phase=train acc=0.7100183823529411 loss=0.748401403427124 epoch=195 and step=50
2026-04-16 18:14:16,737 - SplitNNServer - INFO - 19356 - phase=train acc=0.7082479508196722 loss=0.7297220230102539 epoch=195 and step=60
2026-04-16 18:14:18,014 - SplitNNServer - INFO - 19356 - phase=train acc=0.7060959507042254 loss=0.9330900311470032 epoch=195 and step=70
2026-04-16 18:14:19,019 - SplitNNClient - INFO - 20956 - worker_num=1 epoch_send=51764475399 epoch_receive=26198146338 total_send=51764475399 total_receive=26198146338 send_by_category={'ACTS': 51739761957, 'MODEL': 24695970, 'OTHER': 17472} recv_by_category={'GRADS': 26173446000, 'OTHER': 4368, 'MODEL': 24695970} send_by_type={2: 51739761957, 7: 24695970, 3: 4368, 4: 4368, 6: 4368, 10: 4368} recv_by_type={1: 26173446000, 6: 4368, 8: 24695970}
2026-04-16 18:14:21,891 - SplitNNServer - INFO - 19356 - phase=validation acc=0.7301 loss=0.7768811285495758 epoch=195 and step=79
2026-04-16 18:14:21,891 - CommBreakdown - INFO - 19356 - epoch_summary rank=0 node_type=server epoch=195 train_acc=0.704327 train_loss=0.823281 val_acc=0.7301 val_loss=0.776881 raw_acts_bytes=1309671424 quantized_acts_bytes=1309671424 acts_metadata_bytes=0 raw_grads_bytes=654311424 quantized_grads_bytes=654311424 grads_metadata_bytes=0 acts_compression=1 grads_compression=1 total_compression=1 acts_quant_time=0 grads_quant_time=0 send_time=0.498054 recv_time=0.667635 epoch_time=16.3003
2026-04-16 18:14:24,959 - SplitNNServer - INFO - 19356 - phase=train acc=0.7421875 loss=0.7482715845108032 epoch=196 and step=0
2026-04-16 18:14:26,447 - SplitNNServer - INFO - 19356 - phase=train acc=0.6995738636363636 loss=1.0838088989257812 epoch=196 and step=10
2026-04-16 18:14:27,930 - SplitNNServer - INFO - 19356 - phase=train acc=0.7001488095238095 loss=0.832302987575531 epoch=196 and step=20
2026-04-16 18:14:29,412 - SplitNNServer - INFO - 19356 - phase=train acc=0.6968245967741935 loss=0.9117677807807922 epoch=196 and step=30
2026-04-16 18:14:30,847 - SplitNNServer - INFO - 19356 - phase=train acc=0.6995045731707317 loss=0.8198755383491516 epoch=196 and step=40
2026-04-16 18:14:32,166 - SplitNNServer - INFO - 19356 - phase=train acc=0.703125 loss=0.9545018076896667 epoch=196 and step=50
2026-04-16 18:14:33,578 - SplitNNServer - INFO - 19356 - phase=train acc=0.7022284836065574 loss=0.7317743301391602 epoch=196 and step=60
2026-04-16 18:14:34,873 - SplitNNServer - INFO - 19356 - phase=train acc=0.7045554577464789 loss=0.8187494277954102 epoch=196 and step=70
2026-04-16 18:14:35,809 - SplitNNClient - INFO - 21808 - worker_num=2 epoch_send=51764475511 epoch_receive=26198779680 total_send=51764475511 total_receive=26198779680 send_by_category={'OTHER': 17584, 'ACTS': 51739761957, 'MODEL': 24695970} recv_by_category={'OTHER': 4480, 'MODEL': 25329200, 'GRADS': 26173446000} send_by_type={10: 4480, 2: 51739761957, 7: 24695970, 3: 4368, 4: 4368, 6: 4368} recv_by_type={6: 4480, 8: 25329200, 1: 26173446000}
2026-04-16 18:14:38,652 - SplitNNServer - INFO - 19356 - phase=validation acc=0.7463 loss=0.7294895882847943 epoch=196 and step=79
2026-04-16 18:14:38,652 - CommBreakdown - INFO - 19356 - epoch_summary rank=0 node_type=server epoch=196 train_acc=0.705529 train_loss=0.829777 val_acc=0.7463 val_loss=0.72949 raw_acts_bytes=1309671424 quantized_acts_bytes=1309671424 acts_metadata_bytes=0 raw_grads_bytes=654311424 quantized_grads_bytes=654311424 grads_metadata_bytes=0 acts_compression=1 grads_compression=1 total_compression=1 acts_quant_time=0 grads_quant_time=0 send_time=0.514321 recv_time=0.649992 epoch_time=16.7609
2026-04-16 18:14:41,819 - SplitNNServer - INFO - 19356 - phase=train acc=0.6953125 loss=0.9099013805389404 epoch=197 and step=0
2026-04-16 18:14:43,237 - SplitNNServer - INFO - 19356 - phase=train acc=0.7123579545454546 loss=0.7365596294403076 epoch=197 and step=10
2026-04-16 18:14:44,578 - SplitNNServer - INFO - 19356 - phase=train acc=0.7135416666666666 loss=0.9618794918060303 epoch=197 and step=20
2026-04-16 18:14:46,052 - SplitNNServer - INFO - 19356 - phase=train acc=0.7081653225806451 loss=0.8192213773727417 epoch=197 and step=30
2026-04-16 18:14:47,371 - SplitNNServer - INFO - 19356 - phase=train acc=0.7097942073170732 loss=0.9423978924751282 epoch=197 and step=40
2026-04-16 18:14:48,742 - SplitNNServer - INFO - 19356 - phase=train acc=0.7066482843137255 loss=0.8425308465957642 epoch=197 and step=50
2026-04-16 18:14:50,084 - SplitNNServer - INFO - 19356 - phase=train acc=0.7104252049180327 loss=0.7365255355834961 epoch=197 and step=60
2026-04-16 18:14:51,386 - SplitNNServer - INFO - 19356 - phase=train acc=0.7069762323943662 loss=0.9019042253494263 epoch=197 and step=70
2026-04-16 18:14:52,545 - SplitNNClient - INFO - 22124 - worker_num=3 epoch_send=51764475511 epoch_receive=26198779680 total_send=51764475511 total_receive=26198779680 send_by_category={'OTHER': 17584, 'ACTS': 51739761957, 'MODEL': 24695970} recv_by_category={'OTHER': 4480, 'MODEL': 25329200, 'GRADS': 26173446000} send_by_type={10: 4480, 2: 51739761957, 7: 24695970, 3: 4368, 4: 4368, 6: 4368} recv_by_type={6: 4480, 8: 25329200, 1: 26173446000}
2026-04-16 18:14:55,417 - SplitNNServer - INFO - 19356 - phase=validation acc=0.7423 loss=0.7395921892757658 epoch=197 and step=79
2026-04-16 18:14:55,417 - CommBreakdown - INFO - 19356 - epoch_summary rank=0 node_type=server epoch=197 train_acc=0.706831 train_loss=0.830537 val_acc=0.7423 val_loss=0.739592 raw_acts_bytes=1309671424 quantized_acts_bytes=1309671424 acts_metadata_bytes=0 raw_grads_bytes=654311424 quantized_grads_bytes=654311424 grads_metadata_bytes=0 acts_compression=1 grads_compression=1 total_compression=1 acts_quant_time=0 grads_quant_time=0 send_time=0.515384 recv_time=0.657888 epoch_time=16.7653
2026-04-16 18:14:58,577 - SplitNNServer - INFO - 19356 - phase=train acc=0.671875 loss=0.8786226511001587 epoch=198 and step=0
2026-04-16 18:14:59,898 - SplitNNServer - INFO - 19356 - phase=train acc=0.6946022727272727 loss=0.8338813781738281 epoch=198 and step=10
2026-04-16 18:15:01,243 - SplitNNServer - INFO - 19356 - phase=train acc=0.7020089285714286 loss=0.8419089913368225 epoch=198 and step=20
2026-04-16 18:15:02,591 - SplitNNServer - INFO - 19356 - phase=train acc=0.6975806451612904 loss=0.9413361549377441 epoch=198 and step=30
2026-04-16 18:15:03,869 - SplitNNServer - INFO - 19356 - phase=train acc=0.6991234756097561 loss=0.9753671884536743 epoch=198 and step=40
2026-04-16 18:15:05,317 - SplitNNServer - INFO - 19356 - phase=train acc=0.7040441176470589 loss=0.7816731929779053 epoch=198 and step=50
2026-04-16 18:15:06,778 - SplitNNServer - INFO - 19356 - phase=train acc=0.7013319672131147 loss=0.78937828540802 epoch=198 and step=60
2026-04-16 18:15:08,185 - SplitNNServer - INFO - 19356 - phase=train acc=0.7008142605633803 loss=0.8090060353279114 epoch=198 and step=70
2026-04-16 18:15:09,133 - SplitNNClient - INFO - 19304 - worker_num=4 epoch_send=51764475511 epoch_receive=26198779680 total_send=51764475511 total_receive=26198779680 send_by_category={'OTHER': 17584, 'ACTS': 51739761957, 'MODEL': 24695970} recv_by_category={'OTHER': 4480, 'MODEL': 25329200, 'GRADS': 26173446000} send_by_type={10: 4480, 2: 51739761957, 7: 24695970, 3: 4368, 4: 4368, 6: 4368} recv_by_type={6: 4480, 8: 25329200, 1: 26173446000}
2026-04-16 18:15:11,914 - SplitNNServer - INFO - 19356 - phase=validation acc=0.7429 loss=0.7288108551049535 epoch=198 and step=79
2026-04-16 18:15:11,914 - CommBreakdown - INFO - 19356 - epoch_summary rank=0 node_type=server epoch=198 train_acc=0.699319 train_loss=0.831277 val_acc=0.7429 val_loss=0.728811 raw_acts_bytes=1309671424 quantized_acts_bytes=1309671424 acts_metadata_bytes=0 raw_grads_bytes=654311424 quantized_grads_bytes=654311424 grads_metadata_bytes=0 acts_compression=1 grads_compression=1 total_compression=1 acts_quant_time=0 grads_quant_time=0 send_time=0.533462 recv_time=0.759358 epoch_time=16.4962
2026-04-16 18:15:15,025 - SplitNNServer - INFO - 19356 - phase=train acc=0.765625 loss=0.6958364844322205 epoch=199 and step=0
2026-04-16 18:15:16,375 - SplitNNServer - INFO - 19356 - phase=train acc=0.7166193181818182 loss=0.8870484232902527 epoch=199 and step=10
2026-04-16 18:15:17,896 - SplitNNServer - INFO - 19356 - phase=train acc=0.7135416666666666 loss=0.9312633275985718 epoch=199 and step=20
2026-04-16 18:15:19,445 - SplitNNServer - INFO - 19356 - phase=train acc=0.7046370967741935 loss=0.929940938949585 epoch=199 and step=30
2026-04-16 18:15:20,840 - SplitNNServer - INFO - 19356 - phase=train acc=0.7050304878048781 loss=0.7945764064788818 epoch=199 and step=40
2026-04-16 18:15:22,360 - SplitNNServer - INFO - 19356 - phase=train acc=0.7052696078431373 loss=0.7750728130340576 epoch=199 and step=50
2026-04-16 18:15:23,941 - SplitNNServer - INFO - 19356 - phase=train acc=0.7054303278688525 loss=0.7984090447425842 epoch=199 and step=60
2026-04-16 18:15:25,314 - SplitNNServer - INFO - 19356 - phase=train acc=0.7041153169014085 loss=1.048918604850769 epoch=199 and step=70
2026-04-16 18:15:26,252 - SplitNNClient - INFO - 21260 - worker_num=5 epoch_send=51764475511 epoch_receive=26198779680 total_send=51764475511 total_receive=26198779680 send_by_category={'OTHER': 17584, 'ACTS': 51739761957, 'MODEL': 24695970} recv_by_category={'OTHER': 4480, 'MODEL': 25329200, 'GRADS': 26173446000} send_by_type={10: 4480, 2: 51739761957, 7: 24695970, 3: 4368, 4: 4368, 6: 4368} recv_by_type={6: 4480, 8: 25329200, 1: 26173446000}
2026-04-16 18:15:29,179 - SplitNNServer - INFO - 19356 - phase=validation acc=0.7509 loss=0.7195751765106297 epoch=199 and step=79
2026-04-16 18:15:29,180 - CommBreakdown - INFO - 19356 - epoch_summary rank=0 node_type=server epoch=199 train_acc=0.703526 train_loss=0.8385 val_acc=0.7509 val_loss=0.719575 raw_acts_bytes=1309671424 quantized_acts_bytes=1309671424 acts_metadata_bytes=0 raw_grads_bytes=654311424 quantized_grads_bytes=654311424 grads_metadata_bytes=0 acts_compression=1 grads_compression=1 total_compression=1 acts_quant_time=0 grads_quant_time=0 send_time=0.538478 recv_time=0.681715 epoch_time=17.2654
2026-04-16 18:15:32,312 - SplitNNServer - INFO - 19356 - phase=train acc=0.7265625 loss=0.7476669549942017 epoch=200 and step=0
2026-04-16 18:15:33,825 - SplitNNServer - INFO - 19356 - phase=train acc=0.7272727272727273 loss=0.9251697063446045 epoch=200 and step=10
2026-04-16 18:15:35,310 - SplitNNServer - INFO - 19356 - phase=train acc=0.7139136904761905 loss=0.8901408910751343 epoch=200 and step=20
2026-04-16 18:15:36,769 - SplitNNServer - INFO - 19356 - phase=train acc=0.717741935483871 loss=0.8648084998130798 epoch=200 and step=30
2026-04-16 18:15:38,216 - SplitNNServer - INFO - 19356 - phase=train acc=0.7160823170731707 loss=0.8338202238082886 epoch=200 and step=40
2026-04-16 18:15:39,635 - SplitNNServer - INFO - 19356 - phase=train acc=0.7115502450980392 loss=0.7513091564178467 epoch=200 and step=50
2026-04-16 18:15:41,183 - SplitNNServer - INFO - 19356 - phase=train acc=0.7114497950819673 loss=0.8065190315246582 epoch=200 and step=60
2026-04-16 18:15:42,458 - SplitNNServer - INFO - 19356 - phase=train acc=0.7087367957746479 loss=0.5658553838729858 epoch=200 and step=70
2026-04-16 18:15:43,423 - SplitNNClient - INFO - 20956 - worker_num=1 epoch_send=53074989752 epoch_receive=26853115830 total_send=53074989752 total_receive=26853115830 send_by_category={'ACTS': 53049642632, 'MODEL': 25329200, 'OTHER': 17920} recv_by_category={'GRADS': 26827782150, 'OTHER': 4480, 'MODEL': 25329200} send_by_type={2: 53049642632, 7: 25329200, 3: 4480, 4: 4480, 6: 4480, 10: 4480} recv_by_type={1: 26827782150, 6: 4480, 8: 25329200}
2026-04-16 18:15:46,423 - SplitNNServer - INFO - 19356 - phase=validation acc=0.7463 loss=0.7290142450151564 epoch=200 and step=79
2026-04-16 18:15:46,423 - CommBreakdown - INFO - 19356 - epoch_summary rank=0 node_type=server epoch=200 train_acc=0.708033 train_loss=0.825245 val_acc=0.7463 val_loss=0.729014 raw_acts_bytes=1309671424 quantized_acts_bytes=1309671424 acts_metadata_bytes=0 raw_grads_bytes=654311424 quantized_grads_bytes=654311424 grads_metadata_bytes=0 acts_compression=1 grads_compression=1 total_compression=1 acts_quant_time=0 grads_quant_time=0 send_time=0.485337 recv_time=0.678213 epoch_time=17.2431
2026-04-16 18:15:49,531 - SplitNNServer - INFO - 19356 - phase=train acc=0.7109375 loss=0.8280597925186157 epoch=201 and step=0
2026-04-16 18:15:50,820 - SplitNNServer - INFO - 19356 - phase=train acc=0.7102272727272727 loss=0.7399364709854126 epoch=201 and step=10
2026-04-16 18:15:52,224 - SplitNNServer - INFO - 19356 - phase=train acc=0.7094494047619048 loss=0.6858383417129517 epoch=201 and step=20
2026-04-16 18:15:53,806 - SplitNNServer - INFO - 19356 - phase=train acc=0.7086693548387096 loss=0.7393917441368103 epoch=201 and step=30
2026-04-16 18:15:55,378 - SplitNNServer - INFO - 19356 - phase=train acc=0.705983231707317 loss=0.8843015432357788 epoch=201 and step=40
2026-04-16 18:15:56,762 - SplitNNServer - INFO - 19356 - phase=train acc=0.7012867647058824 loss=0.8151174783706665 epoch=201 and step=50
2026-04-16 18:15:58,302 - SplitNNServer - INFO - 19356 - phase=train acc=0.7027407786885246 loss=0.7701835632324219 epoch=201 and step=60
2026-04-16 18:15:59,604 - SplitNNServer - INFO - 19356 - phase=train acc=0.7014744718309859 loss=0.742055356502533 epoch=201 and step=70
2026-04-16 18:16:00,757 - SplitNNClient - INFO - 21808 - worker_num=2 epoch_send=53074989864 epoch_receive=26853749172 total_send=53074989864 total_receive=26853749172 send_by_category={'OTHER': 18032, 'ACTS': 53049642632, 'MODEL': 25329200} recv_by_category={'OTHER': 4592, 'MODEL': 25962430, 'GRADS': 26827782150} send_by_type={10: 4592, 2: 53049642632, 7: 25329200, 3: 4480, 4: 4480, 6: 4480} recv_by_type={6: 4592, 8: 25962430, 1: 26827782150}
2026-04-16 18:16:03,620 - SplitNNServer - INFO - 19356 - phase=validation acc=0.7548 loss=0.7024375241768511 epoch=201 and step=79
2026-04-16 18:16:03,620 - CommBreakdown - INFO - 19356 - epoch_summary rank=0 node_type=server epoch=201 train_acc=0.704127 train_loss=0.820042 val_acc=0.7548 val_loss=0.702438 raw_acts_bytes=1309671424 quantized_acts_bytes=1309671424 acts_metadata_bytes=0 raw_grads_bytes=654311424 quantized_grads_bytes=654311424 grads_metadata_bytes=0 acts_compression=1 grads_compression=1 total_compression=1 acts_quant_time=0 grads_quant_time=0 send_time=0.500207 recv_time=0.644426 epoch_time=17.1971
2026-04-16 18:16:06,761 - SplitNNServer - INFO - 19356 - phase=train acc=0.6484375 loss=0.9942072033882141 epoch=202 and step=0
2026-04-16 18:16:08,117 - SplitNNServer - INFO - 19356 - phase=train acc=0.7130681818181818 loss=0.7098035216331482 epoch=202 and step=10
2026-04-16 18:16:09,390 - SplitNNServer - INFO - 19356 - phase=train acc=0.7183779761904762 loss=0.6947042942047119 epoch=202 and step=20
2026-04-16 18:16:10,719 - SplitNNServer - INFO - 19356 - phase=train acc=0.7134576612903226 loss=0.6760708093643188 epoch=202 and step=30
2026-04-16 18:16:12,185 - SplitNNServer - INFO - 19356 - phase=train acc=0.7090320121951219 loss=0.862124502658844 epoch=202 and step=40
2026-04-16 18:16:13,642 - SplitNNServer - INFO - 19356 - phase=train acc=0.7084865196078431 loss=0.8068690299987793 epoch=202 and step=50
2026-04-16 18:16:15,070 - SplitNNServer - INFO - 19356 - phase=train acc=0.7055584016393442 loss=0.7646400332450867 epoch=202 and step=60
2026-04-16 18:16:16,479 - SplitNNServer - INFO - 19356 - phase=train acc=0.7065360915492958 loss=0.8154889345169067 epoch=202 and step=70
2026-04-16 18:16:17,480 - SplitNNClient - INFO - 22124 - worker_num=3 epoch_send=53074989864 epoch_receive=26853749172 total_send=53074989864 total_receive=26853749172 send_by_category={'OTHER': 18032, 'ACTS': 53049642632, 'MODEL': 25329200} recv_by_category={'OTHER': 4592, 'MODEL': 25962430, 'GRADS': 26827782150} send_by_type={10: 4592, 2: 53049642632, 7: 25329200, 3: 4480, 4: 4480, 6: 4480} recv_by_type={6: 4592, 8: 25962430, 1: 26827782150}
2026-04-16 18:16:20,323 - SplitNNServer - INFO - 19356 - phase=validation acc=0.746 loss=0.7282409735872776 epoch=202 and step=79
2026-04-16 18:16:20,323 - CommBreakdown - INFO - 19356 - epoch_summary rank=0 node_type=server epoch=202 train_acc=0.704627 train_loss=0.827702 val_acc=0.746 val_loss=0.728241 raw_acts_bytes=1309671424 quantized_acts_bytes=1309671424 acts_metadata_bytes=0 raw_grads_bytes=654311424 quantized_grads_bytes=654311424 grads_metadata_bytes=0 acts_compression=1 grads_compression=1 total_compression=1 acts_quant_time=0 grads_quant_time=0 send_time=0.546028 recv_time=0.654038 epoch_time=16.7025
2026-04-16 18:16:23,453 - SplitNNServer - INFO - 19356 - phase=train acc=0.703125 loss=0.802955150604248 epoch=203 and step=0
2026-04-16 18:16:24,798 - SplitNNServer - INFO - 19356 - phase=train acc=0.6988636363636364 loss=1.0084776878356934 epoch=203 and step=10
2026-04-16 18:16:26,221 - SplitNNServer - INFO - 19356 - phase=train acc=0.6990327380952381 loss=0.7239418029785156 epoch=203 and step=20
2026-04-16 18:16:27,586 - SplitNNServer - INFO - 19356 - phase=train acc=0.7026209677419355 loss=0.9679259061813354 epoch=203 and step=30
2026-04-16 18:16:29,160 - SplitNNServer - INFO - 19356 - phase=train acc=0.7092225609756098 loss=0.7034733295440674 epoch=203 and step=40
2026-04-16 18:16:30,729 - SplitNNServer - INFO - 19356 - phase=train acc=0.7060355392156863 loss=0.695682168006897 epoch=203 and step=50
2026-04-16 18:16:32,273 - SplitNNServer - INFO - 19356 - phase=train acc=0.7074795081967213 loss=0.7447589039802551 epoch=203 and step=60
2026-04-16 18:16:33,633 - SplitNNServer - INFO - 19356 - phase=train acc=0.7074163732394366 loss=0.7564406394958496 epoch=203 and step=70
2026-04-16 18:16:34,745 - SplitNNClient - INFO - 19304 - worker_num=4 epoch_send=53074989864 epoch_receive=26853749172 total_send=53074989864 total_receive=26853749172 send_by_category={'OTHER': 18032, 'ACTS': 53049642632, 'MODEL': 25329200} recv_by_category={'OTHER': 4592, 'MODEL': 25962430, 'GRADS': 26827782150} send_by_type={10: 4592, 2: 53049642632, 7: 25329200, 3: 4480, 4: 4480, 6: 4480} recv_by_type={6: 4592, 8: 25962430, 1: 26827782150}
2026-04-16 18:16:37,533 - SplitNNServer - INFO - 19356 - phase=validation acc=0.7409 loss=0.7477921937839894 epoch=203 and step=79
2026-04-16 18:16:37,533 - CommBreakdown - INFO - 19356 - epoch_summary rank=0 node_type=server epoch=203 train_acc=0.707732 train_loss=0.816991 val_acc=0.7409 val_loss=0.747792 raw_acts_bytes=1309671424 quantized_acts_bytes=1309671424 acts_metadata_bytes=0 raw_grads_bytes=654311424 quantized_grads_bytes=654311424 grads_metadata_bytes=0 acts_compression=1 grads_compression=1 total_compression=1 acts_quant_time=0 grads_quant_time=0 send_time=0.50783 recv_time=0.651221 epoch_time=17.2095
2026-04-16 18:16:40,707 - SplitNNServer - INFO - 19356 - phase=train acc=0.65625 loss=0.8931856155395508 epoch=204 and step=0
2026-04-16 18:16:42,184 - SplitNNServer - INFO - 19356 - phase=train acc=0.7024147727272727 loss=0.6490881443023682 epoch=204 and step=10
2026-04-16 18:16:43,608 - SplitNNServer - INFO - 19356 - phase=train acc=0.7064732142857143 loss=0.7329646348953247 epoch=204 and step=20
2026-04-16 18:16:45,126 - SplitNNServer - INFO - 19356 - phase=train acc=0.702116935483871 loss=0.8699933290481567 epoch=204 and step=30
2026-04-16 18:16:46,510 - SplitNNServer - INFO - 19356 - phase=train acc=0.696265243902439 loss=0.7843447923660278 epoch=204 and step=40
2026-04-16 18:16:48,017 - SplitNNServer - INFO - 19356 - phase=train acc=0.6973039215686274 loss=0.7640500068664551 epoch=204 and step=50
2026-04-16 18:16:49,324 - SplitNNServer - INFO - 19356 - phase=train acc=0.6974897540983607 loss=0.915941596031189 epoch=204 and step=60
2026-04-16 18:16:50,782 - SplitNNServer - INFO - 19356 - phase=train acc=0.6996038732394366 loss=0.7664954662322998 epoch=204 and step=70
2026-04-16 18:16:51,924 - SplitNNClient - INFO - 21260 - worker_num=5 epoch_send=53074989864 epoch_receive=26853749172 total_send=53074989864 total_receive=26853749172 send_by_category={'OTHER': 18032, 'ACTS': 53049642632, 'MODEL': 25329200} recv_by_category={'OTHER': 4592, 'MODEL': 25962430, 'GRADS': 26827782150} send_by_type={10: 4592, 2: 53049642632, 7: 25329200, 3: 4480, 4: 4480, 6: 4480} recv_by_type={6: 4592, 8: 25962430, 1: 26827782150}
2026-04-16 18:16:54,956 - SplitNNServer - INFO - 19356 - phase=validation acc=0.7388 loss=0.7434862984132163 epoch=204 and step=79
2026-04-16 18:16:54,956 - CommBreakdown - INFO - 19356 - epoch_summary rank=0 node_type=server epoch=204 train_acc=0.700721 train_loss=0.828562 val_acc=0.7388 val_loss=0.743486 raw_acts_bytes=1309671424 quantized_acts_bytes=1309671424 acts_metadata_bytes=0 raw_grads_bytes=654311424 quantized_grads_bytes=654311424 grads_metadata_bytes=0 acts_compression=1 grads_compression=1 total_compression=1 acts_quant_time=0 grads_quant_time=0 send_time=0.519998 recv_time=0.66728 epoch_time=17.4234
2026-04-16 18:16:58,099 - SplitNNServer - INFO - 19356 - phase=train acc=0.6875 loss=0.7777690887451172 epoch=205 and step=0
2026-04-16 18:16:59,481 - SplitNNServer - INFO - 19356 - phase=train acc=0.703125 loss=0.7368239164352417 epoch=205 and step=10
2026-04-16 18:17:00,927 - SplitNNServer - INFO - 19356 - phase=train acc=0.6975446428571429 loss=0.9963431358337402 epoch=205 and step=20
2026-04-16 18:17:02,381 - SplitNNServer - INFO - 19356 - phase=train acc=0.7043850806451613 loss=0.7692513465881348 epoch=205 and step=30
2026-04-16 18:17:03,901 - SplitNNServer - INFO - 19356 - phase=train acc=0.7071265243902439 loss=0.843269407749176 epoch=205 and step=40
2026-04-16 18:17:05,396 - SplitNNServer - INFO - 19356 - phase=train acc=0.7054227941176471 loss=0.8057324886322021 epoch=205 and step=50
2026-04-16 18:17:06,706 - SplitNNServer - INFO - 19356 - phase=train acc=0.7085040983606558 loss=0.8102174997329712 epoch=205 and step=60
2026-04-16 18:17:08,208 - SplitNNServer - INFO - 19356 - phase=train acc=0.7079665492957746 loss=0.7528728246688843 epoch=205 and step=70
2026-04-16 18:17:09,377 - SplitNNClient - INFO - 20956 - worker_num=1 epoch_send=54385504105 epoch_receive=27508085322 total_send=54385504105 total_receive=27508085322 send_by_category={'ACTS': 54359523307, 'MODEL': 25962430, 'OTHER': 18368} recv_by_category={'GRADS': 27482118300, 'OTHER': 4592, 'MODEL': 25962430} send_by_type={2: 54359523307, 7: 25962430, 3: 4592, 4: 4592, 6: 4592, 10: 4592} recv_by_type={1: 27482118300, 6: 4592, 8: 25962430}
2026-04-16 18:17:12,221 - SplitNNServer - INFO - 19356 - phase=validation acc=0.7485 loss=0.7189956333818315 epoch=205 and step=79
2026-04-16 18:17:12,221 - CommBreakdown - INFO - 19356 - epoch_summary rank=0 node_type=server epoch=205 train_acc=0.710337 train_loss=0.807761 val_acc=0.7485 val_loss=0.718996 raw_acts_bytes=1309671424 quantized_acts_bytes=1309671424 acts_metadata_bytes=0 raw_grads_bytes=654311424 quantized_grads_bytes=654311424 grads_metadata_bytes=0 acts_compression=1 grads_compression=1 total_compression=1 acts_quant_time=0 grads_quant_time=0 send_time=0.523238 recv_time=0.674335 epoch_time=17.2645
2026-04-16 18:17:15,373 - SplitNNServer - INFO - 19356 - phase=train acc=0.703125 loss=0.8116112351417542 epoch=206 and step=0
2026-04-16 18:17:16,910 - SplitNNServer - INFO - 19356 - phase=train acc=0.7450284090909091 loss=0.7016603946685791 epoch=206 and step=10
2026-04-16 18:17:18,361 - SplitNNServer - INFO - 19356 - phase=train acc=0.7228422619047619 loss=1.0099308490753174 epoch=206 and step=20
2026-04-16 18:17:19,805 - SplitNNServer - INFO - 19356 - phase=train acc=0.7169858870967742 loss=1.0414791107177734 epoch=206 and step=30
2026-04-16 18:17:21,139 - SplitNNServer - INFO - 19356 - phase=train acc=0.7136051829268293 loss=0.7387646436691284 epoch=206 and step=40
2026-04-16 18:17:22,676 - SplitNNServer - INFO - 19356 - phase=train acc=0.7156862745098039 loss=0.7584152817726135 epoch=206 and step=50
2026-04-16 18:17:24,186 - SplitNNServer - INFO - 19356 - phase=train acc=0.7150358606557377 loss=0.7400180101394653 epoch=206 and step=60
2026-04-16 18:17:25,573 - SplitNNServer - INFO - 19356 - phase=train acc=0.7130281690140845 loss=0.8235385417938232 epoch=206 and step=70
2026-04-16 18:17:26,529 - SplitNNClient - INFO - 21808 - worker_num=2 epoch_send=54385504217 epoch_receive=27508718664 total_send=54385504217 total_receive=27508718664 send_by_category={'OTHER': 18480, 'ACTS': 54359523307, 'MODEL': 25962430} recv_by_category={'OTHER': 4704, 'MODEL': 26595660, 'GRADS': 27482118300} send_by_type={10: 4704, 2: 54359523307, 7: 25962430, 3: 4592, 4: 4592, 6: 4592} recv_by_type={6: 4704, 8: 26595660, 1: 27482118300}
2026-04-16 18:17:29,397 - SplitNNServer - INFO - 19356 - phase=validation acc=0.7393 loss=0.7508141741722445 epoch=206 and step=79
2026-04-16 18:17:29,397 - CommBreakdown - INFO - 19356 - epoch_summary rank=0 node_type=server epoch=206 train_acc=0.714143 train_loss=0.811463 val_acc=0.7393 val_loss=0.750814 raw_acts_bytes=1309671424 quantized_acts_bytes=1309671424 acts_metadata_bytes=0 raw_grads_bytes=654311424 quantized_grads_bytes=654311424 grads_metadata_bytes=0 acts_compression=1 grads_compression=1 total_compression=1 acts_quant_time=0 grads_quant_time=0 send_time=0.512891 recv_time=0.635796 epoch_time=17.1764
2026-04-16 18:17:32,523 - SplitNNServer - INFO - 19356 - phase=train acc=0.6796875 loss=0.7819994688034058 epoch=207 and step=0
2026-04-16 18:17:33,901 - SplitNNServer - INFO - 19356 - phase=train acc=0.6995738636363636 loss=0.7008630633354187 epoch=207 and step=10
2026-04-16 18:17:35,299 - SplitNNServer - INFO - 19356 - phase=train acc=0.7072172619047619 loss=0.9302374124526978 epoch=207 and step=20
2026-04-16 18:17:36,724 - SplitNNServer - INFO - 19356 - phase=train acc=0.7134576612903226 loss=0.7055303454399109 epoch=207 and step=30
2026-04-16 18:17:38,082 - SplitNNServer - INFO - 19356 - phase=train acc=0.709984756097561 loss=0.8201078176498413 epoch=207 and step=40
2026-04-16 18:17:39,492 - SplitNNServer - INFO - 19356 - phase=train acc=0.7089460784313726 loss=0.7578933835029602 epoch=207 and step=50
2026-04-16 18:17:40,807 - SplitNNServer - INFO - 19356 - phase=train acc=0.7074795081967213 loss=0.7677111625671387 epoch=207 and step=60
2026-04-16 18:17:42,075 - SplitNNServer - INFO - 19356 - phase=train acc=0.7049955985915493 loss=0.8675005435943604 epoch=207 and step=70
2026-04-16 18:17:43,029 - SplitNNClient - INFO - 22124 - worker_num=3 epoch_send=54385504217 epoch_receive=27508718664 total_send=54385504217 total_receive=27508718664 send_by_category={'OTHER': 18480, 'ACTS': 54359523307, 'MODEL': 25962430} recv_by_category={'OTHER': 4704, 'MODEL': 26595660, 'GRADS': 27482118300} send_by_type={10: 4704, 2: 54359523307, 7: 25962430, 3: 4592, 4: 4592, 6: 4592} recv_by_type={6: 4704, 8: 26595660, 1: 27482118300}
2026-04-16 18:17:45,826 - SplitNNServer - INFO - 19356 - phase=validation acc=0.7439 loss=0.7365193027484266 epoch=207 and step=79
2026-04-16 18:17:45,827 - CommBreakdown - INFO - 19356 - epoch_summary rank=0 node_type=server epoch=207 train_acc=0.70653 train_loss=0.83757 val_acc=0.7439 val_loss=0.736519 raw_acts_bytes=1309671424 quantized_acts_bytes=1309671424 acts_metadata_bytes=0 raw_grads_bytes=654311424 quantized_grads_bytes=654311424 grads_metadata_bytes=0 acts_compression=1 grads_compression=1 total_compression=1 acts_quant_time=0 grads_quant_time=0 send_time=0.546891 recv_time=0.652403 epoch_time=16.4285
2026-04-16 18:17:48,996 - SplitNNServer - INFO - 19356 - phase=train acc=0.75 loss=0.8049471378326416 epoch=208 and step=0
2026-04-16 18:17:50,393 - SplitNNServer - INFO - 19356 - phase=train acc=0.7272727272727273 loss=0.7634079456329346 epoch=208 and step=10
2026-04-16 18:17:51,748 - SplitNNServer - INFO - 19356 - phase=train acc=0.7258184523809523 loss=0.7986670732498169 epoch=208 and step=20
2026-04-16 18:17:53,119 - SplitNNServer - INFO - 19356 - phase=train acc=0.7210181451612904 loss=0.8813638687133789 epoch=208 and step=30
2026-04-16 18:17:54,424 - SplitNNServer - INFO - 19356 - phase=train acc=0.7240853658536586 loss=0.7456480264663696 epoch=208 and step=40
2026-04-16 18:17:55,915 - SplitNNServer - INFO - 19356 - phase=train acc=0.7170649509803921 loss=1.0247185230255127 epoch=208 and step=50
2026-04-16 18:17:57,236 - SplitNNServer - INFO - 19356 - phase=train acc=0.7126024590163934 loss=0.8851466178894043 epoch=208 and step=60
2026-04-16 18:17:58,698 - SplitNNServer - INFO - 19356 - phase=train acc=0.7134683098591549 loss=0.6564798355102539 epoch=208 and step=70
2026-04-16 18:17:59,662 - SplitNNClient - INFO - 19304 - worker_num=4 epoch_send=54385504217 epoch_receive=27508718664 total_send=54385504217 total_receive=27508718664 send_by_category={'OTHER': 18480, 'ACTS': 54359523307, 'MODEL': 25962430} recv_by_category={'OTHER': 4704, 'MODEL': 26595660, 'GRADS': 27482118300} send_by_type={10: 4704, 2: 54359523307, 7: 25962430, 3: 4592, 4: 4592, 6: 4592} recv_by_type={6: 4704, 8: 26595660, 1: 27482118300}
2026-04-16 18:18:02,460 - SplitNNServer - INFO - 19356 - phase=validation acc=0.737 loss=0.7548615555220013 epoch=208 and step=79
2026-04-16 18:18:02,460 - CommBreakdown - INFO - 19356 - epoch_summary rank=0 node_type=server epoch=208 train_acc=0.711038 train_loss=0.811864 val_acc=0.737 val_loss=0.754862 raw_acts_bytes=1309671424 quantized_acts_bytes=1309671424 acts_metadata_bytes=0 raw_grads_bytes=654311424 quantized_grads_bytes=654311424 grads_metadata_bytes=0 acts_compression=1 grads_compression=1 total_compression=1 acts_quant_time=0 grads_quant_time=0 send_time=0.526265 recv_time=0.647499 epoch_time=16.6341
2026-04-16 18:18:05,594 - SplitNNServer - INFO - 19356 - phase=train acc=0.703125 loss=0.8599735498428345 epoch=209 and step=0
2026-04-16 18:18:07,025 - SplitNNServer - INFO - 19356 - phase=train acc=0.7066761363636364 loss=0.7148146629333496 epoch=209 and step=10
2026-04-16 18:18:08,333 - SplitNNServer - INFO - 19356 - phase=train acc=0.7042410714285714 loss=1.029399037361145 epoch=209 and step=20
2026-04-16 18:18:09,851 - SplitNNServer - INFO - 19356 - phase=train acc=0.6998487903225806 loss=0.9595208168029785 epoch=209 and step=30
2026-04-16 18:18:11,367 - SplitNNServer - INFO - 19356 - phase=train acc=0.7004573170731707 loss=0.7718707323074341 epoch=209 and step=40
2026-04-16 18:18:12,889 - SplitNNServer - INFO - 19356 - phase=train acc=0.7018995098039216 loss=0.8529590368270874 epoch=209 and step=50
2026-04-16 18:18:14,439 - SplitNNServer - INFO - 19356 - phase=train acc=0.7063268442622951 loss=0.7308567762374878 epoch=209 and step=60
2026-04-16 18:18:15,836 - SplitNNServer - INFO - 19356 - phase=train acc=0.7059859154929577 loss=0.794002890586853 epoch=209 and step=70
2026-04-16 18:18:16,884 - SplitNNClient - INFO - 21260 - worker_num=5 epoch_send=54385504217 epoch_receive=27508718664 total_send=54385504217 total_receive=27508718664 send_by_category={'OTHER': 18480, 'ACTS': 54359523307, 'MODEL': 25962430} recv_by_category={'OTHER': 4704, 'MODEL': 26595660, 'GRADS': 27482118300} send_by_type={10: 4704, 2: 54359523307, 7: 25962430, 3: 4592, 4: 4592, 6: 4592} recv_by_type={6: 4704, 8: 26595660, 1: 27482118300}
2026-04-16 18:18:19,749 - SplitNNServer - INFO - 19356 - phase=validation acc=0.7298 loss=0.7710679912868934 epoch=209 and step=79
2026-04-16 18:18:19,749 - CommBreakdown - INFO - 19356 - epoch_summary rank=0 node_type=server epoch=209 train_acc=0.708834 train_loss=0.825649 val_acc=0.7298 val_loss=0.771068 raw_acts_bytes=1309671424 quantized_acts_bytes=1309671424 acts_metadata_bytes=0 raw_grads_bytes=654311424 quantized_grads_bytes=654311424 grads_metadata_bytes=0 acts_compression=1 grads_compression=1 total_compression=1 acts_quant_time=0 grads_quant_time=0 send_time=0.525173 recv_time=0.654638 epoch_time=17.2888
2026-04-16 18:18:22,870 - SplitNNServer - INFO - 19356 - phase=train acc=0.71875 loss=0.8174157738685608 epoch=210 and step=0
2026-04-16 18:18:24,247 - SplitNNServer - INFO - 19356 - phase=train acc=0.7194602272727273 loss=0.8266108632087708 epoch=210 and step=10
2026-04-16 18:18:25,784 - SplitNNServer - INFO - 19356 - phase=train acc=0.7150297619047619 loss=0.7658894062042236 epoch=210 and step=20
2026-04-16 18:18:27,130 - SplitNNServer - INFO - 19356 - phase=train acc=0.7174899193548387 loss=0.8291156888008118 epoch=210 and step=30
2026-04-16 18:18:28,572 - SplitNNServer - INFO - 19356 - phase=train acc=0.7141768292682927 loss=0.8243794441223145 epoch=210 and step=40
2026-04-16 18:18:29,944 - SplitNNServer - INFO - 19356 - phase=train acc=0.7162990196078431 loss=0.6321353912353516 epoch=210 and step=50
2026-04-16 18:18:31,298 - SplitNNServer - INFO - 19356 - phase=train acc=0.7137551229508197 loss=0.7099031805992126 epoch=210 and step=60
2026-04-16 18:18:32,614 - SplitNNServer - INFO - 19356 - phase=train acc=0.7141285211267606 loss=0.8390307426452637 epoch=210 and step=70
2026-04-16 18:18:33,711 - SplitNNClient - INFO - 20956 - worker_num=1 epoch_send=55696018458 epoch_receive=28163054814 total_send=55696018458 total_receive=28163054814 send_by_category={'ACTS': 55669403982, 'MODEL': 26595660, 'OTHER': 18816} recv_by_category={'GRADS': 28136454450, 'OTHER': 4704, 'MODEL': 26595660} send_by_type={2: 55669403982, 7: 26595660, 3: 4704, 4: 4704, 6: 4704, 10: 4704} recv_by_type={1: 28136454450, 6: 4704, 8: 26595660}
2026-04-16 18:18:36,563 - SplitNNServer - INFO - 19356 - phase=validation acc=0.7389 loss=0.7402040022837965 epoch=210 and step=79
2026-04-16 18:18:36,563 - CommBreakdown - INFO - 19356 - epoch_summary rank=0 node_type=server epoch=210 train_acc=0.713842 train_loss=0.800217 val_acc=0.7389 val_loss=0.740204 raw_acts_bytes=1309671424 quantized_acts_bytes=1309671424 acts_metadata_bytes=0 raw_grads_bytes=654311424 quantized_grads_bytes=654311424 grads_metadata_bytes=0 acts_compression=1 grads_compression=1 total_compression=1 acts_quant_time=0 grads_quant_time=0 send_time=0.481887 recv_time=0.686896 epoch_time=16.813
2026-04-16 18:18:39,710 - SplitNNServer - INFO - 19356 - phase=train acc=0.6875 loss=0.8252805471420288 epoch=211 and step=0
2026-04-16 18:18:41,103 - SplitNNServer - INFO - 19356 - phase=train acc=0.7272727272727273 loss=0.8832124471664429 epoch=211 and step=10
2026-04-16 18:18:42,532 - SplitNNServer - INFO - 19356 - phase=train acc=0.7202380952380952 loss=0.7800434827804565 epoch=211 and step=20
2026-04-16 18:18:44,086 - SplitNNServer - INFO - 19356 - phase=train acc=0.7157258064516129 loss=0.8475345373153687 epoch=211 and step=30
2026-04-16 18:18:45,383 - SplitNNServer - INFO - 19356 - phase=train acc=0.7124618902439024 loss=0.7941409349441528 epoch=211 and step=40
2026-04-16 18:18:46,824 - SplitNNServer - INFO - 19356 - phase=train acc=0.7118566176470589 loss=0.895530104637146 epoch=211 and step=50
2026-04-16 18:18:48,096 - SplitNNServer - INFO - 19356 - phase=train acc=0.710297131147541 loss=0.6973243951797485 epoch=211 and step=60
2026-04-16 18:18:49,519 - SplitNNServer - INFO - 19356 - phase=train acc=0.711487676056338 loss=0.9148967862129211 epoch=211 and step=70
2026-04-16 18:18:50,581 - SplitNNClient - INFO - 21808 - worker_num=2 epoch_send=55696018570 epoch_receive=28163688156 total_send=55696018570 total_receive=28163688156 send_by_category={'OTHER': 18928, 'ACTS': 55669403982, 'MODEL': 26595660} recv_by_category={'OTHER': 4816, 'MODEL': 27228890, 'GRADS': 28136454450} send_by_type={10: 4816, 2: 55669403982, 7: 26595660, 3: 4704, 4: 4704, 6: 4704} recv_by_type={6: 4816, 8: 27228890, 1: 28136454450}
2026-04-16 18:18:53,465 - SplitNNServer - INFO - 19356 - phase=validation acc=0.7392 loss=0.7525772063792506 epoch=211 and step=79
2026-04-16 18:18:53,465 - CommBreakdown - INFO - 19356 - epoch_summary rank=0 node_type=server epoch=211 train_acc=0.710437 train_loss=0.809123 val_acc=0.7392 val_loss=0.752577 raw_acts_bytes=1309671424 quantized_acts_bytes=1309671424 acts_metadata_bytes=0 raw_grads_bytes=654311424 quantized_grads_bytes=654311424 grads_metadata_bytes=0 acts_compression=1 grads_compression=1 total_compression=1 acts_quant_time=0 grads_quant_time=0 send_time=0.533705 recv_time=0.665883 epoch_time=16.9019
2026-04-16 18:18:56,572 - SplitNNServer - INFO - 19356 - phase=train acc=0.75 loss=0.7596840262413025 epoch=212 and step=0
2026-04-16 18:18:58,010 - SplitNNServer - INFO - 19356 - phase=train acc=0.7173295454545454 loss=0.849228024482727 epoch=212 and step=10
2026-04-16 18:18:59,275 - SplitNNServer - INFO - 19356 - phase=train acc=0.7176339285714286 loss=0.7876605987548828 epoch=212 and step=20
2026-04-16 18:19:00,782 - SplitNNServer - INFO - 19356 - phase=train acc=0.7106854838709677 loss=0.7272704839706421 epoch=212 and step=30
2026-04-16 18:19:02,114 - SplitNNServer - INFO - 19356 - phase=train acc=0.7101753048780488 loss=0.6797758936882019 epoch=212 and step=40
2026-04-16 18:19:03,449 - SplitNNServer - INFO - 19356 - phase=train acc=0.7103247549019608 loss=0.7680159211158752 epoch=212 and step=50
2026-04-16 18:19:04,778 - SplitNNServer - INFO - 19356 - phase=train acc=0.7070952868852459 loss=0.7471657395362854 epoch=212 and step=60
2026-04-16 18:19:06,048 - SplitNNServer - INFO - 19356 - phase=train acc=0.7104973591549296 loss=0.8171229362487793 epoch=212 and step=70
2026-04-16 18:19:07,027 - SplitNNClient - INFO - 22124 - worker_num=3 epoch_send=55696018570 epoch_receive=28163688156 total_send=55696018570 total_receive=28163688156 send_by_category={'OTHER': 18928, 'ACTS': 55669403982, 'MODEL': 26595660} recv_by_category={'OTHER': 4816, 'MODEL': 27228890, 'GRADS': 28136454450} send_by_type={10: 4816, 2: 55669403982, 7: 26595660, 3: 4704, 4: 4704, 6: 4704} recv_by_type={6: 4816, 8: 27228890, 1: 28136454450}
2026-04-16 18:19:09,815 - SplitNNServer - INFO - 19356 - phase=validation acc=0.7473 loss=0.7285928254640555 epoch=212 and step=79
2026-04-16 18:19:09,815 - CommBreakdown - INFO - 19356 - epoch_summary rank=0 node_type=server epoch=212 train_acc=0.711338 train_loss=0.810845 val_acc=0.7473 val_loss=0.728593 raw_acts_bytes=1309671424 quantized_acts_bytes=1309671424 acts_metadata_bytes=0 raw_grads_bytes=654311424 quantized_grads_bytes=654311424 grads_metadata_bytes=0 acts_compression=1 grads_compression=1 total_compression=1 acts_quant_time=0 grads_quant_time=0 send_time=0.51661 recv_time=0.638243 epoch_time=16.3503
2026-04-16 18:19:12,934 - SplitNNServer - INFO - 19356 - phase=train acc=0.7109375 loss=0.8172042369842529 epoch=213 and step=0
2026-04-16 18:19:14,469 - SplitNNServer - INFO - 19356 - phase=train acc=0.7265625 loss=0.8337503671646118 epoch=213 and step=10
2026-04-16 18:19:15,777 - SplitNNServer - INFO - 19356 - phase=train acc=0.7213541666666666 loss=0.754668116569519 epoch=213 and step=20
2026-04-16 18:19:17,161 - SplitNNServer - INFO - 19356 - phase=train acc=0.7202620967741935 loss=0.7465000152587891 epoch=213 and step=30
2026-04-16 18:19:18,503 - SplitNNServer - INFO - 19356 - phase=train acc=0.7179878048780488 loss=0.9020216464996338 epoch=213 and step=40
2026-04-16 18:19:19,869 - SplitNNServer - INFO - 19356 - phase=train acc=0.7132352941176471 loss=0.9025903940200806 epoch=213 and step=50
2026-04-16 18:19:21,239 - SplitNNServer - INFO - 19356 - phase=train acc=0.7128586065573771 loss=0.8708533048629761 epoch=213 and step=60
2026-04-16 18:19:22,764 - SplitNNServer - INFO - 19356 - phase=train acc=0.714018485915493 loss=0.8754093647003174 epoch=213 and step=70
2026-04-16 18:19:23,747 - SplitNNClient - INFO - 19304 - worker_num=4 epoch_send=55696018570 epoch_receive=28163688156 total_send=55696018570 total_receive=28163688156 send_by_category={'OTHER': 18928, 'ACTS': 55669403982, 'MODEL': 26595660} recv_by_category={'OTHER': 4816, 'MODEL': 27228890, 'GRADS': 28136454450} send_by_type={10: 4816, 2: 55669403982, 7: 26595660, 3: 4704, 4: 4704, 6: 4704} recv_by_type={6: 4816, 8: 27228890, 1: 28136454450}
2026-04-16 18:19:26,554 - SplitNNServer - INFO - 19356 - phase=validation acc=0.7502 loss=0.7215397108959246 epoch=213 and step=79
2026-04-16 18:19:26,554 - CommBreakdown - INFO - 19356 - epoch_summary rank=0 node_type=server epoch=213 train_acc=0.715946 train_loss=0.809508 val_acc=0.7502 val_loss=0.72154 raw_acts_bytes=1309671424 quantized_acts_bytes=1309671424 acts_metadata_bytes=0 raw_grads_bytes=654311424 quantized_grads_bytes=654311424 grads_metadata_bytes=0 acts_compression=1 grads_compression=1 total_compression=1 acts_quant_time=0 grads_quant_time=0 send_time=0.488583 recv_time=0.63956 epoch_time=16.7389
2026-04-16 18:19:29,740 - SplitNNServer - INFO - 19356 - phase=train acc=0.6484375 loss=1.0538043975830078 epoch=214 and step=0
2026-04-16 18:19:31,040 - SplitNNServer - INFO - 19356 - phase=train acc=0.7137784090909091 loss=0.7438966035842896 epoch=214 and step=10
2026-04-16 18:19:32,335 - SplitNNServer - INFO - 19356 - phase=train acc=0.7079613095238095 loss=0.911449670791626 epoch=214 and step=20
2026-04-16 18:19:33,771 - SplitNNServer - INFO - 19356 - phase=train acc=0.7089213709677419 loss=0.7188389301300049 epoch=214 and step=30
2026-04-16 18:19:35,266 - SplitNNServer - INFO - 19356 - phase=train acc=0.7120807926829268 loss=0.6700954437255859 epoch=214 and step=40
2026-04-16 18:19:36,756 - SplitNNServer - INFO - 19356 - phase=train acc=0.7109375 loss=0.7326685190200806 epoch=214 and step=50
2026-04-16 18:19:38,103 - SplitNNServer - INFO - 19356 - phase=train acc=0.7118340163934426 loss=0.7648565769195557 epoch=214 and step=60
2026-04-16 18:19:39,382 - SplitNNServer - INFO - 19356 - phase=train acc=0.7172095070422535 loss=0.712675929069519 epoch=214 and step=70
2026-04-16 18:19:40,437 - SplitNNClient - INFO - 21260 - worker_num=5 epoch_send=55696018570 epoch_receive=28163688156 total_send=55696018570 total_receive=28163688156 send_by_category={'OTHER': 18928, 'ACTS': 55669403982, 'MODEL': 26595660} recv_by_category={'OTHER': 4816, 'MODEL': 27228890, 'GRADS': 28136454450} send_by_type={10: 4816, 2: 55669403982, 7: 26595660, 3: 4704, 4: 4704, 6: 4704} recv_by_type={6: 4816, 8: 27228890, 1: 28136454450}
2026-04-16 18:19:43,310 - SplitNNServer - INFO - 19356 - phase=validation acc=0.7544 loss=0.7096698902830293 epoch=214 and step=79
2026-04-16 18:19:43,311 - CommBreakdown - INFO - 19356 - epoch_summary rank=0 node_type=server epoch=214 train_acc=0.715745 train_loss=0.805456 val_acc=0.7544 val_loss=0.70967 raw_acts_bytes=1309671424 quantized_acts_bytes=1309671424 acts_metadata_bytes=0 raw_grads_bytes=654311424 quantized_grads_bytes=654311424 grads_metadata_bytes=0 acts_compression=1 grads_compression=1 total_compression=1 acts_quant_time=0 grads_quant_time=0 send_time=0.505842 recv_time=0.654384 epoch_time=16.7557
2026-04-16 18:19:46,436 - SplitNNServer - INFO - 19356 - phase=train acc=0.6484375 loss=1.0116748809814453 epoch=215 and step=0
2026-04-16 18:19:47,757 - SplitNNServer - INFO - 19356 - phase=train acc=0.7038352272727273 loss=0.8431439399719238 epoch=215 and step=10
2026-04-16 18:19:49,244 - SplitNNServer - INFO - 19356 - phase=train acc=0.7057291666666666 loss=0.6958096027374268 epoch=215 and step=20
2026-04-16 18:19:50,788 - SplitNNServer - INFO - 19356 - phase=train acc=0.7058971774193549 loss=0.7362041473388672 epoch=215 and step=30
2026-04-16 18:19:52,069 - SplitNNServer - INFO - 19356 - phase=train acc=0.7096036585365854 loss=0.790015459060669 epoch=215 and step=40
2026-04-16 18:19:53,435 - SplitNNServer - INFO - 19356 - phase=train acc=0.7104779411764706 loss=0.7930623292922974 epoch=215 and step=50
2026-04-16 18:19:54,861 - SplitNNServer - INFO - 19356 - phase=train acc=0.7126024590163934 loss=0.7439875602722168 epoch=215 and step=60
2026-04-16 18:19:56,410 - SplitNNServer - INFO - 19356 - phase=train acc=0.7143485915492958 loss=0.6738063097000122 epoch=215 and step=70
2026-04-16 18:19:57,490 - SplitNNClient - INFO - 20956 - worker_num=1 epoch_send=57006532811 epoch_receive=28818024306 total_send=57006532811 total_receive=28818024306 send_by_category={'ACTS': 56979284657, 'MODEL': 27228890, 'OTHER': 19264} recv_by_category={'GRADS': 28790790600, 'OTHER': 4816, 'MODEL': 27228890} send_by_type={2: 56979284657, 7: 27228890, 3: 4816, 4: 4816, 6: 4816, 10: 4816} recv_by_type={1: 28790790600, 6: 4816, 8: 27228890}
2026-04-16 18:20:00,464 - SplitNNServer - INFO - 19356 - phase=validation acc=0.7437 loss=0.7424499166162708 epoch=215 and step=79
2026-04-16 18:20:00,464 - CommBreakdown - INFO - 19356 - epoch_summary rank=0 node_type=server epoch=215 train_acc=0.714844 train_loss=0.800232 val_acc=0.7437 val_loss=0.74245 raw_acts_bytes=1309671424 quantized_acts_bytes=1309671424 acts_metadata_bytes=0 raw_grads_bytes=654311424 quantized_grads_bytes=654311424 grads_metadata_bytes=0 acts_compression=1 grads_compression=1 total_compression=1 acts_quant_time=0 grads_quant_time=0 send_time=0.493288 recv_time=0.697991 epoch_time=17.1529
2026-04-16 18:20:03,626 - SplitNNServer - INFO - 19356 - phase=train acc=0.6640625 loss=0.7879147529602051 epoch=216 and step=0
2026-04-16 18:20:05,059 - SplitNNServer - INFO - 19356 - phase=train acc=0.7080965909090909 loss=0.7048563957214355 epoch=216 and step=10
2026-04-16 18:20:06,642 - SplitNNServer - INFO - 19356 - phase=train acc=0.7105654761904762 loss=0.8034496307373047 epoch=216 and step=20
2026-04-16 18:20:08,167 - SplitNNServer - INFO - 19356 - phase=train acc=0.7147177419354839 loss=0.7970265746116638 epoch=216 and step=30
2026-04-16 18:20:09,503 - SplitNNServer - INFO - 19356 - phase=train acc=0.7170350609756098 loss=0.9729021787643433 epoch=216 and step=40
2026-04-16 18:20:10,818 - SplitNNServer - INFO - 19356 - phase=train acc=0.7175245098039216 loss=1.0068933963775635 epoch=216 and step=50
2026-04-16 18:20:12,314 - SplitNNServer - INFO - 19356 - phase=train acc=0.7179815573770492 loss=0.7392433881759644 epoch=216 and step=60
2026-04-16 18:20:13,861 - SplitNNServer - INFO - 19356 - phase=train acc=0.719300176056338 loss=0.9149985313415527 epoch=216 and step=70
2026-04-16 18:20:14,920 - SplitNNClient - INFO - 21808 - worker_num=2 epoch_send=57006532923 epoch_receive=28818657648 total_send=57006532923 total_receive=28818657648 send_by_category={'OTHER': 19376, 'ACTS': 56979284657, 'MODEL': 27228890} recv_by_category={'OTHER': 4928, 'MODEL': 27862120, 'GRADS': 28790790600} send_by_type={10: 4928, 2: 56979284657, 7: 27228890, 3: 4816, 4: 4816, 6: 4816} recv_by_type={6: 4928, 8: 27862120, 1: 28790790600}
2026-04-16 18:20:17,787 - SplitNNServer - INFO - 19356 - phase=validation acc=0.7587 loss=0.6863917715941803 epoch=216 and step=79
2026-04-16 18:20:17,787 - CommBreakdown - INFO - 19356 - epoch_summary rank=0 node_type=server epoch=216 train_acc=0.71895 train_loss=0.793263 val_acc=0.7587 val_loss=0.686392 raw_acts_bytes=1309671424 quantized_acts_bytes=1309671424 acts_metadata_bytes=0 raw_grads_bytes=654311424 quantized_grads_bytes=654311424 grads_metadata_bytes=0 acts_compression=1 grads_compression=1 total_compression=1 acts_quant_time=0 grads_quant_time=0 send_time=0.524959 recv_time=0.642246 epoch_time=17.3227
2026-04-16 18:20:20,921 - SplitNNServer - INFO - 19356 - phase=train acc=0.6875 loss=0.7546415328979492 epoch=217 and step=0
2026-04-16 18:20:22,327 - SplitNNServer - INFO - 19356 - phase=train acc=0.7251420454545454 loss=0.7481917142868042 epoch=217 and step=10
2026-04-16 18:20:23,725 - SplitNNServer - INFO - 19356 - phase=train acc=0.7150297619047619 loss=0.7977806329727173 epoch=217 and step=20
2026-04-16 18:20:25,038 - SplitNNServer - INFO - 19356 - phase=train acc=0.7159778225806451 loss=0.7825009226799011 epoch=217 and step=30
2026-04-16 18:20:26,380 - SplitNNServer - INFO - 19356 - phase=train acc=0.7195121951219512 loss=0.7689875364303589 epoch=217 and step=40
2026-04-16 18:20:27,823 - SplitNNServer - INFO - 19356 - phase=train acc=0.7167585784313726 loss=0.9510890245437622 epoch=217 and step=50
2026-04-16 18:20:29,299 - SplitNNServer - INFO - 19356 - phase=train acc=0.7156762295081968 loss=0.7373428344726562 epoch=217 and step=60
2026-04-16 18:20:30,829 - SplitNNServer - INFO - 19356 - phase=train acc=0.7141285211267606 loss=0.6561703681945801 epoch=217 and step=70
2026-04-16 18:20:31,848 - SplitNNClient - INFO - 22124 - worker_num=3 epoch_send=57006532923 epoch_receive=28818657648 total_send=57006532923 total_receive=28818657648 send_by_category={'OTHER': 19376, 'ACTS': 56979284657, 'MODEL': 27228890} recv_by_category={'OTHER': 4928, 'MODEL': 27862120, 'GRADS': 28790790600} send_by_type={10: 4928, 2: 56979284657, 7: 27228890, 3: 4816, 4: 4816, 6: 4816} recv_by_type={6: 4928, 8: 27862120, 1: 28790790600}
2026-04-16 18:20:34,692 - SplitNNServer - INFO - 19356 - phase=validation acc=0.7611 loss=0.6861328614663474 epoch=217 and step=79
2026-04-16 18:20:34,692 - CommBreakdown - INFO - 19356 - epoch_summary rank=0 node_type=server epoch=217 train_acc=0.714143 train_loss=0.808372 val_acc=0.7611 val_loss=0.686133 raw_acts_bytes=1309671424 quantized_acts_bytes=1309671424 acts_metadata_bytes=0 raw_grads_bytes=654311424 quantized_grads_bytes=654311424 grads_metadata_bytes=0 acts_compression=1 grads_compression=1 total_compression=1 acts_quant_time=0 grads_quant_time=0 send_time=0.519846 recv_time=0.654014 epoch_time=16.9048
2026-04-16 18:20:37,797 - SplitNNServer - INFO - 19356 - phase=train acc=0.765625 loss=0.6656683683395386 epoch=218 and step=0
2026-04-16 18:20:39,161 - SplitNNServer - INFO - 19356 - phase=train acc=0.7208806818181818 loss=0.7343541383743286 epoch=218 and step=10
2026-04-16 18:20:40,642 - SplitNNServer - INFO - 19356 - phase=train acc=0.7150297619047619 loss=0.6249977350234985 epoch=218 and step=20
2026-04-16 18:20:42,088 - SplitNNServer - INFO - 19356 - phase=train acc=0.7132056451612904 loss=0.7399239540100098 epoch=218 and step=30
2026-04-16 18:20:43,534 - SplitNNServer - INFO - 19356 - phase=train acc=0.7132240853658537 loss=0.7210550308227539 epoch=218 and step=40
2026-04-16 18:20:45,032 - SplitNNServer - INFO - 19356 - phase=train acc=0.7166053921568627 loss=0.7769478559494019 epoch=218 and step=50
2026-04-16 18:20:46,492 - SplitNNServer - INFO - 19356 - phase=train acc=0.7178534836065574 loss=0.8163356781005859 epoch=218 and step=60
2026-04-16 18:20:47,768 - SplitNNServer - INFO - 19356 - phase=train acc=0.7165492957746479 loss=0.6525419354438782 epoch=218 and step=70
2026-04-16 18:20:48,716 - SplitNNClient - INFO - 19304 - worker_num=4 epoch_send=57006532923 epoch_receive=28818657648 total_send=57006532923 total_receive=28818657648 send_by_category={'OTHER': 19376, 'ACTS': 56979284657, 'MODEL': 27228890} recv_by_category={'OTHER': 4928, 'MODEL': 27862120, 'GRADS': 28790790600} send_by_type={10: 4928, 2: 56979284657, 7: 27228890, 3: 4816, 4: 4816, 6: 4816} recv_by_type={6: 4928, 8: 27862120, 1: 28790790600}
2026-04-16 18:20:51,500 - SplitNNServer - INFO - 19356 - phase=validation acc=0.7476 loss=0.7223679219620137 epoch=218 and step=79
2026-04-16 18:20:51,500 - CommBreakdown - INFO - 19356 - epoch_summary rank=0 node_type=server epoch=218 train_acc=0.715044 train_loss=0.798374 val_acc=0.7476 val_loss=0.722368 raw_acts_bytes=1309671424 quantized_acts_bytes=1309671424 acts_metadata_bytes=0 raw_grads_bytes=654311424 quantized_grads_bytes=654311424 grads_metadata_bytes=0 acts_compression=1 grads_compression=1 total_compression=1 acts_quant_time=0 grads_quant_time=0 send_time=0.523662 recv_time=0.644999 epoch_time=16.8087
2026-04-16 18:20:54,601 - SplitNNServer - INFO - 19356 - phase=train acc=0.6796875 loss=0.783632755279541 epoch=219 and step=0
2026-04-16 18:20:56,083 - SplitNNServer - INFO - 19356 - phase=train acc=0.7066761363636364 loss=0.8404123783111572 epoch=219 and step=10
2026-04-16 18:20:57,346 - SplitNNServer - INFO - 19356 - phase=train acc=0.7247023809523809 loss=0.8154059648513794 epoch=219 and step=20
2026-04-16 18:20:58,735 - SplitNNServer - INFO - 19356 - phase=train acc=0.7207661290322581 loss=0.7397469878196716 epoch=219 and step=30
2026-04-16 18:21:00,216 - SplitNNServer - INFO - 19356 - phase=train acc=0.7210365853658537 loss=0.8494142293930054 epoch=219 and step=40
2026-04-16 18:21:01,504 - SplitNNServer - INFO - 19356 - phase=train acc=0.7253370098039216 loss=1.076514482498169 epoch=219 and step=50
2026-04-16 18:21:02,938 - SplitNNServer - INFO - 19356 - phase=train acc=0.7242571721311475 loss=0.7137799263000488 epoch=219 and step=60
2026-04-16 18:21:04,388 - SplitNNServer - INFO - 19356 - phase=train acc=0.7197403169014085 loss=0.7493823170661926 epoch=219 and step=70
2026-04-16 18:21:05,410 - SplitNNClient - INFO - 21260 - worker_num=5 epoch_send=57006532923 epoch_receive=28818657648 total_send=57006532923 total_receive=28818657648 send_by_category={'OTHER': 19376, 'ACTS': 56979284657, 'MODEL': 27228890} recv_by_category={'OTHER': 4928, 'MODEL': 27862120, 'GRADS': 28790790600} send_by_type={10: 4928, 2: 56979284657, 7: 27228890, 3: 4816, 4: 4816, 6: 4816} recv_by_type={6: 4928, 8: 27862120, 1: 28790790600}
2026-04-16 18:21:08,333 - SplitNNServer - INFO - 19356 - phase=validation acc=0.7406 loss=0.7509629454793809 epoch=219 and step=79
2026-04-16 18:21:08,335 - CommBreakdown - INFO - 19356 - epoch_summary rank=0 node_type=server epoch=219 train_acc=0.71865 train_loss=0.795692 val_acc=0.7406 val_loss=0.750963 raw_acts_bytes=1309671424 quantized_acts_bytes=1309671424 acts_metadata_bytes=0 raw_grads_bytes=654311424 quantized_grads_bytes=654311424 grads_metadata_bytes=0 acts_compression=1 grads_compression=1 total_compression=1 acts_quant_time=0 grads_quant_time=0 send_time=0.505809 recv_time=0.64718 epoch_time=16.8332
2026-04-16 18:21:11,454 - SplitNNServer - INFO - 19356 - phase=train acc=0.6875 loss=0.787891149520874 epoch=220 and step=0
2026-04-16 18:21:12,870 - SplitNNServer - INFO - 19356 - phase=train acc=0.7059659090909091 loss=0.7989193201065063 epoch=220 and step=10
2026-04-16 18:21:14,237 - SplitNNServer - INFO - 19356 - phase=train acc=0.7075892857142857 loss=0.7877916097640991 epoch=220 and step=20
2026-04-16 18:21:15,808 - SplitNNServer - INFO - 19356 - phase=train acc=0.7121975806451613 loss=0.743166446685791 epoch=220 and step=30
2026-04-16 18:21:17,201 - SplitNNServer - INFO - 19356 - phase=train acc=0.7126524390243902 loss=0.9519351720809937 epoch=220 and step=40
2026-04-16 18:21:18,541 - SplitNNServer - INFO - 19356 - phase=train acc=0.7175245098039216 loss=0.7634132504463196 epoch=220 and step=50
2026-04-16 18:21:19,921 - SplitNNServer - INFO - 19356 - phase=train acc=0.7177254098360656 loss=0.7630767226219177 epoch=220 and step=60
2026-04-16 18:21:21,275 - SplitNNServer - INFO - 19356 - phase=train acc=0.717649647887324 loss=0.7196758389472961 epoch=220 and step=70
2026-04-16 18:21:22,403 - SplitNNClient - INFO - 20956 - worker_num=1 epoch_send=58317047164 epoch_receive=29472993798 total_send=58317047164 total_receive=29472993798 send_by_category={'ACTS': 58289165332, 'MODEL': 27862120, 'OTHER': 19712} recv_by_category={'GRADS': 29445126750, 'OTHER': 4928, 'MODEL': 27862120} send_by_type={2: 58289165332, 7: 27862120, 3: 4928, 4: 4928, 6: 4928, 10: 4928} recv_by_type={1: 29445126750, 6: 4928, 8: 27862120}
2026-04-16 18:21:25,335 - SplitNNServer - INFO - 19356 - phase=validation acc=0.7528 loss=0.7005324416522738 epoch=220 and step=79
2026-04-16 18:21:25,335 - CommBreakdown - INFO - 19356 - epoch_summary rank=0 node_type=server epoch=220 train_acc=0.718149 train_loss=0.78834 val_acc=0.7528 val_loss=0.700532 raw_acts_bytes=1309671424 quantized_acts_bytes=1309671424 acts_metadata_bytes=0 raw_grads_bytes=654311424 quantized_grads_bytes=654311424 grads_metadata_bytes=0 acts_compression=1 grads_compression=1 total_compression=1 acts_quant_time=0 grads_quant_time=0 send_time=0.487817 recv_time=0.675083 epoch_time=17.0003
2026-04-16 18:21:28,429 - SplitNNServer - INFO - 19356 - phase=train acc=0.7890625 loss=0.6440914869308472 epoch=221 and step=0
2026-04-16 18:21:29,756 - SplitNNServer - INFO - 19356 - phase=train acc=0.7279829545454546 loss=0.8375340700149536 epoch=221 and step=10
2026-04-16 18:21:31,029 - SplitNNServer - INFO - 19356 - phase=train acc=0.7161458333333334 loss=0.7361286878585815 epoch=221 and step=20
2026-04-16 18:21:32,303 - SplitNNServer - INFO - 19356 - phase=train acc=0.7190020161290323 loss=0.8188014030456543 epoch=221 and step=30
2026-04-16 18:21:33,689 - SplitNNServer - INFO - 19356 - phase=train acc=0.719702743902439 loss=0.8209442496299744 epoch=221 and step=40
2026-04-16 18:21:35,094 - SplitNNServer - INFO - 19356 - phase=train acc=0.717984068627451 loss=0.9950973987579346 epoch=221 and step=50
2026-04-16 18:21:36,602 - SplitNNServer - INFO - 19356 - phase=train acc=0.7197745901639344 loss=0.8801531195640564 epoch=221 and step=60
2026-04-16 18:21:37,949 - SplitNNServer - INFO - 19356 - phase=train acc=0.7205105633802817 loss=0.9032953381538391 epoch=221 and step=70
2026-04-16 18:21:39,071 - SplitNNClient - INFO - 21808 - worker_num=2 epoch_send=58317047276 epoch_receive=29473627140 total_send=58317047276 total_receive=29473627140 send_by_category={'OTHER': 19824, 'ACTS': 58289165332, 'MODEL': 27862120} recv_by_category={'OTHER': 5040, 'MODEL': 28495350, 'GRADS': 29445126750} send_by_type={10: 5040, 2: 58289165332, 7: 27862120, 3: 4928, 4: 4928, 6: 4928} recv_by_type={6: 5040, 8: 28495350, 1: 29445126750}
2026-04-16 18:21:41,949 - SplitNNServer - INFO - 19356 - phase=validation acc=0.7555 loss=0.6990176220483417 epoch=221 and step=79
2026-04-16 18:21:41,949 - CommBreakdown - INFO - 19356 - epoch_summary rank=0 node_type=server epoch=221 train_acc=0.719651 train_loss=0.793616 val_acc=0.7555 val_loss=0.699018 raw_acts_bytes=1309671424 quantized_acts_bytes=1309671424 acts_metadata_bytes=0 raw_grads_bytes=654311424 quantized_grads_bytes=654311424 grads_metadata_bytes=0 acts_compression=1 grads_compression=1 total_compression=1 acts_quant_time=0 grads_quant_time=0 send_time=0.482342 recv_time=0.643892 epoch_time=16.6137
2026-04-16 18:21:45,050 - SplitNNServer - INFO - 19356 - phase=train acc=0.6875 loss=0.9024401903152466 epoch=222 and step=0
2026-04-16 18:21:46,505 - SplitNNServer - INFO - 19356 - phase=train acc=0.6875 loss=1.0016202926635742 epoch=222 and step=10
2026-04-16 18:21:47,848 - SplitNNServer - INFO - 19356 - phase=train acc=0.7001488095238095 loss=0.8006471991539001 epoch=222 and step=20
2026-04-16 18:21:49,426 - SplitNNServer - INFO - 19356 - phase=train acc=0.7043850806451613 loss=0.809759259223938 epoch=222 and step=30
2026-04-16 18:21:50,821 - SplitNNServer - INFO - 19356 - phase=train acc=0.6998856707317073 loss=0.9830803871154785 epoch=222 and step=40
2026-04-16 18:21:52,251 - SplitNNServer - INFO - 19356 - phase=train acc=0.7063419117647058 loss=0.7854166030883789 epoch=222 and step=50
2026-04-16 18:21:53,531 - SplitNNServer - INFO - 19356 - phase=train acc=0.7082479508196722 loss=0.8474149703979492 epoch=222 and step=60
2026-04-16 18:21:54,909 - SplitNNServer - INFO - 19356 - phase=train acc=0.710387323943662 loss=0.7258285284042358 epoch=222 and step=70
2026-04-16 18:21:55,914 - SplitNNClient - INFO - 22124 - worker_num=3 epoch_send=58317047276 epoch_receive=29473627140 total_send=58317047276 total_receive=29473627140 send_by_category={'OTHER': 19824, 'ACTS': 58289165332, 'MODEL': 27862120} recv_by_category={'OTHER': 5040, 'MODEL': 28495350, 'GRADS': 29445126750} send_by_type={10: 5040, 2: 58289165332, 7: 27862120, 3: 4928, 4: 4928, 6: 4928} recv_by_type={6: 5040, 8: 28495350, 1: 29445126750}
2026-04-16 18:21:58,778 - SplitNNServer - INFO - 19356 - phase=validation acc=0.7533 loss=0.7072396127483512 epoch=222 and step=79
2026-04-16 18:21:58,778 - CommBreakdown - INFO - 19356 - epoch_summary rank=0 node_type=server epoch=222 train_acc=0.712841 train_loss=0.81255 val_acc=0.7533 val_loss=0.70724 raw_acts_bytes=1309671424 quantized_acts_bytes=1309671424 acts_metadata_bytes=0 raw_grads_bytes=654311424 quantized_grads_bytes=654311424 grads_metadata_bytes=0 acts_compression=1 grads_compression=1 total_compression=1 acts_quant_time=0 grads_quant_time=0 send_time=0.514517 recv_time=0.653854 epoch_time=16.8288
2026-04-16 18:22:01,917 - SplitNNServer - INFO - 19356 - phase=train acc=0.6796875 loss=0.8793027997016907 epoch=223 and step=0
2026-04-16 18:22:03,335 - SplitNNServer - INFO - 19356 - phase=train acc=0.7279829545454546 loss=0.6512273550033569 epoch=223 and step=10
2026-04-16 18:22:04,880 - SplitNNServer - INFO - 19356 - phase=train acc=0.7183779761904762 loss=0.7387391328811646 epoch=223 and step=20
2026-04-16 18:22:06,333 - SplitNNServer - INFO - 19356 - phase=train acc=0.7220262096774194 loss=0.8703600168228149 epoch=223 and step=30
2026-04-16 18:22:07,636 - SplitNNServer - INFO - 19356 - phase=train acc=0.7210365853658537 loss=0.792606770992279 epoch=223 and step=40
2026-04-16 18:22:08,977 - SplitNNServer - INFO - 19356 - phase=train acc=0.717984068627451 loss=0.9295635223388672 epoch=223 and step=50
2026-04-16 18:22:10,355 - SplitNNServer - INFO - 19356 - phase=train acc=0.7178534836065574 loss=0.7906200885772705 epoch=223 and step=60
2026-04-16 18:22:11,638 - SplitNNServer - INFO - 19356 - phase=train acc=0.7184198943661971 loss=0.8281713724136353 epoch=223 and step=70
2026-04-16 18:22:12,578 - SplitNNClient - INFO - 19304 - worker_num=4 epoch_send=58317047276 epoch_receive=29473627140 total_send=58317047276 total_receive=29473627140 send_by_category={'OTHER': 19824, 'ACTS': 58289165332, 'MODEL': 27862120} recv_by_category={'OTHER': 5040, 'MODEL': 28495350, 'GRADS': 29445126750} send_by_type={10: 5040, 2: 58289165332, 7: 27862120, 3: 4928, 4: 4928, 6: 4928} recv_by_type={6: 5040, 8: 28495350, 1: 29445126750}
2026-04-16 18:22:15,394 - SplitNNServer - INFO - 19356 - phase=validation acc=0.7437 loss=0.7406281315827672 epoch=223 and step=79
2026-04-16 18:22:15,394 - CommBreakdown - INFO - 19356 - epoch_summary rank=0 node_type=server epoch=223 train_acc=0.719251 train_loss=0.793135 val_acc=0.7437 val_loss=0.740628 raw_acts_bytes=1309671424 quantized_acts_bytes=1309671424 acts_metadata_bytes=0 raw_grads_bytes=654311424 quantized_grads_bytes=654311424 grads_metadata_bytes=0 acts_compression=1 grads_compression=1 total_compression=1 acts_quant_time=0 grads_quant_time=0 send_time=0.533458 recv_time=0.637194 epoch_time=16.6167
2026-04-16 18:22:18,520 - SplitNNServer - INFO - 19356 - phase=train acc=0.65625 loss=0.9894001483917236 epoch=224 and step=0
2026-04-16 18:22:20,006 - SplitNNServer - INFO - 19356 - phase=train acc=0.7109375 loss=0.8578363656997681 epoch=224 and step=10
2026-04-16 18:22:21,306 - SplitNNServer - INFO - 19356 - phase=train acc=0.7131696428571429 loss=0.9002782106399536 epoch=224 and step=20
2026-04-16 18:22:22,653 - SplitNNServer - INFO - 19356 - phase=train acc=0.7139616935483871 loss=0.7386168837547302 epoch=224 and step=30
2026-04-16 18:22:24,139 - SplitNNServer - INFO - 19356 - phase=train acc=0.7136051829268293 loss=0.7940099239349365 epoch=224 and step=40
2026-04-16 18:22:25,408 - SplitNNServer - INFO - 19356 - phase=train acc=0.7152267156862745 loss=0.7998222708702087 epoch=224 and step=50
2026-04-16 18:22:26,682 - SplitNNServer - INFO - 19356 - phase=train acc=0.7168288934426229 loss=0.7420828342437744 epoch=224 and step=60
2026-04-16 18:22:27,952 - SplitNNServer - INFO - 19356 - phase=train acc=0.7166593309859155 loss=0.8121875524520874 epoch=224 and step=70
2026-04-16 18:22:28,994 - SplitNNClient - INFO - 21260 - worker_num=5 epoch_send=58317047276 epoch_receive=29473627140 total_send=58317047276 total_receive=29473627140 send_by_category={'OTHER': 19824, 'ACTS': 58289165332, 'MODEL': 27862120} recv_by_category={'OTHER': 5040, 'MODEL': 28495350, 'GRADS': 29445126750} send_by_type={10: 5040, 2: 58289165332, 7: 27862120, 3: 4928, 4: 4928, 6: 4928} recv_by_type={6: 5040, 8: 28495350, 1: 29445126750}
2026-04-16 18:22:31,851 - SplitNNServer - INFO - 19356 - phase=validation acc=0.7631 loss=0.675195611353162 epoch=224 and step=79
2026-04-16 18:22:31,852 - CommBreakdown - INFO - 19356 - epoch_summary rank=0 node_type=server epoch=224 train_acc=0.715144 train_loss=0.797257 val_acc=0.7631 val_loss=0.675196 raw_acts_bytes=1309671424 quantized_acts_bytes=1309671424 acts_metadata_bytes=0 raw_grads_bytes=654311424 quantized_grads_bytes=654311424 grads_metadata_bytes=0 acts_compression=1 grads_compression=1 total_compression=1 acts_quant_time=0 grads_quant_time=0 send_time=0.505272 recv_time=0.64386 epoch_time=16.457
2026-04-16 18:22:35,019 - SplitNNServer - INFO - 19356 - phase=train acc=0.765625 loss=0.7036720514297485 epoch=225 and step=0
2026-04-16 18:22:36,360 - SplitNNServer - INFO - 19356 - phase=train acc=0.7251420454545454 loss=0.8965271711349487 epoch=225 and step=10
2026-04-16 18:22:37,663 - SplitNNServer - INFO - 19356 - phase=train acc=0.7180059523809523 loss=0.9056684970855713 epoch=225 and step=20
2026-04-16 18:22:39,233 - SplitNNServer - INFO - 19356 - phase=train acc=0.7147177419354839 loss=0.7792676687240601 epoch=225 and step=30
2026-04-16 18:22:40,519 - SplitNNServer - INFO - 19356 - phase=train acc=0.7210365853658537 loss=0.930233359336853 epoch=225 and step=40
2026-04-16 18:22:41,796 - SplitNNServer - INFO - 19356 - phase=train acc=0.7204350490196079 loss=0.7913572192192078 epoch=225 and step=50
2026-04-16 18:22:43,307 - SplitNNServer - INFO - 19356 - phase=train acc=0.7242571721311475 loss=0.7545716762542725 epoch=225 and step=60
2026-04-16 18:22:44,738 - SplitNNServer - INFO - 19356 - phase=train acc=0.7246919014084507 loss=0.7709168195724487 epoch=225 and step=70
2026-04-16 18:22:45,891 - SplitNNClient - INFO - 20956 - worker_num=1 epoch_send=59627561517 epoch_receive=30127963290 total_send=59627561517 total_receive=30127963290 send_by_category={'ACTS': 59599046007, 'MODEL': 28495350, 'OTHER': 20160} recv_by_category={'GRADS': 30099462900, 'OTHER': 5040, 'MODEL': 28495350} send_by_type={2: 59599046007, 7: 28495350, 3: 5040, 4: 5040, 6: 5040, 10: 5040} recv_by_type={1: 30099462900, 6: 5040, 8: 28495350}
2026-04-16 18:22:48,806 - SplitNNServer - INFO - 19356 - phase=validation acc=0.7567 loss=0.6956814787810361 epoch=225 and step=79
2026-04-16 18:22:48,807 - CommBreakdown - INFO - 19356 - epoch_summary rank=0 node_type=server epoch=225 train_acc=0.724058 train_loss=0.775543 val_acc=0.7567 val_loss=0.695681 raw_acts_bytes=1309671424 quantized_acts_bytes=1309671424 acts_metadata_bytes=0 raw_grads_bytes=654311424 quantized_grads_bytes=654311424 grads_metadata_bytes=0 acts_compression=1 grads_compression=1 total_compression=1 acts_quant_time=0 grads_quant_time=0 send_time=0.488758 recv_time=0.680603 epoch_time=16.9545
2026-04-16 18:22:51,945 - SplitNNServer - INFO - 19356 - phase=train acc=0.6796875 loss=0.8281532526016235 epoch=226 and step=0
2026-04-16 18:22:53,370 - SplitNNServer - INFO - 19356 - phase=train acc=0.6867897727272727 loss=0.8488417863845825 epoch=226 and step=10
2026-04-16 18:22:54,649 - SplitNNServer - INFO - 19356 - phase=train acc=0.7098214285714286 loss=0.7465023398399353 epoch=226 and step=20
2026-04-16 18:22:55,928 - SplitNNServer - INFO - 19356 - phase=train acc=0.7084173387096774 loss=0.9746556282043457 epoch=226 and step=30
2026-04-16 18:22:57,450 - SplitNNServer - INFO - 19356 - phase=train acc=0.7061737804878049 loss=0.7619929909706116 epoch=226 and step=40
2026-04-16 18:22:59,023 - SplitNNServer - INFO - 19356 - phase=train acc=0.7132352941176471 loss=0.7039273977279663 epoch=226 and step=50
2026-04-16 18:23:00,585 - SplitNNServer - INFO - 19356 - phase=train acc=0.717469262295082 loss=0.8094367384910583 epoch=226 and step=60
2026-04-16 18:23:01,961 - SplitNNServer - INFO - 19356 - phase=train acc=0.7204005281690141 loss=0.8178564310073853 epoch=226 and step=70
2026-04-16 18:23:03,267 - SplitNNClient - INFO - 21808 - worker_num=2 epoch_send=59627561629 epoch_receive=30128596632 total_send=59627561629 total_receive=30128596632 send_by_category={'OTHER': 20272, 'ACTS': 59599046007, 'MODEL': 28495350} recv_by_category={'OTHER': 5152, 'MODEL': 29128580, 'GRADS': 30099462900} send_by_type={10: 5152, 2: 59599046007, 7: 28495350, 3: 5040, 4: 5040, 6: 5040} recv_by_type={6: 5152, 8: 29128580, 1: 30099462900}
2026-04-16 18:23:06,140 - SplitNNServer - INFO - 19356 - phase=validation acc=0.7572 loss=0.7083819821665559 epoch=226 and step=79
2026-04-16 18:23:06,140 - CommBreakdown - INFO - 19356 - epoch_summary rank=0 node_type=server epoch=226 train_acc=0.719351 train_loss=0.777928 val_acc=0.7572 val_loss=0.708382 raw_acts_bytes=1309671424 quantized_acts_bytes=1309671424 acts_metadata_bytes=0 raw_grads_bytes=654311424 quantized_grads_bytes=654311424 grads_metadata_bytes=0 acts_compression=1 grads_compression=1 total_compression=1 acts_quant_time=0 grads_quant_time=0 send_time=0.528932 recv_time=0.6363 epoch_time=17.3331
2026-04-16 18:23:09,299 - SplitNNServer - INFO - 19356 - phase=train acc=0.6015625 loss=0.9033796787261963 epoch=227 and step=0
2026-04-16 18:23:10,715 - SplitNNServer - INFO - 19356 - phase=train acc=0.7095170454545454 loss=0.7753695249557495 epoch=227 and step=10
2026-04-16 18:23:12,001 - SplitNNServer - INFO - 19356 - phase=train acc=0.7154017857142857 loss=0.7643738389015198 epoch=227 and step=20
2026-04-16 18:23:13,542 - SplitNNServer - INFO - 19356 - phase=train acc=0.7195060483870968 loss=0.8087643384933472 epoch=227 and step=30
2026-04-16 18:23:14,904 - SplitNNServer - INFO - 19356 - phase=train acc=0.7151295731707317 loss=0.8886654376983643 epoch=227 and step=40
2026-04-16 18:23:16,202 - SplitNNServer - INFO - 19356 - phase=train acc=0.7153799019607843 loss=0.7644977569580078 epoch=227 and step=50
2026-04-16 18:23:17,485 - SplitNNServer - INFO - 19356 - phase=train acc=0.7195184426229508 loss=0.7775421142578125 epoch=227 and step=60
2026-04-16 18:23:18,866 - SplitNNServer - INFO - 19356 - phase=train acc=0.7180897887323944 loss=0.7300329804420471 epoch=227 and step=70
2026-04-16 18:23:20,059 - SplitNNClient - INFO - 22124 - worker_num=3 epoch_send=59627561629 epoch_receive=30128596632 total_send=59627561629 total_receive=30128596632 send_by_category={'OTHER': 20272, 'ACTS': 59599046007, 'MODEL': 28495350} recv_by_category={'OTHER': 5152, 'MODEL': 29128580, 'GRADS': 30099462900} send_by_type={10: 5152, 2: 59599046007, 7: 28495350, 3: 5040, 4: 5040, 6: 5040} recv_by_type={6: 5152, 8: 29128580, 1: 30099462900}
2026-04-16 18:23:22,844 - SplitNNServer - INFO - 19356 - phase=validation acc=0.7524 loss=0.7144713409339325 epoch=227 and step=79
2026-04-16 18:23:22,844 - CommBreakdown - INFO - 19356 - epoch_summary rank=0 node_type=server epoch=227 train_acc=0.718049 train_loss=0.789444 val_acc=0.7524 val_loss=0.714471 raw_acts_bytes=1309671424 quantized_acts_bytes=1309671424 acts_metadata_bytes=0 raw_grads_bytes=654311424 quantized_grads_bytes=654311424 grads_metadata_bytes=0 acts_compression=1 grads_compression=1 total_compression=1 acts_quant_time=0 grads_quant_time=0 send_time=0.501809 recv_time=0.656484 epoch_time=16.7045
2026-04-16 18:23:25,991 - SplitNNServer - INFO - 19356 - phase=train acc=0.7109375 loss=0.8001374006271362 epoch=228 and step=0
2026-04-16 18:23:27,340 - SplitNNServer - INFO - 19356 - phase=train acc=0.7286931818181818 loss=0.8067091107368469 epoch=228 and step=10
2026-04-16 18:23:28,657 - SplitNNServer - INFO - 19356 - phase=train acc=0.7269345238095238 loss=0.5966662764549255 epoch=228 and step=20
2026-04-16 18:23:29,920 - SplitNNServer - INFO - 19356 - phase=train acc=0.7237903225806451 loss=0.7671319842338562 epoch=228 and step=30
2026-04-16 18:23:31,248 - SplitNNServer - INFO - 19356 - phase=train acc=0.7185594512195121 loss=0.6971977353096008 epoch=228 and step=40
2026-04-16 18:23:32,594 - SplitNNServer - INFO - 19356 - phase=train acc=0.7208946078431373 loss=0.9224386215209961 epoch=228 and step=50
2026-04-16 18:23:33,993 - SplitNNServer - INFO - 19356 - phase=train acc=0.7231045081967213 loss=0.8966391086578369 epoch=228 and step=60
2026-04-16 18:23:35,470 - SplitNNServer - INFO - 19356 - phase=train acc=0.7232614436619719 loss=0.7761386632919312 epoch=228 and step=70
2026-04-16 18:23:36,629 - SplitNNClient - INFO - 19304 - worker_num=4 epoch_send=59627561629 epoch_receive=30128596632 total_send=59627561629 total_receive=30128596632 send_by_category={'OTHER': 20272, 'ACTS': 59599046007, 'MODEL': 28495350} recv_by_category={'OTHER': 5152, 'MODEL': 29128580, 'GRADS': 30099462900} send_by_type={10: 5152, 2: 59599046007, 7: 28495350, 3: 5040, 4: 5040, 6: 5040} recv_by_type={6: 5152, 8: 29128580, 1: 30099462900}
2026-04-16 18:23:39,496 - SplitNNServer - INFO - 19356 - phase=validation acc=0.7577 loss=0.6979901254931583 epoch=228 and step=79
2026-04-16 18:23:39,496 - CommBreakdown - INFO - 19356 - epoch_summary rank=0 node_type=server epoch=228 train_acc=0.723658 train_loss=0.773811 val_acc=0.7577 val_loss=0.69799 raw_acts_bytes=1309671424 quantized_acts_bytes=1309671424 acts_metadata_bytes=0 raw_grads_bytes=654311424 quantized_grads_bytes=654311424 grads_metadata_bytes=0 acts_compression=1 grads_compression=1 total_compression=1 acts_quant_time=0 grads_quant_time=0 send_time=0.520755 recv_time=0.648264 epoch_time=16.6512
2026-04-16 18:23:42,663 - SplitNNServer - INFO - 19356 - phase=train acc=0.734375 loss=0.75543212890625 epoch=229 and step=0
2026-04-16 18:23:44,000 - SplitNNServer - INFO - 19356 - phase=train acc=0.7095170454545454 loss=0.7532644867897034 epoch=229 and step=10
2026-04-16 18:23:45,576 - SplitNNServer - INFO - 19356 - phase=train acc=0.7131696428571429 loss=0.8672614097595215 epoch=229 and step=20
2026-04-16 18:23:46,951 - SplitNNServer - INFO - 19356 - phase=train acc=0.7121975806451613 loss=1.0244176387786865 epoch=229 and step=30
2026-04-16 18:23:48,379 - SplitNNServer - INFO - 19356 - phase=train acc=0.7126524390243902 loss=0.8147401809692383 epoch=229 and step=40
2026-04-16 18:23:49,805 - SplitNNServer - INFO - 19356 - phase=train acc=0.7190563725490197 loss=0.6484354734420776 epoch=229 and step=50
2026-04-16 18:23:51,128 - SplitNNServer - INFO - 19356 - phase=train acc=0.7214395491803278 loss=0.9546271562576294 epoch=229 and step=60
2026-04-16 18:23:52,409 - SplitNNServer - INFO - 19356 - phase=train acc=0.7217209507042254 loss=0.7807106971740723 epoch=229 and step=70
2026-04-16 18:23:53,515 - SplitNNClient - INFO - 21260 - worker_num=5 epoch_send=59627561629 epoch_receive=30128596632 total_send=59627561629 total_receive=30128596632 send_by_category={'OTHER': 20272, 'ACTS': 59599046007, 'MODEL': 28495350} recv_by_category={'OTHER': 5152, 'MODEL': 29128580, 'GRADS': 30099462900} send_by_type={10: 5152, 2: 59599046007, 7: 28495350, 3: 5040, 4: 5040, 6: 5040} recv_by_type={6: 5152, 8: 29128580, 1: 30099462900}
2026-04-16 18:23:56,441 - SplitNNServer - INFO - 19356 - phase=validation acc=0.7486 loss=0.7210819713677032 epoch=229 and step=79
2026-04-16 18:23:56,441 - CommBreakdown - INFO - 19356 - epoch_summary rank=0 node_type=server epoch=229 train_acc=0.722055 train_loss=0.788454 val_acc=0.7486 val_loss=0.721082 raw_acts_bytes=1309671424 quantized_acts_bytes=1309671424 acts_metadata_bytes=0 raw_grads_bytes=654311424 quantized_grads_bytes=654311424 grads_metadata_bytes=0 acts_compression=1 grads_compression=1 total_compression=1 acts_quant_time=0 grads_quant_time=0 send_time=0.525282 recv_time=0.647125 epoch_time=16.9457
2026-04-16 18:23:59,609 - SplitNNServer - INFO - 19356 - phase=train acc=0.71875 loss=0.7776984572410583 epoch=230 and step=0
2026-04-16 18:24:01,096 - SplitNNServer - INFO - 19356 - phase=train acc=0.7265625 loss=0.6731120347976685 epoch=230 and step=10
2026-04-16 18:24:02,633 - SplitNNServer - INFO - 19356 - phase=train acc=0.7232142857142857 loss=0.7591816186904907 epoch=230 and step=20
2026-04-16 18:24:03,998 - SplitNNServer - INFO - 19356 - phase=train acc=0.7260584677419355 loss=0.693852424621582 epoch=230 and step=30
2026-04-16 18:24:05,406 - SplitNNServer - INFO - 19356 - phase=train acc=0.7254192073170732 loss=0.8522586822509766 epoch=230 and step=40
2026-04-16 18:24:06,716 - SplitNNServer - INFO - 19356 - phase=train acc=0.7219669117647058 loss=0.7558175325393677 epoch=230 and step=50
2026-04-16 18:24:08,075 - SplitNNServer - INFO - 19356 - phase=train acc=0.7286116803278688 loss=0.6503821611404419 epoch=230 and step=60
2026-04-16 18:24:09,470 - SplitNNServer - INFO - 19356 - phase=train acc=0.7288732394366197 loss=0.8105090856552124 epoch=230 and step=70
2026-04-16 18:24:10,616 - SplitNNClient - INFO - 20956 - worker_num=1 epoch_send=60938075870 epoch_receive=30782932782 total_send=60938075870 total_receive=30782932782 send_by_category={'ACTS': 60908926682, 'MODEL': 29128580, 'OTHER': 20608} recv_by_category={'GRADS': 30753799050, 'OTHER': 5152, 'MODEL': 29128580} send_by_type={2: 60908926682, 7: 29128580, 3: 5152, 4: 5152, 6: 5152, 10: 5152} recv_by_type={1: 30753799050, 6: 5152, 8: 29128580}
2026-04-16 18:24:13,501 - SplitNNServer - INFO - 19356 - phase=validation acc=0.7283 loss=0.7809346586088591 epoch=230 and step=79
2026-04-16 18:24:13,501 - CommBreakdown - INFO - 19356 - epoch_summary rank=0 node_type=server epoch=230 train_acc=0.728065 train_loss=0.770857 val_acc=0.7283 val_loss=0.780935 raw_acts_bytes=1309671424 quantized_acts_bytes=1309671424 acts_metadata_bytes=0 raw_grads_bytes=654311424 quantized_grads_bytes=654311424 grads_metadata_bytes=0 acts_compression=1 grads_compression=1 total_compression=1 acts_quant_time=0 grads_quant_time=0 send_time=0.506918 recv_time=0.67784 epoch_time=17.0592
2026-04-16 18:24:16,610 - SplitNNServer - INFO - 19356 - phase=train acc=0.703125 loss=0.9330506920814514 epoch=231 and step=0
2026-04-16 18:24:18,157 - SplitNNServer - INFO - 19356 - phase=train acc=0.7137784090909091 loss=0.748869001865387 epoch=231 and step=10
2026-04-16 18:24:19,697 - SplitNNServer - INFO - 19356 - phase=train acc=0.7172619047619048 loss=0.8361403942108154 epoch=231 and step=20
2026-04-16 18:24:21,053 - SplitNNServer - INFO - 19356 - phase=train acc=0.7245463709677419 loss=0.8505995869636536 epoch=231 and step=30
2026-04-16 18:24:22,460 - SplitNNServer - INFO - 19356 - phase=train acc=0.7246570121951219 loss=0.644408106803894 epoch=231 and step=40
2026-04-16 18:24:23,846 - SplitNNServer - INFO - 19356 - phase=train acc=0.7218137254901961 loss=0.8002043962478638 epoch=231 and step=50
2026-04-16 18:24:25,289 - SplitNNServer - INFO - 19356 - phase=train acc=0.7247694672131147 loss=0.6843414902687073 epoch=231 and step=60
2026-04-16 18:24:26,670 - SplitNNServer - INFO - 19356 - phase=train acc=0.7264524647887324 loss=0.7576348781585693 epoch=231 and step=70
2026-04-16 18:24:27,618 - SplitNNClient - INFO - 21808 - worker_num=2 epoch_send=60938075982 epoch_receive=30783566124 total_send=60938075982 total_receive=30783566124 send_by_category={'OTHER': 20720, 'ACTS': 60908926682, 'MODEL': 29128580} recv_by_category={'OTHER': 5264, 'MODEL': 29761810, 'GRADS': 30753799050} send_by_type={10: 5264, 2: 60908926682, 7: 29128580, 3: 5152, 4: 5152, 6: 5152} recv_by_type={6: 5264, 8: 29761810, 1: 30753799050}
2026-04-16 18:24:30,449 - SplitNNServer - INFO - 19356 - phase=validation acc=0.763 loss=0.6873590565180476 epoch=231 and step=79
2026-04-16 18:24:30,450 - CommBreakdown - INFO - 19356 - epoch_summary rank=0 node_type=server epoch=231 train_acc=0.726262 train_loss=0.767921 val_acc=0.763 val_loss=0.687359 raw_acts_bytes=1309671424 quantized_acts_bytes=1309671424 acts_metadata_bytes=0 raw_grads_bytes=654311424 quantized_grads_bytes=654311424 grads_metadata_bytes=0 acts_compression=1 grads_compression=1 total_compression=1 acts_quant_time=0 grads_quant_time=0 send_time=0.516011 recv_time=0.64744 epoch_time=16.9478
2026-04-16 18:24:33,592 - SplitNNServer - INFO - 19356 - phase=train acc=0.671875 loss=0.8695696592330933 epoch=232 and step=0
2026-04-16 18:24:34,966 - SplitNNServer - INFO - 19356 - phase=train acc=0.7315340909090909 loss=0.8381483554840088 epoch=232 and step=10
2026-04-16 18:24:36,237 - SplitNNServer - INFO - 19356 - phase=train acc=0.7269345238095238 loss=0.7558452486991882 epoch=232 and step=20
2026-04-16 18:24:37,504 - SplitNNServer - INFO - 19356 - phase=train acc=0.7190020161290323 loss=1.0107760429382324 epoch=232 and step=30
2026-04-16 18:24:38,779 - SplitNNServer - INFO - 19356 - phase=train acc=0.7198932926829268 loss=0.7297043800354004 epoch=232 and step=40
2026-04-16 18:24:40,154 - SplitNNServer - INFO - 19356 - phase=train acc=0.7182904411764706 loss=0.7152519226074219 epoch=232 and step=50
2026-04-16 18:24:41,657 - SplitNNServer - INFO - 19356 - phase=train acc=0.7223360655737705 loss=0.7831829786300659 epoch=232 and step=60
2026-04-16 18:24:42,927 - SplitNNServer - INFO - 19356 - phase=train acc=0.7219410211267606 loss=0.8541420102119446 epoch=232 and step=70
2026-04-16 18:24:43,874 - SplitNNClient - INFO - 22124 - worker_num=3 epoch_send=60938075982 epoch_receive=30783566124 total_send=60938075982 total_receive=30783566124 send_by_category={'OTHER': 20720, 'ACTS': 60908926682, 'MODEL': 29128580} recv_by_category={'OTHER': 5264, 'MODEL': 29761810, 'GRADS': 30753799050} send_by_type={10: 5264, 2: 60908926682, 7: 29128580, 3: 5152, 4: 5152, 6: 5152} recv_by_type={6: 5264, 8: 29761810, 1: 30753799050}
2026-04-16 18:24:46,660 - SplitNNServer - INFO - 19356 - phase=validation acc=0.7663 loss=0.6687213480472565 epoch=232 and step=79
2026-04-16 18:24:46,660 - CommBreakdown - INFO - 19356 - epoch_summary rank=0 node_type=server epoch=232 train_acc=0.721354 train_loss=0.785776 val_acc=0.7663 val_loss=0.668721 raw_acts_bytes=1309671424 quantized_acts_bytes=1309671424 acts_metadata_bytes=0 raw_grads_bytes=654311424 quantized_grads_bytes=654311424 grads_metadata_bytes=0 acts_compression=1 grads_compression=1 total_compression=1 acts_quant_time=0 grads_quant_time=0 send_time=0.506156 recv_time=0.638987 epoch_time=16.2102
2026-04-16 18:24:49,790 - SplitNNServer - INFO - 19356 - phase=train acc=0.75 loss=0.6605157852172852 epoch=233 and step=0
2026-04-16 18:24:51,231 - SplitNNServer - INFO - 19356 - phase=train acc=0.7045454545454546 loss=0.8737762570381165 epoch=233 and step=10
2026-04-16 18:24:52,716 - SplitNNServer - INFO - 19356 - phase=train acc=0.7172619047619048 loss=0.7865902185440063 epoch=233 and step=20
2026-04-16 18:24:54,052 - SplitNNServer - INFO - 19356 - phase=train acc=0.7237903225806451 loss=0.7110048532485962 epoch=233 and step=30
2026-04-16 18:24:55,331 - SplitNNServer - INFO - 19356 - phase=train acc=0.7250381097560976 loss=0.699161171913147 epoch=233 and step=40
2026-04-16 18:24:56,744 - SplitNNServer - INFO - 19356 - phase=train acc=0.7250306372549019 loss=0.7591778039932251 epoch=233 and step=50
2026-04-16 18:24:58,025 - SplitNNServer - INFO - 19356 - phase=train acc=0.7232325819672131 loss=0.8297300934791565 epoch=233 and step=60
2026-04-16 18:24:59,301 - SplitNNServer - INFO - 19356 - phase=train acc=0.7227112676056338 loss=0.835182785987854 epoch=233 and step=70
2026-04-16 18:25:00,378 - SplitNNClient - INFO - 19304 - worker_num=4 epoch_send=60938075982 epoch_receive=30783566124 total_send=60938075982 total_receive=30783566124 send_by_category={'OTHER': 20720, 'ACTS': 60908926682, 'MODEL': 29128580} recv_by_category={'OTHER': 5264, 'MODEL': 29761810, 'GRADS': 30753799050} send_by_type={10: 5264, 2: 60908926682, 7: 29128580, 3: 5152, 4: 5152, 6: 5152} recv_by_type={6: 5264, 8: 29761810, 1: 30753799050}
2026-04-16 18:25:03,302 - SplitNNServer - INFO - 19356 - phase=validation acc=0.7555 loss=0.7116407884072654 epoch=233 and step=79
2026-04-16 18:25:03,303 - CommBreakdown - INFO - 19356 - epoch_summary rank=0 node_type=server epoch=233 train_acc=0.723958 train_loss=0.772977 val_acc=0.7555 val_loss=0.711641 raw_acts_bytes=1309671424 quantized_acts_bytes=1309671424 acts_metadata_bytes=0 raw_grads_bytes=654311424 quantized_grads_bytes=654311424 grads_metadata_bytes=0 acts_compression=1 grads_compression=1 total_compression=1 acts_quant_time=0 grads_quant_time=0 send_time=0.484555 recv_time=0.672862 epoch_time=16.6423
2026-04-16 18:25:06,459 - SplitNNServer - INFO - 19356 - phase=train acc=0.6875 loss=0.9211421608924866 epoch=234 and step=0
2026-04-16 18:25:07,771 - SplitNNServer - INFO - 19356 - phase=train acc=0.7315340909090909 loss=0.8007059097290039 epoch=234 and step=10
2026-04-16 18:25:09,081 - SplitNNServer - INFO - 19356 - phase=train acc=0.7220982142857143 loss=0.865119993686676 epoch=234 and step=20
2026-04-16 18:25:10,535 - SplitNNServer - INFO - 19356 - phase=train acc=0.7182459677419355 loss=0.7672939896583557 epoch=234 and step=30
2026-04-16 18:25:11,987 - SplitNNServer - INFO - 19356 - phase=train acc=0.7210365853658537 loss=0.8067580461502075 epoch=234 and step=40
2026-04-16 18:25:13,501 - SplitNNServer - INFO - 19356 - phase=train acc=0.7247242647058824 loss=0.6656681299209595 epoch=234 and step=50
2026-04-16 18:25:14,902 - SplitNNServer - INFO - 19356 - phase=train acc=0.7255379098360656 loss=0.8010046482086182 epoch=234 and step=60
2026-04-16 18:25:16,358 - SplitNNServer - INFO - 19356 - phase=train acc=0.727112676056338 loss=0.6154288053512573 epoch=234 and step=70
2026-04-16 18:25:17,444 - SplitNNClient - INFO - 21260 - worker_num=5 epoch_send=60938075982 epoch_receive=30783566124 total_send=60938075982 total_receive=30783566124 send_by_category={'OTHER': 20720, 'ACTS': 60908926682, 'MODEL': 29128580} recv_by_category={'OTHER': 5264, 'MODEL': 29761810, 'GRADS': 30753799050} send_by_type={10: 5264, 2: 60908926682, 7: 29128580, 3: 5152, 4: 5152, 6: 5152} recv_by_type={6: 5264, 8: 29761810, 1: 30753799050}
2026-04-16 18:25:20,285 - SplitNNServer - INFO - 19356 - phase=validation acc=0.7226 loss=0.834225525584402 epoch=234 and step=79
2026-04-16 18:25:20,285 - CommBreakdown - INFO - 19356 - epoch_summary rank=0 node_type=server epoch=234 train_acc=0.726462 train_loss=0.771344 val_acc=0.7226 val_loss=0.834226 raw_acts_bytes=1309671424 quantized_acts_bytes=1309671424 acts_metadata_bytes=0 raw_grads_bytes=654311424 quantized_grads_bytes=654311424 grads_metadata_bytes=0 acts_compression=1 grads_compression=1 total_compression=1 acts_quant_time=0 grads_quant_time=0 send_time=0.503082 recv_time=0.640094 epoch_time=16.982
2026-04-16 18:25:23,475 - SplitNNServer - INFO - 19356 - phase=train acc=0.7109375 loss=0.8800452351570129 epoch=235 and step=0
2026-04-16 18:25:24,842 - SplitNNServer - INFO - 19356 - phase=train acc=0.7265625 loss=0.8302592039108276 epoch=235 and step=10
2026-04-16 18:25:26,271 - SplitNNServer - INFO - 19356 - phase=train acc=0.7228422619047619 loss=0.7836967706680298 epoch=235 and step=20
2026-04-16 18:25:27,625 - SplitNNServer - INFO - 19356 - phase=train acc=0.734375 loss=0.8134082555770874 epoch=235 and step=30
2026-04-16 18:25:28,963 - SplitNNServer - INFO - 19356 - phase=train acc=0.7345655487804879 loss=0.7588515281677246 epoch=235 and step=40
2026-04-16 18:25:30,500 - SplitNNServer - INFO - 19356 - phase=train acc=0.7365196078431373 loss=0.8006435632705688 epoch=235 and step=50
2026-04-16 18:25:31,941 - SplitNNServer - INFO - 19356 - phase=train acc=0.7370645491803278 loss=0.7960038185119629 epoch=235 and step=60
2026-04-16 18:25:33,464 - SplitNNServer - INFO - 19356 - phase=train acc=0.7345950704225352 loss=0.8467467427253723 epoch=235 and step=70
2026-04-16 18:25:34,545 - SplitNNClient - INFO - 20956 - worker_num=1 epoch_send=62248590223 epoch_receive=31437902274 total_send=62248590223 total_receive=31437902274 send_by_category={'ACTS': 62218807357, 'MODEL': 29761810, 'OTHER': 21056} recv_by_category={'GRADS': 31408135200, 'OTHER': 5264, 'MODEL': 29761810} send_by_type={2: 62218807357, 7: 29761810, 3: 5264, 4: 5264, 6: 5264, 10: 5264} recv_by_type={1: 31408135200, 6: 5264, 8: 29761810}
2026-04-16 18:25:37,461 - SplitNNServer - INFO - 19356 - phase=validation acc=0.7543 loss=0.7047026666659343 epoch=235 and step=79
2026-04-16 18:25:37,461 - CommBreakdown - INFO - 19356 - epoch_summary rank=0 node_type=server epoch=235 train_acc=0.732672 train_loss=0.763755 val_acc=0.7543 val_loss=0.704703 raw_acts_bytes=1309671424 quantized_acts_bytes=1309671424 acts_metadata_bytes=0 raw_grads_bytes=654311424 quantized_grads_bytes=654311424 grads_metadata_bytes=0 acts_compression=1 grads_compression=1 total_compression=1 acts_quant_time=0 grads_quant_time=0 send_time=0.529134 recv_time=0.681051 epoch_time=17.1765
2026-04-16 18:25:40,544 - SplitNNServer - INFO - 19356 - phase=train acc=0.7421875 loss=0.7667044401168823 epoch=236 and step=0
2026-04-16 18:25:42,036 - SplitNNServer - INFO - 19356 - phase=train acc=0.7137784090909091 loss=0.7590075731277466 epoch=236 and step=10
2026-04-16 18:25:43,486 - SplitNNServer - INFO - 19356 - phase=train acc=0.7183779761904762 loss=0.7574155330657959 epoch=236 and step=20
2026-04-16 18:25:44,923 - SplitNNServer - INFO - 19356 - phase=train acc=0.7210181451612904 loss=0.7413104772567749 epoch=236 and step=30
2026-04-16 18:25:46,297 - SplitNNServer - INFO - 19356 - phase=train acc=0.7231326219512195 loss=0.7340288162231445 epoch=236 and step=40
2026-04-16 18:25:47,811 - SplitNNServer - INFO - 19356 - phase=train acc=0.7216605392156863 loss=0.853217363357544 epoch=236 and step=50
2026-04-16 18:25:49,388 - SplitNNServer - INFO - 19356 - phase=train acc=0.7202868852459017 loss=0.6956028938293457 epoch=236 and step=60
2026-04-16 18:25:50,812 - SplitNNServer - INFO - 19356 - phase=train acc=0.7213908450704225 loss=0.8279190063476562 epoch=236 and step=70
2026-04-16 18:25:51,773 - SplitNNClient - INFO - 21808 - worker_num=2 epoch_send=62248590335 epoch_receive=31438535616 total_send=62248590335 total_receive=31438535616 send_by_category={'OTHER': 21168, 'ACTS': 62218807357, 'MODEL': 29761810} recv_by_category={'OTHER': 5376, 'MODEL': 30395040, 'GRADS': 31408135200} send_by_type={10: 5376, 2: 62218807357, 7: 29761810, 3: 5264, 4: 5264, 6: 5264} recv_by_type={6: 5376, 8: 30395040, 1: 31408135200}
2026-04-16 18:25:54,630 - SplitNNServer - INFO - 19356 - phase=validation acc=0.7653 loss=0.6628952082953875 epoch=236 and step=79
2026-04-16 18:25:54,630 - CommBreakdown - INFO - 19356 - epoch_summary rank=0 node_type=server epoch=236 train_acc=0.722256 train_loss=0.779957 val_acc=0.7653 val_loss=0.662895 raw_acts_bytes=1309671424 quantized_acts_bytes=1309671424 acts_metadata_bytes=0 raw_grads_bytes=654311424 quantized_grads_bytes=654311424 grads_metadata_bytes=0 acts_compression=1 grads_compression=1 total_compression=1 acts_quant_time=0 grads_quant_time=0 send_time=0.488047 recv_time=0.643531 epoch_time=17.1689
2026-04-16 18:25:57,744 - SplitNNServer - INFO - 19356 - phase=train acc=0.796875 loss=0.6776019334793091 epoch=237 and step=0
2026-04-16 18:25:59,173 - SplitNNServer - INFO - 19356 - phase=train acc=0.7329545454545454 loss=0.742118239402771 epoch=237 and step=10
2026-04-16 18:26:00,596 - SplitNNServer - INFO - 19356 - phase=train acc=0.71875 loss=0.7435573935508728 epoch=237 and step=20
2026-04-16 18:26:01,860 - SplitNNServer - INFO - 19356 - phase=train acc=0.717741935483871 loss=0.8625049591064453 epoch=237 and step=30
2026-04-16 18:26:03,216 - SplitNNServer - INFO - 19356 - phase=train acc=0.715891768292683 loss=0.7779550552368164 epoch=237 and step=40
2026-04-16 18:26:04,709 - SplitNNServer - INFO - 19356 - phase=train acc=0.7164522058823529 loss=0.7329119443893433 epoch=237 and step=50
2026-04-16 18:26:06,015 - SplitNNServer - INFO - 19356 - phase=train acc=0.7202868852459017 loss=0.6897356510162354 epoch=237 and step=60
2026-04-16 18:26:07,281 - SplitNNServer - INFO - 19356 - phase=train acc=0.7219410211267606 loss=0.830285906791687 epoch=237 and step=70
2026-04-16 18:26:08,286 - SplitNNClient - INFO - 22124 - worker_num=3 epoch_send=62248590335 epoch_receive=31438535616 total_send=62248590335 total_receive=31438535616 send_by_category={'OTHER': 21168, 'ACTS': 62218807357, 'MODEL': 29761810} recv_by_category={'OTHER': 5376, 'MODEL': 30395040, 'GRADS': 31408135200} send_by_type={10: 5376, 2: 62218807357, 7: 29761810, 3: 5264, 4: 5264, 6: 5264} recv_by_type={6: 5376, 8: 30395040, 1: 31408135200}
2026-04-16 18:26:11,048 - SplitNNServer - INFO - 19356 - phase=validation acc=0.7712 loss=0.6678012794331659 epoch=237 and step=79
2026-04-16 18:26:11,048 - CommBreakdown - INFO - 19356 - epoch_summary rank=0 node_type=server epoch=237 train_acc=0.722556 train_loss=0.779608 val_acc=0.7712 val_loss=0.667801 raw_acts_bytes=1309671424 quantized_acts_bytes=1309671424 acts_metadata_bytes=0 raw_grads_bytes=654311424 quantized_grads_bytes=654311424 grads_metadata_bytes=0 acts_compression=1 grads_compression=1 total_compression=1 acts_quant_time=0 grads_quant_time=0 send_time=0.482283 recv_time=0.645055 epoch_time=16.4167
2026-04-16 18:26:14,222 - SplitNNServer - INFO - 19356 - phase=train acc=0.796875 loss=0.5390618443489075 epoch=238 and step=0
2026-04-16 18:26:15,547 - SplitNNServer - INFO - 19356 - phase=train acc=0.7485795454545454 loss=0.8980311155319214 epoch=238 and step=10
2026-04-16 18:26:16,909 - SplitNNServer - INFO - 19356 - phase=train acc=0.7392113095238095 loss=0.8990470170974731 epoch=238 and step=20
2026-04-16 18:26:18,267 - SplitNNServer - INFO - 19356 - phase=train acc=0.7366431451612904 loss=0.6677179336547852 epoch=238 and step=30
2026-04-16 18:26:19,563 - SplitNNServer - INFO - 19356 - phase=train acc=0.735327743902439 loss=0.7211843729019165 epoch=238 and step=40
2026-04-16 18:26:20,917 - SplitNNServer - INFO - 19356 - phase=train acc=0.7337622549019608 loss=0.7918276786804199 epoch=238 and step=50
2026-04-16 18:26:22,185 - SplitNNServer - INFO - 19356 - phase=train acc=0.7311731557377049 loss=0.6782045364379883 epoch=238 and step=60
2026-04-16 18:26:23,493 - SplitNNServer - INFO - 19356 - phase=train acc=0.7311839788732394 loss=0.7332571148872375 epoch=238 and step=70
2026-04-16 18:26:24,444 - SplitNNClient - INFO - 19304 - worker_num=4 epoch_send=62248590335 epoch_receive=31438535616 total_send=62248590335 total_receive=31438535616 send_by_category={'OTHER': 21168, 'ACTS': 62218807357, 'MODEL': 29761810} recv_by_category={'OTHER': 5376, 'MODEL': 30395040, 'GRADS': 31408135200} send_by_type={10: 5376, 2: 62218807357, 7: 29761810, 3: 5264, 4: 5264, 6: 5264} recv_by_type={6: 5376, 8: 30395040, 1: 31408135200}
2026-04-16 18:26:27,224 - SplitNNServer - INFO - 19356 - phase=validation acc=0.7616 loss=0.6788615573056137 epoch=238 and step=79
2026-04-16 18:26:27,224 - CommBreakdown - INFO - 19356 - epoch_summary rank=0 node_type=server epoch=238 train_acc=0.730669 train_loss=0.765921 val_acc=0.7616 val_loss=0.678862 raw_acts_bytes=1309671424 quantized_acts_bytes=1309671424 acts_metadata_bytes=0 raw_grads_bytes=654311424 quantized_grads_bytes=654311424 grads_metadata_bytes=0 acts_compression=1 grads_compression=1 total_compression=1 acts_quant_time=0 grads_quant_time=0 send_time=0.532379 recv_time=0.644611 epoch_time=16.1761
2026-04-16 18:26:30,338 - SplitNNServer - INFO - 19356 - phase=train acc=0.6875 loss=0.8802635073661804 epoch=239 and step=0
2026-04-16 18:26:31,663 - SplitNNServer - INFO - 19356 - phase=train acc=0.71875 loss=0.6806414127349854 epoch=239 and step=10
2026-04-16 18:26:33,221 - SplitNNServer - INFO - 19356 - phase=train acc=0.7165178571428571 loss=0.6601090431213379 epoch=239 and step=20
2026-04-16 18:26:34,611 - SplitNNServer - INFO - 19356 - phase=train acc=0.7225302419354839 loss=0.8993039131164551 epoch=239 and step=30
2026-04-16 18:26:36,079 - SplitNNServer - INFO - 19356 - phase=train acc=0.7223704268292683 loss=0.6645805835723877 epoch=239 and step=40
2026-04-16 18:26:37,441 - SplitNNServer - INFO - 19356 - phase=train acc=0.7262561274509803 loss=0.809353232383728 epoch=239 and step=50
2026-04-16 18:26:38,747 - SplitNNServer - INFO - 19356 - phase=train acc=0.7245133196721312 loss=0.8390530943870544 epoch=239 and step=60
2026-04-16 18:26:40,316 - SplitNNServer - INFO - 19356 - phase=train acc=0.7250220070422535 loss=0.6644267439842224 epoch=239 and step=70
2026-04-16 18:26:41,417 - SplitNNClient - INFO - 21260 - worker_num=5 epoch_send=62248590335 epoch_receive=31438535616 total_send=62248590335 total_receive=31438535616 send_by_category={'OTHER': 21168, 'ACTS': 62218807357, 'MODEL': 29761810} recv_by_category={'OTHER': 5376, 'MODEL': 30395040, 'GRADS': 31408135200} send_by_type={10: 5376, 2: 62218807357, 7: 29761810, 3: 5264, 4: 5264, 6: 5264} recv_by_type={6: 5376, 8: 30395040, 1: 31408135200}
2026-04-16 18:26:44,310 - SplitNNServer - INFO - 19356 - phase=validation acc=0.7674 loss=0.6859136725528331 epoch=239 and step=79
2026-04-16 18:26:44,310 - CommBreakdown - INFO - 19356 - epoch_summary rank=0 node_type=server epoch=239 train_acc=0.727764 train_loss=0.772002 val_acc=0.7674 val_loss=0.685914 raw_acts_bytes=1309671424 quantized_acts_bytes=1309671424 acts_metadata_bytes=0 raw_grads_bytes=654311424 quantized_grads_bytes=654311424 grads_metadata_bytes=0 acts_compression=1 grads_compression=1 total_compression=1 acts_quant_time=0 grads_quant_time=0 send_time=0.548492 recv_time=0.646818 epoch_time=17.0864
2026-04-16 18:26:47,453 - SplitNNServer - INFO - 19356 - phase=train acc=0.734375 loss=0.7416303753852844 epoch=240 and step=0
2026-04-16 18:26:48,808 - SplitNNServer - INFO - 19356 - phase=train acc=0.7464488636363636 loss=0.7402487993240356 epoch=240 and step=10
2026-04-16 18:26:50,235 - SplitNNServer - INFO - 19356 - phase=train acc=0.7369791666666666 loss=0.6654444932937622 epoch=240 and step=20
2026-04-16 18:26:51,757 - SplitNNServer - INFO - 19356 - phase=train acc=0.7371471774193549 loss=0.7336228489875793 epoch=240 and step=30
2026-04-16 18:26:53,208 - SplitNNServer - INFO - 19356 - phase=train acc=0.7406631097560976 loss=0.7837415933609009 epoch=240 and step=40
2026-04-16 18:26:54,703 - SplitNNServer - INFO - 19356 - phase=train acc=0.7383578431372549 loss=0.6731525659561157 epoch=240 and step=50
2026-04-16 18:26:56,138 - SplitNNServer - INFO - 19356 - phase=train acc=0.7368084016393442 loss=0.7397128343582153 epoch=240 and step=60
2026-04-16 18:26:57,686 - SplitNNServer - INFO - 19356 - phase=train acc=0.735475352112676 loss=0.7810189127922058 epoch=240 and step=70
2026-04-16 18:26:58,677 - SplitNNClient - INFO - 20956 - worker_num=1 epoch_send=63559104576 epoch_receive=32092871766 total_send=63559104576 total_receive=32092871766 send_by_category={'ACTS': 63528688032, 'MODEL': 30395040, 'OTHER': 21504} recv_by_category={'GRADS': 32062471350, 'OTHER': 5376, 'MODEL': 30395040} send_by_type={2: 63528688032, 7: 30395040, 3: 5376, 4: 5376, 6: 5376, 10: 5376} recv_by_type={1: 32062471350, 6: 5376, 8: 30395040}
2026-04-16 18:27:01,624 - SplitNNServer - INFO - 19356 - phase=validation acc=0.7697 loss=0.6671148342422292 epoch=240 and step=79
2026-04-16 18:27:01,625 - CommBreakdown - INFO - 19356 - epoch_summary rank=0 node_type=server epoch=240 train_acc=0.735677 train_loss=0.748701 val_acc=0.7697 val_loss=0.667115 raw_acts_bytes=1309671424 quantized_acts_bytes=1309671424 acts_metadata_bytes=0 raw_grads_bytes=654311424 quantized_grads_bytes=654311424 grads_metadata_bytes=0 acts_compression=1 grads_compression=1 total_compression=1 acts_quant_time=0 grads_quant_time=0 send_time=0.520325 recv_time=0.671515 epoch_time=17.3141
2026-04-16 18:27:04,769 - SplitNNServer - INFO - 19356 - phase=train acc=0.765625 loss=0.6848975419998169 epoch=241 and step=0
2026-04-16 18:27:06,282 - SplitNNServer - INFO - 19356 - phase=train acc=0.7137784090909091 loss=0.9262751340866089 epoch=241 and step=10
2026-04-16 18:27:07,549 - SplitNNServer - INFO - 19356 - phase=train acc=0.7168898809523809 loss=0.769804060459137 epoch=241 and step=20
2026-04-16 18:27:08,898 - SplitNNServer - INFO - 19356 - phase=train acc=0.7217741935483871 loss=0.5867141485214233 epoch=241 and step=30
2026-04-16 18:27:10,207 - SplitNNServer - INFO - 19356 - phase=train acc=0.7252286585365854 loss=0.670753002166748 epoch=241 and step=40
2026-04-16 18:27:11,547 - SplitNNServer - INFO - 19356 - phase=train acc=0.7303921568627451 loss=0.6840574741363525 epoch=241 and step=50
2026-04-16 18:27:12,892 - SplitNNServer - INFO - 19356 - phase=train acc=0.7323258196721312 loss=0.8043675422668457 epoch=241 and step=60
2026-04-16 18:27:14,164 - SplitNNServer - INFO - 19356 - phase=train acc=0.7351452464788732 loss=0.8080188035964966 epoch=241 and step=70
2026-04-16 18:27:15,103 - SplitNNClient - INFO - 21808 - worker_num=2 epoch_send=63559104688 epoch_receive=32093505108 total_send=63559104688 total_receive=32093505108 send_by_category={'OTHER': 21616, 'ACTS': 63528688032, 'MODEL': 30395040} recv_by_category={'OTHER': 5488, 'MODEL': 31028270, 'GRADS': 32062471350} send_by_type={10: 5488, 2: 63528688032, 7: 30395040, 3: 5376, 4: 5376, 6: 5376} recv_by_type={6: 5488, 8: 31028270, 1: 32062471350}
2026-04-16 18:27:17,981 - SplitNNServer - INFO - 19356 - phase=validation acc=0.7605 loss=0.6896114451221272 epoch=241 and step=79
2026-04-16 18:27:17,981 - CommBreakdown - INFO - 19356 - epoch_summary rank=0 node_type=server epoch=241 train_acc=0.736579 train_loss=0.747368 val_acc=0.7605 val_loss=0.689611 raw_acts_bytes=1309671424 quantized_acts_bytes=1309671424 acts_metadata_bytes=0 raw_grads_bytes=654311424 quantized_grads_bytes=654311424 grads_metadata_bytes=0 acts_compression=1 grads_compression=1 total_compression=1 acts_quant_time=0 grads_quant_time=0 send_time=0.49734 recv_time=0.642409 epoch_time=16.3561
2026-04-16 18:27:21,120 - SplitNNServer - INFO - 19356 - phase=train acc=0.78125 loss=0.6829302310943604 epoch=242 and step=0
2026-04-16 18:27:22,535 - SplitNNServer - INFO - 19356 - phase=train acc=0.7223011363636364 loss=0.7425398230552673 epoch=242 and step=10
2026-04-16 18:27:23,855 - SplitNNServer - INFO - 19356 - phase=train acc=0.7276785714285714 loss=0.8329287767410278 epoch=242 and step=20
2026-04-16 18:27:25,134 - SplitNNServer - INFO - 19356 - phase=train acc=0.7222782258064516 loss=0.8378700017929077 epoch=242 and step=30
2026-04-16 18:27:26,499 - SplitNNServer - INFO - 19356 - phase=train acc=0.7233231707317073 loss=0.7864137887954712 epoch=242 and step=40
2026-04-16 18:27:27,902 - SplitNNServer - INFO - 19356 - phase=train acc=0.7259497549019608 loss=0.6712301969528198 epoch=242 and step=50
2026-04-16 18:27:29,346 - SplitNNServer - INFO - 19356 - phase=train acc=0.7263063524590164 loss=0.8009026050567627 epoch=242 and step=60
2026-04-16 18:27:30,798 - SplitNNServer - INFO - 19356 - phase=train acc=0.7277728873239436 loss=0.6029903888702393 epoch=242 and step=70
2026-04-16 18:27:31,821 - SplitNNClient - INFO - 22124 - worker_num=3 epoch_send=63559104688 epoch_receive=32093505108 total_send=63559104688 total_receive=32093505108 send_by_category={'OTHER': 21616, 'ACTS': 63528688032, 'MODEL': 30395040} recv_by_category={'OTHER': 5488, 'MODEL': 31028270, 'GRADS': 32062471350} send_by_type={10: 5488, 2: 63528688032, 7: 30395040, 3: 5376, 4: 5376, 6: 5376} recv_by_type={6: 5488, 8: 31028270, 1: 32062471350}
2026-04-16 18:27:34,612 - SplitNNServer - INFO - 19356 - phase=validation acc=0.7658 loss=0.680664832833447 epoch=242 and step=79
2026-04-16 18:27:34,612 - CommBreakdown - INFO - 19356 - epoch_summary rank=0 node_type=server epoch=242 train_acc=0.727865 train_loss=0.761801 val_acc=0.7658 val_loss=0.680665 raw_acts_bytes=1309671424 quantized_acts_bytes=1309671424 acts_metadata_bytes=0 raw_grads_bytes=654311424 quantized_grads_bytes=654311424 grads_metadata_bytes=0 acts_compression=1 grads_compression=1 total_compression=1 acts_quant_time=0 grads_quant_time=0 send_time=0.518691 recv_time=0.639797 epoch_time=16.6307
2026-04-16 18:27:37,750 - SplitNNServer - INFO - 19356 - phase=train acc=0.6796875 loss=0.8850749731063843 epoch=243 and step=0
2026-04-16 18:27:39,070 - SplitNNServer - INFO - 19356 - phase=train acc=0.7159090909090909 loss=0.725618302822113 epoch=243 and step=10
2026-04-16 18:27:40,441 - SplitNNServer - INFO - 19356 - phase=train acc=0.7220982142857143 loss=0.6957367658615112 epoch=243 and step=20
2026-04-16 18:27:41,820 - SplitNNServer - INFO - 19356 - phase=train acc=0.7217741935483871 loss=0.7638993263244629 epoch=243 and step=30
2026-04-16 18:27:43,091 - SplitNNServer - INFO - 19356 - phase=train acc=0.7252286585365854 loss=0.640149712562561 epoch=243 and step=40
2026-04-16 18:27:44,481 - SplitNNServer - INFO - 19356 - phase=train acc=0.7228860294117647 loss=0.7696000337600708 epoch=243 and step=50
2026-04-16 18:27:45,806 - SplitNNServer - INFO - 19356 - phase=train acc=0.7238729508196722 loss=0.6665240526199341 epoch=243 and step=60
2026-04-16 18:27:47,120 - SplitNNServer - INFO - 19356 - phase=train acc=0.7257922535211268 loss=0.7471170425415039 epoch=243 and step=70
2026-04-16 18:27:48,072 - SplitNNClient - INFO - 19304 - worker_num=4 epoch_send=63559104688 epoch_receive=32093505108 total_send=63559104688 total_receive=32093505108 send_by_category={'OTHER': 21616, 'ACTS': 63528688032, 'MODEL': 30395040} recv_by_category={'OTHER': 5488, 'MODEL': 31028270, 'GRADS': 32062471350} send_by_type={10: 5488, 2: 63528688032, 7: 30395040, 3: 5376, 4: 5376, 6: 5376} recv_by_type={6: 5488, 8: 31028270, 1: 32062471350}
2026-04-16 18:27:50,831 - SplitNNServer - INFO - 19356 - phase=validation acc=0.7657 loss=0.6783966176872012 epoch=243 and step=79
2026-04-16 18:27:50,832 - CommBreakdown - INFO - 19356 - epoch_summary rank=0 node_type=server epoch=243 train_acc=0.728265 train_loss=0.765385 val_acc=0.7657 val_loss=0.678397 raw_acts_bytes=1309671424 quantized_acts_bytes=1309671424 acts_metadata_bytes=0 raw_grads_bytes=654311424 quantized_grads_bytes=654311424 grads_metadata_bytes=0 acts_compression=1 grads_compression=1 total_compression=1 acts_quant_time=0 grads_quant_time=0 send_time=0.492499 recv_time=0.639219 epoch_time=16.219
2026-04-16 18:27:53,964 - SplitNNServer - INFO - 19356 - phase=train acc=0.6875 loss=0.8489978313446045 epoch=244 and step=0
2026-04-16 18:27:55,531 - SplitNNServer - INFO - 19356 - phase=train acc=0.7365056818181818 loss=0.6296606063842773 epoch=244 and step=10
2026-04-16 18:27:57,022 - SplitNNServer - INFO - 19356 - phase=train acc=0.7273065476190477 loss=0.6836701035499573 epoch=244 and step=20
2026-04-16 18:27:58,336 - SplitNNServer - INFO - 19356 - phase=train acc=0.7283266129032258 loss=0.8359346985816956 epoch=244 and step=30
2026-04-16 18:27:59,864 - SplitNNServer - INFO - 19356 - phase=train acc=0.7298018292682927 loss=0.6442101001739502 epoch=244 and step=40
2026-04-16 18:28:01,430 - SplitNNServer - INFO - 19356 - phase=train acc=0.7311580882352942 loss=0.7985618114471436 epoch=244 and step=50
2026-04-16 18:28:02,969 - SplitNNServer - INFO - 19356 - phase=train acc=0.7296362704918032 loss=0.7013347148895264 epoch=244 and step=60
2026-04-16 18:28:04,487 - SplitNNServer - INFO - 19356 - phase=train acc=0.7309639084507042 loss=0.7427667379379272 epoch=244 and step=70
2026-04-16 18:28:05,679 - SplitNNClient - INFO - 21260 - worker_num=5 epoch_send=63559104688 epoch_receive=32093505108 total_send=63559104688 total_receive=32093505108 send_by_category={'OTHER': 21616, 'ACTS': 63528688032, 'MODEL': 30395040} recv_by_category={'OTHER': 5488, 'MODEL': 31028270, 'GRADS': 32062471350} send_by_type={10: 5488, 2: 63528688032, 7: 30395040, 3: 5376, 4: 5376, 6: 5376} recv_by_type={6: 5488, 8: 31028270, 1: 32062471350}
2026-04-16 18:28:08,631 - SplitNNServer - INFO - 19356 - phase=validation acc=0.7615 loss=0.6799401935142807 epoch=244 and step=79
2026-04-16 18:28:08,632 - CommBreakdown - INFO - 19356 - epoch_summary rank=0 node_type=server epoch=244 train_acc=0.729968 train_loss=0.758495 val_acc=0.7615 val_loss=0.67994 raw_acts_bytes=1309671424 quantized_acts_bytes=1309671424 acts_metadata_bytes=0 raw_grads_bytes=654311424 quantized_grads_bytes=654311424 grads_metadata_bytes=0 acts_compression=1 grads_compression=1 total_compression=1 acts_quant_time=0 grads_quant_time=0 send_time=0.521295 recv_time=0.663418 epoch_time=17.7997
2026-04-16 18:28:12,497 - CommBreakdown - INFO - 20956 - tensor_distribution rank=1 node_type=client phase=train epoch=49 sample=late tensor=activations[0] shape=(128, 64, 16, 16) mean=0.899585 std=1.14553 min=0 max=19.9591 mean_abs=0.899585 max_abs=19.9591 p95_abs=3.19035 p99_abs=4.87667 skewness=1.86933 kurtosis=8.02572 mean_channel_std=1.13469 std_channel_std=0.146059 max_channel_scale_over_min_channel_scale=3.52412 spread=high spread_score=1.2734 outliers=medium outlier_score=1.99514 near_zero=medium near_zero_fraction=0.369776
2026-04-16 18:28:12,551 - SplitNNServer - INFO - 19356 - phase=train acc=0.75 loss=0.7004216909408569 epoch=245 and step=0
2026-04-16 18:28:21,704 - SplitNNServer - INFO - 19356 - phase=train acc=0.7258522727272727 loss=0.8377593755722046 epoch=245 and step=10
2026-04-16 18:28:30,962 - SplitNNServer - INFO - 19356 - phase=train acc=0.7284226190476191 loss=0.6534214019775391 epoch=245 and step=20
2026-04-16 18:28:40,076 - SplitNNServer - INFO - 19356 - phase=train acc=0.725554435483871 loss=1.0286232233047485 epoch=245 and step=30
2026-04-16 18:28:49,119 - SplitNNServer - INFO - 19356 - phase=train acc=0.7296112804878049 loss=0.8141131401062012 epoch=245 and step=40
2026-04-16 18:28:58,270 - SplitNNServer - INFO - 19356 - phase=train acc=0.7322303921568627 loss=0.7389817237854004 epoch=245 and step=50
2026-04-16 18:29:07,463 - SplitNNServer - INFO - 19356 - phase=train acc=0.7327100409836066 loss=0.7952495813369751 epoch=245 and step=60
2026-04-16 18:29:16,608 - SplitNNServer - INFO - 19356 - phase=train acc=0.7329445422535211 loss=0.7816494703292847 epoch=245 and step=70
2026-04-16 18:29:22,988 - SplitNNClient - INFO - 20956 - worker_num=1 epoch_send=64869618929 epoch_receive=32747841258 total_send=64869618929 total_receive=32747841258 send_by_category={'ACTS': 64838568707, 'MODEL': 31028270, 'OTHER': 21952} recv_by_category={'GRADS': 32716807500, 'OTHER': 5488, 'MODEL': 31028270} send_by_type={2: 64838568707, 7: 31028270, 3: 5488, 4: 5488, 6: 5488, 10: 5488} recv_by_type={1: 32716807500, 6: 5488, 8: 31028270}
2026-04-16 18:29:25,879 - SplitNNServer - INFO - 19356 - phase=validation acc=0.7623 loss=0.6811207717732538 epoch=245 and step=79
2026-04-16 18:29:25,879 - CommBreakdown - INFO - 19356 - epoch_summary rank=0 node_type=server epoch=245 train_acc=0.732572 train_loss=0.745832 val_acc=0.7623 val_loss=0.681121 raw_acts_bytes=1309671424 quantized_acts_bytes=1309671424 acts_metadata_bytes=0 raw_grads_bytes=654311424 quantized_grads_bytes=654311424 grads_metadata_bytes=0 acts_compression=1 grads_compression=1 total_compression=1 acts_quant_time=0 grads_quant_time=0 send_time=0.774257 recv_time=0.665031 epoch_time=77.2477
2026-04-16 18:29:29,716 - CommBreakdown - INFO - 21808 - tensor_distribution rank=2 node_type=client phase=train epoch=49 sample=late tensor=activations[0] shape=(128, 64, 16, 16) mean=0.899165 std=1.14813 min=0 max=16.9576 mean_abs=0.899165 max_abs=16.9576 p95_abs=3.19082 p99_abs=4.87736 skewness=1.90028 kurtosis=8.36605 mean_channel_std=1.13716 std_channel_std=0.147661 max_channel_scale_over_min_channel_scale=3.22082 spread=high spread_score=1.27689 outliers=medium outlier_score=1.99723 near_zero=medium near_zero_fraction=0.370557
2026-04-16 18:29:29,758 - SplitNNServer - INFO - 19356 - phase=train acc=0.7265625 loss=0.7518739700317383 epoch=246 and step=0
2026-04-16 18:29:38,734 - SplitNNServer - INFO - 19356 - phase=train acc=0.7301136363636364 loss=0.594376266002655 epoch=246 and step=10
2026-04-16 18:29:47,746 - SplitNNServer - INFO - 19356 - phase=train acc=0.7332589285714286 loss=0.7859445810317993 epoch=246 and step=20
2026-04-16 18:29:56,789 - SplitNNServer - INFO - 19356 - phase=train acc=0.7313508064516129 loss=0.7012004852294922 epoch=246 and step=30
2026-04-16 18:30:06,227 - SplitNNServer - INFO - 19356 - phase=train acc=0.7336128048780488 loss=0.9006887674331665 epoch=246 and step=40
2026-04-16 18:30:15,545 - SplitNNServer - INFO - 19356 - phase=train acc=0.7340686274509803 loss=0.7906957268714905 epoch=246 and step=50
2026-04-16 18:30:24,784 - SplitNNServer - INFO - 19356 - phase=train acc=0.7368084016393442 loss=0.7068987488746643 epoch=246 and step=60
2026-04-16 18:30:33,846 - SplitNNServer - INFO - 19356 - phase=train acc=0.7363556338028169 loss=0.8205094337463379 epoch=246 and step=70
2026-04-16 18:30:40,282 - SplitNNClient - INFO - 21808 - worker_num=2 epoch_send=64869619041 epoch_receive=32748474600 total_send=64869619041 total_receive=32748474600 send_by_category={'OTHER': 22064, 'ACTS': 64838568707, 'MODEL': 31028270} recv_by_category={'OTHER': 5600, 'MODEL': 31661500, 'GRADS': 32716807500} send_by_type={10: 5600, 2: 64838568707, 7: 31028270, 3: 5488, 4: 5488, 6: 5488} recv_by_type={6: 5600, 8: 31661500, 1: 32716807500}
2026-04-16 18:30:43,103 - SplitNNServer - INFO - 19356 - phase=validation acc=0.7619 loss=0.6943102162095565 epoch=246 and step=79
2026-04-16 18:30:43,103 - CommBreakdown - INFO - 19356 - epoch_summary rank=0 node_type=server epoch=246 train_acc=0.735377 train_loss=0.741708 val_acc=0.7619 val_loss=0.69431 raw_acts_bytes=1309671424 quantized_acts_bytes=1309671424 acts_metadata_bytes=0 raw_grads_bytes=654311424 quantized_grads_bytes=654311424 grads_metadata_bytes=0 acts_compression=1 grads_compression=1 total_compression=1 acts_quant_time=0 grads_quant_time=0 send_time=0.721782 recv_time=0.820982 epoch_time=77.2233
2026-04-16 18:30:46,913 - CommBreakdown - INFO - 22124 - tensor_distribution rank=3 node_type=client phase=train epoch=49 sample=late tensor=activations[0] shape=(128, 64, 16, 16) mean=0.904544 std=1.14769 min=0 max=21.158 mean_abs=0.904544 max_abs=21.158 p95_abs=3.20764 p99_abs=4.87096 skewness=1.82562 kurtosis=7.76771 mean_channel_std=1.1368 std_channel_std=0.146325 max_channel_scale_over_min_channel_scale=4.09295 spread=high spread_score=1.2688 outliers=medium outlier_score=1.97959 near_zero=medium near_zero_fraction=0.37105
2026-04-16 18:30:46,975 - SplitNNServer - INFO - 19356 - phase=train acc=0.7265625 loss=0.794666051864624 epoch=247 and step=0
2026-04-16 18:30:55,939 - SplitNNServer - INFO - 19356 - phase=train acc=0.7215909090909091 loss=0.6649760603904724 epoch=247 and step=10
2026-04-16 18:31:04,786 - SplitNNServer - INFO - 19356 - phase=train acc=0.7254464285714286 loss=0.8589942455291748 epoch=247 and step=20
2026-04-16 18:31:13,613 - SplitNNServer - INFO - 19356 - phase=train acc=0.7195060483870968 loss=0.8485180139541626 epoch=247 and step=30
2026-04-16 18:31:22,563 - SplitNNServer - INFO - 19356 - phase=train acc=0.7231326219512195 loss=0.744906485080719 epoch=247 and step=40
2026-04-16 18:31:31,409 - SplitNNServer - INFO - 19356 - phase=train acc=0.7261029411764706 loss=0.9002206325531006 epoch=247 and step=50
2026-04-16 18:31:40,261 - SplitNNServer - INFO - 19356 - phase=train acc=0.7270747950819673 loss=0.8405805826187134 epoch=247 and step=60
2026-04-16 18:31:49,084 - SplitNNServer - INFO - 19356 - phase=train acc=0.7264524647887324 loss=0.6269087791442871 epoch=247 and step=70
2026-04-16 18:31:55,386 - SplitNNClient - INFO - 22124 - worker_num=3 epoch_send=64869619041 epoch_receive=32748474600 total_send=64869619041 total_receive=32748474600 send_by_category={'OTHER': 22064, 'ACTS': 64838568707, 'MODEL': 31028270} recv_by_category={'OTHER': 5600, 'MODEL': 31661500, 'GRADS': 32716807500} send_by_type={10: 5600, 2: 64838568707, 7: 31028270, 3: 5488, 4: 5488, 6: 5488} recv_by_type={6: 5600, 8: 31661500, 1: 32716807500}
2026-04-16 18:31:58,232 - SplitNNServer - INFO - 19356 - phase=validation acc=0.7614 loss=0.6945961823191824 epoch=247 and step=79
2026-04-16 18:31:58,233 - CommBreakdown - INFO - 19356 - epoch_summary rank=0 node_type=server epoch=247 train_acc=0.726763 train_loss=0.771723 val_acc=0.7614 val_loss=0.694596 raw_acts_bytes=1309671424 quantized_acts_bytes=1309671424 acts_metadata_bytes=0 raw_grads_bytes=654311424 quantized_grads_bytes=654311424 grads_metadata_bytes=0 acts_compression=1 grads_compression=1 total_compression=1 acts_quant_time=0 grads_quant_time=0 send_time=0.759436 recv_time=0.69861 epoch_time=75.1295
2026-04-16 18:32:02,055 - CommBreakdown - INFO - 19304 - tensor_distribution rank=4 node_type=client phase=train epoch=49 sample=late tensor=activations[0] shape=(128, 64, 16, 16) mean=0.904807 std=1.1494 min=0 max=24.8314 mean_abs=0.904807 max_abs=24.8314 p95_abs=3.21373 p99_abs=4.87745 skewness=1.82874 kurtosis=7.84733 mean_channel_std=1.13797 std_channel_std=0.149444 max_channel_scale_over_min_channel_scale=4.40271 spread=high spread_score=1.27033 outliers=medium outlier_score=1.97761 near_zero=medium near_zero_fraction=0.371375
2026-04-16 18:32:02,095 - SplitNNServer - INFO - 19356 - phase=train acc=0.703125 loss=0.8163840770721436 epoch=248 and step=0
2026-04-16 18:32:10,915 - SplitNNServer - INFO - 19356 - phase=train acc=0.7159090909090909 loss=0.9133796691894531 epoch=248 and step=10
2026-04-16 18:32:19,871 - SplitNNServer - INFO - 19356 - phase=train acc=0.7325148809523809 loss=0.6781193614006042 epoch=248 and step=20
2026-04-16 18:32:28,648 - SplitNNServer - INFO - 19356 - phase=train acc=0.7348790322580645 loss=0.5870437622070312 epoch=248 and step=30
2026-04-16 18:32:37,598 - SplitNNServer - INFO - 19356 - phase=train acc=0.7341844512195121 loss=0.594059944152832 epoch=248 and step=40
2026-04-16 18:32:46,613 - SplitNNServer - INFO - 19356 - phase=train acc=0.7323835784313726 loss=0.903508722782135 epoch=248 and step=50
2026-04-16 18:32:55,414 - SplitNNServer - INFO - 19356 - phase=train acc=0.7288678278688525 loss=0.8704942464828491 epoch=248 and step=60
2026-04-16 18:33:04,510 - SplitNNServer - INFO - 19356 - phase=train acc=0.7286531690140845 loss=0.8275215029716492 epoch=248 and step=70
2026-04-16 18:33:10,796 - SplitNNClient - INFO - 19304 - worker_num=4 epoch_send=64869619041 epoch_receive=32748474600 total_send=64869619041 total_receive=32748474600 send_by_category={'OTHER': 22064, 'ACTS': 64838568707, 'MODEL': 31028270} recv_by_category={'OTHER': 5600, 'MODEL': 31661500, 'GRADS': 32716807500} send_by_type={10: 5600, 2: 64838568707, 7: 31028270, 3: 5488, 4: 5488, 6: 5488} recv_by_type={6: 5600, 8: 31661500, 1: 32716807500}
2026-04-16 18:33:13,752 - SplitNNServer - INFO - 19356 - phase=validation acc=0.7698 loss=0.6583641918399666 epoch=248 and step=79
2026-04-16 18:33:13,752 - CommBreakdown - INFO - 19356 - epoch_summary rank=0 node_type=server epoch=248 train_acc=0.730869 train_loss=0.756777 val_acc=0.7698 val_loss=0.658364 raw_acts_bytes=1309671424 quantized_acts_bytes=1309671424 acts_metadata_bytes=0 raw_grads_bytes=654311424 quantized_grads_bytes=654311424 grads_metadata_bytes=0 acts_compression=1 grads_compression=1 total_compression=1 acts_quant_time=0 grads_quant_time=0 send_time=0.77842 recv_time=0.691468 epoch_time=75.5191
2026-04-16 18:33:17,596 - CommBreakdown - INFO - 21260 - tensor_distribution rank=5 node_type=client phase=train epoch=49 sample=late tensor=activations[0] shape=(128, 64, 16, 16) mean=0.902409 std=1.14914 min=0 max=17.3345 mean_abs=0.902409 max_abs=17.3345 p95_abs=3.20318 p99_abs=4.89991 skewness=1.85459 kurtosis=7.89577 mean_channel_std=1.13787 std_channel_std=0.149046 max_channel_scale_over_min_channel_scale=3.21974 spread=high spread_score=1.27342 outliers=medium outlier_score=1.99775 near_zero=medium near_zero_fraction=0.370931
2026-04-16 18:33:17,632 - SplitNNServer - INFO - 19356 - phase=train acc=0.734375 loss=0.754341721534729 epoch=249 and step=0
2026-04-16 18:33:26,674 - SplitNNServer - INFO - 19356 - phase=train acc=0.7492897727272727 loss=0.7108197212219238 epoch=249 and step=10
2026-04-16 18:33:35,782 - SplitNNServer - INFO - 19356 - phase=train acc=0.7273065476190477 loss=0.7891353964805603 epoch=249 and step=20
2026-04-16 18:33:44,726 - SplitNNServer - INFO - 19356 - phase=train acc=0.7295866935483871 loss=0.7962207794189453 epoch=249 and step=30
2026-04-16 18:33:53,828 - SplitNNServer - INFO - 19356 - phase=train acc=0.7250381097560976 loss=0.9076669812202454 epoch=249 and step=40
2026-04-16 18:34:02,787 - SplitNNServer - INFO - 19356 - phase=train acc=0.7274816176470589 loss=0.6868799924850464 epoch=249 and step=50
2026-04-16 18:34:11,836 - SplitNNServer - INFO - 19356 - phase=train acc=0.7288678278688525 loss=0.6532976627349854 epoch=249 and step=60
2026-04-16 18:34:20,922 - SplitNNServer - INFO - 19356 - phase=train acc=0.7274427816901409 loss=0.6920303106307983 epoch=249 and step=70
2026-04-16 18:34:27,405 - SplitNNClient - INFO - 21260 - worker_num=5 epoch_send=64869619041 epoch_receive=32748474600 total_send=64869619041 total_receive=32748474600 send_by_category={'OTHER': 22064, 'ACTS': 64838568707, 'MODEL': 31028270} recv_by_category={'OTHER': 5600, 'MODEL': 31661500, 'GRADS': 32716807500} send_by_type={10: 5600, 2: 64838568707, 7: 31028270, 3: 5488, 4: 5488, 6: 5488} recv_by_type={6: 5600, 8: 31661500, 1: 32716807500}
2026-04-16 18:34:30,242 - CommBreakdown - INFO - 21260 - rank=5 node_type=client total_send=65525717650 total_receive=32748474600 send_by_category={'ACTS': 65494033750, 'MODEL': 31661500, 'OTHER': 22400} recv_by_category={'GRADS': 32716807500, 'MODEL': 31661500, 'OTHER': 5600} send_by_type={2: 65494033750, 7: 31661500, 10: 5600, 3: 5600, 4: 5600, 6: 5488, 5: 112} recv_by_type={1: 32716807500, 8: 31661500, 6: 5600} mm_send_by_type={2: 65493813950, 7: 31660100, 10: 4200, 3: 4200, 4: 4200, 6: 4116, 5: 84} mm_recv_by_type={1: 32716807500, 8: 31661500, 6: 5600}
2026-04-16 18:34:30,247 - SplitNNServer - INFO - 19356 - phase=validation acc=0.7702 loss=0.6798655288883403 epoch=249 and step=79
2026-04-16 18:34:30,248 - CommBreakdown - INFO - 19356 - epoch_summary rank=0 node_type=server epoch=249 train_acc=0.729567 train_loss=0.762254 val_acc=0.7702 val_loss=0.679866 raw_acts_bytes=1309671424 quantized_acts_bytes=1309671424 acts_metadata_bytes=0 raw_grads_bytes=654311424 quantized_grads_bytes=654311424 grads_metadata_bytes=0 acts_compression=1 grads_compression=1 total_compression=1 acts_quant_time=0 grads_quant_time=0 send_time=0.682009 recv_time=0.654188 epoch_time=76.4952
2026-04-16 18:34:30,272 - CommBreakdown - INFO - 20956 - rank=1 node_type=client total_send=65525717538 total_receive=32747841370 send_by_category={'ACTS': 65494033750, 'MODEL': 31661500, 'OTHER': 22288} recv_by_category={'GRADS': 32716807500, 'MODEL': 31028270, 'OTHER': 5600} send_by_type={2: 65494033750, 7: 31661500, 3: 5600, 4: 5600, 6: 5600, 10: 5488} recv_by_type={1: 32716807500, 8: 31028270, 6: 5488, 5: 112} mm_send_by_type={2: 65493813950, 7: 31660100, 3: 4200, 4: 4200, 6: 4200, 10: 4116} mm_recv_by_type={1: 32716807500, 8: 31028270, 6: 5488, 5: 112}
2026-04-16 18:34:30,273 - CommBreakdown - INFO - 19304 - rank=4 node_type=client total_send=65525717650 total_receive=32748474712 send_by_category={'ACTS': 65494033750, 'MODEL': 31661500, 'OTHER': 22400} recv_by_category={'GRADS': 32716807500, 'MODEL': 31661500, 'OTHER': 5712} send_by_type={2: 65494033750, 7: 31661500, 10: 5600, 3: 5600, 4: 5600, 6: 5600} recv_by_type={1: 32716807500, 8: 31661500, 6: 5600, 5: 112} mm_send_by_type={2: 65493813950, 7: 31660100, 10: 4200, 3: 4200, 4: 4200, 6: 4200} mm_recv_by_type={1: 32716807500, 8: 31661500, 6: 5600, 5: 112}
2026-04-16 18:34:30,278 - CommBreakdown - INFO - 22124 - rank=3 node_type=client total_send=65525717650 total_receive=32748474712 send_by_category={'ACTS': 65494033750, 'MODEL': 31661500, 'OTHER': 22400} recv_by_category={'GRADS': 32716807500, 'MODEL': 31661500, 'OTHER': 5712} send_by_type={2: 65494033750, 7: 31661500, 10: 5600, 3: 5600, 4: 5600, 6: 5600} recv_by_type={1: 32716807500, 8: 31661500, 6: 5600, 5: 112} mm_send_by_type={2: 65493813950, 7: 31660100, 10: 4200, 3: 4200, 4: 4200, 6: 4200} mm_recv_by_type={1: 32716807500, 8: 31661500, 6: 5600, 5: 112}
2026-04-16 18:34:30,278 - CommBreakdown - INFO - 21808 - rank=2 node_type=client total_send=65525717650 total_receive=32748474712 send_by_category={'ACTS': 65494033750, 'MODEL': 31661500, 'OTHER': 22400} recv_by_category={'GRADS': 32716807500, 'MODEL': 31661500, 'OTHER': 5712} send_by_type={2: 65494033750, 7: 31661500, 10: 5600, 3: 5600, 4: 5600, 6: 5600} recv_by_type={1: 32716807500, 8: 31661500, 6: 5600, 5: 112} mm_send_by_type={2: 65493813950, 7: 31660100, 10: 4200, 3: 4200, 4: 4200, 6: 4200} mm_recv_by_type={1: 32716807500, 8: 31661500, 6: 5600, 5: 112}
2026-04-16 18:34:30,279 - CommBreakdown - INFO - 19356 - rank=0 node_type=server total_send=163741712330 total_receive=327628560250 send_by_category={'GRADS': 163584037500, 'MODEL': 157674270, 'OTHER': 560} recv_by_category={'ACTS': 327470168750, 'MODEL': 158307500, 'OTHER': 84000} send_by_type={1: 163584037500, 8: 157674270, 5: 560} recv_by_type={2: 327470168750, 7: 158307500, 3: 28000, 4: 28000, 10: 27888, 5: 112} mm_send_by_type={1: 163583491500, 8: 157667298, 5: 420} mm_recv_by_type={2: 327470168750, 7: 158307500, 3: 28000, 4: 28000, 10: 27888}
2026-04-16 18:34:30,281 - init_client - INFO - 21260 - Client 5 run end
2026-04-16 18:34:30,284 - init_client - INFO - 19304 - Client 4 run end
2026-04-16 18:34:30,288 - init_client - INFO - 21808 - Client 2 run end
2026-04-16 18:34:30,302 - init_client - INFO - 20956 - Client 1 run end
2026-04-16 18:34:30,304 - init_server - INFO - 19356 - Server run end
2026-04-16 18:34:30,308 - init_client - INFO - 22124 - Client 3 run end
