2026-04-21 07:34:59,946 - datasetFactory - INFO - 20932 - cifar10
2026-04-21 07:34:59,946 - datasetFactory - INFO - 20344 - cifar10
2026-04-21 07:34:59,946 - datasetFactory - INFO - 10428 - cifar10
2026-04-21 07:34:59,946 - datasetFactory - INFO - 24308 - cifar10
2026-04-21 07:34:59,946 - datasetFactory - INFO - 16596 - cifar10
2026-04-21 07:35:00,036 - TorchvisionDatasetController - INFO - 16356 - <bound method DataPartitioner.hetero of <datasets.Partition_Data.DataPartitioner object at 0x000002510842EBA0>>
2026-04-21 07:35:00,037 - DataPartitioner - INFO - 16356 - hetero
2026-04-21 07:35:00,037 - TorchvisionDatasetController - INFO - 16356 - F:\phd\Split-Experiments\Split-Framework\datasets\downloads
2026-04-21 07:35:00,066 - TorchvisionDatasetController - INFO - 20344 - <bound method DataPartitioner.hetero of <datasets.Partition_Data.DataPartitioner object at 0x000001BDA22931D0>>
2026-04-21 07:35:00,066 - DataPartitioner - INFO - 20344 - hetero
2026-04-21 07:35:00,066 - TorchvisionDatasetController - INFO - 20344 - F:\phd\Split-Experiments\Split-Framework\datasets\downloads
2026-04-21 07:35:00,069 - TorchvisionDatasetController - INFO - 10428 - <bound method DataPartitioner.hetero of <datasets.Partition_Data.DataPartitioner object at 0x000001BDF15F3380>>
2026-04-21 07:35:00,069 - DataPartitioner - INFO - 10428 - hetero
2026-04-21 07:35:00,069 - TorchvisionDatasetController - INFO - 10428 - F:\phd\Split-Experiments\Split-Framework\datasets\downloads
2026-04-21 07:35:00,073 - main - INFO - 16596 - Process 6 initialized with device: cpu
2026-04-21 07:35:00,073 - TorchvisionDatasetController - INFO - 22056 - <bound method DataPartitioner.hetero of <datasets.Partition_Data.DataPartitioner object at 0x000001F1CF8C0680>>
2026-04-21 07:35:00,073 - DataPartitioner - INFO - 22056 - hetero
2026-04-21 07:35:00,073 - TorchvisionDatasetController - INFO - 22056 - F:\phd\Split-Experiments\Split-Framework\datasets\downloads
2026-04-21 07:35:00,073 - SplitNN_distributed - INFO - 16596 - process_id == fed_server_rank : 6
2026-04-21 07:35:00,075 - TorchvisionDatasetController - INFO - 24308 - <bound method DataPartitioner.hetero of <datasets.Partition_Data.DataPartitioner object at 0x0000023A8AE631A0>>
2026-04-21 07:35:00,075 - DataPartitioner - INFO - 24308 - hetero
2026-04-21 07:35:00,075 - TorchvisionDatasetController - INFO - 24308 - F:\phd\Split-Experiments\Split-Framework\datasets\downloads
2026-04-21 07:35:00,193 - init_fed_server - INFO - 16596 - FedServer run begin SplitFed
2026-04-21 07:35:00,256 - TorchvisionDatasetController - INFO - 20932 - <bound method DataPartitioner.hetero of <datasets.Partition_Data.DataPartitioner object at 0x00000225C8072F30>>
2026-04-21 07:35:00,256 - DataPartitioner - INFO - 20932 - hetero
2026-04-21 07:35:00,256 - TorchvisionDatasetController - INFO - 20932 - F:\phd\Split-Experiments\Split-Framework\datasets\downloads
2026-04-21 07:35:02,144 - DataPartitioner - INFO - 22056 - traindata_cls_counts: {0: {0: 2538, 1: 2206, 2: 409, 3: 3154, 4: 40, 5: 178, 6: 387, 7: 128, 8: 2363, 9: 4251}, 1: {0: 43, 1: 215, 2: 202, 3: 1423, 4: 1777, 5: 2276, 6: 1, 7: 498, 8: 446, 9: 131}, 2: {0: 23, 1: 1517, 2: 1244, 3: 192, 4: 2349, 5: 208, 6: 259, 7: 2175, 8: 682, 9: 17}, 3: {0: 1053, 1: 1004, 2: 2473, 4: 108, 5: 512, 6: 897, 7: 1057, 8: 1368, 9: 387}, 4: {0: 1343, 1: 58, 2: 672, 3: 231, 4: 726, 5: 1826, 6: 3456, 7: 1142, 8: 141, 9: 214}}
2026-04-21 07:35:02,144 - DataPartitioner - INFO - 20932 - traindata_cls_counts: {0: {0: 2538, 1: 2206, 2: 409, 3: 3154, 4: 40, 5: 178, 6: 387, 7: 128, 8: 2363, 9: 4251}, 1: {0: 43, 1: 215, 2: 202, 3: 1423, 4: 1777, 5: 2276, 6: 1, 7: 498, 8: 446, 9: 131}, 2: {0: 23, 1: 1517, 2: 1244, 3: 192, 4: 2349, 5: 208, 6: 259, 7: 2175, 8: 682, 9: 17}, 3: {0: 1053, 1: 1004, 2: 2473, 4: 108, 5: 512, 6: 897, 7: 1057, 8: 1368, 9: 387}, 4: {0: 1343, 1: 58, 2: 672, 3: 231, 4: 726, 5: 1826, 6: 3456, 7: 1142, 8: 141, 9: 214}}
2026-04-21 07:35:02,144 - TorchvisionDatasetController - INFO - 22056 - rank = 5, local_sample_number = 9809
2026-04-21 07:35:02,144 - DataPartitioner - INFO - 24308 - traindata_cls_counts: {0: {0: 2538, 1: 2206, 2: 409, 3: 3154, 4: 40, 5: 178, 6: 387, 7: 128, 8: 2363, 9: 4251}, 1: {0: 43, 1: 215, 2: 202, 3: 1423, 4: 1777, 5: 2276, 6: 1, 7: 498, 8: 446, 9: 131}, 2: {0: 23, 1: 1517, 2: 1244, 3: 192, 4: 2349, 5: 208, 6: 259, 7: 2175, 8: 682, 9: 17}, 3: {0: 1053, 1: 1004, 2: 2473, 4: 108, 5: 512, 6: 897, 7: 1057, 8: 1368, 9: 387}, 4: {0: 1343, 1: 58, 2: 672, 3: 231, 4: 726, 5: 1826, 6: 3456, 7: 1142, 8: 141, 9: 214}}
2026-04-21 07:35:02,145 - TorchvisionDatasetController - INFO - 10428 - rank = 2, local_sample_number = 7012
2026-04-21 07:35:02,145 - TorchvisionDatasetController - INFO - 24308 - rank = 4, local_sample_number = 8859
2026-04-21 07:35:02,146 - DataPartitioner - INFO - 20344 - traindata_cls_counts: {0: {0: 2538, 1: 2206, 2: 409, 3: 3154, 4: 40, 5: 178, 6: 387, 7: 128, 8: 2363, 9: 4251}, 1: {0: 43, 1: 215, 2: 202, 3: 1423, 4: 1777, 5: 2276, 6: 1, 7: 498, 8: 446, 9: 131}, 2: {0: 23, 1: 1517, 2: 1244, 3: 192, 4: 2349, 5: 208, 6: 259, 7: 2175, 8: 682, 9: 17}, 3: {0: 1053, 1: 1004, 2: 2473, 4: 108, 5: 512, 6: 897, 7: 1057, 8: 1368, 9: 387}, 4: {0: 1343, 1: 58, 2: 672, 3: 231, 4: 726, 5: 1826, 6: 3456, 7: 1142, 8: 141, 9: 214}}
2026-04-21 07:35:02,147 - DataPartitioner - INFO - 16356 - traindata_cls_counts: {0: {0: 2538, 1: 2206, 2: 409, 3: 3154, 4: 40, 5: 178, 6: 387, 7: 128, 8: 2363, 9: 4251}, 1: {0: 43, 1: 215, 2: 202, 3: 1423, 4: 1777, 5: 2276, 6: 1, 7: 498, 8: 446, 9: 131}, 2: {0: 23, 1: 1517, 2: 1244, 3: 192, 4: 2349, 5: 208, 6: 259, 7: 2175, 8: 682, 9: 17}, 3: {0: 1053, 1: 1004, 2: 2473, 4: 108, 5: 512, 6: 897, 7: 1057, 8: 1368, 9: 387}, 4: {0: 1343, 1: 58, 2: 672, 3: 231, 4: 726, 5: 1826, 6: 3456, 7: 1142, 8: 141, 9: 214}}
2026-04-21 07:35:02,147 - TorchvisionDatasetController - INFO - 20344 - rank = 1, local_sample_number = 15654
2026-04-21 07:35:02,147 - TorchvisionDatasetController - INFO - 16356 - rank = 3, local_sample_number = 8666
2026-04-21 07:35:03,525 - TorchvisionDatasetController - INFO - 20932 - train_dl_global number = 390
2026-04-21 07:35:03,526 - TorchvisionDatasetController - INFO - 20932 - test_dl_global number = 79
2026-04-21 07:35:03,536 - main - INFO - 20932 - Process 0 initialized with device: cuda:0
2026-04-21 07:35:03,536 - SplitNN_distributed - INFO - 20932 - process_id == server_rank : 0
2026-04-21 07:35:03,568 - init_server - INFO - 20932 - Server run begin SplitFed
2026-04-21 07:35:03,574 - TorchvisionDatasetController - INFO - 24308 - process_id = 4, batch_num_train_local = 69, batch_num_test_local = 79
2026-04-21 07:35:03,576 - TorchvisionDatasetController - INFO - 20344 - process_id = 1, batch_num_train_local = 122, batch_num_test_local = 79
2026-04-21 07:35:03,576 - TorchvisionDatasetController - INFO - 22056 - process_id = 5, batch_num_train_local = 76, batch_num_test_local = 79
2026-04-21 07:35:03,577 - TorchvisionDatasetController - INFO - 10428 - process_id = 2, batch_num_train_local = 54, batch_num_test_local = 79
2026-04-21 07:35:03,577 - TorchvisionDatasetController - INFO - 16356 - process_id = 3, batch_num_train_local = 67, batch_num_test_local = 79
2026-04-21 07:35:03,584 - main - INFO - 24308 - Process 4 initialized with device: cpu
2026-04-21 07:35:03,584 - SplitNN_distributed - INFO - 24308 - process_id == client_rank : 4
2026-04-21 07:35:03,586 - main - INFO - 20344 - Process 1 initialized with device: cpu
2026-04-21 07:35:03,586 - SplitNN_distributed - INFO - 20344 - process_id == client_rank : 1
2026-04-21 07:35:03,587 - main - INFO - 22056 - Process 5 initialized with device: cpu
2026-04-21 07:35:03,587 - SplitNN_distributed - INFO - 22056 - process_id == client_rank : 5
2026-04-21 07:35:03,587 - main - INFO - 10428 - Process 2 initialized with device: cpu
2026-04-21 07:35:03,587 - main - INFO - 16356 - Process 3 initialized with device: cpu
2026-04-21 07:35:03,588 - SplitNN_distributed - INFO - 10428 - process_id == client_rank : 2
2026-04-21 07:35:03,588 - SplitNN_distributed - INFO - 16356 - process_id == client_rank : 3
2026-04-21 07:35:03,608 - init_client - INFO - 24308 - Client 4 run begin
2026-04-21 07:35:03,608 - init_client - INFO - 20344 - Client 1 run begin
2026-04-21 07:35:03,609 - init_client - INFO - 22056 - Client 5 run begin
2026-04-21 07:35:03,610 - init_client - INFO - 16356 - Client 3 run begin
2026-04-21 07:35:03,611 - init_client - INFO - 10428 - Client 2 run begin
2026-04-21 07:35:04,622 - CommBreakdown - INFO - 24308 - tensor_distribution rank=4 node_type=client phase=train epoch=0 sample=early tensor=activations[0] shape=(128, 64, 16, 16) mean=0.866696 std=1.08357 min=0 max=17.2712 mean_abs=0.866696 max_abs=17.2712 p95_abs=3.03877 p99_abs=4.67391 skewness=1.86903 kurtosis=7.9764 mean_channel_std=1.07412 std_channel_std=0.137209 max_channel_scale_over_min_channel_scale=2.63028 spread=high spread_score=1.25023 outliers=medium outlier_score=2.01569 near_zero=medium near_zero_fraction=0.350193
2026-04-21 07:35:04,645 - CommBreakdown - INFO - 10428 - tensor_distribution rank=2 node_type=client phase=train epoch=0 sample=early tensor=activations[0] shape=(128, 64, 16, 16) mean=0.868937 std=1.08163 min=0 max=13.6888 mean_abs=0.868937 max_abs=13.6888 p95_abs=3.0397 p99_abs=4.65488 skewness=1.83357 kurtosis=7.63086 mean_channel_std=1.07154 std_channel_std=0.141049 max_channel_scale_over_min_channel_scale=2.0951 spread=medium spread_score=1.24477 outliers=medium outlier_score=2.00385 near_zero=medium near_zero_fraction=0.350108
2026-04-21 07:35:04,682 - CommBreakdown - INFO - 16356 - tensor_distribution rank=3 node_type=client phase=train epoch=0 sample=early tensor=activations[0] shape=(128, 64, 16, 16) mean=0.865224 std=1.08471 min=0 max=19.4935 mean_abs=0.865224 max_abs=19.4935 p95_abs=3.03316 p99_abs=4.6788 skewness=1.90898 kurtosis=8.38244 mean_channel_std=1.07417 std_channel_std=0.145041 max_channel_scale_over_min_channel_scale=2.96481 spread=high spread_score=1.25367 outliers=medium outlier_score=2.02435 near_zero=medium near_zero_fraction=0.349882
2026-04-21 07:35:04,694 - CommBreakdown - INFO - 22056 - tensor_distribution rank=5 node_type=client phase=train epoch=0 sample=early tensor=activations[0] shape=(128, 64, 16, 16) mean=0.867061 std=1.08411 min=0 max=15.3728 mean_abs=0.867061 max_abs=15.3728 p95_abs=3.03548 p99_abs=4.67053 skewness=1.87015 kurtosis=7.96985 mean_channel_std=1.07406 std_channel_std=0.141444 max_channel_scale_over_min_channel_scale=2.36478 spread=high spread_score=1.25033 outliers=medium outlier_score=2.01358 near_zero=medium near_zero_fraction=0.350359
2026-04-21 07:35:04,703 - CommBreakdown - INFO - 20344 - tensor_distribution rank=1 node_type=client phase=train epoch=0 sample=early tensor=activations[0] shape=(128, 64, 16, 16) mean=0.86877 std=1.08215 min=0 max=14.4465 mean_abs=0.86877 max_abs=14.4465 p95_abs=3.03547 p99_abs=4.65714 skewness=1.85151 kurtosis=7.84187 mean_channel_std=1.07301 std_channel_std=0.134987 max_channel_scale_over_min_channel_scale=2.47253 spread=medium spread_score=1.24561 outliers=medium outlier_score=2.0085 near_zero=medium near_zero_fraction=0.349651
2026-04-21 07:35:06,264 - CommBreakdown - INFO - 20932 - tensor_distribution rank=0 node_type=server phase=train epoch=0 sample=early tensor=activation_grads shape=(128, 64, 16, 16) mean=3.92557e-09 std=5.49877e-05 min=-0.000518971 max=0.000487366 mean_abs=3.99427e-05 max_abs=0.000518971 p95_abs=0.000114711 p99_abs=0.000174659 skewness=0.00039022 kurtosis=4.99496e-05 mean_channel_std=5.49651e-05 std_channel_std=1.57438e-06 max_channel_scale_over_min_channel_scale=1.61832 spread=high spread_score=1.37666 outliers=medium outlier_score=1.95713 near_zero=low near_zero_fraction=0.0806241
2026-04-21 07:36:01,779 - SplitNNClient - INFO - 24308 - phase=train acc=0.22421875 loss=31.61171245574951 epoch=0 and step=10
2026-04-21 07:36:03,017 - SplitNNClient - INFO - 10428 - phase=train acc=0.23671875 loss=30.64662778377533 epoch=0 and step=10
2026-04-21 07:36:04,265 - SplitNNClient - INFO - 16356 - phase=train acc=0.2046875 loss=25.320242643356323 epoch=0 and step=10
2026-04-21 07:36:05,481 - SplitNNClient - INFO - 20344 - phase=train acc=0.2171875 loss=27.748881816864014 epoch=0 and step=10
2026-04-21 07:36:06,667 - SplitNNClient - INFO - 22056 - phase=train acc=0.2703125 loss=26.523231029510498 epoch=0 and step=10
2026-04-21 07:37:03,458 - SplitNNClient - INFO - 24308 - phase=train acc=0.255859375 loss=53.052186608314514 epoch=0 and step=20
2026-04-21 07:37:04,638 - SplitNNClient - INFO - 10428 - phase=train acc=0.286328125 loss=48.97539746761322 epoch=0 and step=20
2026-04-21 07:37:05,820 - SplitNNClient - INFO - 16356 - phase=train acc=0.228515625 loss=45.52430057525635 epoch=0 and step=20
2026-04-21 07:37:07,128 - SplitNNClient - INFO - 20344 - phase=train acc=0.246875 loss=48.0490266084671 epoch=0 and step=20
2026-04-21 07:37:08,309 - SplitNNClient - INFO - 22056 - phase=train acc=0.3203125 loss=48.02727198600769 epoch=0 and step=20
2026-04-21 07:38:05,105 - SplitNNClient - INFO - 24308 - phase=train acc=0.24166666666666667 loss=74.17265820503235 epoch=0 and step=30
2026-04-21 07:38:06,374 - SplitNNClient - INFO - 10428 - phase=train acc=0.2908854166666667 loss=66.91020584106445 epoch=0 and step=30
2026-04-21 07:38:07,621 - SplitNNClient - INFO - 16356 - phase=train acc=0.2421875 loss=65.0694191455841 epoch=0 and step=30
2026-04-21 07:38:08,834 - SplitNNClient - INFO - 20344 - phase=train acc=0.2515625 loss=67.1603776216507 epoch=0 and step=30
2026-04-21 07:38:10,078 - SplitNNClient - INFO - 22056 - phase=train acc=0.33359375 loss=67.6817135810852 epoch=0 and step=30
2026-04-21 07:39:07,259 - SplitNNClient - INFO - 24308 - phase=train acc=0.2552734375 loss=94.1509301662445 epoch=0 and step=40
2026-04-21 07:39:08,471 - SplitNNClient - INFO - 10428 - phase=train acc=0.295703125 loss=84.14477324485779 epoch=0 and step=40
2026-04-21 07:39:09,742 - SplitNNClient - INFO - 16356 - phase=train acc=0.25 loss=83.42850768566132 epoch=0 and step=40
2026-04-21 07:39:10,951 - SplitNNClient - INFO - 20344 - phase=train acc=0.259375 loss=86.61862552165985 epoch=0 and step=40
2026-04-21 07:39:12,197 - SplitNNClient - INFO - 22056 - phase=train acc=0.3427734375 loss=86.18452537059784 epoch=0 and step=40
2026-04-21 07:40:09,147 - SplitNNClient - INFO - 24308 - phase=train acc=0.26546875 loss=113.44988059997559 epoch=0 and step=50
2026-04-21 07:40:10,427 - SplitNNClient - INFO - 10428 - phase=train acc=0.30765625 loss=102.17093110084534 epoch=0 and step=50
2026-04-21 07:40:11,575 - SplitNNClient - INFO - 16356 - phase=train acc=0.2615625 loss=101.84971344470978 epoch=0 and step=50
2026-04-21 07:40:12,822 - SplitNNClient - INFO - 20344 - phase=train acc=0.27390625 loss=105.0512193441391 epoch=0 and step=50
2026-04-21 07:40:14,036 - SplitNNClient - INFO - 22056 - phase=train acc=0.35015625 loss=104.36806452274323 epoch=0 and step=50
2026-04-21 07:41:04,314 - SplitNNClient - INFO - 24308 - phase=train acc=0.27486979166666664 loss=132.2270792722702 epoch=0 and step=60
2026-04-21 07:41:05,502 - SplitNNClient - INFO - 16356 - phase=train acc=0.2733072916666667 loss=119.40638864040375 epoch=0 and step=60
2026-04-21 07:41:06,687 - SplitNNClient - INFO - 20344 - phase=train acc=0.28072916666666664 loss=123.01842045783997 epoch=0 and step=60
2026-04-21 07:41:07,900 - SplitNNClient - INFO - 22056 - phase=train acc=0.36354166666666665 loss=121.30265867710114 epoch=0 and step=60
2026-04-21 07:41:51,031 - SplitNNClient - INFO - 20344 - phase=train acc=0.2927455357142857 loss=139.80317974090576 epoch=0 and step=70
2026-04-21 07:41:52,248 - SplitNNClient - INFO - 22056 - phase=train acc=0.3717633928571429 loss=138.48642373085022 epoch=0 and step=70
2026-04-21 07:42:14,322 - SplitNNClient - INFO - 20344 - phase=train acc=0.29912109375 loss=156.94314754009247 epoch=0 and step=80
2026-04-21 07:42:35,288 - SplitNNClient - INFO - 20344 - phase=train acc=0.30703125 loss=173.99017357826233 epoch=0 and step=90
2026-04-21 07:42:56,343 - SplitNNClient - INFO - 20344 - phase=train acc=0.313046875 loss=190.0418804883957 epoch=0 and step=100
2026-04-21 07:43:17,483 - SplitNNClient - INFO - 20344 - phase=train acc=0.32194602272727274 loss=205.7955768108368 epoch=0 and step=110
2026-04-21 07:43:38,478 - SplitNNClient - INFO - 20344 - phase=train acc=0.330859375 loss=221.55243408679962 epoch=0 and step=120
2026-04-21 07:43:42,829 - FedServerManager - INFO - 16596 - get all model params ---- from rank fed_server
2026-04-21 07:44:01,470 - SplitNNClient - INFO - 20344 - phase=validation acc=0.1274 loss=182.3389186859131 epoch=0 and step=79
2026-04-21 07:44:01,478 - SplitNNClient - INFO - 22056 - phase=validation acc=0.1274 loss=182.3389186859131 epoch=0 and step=79
2026-04-21 07:44:01,971 - SplitNNClient - INFO - 10428 - phase=validation acc=0.1274 loss=182.3389186859131 epoch=0 and step=79
2026-04-21 07:44:02,004 - SplitNNClient - INFO - 16356 - phase=validation acc=0.1274 loss=182.3389186859131 epoch=0 and step=79
2026-04-21 07:44:02,081 - SplitNNClient - INFO - 24308 - phase=validation acc=0.1274 loss=182.3389186859131 epoch=0 and step=79
2026-04-21 07:44:07,974 - SplitNNClient - INFO - 22056 - phase=train acc=0.35859375 loss=19.708919644355774 epoch=1 and step=10
2026-04-21 07:44:08,076 - SplitNNClient - INFO - 16356 - phase=train acc=0.275 loss=19.004947662353516 epoch=1 and step=10
2026-04-21 07:44:08,179 - SplitNNClient - INFO - 24308 - phase=train acc=0.30703125 loss=19.75079119205475 epoch=1 and step=10
2026-04-21 07:44:08,299 - SplitNNClient - INFO - 20344 - phase=train acc=0.35078125 loss=18.22410023212433 epoch=1 and step=10
2026-04-21 07:44:08,433 - SplitNNClient - INFO - 10428 - phase=train acc=0.31875 loss=18.98774290084839 epoch=1 and step=10
2026-04-21 07:44:14,026 - SplitNNClient - INFO - 22056 - phase=train acc=0.392578125 loss=37.21239447593689 epoch=1 and step=20
2026-04-21 07:44:14,120 - SplitNNClient - INFO - 16356 - phase=train acc=0.32265625 loss=35.778743743896484 epoch=1 and step=20
2026-04-21 07:44:14,260 - SplitNNClient - INFO - 24308 - phase=train acc=0.31796875 loss=38.379201769828796 epoch=1 and step=20
2026-04-21 07:44:14,348 - SplitNNClient - INFO - 20344 - phase=train acc=0.373828125 loss=35.01844620704651 epoch=1 and step=20
2026-04-21 07:44:14,497 - SplitNNClient - INFO - 10428 - phase=train acc=0.323046875 loss=36.46493077278137 epoch=1 and step=20
2026-04-21 07:44:19,962 - SplitNNClient - INFO - 22056 - phase=train acc=0.4088541666666667 loss=53.739819169044495 epoch=1 and step=30
2026-04-21 07:44:20,097 - SplitNNClient - INFO - 16356 - phase=train acc=0.33541666666666664 loss=52.34005320072174 epoch=1 and step=30
2026-04-21 07:44:20,194 - SplitNNClient - INFO - 24308 - phase=train acc=0.321875 loss=56.39193594455719 epoch=1 and step=30
2026-04-21 07:44:20,333 - SplitNNClient - INFO - 20344 - phase=train acc=0.38645833333333335 loss=50.98184263706207 epoch=1 and step=30
2026-04-21 07:44:20,432 - SplitNNClient - INFO - 10428 - phase=train acc=0.346875 loss=52.43355119228363 epoch=1 and step=30
2026-04-21 07:44:25,936 - SplitNNClient - INFO - 22056 - phase=train acc=0.4220703125 loss=69.76961290836334 epoch=1 and step=40
2026-04-21 07:44:26,026 - SplitNNClient - INFO - 16356 - phase=train acc=0.346484375 loss=68.68751728534698 epoch=1 and step=40
2026-04-21 07:44:26,170 - SplitNNClient - INFO - 24308 - phase=train acc=0.333984375 loss=73.49136066436768 epoch=1 and step=40
2026-04-21 07:44:26,284 - SplitNNClient - INFO - 20344 - phase=train acc=0.39375 loss=67.02025270462036 epoch=1 and step=40
2026-04-21 07:44:26,386 - SplitNNClient - INFO - 10428 - phase=train acc=0.3556640625 loss=68.49500441551208 epoch=1 and step=40
2026-04-21 07:44:31,971 - SplitNNClient - INFO - 22056 - phase=train acc=0.43015625 loss=86.07718920707703 epoch=1 and step=50
2026-04-21 07:44:32,097 - SplitNNClient - INFO - 16356 - phase=train acc=0.3484375 loss=84.98724913597107 epoch=1 and step=50
2026-04-21 07:44:32,195 - SplitNNClient - INFO - 24308 - phase=train acc=0.33796875 loss=91.01692581176758 epoch=1 and step=50
2026-04-21 07:44:32,336 - SplitNNClient - INFO - 20344 - phase=train acc=0.39765625 loss=83.23460459709167 epoch=1 and step=50
2026-04-21 07:44:32,449 - SplitNNClient - INFO - 10428 - phase=train acc=0.3584375 loss=84.91507601737976 epoch=1 and step=50
2026-04-21 07:44:37,240 - SplitNNClient - INFO - 22056 - phase=train acc=0.4337239583333333 loss=102.67123115062714 epoch=1 and step=60
2026-04-21 07:44:37,473 - SplitNNClient - INFO - 16356 - phase=train acc=0.356640625 loss=101.07676351070404 epoch=1 and step=60
2026-04-21 07:44:37,565 - SplitNNClient - INFO - 24308 - phase=train acc=0.334375 loss=109.39155805110931 epoch=1 and step=60
2026-04-21 07:44:37,819 - SplitNNClient - INFO - 20344 - phase=train acc=0.3953125 loss=100.1097708940506 epoch=1 and step=60
2026-04-21 07:44:41,764 - SplitNNClient - INFO - 22056 - phase=train acc=0.43515625 loss=119.27941620349884 epoch=1 and step=70
2026-04-21 07:44:42,178 - SplitNNClient - INFO - 20344 - phase=train acc=0.3977678571428571 loss=116.07790112495422 epoch=1 and step=70
2026-04-21 07:44:44,643 - SplitNNClient - INFO - 20344 - phase=train acc=0.4021484375 loss=131.72392892837524 epoch=1 and step=80
2026-04-21 07:44:46,760 - SplitNNClient - INFO - 20344 - phase=train acc=0.4046875 loss=147.5933175086975 epoch=1 and step=90
2026-04-21 07:44:48,933 - SplitNNClient - INFO - 20344 - phase=train acc=0.407890625 loss=163.20454370975494 epoch=1 and step=100
2026-04-21 07:44:51,109 - SplitNNClient - INFO - 20344 - phase=train acc=0.41051136363636365 loss=178.67501497268677 epoch=1 and step=110
2026-04-21 07:44:53,252 - SplitNNClient - INFO - 20344 - phase=train acc=0.411328125 loss=194.4784379005432 epoch=1 and step=120
2026-04-21 07:44:53,761 - FedServerManager - INFO - 16596 - get all model params ---- from rank fed_server
2026-04-21 07:45:11,264 - SplitNNClient - INFO - 22056 - phase=validation acc=0.1739 loss=174.34515357017517 epoch=1 and step=79
2026-04-21 07:45:11,592 - SplitNNClient - INFO - 16356 - phase=validation acc=0.1739 loss=174.34515357017517 epoch=1 and step=79
2026-04-21 07:45:11,601 - SplitNNClient - INFO - 20344 - phase=validation acc=0.1739 loss=174.34515357017517 epoch=1 and step=79
2026-04-21 07:45:11,655 - SplitNNClient - INFO - 24308 - phase=validation acc=0.1739 loss=174.34515357017517 epoch=1 and step=79
2026-04-21 07:45:11,700 - SplitNNClient - INFO - 10428 - phase=validation acc=0.1739 loss=174.34515357017517 epoch=1 and step=79
2026-04-21 07:45:17,314 - SplitNNClient - INFO - 16356 - phase=train acc=0.3453125 loss=17.73067080974579 epoch=2 and step=10
2026-04-21 07:45:17,436 - SplitNNClient - INFO - 10428 - phase=train acc=0.31875 loss=18.0314199924469 epoch=2 and step=10
2026-04-21 07:45:17,569 - SplitNNClient - INFO - 20344 - phase=train acc=0.3890625 loss=17.297879576683044 epoch=2 and step=10
2026-04-21 07:45:17,661 - SplitNNClient - INFO - 22056 - phase=train acc=0.41796875 loss=17.786497712135315 epoch=2 and step=10
2026-04-21 07:45:17,809 - SplitNNClient - INFO - 24308 - phase=train acc=0.30078125 loss=18.89334464073181 epoch=2 and step=10
2026-04-21 07:45:23,251 - SplitNNClient - INFO - 16356 - phase=train acc=0.373828125 loss=33.886303186416626 epoch=2 and step=20
2026-04-21 07:45:23,392 - SplitNNClient - INFO - 10428 - phase=train acc=0.36640625 loss=33.88831055164337 epoch=2 and step=20
2026-04-21 07:45:23,485 - SplitNNClient - INFO - 20344 - phase=train acc=0.412109375 loss=33.23498237133026 epoch=2 and step=20
2026-04-21 07:45:23,599 - SplitNNClient - INFO - 22056 - phase=train acc=0.433203125 loss=34.55284225940704 epoch=2 and step=20
2026-04-21 07:45:23,730 - SplitNNClient - INFO - 24308 - phase=train acc=0.33046875 loss=36.38023626804352 epoch=2 and step=20
2026-04-21 07:45:29,213 - SplitNNClient - INFO - 16356 - phase=train acc=0.38255208333333335 loss=50.05250072479248 epoch=2 and step=30
2026-04-21 07:45:29,345 - SplitNNClient - INFO - 10428 - phase=train acc=0.36953125 loss=49.899879574775696 epoch=2 and step=30
2026-04-21 07:45:29,467 - SplitNNClient - INFO - 20344 - phase=train acc=0.41640625 loss=48.8357036113739 epoch=2 and step=30
2026-04-21 07:45:29,566 - SplitNNClient - INFO - 22056 - phase=train acc=0.44479166666666664 loss=50.561980843544006 epoch=2 and step=30
2026-04-21 07:45:29,695 - SplitNNClient - INFO - 24308 - phase=train acc=0.33932291666666664 loss=53.82873249053955 epoch=2 and step=30
2026-04-21 07:45:35,064 - SplitNNClient - INFO - 16356 - phase=train acc=0.39140625 loss=65.81298398971558 epoch=2 and step=40
2026-04-21 07:45:35,201 - SplitNNClient - INFO - 10428 - phase=train acc=0.3740234375 loss=65.93267714977264 epoch=2 and step=40
2026-04-21 07:45:35,423 - SplitNNClient - INFO - 20344 - phase=train acc=0.415625 loss=64.77065646648407 epoch=2 and step=40
2026-04-21 07:45:35,551 - SplitNNClient - INFO - 22056 - phase=train acc=0.4482421875 loss=66.94502246379852 epoch=2 and step=40
2026-04-21 07:45:35,866 - SplitNNClient - INFO - 24308 - phase=train acc=0.350390625 loss=70.67372465133667 epoch=2 and step=40
2026-04-21 07:45:40,934 - SplitNNClient - INFO - 16356 - phase=train acc=0.4009375 loss=80.94027650356293 epoch=2 and step=50
2026-04-21 07:45:41,052 - SplitNNClient - INFO - 10428 - phase=train acc=0.38 loss=81.83707022666931 epoch=2 and step=50
2026-04-21 07:45:41,283 - SplitNNClient - INFO - 20344 - phase=train acc=0.42109375 loss=79.97175288200378 epoch=2 and step=50
2026-04-21 07:45:41,407 - SplitNNClient - INFO - 22056 - phase=train acc=0.44953125 loss=83.37443661689758 epoch=2 and step=50
2026-04-21 07:45:41,768 - SplitNNClient - INFO - 24308 - phase=train acc=0.35625 loss=87.64098620414734 epoch=2 and step=50
2026-04-21 07:45:46,281 - SplitNNClient - INFO - 16356 - phase=train acc=0.40794270833333335 loss=96.34993076324463 epoch=2 and step=60
2026-04-21 07:45:46,537 - SplitNNClient - INFO - 20344 - phase=train acc=0.425 loss=95.15298688411713 epoch=2 and step=60
2026-04-21 07:45:46,671 - SplitNNClient - INFO - 22056 - phase=train acc=0.4505208333333333 loss=99.42261278629303 epoch=2 and step=60
2026-04-21 07:45:46,902 - SplitNNClient - INFO - 24308 - phase=train acc=0.361328125 loss=104.55131578445435 epoch=2 and step=60
2026-04-21 07:45:50,937 - SplitNNClient - INFO - 20344 - phase=train acc=0.428125 loss=110.14303183555603 epoch=2 and step=70
2026-04-21 07:45:51,006 - SplitNNClient - INFO - 22056 - phase=train acc=0.45279017857142856 loss=114.94458246231079 epoch=2 and step=70
2026-04-21 07:45:53,616 - SplitNNClient - INFO - 20344 - phase=train acc=0.43095703125 loss=125.19207656383514 epoch=2 and step=80
2026-04-21 07:45:55,787 - SplitNNClient - INFO - 20344 - phase=train acc=0.43515625 loss=139.8729338645935 epoch=2 and step=90
2026-04-21 07:45:57,960 - SplitNNClient - INFO - 20344 - phase=train acc=0.4390625 loss=154.25781667232513 epoch=2 and step=100
2026-04-21 07:45:59,945 - SplitNNClient - INFO - 20344 - phase=train acc=0.44126420454545456 loss=168.81694674491882 epoch=2 and step=110
2026-04-21 07:46:02,083 - SplitNNClient - INFO - 20344 - phase=train acc=0.4420572916666667 loss=183.71127104759216 epoch=2 and step=120
2026-04-21 07:46:02,568 - FedServerManager - INFO - 16596 - get all model params ---- from rank fed_server
2026-04-21 07:46:22,032 - SplitNNClient - INFO - 22056 - phase=validation acc=0.2068 loss=167.3524432182312 epoch=2 and step=79
2026-04-21 07:46:22,135 - SplitNNClient - INFO - 16356 - phase=validation acc=0.2068 loss=167.3524432182312 epoch=2 and step=79
2026-04-21 07:46:22,185 - SplitNNClient - INFO - 24308 - phase=validation acc=0.2068 loss=167.3524432182312 epoch=2 and step=79
2026-04-21 07:46:22,242 - SplitNNClient - INFO - 10428 - phase=validation acc=0.2068 loss=167.3524432182312 epoch=2 and step=79
2026-04-21 07:46:22,243 - SplitNNClient - INFO - 20344 - phase=validation acc=0.2068 loss=167.3524432182312 epoch=2 and step=79
2026-04-21 07:46:27,901 - SplitNNClient - INFO - 22056 - phase=train acc=0.4 loss=17.463082790374756 epoch=3 and step=10
2026-04-21 07:46:28,013 - SplitNNClient - INFO - 16356 - phase=train acc=0.409375 loss=16.678937196731567 epoch=3 and step=10
2026-04-21 07:46:28,134 - SplitNNClient - INFO - 20344 - phase=train acc=0.41640625 loss=16.56894290447235 epoch=3 and step=10
2026-04-21 07:46:28,263 - SplitNNClient - INFO - 24308 - phase=train acc=0.36796875 loss=17.24407184123993 epoch=3 and step=10
2026-04-21 07:46:28,361 - SplitNNClient - INFO - 10428 - phase=train acc=0.3796875 loss=16.900209665298462 epoch=3 and step=10
2026-04-21 07:46:33,842 - SplitNNClient - INFO - 22056 - phase=train acc=0.43125 loss=33.19589376449585 epoch=3 and step=20
2026-04-21 07:46:33,940 - SplitNNClient - INFO - 16356 - phase=train acc=0.428125 loss=31.977774500846863 epoch=3 and step=20
2026-04-21 07:46:34,069 - SplitNNClient - INFO - 20344 - phase=train acc=0.434375 loss=31.46687626838684 epoch=3 and step=20
2026-04-21 07:46:34,168 - SplitNNClient - INFO - 24308 - phase=train acc=0.3828125 loss=34.43685173988342 epoch=3 and step=20
2026-04-21 07:46:34,299 - SplitNNClient - INFO - 10428 - phase=train acc=0.3984375 loss=32.49478483200073 epoch=3 and step=20
2026-04-21 07:46:39,722 - SplitNNClient - INFO - 22056 - phase=train acc=0.4395833333333333 loss=49.25084388256073 epoch=3 and step=30
2026-04-21 07:46:39,812 - SplitNNClient - INFO - 16356 - phase=train acc=0.440625 loss=46.84290564060211 epoch=3 and step=30
2026-04-21 07:46:39,954 - SplitNNClient - INFO - 20344 - phase=train acc=0.43723958333333335 loss=46.06821167469025 epoch=3 and step=30
2026-04-21 07:46:40,070 - SplitNNClient - INFO - 24308 - phase=train acc=0.3815104166666667 loss=51.22534906864166 epoch=3 and step=30
2026-04-21 07:46:40,203 - SplitNNClient - INFO - 10428 - phase=train acc=0.40338541666666666 loss=47.683775305747986 epoch=3 and step=30
2026-04-21 07:46:45,733 - SplitNNClient - INFO - 22056 - phase=train acc=0.4462890625 loss=65.1168829202652 epoch=3 and step=40
2026-04-21 07:46:45,837 - SplitNNClient - INFO - 16356 - phase=train acc=0.4419921875 loss=61.60658848285675 epoch=3 and step=40
2026-04-21 07:46:45,967 - SplitNNClient - INFO - 20344 - phase=train acc=0.4478515625 loss=60.61805438995361 epoch=3 and step=40
2026-04-21 07:46:46,087 - SplitNNClient - INFO - 24308 - phase=train acc=0.37578125 loss=68.76819920539856 epoch=3 and step=40
2026-04-21 07:46:46,214 - SplitNNClient - INFO - 10428 - phase=train acc=0.4107421875 loss=62.93596303462982 epoch=3 and step=40
2026-04-21 07:46:51,653 - SplitNNClient - INFO - 22056 - phase=train acc=0.44984375 loss=80.64544522762299 epoch=3 and step=50
2026-04-21 07:46:51,752 - SplitNNClient - INFO - 16356 - phase=train acc=0.44390625 loss=76.7095410823822 epoch=3 and step=50
2026-04-21 07:46:51,882 - SplitNNClient - INFO - 20344 - phase=train acc=0.4528125 loss=74.9093828201294 epoch=3 and step=50
2026-04-21 07:46:52,007 - SplitNNClient - INFO - 24308 - phase=train acc=0.38078125 loss=85.55822098255157 epoch=3 and step=50
2026-04-21 07:46:52,136 - SplitNNClient - INFO - 10428 - phase=train acc=0.41640625 loss=77.75982820987701 epoch=3 and step=50
2026-04-21 07:46:57,015 - SplitNNClient - INFO - 22056 - phase=train acc=0.458984375 loss=95.75324285030365 epoch=3 and step=60
2026-04-21 07:46:57,142 - SplitNNClient - INFO - 16356 - phase=train acc=0.44622395833333334 loss=91.5063191652298 epoch=3 and step=60
2026-04-21 07:46:57,261 - SplitNNClient - INFO - 20344 - phase=train acc=0.4544270833333333 loss=89.43676102161407 epoch=3 and step=60
2026-04-21 07:46:57,397 - SplitNNClient - INFO - 24308 - phase=train acc=0.3828125 loss=102.1399974822998 epoch=3 and step=60
2026-04-21 07:47:01,565 - SplitNNClient - INFO - 22056 - phase=train acc=0.46104910714285713 loss=111.55771160125732 epoch=3 and step=70
2026-04-21 07:47:01,661 - SplitNNClient - INFO - 20344 - phase=train acc=0.4575892857142857 loss=103.8441594839096 epoch=3 and step=70
2026-04-21 07:47:04,285 - SplitNNClient - INFO - 20344 - phase=train acc=0.4595703125 loss=118.28754925727844 epoch=3 and step=80
2026-04-21 07:47:06,454 - SplitNNClient - INFO - 20344 - phase=train acc=0.4615451388888889 loss=132.8913995027542 epoch=3 and step=90
2026-04-21 07:47:08,527 - SplitNNClient - INFO - 20344 - phase=train acc=0.465 loss=146.89936804771423 epoch=3 and step=100
2026-04-21 07:47:10,726 - SplitNNClient - INFO - 20344 - phase=train acc=0.46875 loss=160.76454985141754 epoch=3 and step=110
2026-04-21 07:47:12,887 - SplitNNClient - INFO - 20344 - phase=train acc=0.471484375 loss=175.00733518600464 epoch=3 and step=120
2026-04-21 07:47:13,363 - FedServerManager - INFO - 16596 - get all model params ---- from rank fed_server
2026-04-21 07:47:31,553 - SplitNNClient - INFO - 22056 - phase=validation acc=0.292 loss=154.18455135822296 epoch=3 and step=79
2026-04-21 07:47:31,633 - SplitNNClient - INFO - 10428 - phase=validation acc=0.292 loss=154.18455135822296 epoch=3 and step=79
2026-04-21 07:47:31,662 - SplitNNClient - INFO - 16356 - phase=validation acc=0.292 loss=154.18455135822296 epoch=3 and step=79
2026-04-21 07:47:31,772 - SplitNNClient - INFO - 20344 - phase=validation acc=0.292 loss=154.18455135822296 epoch=3 and step=79
2026-04-21 07:47:31,885 - SplitNNClient - INFO - 24308 - phase=validation acc=0.292 loss=154.18455135822296 epoch=3 and step=79
2026-04-21 07:47:37,505 - SplitNNClient - INFO - 24308 - phase=train acc=0.37421875 loss=17.106019139289856 epoch=4 and step=10
2026-04-21 07:47:37,641 - SplitNNClient - INFO - 10428 - phase=train acc=0.39375 loss=16.335834622383118 epoch=4 and step=10
2026-04-21 07:47:37,740 - SplitNNClient - INFO - 16356 - phase=train acc=0.39921875 loss=16.478177666664124 epoch=4 and step=10
2026-04-21 07:47:37,873 - SplitNNClient - INFO - 22056 - phase=train acc=0.39921875 loss=17.232885003089905 epoch=4 and step=10
2026-04-21 07:47:37,999 - SplitNNClient - INFO - 20344 - phase=train acc=0.440625 loss=15.90973949432373 epoch=4 and step=10
2026-04-21 07:47:43,480 - SplitNNClient - INFO - 24308 - phase=train acc=0.39921875 loss=33.34683692455292 epoch=4 and step=20
2026-04-21 07:47:43,622 - SplitNNClient - INFO - 10428 - phase=train acc=0.413671875 loss=31.766351342201233 epoch=4 and step=20
2026-04-21 07:47:43,719 - SplitNNClient - INFO - 16356 - phase=train acc=0.433984375 loss=31.454587936401367 epoch=4 and step=20
2026-04-21 07:47:43,860 - SplitNNClient - INFO - 22056 - phase=train acc=0.43203125 loss=33.475356221199036 epoch=4 and step=20
2026-04-21 07:47:43,973 - SplitNNClient - INFO - 20344 - phase=train acc=0.455859375 loss=30.38232135772705 epoch=4 and step=20
2026-04-21 07:47:49,418 - SplitNNClient - INFO - 24308 - phase=train acc=0.4002604166666667 loss=49.45357549190521 epoch=4 and step=30
2026-04-21 07:47:49,540 - SplitNNClient - INFO - 10428 - phase=train acc=0.4122395833333333 loss=47.07622170448303 epoch=4 and step=30
2026-04-21 07:47:49,641 - SplitNNClient - INFO - 16356 - phase=train acc=0.4390625 loss=46.543670892715454 epoch=4 and step=30
2026-04-21 07:47:49,776 - SplitNNClient - INFO - 22056 - phase=train acc=0.43723958333333335 loss=49.81414270401001 epoch=4 and step=30
2026-04-21 07:47:49,870 - SplitNNClient - INFO - 20344 - phase=train acc=0.465625 loss=44.70502018928528 epoch=4 and step=30
2026-04-21 07:47:55,316 - SplitNNClient - INFO - 24308 - phase=train acc=0.4099609375 loss=65.17387247085571 epoch=4 and step=40
2026-04-21 07:47:55,444 - SplitNNClient - INFO - 10428 - phase=train acc=0.413671875 loss=61.89217746257782 epoch=4 and step=40
2026-04-21 07:47:55,544 - SplitNNClient - INFO - 16356 - phase=train acc=0.4455078125 loss=60.73935306072235 epoch=4 and step=40
2026-04-21 07:47:55,676 - SplitNNClient - INFO - 22056 - phase=train acc=0.4431640625 loss=65.75678479671478 epoch=4 and step=40
2026-04-21 07:47:55,798 - SplitNNClient - INFO - 20344 - phase=train acc=0.4615234375 loss=60.4561665058136 epoch=4 and step=40
2026-04-21 07:48:01,318 - SplitNNClient - INFO - 24308 - phase=train acc=0.4159375 loss=80.69782567024231 epoch=4 and step=50
2026-04-21 07:48:01,444 - SplitNNClient - INFO - 16356 - phase=train acc=0.44890625 loss=74.97888386249542 epoch=4 and step=50
2026-04-21 07:48:01,591 - SplitNNClient - INFO - 10428 - phase=train acc=0.4134375 loss=76.7020308971405 epoch=4 and step=50
2026-04-21 07:48:01,679 - SplitNNClient - INFO - 22056 - phase=train acc=0.45140625 loss=81.06310093402863 epoch=4 and step=50
2026-04-21 07:48:01,825 - SplitNNClient - INFO - 20344 - phase=train acc=0.45296875 loss=76.26175677776337 epoch=4 and step=50
2026-04-21 07:48:06,640 - SplitNNClient - INFO - 24308 - phase=train acc=0.4134114583333333 loss=96.74582052230835 epoch=4 and step=60
2026-04-21 07:48:06,767 - SplitNNClient - INFO - 16356 - phase=train acc=0.454296875 loss=89.36472630500793 epoch=4 and step=60
2026-04-21 07:48:06,896 - SplitNNClient - INFO - 22056 - phase=train acc=0.45481770833333335 loss=96.63537931442261 epoch=4 and step=60
2026-04-21 07:48:07,020 - SplitNNClient - INFO - 20344 - phase=train acc=0.45208333333333334 loss=90.95969641208649 epoch=4 and step=60
2026-04-21 07:48:11,211 - SplitNNClient - INFO - 22056 - phase=train acc=0.46104910714285713 loss=111.99550127983093 epoch=4 and step=70
2026-04-21 07:48:11,311 - SplitNNClient - INFO - 20344 - phase=train acc=0.45390625 loss=105.50608205795288 epoch=4 and step=70
2026-04-21 07:48:13,980 - SplitNNClient - INFO - 20344 - phase=train acc=0.45771484375 loss=119.89905035495758 epoch=4 and step=80
2026-04-21 07:48:16,146 - SplitNNClient - INFO - 20344 - phase=train acc=0.46111111111111114 loss=133.77648997306824 epoch=4 and step=90
2026-04-21 07:48:18,315 - SplitNNClient - INFO - 20344 - phase=train acc=0.461484375 loss=148.77241957187653 epoch=4 and step=100
2026-04-21 07:48:20,516 - SplitNNClient - INFO - 20344 - phase=train acc=0.4614346590909091 loss=163.6890767812729 epoch=4 and step=110
2026-04-21 07:48:22,656 - SplitNNClient - INFO - 20344 - phase=train acc=0.46217447916666665 loss=178.28093492984772 epoch=4 and step=120
2026-04-21 07:48:23,149 - FedServerManager - INFO - 16596 - get all model params ---- from rank fed_server
2026-04-21 07:48:41,853 - SplitNNClient - INFO - 20344 - phase=validation acc=0.2241 loss=158.65670895576477 epoch=4 and step=79
2026-04-21 07:48:41,960 - SplitNNClient - INFO - 22056 - phase=validation acc=0.2241 loss=158.65670895576477 epoch=4 and step=79
2026-04-21 07:48:41,975 - SplitNNClient - INFO - 10428 - phase=validation acc=0.2241 loss=158.65670895576477 epoch=4 and step=79
2026-04-21 07:48:42,003 - SplitNNClient - INFO - 24308 - phase=validation acc=0.2241 loss=158.65670895576477 epoch=4 and step=79
2026-04-21 07:48:42,085 - SplitNNClient - INFO - 16356 - phase=validation acc=0.2241 loss=158.65670895576477 epoch=4 and step=79
2026-04-21 07:48:47,758 - SplitNNClient - INFO - 10428 - phase=train acc=0.3765625 loss=16.766286849975586 epoch=5 and step=10
2026-04-21 07:48:47,889 - SplitNNClient - INFO - 20344 - phase=train acc=0.425 loss=16.28288185596466 epoch=5 and step=10
2026-04-21 07:48:47,987 - SplitNNClient - INFO - 22056 - phase=train acc=0.39453125 loss=17.655060648918152 epoch=5 and step=10
2026-04-21 07:48:48,093 - SplitNNClient - INFO - 16356 - phase=train acc=0.39921875 loss=16.531411170959473 epoch=5 and step=10
2026-04-21 07:48:48,220 - SplitNNClient - INFO - 24308 - phase=train acc=0.4 loss=17.11901879310608 epoch=5 and step=10
2026-04-21 07:48:53,665 - SplitNNClient - INFO - 10428 - phase=train acc=0.3921875 loss=32.06965506076813 epoch=5 and step=20
2026-04-21 07:48:53,784 - SplitNNClient - INFO - 20344 - phase=train acc=0.446484375 loss=30.95192301273346 epoch=5 and step=20
2026-04-21 07:48:53,889 - SplitNNClient - INFO - 22056 - phase=train acc=0.43515625 loss=33.311391711235046 epoch=5 and step=20
2026-04-21 07:48:54,031 - SplitNNClient - INFO - 16356 - phase=train acc=0.415625 loss=31.73231554031372 epoch=5 and step=20
2026-04-21 07:48:54,118 - SplitNNClient - INFO - 24308 - phase=train acc=0.4015625 loss=33.04431772232056 epoch=5 and step=20
2026-04-21 07:48:59,548 - SplitNNClient - INFO - 10428 - phase=train acc=0.4127604166666667 loss=46.41289186477661 epoch=5 and step=30
2026-04-21 07:48:59,785 - SplitNNClient - INFO - 20344 - phase=train acc=0.4588541666666667 loss=45.545204401016235 epoch=5 and step=30
2026-04-21 07:48:59,908 - SplitNNClient - INFO - 22056 - phase=train acc=0.4518229166666667 loss=48.53363561630249 epoch=5 and step=30
2026-04-21 07:49:00,050 - SplitNNClient - INFO - 16356 - phase=train acc=0.42682291666666666 loss=46.65505003929138 epoch=5 and step=30
2026-04-21 07:49:00,285 - SplitNNClient - INFO - 24308 - phase=train acc=0.41041666666666665 loss=48.816144824028015 epoch=5 and step=30
2026-04-21 07:49:05,483 - SplitNNClient - INFO - 10428 - phase=train acc=0.4173828125 loss=61.32432973384857 epoch=5 and step=40
2026-04-21 07:49:05,717 - SplitNNClient - INFO - 20344 - phase=train acc=0.4634765625 loss=60.10072720050812 epoch=5 and step=40
2026-04-21 07:49:05,865 - SplitNNClient - INFO - 22056 - phase=train acc=0.458984375 loss=63.66173815727234 epoch=5 and step=40
2026-04-21 07:49:05,944 - SplitNNClient - INFO - 16356 - phase=train acc=0.440625 loss=61.290645718574524 epoch=5 and step=40
2026-04-21 07:49:06,171 - SplitNNClient - INFO - 24308 - phase=train acc=0.41796875 loss=64.48117506504059 epoch=5 and step=40
2026-04-21 07:49:11,513 - SplitNNClient - INFO - 10428 - phase=train acc=0.42984375 loss=75.30493581295013 epoch=5 and step=50
2026-04-21 07:49:11,744 - SplitNNClient - INFO - 20344 - phase=train acc=0.47 loss=74.22349536418915 epoch=5 and step=50
2026-04-21 07:49:11,885 - SplitNNClient - INFO - 22056 - phase=train acc=0.46828125 loss=78.4464168548584 epoch=5 and step=50
2026-04-21 07:49:11,978 - SplitNNClient - INFO - 16356 - phase=train acc=0.45015625 loss=75.12325930595398 epoch=5 and step=50
2026-04-21 07:49:12,233 - SplitNNClient - INFO - 24308 - phase=train acc=0.42296875 loss=79.7577201128006 epoch=5 and step=50
2026-04-21 07:49:17,057 - SplitNNClient - INFO - 20344 - phase=train acc=0.4778645833333333 loss=87.88955390453339 epoch=5 and step=60
2026-04-21 07:49:17,192 - SplitNNClient - INFO - 22056 - phase=train acc=0.47421875 loss=93.33585751056671 epoch=5 and step=60
2026-04-21 07:49:17,330 - SplitNNClient - INFO - 16356 - phase=train acc=0.4578125 loss=89.02878975868225 epoch=5 and step=60
2026-04-21 07:49:17,421 - SplitNNClient - INFO - 24308 - phase=train acc=0.4276041666666667 loss=94.98512768745422 epoch=5 and step=60
2026-04-21 07:49:21,620 - SplitNNClient - INFO - 20344 - phase=train acc=0.48147321428571427 loss=101.81531584262848 epoch=5 and step=70
2026-04-21 07:49:21,720 - SplitNNClient - INFO - 22056 - phase=train acc=0.47254464285714287 loss=109.10303854942322 epoch=5 and step=70
2026-04-21 07:49:24,326 - SplitNNClient - INFO - 20344 - phase=train acc=0.48466796875 loss=115.35485339164734 epoch=5 and step=80
2026-04-21 07:49:26,500 - SplitNNClient - INFO - 20344 - phase=train acc=0.48819444444444443 loss=129.21885204315186 epoch=5 and step=90
2026-04-21 07:49:28,710 - SplitNNClient - INFO - 20344 - phase=train acc=0.4903125 loss=142.7558422088623 epoch=5 and step=100
2026-04-21 07:49:30,890 - SplitNNClient - INFO - 20344 - phase=train acc=0.49183238636363635 loss=156.1746143102646 epoch=5 and step=110
2026-04-21 07:49:32,990 - SplitNNClient - INFO - 20344 - phase=train acc=0.4931640625 loss=169.67444050312042 epoch=5 and step=120
2026-04-21 07:49:33,449 - FedServerManager - INFO - 16596 - get all model params ---- from rank fed_server
2026-04-21 07:49:51,313 - SplitNNClient - INFO - 22056 - phase=validation acc=0.3315 loss=144.2461359500885 epoch=5 and step=79
2026-04-21 07:49:51,410 - SplitNNClient - INFO - 16356 - phase=validation acc=0.3315 loss=144.2461359500885 epoch=5 and step=79
2026-04-21 07:49:51,479 - SplitNNClient - INFO - 20344 - phase=validation acc=0.3315 loss=144.2461359500885 epoch=5 and step=79
2026-04-21 07:49:51,521 - SplitNNClient - INFO - 10428 - phase=validation acc=0.3315 loss=144.2461359500885 epoch=5 and step=79
2026-04-21 07:49:51,543 - SplitNNClient - INFO - 24308 - phase=validation acc=0.3315 loss=144.2461359500885 epoch=5 and step=79
2026-04-21 07:49:57,254 - SplitNNClient - INFO - 22056 - phase=train acc=0.44765625 loss=16.174137711524963 epoch=6 and step=10
2026-04-21 07:49:57,350 - SplitNNClient - INFO - 20344 - phase=train acc=0.44609375 loss=15.389445066452026 epoch=6 and step=10
2026-04-21 07:49:57,455 - SplitNNClient - INFO - 16356 - phase=train acc=0.42734375 loss=15.749070048332214 epoch=6 and step=10
2026-04-21 07:49:57,585 - SplitNNClient - INFO - 10428 - phase=train acc=0.38984375 loss=16.474953413009644 epoch=6 and step=10
2026-04-21 07:49:57,712 - SplitNNClient - INFO - 24308 - phase=train acc=0.396875 loss=16.628591656684875 epoch=6 and step=10
2026-04-21 07:50:03,069 - SplitNNClient - INFO - 22056 - phase=train acc=0.47890625 loss=30.982195377349854 epoch=6 and step=20
2026-04-21 07:50:03,164 - SplitNNClient - INFO - 20344 - phase=train acc=0.471484375 loss=29.14707124233246 epoch=6 and step=20
2026-04-21 07:50:03,298 - SplitNNClient - INFO - 16356 - phase=train acc=0.42734375 loss=30.88971483707428 epoch=6 and step=20
2026-04-21 07:50:03,415 - SplitNNClient - INFO - 10428 - phase=train acc=0.412890625 loss=31.399560809135437 epoch=6 and step=20
2026-04-21 07:50:03,553 - SplitNNClient - INFO - 24308 - phase=train acc=0.405078125 loss=32.276264905929565 epoch=6 and step=20
2026-04-21 07:50:08,956 - SplitNNClient - INFO - 22056 - phase=train acc=0.4869791666666667 loss=45.70402789115906 epoch=6 and step=30
2026-04-21 07:50:09,097 - SplitNNClient - INFO - 20344 - phase=train acc=0.48072916666666665 loss=43.34595561027527 epoch=6 and step=30
2026-04-21 07:50:09,185 - SplitNNClient - INFO - 16356 - phase=train acc=0.4309895833333333 loss=45.44986915588379 epoch=6 and step=30
2026-04-21 07:50:09,317 - SplitNNClient - INFO - 10428 - phase=train acc=0.4322916666666667 loss=45.61556386947632 epoch=6 and step=30
2026-04-21 07:50:09,460 - SplitNNClient - INFO - 24308 - phase=train acc=0.42135416666666664 loss=47.42811119556427 epoch=6 and step=30
2026-04-21 07:50:14,932 - SplitNNClient - INFO - 22056 - phase=train acc=0.4837890625 loss=61.1496798992157 epoch=6 and step=40
2026-04-21 07:50:15,012 - SplitNNClient - INFO - 20344 - phase=train acc=0.4814453125 loss=57.265570282936096 epoch=6 and step=40
2026-04-21 07:50:15,128 - SplitNNClient - INFO - 16356 - phase=train acc=0.441796875 loss=59.70490002632141 epoch=6 and step=40
2026-04-21 07:50:15,292 - SplitNNClient - INFO - 10428 - phase=train acc=0.4373046875 loss=59.897079825401306 epoch=6 and step=40
2026-04-21 07:50:15,381 - SplitNNClient - INFO - 24308 - phase=train acc=0.4345703125 loss=62.28702688217163 epoch=6 and step=40
2026-04-21 07:50:20,892 - SplitNNClient - INFO - 22056 - phase=train acc=0.48328125 loss=76.24257183074951 epoch=6 and step=50
2026-04-21 07:50:21,007 - SplitNNClient - INFO - 20344 - phase=train acc=0.48703125 loss=70.81282007694244 epoch=6 and step=50
2026-04-21 07:50:21,115 - SplitNNClient - INFO - 16356 - phase=train acc=0.4540625 loss=73.53455686569214 epoch=6 and step=50
2026-04-21 07:50:21,243 - SplitNNClient - INFO - 10428 - phase=train acc=0.4371875 loss=74.17842638492584 epoch=6 and step=50
2026-04-21 07:50:21,369 - SplitNNClient - INFO - 24308 - phase=train acc=0.4440625 loss=77.01589798927307 epoch=6 and step=50
2026-04-21 07:50:26,241 - SplitNNClient - INFO - 22056 - phase=train acc=0.4861979166666667 loss=91.56144034862518 epoch=6 and step=60
2026-04-21 07:50:26,343 - SplitNNClient - INFO - 20344 - phase=train acc=0.49075520833333336 loss=84.28640377521515 epoch=6 and step=60
2026-04-21 07:50:26,486 - SplitNNClient - INFO - 16356 - phase=train acc=0.4608072916666667 loss=87.30385839939117 epoch=6 and step=60
2026-04-21 07:50:26,616 - SplitNNClient - INFO - 24308 - phase=train acc=0.4434895833333333 loss=91.86192321777344 epoch=6 and step=60
2026-04-21 07:50:30,810 - SplitNNClient - INFO - 22056 - phase=train acc=0.48872767857142857 loss=106.37740480899811 epoch=6 and step=70
2026-04-21 07:50:30,911 - SplitNNClient - INFO - 20344 - phase=train acc=0.49754464285714284 loss=96.96321702003479 epoch=6 and step=70
2026-04-21 07:50:33,495 - SplitNNClient - INFO - 20344 - phase=train acc=0.4990234375 loss=110.21784234046936 epoch=6 and step=80
2026-04-21 07:50:35,661 - SplitNNClient - INFO - 20344 - phase=train acc=0.5030381944444444 loss=123.13817572593689 epoch=6 and step=90
2026-04-21 07:50:37,833 - SplitNNClient - INFO - 20344 - phase=train acc=0.5053125 loss=136.72134160995483 epoch=6 and step=100
2026-04-21 07:50:39,942 - SplitNNClient - INFO - 20344 - phase=train acc=0.5055397727272727 loss=150.118314743042 epoch=6 and step=110
2026-04-21 07:50:42,103 - SplitNNClient - INFO - 20344 - phase=train acc=0.5044270833333333 loss=164.08933627605438 epoch=6 and step=120
2026-04-21 07:50:42,606 - FedServerManager - INFO - 16596 - get all model params ---- from rank fed_server
2026-04-21 07:50:59,976 - SplitNNClient - INFO - 16356 - phase=validation acc=0.2957 loss=150.12989580631256 epoch=6 and step=79
2026-04-21 07:51:00,040 - SplitNNClient - INFO - 20344 - phase=validation acc=0.2957 loss=150.12989580631256 epoch=6 and step=79
2026-04-21 07:51:00,094 - SplitNNClient - INFO - 22056 - phase=validation acc=0.2957 loss=150.12989580631256 epoch=6 and step=79
2026-04-21 07:51:00,156 - SplitNNClient - INFO - 10428 - phase=validation acc=0.2957 loss=150.12989580631256 epoch=6 and step=79
2026-04-21 07:51:00,571 - SplitNNClient - INFO - 24308 - phase=validation acc=0.2957 loss=150.12989580631256 epoch=6 and step=79
2026-04-21 07:51:05,998 - SplitNNClient - INFO - 20344 - phase=train acc=0.43984375 loss=15.493941187858582 epoch=7 and step=10
2026-04-21 07:51:06,129 - SplitNNClient - INFO - 10428 - phase=train acc=0.3984375 loss=16.212047815322876 epoch=7 and step=10
2026-04-21 07:51:06,228 - SplitNNClient - INFO - 24308 - phase=train acc=0.42578125 loss=16.34026348590851 epoch=7 and step=10
2026-04-21 07:51:06,326 - SplitNNClient - INFO - 16356 - phase=train acc=0.478125 loss=14.629955530166626 epoch=7 and step=10
2026-04-21 07:51:06,456 - SplitNNClient - INFO - 22056 - phase=train acc=0.440625 loss=16.50051498413086 epoch=7 and step=10
2026-04-21 07:51:11,759 - SplitNNClient - INFO - 20344 - phase=train acc=0.469140625 loss=29.346975803375244 epoch=7 and step=20
2026-04-21 07:51:11,854 - SplitNNClient - INFO - 10428 - phase=train acc=0.425390625 loss=30.724859952926636 epoch=7 and step=20
2026-04-21 07:51:11,987 - SplitNNClient - INFO - 24308 - phase=train acc=0.434375 loss=31.467719793319702 epoch=7 and step=20
2026-04-21 07:51:12,078 - SplitNNClient - INFO - 16356 - phase=train acc=0.4953125 loss=28.432315230369568 epoch=7 and step=20
2026-04-21 07:51:12,218 - SplitNNClient - INFO - 22056 - phase=train acc=0.46484375 loss=31.622981309890747 epoch=7 and step=20
2026-04-21 07:51:17,461 - SplitNNClient - INFO - 20344 - phase=train acc=0.4828125 loss=42.570425152778625 epoch=7 and step=30
2026-04-21 07:51:17,617 - SplitNNClient - INFO - 10428 - phase=train acc=0.4401041666666667 loss=44.67372155189514 epoch=7 and step=30
2026-04-21 07:51:17,714 - SplitNNClient - INFO - 24308 - phase=train acc=0.4513020833333333 loss=45.81098973751068 epoch=7 and step=30
2026-04-21 07:51:17,809 - SplitNNClient - INFO - 16356 - phase=train acc=0.4986979166666667 loss=42.32114112377167 epoch=7 and step=30
2026-04-21 07:51:17,942 - SplitNNClient - INFO - 22056 - phase=train acc=0.4752604166666667 loss=46.294305205345154 epoch=7 and step=30
2026-04-21 07:51:23,311 - SplitNNClient - INFO - 20344 - phase=train acc=0.49296875 loss=56.13777542114258 epoch=7 and step=40
2026-04-21 07:51:23,443 - SplitNNClient - INFO - 10428 - phase=train acc=0.4453125 loss=58.740620732307434 epoch=7 and step=40
2026-04-21 07:51:23,543 - SplitNNClient - INFO - 24308 - phase=train acc=0.460546875 loss=60.41668522357941 epoch=7 and step=40
2026-04-21 07:51:23,672 - SplitNNClient - INFO - 16356 - phase=train acc=0.4978515625 loss=55.95289409160614 epoch=7 and step=40
2026-04-21 07:51:23,792 - SplitNNClient - INFO - 22056 - phase=train acc=0.4875 loss=60.47421622276306 epoch=7 and step=40
2026-04-21 07:51:29,366 - SplitNNClient - INFO - 20344 - phase=train acc=0.49890625 loss=69.15978372097015 epoch=7 and step=50
2026-04-21 07:51:29,456 - SplitNNClient - INFO - 10428 - phase=train acc=0.44671875 loss=72.70814335346222 epoch=7 and step=50
2026-04-21 07:51:29,596 - SplitNNClient - INFO - 24308 - phase=train acc=0.46140625 loss=75.30144441127777 epoch=7 and step=50
2026-04-21 07:51:29,693 - SplitNNClient - INFO - 16356 - phase=train acc=0.50078125 loss=68.96112215518951 epoch=7 and step=50
2026-04-21 07:51:29,825 - SplitNNClient - INFO - 22056 - phase=train acc=0.493125 loss=74.83800947666168 epoch=7 and step=50
2026-04-21 07:51:34,631 - SplitNNClient - INFO - 20344 - phase=train acc=0.5078125 loss=81.68059480190277 epoch=7 and step=60
2026-04-21 07:51:34,722 - SplitNNClient - INFO - 24308 - phase=train acc=0.46432291666666664 loss=89.85357320308685 epoch=7 and step=60
2026-04-21 07:51:34,858 - SplitNNClient - INFO - 16356 - phase=train acc=0.5028645833333333 loss=82.1781474351883 epoch=7 and step=60
2026-04-21 07:51:34,979 - SplitNNClient - INFO - 22056 - phase=train acc=0.4959635416666667 loss=89.26634931564331 epoch=7 and step=60
2026-04-21 07:51:39,136 - SplitNNClient - INFO - 20344 - phase=train acc=0.5118303571428572 loss=94.74142944812775 epoch=7 and step=70
2026-04-21 07:51:39,351 - SplitNNClient - INFO - 22056 - phase=train acc=0.4953125 loss=104.10911691188812 epoch=7 and step=70
2026-04-21 07:51:41,831 - SplitNNClient - INFO - 20344 - phase=train acc=0.51328125 loss=108.12007212638855 epoch=7 and step=80
2026-04-21 07:51:43,998 - SplitNNClient - INFO - 20344 - phase=train acc=0.5140625 loss=121.38275969028473 epoch=7 and step=90
2026-04-21 07:51:46,133 - SplitNNClient - INFO - 20344 - phase=train acc=0.51390625 loss=134.81945538520813 epoch=7 and step=100
2026-04-21 07:51:48,235 - SplitNNClient - INFO - 20344 - phase=train acc=0.5151278409090909 loss=148.31618857383728 epoch=7 and step=110
2026-04-21 07:51:50,338 - SplitNNClient - INFO - 20344 - phase=train acc=0.5127604166666667 loss=162.08267509937286 epoch=7 and step=120
2026-04-21 07:51:50,813 - FedServerManager - INFO - 16596 - get all model params ---- from rank fed_server
2026-04-21 07:52:08,258 - SplitNNClient - INFO - 22056 - phase=validation acc=0.3641 loss=136.75609147548676 epoch=7 and step=79
2026-04-21 07:52:08,375 - SplitNNClient - INFO - 16356 - phase=validation acc=0.3641 loss=136.75609147548676 epoch=7 and step=79
2026-04-21 07:52:08,554 - SplitNNClient - INFO - 10428 - phase=validation acc=0.3641 loss=136.75609147548676 epoch=7 and step=79
2026-04-21 07:52:08,625 - SplitNNClient - INFO - 20344 - phase=validation acc=0.3641 loss=136.75609147548676 epoch=7 and step=79
2026-04-21 07:52:08,840 - SplitNNClient - INFO - 24308 - phase=validation acc=0.3641 loss=136.75609147548676 epoch=7 and step=79
2026-04-21 07:52:14,253 - SplitNNClient - INFO - 22056 - phase=train acc=0.46328125 loss=15.7709321975708 epoch=8 and step=10
2026-04-21 07:52:14,354 - SplitNNClient - INFO - 16356 - phase=train acc=0.48984375 loss=15.056554555892944 epoch=8 and step=10
2026-04-21 07:52:14,485 - SplitNNClient - INFO - 10428 - phase=train acc=0.4234375 loss=15.969434380531311 epoch=8 and step=10
2026-04-21 07:52:14,613 - SplitNNClient - INFO - 24308 - phase=train acc=0.46953125 loss=15.341342568397522 epoch=8 and step=10
2026-04-21 07:52:14,707 - SplitNNClient - INFO - 20344 - phase=train acc=0.4765625 loss=14.694234609603882 epoch=8 and step=10
2026-04-21 07:52:19,966 - SplitNNClient - INFO - 22056 - phase=train acc=0.496875 loss=30.55623435974121 epoch=8 and step=20
2026-04-21 07:52:20,101 - SplitNNClient - INFO - 16356 - phase=train acc=0.492578125 loss=28.823638439178467 epoch=8 and step=20
2026-04-21 07:52:20,194 - SplitNNClient - INFO - 10428 - phase=train acc=0.448046875 loss=29.861003637313843 epoch=8 and step=20
2026-04-21 07:52:20,324 - SplitNNClient - INFO - 24308 - phase=train acc=0.473828125 loss=29.975535035133362 epoch=8 and step=20
2026-04-21 07:52:20,416 - SplitNNClient - INFO - 20344 - phase=train acc=0.506640625 loss=27.66997218132019 epoch=8 and step=20
2026-04-21 07:52:25,762 - SplitNNClient - INFO - 22056 - phase=train acc=0.5072916666666667 loss=44.781304597854614 epoch=8 and step=30
2026-04-21 07:52:25,870 - SplitNNClient - INFO - 16356 - phase=train acc=0.5005208333333333 loss=42.31073570251465 epoch=8 and step=30
2026-04-21 07:52:25,990 - SplitNNClient - INFO - 10428 - phase=train acc=0.44817708333333334 loss=44.08832275867462 epoch=8 and step=30
2026-04-21 07:52:26,134 - SplitNNClient - INFO - 24308 - phase=train acc=0.47161458333333334 loss=44.39376628398895 epoch=8 and step=30
2026-04-21 07:52:26,225 - SplitNNClient - INFO - 20344 - phase=train acc=0.5109375 loss=40.94272017478943 epoch=8 and step=30
2026-04-21 07:52:31,554 - SplitNNClient - INFO - 22056 - phase=train acc=0.50625 loss=59.017226576805115 epoch=8 and step=40
2026-04-21 07:52:31,651 - SplitNNClient - INFO - 16356 - phase=train acc=0.5052734375 loss=55.384676694869995 epoch=8 and step=40
2026-04-21 07:52:31,785 - SplitNNClient - INFO - 10428 - phase=train acc=0.455078125 loss=57.80637240409851 epoch=8 and step=40
2026-04-21 07:52:31,922 - SplitNNClient - INFO - 24308 - phase=train acc=0.4759765625 loss=58.57612061500549 epoch=8 and step=40
2026-04-21 07:52:32,014 - SplitNNClient - INFO - 20344 - phase=train acc=0.5171875 loss=54.20635175704956 epoch=8 and step=40
2026-04-21 07:52:37,378 - SplitNNClient - INFO - 22056 - phase=train acc=0.50640625 loss=73.77296555042267 epoch=8 and step=50
2026-04-21 07:52:37,476 - SplitNNClient - INFO - 16356 - phase=train acc=0.50671875 loss=69.05196106433868 epoch=8 and step=50
2026-04-21 07:52:37,607 - SplitNNClient - INFO - 10428 - phase=train acc=0.46109375 loss=71.08773040771484 epoch=8 and step=50
2026-04-21 07:52:37,728 - SplitNNClient - INFO - 24308 - phase=train acc=0.48203125 loss=72.65808844566345 epoch=8 and step=50
2026-04-21 07:52:37,855 - SplitNNClient - INFO - 20344 - phase=train acc=0.52546875 loss=66.87605321407318 epoch=8 and step=50
2026-04-21 07:52:42,641 - SplitNNClient - INFO - 22056 - phase=train acc=0.5040364583333333 loss=88.89811491966248 epoch=8 and step=60
2026-04-21 07:52:42,758 - SplitNNClient - INFO - 16356 - phase=train acc=0.51171875 loss=82.22854888439178 epoch=8 and step=60
2026-04-21 07:52:42,879 - SplitNNClient - INFO - 24308 - phase=train acc=0.4845052083333333 loss=86.95352816581726 epoch=8 and step=60
2026-04-21 07:52:43,011 - SplitNNClient - INFO - 20344 - phase=train acc=0.5247395833333334 loss=79.95202505588531 epoch=8 and step=60
2026-04-21 07:52:47,123 - SplitNNClient - INFO - 22056 - phase=train acc=0.503125 loss=103.6174066066742 epoch=8 and step=70
2026-04-21 07:52:47,312 - SplitNNClient - INFO - 20344 - phase=train acc=0.5290178571428571 loss=92.88353705406189 epoch=8 and step=70
2026-04-21 07:52:49,885 - SplitNNClient - INFO - 20344 - phase=train acc=0.528515625 loss=105.7513074874878 epoch=8 and step=80
2026-04-21 07:52:52,018 - SplitNNClient - INFO - 20344 - phase=train acc=0.5296006944444445 loss=118.354984998703 epoch=8 and step=90
2026-04-21 07:52:54,197 - SplitNNClient - INFO - 20344 - phase=train acc=0.529453125 loss=131.50006592273712 epoch=8 and step=100
2026-04-21 07:52:56,370 - SplitNNClient - INFO - 20344 - phase=train acc=0.5274147727272728 loss=144.6789013147354 epoch=8 and step=110
2026-04-21 07:52:58,355 - SplitNNClient - INFO - 20344 - phase=train acc=0.5274088541666667 loss=157.82384276390076 epoch=8 and step=120
2026-04-21 07:52:58,819 - FedServerManager - INFO - 16596 - get all model params ---- from rank fed_server
2026-04-21 07:53:17,028 - SplitNNClient - INFO - 22056 - phase=validation acc=0.3837 loss=132.23492109775543 epoch=8 and step=79
2026-04-21 07:53:17,135 - SplitNNClient - INFO - 16356 - phase=validation acc=0.3837 loss=132.23492109775543 epoch=8 and step=79
2026-04-21 07:53:17,155 - SplitNNClient - INFO - 20344 - phase=validation acc=0.3837 loss=132.23492109775543 epoch=8 and step=79
2026-04-21 07:53:17,534 - SplitNNClient - INFO - 24308 - phase=validation acc=0.3837 loss=132.23492109775543 epoch=8 and step=79
2026-04-21 07:53:22,977 - SplitNNClient - INFO - 22056 - phase=train acc=0.484375 loss=15.456359028816223 epoch=9 and step=10
2026-04-21 07:53:23,184 - SplitNNClient - INFO - 24308 - phase=train acc=0.465625 loss=14.815073490142822 epoch=9 and step=10
2026-04-21 07:53:23,316 - SplitNNClient - INFO - 20344 - phase=train acc=0.4703125 loss=14.8258056640625 epoch=9 and step=10
2026-04-21 07:53:23,437 - SplitNNClient - INFO - 16356 - phase=train acc=0.43828125 loss=15.621769905090332 epoch=9 and step=10
2026-04-21 07:53:23,666 - SplitNNClient - INFO - 10428 - phase=train acc=0.43203125 loss=15.88086199760437 epoch=9 and step=10
2026-04-21 07:53:28,724 - SplitNNClient - INFO - 22056 - phase=train acc=0.513671875 loss=29.531635642051697 epoch=9 and step=20
2026-04-21 07:53:28,986 - SplitNNClient - INFO - 24308 - phase=train acc=0.4671875 loss=29.153087854385376 epoch=9 and step=20
2026-04-21 07:53:29,078 - SplitNNClient - INFO - 20344 - phase=train acc=0.508984375 loss=27.208014726638794 epoch=9 and step=20
2026-04-21 07:53:29,181 - SplitNNClient - INFO - 16356 - phase=train acc=0.459375 loss=30.049437880516052 epoch=9 and step=20
2026-04-21 07:53:29,440 - SplitNNClient - INFO - 10428 - phase=train acc=0.44140625 loss=30.02096652984619 epoch=9 and step=20
2026-04-21 07:53:34,438 - SplitNNClient - INFO - 22056 - phase=train acc=0.5182291666666666 loss=43.67342698574066 epoch=9 and step=30
2026-04-21 07:53:34,665 - SplitNNClient - INFO - 24308 - phase=train acc=0.47682291666666665 loss=43.319698095321655 epoch=9 and step=30
2026-04-21 07:53:34,799 - SplitNNClient - INFO - 20344 - phase=train acc=0.5088541666666667 loss=40.84393513202667 epoch=9 and step=30
2026-04-21 07:53:34,893 - SplitNNClient - INFO - 16356 - phase=train acc=0.4591145833333333 loss=44.73060643672943 epoch=9 and step=30
2026-04-21 07:53:35,114 - SplitNNClient - INFO - 10428 - phase=train acc=0.4578125 loss=43.21320295333862 epoch=9 and step=30
2026-04-21 07:53:40,208 - SplitNNClient - INFO - 22056 - phase=train acc=0.5255859375 loss=57.61836361885071 epoch=9 and step=40
2026-04-21 07:53:40,443 - SplitNNClient - INFO - 24308 - phase=train acc=0.481640625 loss=57.519590735435486 epoch=9 and step=40
2026-04-21 07:53:40,596 - SplitNNClient - INFO - 20344 - phase=train acc=0.5173828125 loss=53.36456775665283 epoch=9 and step=40
2026-04-21 07:53:40,674 - SplitNNClient - INFO - 16356 - phase=train acc=0.46015625 loss=59.3829962015152 epoch=9 and step=40
2026-04-21 07:53:40,901 - SplitNNClient - INFO - 10428 - phase=train acc=0.4671875 loss=56.502835750579834 epoch=9 and step=40
2026-04-21 07:53:45,970 - SplitNNClient - INFO - 22056 - phase=train acc=0.52453125 loss=71.73005819320679 epoch=9 and step=50
2026-04-21 07:53:46,200 - SplitNNClient - INFO - 24308 - phase=train acc=0.48109375 loss=71.46049523353577 epoch=9 and step=50
2026-04-21 07:53:46,320 - SplitNNClient - INFO - 20344 - phase=train acc=0.52328125 loss=66.192906498909 epoch=9 and step=50
2026-04-21 07:53:46,464 - SplitNNClient - INFO - 16356 - phase=train acc=0.4653125 loss=73.5254338979721 epoch=9 and step=50
2026-04-21 07:53:46,682 - SplitNNClient - INFO - 10428 - phase=train acc=0.47140625 loss=70.15748739242554 epoch=9 and step=50
2026-04-21 07:53:51,461 - SplitNNClient - INFO - 22056 - phase=train acc=0.5282552083333333 loss=85.05521512031555 epoch=9 and step=60
2026-04-21 07:53:51,593 - SplitNNClient - INFO - 20344 - phase=train acc=0.5282552083333333 loss=78.81428217887878 epoch=9 and step=60
2026-04-21 07:53:51,690 - SplitNNClient - INFO - 24308 - phase=train acc=0.483984375 loss=85.29713296890259 epoch=9 and step=60
2026-04-21 07:53:51,837 - SplitNNClient - INFO - 16356 - phase=train acc=0.46979166666666666 loss=87.32265639305115 epoch=9 and step=60
2026-04-21 07:53:55,943 - SplitNNClient - INFO - 22056 - phase=train acc=0.52578125 loss=99.27374076843262 epoch=9 and step=70
2026-04-21 07:53:56,054 - SplitNNClient - INFO - 20344 - phase=train acc=0.5300223214285714 loss=91.70529997348785 epoch=9 and step=70
2026-04-21 07:53:58,639 - SplitNNClient - INFO - 20344 - phase=train acc=0.5326171875 loss=104.11012780666351 epoch=9 and step=80
2026-04-21 07:54:00,713 - SplitNNClient - INFO - 20344 - phase=train acc=0.5330729166666667 loss=116.837042927742 epoch=9 and step=90
2026-04-21 07:54:02,700 - SplitNNClient - INFO - 20344 - phase=train acc=0.53109375 loss=130.05546844005585 epoch=9 and step=100
2026-04-21 07:54:04,865 - SplitNNClient - INFO - 20344 - phase=train acc=0.5261363636363636 loss=144.20311570167542 epoch=9 and step=110
2026-04-21 07:54:07,024 - SplitNNClient - INFO - 20344 - phase=train acc=0.5253255208333333 loss=157.63575148582458 epoch=9 and step=120
2026-04-21 07:54:07,523 - FedServerManager - INFO - 16596 - get all model params ---- from rank fed_server
2026-04-21 07:54:24,620 - SplitNNClient - INFO - 22056 - phase=validation acc=0.3493 loss=144.37544894218445 epoch=9 and step=79
2026-04-21 07:54:24,667 - SplitNNClient - INFO - 16356 - phase=validation acc=0.3493 loss=144.37544894218445 epoch=9 and step=79
2026-04-21 07:54:24,710 - SplitNNClient - INFO - 20344 - phase=validation acc=0.3493 loss=144.37544894218445 epoch=9 and step=79
2026-04-21 07:54:25,056 - SplitNNClient - INFO - 10428 - phase=validation acc=0.3493 loss=144.37544894218445 epoch=9 and step=79
2026-04-21 07:54:25,123 - SplitNNClient - INFO - 24308 - phase=validation acc=0.3493 loss=144.37544894218445 epoch=9 and step=79
2026-04-21 07:54:30,623 - SplitNNClient - INFO - 22056 - phase=train acc=0.48671875 loss=15.673744797706604 epoch=10 and step=10
2026-04-21 07:54:30,710 - SplitNNClient - INFO - 20344 - phase=train acc=0.49375 loss=14.582154989242554 epoch=10 and step=10
2026-04-21 07:54:30,816 - SplitNNClient - INFO - 24308 - phase=train acc=0.434375 loss=16.07200050354004 epoch=10 and step=10
2026-04-21 07:54:30,942 - SplitNNClient - INFO - 16356 - phase=train acc=0.4640625 loss=15.333855867385864 epoch=10 and step=10
2026-04-21 07:54:31,067 - SplitNNClient - INFO - 10428 - phase=train acc=0.39609375 loss=15.93854558467865 epoch=10 and step=10
2026-04-21 07:54:36,381 - SplitNNClient - INFO - 22056 - phase=train acc=0.506640625 loss=30.100249886512756 epoch=10 and step=20
2026-04-21 07:54:36,527 - SplitNNClient - INFO - 20344 - phase=train acc=0.505859375 loss=27.825544118881226 epoch=10 and step=20
2026-04-21 07:54:36,612 - SplitNNClient - INFO - 24308 - phase=train acc=0.471484375 loss=30.482338309288025 epoch=10 and step=20
2026-04-21 07:54:36,717 - SplitNNClient - INFO - 16356 - phase=train acc=0.494921875 loss=28.798405051231384 epoch=10 and step=20
2026-04-21 07:54:36,856 - SplitNNClient - INFO - 10428 - phase=train acc=0.434375 loss=30.23867428302765 epoch=10 and step=20
2026-04-21 07:54:42,129 - SplitNNClient - INFO - 22056 - phase=train acc=0.5046875 loss=44.68041944503784 epoch=10 and step=30
2026-04-21 07:54:42,274 - SplitNNClient - INFO - 20344 - phase=train acc=0.51328125 loss=41.012507915496826 epoch=10 and step=30
2026-04-21 07:54:42,357 - SplitNNClient - INFO - 24308 - phase=train acc=0.46953125 loss=45.026583194732666 epoch=10 and step=30
2026-04-21 07:54:42,463 - SplitNNClient - INFO - 16356 - phase=train acc=0.5005208333333333 loss=42.07473611831665 epoch=10 and step=30
2026-04-21 07:54:42,586 - SplitNNClient - INFO - 10428 - phase=train acc=0.44635416666666666 loss=43.93352210521698 epoch=10 and step=30
2026-04-21 07:54:48,013 - SplitNNClient - INFO - 22056 - phase=train acc=0.503125 loss=59.38036620616913 epoch=10 and step=40
2026-04-21 07:54:48,121 - SplitNNClient - INFO - 20344 - phase=train acc=0.512890625 loss=54.24103260040283 epoch=10 and step=40
2026-04-21 07:54:48,256 - SplitNNClient - INFO - 24308 - phase=train acc=0.4740234375 loss=58.98299765586853 epoch=10 and step=40
2026-04-21 07:54:48,348 - SplitNNClient - INFO - 16356 - phase=train acc=0.509375 loss=55.078940987586975 epoch=10 and step=40
2026-04-21 07:54:48,482 - SplitNNClient - INFO - 10428 - phase=train acc=0.4513671875 loss=57.71978461742401 epoch=10 and step=40
2026-04-21 07:54:53,857 - SplitNNClient - INFO - 22056 - phase=train acc=0.50984375 loss=73.43629348278046 epoch=10 and step=50
2026-04-21 07:54:53,986 - SplitNNClient - INFO - 20344 - phase=train acc=0.5128125 loss=67.75471019744873 epoch=10 and step=50
2026-04-21 07:54:54,104 - SplitNNClient - INFO - 24308 - phase=train acc=0.471875 loss=73.60895478725433 epoch=10 and step=50
2026-04-21 07:54:54,241 - SplitNNClient - INFO - 16356 - phase=train acc=0.51296875 loss=68.04645037651062 epoch=10 and step=50
2026-04-21 07:54:54,337 - SplitNNClient - INFO - 10428 - phase=train acc=0.46046875 loss=71.08677303791046 epoch=10 and step=50
2026-04-21 07:54:59,178 - SplitNNClient - INFO - 22056 - phase=train acc=0.5069010416666667 loss=88.21506869792938 epoch=10 and step=60
2026-04-21 07:54:59,310 - SplitNNClient - INFO - 20344 - phase=train acc=0.5154947916666667 loss=80.87646925449371 epoch=10 and step=60
2026-04-21 07:54:59,407 - SplitNNClient - INFO - 24308 - phase=train acc=0.473046875 loss=87.83372783660889 epoch=10 and step=60
2026-04-21 07:54:59,553 - SplitNNClient - INFO - 16356 - phase=train acc=0.5169270833333334 loss=80.9659276008606 epoch=10 and step=60
2026-04-21 07:55:03,688 - SplitNNClient - INFO - 22056 - phase=train acc=0.5091517857142858 loss=102.74655592441559 epoch=10 and step=70
2026-04-21 07:55:03,793 - SplitNNClient - INFO - 20344 - phase=train acc=0.515625 loss=94.05990946292877 epoch=10 and step=70
2026-04-21 07:55:06,385 - SplitNNClient - INFO - 20344 - phase=train acc=0.5169921875 loss=106.8198915719986 epoch=10 and step=80
2026-04-21 07:55:08,547 - SplitNNClient - INFO - 20344 - phase=train acc=0.5173611111111112 loss=119.9689472913742 epoch=10 and step=90
2026-04-21 07:55:10,687 - SplitNNClient - INFO - 20344 - phase=train acc=0.520234375 loss=132.68147599697113 epoch=10 and step=100
2026-04-21 07:55:12,847 - SplitNNClient - INFO - 20344 - phase=train acc=0.5237926136363636 loss=145.41022169589996 epoch=10 and step=110
2026-04-21 07:55:15,016 - SplitNNClient - INFO - 20344 - phase=train acc=0.525 loss=158.4337581396103 epoch=10 and step=120
2026-04-21 07:55:15,514 - FedServerManager - INFO - 16596 - get all model params ---- from rank fed_server
2026-04-21 07:55:32,801 - SplitNNClient - INFO - 20344 - phase=validation acc=0.2452 loss=173.8294597864151 epoch=10 and step=79
2026-04-21 07:55:32,932 - SplitNNClient - INFO - 22056 - phase=validation acc=0.2452 loss=173.8294597864151 epoch=10 and step=79
2026-04-21 07:55:33,012 - SplitNNClient - INFO - 10428 - phase=validation acc=0.2452 loss=173.8294597864151 epoch=10 and step=79
2026-04-21 07:55:33,053 - SplitNNClient - INFO - 16356 - phase=validation acc=0.2452 loss=173.8294597864151 epoch=10 and step=79
2026-04-21 07:55:33,197 - SplitNNClient - INFO - 24308 - phase=validation acc=0.2452 loss=173.8294597864151 epoch=10 and step=79
2026-04-21 07:55:38,699 - SplitNNClient - INFO - 24308 - phase=train acc=0.47578125 loss=15.054508090019226 epoch=11 and step=10
2026-04-21 07:55:38,836 - SplitNNClient - INFO - 22056 - phase=train acc=0.45234375 loss=16.22847604751587 epoch=11 and step=10
2026-04-21 07:55:38,925 - SplitNNClient - INFO - 20344 - phase=train acc=0.47734375 loss=14.68855106830597 epoch=11 and step=10
2026-04-21 07:55:39,035 - SplitNNClient - INFO - 16356 - phase=train acc=0.48125 loss=14.825018048286438 epoch=11 and step=10
2026-04-21 07:55:39,156 - SplitNNClient - INFO - 10428 - phase=train acc=0.3984375 loss=16.38118886947632 epoch=11 and step=10
2026-04-21 07:55:44,478 - SplitNNClient - INFO - 24308 - phase=train acc=0.471484375 loss=29.63538146018982 epoch=11 and step=20
2026-04-21 07:55:44,585 - SplitNNClient - INFO - 22056 - phase=train acc=0.4765625 loss=31.305541276931763 epoch=11 and step=20
2026-04-21 07:55:44,714 - SplitNNClient - INFO - 20344 - phase=train acc=0.4953125 loss=28.0493346452713 epoch=11 and step=20
2026-04-21 07:55:44,807 - SplitNNClient - INFO - 16356 - phase=train acc=0.491796875 loss=28.364216685295105 epoch=11 and step=20
2026-04-21 07:55:44,948 - SplitNNClient - INFO - 10428 - phase=train acc=0.444140625 loss=30.084179520606995 epoch=11 and step=20
2026-04-21 07:55:50,192 - SplitNNClient - INFO - 24308 - phase=train acc=0.4875 loss=43.33954918384552 epoch=11 and step=30
2026-04-21 07:55:50,287 - SplitNNClient - INFO - 22056 - phase=train acc=0.49322916666666666 loss=45.87273645401001 epoch=11 and step=30
2026-04-21 07:55:50,416 - SplitNNClient - INFO - 20344 - phase=train acc=0.5049479166666667 loss=41.52340924739838 epoch=11 and step=30
2026-04-21 07:55:50,511 - SplitNNClient - INFO - 16356 - phase=train acc=0.49921875 loss=41.57278776168823 epoch=11 and step=30
2026-04-21 07:55:50,649 - SplitNNClient - INFO - 10428 - phase=train acc=0.45729166666666665 loss=43.16643178462982 epoch=11 and step=30
2026-04-21 07:55:55,992 - SplitNNClient - INFO - 24308 - phase=train acc=0.490625 loss=56.71505916118622 epoch=11 and step=40
2026-04-21 07:55:56,105 - SplitNNClient - INFO - 22056 - phase=train acc=0.497265625 loss=60.7505145072937 epoch=11 and step=40
2026-04-21 07:55:56,210 - SplitNNClient - INFO - 20344 - phase=train acc=0.5123046875 loss=54.17203748226166 epoch=11 and step=40
2026-04-21 07:55:56,343 - SplitNNClient - INFO - 16356 - phase=train acc=0.514453125 loss=54.044018030166626 epoch=11 and step=40
2026-04-21 07:55:56,467 - SplitNNClient - INFO - 10428 - phase=train acc=0.467578125 loss=56.05247092247009 epoch=11 and step=40
2026-04-21 07:56:01,874 - SplitNNClient - INFO - 24308 - phase=train acc=0.49375 loss=70.7529411315918 epoch=11 and step=50
2026-04-21 07:56:01,967 - SplitNNClient - INFO - 22056 - phase=train acc=0.50265625 loss=75.05342948436737 epoch=11 and step=50
2026-04-21 07:56:02,068 - SplitNNClient - INFO - 20344 - phase=train acc=0.51875 loss=66.83267319202423 epoch=11 and step=50
2026-04-21 07:56:02,190 - SplitNNClient - INFO - 16356 - phase=train acc=0.51296875 loss=67.48497939109802 epoch=11 and step=50
2026-04-21 07:56:02,325 - SplitNNClient - INFO - 10428 - phase=train acc=0.47296875 loss=68.98471283912659 epoch=11 and step=50
2026-04-21 07:56:07,187 - SplitNNClient - INFO - 24308 - phase=train acc=0.4981770833333333 loss=84.31997632980347 epoch=11 and step=60
2026-04-21 07:56:07,304 - SplitNNClient - INFO - 22056 - phase=train acc=0.504296875 loss=89.88473618030548 epoch=11 and step=60
2026-04-21 07:56:07,426 - SplitNNClient - INFO - 20344 - phase=train acc=0.5223958333333333 loss=79.13115727901459 epoch=11 and step=60
2026-04-21 07:56:07,553 - SplitNNClient - INFO - 16356 - phase=train acc=0.5141927083333333 loss=80.33922040462494 epoch=11 and step=60
2026-04-21 07:56:11,711 - SplitNNClient - INFO - 22056 - phase=train acc=0.5041294642857143 loss=104.37445187568665 epoch=11 and step=70
2026-04-21 07:56:11,872 - SplitNNClient - INFO - 20344 - phase=train acc=0.5301339285714286 loss=91.35316753387451 epoch=11 and step=70
2026-04-21 07:56:14,463 - SplitNNClient - INFO - 20344 - phase=train acc=0.5349609375 loss=103.8274096250534 epoch=11 and step=80
2026-04-21 07:56:16,626 - SplitNNClient - INFO - 20344 - phase=train acc=0.5357638888888889 loss=116.89133596420288 epoch=11 and step=90
2026-04-21 07:56:18,797 - SplitNNClient - INFO - 20344 - phase=train acc=0.5340625 loss=130.1961144208908 epoch=11 and step=100
2026-04-21 07:56:21,005 - SplitNNClient - INFO - 20344 - phase=train acc=0.5328835227272727 loss=143.5328232049942 epoch=11 and step=110
2026-04-21 07:56:23,183 - SplitNNClient - INFO - 20344 - phase=train acc=0.5344401041666667 loss=156.10108351707458 epoch=11 and step=120
2026-04-21 07:56:23,672 - FedServerManager - INFO - 16596 - get all model params ---- from rank fed_server
2026-04-21 07:56:41,499 - SplitNNClient - INFO - 24308 - phase=validation acc=0.3675 loss=135.1751036643982 epoch=11 and step=79
2026-04-21 07:56:41,544 - SplitNNClient - INFO - 16356 - phase=validation acc=0.3675 loss=135.1751036643982 epoch=11 and step=79
2026-04-21 07:56:41,609 - SplitNNClient - INFO - 20344 - phase=validation acc=0.3675 loss=135.1751036643982 epoch=11 and step=79
2026-04-21 07:56:41,625 - SplitNNClient - INFO - 22056 - phase=validation acc=0.3675 loss=135.1751036643982 epoch=11 and step=79
2026-04-21 07:56:41,873 - SplitNNClient - INFO - 10428 - phase=validation acc=0.3675 loss=135.1751036643982 epoch=11 and step=79
2026-04-21 07:56:47,345 - SplitNNClient - INFO - 16356 - phase=train acc=0.48203125 loss=14.43793785572052 epoch=12 and step=10
2026-04-21 07:56:47,435 - SplitNNClient - INFO - 20344 - phase=train acc=0.49765625 loss=14.368877530097961 epoch=12 and step=10
2026-04-21 07:56:47,572 - SplitNNClient - INFO - 10428 - phase=train acc=0.4171875 loss=15.831118702888489 epoch=12 and step=10
2026-04-21 07:56:47,665 - SplitNNClient - INFO - 22056 - phase=train acc=0.47890625 loss=15.21150279045105 epoch=12 and step=10
2026-04-21 07:56:47,768 - SplitNNClient - INFO - 24308 - phase=train acc=0.49296875 loss=14.75951886177063 epoch=12 and step=10
2026-04-21 07:56:53,136 - SplitNNClient - INFO - 16356 - phase=train acc=0.496875 loss=28.237013936042786 epoch=12 and step=20
2026-04-21 07:56:53,263 - SplitNNClient - INFO - 20344 - phase=train acc=0.513671875 loss=27.67357909679413 epoch=12 and step=20
2026-04-21 07:56:53,410 - SplitNNClient - INFO - 10428 - phase=train acc=0.451953125 loss=29.84087383747101 epoch=12 and step=20
2026-04-21 07:56:53,501 - SplitNNClient - INFO - 22056 - phase=train acc=0.498828125 loss=29.345618844032288 epoch=12 and step=20
2026-04-21 07:56:53,605 - SplitNNClient - INFO - 24308 - phase=train acc=0.487890625 loss=29.112603306770325 epoch=12 and step=20
2026-04-21 07:56:58,960 - SplitNNClient - INFO - 16356 - phase=train acc=0.5065104166666666 loss=41.400097131729126 epoch=12 and step=30
2026-04-21 07:56:59,084 - SplitNNClient - INFO - 20344 - phase=train acc=0.5252604166666667 loss=39.94075357913971 epoch=12 and step=30
2026-04-21 07:56:59,206 - SplitNNClient - INFO - 10428 - phase=train acc=0.45807291666666666 loss=43.681112408638 epoch=12 and step=30
2026-04-21 07:56:59,303 - SplitNNClient - INFO - 22056 - phase=train acc=0.51796875 loss=42.85186755657196 epoch=12 and step=30
2026-04-21 07:56:59,440 - SplitNNClient - INFO - 24308 - phase=train acc=0.48359375 loss=43.836668252944946 epoch=12 and step=30
2026-04-21 07:57:04,858 - SplitNNClient - INFO - 16356 - phase=train acc=0.5142578125 loss=54.363176226615906 epoch=12 and step=40
2026-04-21 07:57:04,980 - SplitNNClient - INFO - 20344 - phase=train acc=0.53359375 loss=52.517120718955994 epoch=12 and step=40
2026-04-21 07:57:05,114 - SplitNNClient - INFO - 10428 - phase=train acc=0.4671875 loss=56.51599383354187 epoch=12 and step=40
2026-04-21 07:57:05,207 - SplitNNClient - INFO - 22056 - phase=train acc=0.5271484375 loss=56.38343048095703 epoch=12 and step=40
2026-04-21 07:57:05,361 - SplitNNClient - INFO - 24308 - phase=train acc=0.4857421875 loss=57.710005044937134 epoch=12 and step=40
2026-04-21 07:57:10,810 - SplitNNClient - INFO - 16356 - phase=train acc=0.51609375 loss=67.35593903064728 epoch=12 and step=50
2026-04-21 07:57:10,926 - SplitNNClient - INFO - 20344 - phase=train acc=0.5384375 loss=64.75840187072754 epoch=12 and step=50
2026-04-21 07:57:11,031 - SplitNNClient - INFO - 10428 - phase=train acc=0.4746875 loss=69.51053524017334 epoch=12 and step=50
2026-04-21 07:57:11,164 - SplitNNClient - INFO - 22056 - phase=train acc=0.52421875 loss=70.7071064710617 epoch=12 and step=50
2026-04-21 07:57:11,265 - SplitNNClient - INFO - 24308 - phase=train acc=0.49125 loss=71.48105800151825 epoch=12 and step=50
2026-04-21 07:57:16,090 - SplitNNClient - INFO - 16356 - phase=train acc=0.5158854166666667 loss=80.48392701148987 epoch=12 and step=60
2026-04-21 07:57:16,202 - SplitNNClient - INFO - 20344 - phase=train acc=0.536328125 loss=78.17420768737793 epoch=12 and step=60
2026-04-21 07:57:16,301 - SplitNNClient - INFO - 22056 - phase=train acc=0.5268229166666667 loss=84.34193480014801 epoch=12 and step=60
2026-04-21 07:57:16,436 - SplitNNClient - INFO - 24308 - phase=train acc=0.49518229166666666 loss=85.3027093410492 epoch=12 and step=60
2026-04-21 07:57:20,570 - SplitNNClient - INFO - 20344 - phase=train acc=0.5386160714285714 loss=90.83592939376831 epoch=12 and step=70
2026-04-21 07:57:20,671 - SplitNNClient - INFO - 22056 - phase=train acc=0.5274553571428572 loss=98.21146261692047 epoch=12 and step=70
2026-04-21 07:57:23,233 - SplitNNClient - INFO - 20344 - phase=train acc=0.53974609375 loss=103.59999251365662 epoch=12 and step=80
2026-04-21 07:57:25,436 - SplitNNClient - INFO - 20344 - phase=train acc=0.5423611111111111 loss=115.81206905841827 epoch=12 and step=90
2026-04-21 07:57:27,540 - SplitNNClient - INFO - 20344 - phase=train acc=0.545859375 loss=127.93152439594269 epoch=12 and step=100
2026-04-21 07:57:29,680 - SplitNNClient - INFO - 20344 - phase=train acc=0.5455255681818182 loss=140.95427894592285 epoch=12 and step=110
2026-04-21 07:57:31,844 - SplitNNClient - INFO - 20344 - phase=train acc=0.5455078125 loss=153.80707502365112 epoch=12 and step=120
2026-04-21 07:57:32,323 - FedServerManager - INFO - 16596 - get all model params ---- from rank fed_server
2026-04-21 07:57:50,043 - SplitNNClient - INFO - 22056 - phase=validation acc=0.3657 loss=141.69668781757355 epoch=12 and step=79
2026-04-21 07:57:50,061 - SplitNNClient - INFO - 10428 - phase=validation acc=0.3657 loss=141.69668781757355 epoch=12 and step=79
2026-04-21 07:57:50,129 - SplitNNClient - INFO - 24308 - phase=validation acc=0.3657 loss=141.69668781757355 epoch=12 and step=79
2026-04-21 07:57:50,137 - SplitNNClient - INFO - 16356 - phase=validation acc=0.3657 loss=141.69668781757355 epoch=12 and step=79
2026-04-21 07:57:50,165 - SplitNNClient - INFO - 20344 - phase=validation acc=0.3657 loss=141.69668781757355 epoch=12 and step=79
2026-04-21 07:57:55,687 - SplitNNClient - INFO - 16356 - phase=train acc=0.45859375 loss=14.999079942703247 epoch=13 and step=10
2026-04-21 07:57:55,803 - SplitNNClient - INFO - 10428 - phase=train acc=0.43671875 loss=15.188107013702393 epoch=13 and step=10
2026-04-21 07:57:55,941 - SplitNNClient - INFO - 24308 - phase=train acc=0.46875 loss=14.94291090965271 epoch=13 and step=10
2026-04-21 07:57:56,062 - SplitNNClient - INFO - 22056 - phase=train acc=0.4953125 loss=15.13084328174591 epoch=13 and step=10
2026-04-21 07:57:56,163 - SplitNNClient - INFO - 20344 - phase=train acc=0.49921875 loss=13.960691213607788 epoch=13 and step=10
2026-04-21 07:58:01,544 - SplitNNClient - INFO - 16356 - phase=train acc=0.5015625 loss=27.550174832344055 epoch=13 and step=20
2026-04-21 07:58:01,665 - SplitNNClient - INFO - 10428 - phase=train acc=0.44765625 loss=28.98366951942444 epoch=13 and step=20
2026-04-21 07:58:01,808 - SplitNNClient - INFO - 24308 - phase=train acc=0.470703125 loss=29.330090880393982 epoch=13 and step=20
2026-04-21 07:58:01,930 - SplitNNClient - INFO - 22056 - phase=train acc=0.501953125 loss=29.760676980018616 epoch=13 and step=20
2026-04-21 07:58:02,031 - SplitNNClient - INFO - 20344 - phase=train acc=0.52890625 loss=26.80840229988098 epoch=13 and step=20
2026-04-21 07:58:07,539 - SplitNNClient - INFO - 16356 - phase=train acc=0.5130208333333334 loss=40.133585810661316 epoch=13 and step=30
2026-04-21 07:58:07,670 - SplitNNClient - INFO - 10428 - phase=train acc=0.45807291666666666 loss=42.477578997612 epoch=13 and step=30
2026-04-21 07:58:07,791 - SplitNNClient - INFO - 24308 - phase=train acc=0.47369791666666666 loss=43.36318528652191 epoch=13 and step=30
2026-04-21 07:58:07,921 - SplitNNClient - INFO - 22056 - phase=train acc=0.5072916666666667 loss=44.20456159114838 epoch=13 and step=30
2026-04-21 07:58:08,019 - SplitNNClient - INFO - 20344 - phase=train acc=0.5380208333333333 loss=39.17106485366821 epoch=13 and step=30
2026-04-21 07:58:13,446 - SplitNNClient - INFO - 16356 - phase=train acc=0.521484375 loss=52.3951895236969 epoch=13 and step=40
2026-04-21 07:58:13,549 - SplitNNClient - INFO - 10428 - phase=train acc=0.462109375 loss=55.741408348083496 epoch=13 and step=40
2026-04-21 07:58:13,670 - SplitNNClient - INFO - 24308 - phase=train acc=0.480859375 loss=57.333311796188354 epoch=13 and step=40
2026-04-21 07:58:13,798 - SplitNNClient - INFO - 22056 - phase=train acc=0.5078125 loss=58.566641211509705 epoch=13 and step=40
2026-04-21 07:58:13,937 - SplitNNClient - INFO - 20344 - phase=train acc=0.5482421875 loss=50.95877718925476 epoch=13 and step=40
2026-04-21 07:58:19,375 - SplitNNClient - INFO - 16356 - phase=train acc=0.523125 loss=65.26817548274994 epoch=13 and step=50
2026-04-21 07:58:19,515 - SplitNNClient - INFO - 10428 - phase=train acc=0.4690625 loss=68.71310925483704 epoch=13 and step=50
2026-04-21 07:58:19,606 - SplitNNClient - INFO - 24308 - phase=train acc=0.4915625 loss=70.68026316165924 epoch=13 and step=50
2026-04-21 07:58:19,711 - SplitNNClient - INFO - 22056 - phase=train acc=0.51671875 loss=71.95450556278229 epoch=13 and step=50
2026-04-21 07:58:19,838 - SplitNNClient - INFO - 20344 - phase=train acc=0.55234375 loss=62.68096548318863 epoch=13 and step=50
2026-04-21 07:58:24,727 - SplitNNClient - INFO - 16356 - phase=train acc=0.5303385416666667 loss=77.40950751304626 epoch=13 and step=60
2026-04-21 07:58:24,815 - SplitNNClient - INFO - 24308 - phase=train acc=0.49375 loss=84.1914792060852 epoch=13 and step=60
2026-04-21 07:58:24,928 - SplitNNClient - INFO - 22056 - phase=train acc=0.5217447916666667 loss=85.5073344707489 epoch=13 and step=60
2026-04-21 07:58:25,049 - SplitNNClient - INFO - 20344 - phase=train acc=0.5498697916666667 loss=75.54679256677628 epoch=13 and step=60
2026-04-21 07:58:29,279 - SplitNNClient - INFO - 22056 - phase=train acc=0.52265625 loss=99.1294813156128 epoch=13 and step=70
2026-04-21 07:58:29,389 - SplitNNClient - INFO - 20344 - phase=train acc=0.5482142857142858 loss=87.8958985209465 epoch=13 and step=70
2026-04-21 07:58:32,054 - SplitNNClient - INFO - 20344 - phase=train acc=0.55302734375 loss=99.61109191179276 epoch=13 and step=80
2026-04-21 07:58:34,190 - SplitNNClient - INFO - 20344 - phase=train acc=0.5559027777777777 loss=111.57296043634415 epoch=13 and step=90
2026-04-21 07:58:36,359 - SplitNNClient - INFO - 20344 - phase=train acc=0.555546875 loss=124.43674558401108 epoch=13 and step=100
2026-04-21 07:58:38,523 - SplitNNClient - INFO - 20344 - phase=train acc=0.5555397727272727 loss=136.79405814409256 epoch=13 and step=110
2026-04-21 07:58:40,603 - SplitNNClient - INFO - 20344 - phase=train acc=0.5554036458333333 loss=149.22073739767075 epoch=13 and step=120
2026-04-21 07:58:41,066 - FedServerManager - INFO - 16596 - get all model params ---- from rank fed_server
2026-04-21 07:58:59,037 - SplitNNClient - INFO - 24308 - phase=validation acc=0.3688 loss=135.14617598056793 epoch=13 and step=79
2026-04-21 07:58:59,268 - SplitNNClient - INFO - 22056 - phase=validation acc=0.3688 loss=135.14617598056793 epoch=13 and step=79
2026-04-21 07:58:59,368 - SplitNNClient - INFO - 10428 - phase=validation acc=0.3688 loss=135.14617598056793 epoch=13 and step=79
2026-04-21 07:58:59,649 - SplitNNClient - INFO - 20344 - phase=validation acc=0.3688 loss=135.14617598056793 epoch=13 and step=79
2026-04-21 07:58:59,732 - SplitNNClient - INFO - 16356 - phase=validation acc=0.3688 loss=135.14617598056793 epoch=13 and step=79
2026-04-21 07:59:05,317 - SplitNNClient - INFO - 20344 - phase=train acc=0.47265625 loss=14.293884754180908 epoch=14 and step=10
2026-04-21 07:59:05,408 - SplitNNClient - INFO - 16356 - phase=train acc=0.4640625 loss=15.290790796279907 epoch=14 and step=10
2026-04-21 07:59:05,544 - SplitNNClient - INFO - 10428 - phase=train acc=0.4234375 loss=15.43021285533905 epoch=14 and step=10
2026-04-21 07:59:05,634 - SplitNNClient - INFO - 24308 - phase=train acc=0.453125 loss=15.179690480232239 epoch=14 and step=10
2026-04-21 07:59:05,772 - SplitNNClient - INFO - 22056 - phase=train acc=0.49453125 loss=15.311697602272034 epoch=14 and step=10
2026-04-21 07:59:11,050 - SplitNNClient - INFO - 20344 - phase=train acc=0.52265625 loss=26.59641444683075 epoch=14 and step=20
2026-04-21 07:59:11,156 - SplitNNClient - INFO - 16356 - phase=train acc=0.452734375 loss=30.45517075061798 epoch=14 and step=20
2026-04-21 07:59:11,292 - SplitNNClient - INFO - 10428 - phase=train acc=0.45234375 loss=28.870058059692383 epoch=14 and step=20
2026-04-21 07:59:11,383 - SplitNNClient - INFO - 24308 - phase=train acc=0.475 loss=29.27885365486145 epoch=14 and step=20
2026-04-21 07:59:11,513 - SplitNNClient - INFO - 22056 - phase=train acc=0.516015625 loss=29.422572135925293 epoch=14 and step=20
2026-04-21 07:59:16,965 - SplitNNClient - INFO - 20344 - phase=train acc=0.53515625 loss=38.88402211666107 epoch=14 and step=30
2026-04-21 07:59:17,109 - SplitNNClient - INFO - 16356 - phase=train acc=0.45677083333333335 loss=44.83478891849518 epoch=14 and step=30
2026-04-21 07:59:17,194 - SplitNNClient - INFO - 10428 - phase=train acc=0.46953125 loss=41.8904892206192 epoch=14 and step=30
2026-04-21 07:59:17,308 - SplitNNClient - INFO - 24308 - phase=train acc=0.47213541666666664 loss=43.99001324176788 epoch=14 and step=30
2026-04-21 07:59:17,421 - SplitNNClient - INFO - 22056 - phase=train acc=0.5265625 loss=43.30005240440369 epoch=14 and step=30
2026-04-21 07:59:22,780 - SplitNNClient - INFO - 20344 - phase=train acc=0.545703125 loss=50.98663341999054 epoch=14 and step=40
2026-04-21 07:59:22,926 - SplitNNClient - INFO - 16356 - phase=train acc=0.46015625 loss=59.013545751571655 epoch=14 and step=40
2026-04-21 07:59:23,009 - SplitNNClient - INFO - 10428 - phase=train acc=0.4740234375 loss=55.22607433795929 epoch=14 and step=40
2026-04-21 07:59:23,116 - SplitNNClient - INFO - 24308 - phase=train acc=0.4798828125 loss=57.65667808055878 epoch=14 and step=40
2026-04-21 07:59:23,237 - SplitNNClient - INFO - 22056 - phase=train acc=0.532421875 loss=56.91672241687775 epoch=14 and step=40
2026-04-21 07:59:28,639 - SplitNNClient - INFO - 20344 - phase=train acc=0.5534375 loss=62.44145631790161 epoch=14 and step=50
2026-04-21 07:59:28,741 - SplitNNClient - INFO - 16356 - phase=train acc=0.46984375 loss=72.4561197757721 epoch=14 and step=50
2026-04-21 07:59:28,865 - SplitNNClient - INFO - 10428 - phase=train acc=0.47625 loss=68.6106745004654 epoch=14 and step=50
2026-04-21 07:59:29,005 - SplitNNClient - INFO - 24308 - phase=train acc=0.4865625 loss=71.02770555019379 epoch=14 and step=50
2026-04-21 07:59:29,126 - SplitNNClient - INFO - 22056 - phase=train acc=0.53375 loss=70.57351648807526 epoch=14 and step=50
2026-04-21 07:59:33,929 - SplitNNClient - INFO - 20344 - phase=train acc=0.5516927083333333 loss=75.06277251243591 epoch=14 and step=60
2026-04-21 07:59:34,018 - SplitNNClient - INFO - 16356 - phase=train acc=0.47486979166666665 loss=85.90301060676575 epoch=14 and step=60
2026-04-21 07:59:34,155 - SplitNNClient - INFO - 24308 - phase=train acc=0.489453125 loss=84.8926329612732 epoch=14 and step=60
2026-04-21 07:59:34,289 - SplitNNClient - INFO - 22056 - phase=train acc=0.5348958333333333 loss=84.09841275215149 epoch=14 and step=60
2026-04-21 07:59:38,397 - SplitNNClient - INFO - 20344 - phase=train acc=0.5530133928571429 loss=87.44545912742615 epoch=14 and step=70
2026-04-21 07:59:38,608 - SplitNNClient - INFO - 22056 - phase=train acc=0.5377232142857142 loss=97.44312965869904 epoch=14 and step=70
2026-04-21 07:59:41,099 - SplitNNClient - INFO - 20344 - phase=train acc=0.55244140625 loss=99.8923636674881 epoch=14 and step=80
2026-04-21 07:59:43,270 - SplitNNClient - INFO - 20344 - phase=train acc=0.5454861111111111 loss=114.02737474441528 epoch=14 and step=90
2026-04-21 07:59:45,377 - SplitNNClient - INFO - 20344 - phase=train acc=0.537890625 loss=128.2270177602768 epoch=14 and step=100
2026-04-21 07:59:47,543 - SplitNNClient - INFO - 20344 - phase=train acc=0.5362215909090909 loss=141.2448992729187 epoch=14 and step=110
2026-04-21 07:59:49,707 - SplitNNClient - INFO - 20344 - phase=train acc=0.5347005208333333 loss=154.376629114151 epoch=14 and step=120
2026-04-21 07:59:50,202 - FedServerManager - INFO - 16596 - get all model params ---- from rank fed_server
2026-04-21 08:00:07,784 - SplitNNClient - INFO - 16356 - phase=validation acc=0.3785 loss=133.69004237651825 epoch=14 and step=79
2026-04-21 08:00:07,892 - SplitNNClient - INFO - 22056 - phase=validation acc=0.3785 loss=133.69004237651825 epoch=14 and step=79
2026-04-21 08:00:08,048 - SplitNNClient - INFO - 10428 - phase=validation acc=0.3785 loss=133.69004237651825 epoch=14 and step=79
2026-04-21 08:00:08,332 - SplitNNClient - INFO - 20344 - phase=validation acc=0.3785 loss=133.69004237651825 epoch=14 and step=79
2026-04-21 08:00:08,511 - SplitNNClient - INFO - 24308 - phase=validation acc=0.3785 loss=133.69004237651825 epoch=14 and step=79
2026-04-21 08:00:14,000 - SplitNNClient - INFO - 24308 - phase=train acc=0.47734375 loss=15.169198751449585 epoch=15 and step=10
2026-04-21 08:00:14,086 - SplitNNClient - INFO - 20344 - phase=train acc=0.45703125 loss=15.282737016677856 epoch=15 and step=10
2026-04-21 08:00:14,228 - SplitNNClient - INFO - 16356 - phase=train acc=0.50078125 loss=14.536118388175964 epoch=15 and step=10
2026-04-21 08:00:14,316 - SplitNNClient - INFO - 22056 - phase=train acc=0.4671875 loss=15.634970307350159 epoch=15 and step=10
2026-04-21 08:00:14,447 - SplitNNClient - INFO - 10428 - phase=train acc=0.40546875 loss=16.281346559524536 epoch=15 and step=10
2026-04-21 08:00:19,844 - SplitNNClient - INFO - 24308 - phase=train acc=0.478515625 loss=29.599106073379517 epoch=15 and step=20
2026-04-21 08:00:19,978 - SplitNNClient - INFO - 20344 - phase=train acc=0.483984375 loss=28.94473683834076 epoch=15 and step=20
2026-04-21 08:00:20,092 - SplitNNClient - INFO - 16356 - phase=train acc=0.5203125 loss=27.537935853004456 epoch=15 and step=20
2026-04-21 08:00:20,230 - SplitNNClient - INFO - 22056 - phase=train acc=0.503125 loss=29.703901648521423 epoch=15 and step=20
2026-04-21 08:00:20,345 - SplitNNClient - INFO - 10428 - phase=train acc=0.426953125 loss=31.09626340866089 epoch=15 and step=20
2026-04-21 08:00:25,741 - SplitNNClient - INFO - 24308 - phase=train acc=0.48385416666666664 loss=43.40847206115723 epoch=15 and step=30
2026-04-21 08:00:25,876 - SplitNNClient - INFO - 20344 - phase=train acc=0.4984375 loss=41.78070783615112 epoch=15 and step=30
2026-04-21 08:00:25,993 - SplitNNClient - INFO - 16356 - phase=train acc=0.528125 loss=40.12736403942108 epoch=15 and step=30
2026-04-21 08:00:26,123 - SplitNNClient - INFO - 22056 - phase=train acc=0.5153645833333333 loss=43.47787535190582 epoch=15 and step=30
2026-04-21 08:00:26,245 - SplitNNClient - INFO - 10428 - phase=train acc=0.43072916666666666 loss=45.42514729499817 epoch=15 and step=30
2026-04-21 08:00:31,654 - SplitNNClient - INFO - 24308 - phase=train acc=0.4857421875 loss=57.36513578891754 epoch=15 and step=40
2026-04-21 08:00:31,742 - SplitNNClient - INFO - 20344 - phase=train acc=0.5109375 loss=54.637909054756165 epoch=15 and step=40
2026-04-21 08:00:31,874 - SplitNNClient - INFO - 16356 - phase=train acc=0.5318359375 loss=52.6844916343689 epoch=15 and step=40
2026-04-21 08:00:32,014 - SplitNNClient - INFO - 22056 - phase=train acc=0.5216796875 loss=57.2968807220459 epoch=15 and step=40
2026-04-21 08:00:32,103 - SplitNNClient - INFO - 10428 - phase=train acc=0.444140625 loss=58.81312096118927 epoch=15 and step=40
2026-04-21 08:00:37,589 - SplitNNClient - INFO - 24308 - phase=train acc=0.4896875 loss=71.22683346271515 epoch=15 and step=50
2026-04-21 08:00:37,730 - SplitNNClient - INFO - 20344 - phase=train acc=0.5115625 loss=67.96277487277985 epoch=15 and step=50
2026-04-21 08:00:37,843 - SplitNNClient - INFO - 16356 - phase=train acc=0.53875 loss=65.12667047977448 epoch=15 and step=50
2026-04-21 08:00:37,974 - SplitNNClient - INFO - 22056 - phase=train acc=0.52390625 loss=70.99197721481323 epoch=15 and step=50
2026-04-21 08:00:38,075 - SplitNNClient - INFO - 10428 - phase=train acc=0.4496875 loss=72.47854483127594 epoch=15 and step=50
2026-04-21 08:00:42,898 - SplitNNClient - INFO - 24308 - phase=train acc=0.493359375 loss=84.45362746715546 epoch=15 and step=60
2026-04-21 08:00:43,025 - SplitNNClient - INFO - 20344 - phase=train acc=0.51875 loss=80.42441987991333 epoch=15 and step=60
2026-04-21 08:00:43,156 - SplitNNClient - INFO - 16356 - phase=train acc=0.5364583333333334 loss=77.71969854831696 epoch=15 and step=60
2026-04-21 08:00:43,285 - SplitNNClient - INFO - 22056 - phase=train acc=0.528125 loss=84.37439608573914 epoch=15 and step=60
2026-04-21 08:00:47,566 - SplitNNClient - INFO - 20344 - phase=train acc=0.5247767857142858 loss=92.74668037891388 epoch=15 and step=70
2026-04-21 08:00:47,658 - SplitNNClient - INFO - 22056 - phase=train acc=0.5321428571428571 loss=97.95592963695526 epoch=15 and step=70
2026-04-21 08:00:50,175 - SplitNNClient - INFO - 20344 - phase=train acc=0.5279296875 loss=105.52766954898834 epoch=15 and step=80
2026-04-21 08:00:52,340 - SplitNNClient - INFO - 20344 - phase=train acc=0.5316840277777778 loss=117.97360754013062 epoch=15 and step=90
2026-04-21 08:00:54,507 - SplitNNClient - INFO - 20344 - phase=train acc=0.53359375 loss=130.54896783828735 epoch=15 and step=100
2026-04-21 08:00:56,643 - SplitNNClient - INFO - 20344 - phase=train acc=0.5347301136363637 loss=142.99638521671295 epoch=15 and step=110
2026-04-21 08:00:58,806 - SplitNNClient - INFO - 20344 - phase=train acc=0.5376953125 loss=155.19215857982635 epoch=15 and step=120
2026-04-21 08:00:59,260 - FedServerManager - INFO - 16596 - get all model params ---- from rank fed_server
2026-04-21 08:01:16,204 - SplitNNClient - INFO - 16356 - phase=validation acc=0.3741 loss=133.75504863262177 epoch=15 and step=79
2026-04-21 08:01:16,371 - SplitNNClient - INFO - 22056 - phase=validation acc=0.3741 loss=133.75504863262177 epoch=15 and step=79
2026-04-21 08:01:16,383 - SplitNNClient - INFO - 10428 - phase=validation acc=0.3741 loss=133.75504863262177 epoch=15 and step=79
2026-04-21 08:01:16,506 - SplitNNClient - INFO - 20344 - phase=validation acc=0.3741 loss=133.75504863262177 epoch=15 and step=79
2026-04-21 08:01:16,650 - SplitNNClient - INFO - 24308 - phase=validation acc=0.3741 loss=133.75504863262177 epoch=15 and step=79
2026-04-21 08:01:22,108 - SplitNNClient - INFO - 16356 - phase=train acc=0.45234375 loss=15.008512616157532 epoch=16 and step=10
2026-04-21 08:01:22,231 - SplitNNClient - INFO - 22056 - phase=train acc=0.496875 loss=15.508745312690735 epoch=16 and step=10
2026-04-21 08:01:22,327 - SplitNNClient - INFO - 20344 - phase=train acc=0.49140625 loss=14.200526714324951 epoch=16 and step=10
2026-04-21 08:01:22,465 - SplitNNClient - INFO - 10428 - phase=train acc=0.45390625 loss=15.481806755065918 epoch=16 and step=10
2026-04-21 08:01:22,559 - SplitNNClient - INFO - 24308 - phase=train acc=0.48828125 loss=14.175353765487671 epoch=16 and step=10
2026-04-21 08:01:27,871 - SplitNNClient - INFO - 16356 - phase=train acc=0.5015625 loss=27.323406457901 epoch=16 and step=20
2026-04-21 08:01:27,989 - SplitNNClient - INFO - 22056 - phase=train acc=0.519140625 loss=29.259530186653137 epoch=16 and step=20
2026-04-21 08:01:28,090 - SplitNNClient - INFO - 20344 - phase=train acc=0.526953125 loss=26.594141125679016 epoch=16 and step=20
2026-04-21 08:01:28,218 - SplitNNClient - INFO - 10428 - phase=train acc=0.4625 loss=29.573705911636353 epoch=16 and step=20
2026-04-21 08:01:28,310 - SplitNNClient - INFO - 24308 - phase=train acc=0.499609375 loss=27.671878814697266 epoch=16 and step=20
2026-04-21 08:01:33,692 - SplitNNClient - INFO - 16356 - phase=train acc=0.51640625 loss=40.07720124721527 epoch=16 and step=30
2026-04-21 08:01:33,818 - SplitNNClient - INFO - 22056 - phase=train acc=0.5338541666666666 loss=42.36669743061066 epoch=16 and step=30
2026-04-21 08:01:33,956 - SplitNNClient - INFO - 20344 - phase=train acc=0.5372395833333333 loss=38.876966774463654 epoch=16 and step=30
2026-04-21 08:01:34,053 - SplitNNClient - INFO - 10428 - phase=train acc=0.4708333333333333 loss=42.99467432498932 epoch=16 and step=30
2026-04-21 08:01:34,158 - SplitNNClient - INFO - 24308 - phase=train acc=0.49947916666666664 loss=41.459075808525085 epoch=16 and step=30
2026-04-21 08:01:39,523 - SplitNNClient - INFO - 16356 - phase=train acc=0.52734375 loss=52.3394957780838 epoch=16 and step=40
2026-04-21 08:01:39,643 - SplitNNClient - INFO - 22056 - phase=train acc=0.5451171875 loss=55.351574420928955 epoch=16 and step=40
2026-04-21 08:01:39,773 - SplitNNClient - INFO - 20344 - phase=train acc=0.539453125 loss=51.07603281736374 epoch=16 and step=40
2026-04-21 08:01:39,867 - SplitNNClient - INFO - 10428 - phase=train acc=0.48359375 loss=55.29260742664337 epoch=16 and step=40
2026-04-21 08:01:39,978 - SplitNNClient - INFO - 24308 - phase=train acc=0.5021484375 loss=54.95063841342926 epoch=16 and step=40
2026-04-21 08:01:45,297 - SplitNNClient - INFO - 16356 - phase=train acc=0.530625 loss=64.8006991147995 epoch=16 and step=50
2026-04-21 08:01:45,413 - SplitNNClient - INFO - 22056 - phase=train acc=0.545 loss=68.55360186100006 epoch=16 and step=50
2026-04-21 08:01:45,517 - SplitNNClient - INFO - 20344 - phase=train acc=0.54359375 loss=63.39283961057663 epoch=16 and step=50
2026-04-21 08:01:45,646 - SplitNNClient - INFO - 10428 - phase=train acc=0.4853125 loss=68.27724850177765 epoch=16 and step=50
2026-04-21 08:01:45,743 - SplitNNClient - INFO - 24308 - phase=train acc=0.5078125 loss=68.21005368232727 epoch=16 and step=50
2026-04-21 08:01:50,476 - SplitNNClient - INFO - 16356 - phase=train acc=0.5329427083333333 loss=77.07956421375275 epoch=16 and step=60
2026-04-21 08:01:50,601 - SplitNNClient - INFO - 22056 - phase=train acc=0.5430989583333333 loss=81.97439301013947 epoch=16 and step=60
2026-04-21 08:01:50,730 - SplitNNClient - INFO - 20344 - phase=train acc=0.5497395833333333 loss=75.34441369771957 epoch=16 and step=60
2026-04-21 08:01:50,827 - SplitNNClient - INFO - 24308 - phase=train acc=0.5100260416666667 loss=81.98515462875366 epoch=16 and step=60
2026-04-21 08:01:54,997 - SplitNNClient - INFO - 22056 - phase=train acc=0.54453125 loss=95.28638434410095 epoch=16 and step=70
2026-04-21 08:01:55,102 - SplitNNClient - INFO - 20344 - phase=train acc=0.5508928571428572 loss=87.33431071043015 epoch=16 and step=70
2026-04-21 08:01:57,677 - SplitNNClient - INFO - 20344 - phase=train acc=0.54873046875 loss=100.1503831744194 epoch=16 and step=80
2026-04-21 08:01:59,844 - SplitNNClient - INFO - 20344 - phase=train acc=0.5473090277777778 loss=112.86558002233505 epoch=16 and step=90
2026-04-21 08:02:02,004 - SplitNNClient - INFO - 20344 - phase=train acc=0.550078125 loss=124.70659106969833 epoch=16 and step=100
2026-04-21 08:02:04,176 - SplitNNClient - INFO - 20344 - phase=train acc=0.5505681818181818 loss=137.19389218091965 epoch=16 and step=110
2026-04-21 08:02:06,352 - SplitNNClient - INFO - 20344 - phase=train acc=0.5518880208333333 loss=149.02969235181808 epoch=16 and step=120
2026-04-21 08:02:06,807 - FedServerManager - INFO - 16596 - get all model params ---- from rank fed_server
2026-04-21 08:02:24,109 - SplitNNClient - INFO - 22056 - phase=validation acc=0.4308 loss=125.10497522354126 epoch=16 and step=79
2026-04-21 08:02:24,122 - SplitNNClient - INFO - 10428 - phase=validation acc=0.4308 loss=125.10497522354126 epoch=16 and step=79
2026-04-21 08:02:24,159 - SplitNNClient - INFO - 20344 - phase=validation acc=0.4308 loss=125.10497522354126 epoch=16 and step=79
2026-04-21 08:02:24,288 - SplitNNClient - INFO - 16356 - phase=validation acc=0.4308 loss=125.10497522354126 epoch=16 and step=79
2026-04-21 08:02:24,546 - SplitNNClient - INFO - 24308 - phase=validation acc=0.4308 loss=125.10497522354126 epoch=16 and step=79
2026-04-21 08:02:30,052 - SplitNNClient - INFO - 16356 - phase=train acc=0.515625 loss=13.981764316558838 epoch=17 and step=10
2026-04-21 08:02:30,147 - SplitNNClient - INFO - 24308 - phase=train acc=0.51640625 loss=14.156216382980347 epoch=17 and step=10
2026-04-21 08:02:30,277 - SplitNNClient - INFO - 22056 - phase=train acc=0.50390625 loss=15.32493007183075 epoch=17 and step=10
2026-04-21 08:02:30,365 - SplitNNClient - INFO - 20344 - phase=train acc=0.515625 loss=13.609157919883728 epoch=17 and step=10
2026-04-21 08:02:30,501 - SplitNNClient - INFO - 10428 - phase=train acc=0.4375 loss=15.321838974952698 epoch=17 and step=10
2026-04-21 08:02:35,836 - SplitNNClient - INFO - 16356 - phase=train acc=0.53125 loss=26.539535522460938 epoch=17 and step=20
2026-04-21 08:02:35,956 - SplitNNClient - INFO - 24308 - phase=train acc=0.523828125 loss=27.73914921283722 epoch=17 and step=20
2026-04-21 08:02:36,088 - SplitNNClient - INFO - 22056 - phase=train acc=0.541015625 loss=28.319733262062073 epoch=17 and step=20
2026-04-21 08:02:36,184 - SplitNNClient - INFO - 20344 - phase=train acc=0.53984375 loss=25.906481862068176 epoch=17 and step=20
2026-04-21 08:02:36,311 - SplitNNClient - INFO - 10428 - phase=train acc=0.446875 loss=29.083923816680908 epoch=17 and step=20
2026-04-21 08:02:41,558 - SplitNNClient - INFO - 16356 - phase=train acc=0.5393229166666667 loss=38.943971395492554 epoch=17 and step=30
2026-04-21 08:02:41,690 - SplitNNClient - INFO - 24308 - phase=train acc=0.5231770833333333 loss=40.883357524871826 epoch=17 and step=30
2026-04-21 08:02:41,823 - SplitNNClient - INFO - 22056 - phase=train acc=0.5447916666666667 loss=41.49183118343353 epoch=17 and step=30
2026-04-21 08:02:41,911 - SplitNNClient - INFO - 20344 - phase=train acc=0.5481770833333334 loss=38.01498520374298 epoch=17 and step=30
2026-04-21 08:02:42,019 - SplitNNClient - INFO - 10428 - phase=train acc=0.4440104166666667 loss=42.812121987342834 epoch=17 and step=30
2026-04-21 08:02:47,344 - SplitNNClient - INFO - 16356 - phase=train acc=0.5361328125 loss=51.5662727355957 epoch=17 and step=40
2026-04-21 08:02:47,436 - SplitNNClient - INFO - 24308 - phase=train acc=0.5193359375 loss=54.51879441738129 epoch=17 and step=40
2026-04-21 08:02:47,579 - SplitNNClient - INFO - 22056 - phase=train acc=0.5462890625 loss=54.86850190162659 epoch=17 and step=40
2026-04-21 08:02:47,719 - SplitNNClient - INFO - 20344 - phase=train acc=0.555078125 loss=50.058133482933044 epoch=17 and step=40
2026-04-21 08:02:47,797 - SplitNNClient - INFO - 10428 - phase=train acc=0.45703125 loss=55.61634576320648 epoch=17 and step=40
2026-04-21 08:02:53,151 - SplitNNClient - INFO - 16356 - phase=train acc=0.5378125 loss=63.752607464790344 epoch=17 and step=50
2026-04-21 08:02:53,285 - SplitNNClient - INFO - 24308 - phase=train acc=0.51921875 loss=67.65788853168488 epoch=17 and step=50
2026-04-21 08:02:53,402 - SplitNNClient - INFO - 22056 - phase=train acc=0.54578125 loss=68.537606716156 epoch=17 and step=50
2026-04-21 08:02:53,545 - SplitNNClient - INFO - 20344 - phase=train acc=0.55703125 loss=62.15515863895416 epoch=17 and step=50
2026-04-21 08:02:53,629 - SplitNNClient - INFO - 10428 - phase=train acc=0.47015625 loss=68.22261548042297 epoch=17 and step=50
2026-04-21 08:02:58,430 - SplitNNClient - INFO - 16356 - phase=train acc=0.5389322916666667 loss=76.04300534725189 epoch=17 and step=60
2026-04-21 08:02:58,529 - SplitNNClient - INFO - 24308 - phase=train acc=0.5135416666666667 loss=81.51071882247925 epoch=17 and step=60
2026-04-21 08:02:58,662 - SplitNNClient - INFO - 22056 - phase=train acc=0.5454427083333333 loss=82.23718857765198 epoch=17 and step=60
2026-04-21 08:02:58,756 - SplitNNClient - INFO - 20344 - phase=train acc=0.55703125 loss=74.30527341365814 epoch=17 and step=60
2026-04-21 08:03:02,813 - SplitNNClient - INFO - 22056 - phase=train acc=0.5457589285714286 loss=95.79020476341248 epoch=17 and step=70
2026-04-21 08:03:02,908 - SplitNNClient - INFO - 20344 - phase=train acc=0.5591517857142857 loss=86.07826113700867 epoch=17 and step=70
2026-04-21 08:03:05,548 - SplitNNClient - INFO - 20344 - phase=train acc=0.56455078125 loss=97.79251509904861 epoch=17 and step=80
2026-04-21 08:03:07,708 - SplitNNClient - INFO - 20344 - phase=train acc=0.5652777777777778 loss=109.65338426828384 epoch=17 and step=90
2026-04-21 08:03:09,841 - SplitNNClient - INFO - 20344 - phase=train acc=0.563828125 loss=122.2884870171547 epoch=17 and step=100
2026-04-21 08:03:12,008 - SplitNNClient - INFO - 20344 - phase=train acc=0.5607954545454545 loss=135.12245017290115 epoch=17 and step=110
2026-04-21 08:03:14,086 - SplitNNClient - INFO - 20344 - phase=train acc=0.5637369791666667 loss=146.56536585092545 epoch=17 and step=120
2026-04-21 08:03:14,564 - FedServerManager - INFO - 16596 - get all model params ---- from rank fed_server
2026-04-21 08:03:31,946 - SplitNNClient - INFO - 22056 - phase=validation acc=0.4291 loss=124.2616046667099 epoch=17 and step=79
2026-04-21 08:03:31,947 - SplitNNClient - INFO - 16356 - phase=validation acc=0.4291 loss=124.2616046667099 epoch=17 and step=79
2026-04-21 08:03:32,126 - SplitNNClient - INFO - 24308 - phase=validation acc=0.4291 loss=124.2616046667099 epoch=17 and step=79
2026-04-21 08:03:32,157 - SplitNNClient - INFO - 20344 - phase=validation acc=0.4291 loss=124.2616046667099 epoch=17 and step=79
2026-04-21 08:03:32,387 - SplitNNClient - INFO - 10428 - phase=validation acc=0.4291 loss=124.2616046667099 epoch=17 and step=79
2026-04-21 08:03:37,820 - SplitNNClient - INFO - 10428 - phase=train acc=0.440625 loss=15.04922068119049 epoch=18 and step=10
2026-04-21 08:03:37,950 - SplitNNClient - INFO - 24308 - phase=train acc=0.5265625 loss=13.683987855911255 epoch=18 and step=10
2026-04-21 08:03:38,044 - SplitNNClient - INFO - 22056 - phase=train acc=0.5109375 loss=14.99225652217865 epoch=18 and step=10
2026-04-21 08:03:38,189 - SplitNNClient - INFO - 16356 - phase=train acc=0.50625 loss=13.892881870269775 epoch=18 and step=10
2026-04-21 08:03:38,271 - SplitNNClient - INFO - 20344 - phase=train acc=0.5375 loss=13.137555003166199 epoch=18 and step=10
2026-04-21 08:03:43,487 - SplitNNClient - INFO - 10428 - phase=train acc=0.45703125 loss=28.343740463256836 epoch=18 and step=20
2026-04-21 08:03:43,625 - SplitNNClient - INFO - 24308 - phase=train acc=0.51484375 loss=27.22554636001587 epoch=18 and step=20
2026-04-21 08:03:43,710 - SplitNNClient - INFO - 22056 - phase=train acc=0.52421875 loss=28.266668438911438 epoch=18 and step=20
2026-04-21 08:03:43,856 - SplitNNClient - INFO - 16356 - phase=train acc=0.534765625 loss=26.30356204509735 epoch=18 and step=20
2026-04-21 08:03:43,944 - SplitNNClient - INFO - 20344 - phase=train acc=0.544921875 loss=25.28454279899597 epoch=18 and step=20
2026-04-21 08:03:49,218 - SplitNNClient - INFO - 10428 - phase=train acc=0.46979166666666666 loss=41.07873558998108 epoch=18 and step=30
2026-04-21 08:03:49,307 - SplitNNClient - INFO - 24308 - phase=train acc=0.51796875 loss=40.07478308677673 epoch=18 and step=30
2026-04-21 08:03:49,445 - SplitNNClient - INFO - 22056 - phase=train acc=0.53515625 loss=41.46171689033508 epoch=18 and step=30
2026-04-21 08:03:49,531 - SplitNNClient - INFO - 16356 - phase=train acc=0.5440104166666667 loss=38.26968002319336 epoch=18 and step=30
2026-04-21 08:03:49,667 - SplitNNClient - INFO - 20344 - phase=train acc=0.546875 loss=37.22661876678467 epoch=18 and step=30
2026-04-21 08:03:55,054 - SplitNNClient - INFO - 10428 - phase=train acc=0.4791015625 loss=54.05351746082306 epoch=18 and step=40
2026-04-21 08:03:55,146 - SplitNNClient - INFO - 24308 - phase=train acc=0.5130859375 loss=53.930235385894775 epoch=18 and step=40
2026-04-21 08:03:55,255 - SplitNNClient - INFO - 22056 - phase=train acc=0.5400390625 loss=54.97827744483948 epoch=18 and step=40
2026-04-21 08:03:55,374 - SplitNNClient - INFO - 16356 - phase=train acc=0.55 loss=50.338767647743225 epoch=18 and step=40
2026-04-21 08:03:55,512 - SplitNNClient - INFO - 20344 - phase=train acc=0.5509765625 loss=49.39017295837402 epoch=18 and step=40
2026-04-21 08:04:00,838 - SplitNNClient - INFO - 10428 - phase=train acc=0.48328125 loss=66.80599236488342 epoch=18 and step=50
2026-04-21 08:04:00,915 - SplitNNClient - INFO - 24308 - phase=train acc=0.51109375 loss=67.8583652973175 epoch=18 and step=50
2026-04-21 08:04:01,021 - SplitNNClient - INFO - 22056 - phase=train acc=0.54515625 loss=67.8842898607254 epoch=18 and step=50
2026-04-21 08:04:01,150 - SplitNNClient - INFO - 16356 - phase=train acc=0.5559375 loss=61.942811012268066 epoch=18 and step=50
2026-04-21 08:04:01,273 - SplitNNClient - INFO - 20344 - phase=train acc=0.553125 loss=61.473857045173645 epoch=18 and step=50
2026-04-21 08:04:06,006 - SplitNNClient - INFO - 24308 - phase=train acc=0.5119791666666667 loss=81.44385945796967 epoch=18 and step=60
2026-04-21 08:04:06,142 - SplitNNClient - INFO - 22056 - phase=train acc=0.546484375 loss=80.98150110244751 epoch=18 and step=60
2026-04-21 08:04:06,262 - SplitNNClient - INFO - 16356 - phase=train acc=0.555078125 loss=74.44479870796204 epoch=18 and step=60
2026-04-21 08:04:06,386 - SplitNNClient - INFO - 20344 - phase=train acc=0.5592447916666666 loss=72.91918218135834 epoch=18 and step=60
2026-04-21 08:04:10,535 - SplitNNClient - INFO - 22056 - phase=train acc=0.5504464285714286 loss=93.63125693798065 epoch=18 and step=70
2026-04-21 08:04:10,643 - SplitNNClient - INFO - 20344 - phase=train acc=0.5592633928571429 loss=85.13319325447083 epoch=18 and step=70
2026-04-21 08:04:13,232 - SplitNNClient - INFO - 20344 - phase=train acc=0.5611328125 loss=97.33962655067444 epoch=18 and step=80
2026-04-21 08:04:15,371 - SplitNNClient - INFO - 20344 - phase=train acc=0.5603298611111112 loss=109.69699048995972 epoch=18 and step=90
2026-04-21 08:04:17,510 - SplitNNClient - INFO - 20344 - phase=train acc=0.55921875 loss=121.95836520195007 epoch=18 and step=100
2026-04-21 08:04:19,674 - SplitNNClient - INFO - 20344 - phase=train acc=0.5595170454545455 loss=134.17518603801727 epoch=18 and step=110
2026-04-21 08:04:21,837 - SplitNNClient - INFO - 20344 - phase=train acc=0.56171875 loss=145.79089426994324 epoch=18 and step=120
2026-04-21 08:04:22,335 - FedServerManager - INFO - 16596 - get all model params ---- from rank fed_server
2026-04-21 08:04:39,936 - SplitNNClient - INFO - 22056 - phase=validation acc=0.4415 loss=122.58357667922974 epoch=18 and step=79
2026-04-21 08:04:40,033 - SplitNNClient - INFO - 10428 - phase=validation acc=0.4415 loss=122.58357667922974 epoch=18 and step=79
2026-04-21 08:04:40,060 - SplitNNClient - INFO - 20344 - phase=validation acc=0.4415 loss=122.58357667922974 epoch=18 and step=79
2026-04-21 08:04:40,169 - SplitNNClient - INFO - 24308 - phase=validation acc=0.4415 loss=122.58357667922974 epoch=18 and step=79
2026-04-21 08:04:40,275 - SplitNNClient - INFO - 16356 - phase=validation acc=0.4415 loss=122.58357667922974 epoch=18 and step=79
2026-04-21 08:04:45,661 - SplitNNClient - INFO - 10428 - phase=train acc=0.4609375 loss=14.648646712303162 epoch=19 and step=10
2026-04-21 08:04:45,789 - SplitNNClient - INFO - 22056 - phase=train acc=0.50859375 loss=15.163915514945984 epoch=19 and step=10
2026-04-21 08:04:45,887 - SplitNNClient - INFO - 16356 - phase=train acc=0.5125 loss=13.670752048492432 epoch=19 and step=10
2026-04-21 08:04:46,024 - SplitNNClient - INFO - 24308 - phase=train acc=0.5296875 loss=13.518206119537354 epoch=19 and step=10
2026-04-21 08:04:46,120 - SplitNNClient - INFO - 20344 - phase=train acc=0.5296875 loss=13.124443888664246 epoch=19 and step=10
2026-04-21 08:04:51,503 - SplitNNClient - INFO - 10428 - phase=train acc=0.461328125 loss=28.33913242816925 epoch=19 and step=20
2026-04-21 08:04:51,598 - SplitNNClient - INFO - 22056 - phase=train acc=0.5453125 loss=28.13116180896759 epoch=19 and step=20
2026-04-21 08:04:51,700 - SplitNNClient - INFO - 16356 - phase=train acc=0.5359375 loss=26.003355503082275 epoch=19 and step=20
2026-04-21 08:04:51,842 - SplitNNClient - INFO - 24308 - phase=train acc=0.53515625 loss=26.300924062728882 epoch=19 and step=20
2026-04-21 08:04:51,931 - SplitNNClient - INFO - 20344 - phase=train acc=0.54765625 loss=25.34386658668518 epoch=19 and step=20
2026-04-21 08:04:57,295 - SplitNNClient - INFO - 10428 - phase=train acc=0.4622395833333333 loss=42.07757866382599 epoch=19 and step=30
2026-04-21 08:04:57,430 - SplitNNClient - INFO - 22056 - phase=train acc=0.5434895833333333 loss=41.557422518730164 epoch=19 and step=30
2026-04-21 08:04:57,528 - SplitNNClient - INFO - 16356 - phase=train acc=0.5377604166666666 loss=38.15312695503235 epoch=19 and step=30
2026-04-21 08:04:57,662 - SplitNNClient - INFO - 24308 - phase=train acc=0.5309895833333333 loss=39.315136790275574 epoch=19 and step=30
2026-04-21 08:04:57,779 - SplitNNClient - INFO - 20344 - phase=train acc=0.5526041666666667 loss=37.35272145271301 epoch=19 and step=30
2026-04-21 08:05:03,132 - SplitNNClient - INFO - 10428 - phase=train acc=0.466796875 loss=55.73768639564514 epoch=19 and step=40
2026-04-21 08:05:03,264 - SplitNNClient - INFO - 22056 - phase=train acc=0.550390625 loss=54.1241694688797 epoch=19 and step=40
2026-04-21 08:05:03,354 - SplitNNClient - INFO - 16356 - phase=train acc=0.5474609375 loss=49.93402636051178 epoch=19 and step=40
2026-04-21 08:05:03,491 - SplitNNClient - INFO - 24308 - phase=train acc=0.5328125 loss=52.329039335250854 epoch=19 and step=40
2026-04-21 08:05:03,607 - SplitNNClient - INFO - 20344 - phase=train acc=0.565625 loss=48.79393410682678 epoch=19 and step=40
2026-04-21 08:05:09,078 - SplitNNClient - INFO - 10428 - phase=train acc=0.4709375 loss=69.50410103797913 epoch=19 and step=50
2026-04-21 08:05:09,173 - SplitNNClient - INFO - 22056 - phase=train acc=0.5553125 loss=67.01216399669647 epoch=19 and step=50
2026-04-21 08:05:09,314 - SplitNNClient - INFO - 16356 - phase=train acc=0.5546875 loss=61.47029983997345 epoch=19 and step=50
2026-04-21 08:05:09,403 - SplitNNClient - INFO - 24308 - phase=train acc=0.536875 loss=64.96063828468323 epoch=19 and step=50
2026-04-21 08:05:09,537 - SplitNNClient - INFO - 20344 - phase=train acc=0.5578125 loss=62.165849804878235 epoch=19 and step=50
2026-04-21 08:05:14,327 - SplitNNClient - INFO - 22056 - phase=train acc=0.558984375 loss=79.61333441734314 epoch=19 and step=60
2026-04-21 08:05:14,428 - SplitNNClient - INFO - 16356 - phase=train acc=0.554296875 loss=73.53408634662628 epoch=19 and step=60
2026-04-21 08:05:14,570 - SplitNNClient - INFO - 24308 - phase=train acc=0.5376302083333333 loss=77.6556886434555 epoch=19 and step=60
2026-04-21 08:05:14,686 - SplitNNClient - INFO - 20344 - phase=train acc=0.5563802083333333 loss=75.16474628448486 epoch=19 and step=60
2026-04-21 08:05:18,918 - SplitNNClient - INFO - 22056 - phase=train acc=0.5637276785714286 loss=91.86546897888184 epoch=19 and step=70
2026-04-21 08:05:19,024 - SplitNNClient - INFO - 20344 - phase=train acc=0.5564732142857143 loss=87.50747895240784 epoch=19 and step=70
2026-04-21 08:05:21,717 - SplitNNClient - INFO - 20344 - phase=train acc=0.5564453125 loss=100.08661150932312 epoch=19 and step=80
2026-04-21 08:05:23,882 - SplitNNClient - INFO - 20344 - phase=train acc=0.5575520833333333 loss=112.46805119514465 epoch=19 and step=90
2026-04-21 08:05:26,116 - SplitNNClient - INFO - 20344 - phase=train acc=0.55703125 loss=124.87088298797607 epoch=19 and step=100
2026-04-21 08:05:28,349 - SplitNNClient - INFO - 20344 - phase=train acc=0.5583806818181818 loss=137.03806102275848 epoch=19 and step=110
2026-04-21 08:05:30,391 - SplitNNClient - INFO - 20344 - phase=train acc=0.5600911458333333 loss=148.82055914402008 epoch=19 and step=120
2026-04-21 08:05:30,880 - FedServerManager - INFO - 16596 - get all model params ---- from rank fed_server
2026-04-21 08:05:47,309 - SplitNNClient - INFO - 22056 - phase=validation acc=0.307 loss=158.65426182746887 epoch=19 and step=79
2026-04-21 08:05:47,312 - SplitNNClient - INFO - 24308 - phase=validation acc=0.307 loss=158.65426182746887 epoch=19 and step=79
2026-04-21 08:05:47,421 - SplitNNClient - INFO - 20344 - phase=validation acc=0.307 loss=158.65426182746887 epoch=19 and step=79
2026-04-21 08:05:47,436 - SplitNNClient - INFO - 16356 - phase=validation acc=0.307 loss=158.65426182746887 epoch=19 and step=79
2026-04-21 08:05:47,544 - SplitNNClient - INFO - 10428 - phase=validation acc=0.307 loss=158.65426182746887 epoch=19 and step=79
2026-04-21 08:05:52,993 - SplitNNClient - INFO - 22056 - phase=train acc=0.50703125 loss=14.807421565055847 epoch=20 and step=10
2026-04-21 08:05:53,127 - SplitNNClient - INFO - 24308 - phase=train acc=0.50234375 loss=13.996482968330383 epoch=20 and step=10
2026-04-21 08:05:53,249 - SplitNNClient - INFO - 20344 - phase=train acc=0.534375 loss=13.315111517906189 epoch=20 and step=10
2026-04-21 08:05:53,355 - SplitNNClient - INFO - 10428 - phase=train acc=0.41875 loss=15.618560075759888 epoch=20 and step=10
2026-04-21 08:05:53,492 - SplitNNClient - INFO - 16356 - phase=train acc=0.51875 loss=13.683849573135376 epoch=20 and step=10
2026-04-21 08:05:58,830 - SplitNNClient - INFO - 22056 - phase=train acc=0.525 loss=28.506755828857422 epoch=20 and step=20
2026-04-21 08:05:58,924 - SplitNNClient - INFO - 24308 - phase=train acc=0.514453125 loss=27.121665835380554 epoch=20 and step=20
2026-04-21 08:05:59,056 - SplitNNClient - INFO - 20344 - phase=train acc=0.546484375 loss=25.534478783607483 epoch=20 and step=20
2026-04-21 08:05:59,201 - SplitNNClient - INFO - 10428 - phase=train acc=0.460546875 loss=28.56073570251465 epoch=20 and step=20
2026-04-21 08:05:59,283 - SplitNNClient - INFO - 16356 - phase=train acc=0.530859375 loss=26.289630651474 epoch=20 and step=20
2026-04-21 08:06:04,611 - SplitNNClient - INFO - 22056 - phase=train acc=0.5401041666666667 loss=41.43848967552185 epoch=20 and step=30
2026-04-21 08:06:04,711 - SplitNNClient - INFO - 24308 - phase=train acc=0.521875 loss=39.91114819049835 epoch=20 and step=30
2026-04-21 08:06:04,841 - SplitNNClient - INFO - 20344 - phase=train acc=0.5533854166666666 loss=37.54263508319855 epoch=20 and step=30
2026-04-21 08:06:04,958 - SplitNNClient - INFO - 10428 - phase=train acc=0.47421875 loss=41.459086894989014 epoch=20 and step=30
2026-04-21 08:06:05,057 - SplitNNClient - INFO - 16356 - phase=train acc=0.5440104166666667 loss=37.947933316230774 epoch=20 and step=30
2026-04-21 08:06:10,422 - SplitNNClient - INFO - 22056 - phase=train acc=0.548828125 loss=53.8519424200058 epoch=20 and step=40
2026-04-21 08:06:10,528 - SplitNNClient - INFO - 24308 - phase=train acc=0.530859375 loss=52.614689350128174 epoch=20 and step=40
2026-04-21 08:06:10,660 - SplitNNClient - INFO - 20344 - phase=train acc=0.5572265625 loss=49.22776544094086 epoch=20 and step=40
2026-04-21 08:06:10,781 - SplitNNClient - INFO - 10428 - phase=train acc=0.4810546875 loss=54.191887617111206 epoch=20 and step=40
2026-04-21 08:06:10,883 - SplitNNClient - INFO - 16356 - phase=train acc=0.556640625 loss=49.600011467933655 epoch=20 and step=40
2026-04-21 08:06:16,254 - SplitNNClient - INFO - 22056 - phase=train acc=0.55703125 loss=66.33993196487427 epoch=20 and step=50
2026-04-21 08:06:16,388 - SplitNNClient - INFO - 24308 - phase=train acc=0.5325 loss=65.52904415130615 epoch=20 and step=50
2026-04-21 08:06:16,479 - SplitNNClient - INFO - 20344 - phase=train acc=0.56140625 loss=60.7610946893692 epoch=20 and step=50
2026-04-21 08:06:16,613 - SplitNNClient - INFO - 10428 - phase=train acc=0.489375 loss=66.68003010749817 epoch=20 and step=50
2026-04-21 08:06:16,703 - SplitNNClient - INFO - 16356 - phase=train acc=0.55703125 loss=61.536988615989685 epoch=20 and step=50
2026-04-21 08:06:21,421 - SplitNNClient - INFO - 22056 - phase=train acc=0.5604166666666667 loss=78.80345618724823 epoch=20 and step=60
2026-04-21 08:06:21,516 - SplitNNClient - INFO - 24308 - phase=train acc=0.5364583333333334 loss=77.98237979412079 epoch=20 and step=60
2026-04-21 08:06:21,646 - SplitNNClient - INFO - 20344 - phase=train acc=0.5657552083333334 loss=72.08507657051086 epoch=20 and step=60
2026-04-21 08:06:21,744 - SplitNNClient - INFO - 16356 - phase=train acc=0.5600260416666667 loss=73.4482079744339 epoch=20 and step=60
2026-04-21 08:06:25,738 - SplitNNClient - INFO - 22056 - phase=train acc=0.56171875 loss=91.72525119781494 epoch=20 and step=70
2026-04-21 08:06:25,866 - SplitNNClient - INFO - 20344 - phase=train acc=0.5696428571428571 loss=83.37292087078094 epoch=20 and step=70
2026-04-21 08:06:28,410 - SplitNNClient - INFO - 20344 - phase=train acc=0.57314453125 loss=94.65866738557816 epoch=20 and step=80
2026-04-21 08:06:30,551 - SplitNNClient - INFO - 20344 - phase=train acc=0.5763020833333333 loss=105.77450972795486 epoch=20 and step=90
2026-04-21 08:06:32,683 - SplitNNClient - INFO - 20344 - phase=train acc=0.57671875 loss=117.4253836274147 epoch=20 and step=100
2026-04-21 08:06:34,917 - SplitNNClient - INFO - 20344 - phase=train acc=0.5787642045454545 loss=128.97695964574814 epoch=20 and step=110
2026-04-21 08:06:37,086 - SplitNNClient - INFO - 20344 - phase=train acc=0.5798828125 loss=140.486352622509 epoch=20 and step=120
2026-04-21 08:06:37,585 - FedServerManager - INFO - 16596 - get all model params ---- from rank fed_server
2026-04-21 08:06:54,197 - SplitNNClient - INFO - 22056 - phase=validation acc=0.4816 loss=111.05036687850952 epoch=20 and step=79
2026-04-21 08:06:54,291 - SplitNNClient - INFO - 24308 - phase=validation acc=0.4816 loss=111.05036687850952 epoch=20 and step=79
2026-04-21 08:06:54,301 - SplitNNClient - INFO - 20344 - phase=validation acc=0.4816 loss=111.05036687850952 epoch=20 and step=79
2026-04-21 08:06:54,333 - SplitNNClient - INFO - 16356 - phase=validation acc=0.4816 loss=111.05036687850952 epoch=20 and step=79
2026-04-21 08:06:54,381 - SplitNNClient - INFO - 10428 - phase=validation acc=0.4816 loss=111.05036687850952 epoch=20 and step=79
2026-04-21 08:06:59,755 - SplitNNClient - INFO - 16356 - phase=train acc=0.58203125 loss=12.408597469329834 epoch=21 and step=10
2026-04-21 08:06:59,892 - SplitNNClient - INFO - 10428 - phase=train acc=0.4765625 loss=14.281093716621399 epoch=21 and step=10
2026-04-21 08:06:59,984 - SplitNNClient - INFO - 20344 - phase=train acc=0.53828125 loss=12.93821394443512 epoch=21 and step=10
2026-04-21 08:07:00,091 - SplitNNClient - INFO - 24308 - phase=train acc=0.58671875 loss=12.488983154296875 epoch=21 and step=10
2026-04-21 08:07:00,212 - SplitNNClient - INFO - 22056 - phase=train acc=0.525 loss=14.253933787345886 epoch=21 and step=10
2026-04-21 08:07:05,508 - SplitNNClient - INFO - 16356 - phase=train acc=0.5765625 loss=24.524540305137634 epoch=21 and step=20
2026-04-21 08:07:05,590 - SplitNNClient - INFO - 10428 - phase=train acc=0.49765625 loss=26.629833459854126 epoch=21 and step=20
2026-04-21 08:07:05,700 - SplitNNClient - INFO - 20344 - phase=train acc=0.570703125 loss=24.04102861881256 epoch=21 and step=20
2026-04-21 08:07:05,823 - SplitNNClient - INFO - 24308 - phase=train acc=0.559375 loss=25.516990303993225 epoch=21 and step=20
2026-04-21 08:07:05,972 - SplitNNClient - INFO - 22056 - phase=train acc=0.54296875 loss=27.219642758369446 epoch=21 and step=20
2026-04-21 08:07:11,301 - SplitNNClient - INFO - 16356 - phase=train acc=0.5705729166666667 loss=36.55574440956116 epoch=21 and step=30
2026-04-21 08:07:11,439 - SplitNNClient - INFO - 10428 - phase=train acc=0.5 loss=39.2318389415741 epoch=21 and step=30
2026-04-21 08:07:11,561 - SplitNNClient - INFO - 20344 - phase=train acc=0.5809895833333333 loss=35.373483061790466 epoch=21 and step=30
2026-04-21 08:07:11,665 - SplitNNClient - INFO - 22056 - phase=train acc=0.5609375 loss=39.03364682197571 epoch=21 and step=30
2026-04-21 08:07:11,768 - SplitNNClient - INFO - 24308 - phase=train acc=0.55703125 loss=38.13631629943848 epoch=21 and step=30
2026-04-21 08:07:17,077 - SplitNNClient - INFO - 16356 - phase=train acc=0.5751953125 loss=48.04051101207733 epoch=21 and step=40
2026-04-21 08:07:17,170 - SplitNNClient - INFO - 10428 - phase=train acc=0.50546875 loss=51.6632684469223 epoch=21 and step=40
2026-04-21 08:07:17,316 - SplitNNClient - INFO - 20344 - phase=train acc=0.5845703125 loss=46.960779666900635 epoch=21 and step=40
2026-04-21 08:07:17,399 - SplitNNClient - INFO - 22056 - phase=train acc=0.5625 loss=52.08876717090607 epoch=21 and step=40
2026-04-21 08:07:17,504 - SplitNNClient - INFO - 24308 - phase=train acc=0.5595703125 loss=50.37929093837738 epoch=21 and step=40
2026-04-21 08:07:22,868 - SplitNNClient - INFO - 16356 - phase=train acc=0.57328125 loss=59.799044251441956 epoch=21 and step=50
2026-04-21 08:07:22,953 - SplitNNClient - INFO - 10428 - phase=train acc=0.50984375 loss=63.51907408237457 epoch=21 and step=50
2026-04-21 08:07:23,093 - SplitNNClient - INFO - 20344 - phase=train acc=0.59140625 loss=58.06341874599457 epoch=21 and step=50
2026-04-21 08:07:23,181 - SplitNNClient - INFO - 22056 - phase=train acc=0.56671875 loss=64.69136571884155 epoch=21 and step=50
2026-04-21 08:07:23,313 - SplitNNClient - INFO - 24308 - phase=train acc=0.55875 loss=63.05738985538483 epoch=21 and step=50
2026-04-21 08:07:28,045 - SplitNNClient - INFO - 16356 - phase=train acc=0.5763020833333333 loss=71.39316439628601 epoch=21 and step=60
2026-04-21 08:07:28,182 - SplitNNClient - INFO - 20344 - phase=train acc=0.594921875 loss=69.0106852054596 epoch=21 and step=60
2026-04-21 08:07:28,275 - SplitNNClient - INFO - 22056 - phase=train acc=0.5674479166666667 loss=77.60322189331055 epoch=21 and step=60
2026-04-21 08:07:28,412 - SplitNNClient - INFO - 24308 - phase=train acc=0.5588541666666667 loss=75.31205749511719 epoch=21 and step=60
2026-04-21 08:07:32,483 - SplitNNClient - INFO - 20344 - phase=train acc=0.5943080357142857 loss=80.04708981513977 epoch=21 and step=70
2026-04-21 08:07:32,617 - SplitNNClient - INFO - 22056 - phase=train acc=0.5716517857142858 loss=89.72348260879517 epoch=21 and step=70
2026-04-21 08:07:35,081 - SplitNNClient - INFO - 20344 - phase=train acc=0.59462890625 loss=91.07457089424133 epoch=21 and step=80
2026-04-21 08:07:37,125 - SplitNNClient - INFO - 20344 - phase=train acc=0.5956597222222222 loss=102.29894810914993 epoch=21 and step=90
2026-04-21 08:07:39,200 - SplitNNClient - INFO - 20344 - phase=train acc=0.59875 loss=112.6976563334465 epoch=21 and step=100
2026-04-21 08:07:41,370 - SplitNNClient - INFO - 20344 - phase=train acc=0.5995738636363637 loss=123.92151349782944 epoch=21 and step=110
2026-04-21 08:07:43,484 - SplitNNClient - INFO - 20344 - phase=train acc=0.5944661458333333 loss=137.14198678731918 epoch=21 and step=120
2026-04-21 08:07:43,934 - FedServerManager - INFO - 16596 - get all model params ---- from rank fed_server
2026-04-21 08:08:01,136 - SplitNNClient - INFO - 20344 - phase=validation acc=0.4569 loss=118.13869023323059 epoch=21 and step=79
2026-04-21 08:08:01,218 - SplitNNClient - INFO - 24308 - phase=validation acc=0.4569 loss=118.13869023323059 epoch=21 and step=79
2026-04-21 08:08:01,235 - SplitNNClient - INFO - 16356 - phase=validation acc=0.4569 loss=118.13869023323059 epoch=21 and step=79
2026-04-21 08:08:01,336 - SplitNNClient - INFO - 22056 - phase=validation acc=0.4569 loss=118.13869023323059 epoch=21 and step=79
2026-04-21 08:08:01,685 - SplitNNClient - INFO - 10428 - phase=validation acc=0.4569 loss=118.13869023323059 epoch=21 and step=79
2026-04-21 08:08:07,105 - SplitNNClient - INFO - 22056 - phase=train acc=0.5015625 loss=14.76035761833191 epoch=22 and step=10
2026-04-21 08:08:07,208 - SplitNNClient - INFO - 20344 - phase=train acc=0.54921875 loss=12.67495995759964 epoch=22 and step=10
2026-04-21 08:08:07,342 - SplitNNClient - INFO - 10428 - phase=train acc=0.43828125 loss=15.18105673789978 epoch=22 and step=10
2026-04-21 08:08:07,440 - SplitNNClient - INFO - 24308 - phase=train acc=0.5234375 loss=13.354369282722473 epoch=22 and step=10
2026-04-21 08:08:07,544 - SplitNNClient - INFO - 16356 - phase=train acc=0.52265625 loss=13.300470352172852 epoch=22 and step=10
2026-04-21 08:08:12,813 - SplitNNClient - INFO - 22056 - phase=train acc=0.525390625 loss=28.037402272224426 epoch=22 and step=20
2026-04-21 08:08:12,953 - SplitNNClient - INFO - 20344 - phase=train acc=0.571484375 loss=24.434028685092926 epoch=22 and step=20
2026-04-21 08:08:13,047 - SplitNNClient - INFO - 10428 - phase=train acc=0.480078125 loss=27.81532907485962 epoch=22 and step=20
2026-04-21 08:08:13,148 - SplitNNClient - INFO - 24308 - phase=train acc=0.548046875 loss=25.512194991111755 epoch=22 and step=20
2026-04-21 08:08:13,276 - SplitNNClient - INFO - 16356 - phase=train acc=0.546875 loss=25.40839970111847 epoch=22 and step=20
2026-04-21 08:08:18,588 - SplitNNClient - INFO - 22056 - phase=train acc=0.5401041666666667 loss=40.931795716285706 epoch=22 and step=30
2026-04-21 08:08:18,673 - SplitNNClient - INFO - 20344 - phase=train acc=0.5752604166666667 loss=36.11778408288956 epoch=22 and step=30
2026-04-21 08:08:18,777 - SplitNNClient - INFO - 10428 - phase=train acc=0.4869791666666667 loss=40.565438866615295 epoch=22 and step=30
2026-04-21 08:08:18,895 - SplitNNClient - INFO - 24308 - phase=train acc=0.55078125 loss=38.03806936740875 epoch=22 and step=30
2026-04-21 08:08:19,043 - SplitNNClient - INFO - 16356 - phase=train acc=0.5552083333333333 loss=37.07280778884888 epoch=22 and step=30
2026-04-21 08:08:24,350 - SplitNNClient - INFO - 22056 - phase=train acc=0.5490234375 loss=53.620717883110046 epoch=22 and step=40
2026-04-21 08:08:24,443 - SplitNNClient - INFO - 20344 - phase=train acc=0.578515625 loss=47.62619870901108 epoch=22 and step=40
2026-04-21 08:08:24,571 - SplitNNClient - INFO - 10428 - phase=train acc=0.4966796875 loss=52.78967833518982 epoch=22 and step=40
2026-04-21 08:08:24,667 - SplitNNClient - INFO - 24308 - phase=train acc=0.559375 loss=50.62366056442261 epoch=22 and step=40
2026-04-21 08:08:24,801 - SplitNNClient - INFO - 16356 - phase=train acc=0.5609375 loss=48.48750823736191 epoch=22 and step=40
2026-04-21 08:08:30,178 - SplitNNClient - INFO - 22056 - phase=train acc=0.55875 loss=65.77018463611603 epoch=22 and step=50
2026-04-21 08:08:30,322 - SplitNNClient - INFO - 20344 - phase=train acc=0.58 loss=58.983053386211395 epoch=22 and step=50
2026-04-21 08:08:30,407 - SplitNNClient - INFO - 10428 - phase=train acc=0.49578125 loss=65.30956196784973 epoch=22 and step=50
2026-04-21 08:08:30,509 - SplitNNClient - INFO - 24308 - phase=train acc=0.5584375 loss=63.20645618438721 epoch=22 and step=50
2026-04-21 08:08:30,648 - SplitNNClient - INFO - 16356 - phase=train acc=0.56171875 loss=60.180130660533905 epoch=22 and step=50
2026-04-21 08:08:35,475 - SplitNNClient - INFO - 22056 - phase=train acc=0.5665364583333333 loss=77.24906527996063 epoch=22 and step=60
2026-04-21 08:08:35,577 - SplitNNClient - INFO - 20344 - phase=train acc=0.5815104166666667 loss=70.28381258249283 epoch=22 and step=60
2026-04-21 08:08:35,709 - SplitNNClient - INFO - 24308 - phase=train acc=0.5569010416666667 loss=75.82811987400055 epoch=22 and step=60
2026-04-21 08:08:35,834 - SplitNNClient - INFO - 16356 - phase=train acc=0.5651041666666666 loss=71.8121879696846 epoch=22 and step=60
2026-04-21 08:08:40,038 - SplitNNClient - INFO - 22056 - phase=train acc=0.5696428571428571 loss=89.39904475212097 epoch=22 and step=70
2026-04-21 08:08:40,138 - SplitNNClient - INFO - 20344 - phase=train acc=0.5868303571428571 loss=80.94044852256775 epoch=22 and step=70
2026-04-21 08:08:42,885 - SplitNNClient - INFO - 20344 - phase=train acc=0.58544921875 loss=92.64946830272675 epoch=22 and step=80
2026-04-21 08:08:45,082 - SplitNNClient - INFO - 20344 - phase=train acc=0.5838541666666667 loss=104.49974501132965 epoch=22 and step=90
2026-04-21 08:08:47,257 - SplitNNClient - INFO - 20344 - phase=train acc=0.584453125 loss=116.08869767189026 epoch=22 and step=100
2026-04-21 08:08:49,365 - SplitNNClient - INFO - 20344 - phase=train acc=0.5849431818181818 loss=127.42128193378448 epoch=22 and step=110
2026-04-21 08:08:51,502 - SplitNNClient - INFO - 20344 - phase=train acc=0.5885416666666666 loss=137.92382287979126 epoch=22 and step=120
2026-04-21 08:08:52,010 - FedServerManager - INFO - 16596 - get all model params ---- from rank fed_server
2026-04-21 08:09:09,703 - SplitNNClient - INFO - 16356 - phase=validation acc=0.5066 loss=107.04682719707489 epoch=22 and step=79
2026-04-21 08:09:10,014 - SplitNNClient - INFO - 10428 - phase=validation acc=0.5066 loss=107.04682719707489 epoch=22 and step=79
2026-04-21 08:09:10,065 - SplitNNClient - INFO - 20344 - phase=validation acc=0.5066 loss=107.04682719707489 epoch=22 and step=79
2026-04-21 08:09:10,103 - SplitNNClient - INFO - 24308 - phase=validation acc=0.5066 loss=107.04682719707489 epoch=22 and step=79
2026-04-21 08:09:10,173 - SplitNNClient - INFO - 22056 - phase=validation acc=0.5066 loss=107.04682719707489 epoch=22 and step=79
2026-04-21 08:09:15,519 - SplitNNClient - INFO - 20344 - phase=train acc=0.578125 loss=12.075189411640167 epoch=23 and step=10
2026-04-21 08:09:15,653 - SplitNNClient - INFO - 22056 - phase=train acc=0.54140625 loss=14.100927710533142 epoch=23 and step=10
2026-04-21 08:09:15,746 - SplitNNClient - INFO - 16356 - phase=train acc=0.54140625 loss=12.856109499931335 epoch=23 and step=10
2026-04-21 08:09:15,885 - SplitNNClient - INFO - 10428 - phase=train acc=0.48359375 loss=14.138486981391907 epoch=23 and step=10
2026-04-21 08:09:15,981 - SplitNNClient - INFO - 24308 - phase=train acc=0.56640625 loss=12.72830843925476 epoch=23 and step=10
2026-04-21 08:09:21,232 - SplitNNClient - INFO - 20344 - phase=train acc=0.58671875 loss=23.379717528820038 epoch=23 and step=20
2026-04-21 08:09:21,369 - SplitNNClient - INFO - 22056 - phase=train acc=0.55859375 loss=26.42724323272705 epoch=23 and step=20
2026-04-21 08:09:21,462 - SplitNNClient - INFO - 16356 - phase=train acc=0.555078125 loss=24.940054416656494 epoch=23 and step=20
2026-04-21 08:09:21,589 - SplitNNClient - INFO - 10428 - phase=train acc=0.489453125 loss=27.121304035186768 epoch=23 and step=20
2026-04-21 08:09:21,684 - SplitNNClient - INFO - 24308 - phase=train acc=0.576953125 loss=24.531100153923035 epoch=23 and step=20
2026-04-21 08:09:26,981 - SplitNNClient - INFO - 20344 - phase=train acc=0.5997395833333333 loss=33.97318756580353 epoch=23 and step=30
2026-04-21 08:09:27,097 - SplitNNClient - INFO - 22056 - phase=train acc=0.5609375 loss=39.135231018066406 epoch=23 and step=30
2026-04-21 08:09:27,204 - SplitNNClient - INFO - 16356 - phase=train acc=0.5635416666666667 loss=36.60008096694946 epoch=23 and step=30
2026-04-21 08:09:27,341 - SplitNNClient - INFO - 10428 - phase=train acc=0.49557291666666664 loss=39.43637216091156 epoch=23 and step=30
2026-04-21 08:09:27,429 - SplitNNClient - INFO - 24308 - phase=train acc=0.5786458333333333 loss=36.39304506778717 epoch=23 and step=30
2026-04-21 08:09:32,708 - SplitNNClient - INFO - 20344 - phase=train acc=0.6 loss=45.16316515207291 epoch=23 and step=40
2026-04-21 08:09:32,837 - SplitNNClient - INFO - 22056 - phase=train acc=0.5701171875 loss=51.36118906736374 epoch=23 and step=40
2026-04-21 08:09:32,929 - SplitNNClient - INFO - 16356 - phase=train acc=0.5712890625 loss=47.96761107444763 epoch=23 and step=40
2026-04-21 08:09:33,061 - SplitNNClient - INFO - 10428 - phase=train acc=0.5056640625 loss=51.781075954437256 epoch=23 and step=40
2026-04-21 08:09:33,153 - SplitNNClient - INFO - 24308 - phase=train acc=0.57421875 loss=48.86687922477722 epoch=23 and step=40
2026-04-21 08:09:38,539 - SplitNNClient - INFO - 20344 - phase=train acc=0.60265625 loss=56.11730581521988 epoch=23 and step=50
2026-04-21 08:09:38,669 - SplitNNClient - INFO - 22056 - phase=train acc=0.5715625 loss=64.04275339841843 epoch=23 and step=50
2026-04-21 08:09:38,764 - SplitNNClient - INFO - 16356 - phase=train acc=0.57328125 loss=59.41870456933975 epoch=23 and step=50
2026-04-21 08:09:38,897 - SplitNNClient - INFO - 10428 - phase=train acc=0.50984375 loss=64.05301177501678 epoch=23 and step=50
2026-04-21 08:09:38,995 - SplitNNClient - INFO - 24308 - phase=train acc=0.57234375 loss=61.11844551563263 epoch=23 and step=50
2026-04-21 08:09:43,807 - SplitNNClient - INFO - 20344 - phase=train acc=0.6053385416666667 loss=67.11703860759735 epoch=23 and step=60
2026-04-21 08:09:43,942 - SplitNNClient - INFO - 22056 - phase=train acc=0.5783854166666667 loss=75.67890959978104 epoch=23 and step=60
2026-04-21 08:09:44,031 - SplitNNClient - INFO - 16356 - phase=train acc=0.5770833333333333 loss=70.49910289049149 epoch=23 and step=60
2026-04-21 08:09:44,138 - SplitNNClient - INFO - 24308 - phase=train acc=0.570703125 loss=73.1852775812149 epoch=23 and step=60
2026-04-21 08:09:48,241 - SplitNNClient - INFO - 20344 - phase=train acc=0.6078125 loss=77.53449976444244 epoch=23 and step=70
2026-04-21 08:09:48,307 - SplitNNClient - INFO - 22056 - phase=train acc=0.5805803571428572 loss=87.81845313310623 epoch=23 and step=70
2026-04-21 08:09:50,817 - SplitNNClient - INFO - 20344 - phase=train acc=0.60634765625 loss=88.5949814915657 epoch=23 and step=80
2026-04-21 08:09:52,987 - SplitNNClient - INFO - 20344 - phase=train acc=0.60703125 loss=99.30162960290909 epoch=23 and step=90
2026-04-21 08:09:55,034 - SplitNNClient - INFO - 20344 - phase=train acc=0.60796875 loss=109.99458694458008 epoch=23 and step=100
2026-04-21 08:09:57,010 - SplitNNClient - INFO - 20344 - phase=train acc=0.6085227272727273 loss=120.56976234912872 epoch=23 and step=110
2026-04-21 08:09:59,150 - SplitNNClient - INFO - 20344 - phase=train acc=0.608984375 loss=131.5164942741394 epoch=23 and step=120
2026-04-21 08:09:59,652 - FedServerManager - INFO - 16596 - get all model params ---- from rank fed_server
2026-04-21 08:10:17,078 - SplitNNClient - INFO - 22056 - phase=validation acc=0.5038 loss=106.82229995727539 epoch=23 and step=79
2026-04-21 08:10:17,403 - SplitNNClient - INFO - 20344 - phase=validation acc=0.5038 loss=106.82229995727539 epoch=23 and step=79
2026-04-21 08:10:17,436 - SplitNNClient - INFO - 10428 - phase=validation acc=0.5038 loss=106.82229995727539 epoch=23 and step=79
2026-04-21 08:10:17,499 - SplitNNClient - INFO - 24308 - phase=validation acc=0.5038 loss=106.82229995727539 epoch=23 and step=79
2026-04-21 08:10:17,555 - SplitNNClient - INFO - 16356 - phase=validation acc=0.5038 loss=106.82229995727539 epoch=23 and step=79
2026-04-21 08:10:23,045 - SplitNNClient - INFO - 22056 - phase=train acc=0.52734375 loss=13.978010773658752 epoch=24 and step=10
2026-04-21 08:10:23,136 - SplitNNClient - INFO - 16356 - phase=train acc=0.56328125 loss=12.615750074386597 epoch=24 and step=10
2026-04-21 08:10:23,270 - SplitNNClient - INFO - 24308 - phase=train acc=0.57109375 loss=12.771103143692017 epoch=24 and step=10
2026-04-21 08:10:23,392 - SplitNNClient - INFO - 10428 - phase=train acc=0.47109375 loss=14.306324124336243 epoch=24 and step=10
2026-04-21 08:10:23,491 - SplitNNClient - INFO - 20344 - phase=train acc=0.5953125 loss=12.010543942451477 epoch=24 and step=10
2026-04-21 08:10:28,807 - SplitNNClient - INFO - 22056 - phase=train acc=0.5359375 loss=27.220665454864502 epoch=24 and step=20
2026-04-21 08:10:28,928 - SplitNNClient - INFO - 16356 - phase=train acc=0.579296875 loss=23.673322081565857 epoch=24 and step=20
2026-04-21 08:10:29,050 - SplitNNClient - INFO - 24308 - phase=train acc=0.55859375 loss=25.455439805984497 epoch=24 and step=20
2026-04-21 08:10:29,177 - SplitNNClient - INFO - 10428 - phase=train acc=0.481640625 loss=27.09116792678833 epoch=24 and step=20
2026-04-21 08:10:29,282 - SplitNNClient - INFO - 20344 - phase=train acc=0.5921875 loss=23.345211267471313 epoch=24 and step=20
2026-04-21 08:10:34,725 - SplitNNClient - INFO - 22056 - phase=train acc=0.5588541666666667 loss=39.40697693824768 epoch=24 and step=30
2026-04-21 08:10:34,817 - SplitNNClient - INFO - 16356 - phase=train acc=0.5783854166666667 loss=34.70790207386017 epoch=24 and step=30
2026-04-21 08:10:34,922 - SplitNNClient - INFO - 24308 - phase=train acc=0.5611979166666666 loss=37.40528929233551 epoch=24 and step=30
2026-04-21 08:10:35,054 - SplitNNClient - INFO - 10428 - phase=train acc=0.50625 loss=38.85126852989197 epoch=24 and step=30
2026-04-21 08:10:35,172 - SplitNNClient - INFO - 20344 - phase=train acc=0.5958333333333333 loss=34.37213081121445 epoch=24 and step=30
2026-04-21 08:10:40,482 - SplitNNClient - INFO - 22056 - phase=train acc=0.5666015625 loss=51.60247802734375 epoch=24 and step=40
2026-04-21 08:10:40,614 - SplitNNClient - INFO - 16356 - phase=train acc=0.58046875 loss=46.26687431335449 epoch=24 and step=40
2026-04-21 08:10:40,710 - SplitNNClient - INFO - 24308 - phase=train acc=0.566015625 loss=49.20225536823273 epoch=24 and step=40
2026-04-21 08:10:40,845 - SplitNNClient - INFO - 10428 - phase=train acc=0.5158203125 loss=50.38982975482941 epoch=24 and step=40
2026-04-21 08:10:40,944 - SplitNNClient - INFO - 20344 - phase=train acc=0.596875 loss=45.55049026012421 epoch=24 and step=40
2026-04-21 08:10:46,270 - SplitNNClient - INFO - 22056 - phase=train acc=0.570625 loss=63.809980392456055 epoch=24 and step=50
2026-04-21 08:10:46,374 - SplitNNClient - INFO - 16356 - phase=train acc=0.5809375 loss=58.0061856508255 epoch=24 and step=50
2026-04-21 08:10:46,519 - SplitNNClient - INFO - 24308 - phase=train acc=0.56484375 loss=61.33195370435715 epoch=24 and step=50
2026-04-21 08:10:46,637 - SplitNNClient - INFO - 10428 - phase=train acc=0.5221875 loss=62.50581955909729 epoch=24 and step=50
2026-04-21 08:10:46,736 - SplitNNClient - INFO - 20344 - phase=train acc=0.60265625 loss=56.22315073013306 epoch=24 and step=50
2026-04-21 08:10:51,681 - SplitNNClient - INFO - 22056 - phase=train acc=0.5759114583333333 loss=75.40480732917786 epoch=24 and step=60
2026-04-21 08:10:51,757 - SplitNNClient - INFO - 16356 - phase=train acc=0.583984375 loss=69.22809445858002 epoch=24 and step=60
2026-04-21 08:10:51,864 - SplitNNClient - INFO - 24308 - phase=train acc=0.5643229166666667 loss=73.25062280893326 epoch=24 and step=60
2026-04-21 08:10:51,996 - SplitNNClient - INFO - 20344 - phase=train acc=0.601953125 loss=67.63183504343033 epoch=24 and step=60
2026-04-21 08:10:56,200 - SplitNNClient - INFO - 22056 - phase=train acc=0.5790178571428571 loss=87.39726650714874 epoch=24 and step=70
2026-04-21 08:10:56,387 - SplitNNClient - INFO - 20344 - phase=train acc=0.6013392857142857 loss=78.63442927598953 epoch=24 and step=70
2026-04-21 08:10:59,020 - SplitNNClient - INFO - 20344 - phase=train acc=0.60537109375 loss=88.89543545246124 epoch=24 and step=80
2026-04-21 08:11:01,181 - SplitNNClient - INFO - 20344 - phase=train acc=0.6096354166666667 loss=98.88470298051834 epoch=24 and step=90
2026-04-21 08:11:03,383 - SplitNNClient - INFO - 20344 - phase=train acc=0.6090625 loss=109.94951492547989 epoch=24 and step=100
2026-04-21 08:11:05,557 - SplitNNClient - INFO - 20344 - phase=train acc=0.6099431818181819 loss=120.61345624923706 epoch=24 and step=110
2026-04-21 08:11:07,669 - SplitNNClient - INFO - 20344 - phase=train acc=0.6126953125 loss=130.8399788737297 epoch=24 and step=120
2026-04-21 08:11:08,150 - FedServerManager - INFO - 16596 - get all model params ---- from rank fed_server
2026-04-21 08:11:24,472 - SplitNNClient - INFO - 24308 - phase=validation acc=0.5036 loss=107.44313502311707 epoch=24 and step=79
2026-04-21 08:11:24,539 - SplitNNClient - INFO - 16356 - phase=validation acc=0.5036 loss=107.44313502311707 epoch=24 and step=79
2026-04-21 08:11:24,596 - SplitNNClient - INFO - 22056 - phase=validation acc=0.5036 loss=107.44313502311707 epoch=24 and step=79
2026-04-21 08:11:24,836 - SplitNNClient - INFO - 20344 - phase=validation acc=0.5036 loss=107.44313502311707 epoch=24 and step=79
2026-04-21 08:11:25,001 - SplitNNClient - INFO - 10428 - phase=validation acc=0.5036 loss=107.44313502311707 epoch=24 and step=79
2026-04-21 08:11:25,961 - CommBreakdown - INFO - 10428 - tensor_distribution rank=2 node_type=client phase=train epoch=25 sample=middle tensor=activations[0] shape=(128, 64, 16, 16) mean=1.07542 std=1.96199 min=0 max=61.6068 mean_abs=1.07542 max_abs=61.6068 p95_abs=4.47741 p99_abs=8.98571 skewness=5.05062 kurtosis=58.4568 mean_channel_std=1.7004 std_channel_std=0.815766 max_channel_scale_over_min_channel_scale=19.8337 spread=high spread_score=1.8244 outliers=medium outlier_score=2.91644 near_zero=medium near_zero_fraction=0.404936
2026-04-21 08:11:25,994 - CommBreakdown - INFO - 24308 - tensor_distribution rank=4 node_type=client phase=train epoch=25 sample=middle tensor=activations[0] shape=(128, 64, 16, 16) mean=1.08616 std=1.95882 min=0 max=48.5311 mean_abs=1.08616 max_abs=48.5311 p95_abs=4.48633 p99_abs=9.05679 skewness=4.5074 kurtosis=40.3588 mean_channel_std=1.69825 std_channel_std=0.809989 max_channel_scale_over_min_channel_scale=15.0924 spread=high spread_score=1.80343 outliers=medium outlier_score=2.90914 near_zero=medium near_zero_fraction=0.410295
2026-04-21 08:11:25,994 - CommBreakdown - INFO - 20344 - tensor_distribution rank=1 node_type=client phase=train epoch=25 sample=middle tensor=activations[0] shape=(128, 64, 16, 16) mean=1.09183 std=1.96216 min=0 max=48.4224 mean_abs=1.09183 max_abs=48.4224 p95_abs=4.57679 p99_abs=9.13421 skewness=4.32175 kurtosis=37.6709 mean_channel_std=1.69928 std_channel_std=0.816612 max_channel_scale_over_min_channel_scale=14.3003 spread=high spread_score=1.79714 outliers=medium outlier_score=2.88137 near_zero=medium near_zero_fraction=0.416721
2026-04-21 08:11:26,028 - CommBreakdown - INFO - 22056 - tensor_distribution rank=5 node_type=client phase=train epoch=25 sample=middle tensor=activations[0] shape=(128, 64, 16, 16) mean=1.09041 std=1.95352 min=0 max=57.5583 mean_abs=1.09041 max_abs=57.5583 p95_abs=4.58031 p99_abs=9.15892 skewness=4.25853 kurtosis=37.1098 mean_channel_std=1.69889 std_channel_std=0.795788 max_channel_scale_over_min_channel_scale=17.8051 spread=high spread_score=1.79155 outliers=medium outlier_score=2.9056 near_zero=medium near_zero_fraction=0.409555
2026-04-21 08:11:26,036 - CommBreakdown - INFO - 16356 - tensor_distribution rank=3 node_type=client phase=train epoch=25 sample=middle tensor=activations[0] shape=(128, 64, 16, 16) mean=1.07424 std=1.96238 min=0 max=49.5369 mean_abs=1.07424 max_abs=49.5369 p95_abs=4.47535 p99_abs=9.16064 skewness=4.54126 kurtosis=40.3093 mean_channel_std=1.70198 std_channel_std=0.813659 max_channel_scale_over_min_channel_scale=16.9305 spread=high spread_score=1.82676 outliers=medium outlier_score=2.98584 near_zero=medium near_zero_fraction=0.405573
2026-04-21 08:11:27,194 - CommBreakdown - INFO - 20932 - tensor_distribution rank=0 node_type=server phase=train epoch=25 sample=middle tensor=activation_grads shape=(128, 64, 16, 16) mean=-1.50547e-09 std=2.13915e-05 min=-0.000743284 max=0.000691408 mean_abs=1.11679e-05 max_abs=0.000743284 p95_abs=4.12338e-05 p99_abs=8.75509e-05 skewness=-0.00119364 kurtosis=8.54767e-06 mean_channel_std=2.01847e-05 std_channel_std=7.08324e-06 max_channel_scale_over_min_channel_scale=6.76065 spread=high spread_score=1.91545 outliers=high outlier_score=3.23941 near_zero=low near_zero_fraction=0.15743
2026-04-21 08:12:21,272 - SplitNNClient - INFO - 10428 - phase=train acc=0.43125 loss=14.918317794799805 epoch=25 and step=10
2026-04-21 08:12:22,419 - SplitNNClient - INFO - 20344 - phase=train acc=0.56015625 loss=12.239040613174438 epoch=25 and step=10
2026-04-21 08:12:23,635 - SplitNNClient - INFO - 22056 - phase=train acc=0.53203125 loss=13.607677221298218 epoch=25 and step=10
2026-04-21 08:12:24,818 - SplitNNClient - INFO - 24308 - phase=train acc=0.584375 loss=12.441004633903503 epoch=25 and step=10
2026-04-21 08:12:26,001 - SplitNNClient - INFO - 16356 - phase=train acc=0.54140625 loss=12.797510981559753 epoch=25 and step=10
2026-04-21 08:13:20,779 - SplitNNClient - INFO - 10428 - phase=train acc=0.478125 loss=26.94450044631958 epoch=25 and step=20
2026-04-21 08:13:21,999 - SplitNNClient - INFO - 20344 - phase=train acc=0.59765625 loss=22.811792016029358 epoch=25 and step=20
2026-04-21 08:13:23,207 - SplitNNClient - INFO - 22056 - phase=train acc=0.563671875 loss=25.770123958587646 epoch=25 and step=20
2026-04-21 08:13:24,361 - SplitNNClient - INFO - 24308 - phase=train acc=0.585546875 loss=24.274846076965332 epoch=25 and step=20
2026-04-21 08:13:25,543 - SplitNNClient - INFO - 16356 - phase=train acc=0.569921875 loss=23.780655205249786 epoch=25 and step=20
2026-04-21 08:14:20,197 - SplitNNClient - INFO - 10428 - phase=train acc=0.4947916666666667 loss=39.18733239173889 epoch=25 and step=30
2026-04-21 08:14:21,346 - SplitNNClient - INFO - 20344 - phase=train acc=0.5947916666666667 loss=33.950485944747925 epoch=25 and step=30
2026-04-21 08:14:22,587 - SplitNNClient - INFO - 22056 - phase=train acc=0.5770833333333333 loss=37.7565062046051 epoch=25 and step=30
2026-04-21 08:14:23,761 - SplitNNClient - INFO - 24308 - phase=train acc=0.5778645833333333 loss=36.49730455875397 epoch=25 and step=30
2026-04-21 08:14:24,981 - SplitNNClient - INFO - 16356 - phase=train acc=0.5765625 loss=35.36523860692978 epoch=25 and step=30
2026-04-21 08:15:19,239 - SplitNNClient - INFO - 10428 - phase=train acc=0.505078125 loss=51.20603263378143 epoch=25 and step=40
2026-04-21 08:15:20,426 - SplitNNClient - INFO - 20344 - phase=train acc=0.600390625 loss=44.53679519891739 epoch=25 and step=40
2026-04-21 08:15:21,571 - SplitNNClient - INFO - 22056 - phase=train acc=0.5861328125 loss=49.495040118694305 epoch=25 and step=40
2026-04-21 08:15:22,751 - SplitNNClient - INFO - 24308 - phase=train acc=0.5779296875 loss=47.759917855262756 epoch=25 and step=40
2026-04-21 08:15:23,931 - SplitNNClient - INFO - 16356 - phase=train acc=0.5857421875 loss=46.310966193675995 epoch=25 and step=40
2026-04-21 08:16:18,563 - SplitNNClient - INFO - 10428 - phase=train acc=0.51703125 loss=62.38947284221649 epoch=25 and step=50
2026-04-21 08:16:19,750 - SplitNNClient - INFO - 20344 - phase=train acc=0.6028125 loss=55.091209292411804 epoch=25 and step=50
2026-04-21 08:16:20,996 - SplitNNClient - INFO - 22056 - phase=train acc=0.5846875 loss=62.38990122079849 epoch=25 and step=50
2026-04-21 08:16:22,205 - SplitNNClient - INFO - 24308 - phase=train acc=0.574375 loss=59.70896577835083 epoch=25 and step=50
2026-04-21 08:16:23,389 - SplitNNClient - INFO - 16356 - phase=train acc=0.59109375 loss=57.44769728183746 epoch=25 and step=50
2026-04-21 08:17:11,824 - SplitNNClient - INFO - 20344 - phase=train acc=0.605859375 loss=65.59705686569214 epoch=25 and step=60
2026-04-21 08:17:13,012 - SplitNNClient - INFO - 22056 - phase=train acc=0.5782552083333333 loss=75.61614495515823 epoch=25 and step=60
2026-04-21 08:17:14,200 - SplitNNClient - INFO - 24308 - phase=train acc=0.5747395833333333 loss=71.28601282835007 epoch=25 and step=60
2026-04-21 08:17:15,413 - SplitNNClient - INFO - 16356 - phase=train acc=0.5895833333333333 loss=68.59373140335083 epoch=25 and step=60
2026-04-21 08:17:56,876 - SplitNNClient - INFO - 20344 - phase=train acc=0.6097098214285714 loss=75.9140772819519 epoch=25 and step=70
2026-04-21 08:17:58,030 - SplitNNClient - INFO - 22056 - phase=train acc=0.5746651785714286 loss=88.80701047182083 epoch=25 and step=70
2026-04-21 08:18:19,108 - SplitNNClient - INFO - 20344 - phase=train acc=0.61201171875 loss=86.38125026226044 epoch=25 and step=80
2026-04-21 08:18:38,413 - SplitNNClient - INFO - 20344 - phase=train acc=0.6131076388888889 loss=96.90416830778122 epoch=25 and step=90
2026-04-21 08:18:57,741 - SplitNNClient - INFO - 20344 - phase=train acc=0.613046875 loss=107.79392570257187 epoch=25 and step=100
2026-04-21 08:19:17,026 - SplitNNClient - INFO - 20344 - phase=train acc=0.6122869318181818 loss=119.02919548749924 epoch=25 and step=110
2026-04-21 08:19:36,394 - SplitNNClient - INFO - 20344 - phase=train acc=0.6133463541666667 loss=129.61016023159027 epoch=25 and step=120
2026-04-21 08:19:40,385 - FedServerManager - INFO - 16596 - get all model params ---- from rank fed_server
2026-04-21 08:19:57,270 - SplitNNClient - INFO - 20344 - phase=validation acc=0.5206 loss=104.193479180336 epoch=25 and step=79
2026-04-21 08:19:57,406 - SplitNNClient - INFO - 16356 - phase=validation acc=0.5206 loss=104.193479180336 epoch=25 and step=79
2026-04-21 08:19:57,532 - SplitNNClient - INFO - 24308 - phase=validation acc=0.5206 loss=104.193479180336 epoch=25 and step=79
2026-04-21 08:19:57,540 - SplitNNClient - INFO - 22056 - phase=validation acc=0.5206 loss=104.193479180336 epoch=25 and step=79
2026-04-21 08:19:57,752 - SplitNNClient - INFO - 10428 - phase=validation acc=0.5206 loss=104.193479180336 epoch=25 and step=79
2026-04-21 08:20:03,150 - SplitNNClient - INFO - 10428 - phase=train acc=0.48984375 loss=13.962425708770752 epoch=26 and step=10
2026-04-21 08:20:03,280 - SplitNNClient - INFO - 24308 - phase=train acc=0.5625 loss=11.893502354621887 epoch=26 and step=10
2026-04-21 08:20:03,404 - SplitNNClient - INFO - 22056 - phase=train acc=0.56875 loss=13.236702680587769 epoch=26 and step=10
2026-04-21 08:20:03,502 - SplitNNClient - INFO - 20344 - phase=train acc=0.5765625 loss=12.465875387191772 epoch=26 and step=10
2026-04-21 08:20:03,646 - SplitNNClient - INFO - 16356 - phase=train acc=0.56328125 loss=12.185070753097534 epoch=26 and step=10
2026-04-21 08:20:08,882 - SplitNNClient - INFO - 10428 - phase=train acc=0.510546875 loss=26.205326914787292 epoch=26 and step=20
2026-04-21 08:20:08,971 - SplitNNClient - INFO - 24308 - phase=train acc=0.57734375 loss=23.633715391159058 epoch=26 and step=20
2026-04-21 08:20:09,072 - SplitNNClient - INFO - 22056 - phase=train acc=0.57578125 loss=25.765032649040222 epoch=26 and step=20
2026-04-21 08:20:09,203 - SplitNNClient - INFO - 20344 - phase=train acc=0.594140625 loss=23.500772833824158 epoch=26 and step=20
2026-04-21 08:20:09,293 - SplitNNClient - INFO - 16356 - phase=train acc=0.58203125 loss=23.829269289970398 epoch=26 and step=20
2026-04-21 08:20:14,513 - SplitNNClient - INFO - 10428 - phase=train acc=0.5145833333333333 loss=38.905057072639465 epoch=26 and step=30
2026-04-21 08:20:14,654 - SplitNNClient - INFO - 24308 - phase=train acc=0.5783854166666667 loss=35.5903697013855 epoch=26 and step=30
2026-04-21 08:20:14,742 - SplitNNClient - INFO - 22056 - phase=train acc=0.5802083333333333 loss=37.82974338531494 epoch=26 and step=30
2026-04-21 08:20:14,855 - SplitNNClient - INFO - 20344 - phase=train acc=0.6015625 loss=34.64419507980347 epoch=26 and step=30
2026-04-21 08:20:14,977 - SplitNNClient - INFO - 16356 - phase=train acc=0.58828125 loss=34.67095339298248 epoch=26 and step=30
2026-04-21 08:20:20,257 - SplitNNClient - INFO - 10428 - phase=train acc=0.509375 loss=51.74118638038635 epoch=26 and step=40
2026-04-21 08:20:20,382 - SplitNNClient - INFO - 24308 - phase=train acc=0.5728515625 loss=47.88749837875366 epoch=26 and step=40
2026-04-21 08:20:20,511 - SplitNNClient - INFO - 22056 - phase=train acc=0.5830078125 loss=49.902252197265625 epoch=26 and step=40
2026-04-21 08:20:20,608 - SplitNNClient - INFO - 20344 - phase=train acc=0.611328125 loss=44.899867594242096 epoch=26 and step=40
2026-04-21 08:20:20,743 - SplitNNClient - INFO - 16356 - phase=train acc=0.5904296875 loss=45.87291634082794 epoch=26 and step=40
2026-04-21 08:20:26,003 - SplitNNClient - INFO - 10428 - phase=train acc=0.50375 loss=64.6278748512268 epoch=26 and step=50
2026-04-21 08:20:26,125 - SplitNNClient - INFO - 24308 - phase=train acc=0.57484375 loss=59.76698100566864 epoch=26 and step=50
2026-04-21 08:20:26,225 - SplitNNClient - INFO - 22056 - phase=train acc=0.5890625 loss=61.46682810783386 epoch=26 and step=50
2026-04-21 08:20:26,356 - SplitNNClient - INFO - 20344 - phase=train acc=0.61390625 loss=55.723121881484985 epoch=26 and step=50
2026-04-21 08:20:26,447 - SplitNNClient - INFO - 16356 - phase=train acc=0.59390625 loss=56.58092528581619 epoch=26 and step=50
2026-04-21 08:20:31,171 - SplitNNClient - INFO - 24308 - phase=train acc=0.573828125 loss=71.36799371242523 epoch=26 and step=60
2026-04-21 08:20:31,304 - SplitNNClient - INFO - 22056 - phase=train acc=0.5934895833333333 loss=72.88514459133148 epoch=26 and step=60
2026-04-21 08:20:31,391 - SplitNNClient - INFO - 20344 - phase=train acc=0.61640625 loss=66.27914947271347 epoch=26 and step=60
2026-04-21 08:20:31,525 - SplitNNClient - INFO - 16356 - phase=train acc=0.595703125 loss=67.28604114055634 epoch=26 and step=60
2026-04-21 08:20:35,578 - SplitNNClient - INFO - 22056 - phase=train acc=0.5948660714285714 loss=84.84480309486389 epoch=26 and step=70
2026-04-21 08:20:35,677 - SplitNNClient - INFO - 20344 - phase=train acc=0.6170758928571428 loss=77.01699775457382 epoch=26 and step=70
2026-04-21 08:20:38,365 - SplitNNClient - INFO - 20344 - phase=train acc=0.61962890625 loss=87.35479807853699 epoch=26 and step=80
2026-04-21 08:20:40,534 - SplitNNClient - INFO - 20344 - phase=train acc=0.6215277777777778 loss=97.60436832904816 epoch=26 and step=90
2026-04-21 08:20:42,732 - SplitNNClient - INFO - 20344 - phase=train acc=0.61734375 loss=109.17095005512238 epoch=26 and step=100
2026-04-21 08:20:44,781 - SplitNNClient - INFO - 20344 - phase=train acc=0.6172585227272728 loss=119.798210978508 epoch=26 and step=110
2026-04-21 08:20:46,919 - SplitNNClient - INFO - 20344 - phase=train acc=0.6166666666666667 loss=130.8369124531746 epoch=26 and step=120
2026-04-21 08:20:47,432 - FedServerManager - INFO - 16596 - get all model params ---- from rank fed_server
2026-04-21 08:21:05,406 - SplitNNClient - INFO - 24308 - phase=validation acc=0.5109 loss=104.76543366909027 epoch=26 and step=79
2026-04-21 08:21:05,420 - SplitNNClient - INFO - 22056 - phase=validation acc=0.5109 loss=104.76543366909027 epoch=26 and step=79
2026-04-21 08:21:05,461 - SplitNNClient - INFO - 20344 - phase=validation acc=0.5109 loss=104.76543366909027 epoch=26 and step=79
2026-04-21 08:21:05,538 - SplitNNClient - INFO - 10428 - phase=validation acc=0.5109 loss=104.76543366909027 epoch=26 and step=79
2026-04-21 08:21:06,115 - SplitNNClient - INFO - 16356 - phase=validation acc=0.5109 loss=104.76543366909027 epoch=26 and step=79
2026-04-21 08:21:11,481 - SplitNNClient - INFO - 22056 - phase=train acc=0.55390625 loss=13.437724351882935 epoch=27 and step=10
2026-04-21 08:21:11,572 - SplitNNClient - INFO - 20344 - phase=train acc=0.5796875 loss=12.29645323753357 epoch=27 and step=10
2026-04-21 08:21:11,679 - SplitNNClient - INFO - 16356 - phase=train acc=0.5453125 loss=12.921151041984558 epoch=27 and step=10
2026-04-21 08:21:11,807 - SplitNNClient - INFO - 10428 - phase=train acc=0.49375 loss=13.570730924606323 epoch=27 and step=10
2026-04-21 08:21:11,902 - SplitNNClient - INFO - 24308 - phase=train acc=0.5546875 loss=12.530685186386108 epoch=27 and step=10
2026-04-21 08:21:17,285 - SplitNNClient - INFO - 22056 - phase=train acc=0.585546875 loss=25.196435689926147 epoch=27 and step=20
2026-04-21 08:21:17,394 - SplitNNClient - INFO - 20344 - phase=train acc=0.58984375 loss=23.385028839111328 epoch=27 and step=20
2026-04-21 08:21:17,518 - SplitNNClient - INFO - 16356 - phase=train acc=0.57578125 loss=23.807961761951447 epoch=27 and step=20
2026-04-21 08:21:17,640 - SplitNNClient - INFO - 10428 - phase=train acc=0.50703125 loss=25.962080240249634 epoch=27 and step=20
2026-04-21 08:21:17,743 - SplitNNClient - INFO - 24308 - phase=train acc=0.573046875 loss=24.42899525165558 epoch=27 and step=20
2026-04-21 08:21:23,012 - SplitNNClient - INFO - 22056 - phase=train acc=0.5848958333333333 loss=37.52225649356842 epoch=27 and step=30
2026-04-21 08:21:23,133 - SplitNNClient - INFO - 20344 - phase=train acc=0.584375 loss=35.61333954334259 epoch=27 and step=30
2026-04-21 08:21:23,255 - SplitNNClient - INFO - 16356 - phase=train acc=0.5765625 loss=35.15146428346634 epoch=27 and step=30
2026-04-21 08:21:23,382 - SplitNNClient - INFO - 10428 - phase=train acc=0.5130208333333334 loss=38.24336302280426 epoch=27 and step=30
2026-04-21 08:21:23,480 - SplitNNClient - INFO - 24308 - phase=train acc=0.5645833333333333 loss=36.86505651473999 epoch=27 and step=30
2026-04-21 08:21:28,848 - SplitNNClient - INFO - 22056 - phase=train acc=0.587890625 loss=49.54553723335266 epoch=27 and step=40
2026-04-21 08:21:28,965 - SplitNNClient - INFO - 20344 - phase=train acc=0.5796875 loss=47.508851408958435 epoch=27 and step=40
2026-04-21 08:21:29,102 - SplitNNClient - INFO - 16356 - phase=train acc=0.5861328125 loss=45.71811085939407 epoch=27 and step=40
2026-04-21 08:21:29,225 - SplitNNClient - INFO - 10428 - phase=train acc=0.5140625 loss=50.523393869400024 epoch=27 and step=40
2026-04-21 08:21:29,321 - SplitNNClient - INFO - 24308 - phase=train acc=0.56171875 loss=49.12827527523041 epoch=27 and step=40
2026-04-21 08:21:34,663 - SplitNNClient - INFO - 22056 - phase=train acc=0.5890625 loss=61.7086101770401 epoch=27 and step=50
2026-04-21 08:21:34,798 - SplitNNClient - INFO - 16356 - phase=train acc=0.5928125 loss=56.43018037080765 epoch=27 and step=50
2026-04-21 08:21:34,920 - SplitNNClient - INFO - 10428 - phase=train acc=0.51734375 loss=62.90376794338226 epoch=27 and step=50
2026-04-21 08:21:35,021 - SplitNNClient - INFO - 20344 - phase=train acc=0.585625 loss=58.35961723327637 epoch=27 and step=50
2026-04-21 08:21:35,160 - SplitNNClient - INFO - 24308 - phase=train acc=0.56484375 loss=60.73058044910431 epoch=27 and step=50
2026-04-21 08:21:39,867 - SplitNNClient - INFO - 22056 - phase=train acc=0.587890625 loss=73.760746717453 epoch=27 and step=60
2026-04-21 08:21:40,006 - SplitNNClient - INFO - 16356 - phase=train acc=0.5942708333333333 loss=67.71913832426071 epoch=27 and step=60
2026-04-21 08:21:40,091 - SplitNNClient - INFO - 20344 - phase=train acc=0.5921875 loss=69.22952574491501 epoch=27 and step=60
2026-04-21 08:21:40,220 - SplitNNClient - INFO - 24308 - phase=train acc=0.5638020833333334 loss=73.25321745872498 epoch=27 and step=60
2026-04-21 08:21:44,352 - SplitNNClient - INFO - 22056 - phase=train acc=0.5864955357142857 loss=86.22385048866272 epoch=27 and step=70
2026-04-21 08:21:44,422 - SplitNNClient - INFO - 20344 - phase=train acc=0.5946428571428571 loss=80.62583917379379 epoch=27 and step=70
2026-04-21 08:21:46,968 - SplitNNClient - INFO - 20344 - phase=train acc=0.5970703125 loss=91.46832686662674 epoch=27 and step=80
2026-04-21 08:21:49,139 - SplitNNClient - INFO - 20344 - phase=train acc=0.5995659722222222 loss=102.14323782920837 epoch=27 and step=90
2026-04-21 08:21:51,215 - SplitNNClient - INFO - 20344 - phase=train acc=0.60078125 loss=112.8147024512291 epoch=27 and step=100
2026-04-21 08:21:53,332 - SplitNNClient - INFO - 20344 - phase=train acc=0.6026988636363636 loss=123.6918403506279 epoch=27 and step=110
2026-04-21 08:21:55,496 - SplitNNClient - INFO - 20344 - phase=train acc=0.6033854166666667 loss=134.7436974644661 epoch=27 and step=120
2026-04-21 08:21:55,990 - FedServerManager - INFO - 16596 - get all model params ---- from rank fed_server
2026-04-21 08:22:13,209 - SplitNNClient - INFO - 22056 - phase=validation acc=0.4972 loss=109.45448994636536 epoch=27 and step=79
2026-04-21 08:22:13,274 - SplitNNClient - INFO - 20344 - phase=validation acc=0.4972 loss=109.45448994636536 epoch=27 and step=79
2026-04-21 08:22:13,352 - SplitNNClient - INFO - 16356 - phase=validation acc=0.4972 loss=109.45448994636536 epoch=27 and step=79
2026-04-21 08:22:13,416 - SplitNNClient - INFO - 10428 - phase=validation acc=0.4972 loss=109.45448994636536 epoch=27 and step=79
2026-04-21 08:22:13,847 - SplitNNClient - INFO - 24308 - phase=validation acc=0.4972 loss=109.45448994636536 epoch=27 and step=79
2026-04-21 08:22:19,218 - SplitNNClient - INFO - 20344 - phase=train acc=0.55390625 loss=12.670582830905914 epoch=28 and step=10
2026-04-21 08:22:19,326 - SplitNNClient - INFO - 16356 - phase=train acc=0.54609375 loss=12.51739251613617 epoch=28 and step=10
2026-04-21 08:22:19,463 - SplitNNClient - INFO - 10428 - phase=train acc=0.46953125 loss=14.311397790908813 epoch=28 and step=10
2026-04-21 08:22:19,554 - SplitNNClient - INFO - 24308 - phase=train acc=0.56171875 loss=12.472035884857178 epoch=28 and step=10
2026-04-21 08:22:19,695 - SplitNNClient - INFO - 22056 - phase=train acc=0.5515625 loss=13.50819456577301 epoch=28 and step=10
2026-04-21 08:22:24,911 - SplitNNClient - INFO - 20344 - phase=train acc=0.594140625 loss=23.14217621088028 epoch=28 and step=20
2026-04-21 08:22:25,005 - SplitNNClient - INFO - 16356 - phase=train acc=0.569921875 loss=23.834582448005676 epoch=28 and step=20
2026-04-21 08:22:25,170 - SplitNNClient - INFO - 10428 - phase=train acc=0.486328125 loss=27.558711290359497 epoch=28 and step=20
2026-04-21 08:22:25,268 - SplitNNClient - INFO - 24308 - phase=train acc=0.567578125 loss=24.31598401069641 epoch=28 and step=20
2026-04-21 08:22:25,364 - SplitNNClient - INFO - 22056 - phase=train acc=0.5859375 loss=25.174694657325745 epoch=28 and step=20
2026-04-21 08:22:30,654 - SplitNNClient - INFO - 20344 - phase=train acc=0.6044270833333333 loss=34.127419114112854 epoch=28 and step=30
2026-04-21 08:22:30,792 - SplitNNClient - INFO - 16356 - phase=train acc=0.575 loss=35.00525367259979 epoch=28 and step=30
2026-04-21 08:22:30,886 - SplitNNClient - INFO - 10428 - phase=train acc=0.49505208333333334 loss=40.29238402843475 epoch=28 and step=30
2026-04-21 08:22:31,019 - SplitNNClient - INFO - 24308 - phase=train acc=0.5776041666666667 loss=35.808231353759766 epoch=28 and step=30
2026-04-21 08:22:31,115 - SplitNNClient - INFO - 22056 - phase=train acc=0.596875 loss=36.72700393199921 epoch=28 and step=30
2026-04-21 08:22:36,451 - SplitNNClient - INFO - 20344 - phase=train acc=0.6162109375 loss=44.13490945100784 epoch=28 and step=40
2026-04-21 08:22:36,556 - SplitNNClient - INFO - 16356 - phase=train acc=0.5822265625 loss=46.01888757944107 epoch=28 and step=40
2026-04-21 08:22:36,688 - SplitNNClient - INFO - 10428 - phase=train acc=0.5 loss=52.800711274147034 epoch=28 and step=40
2026-04-21 08:22:36,807 - SplitNNClient - INFO - 24308 - phase=train acc=0.57890625 loss=47.632431983947754 epoch=28 and step=40
2026-04-21 08:22:36,948 - SplitNNClient - INFO - 22056 - phase=train acc=0.5986328125 loss=48.764225482940674 epoch=28 and step=40
2026-04-21 08:22:42,350 - SplitNNClient - INFO - 20344 - phase=train acc=0.61859375 loss=54.488287925720215 epoch=28 and step=50
2026-04-21 08:22:42,437 - SplitNNClient - INFO - 16356 - phase=train acc=0.5884375 loss=56.953944861888885 epoch=28 and step=50
2026-04-21 08:22:42,575 - SplitNNClient - INFO - 10428 - phase=train acc=0.5046875 loss=64.98364543914795 epoch=28 and step=50
2026-04-21 08:22:42,666 - SplitNNClient - INFO - 24308 - phase=train acc=0.57546875 loss=60.03628087043762 epoch=28 and step=50
2026-04-21 08:22:42,800 - SplitNNClient - INFO - 22056 - phase=train acc=0.59796875 loss=60.74991452693939 epoch=28 and step=50
2026-04-21 08:22:47,583 - SplitNNClient - INFO - 20344 - phase=train acc=0.616796875 loss=65.59599900245667 epoch=28 and step=60
2026-04-21 08:22:47,678 - SplitNNClient - INFO - 16356 - phase=train acc=0.5930989583333334 loss=67.91828548908234 epoch=28 and step=60
2026-04-21 08:22:47,804 - SplitNNClient - INFO - 24308 - phase=train acc=0.5807291666666666 loss=71.18278765678406 epoch=28 and step=60
2026-04-21 08:22:47,928 - SplitNNClient - INFO - 22056 - phase=train acc=0.5953125 loss=72.97203993797302 epoch=28 and step=60
2026-04-21 08:22:52,107 - SplitNNClient - INFO - 20344 - phase=train acc=0.6183035714285714 loss=75.92968785762787 epoch=28 and step=70
2026-04-21 08:22:52,292 - SplitNNClient - INFO - 22056 - phase=train acc=0.5983258928571429 loss=84.61748921871185 epoch=28 and step=70
2026-04-21 08:22:54,772 - SplitNNClient - INFO - 20344 - phase=train acc=0.618359375 loss=86.64218199253082 epoch=28 and step=80
2026-04-21 08:22:56,859 - SplitNNClient - INFO - 20344 - phase=train acc=0.6168402777777777 loss=97.60531693696976 epoch=28 and step=90
2026-04-21 08:22:58,874 - SplitNNClient - INFO - 20344 - phase=train acc=0.615234375 loss=108.62043803930283 epoch=28 and step=100
2026-04-21 08:23:00,924 - SplitNNClient - INFO - 20344 - phase=train acc=0.6156960227272728 loss=119.57231569290161 epoch=28 and step=110
2026-04-21 08:23:03,033 - SplitNNClient - INFO - 20344 - phase=train acc=0.6158203125 loss=130.98641180992126 epoch=28 and step=120
2026-04-21 08:23:03,544 - FedServerManager - INFO - 16596 - get all model params ---- from rank fed_server
2026-04-21 08:23:20,777 - SplitNNClient - INFO - 10428 - phase=validation acc=0.5085 loss=105.17345190048218 epoch=28 and step=79
2026-04-21 08:23:20,794 - SplitNNClient - INFO - 16356 - phase=validation acc=0.5085 loss=105.17345190048218 epoch=28 and step=79
2026-04-21 08:23:20,848 - SplitNNClient - INFO - 22056 - phase=validation acc=0.5085 loss=105.17345190048218 epoch=28 and step=79
2026-04-21 08:23:21,280 - SplitNNClient - INFO - 24308 - phase=validation acc=0.5085 loss=105.17345190048218 epoch=28 and step=79
2026-04-21 08:23:26,743 - SplitNNClient - INFO - 20344 - phase=train acc=0.590625 loss=11.757863521575928 epoch=29 and step=10
2026-04-21 08:23:26,847 - SplitNNClient - INFO - 24308 - phase=train acc=0.59375 loss=11.985084891319275 epoch=29 and step=10
2026-04-21 08:23:26,973 - SplitNNClient - INFO - 16356 - phase=train acc=0.5828125 loss=12.062219023704529 epoch=29 and step=10
2026-04-21 08:23:27,109 - SplitNNClient - INFO - 10428 - phase=train acc=0.4671875 loss=14.100438475608826 epoch=29 and step=10
2026-04-21 08:23:27,199 - SplitNNClient - INFO - 22056 - phase=train acc=0.55234375 loss=13.351320505142212 epoch=29 and step=10
2026-04-21 08:23:32,458 - SplitNNClient - INFO - 20344 - phase=train acc=0.615234375 loss=22.21736592054367 epoch=29 and step=20
2026-04-21 08:23:32,563 - SplitNNClient - INFO - 24308 - phase=train acc=0.598046875 loss=23.52805483341217 epoch=29 and step=20
2026-04-21 08:23:32,709 - SplitNNClient - INFO - 16356 - phase=train acc=0.58828125 loss=23.30476140975952 epoch=29 and step=20
2026-04-21 08:23:32,791 - SplitNNClient - INFO - 10428 - phase=train acc=0.50703125 loss=25.588570475578308 epoch=29 and step=20
2026-04-21 08:23:32,927 - SplitNNClient - INFO - 22056 - phase=train acc=0.57890625 loss=25.502742409706116 epoch=29 and step=20
2026-04-21 08:23:38,193 - SplitNNClient - INFO - 20344 - phase=train acc=0.62265625 loss=32.406168818473816 epoch=29 and step=30
2026-04-21 08:23:38,289 - SplitNNClient - INFO - 24308 - phase=train acc=0.5885416666666666 loss=35.56695353984833 epoch=29 and step=30
2026-04-21 08:23:38,426 - SplitNNClient - INFO - 16356 - phase=train acc=0.5950520833333334 loss=33.986669421195984 epoch=29 and step=30
2026-04-21 08:23:38,546 - SplitNNClient - INFO - 10428 - phase=train acc=0.5140625 loss=37.782554268836975 epoch=29 and step=30
2026-04-21 08:23:38,676 - SplitNNClient - INFO - 22056 - phase=train acc=0.590625 loss=37.28717005252838 epoch=29 and step=30
2026-04-21 08:23:43,905 - SplitNNClient - INFO - 20344 - phase=train acc=0.6216796875 loss=42.92522954940796 epoch=29 and step=40
2026-04-21 08:23:44,031 - SplitNNClient - INFO - 24308 - phase=train acc=0.584375 loss=47.52552878856659 epoch=29 and step=40
2026-04-21 08:23:44,124 - SplitNNClient - INFO - 16356 - phase=train acc=0.59921875 loss=44.737722873687744 epoch=29 and step=40
2026-04-21 08:23:44,261 - SplitNNClient - INFO - 10428 - phase=train acc=0.51796875 loss=49.59333908557892 epoch=29 and step=40
2026-04-21 08:23:44,350 - SplitNNClient - INFO - 22056 - phase=train acc=0.5927734375 loss=48.98169708251953 epoch=29 and step=40
2026-04-21 08:23:49,665 - SplitNNClient - INFO - 20344 - phase=train acc=0.62234375 loss=52.68433976173401 epoch=29 and step=50
2026-04-21 08:23:49,766 - SplitNNClient - INFO - 24308 - phase=train acc=0.5809375 loss=59.5751051902771 epoch=29 and step=50
2026-04-21 08:23:49,895 - SplitNNClient - INFO - 16356 - phase=train acc=0.60109375 loss=55.430912256240845 epoch=29 and step=50
2026-04-21 08:23:50,020 - SplitNNClient - INFO - 10428 - phase=train acc=0.52546875 loss=61.37461173534393 epoch=29 and step=50
2026-04-21 08:23:50,148 - SplitNNClient - INFO - 22056 - phase=train acc=0.59171875 loss=60.80205678939819 epoch=29 and step=50
2026-04-21 08:23:54,917 - SplitNNClient - INFO - 20344 - phase=train acc=0.6243489583333334 loss=63.117114186286926 epoch=29 and step=60
2026-04-21 08:23:55,026 - SplitNNClient - INFO - 24308 - phase=train acc=0.5838541666666667 loss=71.13377606868744 epoch=29 and step=60
2026-04-21 08:23:55,164 - SplitNNClient - INFO - 16356 - phase=train acc=0.603125 loss=66.04642575979233 epoch=29 and step=60
2026-04-21 08:23:55,288 - SplitNNClient - INFO - 22056 - phase=train acc=0.5936197916666667 loss=72.6904109120369 epoch=29 and step=60
2026-04-21 08:23:59,310 - SplitNNClient - INFO - 20344 - phase=train acc=0.625 loss=73.71399360895157 epoch=29 and step=70
2026-04-21 08:23:59,501 - SplitNNClient - INFO - 22056 - phase=train acc=0.5947544642857143 loss=84.44681388139725 epoch=29 and step=70
2026-04-21 08:24:01,911 - SplitNNClient - INFO - 20344 - phase=train acc=0.62314453125 loss=84.55829554796219 epoch=29 and step=80
2026-04-21 08:24:04,079 - SplitNNClient - INFO - 20344 - phase=train acc=0.6229166666666667 loss=94.99808424711227 epoch=29 and step=90
2026-04-21 08:24:06,216 - SplitNNClient - INFO - 20344 - phase=train acc=0.621875 loss=105.71004241704941 epoch=29 and step=100
2026-04-21 08:24:08,138 - SplitNNClient - INFO - 20344 - phase=train acc=0.6230823863636363 loss=116.06623804569244 epoch=29 and step=110
2026-04-21 08:24:10,187 - SplitNNClient - INFO - 20344 - phase=train acc=0.6234375 loss=126.36765402555466 epoch=29 and step=120
2026-04-21 08:24:10,672 - FedServerManager - INFO - 16596 - get all model params ---- from rank fed_server
2026-04-21 08:24:29,172 - SplitNNClient - INFO - 20344 - phase=validation acc=0.5192 loss=103.53364968299866 epoch=29 and step=79
2026-04-21 08:24:29,211 - SplitNNClient - INFO - 22056 - phase=validation acc=0.5192 loss=103.53364968299866 epoch=29 and step=79
2026-04-21 08:24:29,239 - SplitNNClient - INFO - 10428 - phase=validation acc=0.5192 loss=103.53364968299866 epoch=29 and step=79
2026-04-21 08:24:29,325 - SplitNNClient - INFO - 24308 - phase=validation acc=0.5192 loss=103.53364968299866 epoch=29 and step=79
2026-04-21 08:24:29,338 - SplitNNClient - INFO - 16356 - phase=validation acc=0.5192 loss=103.53364968299866 epoch=29 and step=79
2026-04-21 08:24:34,952 - SplitNNClient - INFO - 20344 - phase=train acc=0.60234375 loss=11.377485930919647 epoch=30 and step=10
2026-04-21 08:24:35,056 - SplitNNClient - INFO - 24308 - phase=train acc=0.57109375 loss=11.946066319942474 epoch=30 and step=10
2026-04-21 08:24:35,181 - SplitNNClient - INFO - 22056 - phase=train acc=0.56640625 loss=13.251764416694641 epoch=30 and step=10
2026-04-21 08:24:35,324 - SplitNNClient - INFO - 16356 - phase=train acc=0.578125 loss=11.91312837600708 epoch=30 and step=10
2026-04-21 08:24:35,405 - SplitNNClient - INFO - 10428 - phase=train acc=0.46953125 loss=14.27586030960083 epoch=30 and step=10
2026-04-21 08:24:40,713 - SplitNNClient - INFO - 20344 - phase=train acc=0.616796875 loss=21.99721324443817 epoch=30 and step=20
2026-04-21 08:24:40,806 - SplitNNClient - INFO - 24308 - phase=train acc=0.585546875 loss=23.424047470092773 epoch=30 and step=20
2026-04-21 08:24:40,941 - SplitNNClient - INFO - 22056 - phase=train acc=0.58359375 loss=25.31105077266693 epoch=30 and step=20
2026-04-21 08:24:41,035 - SplitNNClient - INFO - 16356 - phase=train acc=0.600390625 loss=22.560420632362366 epoch=30 and step=20
2026-04-21 08:24:41,165 - SplitNNClient - INFO - 10428 - phase=train acc=0.499609375 loss=26.623106241226196 epoch=30 and step=20
2026-04-21 08:24:46,500 - SplitNNClient - INFO - 20344 - phase=train acc=0.6216145833333333 loss=32.22822815179825 epoch=30 and step=30
2026-04-21 08:24:46,594 - SplitNNClient - INFO - 24308 - phase=train acc=0.58046875 loss=35.37662196159363 epoch=30 and step=30
2026-04-21 08:24:46,698 - SplitNNClient - INFO - 22056 - phase=train acc=0.5966145833333333 loss=36.6327406167984 epoch=30 and step=30
2026-04-21 08:24:46,832 - SplitNNClient - INFO - 16356 - phase=train acc=0.60625 loss=33.06581073999405 epoch=30 and step=30
2026-04-21 08:24:46,951 - SplitNNClient - INFO - 10428 - phase=train acc=0.5143229166666666 loss=38.176998019218445 epoch=30 and step=30
2026-04-21 08:24:52,343 - SplitNNClient - INFO - 20344 - phase=train acc=0.6267578125 loss=42.5552915930748 epoch=30 and step=40
2026-04-21 08:24:52,473 - SplitNNClient - INFO - 24308 - phase=train acc=0.58359375 loss=46.71017944812775 epoch=30 and step=40
2026-04-21 08:24:52,606 - SplitNNClient - INFO - 22056 - phase=train acc=0.6001953125 loss=48.30633330345154 epoch=30 and step=40
2026-04-21 08:24:52,703 - SplitNNClient - INFO - 16356 - phase=train acc=0.607421875 loss=43.56531769037247 epoch=30 and step=40
2026-04-21 08:24:52,842 - SplitNNClient - INFO - 10428 - phase=train acc=0.5220703125 loss=49.41524338722229 epoch=30 and step=40
2026-04-21 08:24:58,173 - SplitNNClient - INFO - 20344 - phase=train acc=0.62640625 loss=53.03420352935791 epoch=30 and step=50
2026-04-21 08:24:58,307 - SplitNNClient - INFO - 24308 - phase=train acc=0.58921875 loss=57.70289182662964 epoch=30 and step=50
2026-04-21 08:24:58,432 - SplitNNClient - INFO - 22056 - phase=train acc=0.60328125 loss=59.85929775238037 epoch=30 and step=50
2026-04-21 08:24:58,561 - SplitNNClient - INFO - 16356 - phase=train acc=0.59703125 loss=56.43173211812973 epoch=30 and step=50
2026-04-21 08:24:58,684 - SplitNNClient - INFO - 10428 - phase=train acc=0.52609375 loss=60.70966982841492 epoch=30 and step=50
2026-04-21 08:25:03,513 - SplitNNClient - INFO - 20344 - phase=train acc=0.62890625 loss=63.33433109521866 epoch=30 and step=60
2026-04-21 08:25:03,640 - SplitNNClient - INFO - 24308 - phase=train acc=0.5903645833333333 loss=69.21424460411072 epoch=30 and step=60
2026-04-21 08:25:03,776 - SplitNNClient - INFO - 22056 - phase=train acc=0.6065104166666667 loss=71.3419338464737 epoch=30 and step=60
2026-04-21 08:25:03,870 - SplitNNClient - INFO - 16356 - phase=train acc=0.5798177083333333 loss=69.99752765893936 epoch=30 and step=60
2026-04-21 08:25:07,991 - SplitNNClient - INFO - 20344 - phase=train acc=0.6285714285714286 loss=73.74091845750809 epoch=30 and step=70
2026-04-21 08:25:08,143 - SplitNNClient - INFO - 22056 - phase=train acc=0.6109375 loss=82.35535007715225 epoch=30 and step=70
2026-04-21 08:25:10,579 - SplitNNClient - INFO - 20344 - phase=train acc=0.63154296875 loss=83.88431745767593 epoch=30 and step=80
2026-04-21 08:25:12,743 - SplitNNClient - INFO - 20344 - phase=train acc=0.6285590277777777 loss=94.66735678911209 epoch=30 and step=90
2026-04-21 08:25:14,908 - SplitNNClient - INFO - 20344 - phase=train acc=0.626953125 loss=105.74380141496658 epoch=30 and step=100
2026-04-21 08:25:17,040 - SplitNNClient - INFO - 20344 - phase=train acc=0.6285511363636364 loss=115.845370054245 epoch=30 and step=110
2026-04-21 08:25:19,080 - SplitNNClient - INFO - 20344 - phase=train acc=0.6274088541666667 loss=126.78098392486572 epoch=30 and step=120
2026-04-21 08:25:19,507 - FedServerManager - INFO - 16596 - get all model params ---- from rank fed_server
2026-04-21 08:25:37,313 - SplitNNClient - INFO - 22056 - phase=validation acc=0.4693 loss=117.05492830276489 epoch=30 and step=79
2026-04-21 08:25:37,321 - SplitNNClient - INFO - 16356 - phase=validation acc=0.4693 loss=117.05492830276489 epoch=30 and step=79
2026-04-21 08:25:37,435 - SplitNNClient - INFO - 24308 - phase=validation acc=0.4693 loss=117.05492830276489 epoch=30 and step=79
2026-04-21 08:25:37,438 - SplitNNClient - INFO - 20344 - phase=validation acc=0.4693 loss=117.05492830276489 epoch=30 and step=79
2026-04-21 08:25:37,558 - SplitNNClient - INFO - 10428 - phase=validation acc=0.4693 loss=117.05492830276489 epoch=30 and step=79
2026-04-21 08:25:43,011 - SplitNNClient - INFO - 20344 - phase=train acc=0.578125 loss=12.081238627433777 epoch=31 and step=10
2026-04-21 08:25:43,129 - SplitNNClient - INFO - 22056 - phase=train acc=0.5453125 loss=13.779255151748657 epoch=31 and step=10
2026-04-21 08:25:43,234 - SplitNNClient - INFO - 10428 - phase=train acc=0.49296875 loss=13.934150218963623 epoch=31 and step=10
2026-04-21 08:25:43,334 - SplitNNClient - INFO - 24308 - phase=train acc=0.58671875 loss=12.071540474891663 epoch=31 and step=10
2026-04-21 08:25:43,468 - SplitNNClient - INFO - 16356 - phase=train acc=0.56171875 loss=12.251916885375977 epoch=31 and step=10
2026-04-21 08:25:48,803 - SplitNNClient - INFO - 20344 - phase=train acc=0.589453125 loss=23.284830629825592 epoch=31 and step=20
2026-04-21 08:25:48,901 - SplitNNClient - INFO - 22056 - phase=train acc=0.559375 loss=26.32151758670807 epoch=31 and step=20
2026-04-21 08:25:49,039 - SplitNNClient - INFO - 10428 - phase=train acc=0.525390625 loss=25.739091515541077 epoch=31 and step=20
2026-04-21 08:25:49,138 - SplitNNClient - INFO - 24308 - phase=train acc=0.596875 loss=23.568909525871277 epoch=31 and step=20
2026-04-21 08:25:49,287 - SplitNNClient - INFO - 16356 - phase=train acc=0.58203125 loss=23.089956164360046 epoch=31 and step=20
2026-04-21 08:25:54,562 - SplitNNClient - INFO - 20344 - phase=train acc=0.6067708333333334 loss=33.635168969631195 epoch=31 and step=30
2026-04-21 08:25:54,691 - SplitNNClient - INFO - 22056 - phase=train acc=0.578125 loss=37.908323526382446 epoch=31 and step=30
2026-04-21 08:25:54,785 - SplitNNClient - INFO - 10428 - phase=train acc=0.5322916666666667 loss=37.29548168182373 epoch=31 and step=30
2026-04-21 08:25:54,889 - SplitNNClient - INFO - 24308 - phase=train acc=0.5885416666666666 loss=35.51258623600006 epoch=31 and step=30
2026-04-21 08:25:55,009 - SplitNNClient - INFO - 16356 - phase=train acc=0.5864583333333333 loss=34.07534980773926 epoch=31 and step=30
2026-04-21 08:26:00,359 - SplitNNClient - INFO - 20344 - phase=train acc=0.606640625 loss=44.275901556015015 epoch=31 and step=40
2026-04-21 08:26:00,488 - SplitNNClient - INFO - 22056 - phase=train acc=0.5861328125 loss=49.26492232084274 epoch=31 and step=40
2026-04-21 08:26:00,603 - SplitNNClient - INFO - 10428 - phase=train acc=0.5345703125 loss=49.12993252277374 epoch=31 and step=40
2026-04-21 08:26:00,708 - SplitNNClient - INFO - 24308 - phase=train acc=0.5853515625 loss=47.14053821563721 epoch=31 and step=40
2026-04-21 08:26:00,844 - SplitNNClient - INFO - 16356 - phase=train acc=0.5939453125 loss=44.723582684993744 epoch=31 and step=40
2026-04-21 08:26:06,311 - SplitNNClient - INFO - 22056 - phase=train acc=0.5909375 loss=61.041283905506134 epoch=31 and step=50
2026-04-21 08:26:06,434 - SplitNNClient - INFO - 20344 - phase=train acc=0.6140625 loss=54.26186376810074 epoch=31 and step=50
2026-04-21 08:26:06,526 - SplitNNClient - INFO - 10428 - phase=train acc=0.5371875 loss=61.08728730678558 epoch=31 and step=50
2026-04-21 08:26:06,634 - SplitNNClient - INFO - 24308 - phase=train acc=0.58640625 loss=58.45328640937805 epoch=31 and step=50
2026-04-21 08:26:06,765 - SplitNNClient - INFO - 16356 - phase=train acc=0.60046875 loss=55.478008806705475 epoch=31 and step=50
2026-04-21 08:26:11,528 - SplitNNClient - INFO - 22056 - phase=train acc=0.5915364583333333 loss=72.76241677999496 epoch=31 and step=60
2026-04-21 08:26:11,619 - SplitNNClient - INFO - 20344 - phase=train acc=0.616015625 loss=64.64387100934982 epoch=31 and step=60
2026-04-21 08:26:11,723 - SplitNNClient - INFO - 24308 - phase=train acc=0.5885416666666666 loss=69.56129348278046 epoch=31 and step=60
2026-04-21 08:26:11,859 - SplitNNClient - INFO - 16356 - phase=train acc=0.602734375 loss=66.48781663179398 epoch=31 and step=60
2026-04-21 08:26:15,842 - SplitNNClient - INFO - 22056 - phase=train acc=0.59453125 loss=84.02519780397415 epoch=31 and step=70
2026-04-21 08:26:15,942 - SplitNNClient - INFO - 20344 - phase=train acc=0.6208705357142857 loss=74.71438783407211 epoch=31 and step=70
2026-04-21 08:26:18,462 - SplitNNClient - INFO - 20344 - phase=train acc=0.6234375 loss=85.17038840055466 epoch=31 and step=80
2026-04-21 08:26:20,632 - SplitNNClient - INFO - 20344 - phase=train acc=0.6225694444444444 loss=95.64988106489182 epoch=31 and step=90
2026-04-21 08:26:22,800 - SplitNNClient - INFO - 20344 - phase=train acc=0.624140625 loss=105.53676080703735 epoch=31 and step=100
2026-04-21 08:26:24,939 - SplitNNClient - INFO - 20344 - phase=train acc=0.6256392045454545 loss=115.74493479728699 epoch=31 and step=110
2026-04-21 08:26:27,015 - SplitNNClient - INFO - 20344 - phase=train acc=0.6280598958333333 loss=125.85048359632492 epoch=31 and step=120
2026-04-21 08:26:27,503 - FedServerManager - INFO - 16596 - get all model params ---- from rank fed_server
2026-04-21 08:26:43,850 - SplitNNClient - INFO - 22056 - phase=validation acc=0.5489 loss=98.3870177268982 epoch=31 and step=79
2026-04-21 08:26:43,870 - SplitNNClient - INFO - 10428 - phase=validation acc=0.5489 loss=98.3870177268982 epoch=31 and step=79
2026-04-21 08:26:44,081 - SplitNNClient - INFO - 16356 - phase=validation acc=0.5489 loss=98.3870177268982 epoch=31 and step=79
2026-04-21 08:26:44,197 - SplitNNClient - INFO - 20344 - phase=validation acc=0.5489 loss=98.3870177268982 epoch=31 and step=79
2026-04-21 08:26:44,261 - SplitNNClient - INFO - 24308 - phase=validation acc=0.5489 loss=98.3870177268982 epoch=31 and step=79
2026-04-21 08:26:49,654 - SplitNNClient - INFO - 20344 - phase=train acc=0.58203125 loss=12.033771395683289 epoch=32 and step=10
2026-04-21 08:26:49,756 - SplitNNClient - INFO - 24308 - phase=train acc=0.5828125 loss=12.236793160438538 epoch=32 and step=10
2026-04-21 08:26:49,877 - SplitNNClient - INFO - 16356 - phase=train acc=0.58125 loss=11.72183358669281 epoch=32 and step=10
2026-04-21 08:26:50,014 - SplitNNClient - INFO - 10428 - phase=train acc=0.50234375 loss=13.38384461402893 epoch=32 and step=10
2026-04-21 08:26:50,102 - SplitNNClient - INFO - 22056 - phase=train acc=0.60234375 loss=12.297140836715698 epoch=32 and step=10
2026-04-21 08:26:55,333 - SplitNNClient - INFO - 20344 - phase=train acc=0.608984375 loss=22.232449531555176 epoch=32 and step=20
2026-04-21 08:26:55,434 - SplitNNClient - INFO - 24308 - phase=train acc=0.5875 loss=24.12357771396637 epoch=32 and step=20
2026-04-21 08:26:55,567 - SplitNNClient - INFO - 16356 - phase=train acc=0.593359375 loss=22.554223120212555 epoch=32 and step=20
2026-04-21 08:26:55,693 - SplitNNClient - INFO - 10428 - phase=train acc=0.512109375 loss=25.68431043624878 epoch=32 and step=20
2026-04-21 08:26:55,789 - SplitNNClient - INFO - 22056 - phase=train acc=0.598828125 loss=24.391193866729736 epoch=32 and step=20
2026-04-21 08:27:01,146 - SplitNNClient - INFO - 20344 - phase=train acc=0.6255208333333333 loss=32.25581830739975 epoch=32 and step=30
2026-04-21 08:27:01,249 - SplitNNClient - INFO - 24308 - phase=train acc=0.5848958333333333 loss=35.803008675575256 epoch=32 and step=30
2026-04-21 08:27:01,384 - SplitNNClient - INFO - 16356 - phase=train acc=0.6041666666666666 loss=33.07180678844452 epoch=32 and step=30
2026-04-21 08:27:01,507 - SplitNNClient - INFO - 10428 - phase=train acc=0.5096354166666667 loss=38.31252372264862 epoch=32 and step=30
2026-04-21 08:27:01,602 - SplitNNClient - INFO - 22056 - phase=train acc=0.60234375 loss=35.991395354270935 epoch=32 and step=30
2026-04-21 08:27:06,929 - SplitNNClient - INFO - 20344 - phase=train acc=0.635546875 loss=42.01738482713699 epoch=32 and step=40
2026-04-21 08:27:07,036 - SplitNNClient - INFO - 24308 - phase=train acc=0.5919921875 loss=46.721476912498474 epoch=32 and step=40
2026-04-21 08:27:07,178 - SplitNNClient - INFO - 16356 - phase=train acc=0.6025390625 loss=44.064629554748535 epoch=32 and step=40
2026-04-21 08:27:07,268 - SplitNNClient - INFO - 10428 - phase=train acc=0.516015625 loss=50.50807571411133 epoch=32 and step=40
2026-04-21 08:27:07,378 - SplitNNClient - INFO - 22056 - phase=train acc=0.6056640625 loss=47.48384177684784 epoch=32 and step=40
2026-04-21 08:27:12,795 - SplitNNClient - INFO - 20344 - phase=train acc=0.6315625 loss=52.31818908452988 epoch=32 and step=50
2026-04-21 08:27:12,886 - SplitNNClient - INFO - 24308 - phase=train acc=0.5953125 loss=58.05314373970032 epoch=32 and step=50
2026-04-21 08:27:13,016 - SplitNNClient - INFO - 16356 - phase=train acc=0.6009375 loss=54.81631565093994 epoch=32 and step=50
2026-04-21 08:27:13,136 - SplitNNClient - INFO - 10428 - phase=train acc=0.51953125 loss=62.12536096572876 epoch=32 and step=50
2026-04-21 08:27:13,243 - SplitNNClient - INFO - 22056 - phase=train acc=0.60890625 loss=58.9515346288681 epoch=32 and step=50
2026-04-21 08:27:18,038 - SplitNNClient - INFO - 20344 - phase=train acc=0.6315104166666666 loss=62.38072681427002 epoch=32 and step=60
2026-04-21 08:27:18,125 - SplitNNClient - INFO - 24308 - phase=train acc=0.6 loss=68.45205521583557 epoch=32 and step=60
2026-04-21 08:27:18,222 - SplitNNClient - INFO - 16356 - phase=train acc=0.6059895833333333 loss=65.36577713489532 epoch=32 and step=60
2026-04-21 08:27:18,359 - SplitNNClient - INFO - 22056 - phase=train acc=0.6057291666666667 loss=70.89181101322174 epoch=32 and step=60
2026-04-21 08:27:22,443 - SplitNNClient - INFO - 20344 - phase=train acc=0.6328125 loss=72.52887153625488 epoch=32 and step=70
2026-04-21 08:27:22,623 - SplitNNClient - INFO - 22056 - phase=train acc=0.6111607142857143 loss=81.64504373073578 epoch=32 and step=70
2026-04-21 08:27:25,088 - SplitNNClient - INFO - 20344 - phase=train acc=0.63154296875 loss=83.25514167547226 epoch=32 and step=80
2026-04-21 08:27:27,249 - SplitNNClient - INFO - 20344 - phase=train acc=0.6317708333333333 loss=93.61721128225327 epoch=32 and step=90
2026-04-21 08:27:29,350 - SplitNNClient - INFO - 20344 - phase=train acc=0.634921875 loss=103.57168185710907 epoch=32 and step=100
2026-04-21 08:27:31,333 - SplitNNClient - INFO - 20344 - phase=train acc=0.6352272727272728 loss=113.55968225002289 epoch=32 and step=110
2026-04-21 08:27:33,409 - SplitNNClient - INFO - 20344 - phase=train acc=0.6361328125 loss=123.62929129600525 epoch=32 and step=120
2026-04-21 08:27:33,900 - FedServerManager - INFO - 16596 - get all model params ---- from rank fed_server
2026-04-21 08:27:50,536 - SplitNNClient - INFO - 22056 - phase=validation acc=0.5359 loss=100.70937460660934 epoch=32 and step=79
2026-04-21 08:27:50,560 - SplitNNClient - INFO - 20344 - phase=validation acc=0.5359 loss=100.70937460660934 epoch=32 and step=79
2026-04-21 08:27:50,652 - SplitNNClient - INFO - 16356 - phase=validation acc=0.5359 loss=100.70937460660934 epoch=32 and step=79
2026-04-21 08:27:50,729 - SplitNNClient - INFO - 24308 - phase=validation acc=0.5359 loss=100.70937460660934 epoch=32 and step=79
2026-04-21 08:27:50,815 - SplitNNClient - INFO - 10428 - phase=validation acc=0.5359 loss=100.70937460660934 epoch=32 and step=79
2026-04-21 08:27:56,194 - SplitNNClient - INFO - 22056 - phase=train acc=0.58203125 loss=12.559181451797485 epoch=33 and step=10
2026-04-21 08:27:56,421 - SplitNNClient - INFO - 24308 - phase=train acc=0.60703125 loss=11.49491536617279 epoch=33 and step=10
2026-04-21 08:27:56,546 - SplitNNClient - INFO - 10428 - phase=train acc=0.53828125 loss=12.905629277229309 epoch=33 and step=10
2026-04-21 08:27:56,679 - SplitNNClient - INFO - 20344 - phase=train acc=0.61171875 loss=11.09936249256134 epoch=33 and step=10
2026-04-21 08:27:56,921 - SplitNNClient - INFO - 16356 - phase=train acc=0.59140625 loss=11.678240656852722 epoch=33 and step=10
2026-04-21 08:28:01,957 - SplitNNClient - INFO - 22056 - phase=train acc=0.595703125 loss=24.27463698387146 epoch=33 and step=20
2026-04-21 08:28:02,177 - SplitNNClient - INFO - 24308 - phase=train acc=0.596484375 loss=23.093872666358948 epoch=33 and step=20
2026-04-21 08:28:02,308 - SplitNNClient - INFO - 10428 - phase=train acc=0.5375 loss=25.13140594959259 epoch=33 and step=20
2026-04-21 08:28:02,444 - SplitNNClient - INFO - 20344 - phase=train acc=0.624609375 loss=21.427536189556122 epoch=33 and step=20
2026-04-21 08:28:02,674 - SplitNNClient - INFO - 16356 - phase=train acc=0.590625 loss=22.94420450925827 epoch=33 and step=20
2026-04-21 08:28:07,697 - SplitNNClient - INFO - 22056 - phase=train acc=0.6005208333333333 loss=35.666893005371094 epoch=33 and step=30
2026-04-21 08:28:07,891 - SplitNNClient - INFO - 24308 - phase=train acc=0.60234375 loss=33.94864869117737 epoch=33 and step=30
2026-04-21 08:28:08,023 - SplitNNClient - INFO - 10428 - phase=train acc=0.5364583333333334 loss=36.95082235336304 epoch=33 and step=30
2026-04-21 08:28:08,141 - SplitNNClient - INFO - 20344 - phase=train acc=0.6291666666666667 loss=31.558329582214355 epoch=33 and step=30
2026-04-21 08:28:08,367 - SplitNNClient - INFO - 16356 - phase=train acc=0.6026041666666667 loss=32.92660117149353 epoch=33 and step=30
2026-04-21 08:28:13,450 - SplitNNClient - INFO - 22056 - phase=train acc=0.603515625 loss=47.26411211490631 epoch=33 and step=40
2026-04-21 08:28:13,689 - SplitNNClient - INFO - 24308 - phase=train acc=0.6025390625 loss=44.92598485946655 epoch=33 and step=40
2026-04-21 08:28:13,803 - SplitNNClient - INFO - 10428 - phase=train acc=0.5408203125 loss=48.384552240371704 epoch=33 and step=40
2026-04-21 08:28:13,905 - SplitNNClient - INFO - 20344 - phase=train acc=0.6330078125 loss=41.47881019115448 epoch=33 and step=40
2026-04-21 08:28:14,145 - SplitNNClient - INFO - 16356 - phase=train acc=0.612890625 loss=43.029447853565216 epoch=33 and step=40
2026-04-21 08:28:19,289 - SplitNNClient - INFO - 22056 - phase=train acc=0.60796875 loss=58.13251280784607 epoch=33 and step=50
2026-04-21 08:28:19,535 - SplitNNClient - INFO - 24308 - phase=train acc=0.60078125 loss=56.34524244070053 epoch=33 and step=50
2026-04-21 08:28:19,620 - SplitNNClient - INFO - 10428 - phase=train acc=0.54625 loss=59.62080633640289 epoch=33 and step=50
2026-04-21 08:28:19,752 - SplitNNClient - INFO - 20344 - phase=train acc=0.63484375 loss=51.765078604221344 epoch=33 and step=50
2026-04-21 08:28:19,979 - SplitNNClient - INFO - 16356 - phase=train acc=0.61640625 loss=53.19872623682022 epoch=33 and step=50
2026-04-21 08:28:24,569 - SplitNNClient - INFO - 22056 - phase=train acc=0.6138020833333333 loss=68.69612538814545 epoch=33 and step=60
2026-04-21 08:28:24,817 - SplitNNClient - INFO - 24308 - phase=train acc=0.6 loss=67.39621543884277 epoch=33 and step=60
2026-04-21 08:28:24,945 - SplitNNClient - INFO - 20344 - phase=train acc=0.6356770833333333 loss=61.8664430975914 epoch=33 and step=60
2026-04-21 08:28:25,143 - SplitNNClient - INFO - 16356 - phase=train acc=0.6171875 loss=63.63201582431793 epoch=33 and step=60
2026-04-21 08:28:29,075 - SplitNNClient - INFO - 22056 - phase=train acc=0.6128348214285714 loss=80.03313875198364 epoch=33 and step=70
2026-04-21 08:28:29,208 - SplitNNClient - INFO - 20344 - phase=train acc=0.6370535714285714 loss=71.60912704467773 epoch=33 and step=70
2026-04-21 08:28:31,750 - SplitNNClient - INFO - 20344 - phase=train acc=0.63955078125 loss=81.43901026248932 epoch=33 and step=80
2026-04-21 08:28:33,852 - SplitNNClient - INFO - 20344 - phase=train acc=0.6419270833333334 loss=91.27316480875015 epoch=33 and step=90
2026-04-21 08:28:35,984 - SplitNNClient - INFO - 20344 - phase=train acc=0.640546875 loss=101.65483331680298 epoch=33 and step=100
2026-04-21 08:28:37,996 - SplitNNClient - INFO - 20344 - phase=train acc=0.6408380681818182 loss=111.70189756155014 epoch=33 and step=110
2026-04-21 08:28:40,136 - SplitNNClient - INFO - 20344 - phase=train acc=0.63984375 loss=122.01070123910904 epoch=33 and step=120
2026-04-21 08:28:40,631 - FedServerManager - INFO - 16596 - get all model params ---- from rank fed_server
2026-04-21 08:28:56,890 - SplitNNClient - INFO - 16356 - phase=validation acc=0.5499 loss=98.76091194152832 epoch=33 and step=79
2026-04-21 08:28:56,929 - SplitNNClient - INFO - 22056 - phase=validation acc=0.5499 loss=98.76091194152832 epoch=33 and step=79
2026-04-21 08:28:56,948 - SplitNNClient - INFO - 10428 - phase=validation acc=0.5499 loss=98.76091194152832 epoch=33 and step=79
2026-04-21 08:28:56,992 - SplitNNClient - INFO - 24308 - phase=validation acc=0.5499 loss=98.76091194152832 epoch=33 and step=79
2026-04-21 08:28:57,013 - SplitNNClient - INFO - 20344 - phase=validation acc=0.5499 loss=98.76091194152832 epoch=33 and step=79
2026-04-21 08:29:02,521 - SplitNNClient - INFO - 20344 - phase=train acc=0.6171875 loss=10.812127828598022 epoch=34 and step=10
2026-04-21 08:29:02,657 - SplitNNClient - INFO - 22056 - phase=train acc=0.5828125 loss=12.534718036651611 epoch=34 and step=10
2026-04-21 08:29:02,749 - SplitNNClient - INFO - 10428 - phase=train acc=0.49453125 loss=13.645544171333313 epoch=34 and step=10
2026-04-21 08:29:02,856 - SplitNNClient - INFO - 24308 - phase=train acc=0.6234375 loss=11.098088502883911 epoch=34 and step=10
2026-04-21 08:29:02,982 - SplitNNClient - INFO - 16356 - phase=train acc=0.57109375 loss=11.920448124408722 epoch=34 and step=10
2026-04-21 08:29:08,318 - SplitNNClient - INFO - 20344 - phase=train acc=0.63671875 loss=20.6937974691391 epoch=34 and step=20
2026-04-21 08:29:08,452 - SplitNNClient - INFO - 22056 - phase=train acc=0.596875 loss=24.08329862356186 epoch=34 and step=20
2026-04-21 08:29:08,546 - SplitNNClient - INFO - 10428 - phase=train acc=0.526953125 loss=25.372581958770752 epoch=34 and step=20
2026-04-21 08:29:08,678 - SplitNNClient - INFO - 24308 - phase=train acc=0.614453125 loss=22.37442982196808 epoch=34 and step=20
2026-04-21 08:29:08,776 - SplitNNClient - INFO - 16356 - phase=train acc=0.59609375 loss=22.033638775348663 epoch=34 and step=20
2026-04-21 08:29:14,162 - SplitNNClient - INFO - 20344 - phase=train acc=0.6322916666666667 loss=31.293618500232697 epoch=34 and step=30
2026-04-21 08:29:14,290 - SplitNNClient - INFO - 22056 - phase=train acc=0.6091145833333333 loss=35.29893332719803 epoch=34 and step=30
2026-04-21 08:29:14,382 - SplitNNClient - INFO - 10428 - phase=train acc=0.5377604166666666 loss=36.57917529344559 epoch=34 and step=30
2026-04-21 08:29:14,524 - SplitNNClient - INFO - 24308 - phase=train acc=0.60625 loss=33.56696289777756 epoch=34 and step=30
2026-04-21 08:29:14,615 - SplitNNClient - INFO - 16356 - phase=train acc=0.6083333333333333 loss=32.69790768623352 epoch=34 and step=30
2026-04-21 08:29:20,000 - SplitNNClient - INFO - 20344 - phase=train acc=0.6369140625 loss=41.31050819158554 epoch=34 and step=40
2026-04-21 08:29:20,133 - SplitNNClient - INFO - 22056 - phase=train acc=0.6130859375 loss=46.51226443052292 epoch=34 and step=40
2026-04-21 08:29:20,229 - SplitNNClient - INFO - 10428 - phase=train acc=0.5453125 loss=47.54037964344025 epoch=34 and step=40
2026-04-21 08:29:20,333 - SplitNNClient - INFO - 24308 - phase=train acc=0.605078125 loss=44.44657951593399 epoch=34 and step=40
2026-04-21 08:29:20,468 - SplitNNClient - INFO - 16356 - phase=train acc=0.61875 loss=42.409505128860474 epoch=34 and step=40
2026-04-21 08:29:25,857 - SplitNNClient - INFO - 20344 - phase=train acc=0.63328125 loss=51.686384081840515 epoch=34 and step=50
2026-04-21 08:29:25,949 - SplitNNClient - INFO - 22056 - phase=train acc=0.61859375 loss=57.42733734846115 epoch=34 and step=50
2026-04-21 08:29:26,080 - SplitNNClient - INFO - 10428 - phase=train acc=0.54875 loss=58.882450461387634 epoch=34 and step=50
2026-04-21 08:29:26,177 - SplitNNClient - INFO - 24308 - phase=train acc=0.60859375 loss=55.403075873851776 epoch=34 and step=50
2026-04-21 08:29:26,312 - SplitNNClient - INFO - 16356 - phase=train acc=0.623125 loss=52.236716866493225 epoch=34 and step=50
2026-04-21 08:29:31,072 - SplitNNClient - INFO - 20344 - phase=train acc=0.6315104166666666 loss=62.269600450992584 epoch=34 and step=60
2026-04-21 08:29:31,162 - SplitNNClient - INFO - 22056 - phase=train acc=0.6184895833333334 loss=68.88540977239609 epoch=34 and step=60
2026-04-21 08:29:31,298 - SplitNNClient - INFO - 24308 - phase=train acc=0.6106770833333334 loss=66.27417689561844 epoch=34 and step=60
2026-04-21 08:29:31,392 - SplitNNClient - INFO - 16356 - phase=train acc=0.6212239583333333 loss=62.44843804836273 epoch=34 and step=60
2026-04-21 08:29:35,441 - SplitNNClient - INFO - 20344 - phase=train acc=0.6350446428571429 loss=72.0017917752266 epoch=34 and step=70
2026-04-21 08:29:35,532 - SplitNNClient - INFO - 22056 - phase=train acc=0.6184151785714286 loss=80.03833937644958 epoch=34 and step=70
2026-04-21 08:29:38,064 - SplitNNClient - INFO - 20344 - phase=train acc=0.6353515625 loss=82.09024369716644 epoch=34 and step=80
2026-04-21 08:29:40,226 - SplitNNClient - INFO - 20344 - phase=train acc=0.6364583333333333 loss=92.16336756944656 epoch=34 and step=90
2026-04-21 08:29:42,392 - SplitNNClient - INFO - 20344 - phase=train acc=0.637421875 loss=101.74346232414246 epoch=34 and step=100
2026-04-21 08:29:44,561 - SplitNNClient - INFO - 20344 - phase=train acc=0.6389204545454545 loss=111.55707615613937 epoch=34 and step=110
2026-04-21 08:29:46,550 - SplitNNClient - INFO - 20344 - phase=train acc=0.6391927083333333 loss=121.85949796438217 epoch=34 and step=120
2026-04-21 08:29:47,004 - FedServerManager - INFO - 16596 - get all model params ---- from rank fed_server
2026-04-21 08:30:04,283 - SplitNNClient - INFO - 22056 - phase=validation acc=0.5676 loss=95.1841127872467 epoch=34 and step=79
2026-04-21 08:30:04,342 - SplitNNClient - INFO - 20344 - phase=validation acc=0.5676 loss=95.1841127872467 epoch=34 and step=79
2026-04-21 08:30:04,349 - SplitNNClient - INFO - 16356 - phase=validation acc=0.5676 loss=95.1841127872467 epoch=34 and step=79
2026-04-21 08:30:04,447 - SplitNNClient - INFO - 10428 - phase=validation acc=0.5676 loss=95.1841127872467 epoch=34 and step=79
2026-04-21 08:30:04,538 - SplitNNClient - INFO - 24308 - phase=validation acc=0.5676 loss=95.1841127872467 epoch=34 and step=79
2026-04-21 08:30:10,062 - SplitNNClient - INFO - 16356 - phase=train acc=0.58359375 loss=11.4765003323555 epoch=35 and step=10
2026-04-21 08:30:10,205 - SplitNNClient - INFO - 10428 - phase=train acc=0.49140625 loss=13.876707434654236 epoch=35 and step=10
2026-04-21 08:30:10,293 - SplitNNClient - INFO - 24308 - phase=train acc=0.58515625 loss=11.876898527145386 epoch=35 and step=10
2026-04-21 08:30:10,408 - SplitNNClient - INFO - 20344 - phase=train acc=0.6421875 loss=10.494913518428802 epoch=35 and step=10
2026-04-21 08:30:10,530 - SplitNNClient - INFO - 22056 - phase=train acc=0.5796875 loss=12.55808973312378 epoch=35 and step=10
2026-04-21 08:30:15,931 - SplitNNClient - INFO - 16356 - phase=train acc=0.604296875 loss=21.9524045586586 epoch=35 and step=20
2026-04-21 08:30:16,062 - SplitNNClient - INFO - 10428 - phase=train acc=0.521875 loss=25.606743216514587 epoch=35 and step=20
2026-04-21 08:30:16,153 - SplitNNClient - INFO - 24308 - phase=train acc=0.608203125 loss=22.56064236164093 epoch=35 and step=20
2026-04-21 08:30:16,296 - SplitNNClient - INFO - 22056 - phase=train acc=0.603125 loss=23.933391094207764 epoch=35 and step=20
2026-04-21 08:30:16,389 - SplitNNClient - INFO - 20344 - phase=train acc=0.642578125 loss=20.84918874502182 epoch=35 and step=20
2026-04-21 08:30:21,805 - SplitNNClient - INFO - 16356 - phase=train acc=0.6203125 loss=31.792447805404663 epoch=35 and step=30
2026-04-21 08:30:21,881 - SplitNNClient - INFO - 10428 - phase=train acc=0.5309895833333333 loss=36.8996479511261 epoch=35 and step=30
2026-04-21 08:30:21,991 - SplitNNClient - INFO - 24308 - phase=train acc=0.60625 loss=33.68784534931183 epoch=35 and step=30
2026-04-21 08:30:22,119 - SplitNNClient - INFO - 22056 - phase=train acc=0.6169270833333333 loss=35.221494913101196 epoch=35 and step=30
2026-04-21 08:30:22,243 - SplitNNClient - INFO - 20344 - phase=train acc=0.63984375 loss=31.273893177509308 epoch=35 and step=30
2026-04-21 08:30:27,588 - SplitNNClient - INFO - 16356 - phase=train acc=0.62265625 loss=41.96960806846619 epoch=35 and step=40
2026-04-21 08:30:27,672 - SplitNNClient - INFO - 10428 - phase=train acc=0.5412109375 loss=47.784972965717316 epoch=35 and step=40
2026-04-21 08:30:27,812 - SplitNNClient - INFO - 24308 - phase=train acc=0.61328125 loss=43.93883752822876 epoch=35 and step=40
2026-04-21 08:30:27,903 - SplitNNClient - INFO - 22056 - phase=train acc=0.62265625 loss=46.10312342643738 epoch=35 and step=40
2026-04-21 08:30:28,009 - SplitNNClient - INFO - 20344 - phase=train acc=0.6431640625 loss=41.143789529800415 epoch=35 and step=40
2026-04-21 08:30:33,326 - SplitNNClient - INFO - 16356 - phase=train acc=0.62828125 loss=51.8950400352478 epoch=35 and step=50
2026-04-21 08:30:33,465 - SplitNNClient - INFO - 10428 - phase=train acc=0.54875 loss=58.72187304496765 epoch=35 and step=50
2026-04-21 08:30:33,587 - SplitNNClient - INFO - 24308 - phase=train acc=0.6153125 loss=54.51153975725174 epoch=35 and step=50
2026-04-21 08:30:33,726 - SplitNNClient - INFO - 22056 - phase=train acc=0.621875 loss=57.197909355163574 epoch=35 and step=50
2026-04-21 08:30:33,814 - SplitNNClient - INFO - 20344 - phase=train acc=0.64328125 loss=51.083314061164856 epoch=35 and step=50
2026-04-21 08:30:38,591 - SplitNNClient - INFO - 16356 - phase=train acc=0.630078125 loss=62.06441277265549 epoch=35 and step=60
2026-04-21 08:30:38,729 - SplitNNClient - INFO - 24308 - phase=train acc=0.61640625 loss=65.88780927658081 epoch=35 and step=60
2026-04-21 08:30:38,822 - SplitNNClient - INFO - 22056 - phase=train acc=0.6223958333333334 loss=67.99568331241608 epoch=35 and step=60
2026-04-21 08:30:38,955 - SplitNNClient - INFO - 20344 - phase=train acc=0.6430989583333333 loss=61.27475780248642 epoch=35 and step=60
2026-04-21 08:30:43,055 - SplitNNClient - INFO - 22056 - phase=train acc=0.6227678571428571 loss=79.28642177581787 epoch=35 and step=70
2026-04-21 08:30:43,163 - SplitNNClient - INFO - 20344 - phase=train acc=0.6466517857142857 loss=70.54974412918091 epoch=35 and step=70
2026-04-21 08:30:45,743 - SplitNNClient - INFO - 20344 - phase=train acc=0.6478515625 loss=80.5398291349411 epoch=35 and step=80
2026-04-21 08:30:47,906 - SplitNNClient - INFO - 20344 - phase=train acc=0.64765625 loss=90.49107813835144 epoch=35 and step=90
2026-04-21 08:30:50,007 - SplitNNClient - INFO - 20344 - phase=train acc=0.648203125 loss=100.3266550898552 epoch=35 and step=100
2026-04-21 08:30:52,077 - SplitNNClient - INFO - 20344 - phase=train acc=0.6481534090909091 loss=110.57943946123123 epoch=35 and step=110
2026-04-21 08:30:54,131 - SplitNNClient - INFO - 20344 - phase=train acc=0.6462890625 loss=121.16594272851944 epoch=35 and step=120
2026-04-21 08:30:54,641 - FedServerManager - INFO - 16596 - get all model params ---- from rank fed_server
2026-04-21 08:31:11,994 - SplitNNClient - INFO - 22056 - phase=validation acc=0.5334 loss=103.20484590530396 epoch=35 and step=79
2026-04-21 08:31:12,296 - SplitNNClient - INFO - 24308 - phase=validation acc=0.5334 loss=103.20484590530396 epoch=35 and step=79
2026-04-21 08:31:12,383 - SplitNNClient - INFO - 16356 - phase=validation acc=0.5334 loss=103.20484590530396 epoch=35 and step=79
2026-04-21 08:31:12,498 - SplitNNClient - INFO - 10428 - phase=validation acc=0.5334 loss=103.20484590530396 epoch=35 and step=79
2026-04-21 08:31:12,671 - SplitNNClient - INFO - 20344 - phase=validation acc=0.5334 loss=103.20484590530396 epoch=35 and step=79
2026-04-21 08:31:18,119 - SplitNNClient - INFO - 16356 - phase=train acc=0.6125 loss=11.068147540092468 epoch=36 and step=10
2026-04-21 08:31:18,211 - SplitNNClient - INFO - 22056 - phase=train acc=0.6140625 loss=12.19252359867096 epoch=36 and step=10
2026-04-21 08:31:18,347 - SplitNNClient - INFO - 10428 - phase=train acc=0.54453125 loss=12.402781367301941 epoch=36 and step=10
2026-04-21 08:31:18,436 - SplitNNClient - INFO - 20344 - phase=train acc=0.61015625 loss=11.102307736873627 epoch=36 and step=10
2026-04-21 08:31:18,571 - SplitNNClient - INFO - 24308 - phase=train acc=0.61484375 loss=11.384610176086426 epoch=36 and step=10
2026-04-21 08:31:23,912 - SplitNNClient - INFO - 16356 - phase=train acc=0.60390625 loss=22.08300143480301 epoch=36 and step=20
2026-04-21 08:31:24,037 - SplitNNClient - INFO - 22056 - phase=train acc=0.60859375 loss=23.875075697898865 epoch=36 and step=20
2026-04-21 08:31:24,136 - SplitNNClient - INFO - 10428 - phase=train acc=0.551953125 loss=23.886698842048645 epoch=36 and step=20
2026-04-21 08:31:24,272 - SplitNNClient - INFO - 20344 - phase=train acc=0.6234375 loss=21.339420557022095 epoch=36 and step=20
2026-04-21 08:31:24,370 - SplitNNClient - INFO - 24308 - phase=train acc=0.58984375 loss=23.577211022377014 epoch=36 and step=20
2026-04-21 08:31:29,667 - SplitNNClient - INFO - 16356 - phase=train acc=0.60625 loss=32.75640022754669 epoch=36 and step=30
2026-04-21 08:31:29,800 - SplitNNClient - INFO - 22056 - phase=train acc=0.6234375 loss=34.402217864990234 epoch=36 and step=30
2026-04-21 08:31:29,924 - SplitNNClient - INFO - 10428 - phase=train acc=0.5572916666666666 loss=35.031944155693054 epoch=36 and step=30
2026-04-21 08:31:30,025 - SplitNNClient - INFO - 20344 - phase=train acc=0.6169270833333333 loss=32.48838949203491 epoch=36 and step=30
2026-04-21 08:31:30,163 - SplitNNClient - INFO - 24308 - phase=train acc=0.5739583333333333 loss=36.13208746910095 epoch=36 and step=30
2026-04-21 08:31:35,484 - SplitNNClient - INFO - 16356 - phase=train acc=0.6171875 loss=42.238530337810516 epoch=36 and step=40
2026-04-21 08:31:35,600 - SplitNNClient - INFO - 22056 - phase=train acc=0.623828125 loss=45.621069967746735 epoch=36 and step=40
2026-04-21 08:31:35,739 - SplitNNClient - INFO - 10428 - phase=train acc=0.56015625 loss=46.25303018093109 epoch=36 and step=40
2026-04-21 08:31:35,829 - SplitNNClient - INFO - 20344 - phase=train acc=0.6123046875 loss=43.69045901298523 epoch=36 and step=40
2026-04-21 08:31:35,959 - SplitNNClient - INFO - 24308 - phase=train acc=0.5708984375 loss=48.16378915309906 epoch=36 and step=40
2026-04-21 08:31:41,384 - SplitNNClient - INFO - 16356 - phase=train acc=0.6175 loss=52.76877397298813 epoch=36 and step=50
2026-04-21 08:31:41,523 - SplitNNClient - INFO - 10428 - phase=train acc=0.56015625 loss=57.41321450471878 epoch=36 and step=50
2026-04-21 08:31:41,615 - SplitNNClient - INFO - 22056 - phase=train acc=0.62671875 loss=56.319093108177185 epoch=36 and step=50
2026-04-21 08:31:41,746 - SplitNNClient - INFO - 20344 - phase=train acc=0.61109375 loss=54.550519943237305 epoch=36 and step=50
2026-04-21 08:31:41,838 - SplitNNClient - INFO - 24308 - phase=train acc=0.57640625 loss=59.50654351711273 epoch=36 and step=50
2026-04-21 08:31:46,660 - SplitNNClient - INFO - 16356 - phase=train acc=0.6201822916666667 loss=62.789740800857544 epoch=36 and step=60
2026-04-21 08:31:46,801 - SplitNNClient - INFO - 22056 - phase=train acc=0.6272135416666667 loss=66.8482756614685 epoch=36 and step=60
2026-04-21 08:31:46,897 - SplitNNClient - INFO - 20344 - phase=train acc=0.6122395833333333 loss=65.32157564163208 epoch=36 and step=60
2026-04-21 08:31:47,027 - SplitNNClient - INFO - 24308 - phase=train acc=0.5783854166666667 loss=71.03906643390656 epoch=36 and step=60
2026-04-21 08:31:51,201 - SplitNNClient - INFO - 22056 - phase=train acc=0.6267857142857143 loss=78.17481970787048 epoch=36 and step=70
2026-04-21 08:31:51,300 - SplitNNClient - INFO - 20344 - phase=train acc=0.6171875 loss=75.54117554426193 epoch=36 and step=70
2026-04-21 08:31:53,889 - SplitNNClient - INFO - 20344 - phase=train acc=0.6173828125 loss=85.93768656253815 epoch=36 and step=80
2026-04-21 08:31:56,057 - SplitNNClient - INFO - 20344 - phase=train acc=0.6150173611111112 loss=97.3231833577156 epoch=36 and step=90
2026-04-21 08:31:58,220 - SplitNNClient - INFO - 20344 - phase=train acc=0.6096875 loss=109.30941015481949 epoch=36 and step=100
2026-04-21 08:32:00,298 - SplitNNClient - INFO - 20344 - phase=train acc=0.609375 loss=120.45684295892715 epoch=36 and step=110
2026-04-21 08:32:02,433 - SplitNNClient - INFO - 20344 - phase=train acc=0.6069661458333333 loss=131.8573586344719 epoch=36 and step=120
2026-04-21 08:32:02,936 - FedServerManager - INFO - 16596 - get all model params ---- from rank fed_server
2026-04-21 08:32:21,792 - SplitNNClient - INFO - 24308 - phase=validation acc=0.4965 loss=109.10113847255707 epoch=36 and step=79
2026-04-21 08:32:21,871 - SplitNNClient - INFO - 20344 - phase=validation acc=0.4965 loss=109.10113847255707 epoch=36 and step=79
2026-04-21 08:32:21,920 - SplitNNClient - INFO - 16356 - phase=validation acc=0.4965 loss=109.10113847255707 epoch=36 and step=79
2026-04-21 08:32:22,071 - SplitNNClient - INFO - 22056 - phase=validation acc=0.4965 loss=109.10113847255707 epoch=36 and step=79
2026-04-21 08:32:22,141 - SplitNNClient - INFO - 10428 - phase=validation acc=0.4965 loss=109.10113847255707 epoch=36 and step=79
2026-04-21 08:32:27,669 - SplitNNClient - INFO - 22056 - phase=train acc=0.5609375 loss=13.156407356262207 epoch=37 and step=10
2026-04-21 08:32:27,783 - SplitNNClient - INFO - 16356 - phase=train acc=0.584375 loss=11.846744358539581 epoch=37 and step=10
2026-04-21 08:32:27,908 - SplitNNClient - INFO - 10428 - phase=train acc=0.50546875 loss=13.59499967098236 epoch=37 and step=10
2026-04-21 08:32:28,044 - SplitNNClient - INFO - 24308 - phase=train acc=0.590625 loss=12.038029074668884 epoch=37 and step=10
2026-04-21 08:32:28,164 - SplitNNClient - INFO - 20344 - phase=train acc=0.61640625 loss=11.244368493556976 epoch=37 and step=10
2026-04-21 08:32:33,549 - SplitNNClient - INFO - 22056 - phase=train acc=0.610546875 loss=23.601521730422974 epoch=37 and step=20
2026-04-21 08:32:33,692 - SplitNNClient - INFO - 16356 - phase=train acc=0.593359375 loss=23.119990646839142 epoch=37 and step=20
2026-04-21 08:32:33,773 - SplitNNClient - INFO - 10428 - phase=train acc=0.51796875 loss=25.424970626831055 epoch=37 and step=20
2026-04-21 08:32:33,908 - SplitNNClient - INFO - 24308 - phase=train acc=0.601953125 loss=23.112547636032104 epoch=37 and step=20
2026-04-21 08:32:34,035 - SplitNNClient - INFO - 20344 - phase=train acc=0.630078125 loss=21.36630070209503 epoch=37 and step=20
2026-04-21 08:32:39,321 - SplitNNClient - INFO - 22056 - phase=train acc=0.6174479166666667 loss=34.87143528461456 epoch=37 and step=30
2026-04-21 08:32:39,456 - SplitNNClient - INFO - 16356 - phase=train acc=0.6125 loss=33.30916142463684 epoch=37 and step=30
2026-04-21 08:32:39,550 - SplitNNClient - INFO - 10428 - phase=train acc=0.5307291666666667 loss=37.00630533695221 epoch=37 and step=30
2026-04-21 08:32:39,683 - SplitNNClient - INFO - 24308 - phase=train acc=0.60625 loss=34.059481620788574 epoch=37 and step=30
2026-04-21 08:32:39,809 - SplitNNClient - INFO - 20344 - phase=train acc=0.6296875 loss=32.06354337930679 epoch=37 and step=30
2026-04-21 08:32:45,164 - SplitNNClient - INFO - 22056 - phase=train acc=0.619140625 loss=46.27766501903534 epoch=37 and step=40
2026-04-21 08:32:45,273 - SplitNNClient - INFO - 16356 - phase=train acc=0.614453125 loss=43.62999027967453 epoch=37 and step=40
2026-04-21 08:32:45,399 - SplitNNClient - INFO - 10428 - phase=train acc=0.5396484375 loss=48.23098695278168 epoch=37 and step=40
2026-04-21 08:32:45,500 - SplitNNClient - INFO - 24308 - phase=train acc=0.6134765625 loss=44.543064057826996 epoch=37 and step=40
2026-04-21 08:32:45,635 - SplitNNClient - INFO - 20344 - phase=train acc=0.6345703125 loss=42.10984289646149 epoch=37 and step=40
2026-04-21 08:32:51,019 - SplitNNClient - INFO - 22056 - phase=train acc=0.6190625 loss=57.81473886966705 epoch=37 and step=50
2026-04-21 08:32:51,159 - SplitNNClient - INFO - 16356 - phase=train acc=0.61671875 loss=53.641093611717224 epoch=37 and step=50
2026-04-21 08:32:51,245 - SplitNNClient - INFO - 10428 - phase=train acc=0.54375 loss=59.606981694698334 epoch=37 and step=50
2026-04-21 08:32:51,384 - SplitNNClient - INFO - 24308 - phase=train acc=0.61234375 loss=55.3878191113472 epoch=37 and step=50
2026-04-21 08:32:51,470 - SplitNNClient - INFO - 20344 - phase=train acc=0.6346875 loss=52.3063348531723 epoch=37 and step=50
2026-04-21 08:32:56,184 - SplitNNClient - INFO - 22056 - phase=train acc=0.6204427083333334 loss=68.92829847335815 epoch=37 and step=60
2026-04-21 08:32:56,323 - SplitNNClient - INFO - 16356 - phase=train acc=0.6200520833333333 loss=63.61985224485397 epoch=37 and step=60
2026-04-21 08:32:56,417 - SplitNNClient - INFO - 24308 - phase=train acc=0.6135416666666667 loss=66.28297251462936 epoch=37 and step=60
2026-04-21 08:32:56,551 - SplitNNClient - INFO - 20344 - phase=train acc=0.637890625 loss=62.07407993078232 epoch=37 and step=60
2026-04-21 08:33:00,707 - SplitNNClient - INFO - 22056 - phase=train acc=0.6207589285714286 loss=80.16686469316483 epoch=37 and step=70
2026-04-21 08:33:00,889 - SplitNNClient - INFO - 20344 - phase=train acc=0.6399553571428571 loss=72.01656204462051 epoch=37 and step=70
2026-04-21 08:33:03,519 - SplitNNClient - INFO - 20344 - phase=train acc=0.64052734375 loss=82.13553881645203 epoch=37 and step=80
2026-04-21 08:33:05,684 - SplitNNClient - INFO - 20344 - phase=train acc=0.6449652777777778 loss=91.47338211536407 epoch=37 and step=90
2026-04-21 08:33:07,863 - SplitNNClient - INFO - 20344 - phase=train acc=0.64421875 loss=102.09987300634384 epoch=37 and step=100
2026-04-21 08:33:09,881 - SplitNNClient - INFO - 20344 - phase=train acc=0.6441761363636364 loss=112.09014093875885 epoch=37 and step=110
2026-04-21 08:33:12,056 - SplitNNClient - INFO - 20344 - phase=train acc=0.6457682291666667 loss=121.39928555488586 epoch=37 and step=120
2026-04-21 08:33:12,555 - FedServerManager - INFO - 16596 - get all model params ---- from rank fed_server
2026-04-21 08:33:29,308 - SplitNNClient - INFO - 22056 - phase=validation acc=0.5506 loss=97.85694110393524 epoch=37 and step=79
2026-04-21 08:33:29,379 - SplitNNClient - INFO - 16356 - phase=validation acc=0.5506 loss=97.85694110393524 epoch=37 and step=79
2026-04-21 08:33:29,408 - SplitNNClient - INFO - 10428 - phase=validation acc=0.5506 loss=97.85694110393524 epoch=37 and step=79
2026-04-21 08:33:29,495 - SplitNNClient - INFO - 20344 - phase=validation acc=0.5506 loss=97.85694110393524 epoch=37 and step=79
2026-04-21 08:33:29,772 - SplitNNClient - INFO - 24308 - phase=validation acc=0.5506 loss=97.85694110393524 epoch=37 and step=79
2026-04-21 08:33:35,236 - SplitNNClient - INFO - 20344 - phase=train acc=0.5828125 loss=11.444270253181458 epoch=38 and step=10
2026-04-21 08:33:35,360 - SplitNNClient - INFO - 16356 - phase=train acc=0.60078125 loss=11.123051106929779 epoch=38 and step=10
2026-04-21 08:33:35,484 - SplitNNClient - INFO - 24308 - phase=train acc=0.61953125 loss=11.098345160484314 epoch=38 and step=10
2026-04-21 08:33:35,607 - SplitNNClient - INFO - 10428 - phase=train acc=0.4921875 loss=13.666009545326233 epoch=38 and step=10
2026-04-21 08:33:35,741 - SplitNNClient - INFO - 22056 - phase=train acc=0.60078125 loss=12.162127017974854 epoch=38 and step=10
2026-04-21 08:33:41,142 - SplitNNClient - INFO - 20344 - phase=train acc=0.62578125 loss=21.20705533027649 epoch=38 and step=20
2026-04-21 08:33:41,242 - SplitNNClient - INFO - 16356 - phase=train acc=0.615234375 loss=21.277185797691345 epoch=38 and step=20
2026-04-21 08:33:41,371 - SplitNNClient - INFO - 24308 - phase=train acc=0.601171875 loss=22.67325121164322 epoch=38 and step=20
2026-04-21 08:33:41,499 - SplitNNClient - INFO - 10428 - phase=train acc=0.52265625 loss=25.130546808242798 epoch=38 and step=20
2026-04-21 08:33:41,591 - SplitNNClient - INFO - 22056 - phase=train acc=0.610546875 loss=23.548684775829315 epoch=38 and step=20
2026-04-21 08:33:46,986 - SplitNNClient - INFO - 20344 - phase=train acc=0.6338541666666667 loss=31.225405991077423 epoch=38 and step=30
2026-04-21 08:33:47,081 - SplitNNClient - INFO - 16356 - phase=train acc=0.6174479166666667 loss=31.929177284240723 epoch=38 and step=30
2026-04-21 08:33:47,223 - SplitNNClient - INFO - 24308 - phase=train acc=0.60703125 loss=33.50432997941971 epoch=38 and step=30
2026-04-21 08:33:47,317 - SplitNNClient - INFO - 10428 - phase=train acc=0.5401041666666667 loss=36.336286544799805 epoch=38 and step=30
2026-04-21 08:33:47,450 - SplitNNClient - INFO - 22056 - phase=train acc=0.6135416666666667 loss=34.9455109834671 epoch=38 and step=30
2026-04-21 08:33:52,772 - SplitNNClient - INFO - 20344 - phase=train acc=0.6341796875 loss=41.43875926733017 epoch=38 and step=40
2026-04-21 08:33:52,861 - SplitNNClient - INFO - 16356 - phase=train acc=0.6181640625 loss=42.41116315126419 epoch=38 and step=40
2026-04-21 08:33:52,997 - SplitNNClient - INFO - 24308 - phase=train acc=0.5947265625 loss=46.10700839757919 epoch=38 and step=40
2026-04-21 08:33:53,087 - SplitNNClient - INFO - 10428 - phase=train acc=0.5453125 loss=47.326718509197235 epoch=38 and step=40
2026-04-21 08:33:53,222 - SplitNNClient - INFO - 22056 - phase=train acc=0.617578125 loss=46.20829665660858 epoch=38 and step=40
2026-04-21 08:33:58,592 - SplitNNClient - INFO - 20344 - phase=train acc=0.6409375 loss=50.76788240671158 epoch=38 and step=50
2026-04-21 08:33:58,692 - SplitNNClient - INFO - 16356 - phase=train acc=0.61734375 loss=52.710339307785034 epoch=38 and step=50
2026-04-21 08:33:58,818 - SplitNNClient - INFO - 24308 - phase=train acc=0.585 loss=58.885848701000214 epoch=38 and step=50
2026-04-21 08:33:58,945 - SplitNNClient - INFO - 10428 - phase=train acc=0.55125 loss=58.42036873102188 epoch=38 and step=50
2026-04-21 08:33:59,047 - SplitNNClient - INFO - 22056 - phase=train acc=0.6171875 loss=57.63448745012283 epoch=38 and step=50
2026-04-21 08:34:03,792 - SplitNNClient - INFO - 20344 - phase=train acc=0.6395833333333333 loss=61.396443128585815 epoch=38 and step=60
2026-04-21 08:34:03,932 - SplitNNClient - INFO - 16356 - phase=train acc=0.619921875 loss=63.03630471229553 epoch=38 and step=60
2026-04-21 08:34:04,022 - SplitNNClient - INFO - 24308 - phase=train acc=0.5864583333333333 loss=70.42920333147049 epoch=38 and step=60
2026-04-21 08:34:04,151 - SplitNNClient - INFO - 22056 - phase=train acc=0.6171875 loss=68.93081492185593 epoch=38 and step=60
2026-04-21 08:34:08,333 - SplitNNClient - INFO - 20344 - phase=train acc=0.6392857142857142 loss=71.68735414743423 epoch=38 and step=70
2026-04-21 08:34:08,565 - SplitNNClient - INFO - 22056 - phase=train acc=0.6191964285714285 loss=79.9743886590004 epoch=38 and step=70
2026-04-21 08:34:11,028 - SplitNNClient - INFO - 20344 - phase=train acc=0.6369140625 loss=82.04127585887909 epoch=38 and step=80
2026-04-21 08:34:13,193 - SplitNNClient - INFO - 20344 - phase=train acc=0.6385416666666667 loss=91.84025377035141 epoch=38 and step=90
2026-04-21 08:34:15,363 - SplitNNClient - INFO - 20344 - phase=train acc=0.639609375 loss=101.75285005569458 epoch=38 and step=100
2026-04-21 08:34:17,528 - SplitNNClient - INFO - 20344 - phase=train acc=0.6420454545454546 loss=111.35979014635086 epoch=38 and step=110
2026-04-21 08:34:19,664 - SplitNNClient - INFO - 20344 - phase=train acc=0.6434895833333333 loss=121.20874154567719 epoch=38 and step=120
2026-04-21 08:34:20,121 - FedServerManager - INFO - 16596 - get all model params ---- from rank fed_server
2026-04-21 08:34:37,991 - SplitNNClient - INFO - 22056 - phase=validation acc=0.5489 loss=98.92664301395416 epoch=38 and step=79
2026-04-21 08:34:38,122 - SplitNNClient - INFO - 16356 - phase=validation acc=0.5489 loss=98.92664301395416 epoch=38 and step=79
2026-04-21 08:34:38,240 - SplitNNClient - INFO - 10428 - phase=validation acc=0.5489 loss=98.92664301395416 epoch=38 and step=79
2026-04-21 08:34:38,299 - SplitNNClient - INFO - 20344 - phase=validation acc=0.5489 loss=98.92664301395416 epoch=38 and step=79
2026-04-21 08:34:38,357 - SplitNNClient - INFO - 24308 - phase=validation acc=0.5489 loss=98.92664301395416 epoch=38 and step=79
2026-04-21 08:34:43,956 - SplitNNClient - INFO - 22056 - phase=train acc=0.60625 loss=12.291536092758179 epoch=39 and step=10
2026-04-21 08:34:44,091 - SplitNNClient - INFO - 20344 - phase=train acc=0.603125 loss=10.965825140476227 epoch=39 and step=10
2026-04-21 08:34:44,183 - SplitNNClient - INFO - 16356 - phase=train acc=0.57578125 loss=11.967045187950134 epoch=39 and step=10
2026-04-21 08:34:44,327 - SplitNNClient - INFO - 24308 - phase=train acc=0.59453125 loss=11.832033514976501 epoch=39 and step=10
2026-04-21 08:34:44,441 - SplitNNClient - INFO - 10428 - phase=train acc=0.51171875 loss=12.832257628440857 epoch=39 and step=10
2026-04-21 08:34:49,857 - SplitNNClient - INFO - 22056 - phase=train acc=0.61484375 loss=23.864415109157562 epoch=39 and step=20
2026-04-21 08:34:49,948 - SplitNNClient - INFO - 20344 - phase=train acc=0.628515625 loss=20.755413353443146 epoch=39 and step=20
2026-04-21 08:34:50,086 - SplitNNClient - INFO - 16356 - phase=train acc=0.60546875 loss=22.05181860923767 epoch=39 and step=20
2026-04-21 08:34:50,172 - SplitNNClient - INFO - 24308 - phase=train acc=0.60078125 loss=22.821039080619812 epoch=39 and step=20
2026-04-21 08:34:50,315 - SplitNNClient - INFO - 10428 - phase=train acc=0.52578125 loss=24.88956308364868 epoch=39 and step=20
2026-04-21 08:34:55,564 - SplitNNClient - INFO - 22056 - phase=train acc=0.6208333333333333 loss=34.89184349775314 epoch=39 and step=30
2026-04-21 08:34:55,796 - SplitNNClient - INFO - 20344 - phase=train acc=0.6388020833333333 loss=30.30794447660446 epoch=39 and step=30
2026-04-21 08:34:55,900 - SplitNNClient - INFO - 10428 - phase=train acc=0.5427083333333333 loss=35.94673192501068 epoch=39 and step=30
2026-04-21 08:34:56,039 - SplitNNClient - INFO - 16356 - phase=train acc=0.6171875 loss=32.278609335422516 epoch=39 and step=30
2026-04-21 08:34:56,267 - SplitNNClient - INFO - 24308 - phase=train acc=0.6091145833333333 loss=33.6268567442894 epoch=39 and step=30
2026-04-21 08:35:01,335 - SplitNNClient - INFO - 22056 - phase=train acc=0.621875 loss=45.69096112251282 epoch=39 and step=40
2026-04-21 08:35:01,566 - SplitNNClient - INFO - 20344 - phase=train acc=0.6482421875 loss=39.71716606616974 epoch=39 and step=40
2026-04-21 08:35:01,694 - SplitNNClient - INFO - 10428 - phase=train acc=0.548046875 loss=46.93120414018631 epoch=39 and step=40
2026-04-21 08:35:01,790 - SplitNNClient - INFO - 16356 - phase=train acc=0.619140625 loss=42.45296013355255 epoch=39 and step=40
2026-04-21 08:35:02,028 - SplitNNClient - INFO - 24308 - phase=train acc=0.6123046875 loss=44.13833224773407 epoch=39 and step=40
2026-04-21 08:35:07,262 - SplitNNClient - INFO - 22056 - phase=train acc=0.6209375 loss=56.727275133132935 epoch=39 and step=50
2026-04-21 08:35:07,524 - SplitNNClient - INFO - 20344 - phase=train acc=0.65078125 loss=49.12756019830704 epoch=39 and step=50
2026-04-21 08:35:07,644 - SplitNNClient - INFO - 10428 - phase=train acc=0.550625 loss=58.222908079624176 epoch=39 and step=50
2026-04-21 08:35:07,747 - SplitNNClient - INFO - 16356 - phase=train acc=0.62296875 loss=52.17563807964325 epoch=39 and step=50
2026-04-21 08:35:07,979 - SplitNNClient - INFO - 24308 - phase=train acc=0.61484375 loss=54.88807010650635 epoch=39 and step=50
2026-04-21 08:35:12,556 - SplitNNClient - INFO - 22056 - phase=train acc=0.6234375 loss=67.28401136398315 epoch=39 and step=60
2026-04-21 08:35:12,788 - SplitNNClient - INFO - 20344 - phase=train acc=0.643359375 loss=59.585203409194946 epoch=39 and step=60
2026-04-21 08:35:12,881 - SplitNNClient - INFO - 16356 - phase=train acc=0.6268229166666667 loss=61.69570064544678 epoch=39 and step=60
2026-04-21 08:35:13,111 - SplitNNClient - INFO - 24308 - phase=train acc=0.6154947916666667 loss=65.60235679149628 epoch=39 and step=60
2026-04-21 08:35:17,019 - SplitNNClient - INFO - 22056 - phase=train acc=0.6191964285714285 loss=78.86942386627197 epoch=39 and step=70
2026-04-21 08:35:17,269 - SplitNNClient - INFO - 20344 - phase=train acc=0.6400669642857143 loss=70.07772022485733 epoch=39 and step=70
2026-04-21 08:35:19,891 - SplitNNClient - INFO - 20344 - phase=train acc=0.640625 loss=80.55763363838196 epoch=39 and step=80
2026-04-21 08:35:22,062 - SplitNNClient - INFO - 20344 - phase=train acc=0.6410590277777778 loss=90.43127399682999 epoch=39 and step=90
2026-04-21 08:35:24,174 - SplitNNClient - INFO - 20344 - phase=train acc=0.6440625 loss=99.86289304494858 epoch=39 and step=100
2026-04-21 08:35:26,336 - SplitNNClient - INFO - 20344 - phase=train acc=0.6458806818181818 loss=109.76077663898468 epoch=39 and step=110
2026-04-21 08:35:28,499 - SplitNNClient - INFO - 20344 - phase=train acc=0.6451822916666666 loss=119.5873686671257 epoch=39 and step=120
2026-04-21 08:35:29,013 - FedServerManager - INFO - 16596 - get all model params ---- from rank fed_server
2026-04-21 08:35:45,668 - SplitNNClient - INFO - 22056 - phase=validation acc=0.5427 loss=101.44644546508789 epoch=39 and step=79
2026-04-21 08:35:45,732 - SplitNNClient - INFO - 20344 - phase=validation acc=0.5427 loss=101.44644546508789 epoch=39 and step=79
2026-04-21 08:35:45,776 - SplitNNClient - INFO - 24308 - phase=validation acc=0.5427 loss=101.44644546508789 epoch=39 and step=79
2026-04-21 08:35:45,919 - SplitNNClient - INFO - 16356 - phase=validation acc=0.5427 loss=101.44644546508789 epoch=39 and step=79
2026-04-21 08:35:46,155 - SplitNNClient - INFO - 10428 - phase=validation acc=0.5427 loss=101.44644546508789 epoch=39 and step=79
2026-04-21 08:35:51,565 - SplitNNClient - INFO - 16356 - phase=train acc=0.62734375 loss=10.58765172958374 epoch=40 and step=10
2026-04-21 08:35:51,657 - SplitNNClient - INFO - 10428 - phase=train acc=0.51171875 loss=12.906537055969238 epoch=40 and step=10
2026-04-21 08:35:51,767 - SplitNNClient - INFO - 24308 - phase=train acc=0.63046875 loss=10.698129713535309 epoch=40 and step=10
2026-04-21 08:35:51,886 - SplitNNClient - INFO - 22056 - phase=train acc=0.60546875 loss=12.116619110107422 epoch=40 and step=10
2026-04-21 08:35:52,033 - SplitNNClient - INFO - 20344 - phase=train acc=0.6125 loss=11.139453649520874 epoch=40 and step=10
2026-04-21 08:35:57,322 - SplitNNClient - INFO - 16356 - phase=train acc=0.625 loss=21.256024956703186 epoch=40 and step=20
2026-04-21 08:35:57,449 - SplitNNClient - INFO - 10428 - phase=train acc=0.53984375 loss=24.97061514854431 epoch=40 and step=20
2026-04-21 08:35:57,545 - SplitNNClient - INFO - 24308 - phase=train acc=0.623828125 loss=21.62508910894394 epoch=40 and step=20
2026-04-21 08:35:57,682 - SplitNNClient - INFO - 22056 - phase=train acc=0.619140625 loss=23.15330159664154 epoch=40 and step=20
2026-04-21 08:35:57,771 - SplitNNClient - INFO - 20344 - phase=train acc=0.626953125 loss=21.535894632339478 epoch=40 and step=20
2026-04-21 08:36:03,172 - SplitNNClient - INFO - 16356 - phase=train acc=0.6309895833333333 loss=31.10260558128357 epoch=40 and step=30
2026-04-21 08:36:03,303 - SplitNNClient - INFO - 10428 - phase=train acc=0.5596354166666667 loss=35.738357186317444 epoch=40 and step=30
2026-04-21 08:36:03,400 - SplitNNClient - INFO - 24308 - phase=train acc=0.61640625 loss=32.704481422901154 epoch=40 and step=30
2026-04-21 08:36:03,537 - SplitNNClient - INFO - 22056 - phase=train acc=0.6192708333333333 loss=34.41763746738434 epoch=40 and step=30
2026-04-21 08:36:03,622 - SplitNNClient - INFO - 20344 - phase=train acc=0.6377604166666667 loss=31.20430225133896 epoch=40 and step=30
2026-04-21 08:36:08,886 - SplitNNClient - INFO - 16356 - phase=train acc=0.6349609375 loss=40.67343598604202 epoch=40 and step=40
2026-04-21 08:36:09,018 - SplitNNClient - INFO - 10428 - phase=train acc=0.5625 loss=47.02157700061798 epoch=40 and step=40
2026-04-21 08:36:09,115 - SplitNNClient - INFO - 24308 - phase=train acc=0.61484375 loss=43.46864253282547 epoch=40 and step=40
2026-04-21 08:36:09,246 - SplitNNClient - INFO - 22056 - phase=train acc=0.626171875 loss=44.725064754486084 epoch=40 and step=40
2026-04-21 08:36:09,340 - SplitNNClient - INFO - 20344 - phase=train acc=0.6490234375 loss=40.38390272855759 epoch=40 and step=40
2026-04-21 08:36:14,756 - SplitNNClient - INFO - 16356 - phase=train acc=0.63734375 loss=50.45951008796692 epoch=40 and step=50
2026-04-21 08:36:14,898 - SplitNNClient - INFO - 10428 - phase=train acc=0.56796875 loss=57.79662728309631 epoch=40 and step=50
2026-04-21 08:36:14,983 - SplitNNClient - INFO - 24308 - phase=train acc=0.619375 loss=53.68996739387512 epoch=40 and step=50
2026-04-21 08:36:15,119 - SplitNNClient - INFO - 22056 - phase=train acc=0.62578125 loss=55.82882958650589 epoch=40 and step=50
2026-04-21 08:36:15,203 - SplitNNClient - INFO - 20344 - phase=train acc=0.654375 loss=49.62582790851593 epoch=40 and step=50
2026-04-21 08:36:20,101 - SplitNNClient - INFO - 16356 - phase=train acc=0.635546875 loss=60.51639437675476 epoch=40 and step=60
2026-04-21 08:36:20,233 - SplitNNClient - INFO - 24308 - phase=train acc=0.6229166666666667 loss=63.876045286655426 epoch=40 and step=60
2026-04-21 08:36:20,359 - SplitNNClient - INFO - 22056 - phase=train acc=0.628125 loss=66.2333852648735 epoch=40 and step=60
2026-04-21 08:36:20,486 - SplitNNClient - INFO - 20344 - phase=train acc=0.6576822916666667 loss=59.03494071960449 epoch=40 and step=60
2026-04-21 08:36:24,713 - SplitNNClient - INFO - 22056 - phase=train acc=0.6264508928571428 loss=77.24755972623825 epoch=40 and step=70
2026-04-21 08:36:24,820 - SplitNNClient - INFO - 20344 - phase=train acc=0.6552455357142857 loss=68.75526714324951 epoch=40 and step=70
2026-04-21 08:36:27,413 - SplitNNClient - INFO - 20344 - phase=train acc=0.6560546875 loss=78.54787170886993 epoch=40 and step=80
2026-04-21 08:36:29,488 - SplitNNClient - INFO - 20344 - phase=train acc=0.6575520833333334 loss=87.7423347234726 epoch=40 and step=90
2026-04-21 08:36:31,654 - SplitNNClient - INFO - 20344 - phase=train acc=0.659140625 loss=97.28303837776184 epoch=40 and step=100
2026-04-21 08:36:33,827 - SplitNNClient - INFO - 20344 - phase=train acc=0.65859375 loss=107.20886254310608 epoch=40 and step=110
2026-04-21 08:36:35,994 - SplitNNClient - INFO - 20344 - phase=train acc=0.6597005208333333 loss=116.4417268037796 epoch=40 and step=120
2026-04-21 08:36:36,449 - FedServerManager - INFO - 16596 - get all model params ---- from rank fed_server
2026-04-21 08:36:53,124 - SplitNNClient - INFO - 20344 - phase=validation acc=0.5846 loss=90.75113034248352 epoch=40 and step=79
2026-04-21 08:36:53,239 - SplitNNClient - INFO - 16356 - phase=validation acc=0.5846 loss=90.75113034248352 epoch=40 and step=79
2026-04-21 08:36:53,319 - SplitNNClient - INFO - 10428 - phase=validation acc=0.5846 loss=90.75113034248352 epoch=40 and step=79
2026-04-21 08:36:53,512 - SplitNNClient - INFO - 22056 - phase=validation acc=0.5846 loss=90.75113034248352 epoch=40 and step=79
2026-04-21 08:36:53,590 - SplitNNClient - INFO - 24308 - phase=validation acc=0.5846 loss=90.75113034248352 epoch=40 and step=79
2026-04-21 08:36:59,147 - SplitNNClient - INFO - 22056 - phase=train acc=0.6171875 loss=11.719775080680847 epoch=41 and step=10
2026-04-21 08:36:59,237 - SplitNNClient - INFO - 24308 - phase=train acc=0.628125 loss=10.968892693519592 epoch=41 and step=10
2026-04-21 08:36:59,371 - SplitNNClient - INFO - 16356 - phase=train acc=0.61015625 loss=10.982358753681183 epoch=41 and step=10
2026-04-21 08:36:59,516 - SplitNNClient - INFO - 20344 - phase=train acc=0.63515625 loss=10.448579013347626 epoch=41 and step=10
2026-04-21 08:36:59,599 - SplitNNClient - INFO - 10428 - phase=train acc=0.53203125 loss=12.223633766174316 epoch=41 and step=10
2026-04-21 08:37:05,005 - SplitNNClient - INFO - 22056 - phase=train acc=0.6328125 loss=22.35818326473236 epoch=41 and step=20
2026-04-21 08:37:05,139 - SplitNNClient - INFO - 24308 - phase=train acc=0.620703125 loss=21.908737301826477 epoch=41 and step=20
2026-04-21 08:37:05,262 - SplitNNClient - INFO - 16356 - phase=train acc=0.625390625 loss=20.962766528129578 epoch=41 and step=20
2026-04-21 08:37:05,393 - SplitNNClient - INFO - 20344 - phase=train acc=0.652734375 loss=19.756351470947266 epoch=41 and step=20
2026-04-21 08:37:05,490 - SplitNNClient - INFO - 10428 - phase=train acc=0.540234375 loss=23.91288685798645 epoch=41 and step=20
2026-04-21 08:37:10,834 - SplitNNClient - INFO - 22056 - phase=train acc=0.64140625 loss=32.69174259901047 epoch=41 and step=30
2026-04-21 08:37:10,973 - SplitNNClient - INFO - 24308 - phase=train acc=0.6177083333333333 loss=32.84060549736023 epoch=41 and step=30
2026-04-21 08:37:11,067 - SplitNNClient - INFO - 16356 - phase=train acc=0.6286458333333333 loss=30.969405472278595 epoch=41 and step=30
2026-04-21 08:37:11,189 - SplitNNClient - INFO - 20344 - phase=train acc=0.65625 loss=29.161315858364105 epoch=41 and step=30
2026-04-21 08:37:11,324 - SplitNNClient - INFO - 10428 - phase=train acc=0.5510416666666667 loss=35.22800362110138 epoch=41 and step=30
2026-04-21 08:37:16,793 - SplitNNClient - INFO - 22056 - phase=train acc=0.6439453125 loss=42.965330958366394 epoch=41 and step=40
2026-04-21 08:37:16,921 - SplitNNClient - INFO - 24308 - phase=train acc=0.6125 loss=44.13120400905609 epoch=41 and step=40
2026-04-21 08:37:17,059 - SplitNNClient - INFO - 16356 - phase=train acc=0.6310546875 loss=41.065876603126526 epoch=41 and step=40
2026-04-21 08:37:17,153 - SplitNNClient - INFO - 20344 - phase=train acc=0.6580078125 loss=38.80223876237869 epoch=41 and step=40
2026-04-21 08:37:17,289 - SplitNNClient - INFO - 10428 - phase=train acc=0.556640625 loss=46.381731390953064 epoch=41 and step=40
2026-04-21 08:37:22,719 - SplitNNClient - INFO - 22056 - phase=train acc=0.641875 loss=53.663039803504944 epoch=41 and step=50
2026-04-21 08:37:22,856 - SplitNNClient - INFO - 24308 - phase=train acc=0.6146875 loss=54.89338183403015 epoch=41 and step=50
2026-04-21 08:37:22,954 - SplitNNClient - INFO - 16356 - phase=train acc=0.63828125 loss=50.778739392757416 epoch=41 and step=50
2026-04-21 08:37:23,080 - SplitNNClient - INFO - 20344 - phase=train acc=0.66015625 loss=47.945519626140594 epoch=41 and step=50
2026-04-21 08:37:23,213 - SplitNNClient - INFO - 10428 - phase=train acc=0.55578125 loss=57.74361741542816 epoch=41 and step=50
2026-04-21 08:37:28,032 - SplitNNClient - INFO - 22056 - phase=train acc=0.6391927083333333 loss=64.93273144960403 epoch=41 and step=60
2026-04-21 08:37:28,126 - SplitNNClient - INFO - 24308 - phase=train acc=0.6108072916666667 loss=65.85726088285446 epoch=41 and step=60
2026-04-21 08:37:28,260 - SplitNNClient - INFO - 16356 - phase=train acc=0.6372395833333333 loss=60.45870792865753 epoch=41 and step=60
2026-04-21 08:37:28,384 - SplitNNClient - INFO - 20344 - phase=train acc=0.6641927083333333 loss=57.156648218631744 epoch=41 and step=60
2026-04-21 08:37:32,480 - SplitNNClient - INFO - 22056 - phase=train acc=0.6390625 loss=75.87261533737183 epoch=41 and step=70
2026-04-21 08:37:32,673 - SplitNNClient - INFO - 20344 - phase=train acc=0.6655133928571428 loss=66.32753497362137 epoch=41 and step=70
2026-04-21 08:37:35,180 - SplitNNClient - INFO - 20344 - phase=train acc=0.66298828125 loss=76.26208925247192 epoch=41 and step=80
2026-04-21 08:37:37,347 - SplitNNClient - INFO - 20344 - phase=train acc=0.6626736111111111 loss=85.60223650932312 epoch=41 and step=90
2026-04-21 08:37:39,452 - SplitNNClient - INFO - 20344 - phase=train acc=0.663671875 loss=94.91331726312637 epoch=41 and step=100
2026-04-21 08:37:41,470 - SplitNNClient - INFO - 20344 - phase=train acc=0.6647727272727273 loss=104.07309979200363 epoch=41 and step=110
2026-04-21 08:37:43,638 - SplitNNClient - INFO - 20344 - phase=train acc=0.6650390625 loss=113.60761564970016 epoch=41 and step=120
2026-04-21 08:37:44,139 - FedServerManager - INFO - 16596 - get all model params ---- from rank fed_server
2026-04-21 08:38:01,241 - SplitNNClient - INFO - 22056 - phase=validation acc=0.5894 loss=90.30413311719894 epoch=41 and step=79
2026-04-21 08:38:01,290 - SplitNNClient - INFO - 20344 - phase=validation acc=0.5894 loss=90.30413311719894 epoch=41 and step=79
2026-04-21 08:38:01,296 - SplitNNClient - INFO - 16356 - phase=validation acc=0.5894 loss=90.30413311719894 epoch=41 and step=79
2026-04-21 08:38:01,356 - SplitNNClient - INFO - 24308 - phase=validation acc=0.5894 loss=90.30413311719894 epoch=41 and step=79
2026-04-21 08:38:01,487 - SplitNNClient - INFO - 10428 - phase=validation acc=0.5894 loss=90.30413311719894 epoch=41 and step=79
2026-04-21 08:38:06,871 - SplitNNClient - INFO - 20344 - phase=train acc=0.628125 loss=10.676001965999603 epoch=42 and step=10
2026-04-21 08:38:06,989 - SplitNNClient - INFO - 10428 - phase=train acc=0.53203125 loss=12.509848535060883 epoch=42 and step=10
2026-04-21 08:38:07,099 - SplitNNClient - INFO - 24308 - phase=train acc=0.615625 loss=11.043589115142822 epoch=42 and step=10
2026-04-21 08:38:07,224 - SplitNNClient - INFO - 22056 - phase=train acc=0.57578125 loss=12.244656920433044 epoch=42 and step=10
2026-04-21 08:38:07,364 - SplitNNClient - INFO - 16356 - phase=train acc=0.6265625 loss=10.510002851486206 epoch=42 and step=10
2026-04-21 08:38:12,736 - SplitNNClient - INFO - 20344 - phase=train acc=0.652734375 loss=19.937630712985992 epoch=42 and step=20
2026-04-21 08:38:12,849 - SplitNNClient - INFO - 10428 - phase=train acc=0.545703125 loss=24.202969670295715 epoch=42 and step=20
2026-04-21 08:38:12,950 - SplitNNClient - INFO - 24308 - phase=train acc=0.6171875 loss=21.646469295024872 epoch=42 and step=20
2026-04-21 08:38:13,079 - SplitNNClient - INFO - 22056 - phase=train acc=0.59921875 loss=23.477856636047363 epoch=42 and step=20
2026-04-21 08:38:13,210 - SplitNNClient - INFO - 16356 - phase=train acc=0.628125 loss=20.348180830478668 epoch=42 and step=20
2026-04-21 08:38:18,561 - SplitNNClient - INFO - 20344 - phase=train acc=0.6515625 loss=29.70914775133133 epoch=42 and step=30
2026-04-21 08:38:18,663 - SplitNNClient - INFO - 10428 - phase=train acc=0.5565104166666667 loss=35.35390156507492 epoch=42 and step=30
2026-04-21 08:38:18,813 - SplitNNClient - INFO - 24308 - phase=train acc=0.62421875 loss=31.658791184425354 epoch=42 and step=30
2026-04-21 08:38:18,923 - SplitNNClient - INFO - 22056 - phase=train acc=0.6213541666666667 loss=33.42145621776581 epoch=42 and step=30
2026-04-21 08:38:19,029 - SplitNNClient - INFO - 16356 - phase=train acc=0.6278645833333333 loss=30.527956247329712 epoch=42 and step=30
2026-04-21 08:38:24,445 - SplitNNClient - INFO - 20344 - phase=train acc=0.654296875 loss=39.50247812271118 epoch=42 and step=40
2026-04-21 08:38:24,535 - SplitNNClient - INFO - 10428 - phase=train acc=0.5619140625 loss=46.56913238763809 epoch=42 and step=40
2026-04-21 08:38:24,651 - SplitNNClient - INFO - 24308 - phase=train acc=0.627734375 loss=42.01722991466522 epoch=42 and step=40
2026-04-21 08:38:24,808 - SplitNNClient - INFO - 22056 - phase=train acc=0.6228515625 loss=44.361055850982666 epoch=42 and step=40
2026-04-21 08:38:24,930 - SplitNNClient - INFO - 16356 - phase=train acc=0.6296875 loss=40.25656574964523 epoch=42 and step=40
2026-04-21 08:38:30,321 - SplitNNClient - INFO - 20344 - phase=train acc=0.6521875 loss=49.257673025131226 epoch=42 and step=50
2026-04-21 08:38:30,443 - SplitNNClient - INFO - 10428 - phase=train acc=0.5634375 loss=57.335443556308746 epoch=42 and step=50
2026-04-21 08:38:30,544 - SplitNNClient - INFO - 24308 - phase=train acc=0.6175 loss=53.991406202316284 epoch=42 and step=50
2026-04-21 08:38:30,676 - SplitNNClient - INFO - 22056 - phase=train acc=0.62625 loss=55.40315043926239 epoch=42 and step=50
2026-04-21 08:38:30,811 - SplitNNClient - INFO - 16356 - phase=train acc=0.62703125 loss=50.59748160839081 epoch=42 and step=50
2026-04-21 08:38:35,579 - SplitNNClient - INFO - 20344 - phase=train acc=0.653125 loss=58.80830377340317 epoch=42 and step=60
2026-04-21 08:38:35,691 - SplitNNClient - INFO - 24308 - phase=train acc=0.6018229166666667 loss=67.1319146156311 epoch=42 and step=60
2026-04-21 08:38:35,836 - SplitNNClient - INFO - 22056 - phase=train acc=0.6290364583333333 loss=65.97536432743073 epoch=42 and step=60
2026-04-21 08:38:35,922 - SplitNNClient - INFO - 16356 - phase=train acc=0.631640625 loss=60.28472948074341 epoch=42 and step=60
2026-04-21 08:38:40,012 - SplitNNClient - INFO - 20344 - phase=train acc=0.6568080357142857 loss=67.79144269227982 epoch=42 and step=70
2026-04-21 08:38:40,203 - SplitNNClient - INFO - 22056 - phase=train acc=0.6309151785714285 loss=76.50010198354721 epoch=42 and step=70
2026-04-21 08:38:42,728 - SplitNNClient - INFO - 20344 - phase=train acc=0.65791015625 loss=77.37349808216095 epoch=42 and step=80
2026-04-21 08:38:44,896 - SplitNNClient - INFO - 20344 - phase=train acc=0.6620659722222222 loss=86.24184662103653 epoch=42 and step=90
2026-04-21 08:38:46,996 - SplitNNClient - INFO - 20344 - phase=train acc=0.66234375 loss=95.45813322067261 epoch=42 and step=100
2026-04-21 08:38:49,161 - SplitNNClient - INFO - 20344 - phase=train acc=0.6630681818181818 loss=105.00648671388626 epoch=42 and step=110
2026-04-21 08:38:51,326 - SplitNNClient - INFO - 20344 - phase=train acc=0.6639322916666667 loss=114.01115030050278 epoch=42 and step=120
2026-04-21 08:38:51,830 - FedServerManager - INFO - 16596 - get all model params ---- from rank fed_server
2026-04-21 08:39:10,404 - SplitNNClient - INFO - 16356 - phase=validation acc=0.5435 loss=100.47881972789764 epoch=42 and step=79
2026-04-21 08:39:10,660 - SplitNNClient - INFO - 20344 - phase=validation acc=0.5435 loss=100.47881972789764 epoch=42 and step=79
2026-04-21 08:39:10,780 - SplitNNClient - INFO - 22056 - phase=validation acc=0.5435 loss=100.47881972789764 epoch=42 and step=79
2026-04-21 08:39:10,824 - SplitNNClient - INFO - 10428 - phase=validation acc=0.5435 loss=100.47881972789764 epoch=42 and step=79
2026-04-21 08:39:16,426 - SplitNNClient - INFO - 22056 - phase=train acc=0.60703125 loss=12.48652458190918 epoch=43 and step=10
2026-04-21 08:39:16,517 - SplitNNClient - INFO - 10428 - phase=train acc=0.51015625 loss=13.315839529037476 epoch=43 and step=10
2026-04-21 08:39:16,653 - SplitNNClient - INFO - 24308 - phase=train acc=0.6546875 loss=10.528043329715729 epoch=43 and step=10
2026-04-21 08:39:16,751 - SplitNNClient - INFO - 20344 - phase=train acc=0.61640625 loss=11.023098468780518 epoch=43 and step=10
2026-04-21 08:39:16,855 - SplitNNClient - INFO - 16356 - phase=train acc=0.61015625 loss=10.637461543083191 epoch=43 and step=10
2026-04-21 08:39:22,210 - SplitNNClient - INFO - 22056 - phase=train acc=0.626953125 loss=22.810963034629822 epoch=43 and step=20
2026-04-21 08:39:22,311 - SplitNNClient - INFO - 10428 - phase=train acc=0.549609375 loss=24.065274715423584 epoch=43 and step=20
2026-04-21 08:39:22,440 - SplitNNClient - INFO - 24308 - phase=train acc=0.644921875 loss=20.736606299877167 epoch=43 and step=20
2026-04-21 08:39:22,574 - SplitNNClient - INFO - 20344 - phase=train acc=0.647265625 loss=20.814943969249725 epoch=43 and step=20
2026-04-21 08:39:22,671 - SplitNNClient - INFO - 16356 - phase=train acc=0.6296875 loss=20.211667895317078 epoch=43 and step=20
2026-04-21 08:39:28,168 - SplitNNClient - INFO - 22056 - phase=train acc=0.6411458333333333 loss=33.41866433620453 epoch=43 and step=30
2026-04-21 08:39:28,267 - SplitNNClient - INFO - 10428 - phase=train acc=0.5533854166666666 loss=35.62721276283264 epoch=43 and step=30
2026-04-21 08:39:28,396 - SplitNNClient - INFO - 20344 - phase=train acc=0.6544270833333333 loss=30.158438205718994 epoch=43 and step=30
2026-04-21 08:39:28,513 - SplitNNClient - INFO - 24308 - phase=train acc=0.6385416666666667 loss=31.16114640235901 epoch=43 and step=30
2026-04-21 08:39:28,636 - SplitNNClient - INFO - 16356 - phase=train acc=0.6395833333333333 loss=29.86393231153488 epoch=43 and step=30
2026-04-21 08:39:34,086 - SplitNNClient - INFO - 22056 - phase=train acc=0.63515625 loss=44.62740272283554 epoch=43 and step=40
2026-04-21 08:39:34,213 - SplitNNClient - INFO - 10428 - phase=train acc=0.558984375 loss=46.529794812202454 epoch=43 and step=40
2026-04-21 08:39:34,312 - SplitNNClient - INFO - 20344 - phase=train acc=0.659375 loss=39.264679312705994 epoch=43 and step=40
2026-04-21 08:39:34,445 - SplitNNClient - INFO - 24308 - phase=train acc=0.6427734375 loss=40.98088884353638 epoch=43 and step=40
2026-04-21 08:39:34,532 - SplitNNClient - INFO - 16356 - phase=train acc=0.639453125 loss=39.70683217048645 epoch=43 and step=40
2026-04-21 08:39:39,951 - SplitNNClient - INFO - 22056 - phase=train acc=0.63609375 loss=55.23772591352463 epoch=43 and step=50
2026-04-21 08:39:40,044 - SplitNNClient - INFO - 10428 - phase=train acc=0.5609375 loss=57.28581386804581 epoch=43 and step=50
2026-04-21 08:39:40,184 - SplitNNClient - INFO - 20344 - phase=train acc=0.6596875 loss=48.903654992580414 epoch=43 and step=50
2026-04-21 08:39:40,278 - SplitNNClient - INFO - 24308 - phase=train acc=0.641875 loss=51.464709758758545 epoch=43 and step=50
2026-04-21 08:39:40,414 - SplitNNClient - INFO - 16356 - phase=train acc=0.63765625 loss=50.22322952747345 epoch=43 and step=50
2026-04-21 08:39:45,147 - SplitNNClient - INFO - 22056 - phase=train acc=0.6404947916666667 loss=65.78836995363235 epoch=43 and step=60
2026-04-21 08:39:45,282 - SplitNNClient - INFO - 20344 - phase=train acc=0.664453125 loss=57.95197182893753 epoch=43 and step=60
2026-04-21 08:39:45,374 - SplitNNClient - INFO - 24308 - phase=train acc=0.640625 loss=61.679252088069916 epoch=43 and step=60
2026-04-21 08:39:45,514 - SplitNNClient - INFO - 16356 - phase=train acc=0.6384114583333333 loss=60.53493857383728 epoch=43 and step=60
2026-04-21 08:39:49,651 - SplitNNClient - INFO - 22056 - phase=train acc=0.6416294642857143 loss=76.36073833703995 epoch=43 and step=70
2026-04-21 08:39:49,715 - SplitNNClient - INFO - 20344 - phase=train acc=0.6685267857142857 loss=67.02975898981094 epoch=43 and step=70
2026-04-21 08:39:52,326 - SplitNNClient - INFO - 20344 - phase=train acc=0.66962890625 loss=76.72215694189072 epoch=43 and step=80
2026-04-21 08:39:54,489 - SplitNNClient - INFO - 20344 - phase=train acc=0.6702256944444445 loss=86.19786858558655 epoch=43 and step=90
2026-04-21 08:39:56,658 - SplitNNClient - INFO - 20344 - phase=train acc=0.667734375 loss=96.28071969747543 epoch=43 and step=100
2026-04-21 08:39:58,764 - SplitNNClient - INFO - 20344 - phase=train acc=0.6683238636363636 loss=105.27867394685745 epoch=43 and step=110
2026-04-21 08:40:00,930 - SplitNNClient - INFO - 20344 - phase=train acc=0.667578125 loss=114.96389400959015 epoch=43 and step=120
2026-04-21 08:40:01,410 - FedServerManager - INFO - 16596 - get all model params ---- from rank fed_server
2026-04-21 08:40:18,310 - SplitNNClient - INFO - 22056 - phase=validation acc=0.59 loss=90.99080055952072 epoch=43 and step=79
2026-04-21 08:40:18,523 - SplitNNClient - INFO - 20344 - phase=validation acc=0.59 loss=90.99080055952072 epoch=43 and step=79
2026-04-21 08:40:18,577 - SplitNNClient - INFO - 10428 - phase=validation acc=0.59 loss=90.99080055952072 epoch=43 and step=79
2026-04-21 08:40:18,672 - SplitNNClient - INFO - 16356 - phase=validation acc=0.59 loss=90.99080055952072 epoch=43 and step=79
2026-04-21 08:40:18,783 - SplitNNClient - INFO - 24308 - phase=validation acc=0.59 loss=90.99080055952072 epoch=43 and step=79
2026-04-21 08:40:24,273 - SplitNNClient - INFO - 24308 - phase=train acc=0.596875 loss=11.466792345046997 epoch=44 and step=10
2026-04-21 08:40:24,426 - SplitNNClient - INFO - 16356 - phase=train acc=0.5875 loss=11.276074945926666 epoch=44 and step=10
2026-04-21 08:40:24,500 - SplitNNClient - INFO - 20344 - phase=train acc=0.65546875 loss=9.992510914802551 epoch=44 and step=10
2026-04-21 08:40:24,602 - SplitNNClient - INFO - 22056 - phase=train acc=0.6375 loss=11.425617158412933 epoch=44 and step=10
2026-04-21 08:40:24,728 - SplitNNClient - INFO - 10428 - phase=train acc=0.503125 loss=13.442676782608032 epoch=44 and step=10
2026-04-21 08:40:30,159 - SplitNNClient - INFO - 24308 - phase=train acc=0.630859375 loss=21.1628697514534 epoch=44 and step=20
2026-04-21 08:40:30,247 - SplitNNClient - INFO - 16356 - phase=train acc=0.605078125 loss=21.54659593105316 epoch=44 and step=20
2026-04-21 08:40:30,391 - SplitNNClient - INFO - 20344 - phase=train acc=0.65703125 loss=19.85966581106186 epoch=44 and step=20
2026-04-21 08:40:30,476 - SplitNNClient - INFO - 22056 - phase=train acc=0.642578125 loss=22.150402009487152 epoch=44 and step=20
2026-04-21 08:40:30,607 - SplitNNClient - INFO - 10428 - phase=train acc=0.5421875 loss=24.756590962409973 epoch=44 and step=20
2026-04-21 08:40:35,972 - SplitNNClient - INFO - 24308 - phase=train acc=0.63828125 loss=31.33135360479355 epoch=44 and step=30
2026-04-21 08:40:36,059 - SplitNNClient - INFO - 16356 - phase=train acc=0.6221354166666667 loss=31.015097618103027 epoch=44 and step=30
2026-04-21 08:40:36,194 - SplitNNClient - INFO - 20344 - phase=train acc=0.6583333333333333 loss=29.442794144153595 epoch=44 and step=30
2026-04-21 08:40:36,284 - SplitNNClient - INFO - 22056 - phase=train acc=0.634375 loss=33.301107585430145 epoch=44 and step=30
2026-04-21 08:40:36,431 - SplitNNClient - INFO - 10428 - phase=train acc=0.5627604166666667 loss=35.22400742769241 epoch=44 and step=30
2026-04-21 08:40:41,732 - SplitNNClient - INFO - 24308 - phase=train acc=0.638671875 loss=41.42698121070862 epoch=44 and step=40
2026-04-21 08:40:41,869 - SplitNNClient - INFO - 16356 - phase=train acc=0.63359375 loss=40.51506704092026 epoch=44 and step=40
2026-04-21 08:40:41,957 - SplitNNClient - INFO - 20344 - phase=train acc=0.666796875 loss=38.51120561361313 epoch=44 and step=40
2026-04-21 08:40:42,093 - SplitNNClient - INFO - 22056 - phase=train acc=0.63828125 loss=43.6592635512352 epoch=44 and step=40
2026-04-21 08:40:42,185 - SplitNNClient - INFO - 10428 - phase=train acc=0.5712890625 loss=46.15582638978958 epoch=44 and step=40
2026-04-21 08:40:47,496 - SplitNNClient - INFO - 24308 - phase=train acc=0.63984375 loss=51.51284432411194 epoch=44 and step=50
2026-04-21 08:40:47,640 - SplitNNClient - INFO - 16356 - phase=train acc=0.636875 loss=50.379523158073425 epoch=44 and step=50
2026-04-21 08:40:47,727 - SplitNNClient - INFO - 20344 - phase=train acc=0.668125 loss=47.761072516441345 epoch=44 and step=50
2026-04-21 08:40:47,866 - SplitNNClient - INFO - 22056 - phase=train acc=0.6359375 loss=54.44742685556412 epoch=44 and step=50
2026-04-21 08:40:47,953 - SplitNNClient - INFO - 10428 - phase=train acc=0.5721875 loss=56.54086750745773 epoch=44 and step=50
2026-04-21 08:40:52,868 - SplitNNClient - INFO - 16356 - phase=train acc=0.64140625 loss=59.69420886039734 epoch=44 and step=60
2026-04-21 08:40:53,006 - SplitNNClient - INFO - 24308 - phase=train acc=0.6384114583333333 loss=61.95287960767746 epoch=44 and step=60
2026-04-21 08:40:53,129 - SplitNNClient - INFO - 20344 - phase=train acc=0.6697916666666667 loss=57.38393419981003 epoch=44 and step=60
2026-04-21 08:40:53,230 - SplitNNClient - INFO - 22056 - phase=train acc=0.6380208333333334 loss=64.86247998476028 epoch=44 and step=60
2026-04-21 08:40:57,466 - SplitNNClient - INFO - 20344 - phase=train acc=0.6690848214285714 loss=66.85898125171661 epoch=44 and step=70
2026-04-21 08:40:57,535 - SplitNNClient - INFO - 22056 - phase=train acc=0.6370535714285714 loss=75.69635409116745 epoch=44 and step=70
2026-04-21 08:41:00,019 - SplitNNClient - INFO - 20344 - phase=train acc=0.671484375 loss=76.08698695898056 epoch=44 and step=80
2026-04-21 08:41:02,134 - SplitNNClient - INFO - 20344 - phase=train acc=0.67109375 loss=85.54437965154648 epoch=44 and step=90
2026-04-21 08:41:04,307 - SplitNNClient - INFO - 20344 - phase=train acc=0.67078125 loss=94.76361334323883 epoch=44 and step=100
2026-04-21 08:41:06,382 - SplitNNClient - INFO - 20344 - phase=train acc=0.6693181818181818 loss=104.38550794124603 epoch=44 and step=110
2026-04-21 08:41:08,490 - SplitNNClient - INFO - 20344 - phase=train acc=0.6702473958333334 loss=113.60581201314926 epoch=44 and step=120
2026-04-21 08:41:08,940 - FedServerManager - INFO - 16596 - get all model params ---- from rank fed_server
2026-04-21 08:41:27,221 - SplitNNClient - INFO - 20344 - phase=validation acc=0.5877 loss=90.26054430007935 epoch=44 and step=79
2026-04-21 08:41:27,235 - SplitNNClient - INFO - 22056 - phase=validation acc=0.5877 loss=90.26054430007935 epoch=44 and step=79
2026-04-21 08:41:27,303 - SplitNNClient - INFO - 16356 - phase=validation acc=0.5877 loss=90.26054430007935 epoch=44 and step=79
2026-04-21 08:41:27,310 - SplitNNClient - INFO - 24308 - phase=validation acc=0.5877 loss=90.26054430007935 epoch=44 and step=79
2026-04-21 08:41:27,335 - SplitNNClient - INFO - 10428 - phase=validation acc=0.5877 loss=90.26054430007935 epoch=44 and step=79
2026-04-21 08:41:32,898 - SplitNNClient - INFO - 22056 - phase=train acc=0.621875 loss=11.44216239452362 epoch=45 and step=10
2026-04-21 08:41:32,994 - SplitNNClient - INFO - 20344 - phase=train acc=0.63203125 loss=10.15314793586731 epoch=45 and step=10
2026-04-21 08:41:33,122 - SplitNNClient - INFO - 16356 - phase=train acc=0.60703125 loss=10.66276615858078 epoch=45 and step=10
2026-04-21 08:41:33,212 - SplitNNClient - INFO - 10428 - phase=train acc=0.534375 loss=12.499456644058228 epoch=45 and step=10
2026-04-21 08:41:33,352 - SplitNNClient - INFO - 24308 - phase=train acc=0.640625 loss=10.291843235492706 epoch=45 and step=10
2026-04-21 08:41:38,791 - SplitNNClient - INFO - 22056 - phase=train acc=0.63984375 loss=21.534839868545532 epoch=45 and step=20
2026-04-21 08:41:38,893 - SplitNNClient - INFO - 20344 - phase=train acc=0.648828125 loss=19.81446349620819 epoch=45 and step=20
2026-04-21 08:41:39,024 - SplitNNClient - INFO - 16356 - phase=train acc=0.612109375 loss=20.829179048538208 epoch=45 and step=20
2026-04-21 08:41:39,154 - SplitNNClient - INFO - 10428 - phase=train acc=0.566796875 loss=23.684431433677673 epoch=45 and step=20
2026-04-21 08:41:39,253 - SplitNNClient - INFO - 24308 - phase=train acc=0.634765625 loss=20.743967711925507 epoch=45 and step=20
2026-04-21 08:41:44,713 - SplitNNClient - INFO - 22056 - phase=train acc=0.6408854166666667 loss=31.76393610239029 epoch=45 and step=30
2026-04-21 08:41:44,814 - SplitNNClient - INFO - 20344 - phase=train acc=0.6630208333333333 loss=28.7270690202713 epoch=45 and step=30
2026-04-21 08:41:44,942 - SplitNNClient - INFO - 16356 - phase=train acc=0.6260416666666667 loss=30.55903446674347 epoch=45 and step=30
2026-04-21 08:41:45,068 - SplitNNClient - INFO - 10428 - phase=train acc=0.56796875 loss=35.05455005168915 epoch=45 and step=30
2026-04-21 08:41:45,216 - SplitNNClient - INFO - 24308 - phase=train acc=0.6322916666666667 loss=31.496561765670776 epoch=45 and step=30
2026-04-21 08:41:50,612 - SplitNNClient - INFO - 22056 - phase=train acc=0.6431640625 loss=42.42486661672592 epoch=45 and step=40
2026-04-21 08:41:50,733 - SplitNNClient - INFO - 20344 - phase=train acc=0.6658203125 loss=38.02742600440979 epoch=45 and step=40
2026-04-21 08:41:50,879 - SplitNNClient - INFO - 16356 - phase=train acc=0.630078125 loss=40.36742216348648 epoch=45 and step=40
2026-04-21 08:41:50,958 - SplitNNClient - INFO - 10428 - phase=train acc=0.5720703125 loss=45.86850392818451 epoch=45 and step=40
2026-04-21 08:41:51,064 - SplitNNClient - INFO - 24308 - phase=train acc=0.634765625 loss=41.44457536935806 epoch=45 and step=40
2026-04-21 08:41:56,425 - SplitNNClient - INFO - 22056 - phase=train acc=0.63796875 loss=53.966591119766235 epoch=45 and step=50
2026-04-21 08:41:56,551 - SplitNNClient - INFO - 20344 - phase=train acc=0.66625 loss=47.49545502662659 epoch=45 and step=50
2026-04-21 08:41:56,694 - SplitNNClient - INFO - 16356 - phase=train acc=0.63375 loss=50.2109689116478 epoch=45 and step=50
2026-04-21 08:41:56,782 - SplitNNClient - INFO - 10428 - phase=train acc=0.5690625 loss=57.025067925453186 epoch=45 and step=50
2026-04-21 08:41:56,886 - SplitNNClient - INFO - 24308 - phase=train acc=0.636875 loss=51.60337269306183 epoch=45 and step=50
2026-04-21 08:42:01,689 - SplitNNClient - INFO - 22056 - phase=train acc=0.6407552083333333 loss=64.42974281311035 epoch=45 and step=60
2026-04-21 08:42:01,824 - SplitNNClient - INFO - 20344 - phase=train acc=0.6657552083333333 loss=56.706905484199524 epoch=45 and step=60
2026-04-21 08:42:01,912 - SplitNNClient - INFO - 16356 - phase=train acc=0.63203125 loss=60.32848471403122 epoch=45 and step=60
2026-04-21 08:42:02,050 - SplitNNClient - INFO - 24308 - phase=train acc=0.6352864583333333 loss=62.048629462718964 epoch=45 and step=60
2026-04-21 08:42:06,080 - SplitNNClient - INFO - 22056 - phase=train acc=0.6441964285714286 loss=74.64279532432556 epoch=45 and step=70
2026-04-21 08:42:06,171 - SplitNNClient - INFO - 20344 - phase=train acc=0.6688616071428571 loss=65.59257745742798 epoch=45 and step=70
2026-04-21 08:42:08,784 - SplitNNClient - INFO - 20344 - phase=train acc=0.668359375 loss=74.99087822437286 epoch=45 and step=80
2026-04-21 08:42:10,952 - SplitNNClient - INFO - 20344 - phase=train acc=0.6673611111111111 loss=84.49655723571777 epoch=45 and step=90
2026-04-21 08:42:13,112 - SplitNNClient - INFO - 20344 - phase=train acc=0.66953125 loss=93.54880517721176 epoch=45 and step=100
2026-04-21 08:42:15,290 - SplitNNClient - INFO - 20344 - phase=train acc=0.6655539772727272 loss=104.16119915246964 epoch=45 and step=110
2026-04-21 08:42:17,366 - SplitNNClient - INFO - 20344 - phase=train acc=0.6613932291666667 loss=114.90509551763535 epoch=45 and step=120
2026-04-21 08:42:17,842 - FedServerManager - INFO - 16596 - get all model params ---- from rank fed_server
2026-04-21 08:42:35,384 - SplitNNClient - INFO - 16356 - phase=validation acc=0.5371 loss=102.41791105270386 epoch=45 and step=79
2026-04-21 08:42:35,491 - SplitNNClient - INFO - 24308 - phase=validation acc=0.5371 loss=102.41791105270386 epoch=45 and step=79
2026-04-21 08:42:35,495 - SplitNNClient - INFO - 20344 - phase=validation acc=0.5371 loss=102.41791105270386 epoch=45 and step=79
2026-04-21 08:42:35,703 - SplitNNClient - INFO - 22056 - phase=validation acc=0.5371 loss=102.41791105270386 epoch=45 and step=79
2026-04-21 08:42:35,761 - SplitNNClient - INFO - 10428 - phase=validation acc=0.5371 loss=102.41791105270386 epoch=45 and step=79
2026-04-21 08:42:41,290 - SplitNNClient - INFO - 20344 - phase=train acc=0.625 loss=10.446992695331573 epoch=46 and step=10
2026-04-21 08:42:41,425 - SplitNNClient - INFO - 10428 - phase=train acc=0.50234375 loss=13.151930332183838 epoch=46 and step=10
2026-04-21 08:42:41,514 - SplitNNClient - INFO - 24308 - phase=train acc=0.6296875 loss=10.924531042575836 epoch=46 and step=10
2026-04-21 08:42:41,651 - SplitNNClient - INFO - 16356 - phase=train acc=0.615625 loss=10.825499296188354 epoch=46 and step=10
2026-04-21 08:42:41,772 - SplitNNClient - INFO - 22056 - phase=train acc=0.60546875 loss=12.0551837682724 epoch=46 and step=10
2026-04-21 08:42:47,208 - SplitNNClient - INFO - 20344 - phase=train acc=0.654296875 loss=19.845214188098907 epoch=46 and step=20
2026-04-21 08:42:47,299 - SplitNNClient - INFO - 10428 - phase=train acc=0.5421875 loss=24.25461232662201 epoch=46 and step=20
2026-04-21 08:42:47,406 - SplitNNClient - INFO - 24308 - phase=train acc=0.6328125 loss=21.26497209072113 epoch=46 and step=20
2026-04-21 08:42:47,538 - SplitNNClient - INFO - 16356 - phase=train acc=0.64296875 loss=20.207020819187164 epoch=46 and step=20
2026-04-21 08:42:47,668 - SplitNNClient - INFO - 22056 - phase=train acc=0.623046875 loss=22.559552490711212 epoch=46 and step=20
2026-04-21 08:42:53,044 - SplitNNClient - INFO - 20344 - phase=train acc=0.6611979166666667 loss=28.706101298332214 epoch=46 and step=30
2026-04-21 08:42:53,186 - SplitNNClient - INFO - 10428 - phase=train acc=0.5557291666666667 loss=34.99607467651367 epoch=46 and step=30
2026-04-21 08:42:53,280 - SplitNNClient - INFO - 24308 - phase=train acc=0.6325520833333333 loss=31.803900361061096 epoch=46 and step=30
2026-04-21 08:42:53,385 - SplitNNClient - INFO - 16356 - phase=train acc=0.6463541666666667 loss=29.769023180007935 epoch=46 and step=30
2026-04-21 08:42:53,518 - SplitNNClient - INFO - 22056 - phase=train acc=0.6291666666666667 loss=32.9607509970665 epoch=46 and step=30
2026-04-21 08:42:59,021 - SplitNNClient - INFO - 20344 - phase=train acc=0.66640625 loss=38.088658452034 epoch=46 and step=40
2026-04-21 08:42:59,107 - SplitNNClient - INFO - 10428 - phase=train acc=0.56640625 loss=45.533044159412384 epoch=46 and step=40
2026-04-21 08:42:59,208 - SplitNNClient - INFO - 24308 - phase=train acc=0.6328125 loss=42.24102079868317 epoch=46 and step=40
2026-04-21 08:42:59,339 - SplitNNClient - INFO - 16356 - phase=train acc=0.6443359375 loss=39.84586811065674 epoch=46 and step=40
2026-04-21 08:42:59,455 - SplitNNClient - INFO - 22056 - phase=train acc=0.6375 loss=43.16242516040802 epoch=46 and step=40
2026-04-21 08:43:04,805 - SplitNNClient - INFO - 20344 - phase=train acc=0.6703125 loss=47.08744430541992 epoch=46 and step=50
2026-04-21 08:43:04,904 - SplitNNClient - INFO - 10428 - phase=train acc=0.57046875 loss=56.20475256443024 epoch=46 and step=50
2026-04-21 08:43:05,032 - SplitNNClient - INFO - 24308 - phase=train acc=0.63375 loss=52.452331602573395 epoch=46 and step=50
2026-04-21 08:43:05,170 - SplitNNClient - INFO - 16356 - phase=train acc=0.64546875 loss=49.26063084602356 epoch=46 and step=50
2026-04-21 08:43:05,295 - SplitNNClient - INFO - 22056 - phase=train acc=0.644375 loss=53.52188682556152 epoch=46 and step=50
2026-04-21 08:43:10,137 - SplitNNClient - INFO - 20344 - phase=train acc=0.6736979166666667 loss=55.96773374080658 epoch=46 and step=60
2026-04-21 08:43:10,263 - SplitNNClient - INFO - 24308 - phase=train acc=0.6368489583333333 loss=62.56098824739456 epoch=46 and step=60
2026-04-21 08:43:10,354 - SplitNNClient - INFO - 16356 - phase=train acc=0.6497395833333334 loss=58.700535237789154 epoch=46 and step=60
2026-04-21 08:43:10,489 - SplitNNClient - INFO - 22056 - phase=train acc=0.6459635416666667 loss=63.57586890459061 epoch=46 and step=60
2026-04-21 08:43:14,577 - SplitNNClient - INFO - 20344 - phase=train acc=0.6728794642857143 loss=65.71950936317444 epoch=46 and step=70
2026-04-21 08:43:14,761 - SplitNNClient - INFO - 22056 - phase=train acc=0.6470982142857142 loss=73.54460883140564 epoch=46 and step=70
2026-04-21 08:43:17,301 - SplitNNClient - INFO - 20344 - phase=train acc=0.67216796875 loss=75.11031872034073 epoch=46 and step=80
2026-04-21 08:43:19,470 - SplitNNClient - INFO - 20344 - phase=train acc=0.6735243055555555 loss=84.15934628248215 epoch=46 and step=90
2026-04-21 08:43:21,636 - SplitNNClient - INFO - 20344 - phase=train acc=0.6725 loss=93.52290290594101 epoch=46 and step=100
2026-04-21 08:43:23,812 - SplitNNClient - INFO - 20344 - phase=train acc=0.67265625 loss=102.68147605657578 epoch=46 and step=110
2026-04-21 08:43:25,949 - SplitNNClient - INFO - 20344 - phase=train acc=0.6719401041666667 loss=112.0732570886612 epoch=46 and step=120
2026-04-21 08:43:26,448 - FedServerManager - INFO - 16596 - get all model params ---- from rank fed_server
2026-04-21 08:43:44,188 - SplitNNClient - INFO - 20344 - phase=validation acc=0.5941 loss=89.85595834255219 epoch=46 and step=79
2026-04-21 08:43:44,285 - SplitNNClient - INFO - 10428 - phase=validation acc=0.5941 loss=89.85595834255219 epoch=46 and step=79
2026-04-21 08:43:44,304 - SplitNNClient - INFO - 16356 - phase=validation acc=0.5941 loss=89.85595834255219 epoch=46 and step=79
2026-04-21 08:43:44,318 - SplitNNClient - INFO - 22056 - phase=validation acc=0.5941 loss=89.85595834255219 epoch=46 and step=79
2026-04-21 08:43:44,530 - SplitNNClient - INFO - 24308 - phase=validation acc=0.5941 loss=89.85595834255219 epoch=46 and step=79
2026-04-21 08:43:50,020 - SplitNNClient - INFO - 20344 - phase=train acc=0.65390625 loss=10.02341914176941 epoch=47 and step=10
2026-04-21 08:43:50,117 - SplitNNClient - INFO - 24308 - phase=train acc=0.66015625 loss=10.093489646911621 epoch=47 and step=10
2026-04-21 08:43:50,253 - SplitNNClient - INFO - 22056 - phase=train acc=0.61796875 loss=11.44790369272232 epoch=47 and step=10
2026-04-21 08:43:50,389 - SplitNNClient - INFO - 16356 - phase=train acc=0.63671875 loss=10.391391813755035 epoch=47 and step=10
2026-04-21 08:43:50,473 - SplitNNClient - INFO - 10428 - phase=train acc=0.53984375 loss=12.678941011428833 epoch=47 and step=10
2026-04-21 08:43:55,794 - SplitNNClient - INFO - 20344 - phase=train acc=0.6640625 loss=19.833666265010834 epoch=47 and step=20
2026-04-21 08:43:55,909 - SplitNNClient - INFO - 24308 - phase=train acc=0.65625 loss=20.098435282707214 epoch=47 and step=20
2026-04-21 08:43:56,060 - SplitNNClient - INFO - 22056 - phase=train acc=0.629296875 loss=22.01074481010437 epoch=47 and step=20
2026-04-21 08:43:56,140 - SplitNNClient - INFO - 16356 - phase=train acc=0.654296875 loss=19.679016411304474 epoch=47 and step=20
2026-04-21 08:43:56,285 - SplitNNClient - INFO - 10428 - phase=train acc=0.551171875 loss=24.58600091934204 epoch=47 and step=20
2026-04-21 08:44:01,625 - SplitNNClient - INFO - 20344 - phase=train acc=0.6723958333333333 loss=29.092716336250305 epoch=47 and step=30
2026-04-21 08:44:01,765 - SplitNNClient - INFO - 24308 - phase=train acc=0.6567708333333333 loss=29.785438001155853 epoch=47 and step=30
2026-04-21 08:44:01,897 - SplitNNClient - INFO - 22056 - phase=train acc=0.63359375 loss=32.70846116542816 epoch=47 and step=30
2026-04-21 08:44:01,990 - SplitNNClient - INFO - 16356 - phase=train acc=0.6559895833333333 loss=29.140024781227112 epoch=47 and step=30
2026-04-21 08:44:02,119 - SplitNNClient - INFO - 10428 - phase=train acc=0.5565104166666667 loss=35.934102296829224 epoch=47 and step=30
2026-04-21 08:44:07,536 - SplitNNClient - INFO - 20344 - phase=train acc=0.6708984375 loss=38.37570071220398 epoch=47 and step=40
2026-04-21 08:44:07,627 - SplitNNClient - INFO - 24308 - phase=train acc=0.6576171875 loss=40.031991600990295 epoch=47 and step=40
2026-04-21 08:44:07,772 - SplitNNClient - INFO - 22056 - phase=train acc=0.6439453125 loss=42.33905625343323 epoch=47 and step=40
2026-04-21 08:44:07,863 - SplitNNClient - INFO - 16356 - phase=train acc=0.6537109375 loss=38.903726160526276 epoch=47 and step=40
2026-04-21 08:44:08,005 - SplitNNClient - INFO - 10428 - phase=train acc=0.55546875 loss=47.25364446640015 epoch=47 and step=40
2026-04-21 08:44:13,387 - SplitNNClient - INFO - 20344 - phase=train acc=0.6703125 loss=47.68847441673279 epoch=47 and step=50
2026-04-21 08:44:13,480 - SplitNNClient - INFO - 24308 - phase=train acc=0.65328125 loss=50.37814211845398 epoch=47 and step=50
2026-04-21 08:44:13,614 - SplitNNClient - INFO - 22056 - phase=train acc=0.64546875 loss=52.6971275806427 epoch=47 and step=50
2026-04-21 08:44:13,817 - SplitNNClient - INFO - 16356 - phase=train acc=0.654375 loss=48.09482669830322 epoch=47 and step=50
2026-04-21 08:44:13,910 - SplitNNClient - INFO - 10428 - phase=train acc=0.5603125 loss=57.97923022508621 epoch=47 and step=50
2026-04-21 08:44:18,728 - SplitNNClient - INFO - 20344 - phase=train acc=0.6717447916666667 loss=56.489243149757385 epoch=47 and step=60
2026-04-21 08:44:18,816 - SplitNNClient - INFO - 24308 - phase=train acc=0.653515625 loss=60.31502938270569 epoch=47 and step=60
2026-04-21 08:44:18,959 - SplitNNClient - INFO - 22056 - phase=train acc=0.6453125 loss=62.961506724357605 epoch=47 and step=60
2026-04-21 08:44:19,050 - SplitNNClient - INFO - 16356 - phase=train acc=0.6548177083333333 loss=57.74116003513336 epoch=47 and step=60
2026-04-21 08:44:23,179 - SplitNNClient - INFO - 20344 - phase=train acc=0.675 loss=65.16092610359192 epoch=47 and step=70
2026-04-21 08:44:23,396 - SplitNNClient - INFO - 22056 - phase=train acc=0.6463169642857143 loss=72.92922043800354 epoch=47 and step=70
2026-04-21 08:44:25,883 - SplitNNClient - INFO - 20344 - phase=train acc=0.6767578125 loss=74.11921226978302 epoch=47 and step=80
2026-04-21 08:44:27,967 - SplitNNClient - INFO - 20344 - phase=train acc=0.6762152777777778 loss=83.5455070734024 epoch=47 and step=90
2026-04-21 08:44:30,099 - SplitNNClient - INFO - 20344 - phase=train acc=0.676484375 loss=93.03348076343536 epoch=47 and step=100
2026-04-21 08:44:32,263 - SplitNNClient - INFO - 20344 - phase=train acc=0.6756392045454546 loss=102.53091049194336 epoch=47 and step=110
2026-04-21 08:44:34,433 - SplitNNClient - INFO - 20344 - phase=train acc=0.6770182291666667 loss=111.41549271345139 epoch=47 and step=120
2026-04-21 08:44:34,935 - FedServerManager - INFO - 16596 - get all model params ---- from rank fed_server
2026-04-21 08:44:52,378 - SplitNNClient - INFO - 22056 - phase=validation acc=0.6122 loss=86.48062682151794 epoch=47 and step=79
2026-04-21 08:44:52,506 - SplitNNClient - INFO - 16356 - phase=validation acc=0.6122 loss=86.48062682151794 epoch=47 and step=79
2026-04-21 08:44:52,536 - SplitNNClient - INFO - 20344 - phase=validation acc=0.6122 loss=86.48062682151794 epoch=47 and step=79
2026-04-21 08:44:52,712 - SplitNNClient - INFO - 10428 - phase=validation acc=0.6122 loss=86.48062682151794 epoch=47 and step=79
2026-04-21 08:44:52,780 - SplitNNClient - INFO - 24308 - phase=validation acc=0.6122 loss=86.48062682151794 epoch=47 and step=79
2026-04-21 08:44:58,111 - SplitNNClient - INFO - 24308 - phase=train acc=0.66796875 loss=9.938045620918274 epoch=48 and step=10
2026-04-21 08:44:58,252 - SplitNNClient - INFO - 22056 - phase=train acc=0.63125 loss=11.052783906459808 epoch=48 and step=10
2026-04-21 08:44:58,339 - SplitNNClient - INFO - 16356 - phase=train acc=0.659375 loss=9.86463838815689 epoch=48 and step=10
2026-04-21 08:44:58,470 - SplitNNClient - INFO - 20344 - phase=train acc=0.64453125 loss=10.088328540325165 epoch=48 and step=10
2026-04-21 08:44:58,560 - SplitNNClient - INFO - 10428 - phase=train acc=0.53515625 loss=12.521180748939514 epoch=48 and step=10
2026-04-21 08:45:03,810 - SplitNNClient - INFO - 24308 - phase=train acc=0.66796875 loss=19.314369916915894 epoch=48 and step=20
2026-04-21 08:45:03,900 - SplitNNClient - INFO - 22056 - phase=train acc=0.64453125 loss=21.296105086803436 epoch=48 and step=20
2026-04-21 08:45:04,038 - SplitNNClient - INFO - 16356 - phase=train acc=0.6546875 loss=19.67643231153488 epoch=48 and step=20
2026-04-21 08:45:04,128 - SplitNNClient - INFO - 20344 - phase=train acc=0.662109375 loss=19.08173143863678 epoch=48 and step=20
2026-04-21 08:45:04,231 - SplitNNClient - INFO - 10428 - phase=train acc=0.56484375 loss=22.974451899528503 epoch=48 and step=20
2026-04-21 08:45:09,493 - SplitNNClient - INFO - 24308 - phase=train acc=0.66171875 loss=29.25471520423889 epoch=48 and step=30
2026-04-21 08:45:09,614 - SplitNNClient - INFO - 22056 - phase=train acc=0.6533854166666667 loss=31.238542079925537 epoch=48 and step=30
2026-04-21 08:45:09,712 - SplitNNClient - INFO - 16356 - phase=train acc=0.6549479166666666 loss=29.413747251033783 epoch=48 and step=30
2026-04-21 08:45:09,842 - SplitNNClient - INFO - 20344 - phase=train acc=0.6690104166666667 loss=28.161683082580566 epoch=48 and step=30
2026-04-21 08:45:09,933 - SplitNNClient - INFO - 10428 - phase=train acc=0.5697916666666667 loss=33.62180560827255 epoch=48 and step=30
2026-04-21 08:45:15,324 - SplitNNClient - INFO - 24308 - phase=train acc=0.65546875 loss=39.29607945680618 epoch=48 and step=40
2026-04-21 08:45:15,468 - SplitNNClient - INFO - 22056 - phase=train acc=0.6521484375 loss=41.79370826482773 epoch=48 and step=40
2026-04-21 08:45:15,554 - SplitNNClient - INFO - 16356 - phase=train acc=0.656640625 loss=38.757336020469666 epoch=48 and step=40
2026-04-21 08:45:15,683 - SplitNNClient - INFO - 20344 - phase=train acc=0.669140625 loss=38.06193858385086 epoch=48 and step=40
2026-04-21 08:45:15,771 - SplitNNClient - INFO - 10428 - phase=train acc=0.5796875 loss=43.9355211853981 epoch=48 and step=40
2026-04-21 08:45:21,004 - SplitNNClient - INFO - 24308 - phase=train acc=0.654375 loss=49.52927088737488 epoch=48 and step=50
2026-04-21 08:45:21,228 - SplitNNClient - INFO - 22056 - phase=train acc=0.65234375 loss=52.06254827976227 epoch=48 and step=50
2026-04-21 08:45:21,319 - SplitNNClient - INFO - 16356 - phase=train acc=0.6575 loss=47.98900640010834 epoch=48 and step=50
2026-04-21 08:45:21,449 - SplitNNClient - INFO - 20344 - phase=train acc=0.6675 loss=47.15669536590576 epoch=48 and step=50
2026-04-21 08:45:21,671 - SplitNNClient - INFO - 10428 - phase=train acc=0.58078125 loss=54.6915317773819 epoch=48 and step=50
2026-04-21 08:45:26,303 - SplitNNClient - INFO - 24308 - phase=train acc=0.6509114583333333 loss=60.0125150680542 epoch=48 and step=60
2026-04-21 08:45:26,424 - SplitNNClient - INFO - 22056 - phase=train acc=0.6522135416666667 loss=62.597966492176056 epoch=48 and step=60
2026-04-21 08:45:26,563 - SplitNNClient - INFO - 16356 - phase=train acc=0.655078125 loss=57.8072789311409 epoch=48 and step=60
2026-04-21 08:45:26,660 - SplitNNClient - INFO - 20344 - phase=train acc=0.6708333333333333 loss=56.30332887172699 epoch=48 and step=60
2026-04-21 08:45:30,691 - SplitNNClient - INFO - 22056 - phase=train acc=0.6522321428571428 loss=73.035236120224 epoch=48 and step=70
2026-04-21 08:45:30,792 - SplitNNClient - INFO - 20344 - phase=train acc=0.6738839285714285 loss=65.31846988201141 epoch=48 and step=70
2026-04-21 08:45:33,366 - SplitNNClient - INFO - 20344 - phase=train acc=0.67236328125 loss=74.96085959672928 epoch=48 and step=80
2026-04-21 08:45:35,443 - SplitNNClient - INFO - 20344 - phase=train acc=0.6705729166666666 loss=84.7269994020462 epoch=48 and step=90
2026-04-21 08:45:37,574 - SplitNNClient - INFO - 20344 - phase=train acc=0.67078125 loss=94.22656279802322 epoch=48 and step=100
2026-04-21 08:45:39,737 - SplitNNClient - INFO - 20344 - phase=train acc=0.6713778409090909 loss=103.2655017375946 epoch=48 and step=110
2026-04-21 08:45:41,843 - SplitNNClient - INFO - 20344 - phase=train acc=0.6699869791666667 loss=113.20311778783798 epoch=48 and step=120
2026-04-21 08:45:42,326 - FedServerManager - INFO - 16596 - get all model params ---- from rank fed_server
2026-04-21 08:45:59,530 - SplitNNClient - INFO - 20344 - phase=validation acc=0.6088 loss=85.99780750274658 epoch=48 and step=79
2026-04-21 08:45:59,690 - SplitNNClient - INFO - 22056 - phase=validation acc=0.6088 loss=85.99780750274658 epoch=48 and step=79
2026-04-21 08:45:59,842 - SplitNNClient - INFO - 16356 - phase=validation acc=0.6088 loss=85.99780750274658 epoch=48 and step=79
2026-04-21 08:45:59,952 - SplitNNClient - INFO - 24308 - phase=validation acc=0.6088 loss=85.99780750274658 epoch=48 and step=79
2026-04-21 08:45:59,953 - SplitNNClient - INFO - 10428 - phase=validation acc=0.6088 loss=85.99780750274658 epoch=48 and step=79
2026-04-21 08:46:00,920 - CommBreakdown - INFO - 24308 - tensor_distribution rank=4 node_type=client phase=train epoch=49 sample=late tensor=activations[0] shape=(128, 64, 16, 16) mean=1.4923 std=2.29115 min=0 max=28.2288 mean_abs=1.4923 max_abs=28.2288 p95_abs=6.12603 p99_abs=10.4372 skewness=2.52041 kurtosis=12.0257 mean_channel_std=1.83158 std_channel_std=0.815769 max_channel_scale_over_min_channel_scale=13.1948 spread=high spread_score=1.53531 outliers=medium outlier_score=2.40132 near_zero=medium near_zero_fraction=0.435892
2026-04-21 08:46:00,950 - CommBreakdown - INFO - 20344 - tensor_distribution rank=1 node_type=client phase=train epoch=49 sample=late tensor=activations[0] shape=(128, 64, 16, 16) mean=1.50095 std=2.28921 min=0 max=43.4109 mean_abs=1.50095 max_abs=43.4109 p95_abs=6.14603 p99_abs=10.2777 skewness=2.56658 kurtosis=13.841 mean_channel_std=1.83102 std_channel_std=0.810902 max_channel_scale_over_min_channel_scale=21.7403 spread=high spread_score=1.52518 outliers=medium outlier_score=2.3415 near_zero=medium near_zero_fraction=0.435748
2026-04-21 08:46:00,952 - CommBreakdown - INFO - 10428 - tensor_distribution rank=2 node_type=client phase=train epoch=49 sample=late tensor=activations[0] shape=(128, 64, 16, 16) mean=1.48569 std=2.28778 min=0 max=25.8586 mean_abs=1.48569 max_abs=25.8586 p95_abs=6.1174 p99_abs=10.4823 skewness=2.52919 kurtosis=11.8873 mean_channel_std=1.82601 std_channel_std=0.81658 max_channel_scale_over_min_channel_scale=12.1933 spread=high spread_score=1.53988 outliers=medium outlier_score=2.44123 near_zero=medium near_zero_fraction=0.433465
2026-04-21 08:46:00,960 - CommBreakdown - INFO - 16356 - tensor_distribution rank=3 node_type=client phase=train epoch=49 sample=late tensor=activations[0] shape=(128, 64, 16, 16) mean=1.46768 std=2.30385 min=0 max=28.0802 mean_abs=1.46768 max_abs=28.0802 p95_abs=6.00586 p99_abs=10.6421 skewness=2.74206 kurtosis=14.0187 mean_channel_std=1.84212 std_channel_std=0.822509 max_channel_scale_over_min_channel_scale=14.4421 spread=high spread_score=1.56972 outliers=medium outlier_score=2.53492 near_zero=medium near_zero_fraction=0.43467
2026-04-21 08:46:00,974 - CommBreakdown - INFO - 22056 - tensor_distribution rank=5 node_type=client phase=train epoch=49 sample=late tensor=activations[0] shape=(128, 64, 16, 16) mean=1.49056 std=2.28974 min=0 max=24.4294 mean_abs=1.49056 max_abs=24.4294 p95_abs=6.17892 p99_abs=10.4468 skewness=2.45676 kurtosis=11.1863 mean_channel_std=1.82606 std_channel_std=0.818539 max_channel_scale_over_min_channel_scale=11.9252 spread=high spread_score=1.53616 outliers=medium outlier_score=2.40544 near_zero=medium near_zero_fraction=0.437452
2026-04-21 08:46:02,123 - CommBreakdown - INFO - 20932 - tensor_distribution rank=0 node_type=server phase=train epoch=49 sample=late tensor=activation_grads shape=(128, 64, 16, 16) mean=-2.12839e-09 std=3.29452e-05 min=-0.00101621 max=0.00127005 mean_abs=1.7111e-05 max_abs=0.00127005 p95_abs=6.3248e-05 p99_abs=0.000133158 skewness=-0.00355296 kurtosis=5.14926e-05 mean_channel_std=3.14049e-05 std_channel_std=9.95579e-06 max_channel_scale_over_min_channel_scale=6.48488 spread=high spread_score=1.92539 outliers=high outlier_score=3.19719 near_zero=low near_zero_fraction=0.164232
2026-04-21 08:46:54,572 - SplitNNClient - INFO - 24308 - phase=train acc=0.64296875 loss=10.178589046001434 epoch=49 and step=10
2026-04-21 08:46:55,723 - SplitNNClient - INFO - 16356 - phase=train acc=0.64453125 loss=9.805412650108337 epoch=49 and step=10
2026-04-21 08:46:56,880 - SplitNNClient - INFO - 22056 - phase=train acc=0.61875 loss=11.495818495750427 epoch=49 and step=10
2026-04-21 08:46:58,029 - SplitNNClient - INFO - 20344 - phase=train acc=0.65703125 loss=10.003637671470642 epoch=49 and step=10
2026-04-21 08:46:59,181 - SplitNNClient - INFO - 10428 - phase=train acc=0.56015625 loss=11.879784762859344 epoch=49 and step=10
2026-04-21 08:47:53,233 - SplitNNClient - INFO - 24308 - phase=train acc=0.65546875 loss=19.516715347766876 epoch=49 and step=20
2026-04-21 08:47:54,421 - SplitNNClient - INFO - 16356 - phase=train acc=0.65234375 loss=19.541110575199127 epoch=49 and step=20
2026-04-21 08:47:55,571 - SplitNNClient - INFO - 22056 - phase=train acc=0.6328125 loss=22.07985657453537 epoch=49 and step=20
2026-04-21 08:47:56,756 - SplitNNClient - INFO - 20344 - phase=train acc=0.66640625 loss=18.927474558353424 epoch=49 and step=20
2026-04-21 08:47:57,906 - SplitNNClient - INFO - 10428 - phase=train acc=0.569921875 loss=22.722607672214508 epoch=49 and step=20
2026-04-21 08:48:52,032 - SplitNNClient - INFO - 24308 - phase=train acc=0.64609375 loss=30.001619577407837 epoch=49 and step=30
2026-04-21 08:48:53,215 - SplitNNClient - INFO - 16356 - phase=train acc=0.65390625 loss=28.88001936674118 epoch=49 and step=30
2026-04-21 08:48:54,366 - SplitNNClient - INFO - 22056 - phase=train acc=0.6424479166666667 loss=32.1796538233757 epoch=49 and step=30
2026-04-21 08:48:55,549 - SplitNNClient - INFO - 20344 - phase=train acc=0.6643229166666667 loss=28.808491051197052 epoch=49 and step=30
2026-04-21 08:48:56,733 - SplitNNClient - INFO - 10428 - phase=train acc=0.5708333333333333 loss=33.705805599689484 epoch=49 and step=30
2026-04-21 08:49:50,851 - SplitNNClient - INFO - 24308 - phase=train acc=0.640625 loss=40.56926250457764 epoch=49 and step=40
2026-04-21 08:49:52,004 - SplitNNClient - INFO - 16356 - phase=train acc=0.656640625 loss=38.165541887283325 epoch=49 and step=40
2026-04-21 08:49:53,133 - SplitNNClient - INFO - 22056 - phase=train acc=0.6431640625 loss=42.6149297952652 epoch=49 and step=40
2026-04-21 08:49:54,315 - SplitNNClient - INFO - 20344 - phase=train acc=0.6685546875 loss=37.972377240657806 epoch=49 and step=40
2026-04-21 08:49:55,466 - SplitNNClient - INFO - 10428 - phase=train acc=0.573046875 loss=44.39459216594696 epoch=49 and step=40
2026-04-21 08:50:49,077 - SplitNNClient - INFO - 24308 - phase=train acc=0.643125 loss=50.900809943675995 epoch=49 and step=50
2026-04-21 08:50:50,255 - SplitNNClient - INFO - 16356 - phase=train acc=0.66015625 loss=47.244078397750854 epoch=49 and step=50
2026-04-21 08:50:51,403 - SplitNNClient - INFO - 22056 - phase=train acc=0.646875 loss=52.68359696865082 epoch=49 and step=50
2026-04-21 08:50:52,613 - SplitNNClient - INFO - 20344 - phase=train acc=0.67359375 loss=46.6896488070488 epoch=49 and step=50
2026-04-21 08:50:53,793 - SplitNNClient - INFO - 10428 - phase=train acc=0.57828125 loss=54.957157492637634 epoch=49 and step=50
2026-04-21 08:51:42,099 - SplitNNClient - INFO - 24308 - phase=train acc=0.6438802083333334 loss=60.93815743923187 epoch=49 and step=60
2026-04-21 08:51:43,281 - SplitNNClient - INFO - 16356 - phase=train acc=0.6600260416666667 loss=56.83816510438919 epoch=49 and step=60
2026-04-21 08:51:44,457 - SplitNNClient - INFO - 22056 - phase=train acc=0.6467447916666667 loss=63.08615219593048 epoch=49 and step=60
2026-04-21 08:51:45,634 - SplitNNClient - INFO - 20344 - phase=train acc=0.6766927083333333 loss=55.810536563396454 epoch=49 and step=60
2026-04-21 08:52:26,530 - SplitNNClient - INFO - 22056 - phase=train acc=0.6466517857142857 loss=73.26025623083115 epoch=49 and step=70
2026-04-21 08:52:27,709 - SplitNNClient - INFO - 20344 - phase=train acc=0.6795758928571428 loss=64.70665365457535 epoch=49 and step=70
2026-04-21 08:52:49,269 - SplitNNClient - INFO - 20344 - phase=train acc=0.68017578125 loss=73.35678976774216 epoch=49 and step=80
2026-04-21 08:53:08,494 - SplitNNClient - INFO - 20344 - phase=train acc=0.68359375 loss=81.8496310710907 epoch=49 and step=90
2026-04-21 08:53:27,881 - SplitNNClient - INFO - 20344 - phase=train acc=0.683359375 loss=91.00244665145874 epoch=49 and step=100
2026-04-21 08:53:47,502 - SplitNNClient - INFO - 20344 - phase=train acc=0.6843039772727273 loss=99.79302775859833 epoch=49 and step=110
2026-04-21 08:54:07,107 - SplitNNClient - INFO - 20344 - phase=train acc=0.6840494791666667 loss=109.15381449460983 epoch=49 and step=120
2026-04-21 08:54:11,027 - FedServerManager - INFO - 16596 - get all model params ---- from rank fed_server
2026-04-21 08:54:28,163 - SplitNNClient - INFO - 22056 - phase=validation acc=0.6195 loss=82.89703905582428 epoch=49 and step=79
2026-04-21 08:54:28,174 - CommBreakdown - INFO - 22056 - rank=5 node_type=client total_send=16205122624 total_receive=8004762688 send_by_category={'ACTS': 16173448300, 'MODEL': 31662900, 'OTHER': 11424} recv_by_category={'GRADS': 7973091100, 'MODEL': 31660500, 'OTHER': 11088} send_by_type={2: 16173448300, 7: 31662900, 3: 5600, 4: 5600, 5: 224} recv_by_type={1: 7973091100, 8: 31660500, 11: 5600, 12: 5488} mm_send_by_type={2: 16173231300, 7: 31661500, 3: 4200, 4: 4200, 5: 168} mm_recv_by_type={1: 7973091100, 8: 31660500, 11: 5600, 12: 5488}
2026-04-21 08:54:28,203 - init_client - INFO - 22056 - Client 5 run end
2026-04-21 08:54:28,215 - SplitNNClient - INFO - 10428 - phase=validation acc=0.6195 loss=82.89703905582428 epoch=49 and step=79
2026-04-21 08:54:28,236 - CommBreakdown - INFO - 10428 - rank=2 node_type=client total_send=13896513024 total_receive=5697222288 send_by_category={'ACTS': 13864838700, 'MODEL': 31662900, 'OTHER': 11424} recv_by_category={'GRADS': 5665550700, 'MODEL': 31660500, 'OTHER': 11088} send_by_type={2: 13864838700, 7: 31662900, 3: 5600, 4: 5600, 5: 224} recv_by_type={1: 5665550700, 8: 31660500, 11: 5600, 12: 5488} mm_send_by_type={2: 13864652500, 7: 31661500, 3: 4200, 4: 4200, 5: 168} mm_recv_by_type={1: 5665550700, 8: 31660500, 11: 5600, 12: 5488}
2026-04-21 08:54:28,263 - init_client - INFO - 10428 - Client 2 run end
2026-04-21 08:54:28,275 - SplitNNClient - INFO - 20344 - phase=validation acc=0.6195 loss=82.89703905582428 epoch=49 and step=79
2026-04-21 08:54:28,308 - CommBreakdown - INFO - 20344 - rank=1 node_type=client total_send=21032215424 total_receive=12829619888 send_by_category={'ACTS': 21000541100, 'MODEL': 31662900, 'OTHER': 11424} recv_by_category={'GRADS': 12797948300, 'MODEL': 31660500, 'OTHER': 11088} send_by_type={2: 21000541100, 7: 31662900, 3: 5600, 4: 5600, 5: 224} recv_by_type={1: 12797948300, 8: 31660500, 11: 5600, 12: 5488} mm_send_by_type={2: 21000259700, 7: 31661500, 3: 4200, 4: 4200, 5: 168} mm_recv_by_type={1: 12797948300, 8: 31660500, 11: 5600, 12: 5488}
2026-04-21 08:54:28,330 - init_client - INFO - 20344 - Client 1 run end
2026-04-21 08:54:28,402 - SplitNNClient - INFO - 16356 - phase=validation acc=0.6195 loss=82.89703905582428 epoch=49 and step=79
2026-04-21 08:54:28,412 - CommBreakdown - INFO - 16356 - rank=3 node_type=client total_send=15260691424 total_receive=7060768888 send_by_category={'ACTS': 15229017100, 'MODEL': 31662900, 'OTHER': 11424} recv_by_category={'GRADS': 7029097300, 'MODEL': 31660500, 'OTHER': 11088} send_by_type={2: 15229017100, 7: 31662900, 3: 5600, 4: 5600, 5: 224} recv_by_type={1: 7029097300, 8: 31660500, 11: 5600, 12: 5488} mm_send_by_type={2: 15228812700, 7: 31661500, 3: 4200, 4: 4200, 5: 168} mm_recv_by_type={1: 7029097300, 8: 31660500, 11: 5600, 12: 5488}
2026-04-21 08:54:28,451 - init_client - INFO - 16356 - Client 3 run end
2026-04-21 08:54:28,506 - SplitNNClient - INFO - 24308 - phase=validation acc=0.6195 loss=82.89703905582428 epoch=49 and step=79
2026-04-21 08:54:28,524 - CommBreakdown - INFO - 20932 - rank=0 node_type=server total_send=40704616540 total_receive=81706792460 send_by_category={'GRADS': 40704561100, 'OTHER': 55440} recv_by_category={'ACTS': 81706735900, 'OTHER': 56560} send_by_type={1: 40704561100, 11: 28000, 12: 27440} recv_by_type={2: 81706735900, 3: 28000, 4: 28000, 5: 560} mm_send_by_type={1: 40703464900, 11: 21000, 12: 20580} mm_recv_by_type={2: 81706735900, 3: 28000, 4: 28000, 5: 560}
2026-04-21 08:54:28,526 - CommBreakdown - INFO - 16596 - rank=6 node_type=server total_send=158302500 total_receive=158315060 send_by_category={'MODEL': 158302500} recv_by_category={'MODEL': 158314500, 'OTHER': 560} send_by_type={8: 158302500} recv_by_type={7: 158314500, 5: 560} mm_send_by_type={8: 158295500} mm_recv_by_type={7: 158314500, 5: 560}
2026-04-21 08:54:28,527 - CommBreakdown - INFO - 24308 - rank=4 node_type=client total_send=15470565024 total_receive=7270545288 send_by_category={'ACTS': 15438890700, 'MODEL': 31662900, 'OTHER': 11424} recv_by_category={'GRADS': 7238873700, 'MODEL': 31660500, 'OTHER': 11088} send_by_type={2: 15438890700, 7: 31662900, 3: 5600, 4: 5600, 5: 224} recv_by_type={1: 7238873700, 8: 31660500, 11: 5600, 12: 5488} mm_send_by_type={2: 15438683500, 7: 31661500, 3: 4200, 4: 4200, 5: 168} mm_recv_by_type={1: 7238873700, 8: 31660500, 11: 5600, 12: 5488}
2026-04-21 08:54:28,534 - init_server - INFO - 20932 - Server run end
2026-04-21 08:54:28,557 - init_fed_server - INFO - 16596 - FedServer run end
2026-04-21 08:54:28,563 - init_client - INFO - 24308 - Client 4 run end
