2026-04-23 18:02:48,932 - datasetFactory - INFO - 26232 - cifar10
2026-04-23 18:02:48,932 - datasetFactory - INFO - 24992 - cifar10
2026-04-23 18:02:48,933 - datasetFactory - INFO - 15064 - cifar10
2026-04-23 18:02:48,933 - datasetFactory - INFO - 26140 - cifar10
2026-04-23 18:02:48,933 - datasetFactory - INFO - 22168 - cifar10
2026-04-23 18:02:48,933 - datasetFactory - INFO - 20924 - cifar10
2026-04-23 18:02:48,933 - datasetFactory - INFO - 25280 - cifar10
2026-04-23 18:02:49,006 - TorchvisionDatasetController - INFO - 25280 - <bound method DataPartitioner.hetero of <datasets.Partition_Data.DataPartitioner object at 0x000001D3EC196C60>>
2026-04-23 18:02:49,009 - DataPartitioner - INFO - 25280 - hetero
2026-04-23 18:02:49,010 - TorchvisionDatasetController - INFO - 25280 - F:\phd\Split-Experiments\Split-Framework\datasets\downloads
2026-04-23 18:02:49,037 - main - INFO - 22168 - Process 6 initialized with device: cpu
2026-04-23 18:02:49,037 - SplitNN_distributed - INFO - 22168 - process_id == fed_server_rank : 6
2026-04-23 18:02:49,037 - TorchvisionDatasetController - INFO - 24992 - <bound method DataPartitioner.hetero of <datasets.Partition_Data.DataPartitioner object at 0x0000019858C86D20>>
2026-04-23 18:02:49,037 - DataPartitioner - INFO - 24992 - hetero
2026-04-23 18:02:49,037 - TorchvisionDatasetController - INFO - 24992 - F:\phd\Split-Experiments\Split-Framework\datasets\downloads
2026-04-23 18:02:49,056 - TorchvisionDatasetController - INFO - 20924 - <bound method DataPartitioner.hetero of <datasets.Partition_Data.DataPartitioner object at 0x00000184C675DF40>>
2026-04-23 18:02:49,056 - DataPartitioner - INFO - 20924 - hetero
2026-04-23 18:02:49,056 - TorchvisionDatasetController - INFO - 20924 - F:\phd\Split-Experiments\Split-Framework\datasets\downloads
2026-04-23 18:02:49,057 - TorchvisionDatasetController - INFO - 15064 - <bound method DataPartitioner.hetero of <datasets.Partition_Data.DataPartitioner object at 0x000001546D4F6030>>
2026-04-23 18:02:49,057 - DataPartitioner - INFO - 15064 - hetero
2026-04-23 18:02:49,057 - TorchvisionDatasetController - INFO - 15064 - F:\phd\Split-Experiments\Split-Framework\datasets\downloads
2026-04-23 18:02:49,059 - TorchvisionDatasetController - INFO - 26140 - <bound method DataPartitioner.hetero of <datasets.Partition_Data.DataPartitioner object at 0x000001F3183D7050>>
2026-04-23 18:02:49,059 - DataPartitioner - INFO - 26140 - hetero
2026-04-23 18:02:49,059 - TorchvisionDatasetController - INFO - 26140 - F:\phd\Split-Experiments\Split-Framework\datasets\downloads
2026-04-23 18:02:49,151 - TorchvisionDatasetController - INFO - 26232 - <bound method DataPartitioner.hetero of <datasets.Partition_Data.DataPartitioner object at 0x000001E6D9B87020>>
2026-04-23 18:02:49,151 - DataPartitioner - INFO - 26232 - hetero
2026-04-23 18:02:49,152 - TorchvisionDatasetController - INFO - 26232 - F:\phd\Split-Experiments\Split-Framework\datasets\downloads
2026-04-23 18:02:49,345 - init_fed_server - INFO - 22168 - FedServer run begin SplitFed
2026-04-23 18:02:52,060 - DataPartitioner - INFO - 25280 - traindata_cls_counts: {0: {0: 4258, 1: 2980, 3: 4106, 5: 4124, 9: 1178}, 1: {1: 1, 3: 893, 4: 1095, 5: 647, 6: 446, 7: 5, 8: 4095, 9: 3684}, 2: {1: 1487, 2: 180, 4: 2237, 6: 1394, 7: 4454, 8: 892}, 3: {0: 199, 1: 531, 2: 4811, 4: 1667, 6: 23, 7: 220, 8: 1, 9: 123}, 4: {0: 543, 1: 1, 2: 9, 3: 1, 4: 1, 5: 229, 6: 3137, 7: 321, 8: 12, 9: 15}}
2026-04-23 18:02:52,061 - TorchvisionDatasetController - INFO - 25280 - rank = 5, local_sample_number = 4269
2026-04-23 18:02:52,064 - DataPartitioner - INFO - 15064 - traindata_cls_counts: {0: {0: 4258, 1: 2980, 3: 4106, 5: 4124, 9: 1178}, 1: {1: 1, 3: 893, 4: 1095, 5: 647, 6: 446, 7: 5, 8: 4095, 9: 3684}, 2: {1: 1487, 2: 180, 4: 2237, 6: 1394, 7: 4454, 8: 892}, 3: {0: 199, 1: 531, 2: 4811, 4: 1667, 6: 23, 7: 220, 8: 1, 9: 123}, 4: {0: 543, 1: 1, 2: 9, 3: 1, 4: 1, 5: 229, 6: 3137, 7: 321, 8: 12, 9: 15}}
2026-04-23 18:02:52,064 - DataPartitioner - INFO - 26140 - traindata_cls_counts: {0: {0: 4258, 1: 2980, 3: 4106, 5: 4124, 9: 1178}, 1: {1: 1, 3: 893, 4: 1095, 5: 647, 6: 446, 7: 5, 8: 4095, 9: 3684}, 2: {1: 1487, 2: 180, 4: 2237, 6: 1394, 7: 4454, 8: 892}, 3: {0: 199, 1: 531, 2: 4811, 4: 1667, 6: 23, 7: 220, 8: 1, 9: 123}, 4: {0: 543, 1: 1, 2: 9, 3: 1, 4: 1, 5: 229, 6: 3137, 7: 321, 8: 12, 9: 15}}
2026-04-23 18:02:52,064 - TorchvisionDatasetController - INFO - 15064 - rank = 2, local_sample_number = 10866
2026-04-23 18:02:52,065 - TorchvisionDatasetController - INFO - 26140 - rank = 3, local_sample_number = 10644
2026-04-23 18:02:52,065 - DataPartitioner - INFO - 20924 - traindata_cls_counts: {0: {0: 4258, 1: 2980, 3: 4106, 5: 4124, 9: 1178}, 1: {1: 1, 3: 893, 4: 1095, 5: 647, 6: 446, 7: 5, 8: 4095, 9: 3684}, 2: {1: 1487, 2: 180, 4: 2237, 6: 1394, 7: 4454, 8: 892}, 3: {0: 199, 1: 531, 2: 4811, 4: 1667, 6: 23, 7: 220, 8: 1, 9: 123}, 4: {0: 543, 1: 1, 2: 9, 3: 1, 4: 1, 5: 229, 6: 3137, 7: 321, 8: 12, 9: 15}}
2026-04-23 18:02:52,065 - DataPartitioner - INFO - 26232 - traindata_cls_counts: {0: {0: 4258, 1: 2980, 3: 4106, 5: 4124, 9: 1178}, 1: {1: 1, 3: 893, 4: 1095, 5: 647, 6: 446, 7: 5, 8: 4095, 9: 3684}, 2: {1: 1487, 2: 180, 4: 2237, 6: 1394, 7: 4454, 8: 892}, 3: {0: 199, 1: 531, 2: 4811, 4: 1667, 6: 23, 7: 220, 8: 1, 9: 123}, 4: {0: 543, 1: 1, 2: 9, 3: 1, 4: 1, 5: 229, 6: 3137, 7: 321, 8: 12, 9: 15}}
2026-04-23 18:02:52,066 - TorchvisionDatasetController - INFO - 20924 - rank = 4, local_sample_number = 7575
2026-04-23 18:02:52,072 - DataPartitioner - INFO - 24992 - traindata_cls_counts: {0: {0: 4258, 1: 2980, 3: 4106, 5: 4124, 9: 1178}, 1: {1: 1, 3: 893, 4: 1095, 5: 647, 6: 446, 7: 5, 8: 4095, 9: 3684}, 2: {1: 1487, 2: 180, 4: 2237, 6: 1394, 7: 4454, 8: 892}, 3: {0: 199, 1: 531, 2: 4811, 4: 1667, 6: 23, 7: 220, 8: 1, 9: 123}, 4: {0: 543, 1: 1, 2: 9, 3: 1, 4: 1, 5: 229, 6: 3137, 7: 321, 8: 12, 9: 15}}
2026-04-23 18:02:52,072 - TorchvisionDatasetController - INFO - 24992 - rank = 1, local_sample_number = 16646
2026-04-23 18:02:54,467 - TorchvisionDatasetController - INFO - 26232 - train_dl_global number = 390
2026-04-23 18:02:54,467 - TorchvisionDatasetController - INFO - 26232 - test_dl_global number = 79
2026-04-23 18:02:54,468 - TorchvisionDatasetController - INFO - 15064 - process_id = 2, batch_num_train_local = 84, batch_num_test_local = 79
2026-04-23 18:02:54,468 - TorchvisionDatasetController - INFO - 25280 - process_id = 5, batch_num_train_local = 33, batch_num_test_local = 79
2026-04-23 18:02:54,468 - TorchvisionDatasetController - INFO - 26140 - process_id = 3, batch_num_train_local = 83, batch_num_test_local = 79
2026-04-23 18:02:54,468 - TorchvisionDatasetController - INFO - 20924 - process_id = 4, batch_num_train_local = 59, batch_num_test_local = 79
2026-04-23 18:02:54,468 - TorchvisionDatasetController - INFO - 24992 - process_id = 1, batch_num_train_local = 130, batch_num_test_local = 79
2026-04-23 18:02:54,479 - main - INFO - 15064 - Process 2 initialized with device: cpu
2026-04-23 18:02:54,479 - SplitNN_distributed - INFO - 15064 - process_id == client_rank : 2
2026-04-23 18:02:54,480 - main - INFO - 20924 - Process 4 initialized with device: cpu
2026-04-23 18:02:54,481 - SplitNN_distributed - INFO - 20924 - process_id == client_rank : 4
2026-04-23 18:02:54,481 - main - INFO - 26140 - Process 3 initialized with device: cpu
2026-04-23 18:02:54,482 - main - INFO - 25280 - Process 5 initialized with device: cpu
2026-04-23 18:02:54,482 - SplitNN_distributed - INFO - 26140 - process_id == client_rank : 3
2026-04-23 18:02:54,482 - SplitNN_distributed - INFO - 25280 - process_id == client_rank : 5
2026-04-23 18:02:54,483 - main - INFO - 26232 - Process 0 initialized with device: cuda:0
2026-04-23 18:02:54,483 - SplitNN_distributed - INFO - 26232 - process_id == server_rank : 0
2026-04-23 18:02:54,483 - main - INFO - 24992 - Process 1 initialized with device: cpu
2026-04-23 18:02:54,484 - SplitNN_distributed - INFO - 24992 - process_id == client_rank : 1
2026-04-23 18:02:54,586 - init_server - INFO - 26232 - Server run begin SplitFed
2026-04-23 18:02:54,749 - init_client - INFO - 15064 - Client 2 run begin
2026-04-23 18:02:54,749 - init_client - INFO - 24992 - Client 1 run begin
2026-04-23 18:02:58,861 - CommBreakdown - INFO - 25280 - tensor_distribution rank=5 node_type=client phase=train epoch=0 sample=early tensor=activations[0] shape=(128, 64, 16, 16) mean=0.86473 std=1.08334 min=0 max=19.1198 mean_abs=0.86473 max_abs=19.1198 p95_abs=3.02717 p99_abs=4.67204 skewness=1.9144 kurtosis=8.46902 mean_channel_std=1.07362 std_channel_std=0.139389 max_channel_scale_over_min_channel_scale=2.86481 spread=high spread_score=1.25281 outliers=medium outlier_score=2.02587 near_zero=medium near_zero_fraction=0.349862
5
2026-04-23 18:02:58,862 - CommBreakdown - INFO - 26140 - tensor_distribution rank=3 node_type=client phase=train epoch=0 sample=early tensor=activations[0] shape=(128, 64, 16, 16) mean=0.860142 std=1.09038 min=0 max=16.7581 mean_abs=0.860142 max_abs=16.7581 p95_abs=3.03775 p99_abs=4.73662 skewness=1.96269 kurtosis=8.6448 mean_channel_std=1.07915 std_channel_std=0.150869 max_channel_scale_over_min_channel_scale=2.67149 spread=high spread_score=1.26767 outliers=medium outlier_score=2.058 near_zero=medium near_zero_fraction=0.351421
2026-04-23 18:02:58,863 - CommBreakdown - INFO - 24992 - tensor_distribution rank=1 node_type=client phase=train epoch=0 sample=early tensor=activations[0] shape=(128, 64, 16, 16) mean=0.867967 std=1.0828 min=0 max=15.6537 mean_abs=0.867967 max_abs=15.6537 p95_abs=3.03714 p99_abs=4.66419 skewness=1.84371 kurtosis=7.71953 mean_channel_std=1.07293 std_channel_std=0.140107 max_channel_scale_over_min_channel_scale=2.5172 spread=medium spread_score=1.24752 outliers=medium outlier_score=2.00938 near_zero=medium near_zero_fraction=0.350399
2026-04-23 18:03:06,176 - CommBreakdown - INFO - 26232 - tensor_distribution rank=0 node_type=server phase=train epoch=0 sample=early tensor=activation_grads shape=(128, 64, 16, 16) mean=2.93248e-09 std=5.36514e-05 min=-0.000534725 max=0.000552467 mean_abs=3.8971e-05 max_abs=0.000552467 p95_abs=0.000111894 p99_abs=0.000170757 skewness=-0.00051638 kurtosis=4.54976e-05 mean_channel_std=5.36285e-05 std_channel_std=1.56636e-06 max_channel_scale_over_min_channel_scale=1.74331 spread=high spread_score=1.3767 outliers=medium outlier_score=1.96541 near_zero=low near_zero_fraction=0.0801158
2026-04-23 18:03:59,931 - SplitNNClient - INFO - 24992 - phase=train acc=0.25859375 loss=24.735045433044434 epoch=0 and step=10
2026-04-23 18:04:01,111 - SplitNNClient - INFO - 15064 - phase=train acc=0.2765625 loss=31.75803816318512 epoch=0 and step=10
2026-04-23 18:04:02,290 - SplitNNClient - INFO - 20924 - phase=train acc=0.39921875 loss=30.71869683265686 epoch=0 and step=10
2026-04-23 18:04:03,469 - SplitNNClient - INFO - 25280 - phase=train acc=0.603125 loss=20.410589635372162 epoch=0 and step=10
2026-04-23 18:04:04,618 - SplitNNClient - INFO - 26140 - phase=train acc=0.23125 loss=30.19837760925293 epoch=0 and step=10
2026-04-23 18:04:59,331 - SplitNNClient - INFO - 24992 - phase=train acc=0.325390625 loss=39.93657982349396 epoch=0 and step=20
2026-04-23 18:05:00,546 - SplitNNClient - INFO - 15064 - phase=train acc=0.337109375 loss=49.76733958721161 epoch=0 and step=20
2026-04-23 18:05:01,668 - SplitNNClient - INFO - 20924 - phase=train acc=0.51015625 loss=43.7283319234848 epoch=0 and step=20
2026-04-23 18:05:02,880 - SplitNNClient - INFO - 25280 - phase=train acc=0.690625 loss=32.05272972583771 epoch=0 and step=20
2026-04-23 18:05:04,065 - SplitNNClient - INFO - 26140 - phase=train acc=0.32578125 loss=48.66528654098511 epoch=0 and step=20
2026-04-23 18:05:58,853 - SplitNNClient - INFO - 24992 - phase=train acc=0.35494791666666664 loss=53.47034299373627 epoch=0 and step=30
2026-04-23 18:06:00,036 - SplitNNClient - INFO - 15064 - phase=train acc=0.3625 loss=65.60160076618195 epoch=0 and step=30
2026-04-23 18:06:01,221 - SplitNNClient - INFO - 20924 - phase=train acc=0.5427083333333333 loss=56.44353222846985 epoch=0 and step=30
2026-04-23 18:06:02,405 - SplitNNClient - INFO - 25280 - phase=train acc=0.7200520833333334 loss=43.067739963531494 epoch=0 and step=30
2026-04-23 18:06:03,588 - SplitNNClient - INFO - 26140 - phase=train acc=0.3528645833333333 loss=64.9899650812149 epoch=0 and step=30
2026-04-23 18:06:50,842 - SplitNNClient - INFO - 24992 - phase=train acc=0.37265625 loss=66.20560705661774 epoch=0 and step=40
2026-04-23 18:06:52,029 - SplitNNClient - INFO - 15064 - phase=train acc=0.3849609375 loss=79.79182422161102 epoch=0 and step=40
2026-04-23 18:06:53,214 - SplitNNClient - INFO - 20924 - phase=train acc=0.5685546875 loss=67.45891749858856 epoch=0 and step=40
2026-04-23 18:06:54,430 - SplitNNClient - INFO - 26140 - phase=train acc=0.3732421875 loss=80.30999422073364 epoch=0 and step=40
2026-04-23 18:07:38,356 - SplitNNClient - INFO - 24992 - phase=train acc=0.389375 loss=78.65163743495941 epoch=0 and step=50
2026-04-23 18:07:39,572 - SplitNNClient - INFO - 15064 - phase=train acc=0.4015625 loss=93.35480344295502 epoch=0 and step=50
2026-04-23 18:07:40,686 - SplitNNClient - INFO - 20924 - phase=train acc=0.58078125 loss=79.43290907144547 epoch=0 and step=50
2026-04-23 18:07:41,928 - SplitNNClient - INFO - 26140 - phase=train acc=0.384375 loss=95.47059488296509 epoch=0 and step=50
2026-04-23 18:08:25,552 - SplitNNClient - INFO - 24992 - phase=train acc=0.40377604166666664 loss=90.52274441719055 epoch=0 and step=60
2026-04-23 18:08:26,830 - SplitNNClient - INFO - 15064 - phase=train acc=0.41796875 loss=106.08861744403839 epoch=0 and step=60
2026-04-23 18:08:28,006 - SplitNNClient - INFO - 26140 - phase=train acc=0.38958333333333334 loss=110.38352274894714 epoch=0 and step=60
2026-04-23 18:09:01,666 - SplitNNClient - INFO - 24992 - phase=train acc=0.4140625 loss=101.84878706932068 epoch=0 and step=70
2026-04-23 18:09:02,944 - SplitNNClient - INFO - 15064 - phase=train acc=0.4316964285714286 loss=118.28672182559967 epoch=0 and step=70
2026-04-23 18:09:04,153 - SplitNNClient - INFO - 26140 - phase=train acc=0.39229910714285715 loss=125.43314778804779 epoch=0 and step=70
2026-04-23 18:09:37,599 - SplitNNClient - INFO - 24992 - phase=train acc=0.4216796875 loss=113.49360311031342 epoch=0 and step=80
2026-04-23 18:09:38,782 - SplitNNClient - INFO - 15064 - phase=train acc=0.44404296875 loss=130.18836522102356 epoch=0 and step=80
2026-04-23 18:09:40,081 - SplitNNClient - INFO - 26140 - phase=train acc=0.4013671875 loss=139.74852442741394 epoch=0 and step=80
2026-04-23 18:10:03,988 - SplitNNClient - INFO - 24992 - phase=train acc=0.43133680555555554 loss=124.8330705165863 epoch=0 and step=90
2026-04-23 18:10:23,870 - SplitNNClient - INFO - 24992 - phase=train acc=0.438828125 loss=135.98145133256912 epoch=0 and step=100
2026-04-23 18:10:43,933 - SplitNNClient - INFO - 24992 - phase=train acc=0.4442471590909091 loss=146.81891810894012 epoch=0 and step=110
2026-04-23 18:11:03,834 - SplitNNClient - INFO - 24992 - phase=train acc=0.44817708333333334 loss=157.89166903495789 epoch=0 and step=120
2026-04-23 18:11:23,647 - SplitNNClient - INFO - 24992 - phase=train acc=0.45462740384615385 loss=168.83137327432632 epoch=0 and step=130
2026-04-23 18:11:23,715 - FedServerManager - INFO - 22168 - get all model params ---- from rank fed_server
2026-04-23 18:11:36,954 - SplitNNClient - INFO - 25280 - phase=validation acc=0.1 loss=184.28425788879395 epoch=0 and step=79
2026-04-23 18:11:37,023 - SplitNNClient - INFO - 20924 - phase=validation acc=0.1 loss=184.28425788879395 epoch=0 and step=79
2026-04-23 18:11:37,028 - SplitNNClient - INFO - 15064 - phase=validation acc=0.1 loss=184.28425788879395 epoch=0 and step=79
2026-04-23 18:11:37,471 - SplitNNClient - INFO - 24992 - phase=validation acc=0.1 loss=184.28425788879395 epoch=0 and step=79
2026-04-23 18:11:37,479 - SplitNNClient - INFO - 26140 - phase=validation acc=0.1 loss=184.28425788879395 epoch=0 and step=79
2026-04-23 18:11:40,592 - SplitNNClient - INFO - 26140 - phase=train acc=0.3453125 loss=18.957315802574158 epoch=1 and step=10
2026-04-23 18:11:40,662 - SplitNNClient - INFO - 20924 - phase=train acc=0.475 loss=17.151952505111694 epoch=1 and step=10
2026-04-23 18:11:40,709 - SplitNNClient - INFO - 24992 - phase=train acc=0.26640625 loss=18.103688597679138 epoch=1 and step=10
2026-04-23 18:11:40,773 - SplitNNClient - INFO - 25280 - phase=train acc=0.69140625 loss=11.785031020641327 epoch=1 and step=10
2026-04-23 18:11:40,844 - SplitNNClient - INFO - 15064 - phase=train acc=0.39921875 loss=17.484678983688354 epoch=1 and step=10
2026-04-23 18:11:43,926 - SplitNNClient - INFO - 26140 - phase=train acc=0.38828125 loss=33.39854156970978 epoch=1 and step=20
2026-04-23 18:11:44,002 - SplitNNClient - INFO - 20924 - phase=train acc=0.55546875 loss=28.25728315114975 epoch=1 and step=20
2026-04-23 18:11:44,069 - SplitNNClient - INFO - 24992 - phase=train acc=0.333203125 loss=32.06582689285278 epoch=1 and step=20
2026-04-23 18:11:44,137 - SplitNNClient - INFO - 25280 - phase=train acc=0.72890625 loss=20.186113834381104 epoch=1 and step=20
2026-04-23 18:11:44,178 - SplitNNClient - INFO - 15064 - phase=train acc=0.4578125 loss=29.754865169525146 epoch=1 and step=20
2026-04-23 18:11:47,048 - SplitNNClient - INFO - 26140 - phase=train acc=0.41041666666666665 loss=47.03947114944458 epoch=1 and step=30
2026-04-23 18:11:47,093 - SplitNNClient - INFO - 20924 - phase=train acc=0.5822916666666667 loss=39.10479670763016 epoch=1 and step=30
2026-04-23 18:11:47,159 - SplitNNClient - INFO - 24992 - phase=train acc=0.36744791666666665 loss=44.73091506958008 epoch=1 and step=30
2026-04-23 18:11:47,234 - SplitNNClient - INFO - 25280 - phase=train acc=0.7401041666666667 loss=27.734368681907654 epoch=1 and step=30
2026-04-23 18:11:47,300 - SplitNNClient - INFO - 15064 - phase=train acc=0.47604166666666664 loss=42.088658928871155 epoch=1 and step=30
2026-04-23 18:11:49,910 - SplitNNClient - INFO - 20924 - phase=train acc=0.59453125 loss=50.05018216371536 epoch=1 and step=40
2026-04-23 18:11:49,971 - SplitNNClient - INFO - 26140 - phase=train acc=0.4234375 loss=60.62751770019531 epoch=1 and step=40
2026-04-23 18:11:50,043 - SplitNNClient - INFO - 24992 - phase=train acc=0.384765625 loss=56.84982752799988 epoch=1 and step=40
2026-04-23 18:11:50,085 - SplitNNClient - INFO - 15064 - phase=train acc=0.493359375 loss=53.81565809249878 epoch=1 and step=40
2026-04-23 18:11:52,701 - SplitNNClient - INFO - 20924 - phase=train acc=0.6028125 loss=61.11831337213516 epoch=1 and step=50
2026-04-23 18:11:52,745 - SplitNNClient - INFO - 26140 - phase=train acc=0.43640625 loss=73.50017189979553 epoch=1 and step=50
2026-04-23 18:11:52,805 - SplitNNClient - INFO - 24992 - phase=train acc=0.40625 loss=68.71551311016083 epoch=1 and step=50
2026-04-23 18:11:52,902 - SplitNNClient - INFO - 15064 - phase=train acc=0.50453125 loss=65.11540031433105 epoch=1 and step=50
2026-04-23 18:11:55,364 - SplitNNClient - INFO - 26140 - phase=train acc=0.44622395833333334 loss=86.27313673496246 epoch=1 and step=60
2026-04-23 18:11:55,434 - SplitNNClient - INFO - 24992 - phase=train acc=0.41875 loss=80.1243554353714 epoch=1 and step=60
2026-04-23 18:11:55,506 - SplitNNClient - INFO - 15064 - phase=train acc=0.5166666666666667 loss=76.02735877037048 epoch=1 and step=60
2026-04-23 18:11:57,637 - SplitNNClient - INFO - 26140 - phase=train acc=0.4549107142857143 loss=98.5738787651062 epoch=1 and step=70
2026-04-23 18:11:57,705 - SplitNNClient - INFO - 24992 - phase=train acc=0.4315848214285714 loss=91.71126437187195 epoch=1 and step=70
2026-04-23 18:11:57,770 - SplitNNClient - INFO - 15064 - phase=train acc=0.5243303571428571 loss=87.05553960800171 epoch=1 and step=70
2026-04-23 18:11:59,918 - SplitNNClient - INFO - 26140 - phase=train acc=0.46240234375 loss=110.9226096868515 epoch=1 and step=80
2026-04-23 18:11:59,988 - SplitNNClient - INFO - 24992 - phase=train acc=0.4404296875 loss=102.51703357696533 epoch=1 and step=80
2026-04-23 18:12:00,056 - SplitNNClient - INFO - 15064 - phase=train acc=0.5302734375 loss=98.20334994792938 epoch=1 and step=80
2026-04-23 18:12:02,060 - SplitNNClient - INFO - 24992 - phase=train acc=0.44895833333333335 loss=113.66820776462555 epoch=1 and step=90
2026-04-23 18:12:03,764 - SplitNNClient - INFO - 24992 - phase=train acc=0.456328125 loss=124.33304679393768 epoch=1 and step=100
2026-04-23 18:12:05,459 - SplitNNClient - INFO - 24992 - phase=train acc=0.46122159090909093 loss=135.29414266347885 epoch=1 and step=110
2026-04-23 18:12:07,003 - SplitNNClient - INFO - 24992 - phase=train acc=0.4632161458333333 loss=146.51310223340988 epoch=1 and step=120
2026-04-23 18:12:08,576 - SplitNNClient - INFO - 24992 - phase=train acc=0.46634615384615385 loss=157.52546328306198 epoch=1 and step=130
2026-04-23 18:12:08,625 - FedServerManager - INFO - 22168 - get all model params ---- from rank fed_server
2026-04-23 18:12:21,100 - SplitNNClient - INFO - 20924 - phase=validation acc=0.1257 loss=185.80713558197021 epoch=1 and step=79
2026-04-23 18:12:21,225 - SplitNNClient - INFO - 15064 - phase=validation acc=0.1257 loss=185.80713558197021 epoch=1 and step=79
2026-04-23 18:12:21,348 - SplitNNClient - INFO - 25280 - phase=validation acc=0.1257 loss=185.80713558197021 epoch=1 and step=79
2026-04-23 18:12:21,661 - SplitNNClient - INFO - 26140 - phase=validation acc=0.1257 loss=185.80713558197021 epoch=1 and step=79
2026-04-23 18:12:21,671 - SplitNNClient - INFO - 24992 - phase=validation acc=0.1257 loss=185.80713558197021 epoch=1 and step=79
2026-04-23 18:12:24,624 - SplitNNClient - INFO - 25280 - phase=train acc=0.66953125 loss=11.536451280117035 epoch=2 and step=10
2026-04-23 18:12:24,750 - SplitNNClient - INFO - 15064 - phase=train acc=0.44296875 loss=14.028128027915955 epoch=2 and step=10
2026-04-23 18:12:24,790 - SplitNNClient - INFO - 20924 - phase=train acc=0.4296875 loss=18.019801020622253 epoch=2 and step=10
2026-04-23 18:12:24,861 - SplitNNClient - INFO - 26140 - phase=train acc=0.36328125 loss=17.3260760307312 epoch=2 and step=10
2026-04-23 18:12:24,976 - SplitNNClient - INFO - 24992 - phase=train acc=0.421875 loss=14.187970995903015 epoch=2 and step=10
2026-04-23 18:12:27,726 - SplitNNClient - INFO - 25280 - phase=train acc=0.738671875 loss=19.186622858047485 epoch=2 and step=20
2026-04-23 18:12:27,847 - SplitNNClient - INFO - 15064 - phase=train acc=0.48359375 loss=25.852326273918152 epoch=2 and step=20
2026-04-23 18:12:27,913 - SplitNNClient - INFO - 20924 - phase=train acc=0.533203125 loss=29.427761435508728 epoch=2 and step=20
2026-04-23 18:12:27,976 - SplitNNClient - INFO - 26140 - phase=train acc=0.41484375 loss=30.37460231781006 epoch=2 and step=20
2026-04-23 18:12:28,093 - SplitNNClient - INFO - 24992 - phase=train acc=0.44765625 loss=26.476282596588135 epoch=2 and step=20
2026-04-23 18:12:30,782 - SplitNNClient - INFO - 25280 - phase=train acc=0.7544270833333333 loss=26.376162111759186 epoch=2 and step=30
2026-04-23 18:12:30,959 - SplitNNClient - INFO - 15064 - phase=train acc=0.5114583333333333 loss=36.96100723743439 epoch=2 and step=30
2026-04-23 18:12:31,027 - SplitNNClient - INFO - 20924 - phase=train acc=0.56171875 loss=40.59597420692444 epoch=2 and step=30
2026-04-23 18:12:31,166 - SplitNNClient - INFO - 24992 - phase=train acc=0.44947916666666665 loss=38.24685728549957 epoch=2 and step=30
2026-04-23 18:12:31,235 - SplitNNClient - INFO - 26140 - phase=train acc=0.43333333333333335 loss=43.441741585731506 epoch=2 and step=30
2026-04-23 18:12:33,773 - SplitNNClient - INFO - 15064 - phase=train acc=0.5275390625 loss=47.84109342098236 epoch=2 and step=40
2026-04-23 18:12:33,879 - SplitNNClient - INFO - 20924 - phase=train acc=0.58046875 loss=51.4010426402092 epoch=2 and step=40
2026-04-23 18:12:33,920 - SplitNNClient - INFO - 24992 - phase=train acc=0.4666015625 loss=49.121888160705566 epoch=2 and step=40
2026-04-23 18:12:33,992 - SplitNNClient - INFO - 26140 - phase=train acc=0.4544921875 loss=55.86220741271973 epoch=2 and step=40
2026-04-23 18:12:36,332 - SplitNNClient - INFO - 15064 - phase=train acc=0.53734375 loss=58.55730426311493 epoch=2 and step=50
2026-04-23 18:12:36,544 - SplitNNClient - INFO - 20924 - phase=train acc=0.5915625 loss=62.0569326877594 epoch=2 and step=50
2026-04-23 18:12:36,679 - SplitNNClient - INFO - 26140 - phase=train acc=0.46515625 loss=68.35787117481232 epoch=2 and step=50
2026-04-23 18:12:36,750 - SplitNNClient - INFO - 24992 - phase=train acc=0.4746875 loss=59.948800683021545 epoch=2 and step=50
2026-04-23 18:12:39,099 - SplitNNClient - INFO - 15064 - phase=train acc=0.5459635416666667 loss=69.11761528253555 epoch=2 and step=60
2026-04-23 18:12:39,294 - SplitNNClient - INFO - 26140 - phase=train acc=0.475390625 loss=80.41604769229889 epoch=2 and step=60
2026-04-23 18:12:39,399 - SplitNNClient - INFO - 24992 - phase=train acc=0.48020833333333335 loss=71.2462706565857 epoch=2 and step=60
2026-04-23 18:12:41,436 - SplitNNClient - INFO - 15064 - phase=train acc=0.5502232142857143 loss=79.82149797677994 epoch=2 and step=70
2026-04-23 18:12:41,598 - SplitNNClient - INFO - 26140 - phase=train acc=0.4818080357142857 loss=92.32611918449402 epoch=2 and step=70
2026-04-23 18:12:41,801 - SplitNNClient - INFO - 24992 - phase=train acc=0.48348214285714286 loss=82.48053538799286 epoch=2 and step=70
2026-04-23 18:12:43,743 - SplitNNClient - INFO - 15064 - phase=train acc=0.5533203125 loss=90.69129556417465 epoch=2 and step=80
2026-04-23 18:12:44,046 - SplitNNClient - INFO - 26140 - phase=train acc=0.4916015625 loss=103.90379762649536 epoch=2 and step=80
2026-04-23 18:12:44,086 - SplitNNClient - INFO - 24992 - phase=train acc=0.48388671875 loss=93.4412527680397 epoch=2 and step=80
2026-04-23 18:12:45,857 - SplitNNClient - INFO - 24992 - phase=train acc=0.4878472222222222 loss=104.1644983291626 epoch=2 and step=90
2026-04-23 18:12:47,438 - SplitNNClient - INFO - 24992 - phase=train acc=0.486640625 loss=115.5767023563385 epoch=2 and step=100
2026-04-23 18:12:49,190 - SplitNNClient - INFO - 24992 - phase=train acc=0.48714488636363634 loss=126.50029683113098 epoch=2 and step=110
2026-04-23 18:12:51,038 - SplitNNClient - INFO - 24992 - phase=train acc=0.4904296875 loss=137.07385504245758 epoch=2 and step=120
2026-04-23 18:12:52,770 - SplitNNClient - INFO - 24992 - phase=train acc=0.49615384615384617 loss=146.7557048201561 epoch=2 and step=130
2026-04-23 18:12:52,842 - FedServerManager - INFO - 22168 - get all model params ---- from rank fed_server
2026-04-23 18:13:05,553 - SplitNNClient - INFO - 15064 - phase=validation acc=0.2021 loss=177.00395441055298 epoch=2 and step=79
2026-04-23 18:13:05,668 - SplitNNClient - INFO - 25280 - phase=validation acc=0.2021 loss=177.00395441055298 epoch=2 and step=79
2026-04-23 18:13:05,672 - SplitNNClient - INFO - 20924 - phase=validation acc=0.2021 loss=177.00395441055298 epoch=2 and step=79
2026-04-23 18:13:05,914 - SplitNNClient - INFO - 26140 - phase=validation acc=0.2021 loss=177.00395441055298 epoch=2 and step=79
2026-04-23 18:13:06,199 - SplitNNClient - INFO - 24992 - phase=validation acc=0.2021 loss=177.00395441055298 epoch=2 and step=79
2026-04-23 18:13:09,192 - SplitNNClient - INFO - 25280 - phase=train acc=0.68125 loss=11.397215068340302 epoch=3 and step=10
2026-04-23 18:13:09,236 - SplitNNClient - INFO - 20924 - phase=train acc=0.3609375 loss=16.47227245569229 epoch=3 and step=10
2026-04-23 18:13:09,297 - SplitNNClient - INFO - 15064 - phase=train acc=0.48046875 loss=13.838542819023132 epoch=3 and step=10
2026-04-23 18:13:09,344 - SplitNNClient - INFO - 24992 - phase=train acc=0.4875 loss=12.493173122406006 epoch=3 and step=10
2026-04-23 18:13:09,412 - SplitNNClient - INFO - 26140 - phase=train acc=0.4125 loss=14.911555409431458 epoch=3 and step=10
2026-04-23 18:13:12,258 - SplitNNClient - INFO - 25280 - phase=train acc=0.748828125 loss=17.717482328414917 epoch=3 and step=20
2026-04-23 18:13:12,330 - SplitNNClient - INFO - 20924 - phase=train acc=0.50078125 loss=27.275541067123413 epoch=3 and step=20
2026-04-23 18:13:12,400 - SplitNNClient - INFO - 15064 - phase=train acc=0.533984375 loss=24.709903836250305 epoch=3 and step=20
2026-04-23 18:13:12,472 - SplitNNClient - INFO - 24992 - phase=train acc=0.49140625 loss=23.571975111961365 epoch=3 and step=20
2026-04-23 18:13:12,510 - SplitNNClient - INFO - 26140 - phase=train acc=0.469140625 loss=26.942081332206726 epoch=3 and step=20
2026-04-23 18:13:15,340 - SplitNNClient - INFO - 25280 - phase=train acc=0.7684895833333333 loss=24.150183498859406 epoch=3 and step=30
2026-04-23 18:13:15,482 - SplitNNClient - INFO - 20924 - phase=train acc=0.546875 loss=37.291603088378906 epoch=3 and step=30
2026-04-23 18:13:15,523 - SplitNNClient - INFO - 15064 - phase=train acc=0.5578125 loss=34.587803423404694 epoch=3 and step=30
2026-04-23 18:13:15,588 - SplitNNClient - INFO - 24992 - phase=train acc=0.4981770833333333 loss=34.14958119392395 epoch=3 and step=30
2026-04-23 18:13:15,705 - SplitNNClient - INFO - 26140 - phase=train acc=0.4934895833333333 loss=38.90983593463898 epoch=3 and step=30
2026-04-23 18:13:18,420 - SplitNNClient - INFO - 20924 - phase=train acc=0.5720703125 loss=47.068847358226776 epoch=3 and step=40
2026-04-23 18:13:18,482 - SplitNNClient - INFO - 15064 - phase=train acc=0.5666015625 loss=44.49684327840805 epoch=3 and step=40
2026-04-23 18:13:18,547 - SplitNNClient - INFO - 24992 - phase=train acc=0.5001953125 loss=44.94739556312561 epoch=3 and step=40
2026-04-23 18:13:18,615 - SplitNNClient - INFO - 26140 - phase=train acc=0.508984375 loss=50.15787637233734 epoch=3 and step=40
2026-04-23 18:13:21,030 - SplitNNClient - INFO - 20924 - phase=train acc=0.5871875 loss=56.28098928928375 epoch=3 and step=50
2026-04-23 18:13:21,096 - SplitNNClient - INFO - 15064 - phase=train acc=0.578125 loss=54.222981572151184 epoch=3 and step=50
2026-04-23 18:13:21,161 - SplitNNClient - INFO - 24992 - phase=train acc=0.5025 loss=55.61424458026886 epoch=3 and step=50
2026-04-23 18:13:21,208 - SplitNNClient - INFO - 26140 - phase=train acc=0.51875 loss=61.36142134666443 epoch=3 and step=50
2026-04-23 18:13:23,671 - SplitNNClient - INFO - 15064 - phase=train acc=0.5856770833333333 loss=64.11266827583313 epoch=3 and step=60
2026-04-23 18:13:23,732 - SplitNNClient - INFO - 24992 - phase=train acc=0.5095052083333333 loss=65.88272958993912 epoch=3 and step=60
2026-04-23 18:13:23,800 - SplitNNClient - INFO - 26140 - phase=train acc=0.5278645833333333 loss=72.5347386598587 epoch=3 and step=60
2026-04-23 18:13:25,957 - SplitNNClient - INFO - 15064 - phase=train acc=0.5915178571428571 loss=74.26788115501404 epoch=3 and step=70
2026-04-23 18:13:26,018 - SplitNNClient - INFO - 24992 - phase=train acc=0.5106026785714286 loss=76.10506117343903 epoch=3 and step=70
2026-04-23 18:13:26,064 - SplitNNClient - INFO - 26140 - phase=train acc=0.5334821428571429 loss=83.41086065769196 epoch=3 and step=70
2026-04-23 18:13:28,205 - SplitNNClient - INFO - 15064 - phase=train acc=0.5962890625 loss=83.62486469745636 epoch=3 and step=80
2026-04-23 18:13:28,302 - SplitNNClient - INFO - 24992 - phase=train acc=0.5103515625 loss=86.29652708768845 epoch=3 and step=80
2026-04-23 18:13:28,372 - SplitNNClient - INFO - 26140 - phase=train acc=0.5400390625 loss=94.33659106492996 epoch=3 and step=80
2026-04-23 18:13:30,146 - SplitNNClient - INFO - 24992 - phase=train acc=0.5125 loss=96.34409409761429 epoch=3 and step=90
2026-04-23 18:13:31,692 - SplitNNClient - INFO - 24992 - phase=train acc=0.512890625 loss=106.94001287221909 epoch=3 and step=100
2026-04-23 18:13:33,299 - SplitNNClient - INFO - 24992 - phase=train acc=0.5144176136363636 loss=117.08739006519318 epoch=3 and step=110
2026-04-23 18:13:34,845 - SplitNNClient - INFO - 24992 - phase=train acc=0.5155598958333333 loss=127.22068226337433 epoch=3 and step=120
2026-04-23 18:13:36,478 - SplitNNClient - INFO - 24992 - phase=train acc=0.5177283653846154 loss=136.86436468362808 epoch=3 and step=130
2026-04-23 18:13:36,537 - FedServerManager - INFO - 22168 - get all model params ---- from rank fed_server
2026-04-23 18:13:49,762 - SplitNNClient - INFO - 25280 - phase=validation acc=0.2083 loss=160.29714739322662 epoch=3 and step=79
2026-04-23 18:13:49,772 - SplitNNClient - INFO - 15064 - phase=validation acc=0.2083 loss=160.29714739322662 epoch=3 and step=79
2026-04-23 18:13:49,856 - SplitNNClient - INFO - 20924 - phase=validation acc=0.2083 loss=160.29714739322662 epoch=3 and step=79
2026-04-23 18:13:50,805 - SplitNNClient - INFO - 24992 - phase=validation acc=0.2083 loss=160.29714739322662 epoch=3 and step=79
2026-04-23 18:13:50,810 - SplitNNClient - INFO - 26140 - phase=validation acc=0.2083 loss=160.29714739322662 epoch=3 and step=79
2026-04-23 18:13:53,764 - SplitNNClient - INFO - 20924 - phase=train acc=0.43671875 loss=15.59993827342987 epoch=4 and step=10
2026-04-23 18:13:53,832 - SplitNNClient - INFO - 24992 - phase=train acc=0.49609375 loss=11.586052000522614 epoch=4 and step=10
2026-04-23 18:13:53,902 - SplitNNClient - INFO - 26140 - phase=train acc=0.5015625 loss=13.075632154941559 epoch=4 and step=10
2026-04-23 18:13:53,943 - SplitNNClient - INFO - 25280 - phase=train acc=0.709375 loss=11.012149453163147 epoch=4 and step=10
2026-04-23 18:13:54,009 - SplitNNClient - INFO - 15064 - phase=train acc=0.546875 loss=12.243170022964478 epoch=4 and step=10
2026-04-23 18:13:56,768 - SplitNNClient - INFO - 20924 - phase=train acc=0.5421875 loss=25.887832164764404 epoch=4 and step=20
2026-04-23 18:13:56,834 - SplitNNClient - INFO - 24992 - phase=train acc=0.5015625 loss=22.134119868278503 epoch=4 and step=20
2026-04-23 18:13:56,878 - SplitNNClient - INFO - 26140 - phase=train acc=0.544140625 loss=24.334737837314606 epoch=4 and step=20
2026-04-23 18:13:57,054 - SplitNNClient - INFO - 25280 - phase=train acc=0.7484375 loss=18.021662533283234 epoch=4 and step=20
2026-04-23 18:13:57,094 - SplitNNClient - INFO - 15064 - phase=train acc=0.57578125 loss=22.549482583999634 epoch=4 and step=20
2026-04-23 18:13:59,925 - SplitNNClient - INFO - 26140 - phase=train acc=0.5481770833333334 loss=35.871094048023224 epoch=4 and step=30
2026-04-23 18:13:59,988 - SplitNNClient - INFO - 20924 - phase=train acc=0.58359375 loss=35.06897974014282 epoch=4 and step=30
2026-04-23 18:14:00,057 - SplitNNClient - INFO - 24992 - phase=train acc=0.5111979166666667 loss=32.14933615922928 epoch=4 and step=30
2026-04-23 18:14:00,124 - SplitNNClient - INFO - 25280 - phase=train acc=0.7692708333333333 loss=24.419696390628815 epoch=4 and step=30
2026-04-23 18:14:00,168 - SplitNNClient - INFO - 15064 - phase=train acc=0.58828125 loss=32.6876500248909 epoch=4 and step=30
2026-04-23 18:14:02,669 - SplitNNClient - INFO - 26140 - phase=train acc=0.5572265625 loss=46.22164589166641 epoch=4 and step=40
2026-04-23 18:14:02,803 - SplitNNClient - INFO - 20924 - phase=train acc=0.6041015625 loss=44.12676304578781 epoch=4 and step=40
2026-04-23 18:14:02,874 - SplitNNClient - INFO - 24992 - phase=train acc=0.5244140625 loss=41.752643048763275 epoch=4 and step=40
2026-04-23 18:14:02,992 - SplitNNClient - INFO - 15064 - phase=train acc=0.600390625 loss=42.154975175857544 epoch=4 and step=40
2026-04-23 18:14:05,350 - SplitNNClient - INFO - 26140 - phase=train acc=0.5671875 loss=56.532365679740906 epoch=4 and step=50
2026-04-23 18:14:05,413 - SplitNNClient - INFO - 20924 - phase=train acc=0.6159375 loss=53.445912539958954 epoch=4 and step=50
2026-04-23 18:14:05,546 - SplitNNClient - INFO - 24992 - phase=train acc=0.5303125 loss=51.94684362411499 epoch=4 and step=50
2026-04-23 18:14:05,740 - SplitNNClient - INFO - 15064 - phase=train acc=0.605625 loss=51.74535018205643 epoch=4 and step=50
2026-04-23 18:14:09,030 - SplitNNClient - INFO - 26140 - phase=train acc=0.5716145833333334 loss=67.28396666049957 epoch=4 and step=60
2026-04-23 18:14:09,184 - SplitNNClient - INFO - 24992 - phase=train acc=0.529296875 loss=62.6739536523819 epoch=4 and step=60
2026-04-23 18:14:09,357 - SplitNNClient - INFO - 15064 - phase=train acc=0.6139322916666666 loss=60.62771141529083 epoch=4 and step=60
2026-04-23 18:14:11,582 - SplitNNClient - INFO - 26140 - phase=train acc=0.5755580357142858 loss=77.69245088100433 epoch=4 and step=70
2026-04-23 18:14:11,758 - SplitNNClient - INFO - 24992 - phase=train acc=0.5279017857142857 loss=72.84401112794876 epoch=4 and step=70
2026-04-23 18:14:11,894 - SplitNNClient - INFO - 15064 - phase=train acc=0.61875 loss=69.61442935466766 epoch=4 and step=70
2026-04-23 18:14:13,954 - SplitNNClient - INFO - 26140 - phase=train acc=0.580078125 loss=88.10913586616516 epoch=4 and step=80
2026-04-23 18:14:14,118 - SplitNNClient - INFO - 24992 - phase=train acc=0.52978515625 loss=82.89971894025803 epoch=4 and step=80
2026-04-23 18:14:14,290 - SplitNNClient - INFO - 15064 - phase=train acc=0.62392578125 loss=78.356574177742 epoch=4 and step=80
2026-04-23 18:14:16,182 - SplitNNClient - INFO - 24992 - phase=train acc=0.5310763888888889 loss=92.75801903009415 epoch=4 and step=90
2026-04-23 18:14:18,033 - SplitNNClient - INFO - 24992 - phase=train acc=0.530703125 loss=102.75460761785507 epoch=4 and step=100
2026-04-23 18:14:19,665 - SplitNNClient - INFO - 24992 - phase=train acc=0.5325994318181818 loss=112.56622844934464 epoch=4 and step=110
2026-04-23 18:14:21,211 - SplitNNClient - INFO - 24992 - phase=train acc=0.5339192708333333 loss=122.6998280286789 epoch=4 and step=120
2026-04-23 18:14:22,752 - SplitNNClient - INFO - 24992 - phase=train acc=0.5345552884615384 loss=132.4088854789734 epoch=4 and step=130
2026-04-23 18:14:22,808 - FedServerManager - INFO - 22168 - get all model params ---- from rank fed_server
2026-04-23 18:14:35,481 - SplitNNClient - INFO - 15064 - phase=validation acc=0.2767 loss=155.36736142635345 epoch=4 and step=79
2026-04-23 18:14:35,550 - SplitNNClient - INFO - 20924 - phase=validation acc=0.2767 loss=155.36736142635345 epoch=4 and step=79
2026-04-23 18:14:35,645 - SplitNNClient - INFO - 25280 - phase=validation acc=0.2767 loss=155.36736142635345 epoch=4 and step=79
2026-04-23 18:14:35,850 - SplitNNClient - INFO - 26140 - phase=validation acc=0.2767 loss=155.36736142635345 epoch=4 and step=79
2026-04-23 18:14:36,264 - SplitNNClient - INFO - 24992 - phase=validation acc=0.2767 loss=155.36736142635345 epoch=4 and step=79
2026-04-23 18:14:39,289 - SplitNNClient - INFO - 26140 - phase=train acc=0.50703125 loss=13.074153065681458 epoch=5 and step=10
2026-04-23 18:14:39,357 - SplitNNClient - INFO - 20924 - phase=train acc=0.4859375 loss=15.841950953006744 epoch=5 and step=10
2026-04-23 18:14:39,460 - SplitNNClient - INFO - 25280 - phase=train acc=0.70078125 loss=10.757393777370453 epoch=5 and step=10
2026-04-23 18:14:39,528 - SplitNNClient - INFO - 15064 - phase=train acc=0.57890625 loss=11.828464031219482 epoch=5 and step=10
2026-04-23 18:14:39,723 - SplitNNClient - INFO - 24992 - phase=train acc=0.521875 loss=11.031997382640839 epoch=5 and step=10
2026-04-23 18:14:42,629 - SplitNNClient - INFO - 26140 - phase=train acc=0.53828125 loss=23.65276300907135 epoch=5 and step=20
2026-04-23 18:14:42,689 - SplitNNClient - INFO - 20924 - phase=train acc=0.574609375 loss=25.466265857219696 epoch=5 and step=20
2026-04-23 18:14:42,829 - SplitNNClient - INFO - 25280 - phase=train acc=0.74609375 loss=17.707234978675842 epoch=5 and step=20
2026-04-23 18:14:42,866 - SplitNNClient - INFO - 15064 - phase=train acc=0.616796875 loss=20.860493898391724 epoch=5 and step=20
2026-04-23 18:14:43,070 - SplitNNClient - INFO - 24992 - phase=train acc=0.533984375 loss=20.82374930381775 epoch=5 and step=20
2026-04-23 18:14:45,728 - SplitNNClient - INFO - 26140 - phase=train acc=0.5528645833333333 loss=34.38159066438675 epoch=5 and step=30
2026-04-23 18:14:45,799 - SplitNNClient - INFO - 20924 - phase=train acc=0.59296875 loss=34.96588510274887 epoch=5 and step=30
2026-04-23 18:14:45,904 - SplitNNClient - INFO - 25280 - phase=train acc=0.77421875 loss=23.22306400537491 epoch=5 and step=30
2026-04-23 18:14:45,972 - SplitNNClient - INFO - 15064 - phase=train acc=0.63046875 loss=29.615044057369232 epoch=5 and step=30
2026-04-23 18:14:46,227 - SplitNNClient - INFO - 24992 - phase=train acc=0.54140625 loss=30.913363337516785 epoch=5 and step=30
2026-04-23 18:14:48,496 - SplitNNClient - INFO - 26140 - phase=train acc=0.5564453125 loss=45.178214371204376 epoch=5 and step=40
2026-04-23 18:14:48,609 - SplitNNClient - INFO - 20924 - phase=train acc=0.6083984375 loss=44.38471418619156 epoch=5 and step=40
2026-04-23 18:14:48,675 - SplitNNClient - INFO - 15064 - phase=train acc=0.6376953125 loss=38.34898769855499 epoch=5 and step=40
2026-04-23 18:14:49,095 - SplitNNClient - INFO - 24992 - phase=train acc=0.5419921875 loss=40.74300229549408 epoch=5 and step=40
2026-04-23 18:14:51,239 - SplitNNClient - INFO - 26140 - phase=train acc=0.57 loss=55.32870811223984 epoch=5 and step=50
2026-04-23 18:14:51,378 - SplitNNClient - INFO - 20924 - phase=train acc=0.6225 loss=53.196665585041046 epoch=5 and step=50
2026-04-23 18:14:51,447 - SplitNNClient - INFO - 15064 - phase=train acc=0.64234375 loss=47.65871238708496 epoch=5 and step=50
2026-04-23 18:14:51,893 - SplitNNClient - INFO - 24992 - phase=train acc=0.5434375 loss=50.28182649612427 epoch=5 and step=50
2026-04-23 18:14:53,961 - SplitNNClient - INFO - 26140 - phase=train acc=0.5799479166666667 loss=65.21360969543457 epoch=5 and step=60
2026-04-23 18:14:54,195 - SplitNNClient - INFO - 15064 - phase=train acc=0.6438802083333334 loss=56.377832770347595 epoch=5 and step=60
2026-04-23 18:14:54,479 - SplitNNClient - INFO - 24992 - phase=train acc=0.5459635416666667 loss=59.57424306869507 epoch=5 and step=60
2026-04-23 18:14:56,148 - SplitNNClient - INFO - 26140 - phase=train acc=0.5840401785714285 loss=75.39211666584015 epoch=5 and step=70
2026-04-23 18:14:56,465 - SplitNNClient - INFO - 15064 - phase=train acc=0.64765625 loss=65.0730916261673 epoch=5 and step=70
2026-04-23 18:14:56,767 - SplitNNClient - INFO - 24992 - phase=train acc=0.5469866071428572 loss=69.42902648448944 epoch=5 and step=70
2026-04-23 18:14:58,534 - SplitNNClient - INFO - 26140 - phase=train acc=0.58818359375 loss=85.14557909965515 epoch=5 and step=80
2026-04-23 18:14:58,808 - SplitNNClient - INFO - 15064 - phase=train acc=0.6505859375 loss=73.41427057981491 epoch=5 and step=80
2026-04-23 18:14:59,101 - SplitNNClient - INFO - 24992 - phase=train acc=0.54599609375 loss=79.33178895711899 epoch=5 and step=80
2026-04-23 18:15:00,826 - SplitNNClient - INFO - 24992 - phase=train acc=0.5487847222222222 loss=88.81165415048599 epoch=5 and step=90
2026-04-23 18:15:02,431 - SplitNNClient - INFO - 24992 - phase=train acc=0.54921875 loss=98.54382884502411 epoch=5 and step=100
2026-04-23 18:15:04,035 - SplitNNClient - INFO - 24992 - phase=train acc=0.5500710227272727 loss=108.22966581583023 epoch=5 and step=110
2026-04-23 18:15:05,612 - SplitNNClient - INFO - 24992 - phase=train acc=0.5509765625 loss=117.6650983095169 epoch=5 and step=120
2026-04-23 18:15:07,345 - SplitNNClient - INFO - 24992 - phase=train acc=0.5522836538461539 loss=126.78249824047089 epoch=5 and step=130
2026-04-23 18:15:07,401 - FedServerManager - INFO - 22168 - get all model params ---- from rank fed_server
2026-04-23 18:15:20,714 - SplitNNClient - INFO - 20924 - phase=validation acc=0.3251 loss=150.36773240566254 epoch=5 and step=79
2026-04-23 18:15:20,757 - SplitNNClient - INFO - 15064 - phase=validation acc=0.3251 loss=150.36773240566254 epoch=5 and step=79
2026-04-23 18:15:20,799 - SplitNNClient - INFO - 25280 - phase=validation acc=0.3251 loss=150.36773240566254 epoch=5 and step=79
2026-04-23 18:15:21,242 - SplitNNClient - INFO - 24992 - phase=validation acc=0.3251 loss=150.36773240566254 epoch=5 and step=79
2026-04-23 18:15:21,512 - SplitNNClient - INFO - 26140 - phase=validation acc=0.3251 loss=150.36773240566254 epoch=5 and step=79
2026-04-23 18:15:24,412 - SplitNNClient - INFO - 26140 - phase=train acc=0.5515625 loss=12.438014507293701 epoch=6 and step=10
2026-04-23 18:15:24,476 - SplitNNClient - INFO - 20924 - phase=train acc=0.43125 loss=15.445881605148315 epoch=6 and step=10
2026-04-23 18:15:24,545 - SplitNNClient - INFO - 25280 - phase=train acc=0.69921875 loss=10.336882829666138 epoch=6 and step=10
2026-04-23 18:15:24,608 - SplitNNClient - INFO - 24992 - phase=train acc=0.53515625 loss=11.077133297920227 epoch=6 and step=10
2026-04-23 18:15:24,657 - SplitNNClient - INFO - 15064 - phase=train acc=0.5921875 loss=11.056326389312744 epoch=6 and step=10
2026-04-23 18:15:27,485 - SplitNNClient - INFO - 26140 - phase=train acc=0.5609375 loss=23.276118755340576 epoch=6 and step=20
2026-04-23 18:15:27,556 - SplitNNClient - INFO - 20924 - phase=train acc=0.547265625 loss=24.703733563423157 epoch=6 and step=20
2026-04-23 18:15:27,602 - SplitNNClient - INFO - 25280 - phase=train acc=0.7609375 loss=16.09751060605049 epoch=6 and step=20
2026-04-23 18:15:27,663 - SplitNNClient - INFO - 24992 - phase=train acc=0.546875 loss=20.212465703487396 epoch=6 and step=20
2026-04-23 18:15:27,731 - SplitNNClient - INFO - 15064 - phase=train acc=0.62265625 loss=20.25135564804077 epoch=6 and step=20
2026-04-23 18:15:30,561 - SplitNNClient - INFO - 26140 - phase=train acc=0.56640625 loss=33.95050001144409 epoch=6 and step=30
2026-04-23 18:15:30,594 - SplitNNClient - INFO - 20924 - phase=train acc=0.59453125 loss=33.53318852186203 epoch=6 and step=30
2026-04-23 18:15:30,666 - SplitNNClient - INFO - 25280 - phase=train acc=0.7864583333333334 loss=21.319673031568527 epoch=6 and step=30
2026-04-23 18:15:30,733 - SplitNNClient - INFO - 24992 - phase=train acc=0.5432291666666667 loss=30.262364447116852 epoch=6 and step=30
2026-04-23 18:15:30,798 - SplitNNClient - INFO - 15064 - phase=train acc=0.6408854166666667 loss=28.75559014081955 epoch=6 and step=30
2026-04-23 18:15:33,248 - SplitNNClient - INFO - 26140 - phase=train acc=0.574609375 loss=44.0253980755806 epoch=6 and step=40
2026-04-23 18:15:33,442 - SplitNNClient - INFO - 20924 - phase=train acc=0.6162109375 loss=42.42014682292938 epoch=6 and step=40
2026-04-23 18:15:33,572 - SplitNNClient - INFO - 24992 - phase=train acc=0.548046875 loss=40.10194879770279 epoch=6 and step=40
2026-04-23 18:15:33,646 - SplitNNClient - INFO - 15064 - phase=train acc=0.6466796875 loss=37.4639156460762 epoch=6 and step=40
2026-04-23 18:15:35,839 - SplitNNClient - INFO - 26140 - phase=train acc=0.58609375 loss=53.643524408340454 epoch=6 and step=50
2026-04-23 18:15:36,246 - SplitNNClient - INFO - 20924 - phase=train acc=0.62890625 loss=50.88190132379532 epoch=6 and step=50
2026-04-23 18:15:36,283 - SplitNNClient - INFO - 15064 - phase=train acc=0.653125 loss=46.290788531303406 epoch=6 and step=50
2026-04-23 18:15:36,447 - SplitNNClient - INFO - 24992 - phase=train acc=0.55484375 loss=49.03507798910141 epoch=6 and step=50
2026-04-23 18:15:38,452 - SplitNNClient - INFO - 26140 - phase=train acc=0.5966145833333333 loss=62.98924309015274 epoch=6 and step=60
2026-04-23 18:15:38,851 - SplitNNClient - INFO - 15064 - phase=train acc=0.6510416666666666 loss=55.562874138355255 epoch=6 and step=60
2026-04-23 18:15:38,989 - SplitNNClient - INFO - 24992 - phase=train acc=0.5552083333333333 loss=58.887971222400665 epoch=6 and step=60
2026-04-23 18:15:40,798 - SplitNNClient - INFO - 26140 - phase=train acc=0.6030133928571428 loss=72.61844772100449 epoch=6 and step=70
2026-04-23 18:15:41,189 - SplitNNClient - INFO - 15064 - phase=train acc=0.6580357142857143 loss=63.62833446264267 epoch=6 and step=70
2026-04-23 18:15:41,352 - SplitNNClient - INFO - 24992 - phase=train acc=0.5594866071428571 loss=68.0164675116539 epoch=6 and step=70
2026-04-23 18:15:43,168 - SplitNNClient - INFO - 26140 - phase=train acc=0.61103515625 loss=81.74905514717102 epoch=6 and step=80
2026-04-23 18:15:43,605 - SplitNNClient - INFO - 15064 - phase=train acc=0.66064453125 loss=71.6051978468895 epoch=6 and step=80
2026-04-23 18:15:43,801 - SplitNNClient - INFO - 24992 - phase=train acc=0.5634765625 loss=77.36182063817978 epoch=6 and step=80
2026-04-23 18:15:45,642 - SplitNNClient - INFO - 24992 - phase=train acc=0.5653645833333333 loss=86.64467841386795 epoch=6 and step=90
2026-04-23 18:15:47,254 - SplitNNClient - INFO - 24992 - phase=train acc=0.567421875 loss=95.7998399734497 epoch=6 and step=100
2026-04-23 18:15:48,831 - SplitNNClient - INFO - 24992 - phase=train acc=0.5677556818181818 loss=105.08878165483475 epoch=6 and step=110
2026-04-23 18:15:50,406 - SplitNNClient - INFO - 24992 - phase=train acc=0.5680338541666666 loss=114.33774054050446 epoch=6 and step=120
2026-04-23 18:15:52,048 - SplitNNClient - INFO - 24992 - phase=train acc=0.5667668269230769 loss=123.75781399011612 epoch=6 and step=130
2026-04-23 18:15:52,104 - FedServerManager - INFO - 22168 - get all model params ---- from rank fed_server
2026-04-23 18:16:05,422 - SplitNNClient - INFO - 25280 - phase=validation acc=0.3355 loss=145.46266281604767 epoch=6 and step=79
2026-04-23 18:16:05,582 - SplitNNClient - INFO - 20924 - phase=validation acc=0.3355 loss=145.46266281604767 epoch=6 and step=79
2026-04-23 18:16:05,584 - SplitNNClient - INFO - 15064 - phase=validation acc=0.3355 loss=145.46266281604767 epoch=6 and step=79
2026-04-23 18:16:06,053 - SplitNNClient - INFO - 26140 - phase=validation acc=0.3355 loss=145.46266281604767 epoch=6 and step=79
2026-04-23 18:16:06,195 - SplitNNClient - INFO - 24992 - phase=validation acc=0.3355 loss=145.46266281604767 epoch=6 and step=79
2026-04-23 18:16:09,139 - SplitNNClient - INFO - 26140 - phase=train acc=0.55859375 loss=11.804116785526276 epoch=7 and step=10
2026-04-23 18:16:09,173 - SplitNNClient - INFO - 15064 - phase=train acc=0.61875 loss=10.790001451969147 epoch=7 and step=10
2026-04-23 18:16:09,241 - SplitNNClient - INFO - 24992 - phase=train acc=0.56640625 loss=10.509231269359589 epoch=7 and step=10
2026-04-23 18:16:09,312 - SplitNNClient - INFO - 25280 - phase=train acc=0.69921875 loss=10.233101963996887 epoch=7 and step=10
2026-04-23 18:16:09,375 - SplitNNClient - INFO - 20924 - phase=train acc=0.4234375 loss=15.499323725700378 epoch=7 and step=10
2026-04-23 18:16:12,154 - SplitNNClient - INFO - 26140 - phase=train acc=0.60078125 loss=21.23674589395523 epoch=7 and step=20
2026-04-23 18:16:12,226 - SplitNNClient - INFO - 15064 - phase=train acc=0.643359375 loss=19.525283336639404 epoch=7 and step=20
2026-04-23 18:16:12,271 - SplitNNClient - INFO - 24992 - phase=train acc=0.558984375 loss=20.265435814857483 epoch=7 and step=20
2026-04-23 18:16:12,341 - SplitNNClient - INFO - 25280 - phase=train acc=0.75625 loss=15.919944375753403 epoch=7 and step=20
2026-04-23 18:16:12,382 - SplitNNClient - INFO - 20924 - phase=train acc=0.561328125 loss=24.406690657138824 epoch=7 and step=20
2026-04-23 18:16:15,308 - SplitNNClient - INFO - 15064 - phase=train acc=0.6416666666666667 loss=28.70656704902649 epoch=7 and step=30
2026-04-23 18:16:15,374 - SplitNNClient - INFO - 26140 - phase=train acc=0.6109375 loss=31.12377166748047 epoch=7 and step=30
2026-04-23 18:16:15,420 - SplitNNClient - INFO - 24992 - phase=train acc=0.5653645833333333 loss=29.963653326034546 epoch=7 and step=30
2026-04-23 18:16:15,489 - SplitNNClient - INFO - 25280 - phase=train acc=0.7796875 loss=21.49862492084503 epoch=7 and step=30
2026-04-23 18:16:15,562 - SplitNNClient - INFO - 20924 - phase=train acc=0.5934895833333333 loss=33.59500914812088 epoch=7 and step=30
2026-04-23 18:16:18,141 - SplitNNClient - INFO - 15064 - phase=train acc=0.65390625 loss=36.705614030361176 epoch=7 and step=40
2026-04-23 18:16:18,237 - SplitNNClient - INFO - 26140 - phase=train acc=0.613671875 loss=40.7609868645668 epoch=7 and step=40
2026-04-23 18:16:18,279 - SplitNNClient - INFO - 24992 - phase=train acc=0.5669921875 loss=39.635244965553284 epoch=7 and step=40
2026-04-23 18:16:18,342 - SplitNNClient - INFO - 20924 - phase=train acc=0.6134765625 loss=42.59640955924988 epoch=7 and step=40
2026-04-23 18:16:20,816 - SplitNNClient - INFO - 15064 - phase=train acc=0.65671875 loss=45.219685792922974 epoch=7 and step=50
2026-04-23 18:16:20,862 - SplitNNClient - INFO - 24992 - phase=train acc=0.569375 loss=48.91922044754028 epoch=7 and step=50
2026-04-23 18:16:20,928 - SplitNNClient - INFO - 26140 - phase=train acc=0.61640625 loss=50.44605773687363 epoch=7 and step=50
2026-04-23 18:16:21,003 - SplitNNClient - INFO - 20924 - phase=train acc=0.6246875 loss=51.42018449306488 epoch=7 and step=50
2026-04-23 18:16:23,443 - SplitNNClient - INFO - 15064 - phase=train acc=0.6611979166666667 loss=53.722020864486694 epoch=7 and step=60
2026-04-23 18:16:23,484 - SplitNNClient - INFO - 24992 - phase=train acc=0.5717447916666667 loss=57.85587978363037 epoch=7 and step=60
2026-04-23 18:16:23,551 - SplitNNClient - INFO - 26140 - phase=train acc=0.6209635416666667 loss=59.78367871046066 epoch=7 and step=60
2026-04-23 18:16:25,708 - SplitNNClient - INFO - 15064 - phase=train acc=0.6654017857142858 loss=61.705594539642334 epoch=7 and step=70
2026-04-23 18:16:25,774 - SplitNNClient - INFO - 24992 - phase=train acc=0.5764508928571429 loss=67.08074259757996 epoch=7 and step=70
2026-04-23 18:16:25,876 - SplitNNClient - INFO - 26140 - phase=train acc=0.6228794642857143 loss=69.34478640556335 epoch=7 and step=70
2026-04-23 18:16:28,040 - SplitNNClient - INFO - 15064 - phase=train acc=0.6716796875 loss=69.23392850160599 epoch=7 and step=80
2026-04-23 18:16:28,076 - SplitNNClient - INFO - 24992 - phase=train acc=0.5794921875 loss=75.70995461940765 epoch=7 and step=80
2026-04-23 18:16:28,147 - SplitNNClient - INFO - 26140 - phase=train acc=0.62724609375 loss=78.49890911579132 epoch=7 and step=80
2026-04-23 18:16:29,938 - SplitNNClient - INFO - 24992 - phase=train acc=0.5827256944444444 loss=84.85814821720123 epoch=7 and step=90
2026-04-23 18:16:31,490 - SplitNNClient - INFO - 24992 - phase=train acc=0.5825 loss=93.92070710659027 epoch=7 and step=100
2026-04-23 18:16:33,036 - SplitNNClient - INFO - 24992 - phase=train acc=0.583309659090909 loss=103.16262966394424 epoch=7 and step=110
2026-04-23 18:16:34,574 - SplitNNClient - INFO - 24992 - phase=train acc=0.5832682291666667 loss=112.00305825471878 epoch=7 and step=120
2026-04-23 18:16:36,148 - SplitNNClient - INFO - 24992 - phase=train acc=0.5840745192307693 loss=120.94795006513596 epoch=7 and step=130
2026-04-23 18:16:36,199 - FedServerManager - INFO - 22168 - get all model params ---- from rank fed_server
2026-04-23 18:16:48,870 - SplitNNClient - INFO - 25280 - phase=validation acc=0.346 loss=140.96060526371002 epoch=7 and step=79
2026-04-23 18:16:49,270 - SplitNNClient - INFO - 20924 - phase=validation acc=0.346 loss=140.96060526371002 epoch=7 and step=79
2026-04-23 18:16:49,391 - SplitNNClient - INFO - 15064 - phase=validation acc=0.346 loss=140.96060526371002 epoch=7 and step=79
2026-04-23 18:16:49,421 - SplitNNClient - INFO - 26140 - phase=validation acc=0.346 loss=140.96060526371002 epoch=7 and step=79
2026-04-23 18:16:49,742 - SplitNNClient - INFO - 24992 - phase=validation acc=0.346 loss=140.96060526371002 epoch=7 and step=79
2026-04-23 18:16:52,743 - SplitNNClient - INFO - 26140 - phase=train acc=0.58359375 loss=11.316628158092499 epoch=8 and step=10
2026-04-23 18:16:52,789 - SplitNNClient - INFO - 20924 - phase=train acc=0.43359375 loss=14.934925436973572 epoch=8 and step=10
2026-04-23 18:16:52,858 - SplitNNClient - INFO - 15064 - phase=train acc=0.621875 loss=10.677107214927673 epoch=8 and step=10
2026-04-23 18:16:52,902 - SplitNNClient - INFO - 24992 - phase=train acc=0.58203125 loss=9.917150735855103 epoch=8 and step=10
2026-04-23 18:16:52,960 - SplitNNClient - INFO - 25280 - phase=train acc=0.703125 loss=9.688214123249054 epoch=8 and step=10
2026-04-23 18:16:55,971 - SplitNNClient - INFO - 26140 - phase=train acc=0.61015625 loss=20.669387638568878 epoch=8 and step=20
2026-04-23 18:16:56,038 - SplitNNClient - INFO - 20924 - phase=train acc=0.552734375 loss=24.200824439525604 epoch=8 and step=20
2026-04-23 18:16:56,079 - SplitNNClient - INFO - 15064 - phase=train acc=0.6546875 loss=18.960029542446136 epoch=8 and step=20
2026-04-23 18:16:56,147 - SplitNNClient - INFO - 24992 - phase=train acc=0.598828125 loss=18.539985299110413 epoch=8 and step=20
2026-04-23 18:16:56,215 - SplitNNClient - INFO - 25280 - phase=train acc=0.7625 loss=15.313318908214569 epoch=8 and step=20
2026-04-23 18:16:59,031 - SplitNNClient - INFO - 26140 - phase=train acc=0.6208333333333333 loss=30.06600660085678 epoch=8 and step=30
2026-04-23 18:16:59,075 - SplitNNClient - INFO - 20924 - phase=train acc=0.596875 loss=32.876208901405334 epoch=8 and step=30
2026-04-23 18:16:59,141 - SplitNNClient - INFO - 15064 - phase=train acc=0.6708333333333333 loss=26.978076219558716 epoch=8 and step=30
2026-04-23 18:16:59,214 - SplitNNClient - INFO - 25280 - phase=train acc=0.7815104166666667 loss=20.985925167798996 epoch=8 and step=30
2026-04-23 18:16:59,257 - SplitNNClient - INFO - 24992 - phase=train acc=0.5924479166666666 loss=27.97303867340088 epoch=8 and step=30
2026-04-23 18:17:01,854 - SplitNNClient - INFO - 26140 - phase=train acc=0.61796875 loss=39.896317422389984 epoch=8 and step=40
2026-04-23 18:17:01,924 - SplitNNClient - INFO - 20924 - phase=train acc=0.613671875 loss=41.85505574941635 epoch=8 and step=40
2026-04-23 18:17:01,966 - SplitNNClient - INFO - 15064 - phase=train acc=0.682421875 loss=34.674455761909485 epoch=8 and step=40
2026-04-23 18:17:02,032 - SplitNNClient - INFO - 24992 - phase=train acc=0.5908203125 loss=37.51724308729172 epoch=8 and step=40
2026-04-23 18:17:04,492 - SplitNNClient - INFO - 26140 - phase=train acc=0.6228125 loss=49.28493404388428 epoch=8 and step=50
2026-04-23 18:17:04,561 - SplitNNClient - INFO - 20924 - phase=train acc=0.62671875 loss=50.45794689655304 epoch=8 and step=50
2026-04-23 18:17:04,606 - SplitNNClient - INFO - 15064 - phase=train acc=0.68515625 loss=42.58634531497955 epoch=8 and step=50
2026-04-23 18:17:04,679 - SplitNNClient - INFO - 24992 - phase=train acc=0.59546875 loss=46.34530633687973 epoch=8 and step=50
2026-04-23 18:17:07,153 - SplitNNClient - INFO - 26140 - phase=train acc=0.6299479166666667 loss=58.27323055267334 epoch=8 and step=60
2026-04-23 18:17:07,216 - SplitNNClient - INFO - 15064 - phase=train acc=0.6869791666666667 loss=50.58352708816528 epoch=8 and step=60
2026-04-23 18:17:07,279 - SplitNNClient - INFO - 24992 - phase=train acc=0.5953125 loss=55.66563284397125 epoch=8 and step=60
2026-04-23 18:17:09,438 - SplitNNClient - INFO - 26140 - phase=train acc=0.6339285714285714 loss=67.21903949975967 epoch=8 and step=70
2026-04-23 18:17:09,500 - SplitNNClient - INFO - 15064 - phase=train acc=0.6916294642857143 loss=58.0541906952858 epoch=8 and step=70
2026-04-23 18:17:09,565 - SplitNNClient - INFO - 24992 - phase=train acc=0.5964285714285714 loss=64.82752937078476 epoch=8 and step=70
2026-04-23 18:17:11,678 - SplitNNClient - INFO - 26140 - phase=train acc=0.63642578125 loss=76.47740548849106 epoch=8 and step=80
2026-04-23 18:17:11,747 - SplitNNClient - INFO - 15064 - phase=train acc=0.6919921875 loss=66.14318144321442 epoch=8 and step=80
2026-04-23 18:17:11,846 - SplitNNClient - INFO - 24992 - phase=train acc=0.59912109375 loss=73.70593219995499 epoch=8 and step=80
2026-04-23 18:17:13,790 - SplitNNClient - INFO - 24992 - phase=train acc=0.6033854166666667 loss=82.29314625263214 epoch=8 and step=90
2026-04-23 18:17:15,638 - SplitNNClient - INFO - 24992 - phase=train acc=0.60171875 loss=91.36885333061218 epoch=8 and step=100
2026-04-23 18:17:17,456 - SplitNNClient - INFO - 24992 - phase=train acc=0.6037642045454545 loss=100.00896090269089 epoch=8 and step=110
2026-04-23 18:17:19,149 - SplitNNClient - INFO - 24992 - phase=train acc=0.6061197916666666 loss=108.32086277008057 epoch=8 and step=120
2026-04-23 18:17:20,695 - SplitNNClient - INFO - 24992 - phase=train acc=0.6055288461538462 loss=117.39623558521271 epoch=8 and step=130
2026-04-23 18:17:20,738 - FedServerManager - INFO - 22168 - get all model params ---- from rank fed_server
2026-04-23 18:17:33,958 - SplitNNClient - INFO - 25280 - phase=validation acc=0.3562 loss=138.5403015613556 epoch=8 and step=79
2026-04-23 18:17:34,020 - SplitNNClient - INFO - 20924 - phase=validation acc=0.3562 loss=138.5403015613556 epoch=8 and step=79
2026-04-23 18:17:34,197 - SplitNNClient - INFO - 15064 - phase=validation acc=0.3562 loss=138.5403015613556 epoch=8 and step=79
2026-04-23 18:17:34,856 - SplitNNClient - INFO - 26140 - phase=validation acc=0.3562 loss=138.5403015613556 epoch=8 and step=79
2026-04-23 18:17:34,996 - SplitNNClient - INFO - 24992 - phase=validation acc=0.3562 loss=138.5403015613556 epoch=8 and step=79
2026-04-23 18:17:37,975 - SplitNNClient - INFO - 15064 - phase=train acc=0.5953125 loss=11.256004333496094 epoch=9 and step=10
2026-04-23 18:17:38,042 - SplitNNClient - INFO - 26140 - phase=train acc=0.61015625 loss=11.382629036903381 epoch=9 and step=10
2026-04-23 18:17:38,087 - SplitNNClient - INFO - 24992 - phase=train acc=0.57890625 loss=9.856082141399384 epoch=9 and step=10
2026-04-23 18:17:38,150 - SplitNNClient - INFO - 25280 - phase=train acc=0.7234375 loss=9.560883283615112 epoch=9 and step=10
2026-04-23 18:17:38,222 - SplitNNClient - INFO - 20924 - phase=train acc=0.4546875 loss=14.710411965847015 epoch=9 and step=10
2026-04-23 18:17:41,146 - SplitNNClient - INFO - 15064 - phase=train acc=0.64765625 loss=19.268363416194916 epoch=9 and step=20
2026-04-23 18:17:41,215 - SplitNNClient - INFO - 26140 - phase=train acc=0.621484375 loss=21.146553993225098 epoch=9 and step=20
2026-04-23 18:17:41,282 - SplitNNClient - INFO - 24992 - phase=train acc=0.590234375 loss=19.347443997859955 epoch=9 and step=20
2026-04-23 18:17:41,347 - SplitNNClient - INFO - 25280 - phase=train acc=0.770703125 loss=15.356133759021759 epoch=9 and step=20
2026-04-23 18:17:41,416 - SplitNNClient - INFO - 20924 - phase=train acc=0.57578125 loss=23.4349502325058 epoch=9 and step=20
2026-04-23 18:17:44,405 - SplitNNClient - INFO - 15064 - phase=train acc=0.66640625 loss=26.954079389572144 epoch=9 and step=30
2026-04-23 18:17:44,470 - SplitNNClient - INFO - 24992 - phase=train acc=0.5911458333333334 loss=28.53067857027054 epoch=9 and step=30
2026-04-23 18:17:44,516 - SplitNNClient - INFO - 26140 - phase=train acc=0.6294270833333333 loss=30.41868358850479 epoch=9 and step=30
2026-04-23 18:17:44,580 - SplitNNClient - INFO - 25280 - phase=train acc=0.7934895833333333 loss=20.246710747480392 epoch=9 and step=30
2026-04-23 18:17:44,652 - SplitNNClient - INFO - 20924 - phase=train acc=0.6067708333333334 loss=32.04611772298813 epoch=9 and step=30
2026-04-23 18:17:47,311 - SplitNNClient - INFO - 15064 - phase=train acc=0.6826171875 loss=34.194075644016266 epoch=9 and step=40
2026-04-23 18:17:47,350 - SplitNNClient - INFO - 26140 - phase=train acc=0.6337890625 loss=39.69535291194916 epoch=9 and step=40
2026-04-23 18:17:47,419 - SplitNNClient - INFO - 24992 - phase=train acc=0.5921875 loss=37.32376712560654 epoch=9 and step=40
2026-04-23 18:17:47,460 - SplitNNClient - INFO - 20924 - phase=train acc=0.6220703125 loss=40.7504278421402 epoch=9 and step=40
2026-04-23 18:17:50,012 - SplitNNClient - INFO - 26140 - phase=train acc=0.64015625 loss=48.555860698223114 epoch=9 and step=50
2026-04-23 18:17:50,079 - SplitNNClient - INFO - 15064 - phase=train acc=0.68625 loss=42.14476007223129 epoch=9 and step=50
2026-04-23 18:17:50,148 - SplitNNClient - INFO - 24992 - phase=train acc=0.5925 loss=46.199547469615936 epoch=9 and step=50
2026-04-23 18:17:50,216 - SplitNNClient - INFO - 20924 - phase=train acc=0.63375 loss=49.00768858194351 epoch=9 and step=50
2026-04-23 18:17:52,761 - SplitNNClient - INFO - 26140 - phase=train acc=0.64296875 loss=57.41658854484558 epoch=9 and step=60
2026-04-23 18:17:52,873 - SplitNNClient - INFO - 15064 - phase=train acc=0.6923177083333333 loss=49.72519063949585 epoch=9 and step=60
2026-04-23 18:17:52,970 - SplitNNClient - INFO - 24992 - phase=train acc=0.5932291666666667 loss=54.871724128723145 epoch=9 and step=60
2026-04-23 18:17:55,127 - SplitNNClient - INFO - 26140 - phase=train acc=0.6473214285714286 loss=65.64214265346527 epoch=9 and step=70
2026-04-23 18:17:55,166 - SplitNNClient - INFO - 15064 - phase=train acc=0.6964285714285714 loss=57.16649752855301 epoch=9 and step=70
2026-04-23 18:17:55,230 - SplitNNClient - INFO - 24992 - phase=train acc=0.5965401785714286 loss=63.49803584814072 epoch=9 and step=70
2026-04-23 18:17:57,411 - SplitNNClient - INFO - 26140 - phase=train acc=0.65263671875 loss=73.91569447517395 epoch=9 and step=80
2026-04-23 18:17:57,482 - SplitNNClient - INFO - 24992 - phase=train acc=0.5986328125 loss=72.24794065952301 epoch=9 and step=80
2026-04-23 18:17:57,550 - SplitNNClient - INFO - 15064 - phase=train acc=0.69912109375 loss=64.33368337154388 epoch=9 and step=80
2026-04-23 18:17:59,452 - SplitNNClient - INFO - 24992 - phase=train acc=0.6025173611111111 loss=80.73240166902542 epoch=9 and step=90
2026-04-23 18:18:01,056 - SplitNNClient - INFO - 24992 - phase=train acc=0.60578125 loss=89.37399935722351 epoch=9 and step=100
2026-04-23 18:18:02,599 - SplitNNClient - INFO - 24992 - phase=train acc=0.6046164772727273 loss=98.14687198400497 epoch=9 and step=110
2026-04-23 18:18:04,147 - SplitNNClient - INFO - 24992 - phase=train acc=0.6087890625 loss=106.24173974990845 epoch=9 and step=120
2026-04-23 18:18:05,688 - SplitNNClient - INFO - 24992 - phase=train acc=0.6111778846153846 loss=114.44346278905869 epoch=9 and step=130
2026-04-23 18:18:05,733 - FedServerManager - INFO - 22168 - get all model params ---- from rank fed_server
2026-04-23 18:18:19,233 - SplitNNClient - INFO - 20924 - phase=validation acc=0.3942 loss=133.19199073314667 epoch=9 and step=79
2026-04-23 18:18:19,342 - SplitNNClient - INFO - 15064 - phase=validation acc=0.3942 loss=133.19199073314667 epoch=9 and step=79
2026-04-23 18:18:19,410 - SplitNNClient - INFO - 25280 - phase=validation acc=0.3942 loss=133.19199073314667 epoch=9 and step=79
2026-04-23 18:18:19,886 - SplitNNClient - INFO - 26140 - phase=validation acc=0.3942 loss=133.19199073314667 epoch=9 and step=79
2026-04-23 18:18:19,907 - SplitNNClient - INFO - 24992 - phase=validation acc=0.3942 loss=133.19199073314667 epoch=9 and step=79
2026-04-23 18:18:22,870 - SplitNNClient - INFO - 25280 - phase=train acc=0.7171875 loss=9.318963438272476 epoch=10 and step=10
2026-04-23 18:18:22,938 - SplitNNClient - INFO - 20924 - phase=train acc=0.49296875 loss=14.156918227672577 epoch=10 and step=10
2026-04-23 18:18:22,985 - SplitNNClient - INFO - 26140 - phase=train acc=0.62890625 loss=10.781521260738373 epoch=10 and step=10
2026-04-23 18:18:23,043 - SplitNNClient - INFO - 15064 - phase=train acc=0.62578125 loss=10.333409428596497 epoch=10 and step=10
2026-04-23 18:18:23,113 - SplitNNClient - INFO - 24992 - phase=train acc=0.6125 loss=9.481437742710114 epoch=10 and step=10
2026-04-23 18:18:25,975 - SplitNNClient - INFO - 25280 - phase=train acc=0.773046875 loss=14.89495125412941 epoch=10 and step=20
2026-04-23 18:18:26,042 - SplitNNClient - INFO - 20924 - phase=train acc=0.57578125 loss=23.842070162296295 epoch=10 and step=20
2026-04-23 18:18:26,090 - SplitNNClient - INFO - 26140 - phase=train acc=0.637109375 loss=20.10174936056137 epoch=10 and step=20
2026-04-23 18:18:26,158 - SplitNNClient - INFO - 15064 - phase=train acc=0.65703125 loss=18.663036465644836 epoch=10 and step=20
2026-04-23 18:18:26,204 - SplitNNClient - INFO - 24992 - phase=train acc=0.603515625 loss=18.485389292240143 epoch=10 and step=20
2026-04-23 18:18:29,013 - SplitNNClient - INFO - 25280 - phase=train acc=0.79375 loss=20.373600512742996 epoch=10 and step=30
2026-04-23 18:18:29,087 - SplitNNClient - INFO - 20924 - phase=train acc=0.6171875 loss=32.21655571460724 epoch=10 and step=30
2026-04-23 18:18:29,151 - SplitNNClient - INFO - 26140 - phase=train acc=0.6497395833333334 loss=28.61877006292343 epoch=10 and step=30
2026-04-23 18:18:29,215 - SplitNNClient - INFO - 15064 - phase=train acc=0.6770833333333334 loss=26.317212343215942 epoch=10 and step=30
2026-04-23 18:18:29,281 - SplitNNClient - INFO - 24992 - phase=train acc=0.6049479166666667 loss=27.41401380300522 epoch=10 and step=30
2026-04-23 18:18:31,891 - SplitNNClient - INFO - 20924 - phase=train acc=0.630078125 loss=40.617056131362915 epoch=10 and step=40
2026-04-23 18:18:31,956 - SplitNNClient - INFO - 26140 - phase=train acc=0.6509765625 loss=37.84159988164902 epoch=10 and step=40
2026-04-23 18:18:32,002 - SplitNNClient - INFO - 15064 - phase=train acc=0.683203125 loss=34.20757734775543 epoch=10 and step=40
2026-04-23 18:18:32,069 - SplitNNClient - INFO - 24992 - phase=train acc=0.60546875 loss=36.303955256938934 epoch=10 and step=40
2026-04-23 18:18:34,551 - SplitNNClient - INFO - 26140 - phase=train acc=0.65265625 loss=46.65366876125336 epoch=10 and step=50
2026-04-23 18:18:34,619 - SplitNNClient - INFO - 20924 - phase=train acc=0.638125 loss=48.93987262248993 epoch=10 and step=50
2026-04-23 18:18:34,661 - SplitNNClient - INFO - 15064 - phase=train acc=0.688125 loss=41.902859926223755 epoch=10 and step=50
2026-04-23 18:18:34,722 - SplitNNClient - INFO - 24992 - phase=train acc=0.61140625 loss=44.623477935791016 epoch=10 and step=50
2026-04-23 18:18:37,144 - SplitNNClient - INFO - 26140 - phase=train acc=0.657421875 loss=55.10722088813782 epoch=10 and step=60
2026-04-23 18:18:37,247 - SplitNNClient - INFO - 15064 - phase=train acc=0.6958333333333333 loss=48.77826935052872 epoch=10 and step=60
2026-04-23 18:18:37,309 - SplitNNClient - INFO - 24992 - phase=train acc=0.6157552083333333 loss=52.77640837430954 epoch=10 and step=60
2026-04-23 18:18:39,451 - SplitNNClient - INFO - 26140 - phase=train acc=0.6640625 loss=63.161903500556946 epoch=10 and step=70
2026-04-23 18:18:39,518 - SplitNNClient - INFO - 15064 - phase=train acc=0.7035714285714286 loss=55.66712689399719 epoch=10 and step=70
2026-04-23 18:18:39,616 - SplitNNClient - INFO - 24992 - phase=train acc=0.6189732142857143 loss=61.119202852249146 epoch=10 and step=70
2026-04-23 18:18:41,944 - SplitNNClient - INFO - 26140 - phase=train acc=0.66630859375 loss=71.53062129020691 epoch=10 and step=80
2026-04-23 18:18:42,046 - SplitNNClient - INFO - 15064 - phase=train acc=0.7080078125 loss=62.81578767299652 epoch=10 and step=80
2026-04-23 18:18:42,144 - SplitNNClient - INFO - 24992 - phase=train acc=0.6205078125 loss=69.69009470939636 epoch=10 and step=80
2026-04-23 18:18:44,002 - SplitNNClient - INFO - 24992 - phase=train acc=0.6223090277777777 loss=77.91863864660263 epoch=10 and step=90
2026-04-23 18:18:45,553 - SplitNNClient - INFO - 24992 - phase=train acc=0.622265625 loss=86.61822271347046 epoch=10 and step=100
2026-04-23 18:18:47,095 - SplitNNClient - INFO - 24992 - phase=train acc=0.6248579545454546 loss=94.76425445079803 epoch=10 and step=110
2026-04-23 18:18:48,639 - SplitNNClient - INFO - 24992 - phase=train acc=0.6271484375 loss=102.751748919487 epoch=10 and step=120
2026-04-23 18:18:50,185 - SplitNNClient - INFO - 24992 - phase=train acc=0.630048076923077 loss=110.39777052402496 epoch=10 and step=130
2026-04-23 18:18:50,242 - FedServerManager - INFO - 22168 - get all model params ---- from rank fed_server
2026-04-23 18:19:03,652 - SplitNNClient - INFO - 25280 - phase=validation acc=0.4084 loss=131.55677914619446 epoch=10 and step=79
2026-04-23 18:19:03,682 - SplitNNClient - INFO - 20924 - phase=validation acc=0.4084 loss=131.55677914619446 epoch=10 and step=79
2026-04-23 18:19:03,710 - SplitNNClient - INFO - 15064 - phase=validation acc=0.4084 loss=131.55677914619446 epoch=10 and step=79
2026-04-23 18:19:04,432 - SplitNNClient - INFO - 26140 - phase=validation acc=0.4084 loss=131.55677914619446 epoch=10 and step=79
2026-04-23 18:19:04,550 - SplitNNClient - INFO - 24992 - phase=validation acc=0.4084 loss=131.55677914619446 epoch=10 and step=79
2026-04-23 18:19:07,622 - SplitNNClient - INFO - 20924 - phase=train acc=0.45703125 loss=14.371600031852722 epoch=11 and step=10
2026-04-23 18:19:07,695 - SplitNNClient - INFO - 24992 - phase=train acc=0.59765625 loss=10.002112686634064 epoch=11 and step=10
2026-04-23 18:19:07,767 - SplitNNClient - INFO - 15064 - phase=train acc=0.678125 loss=9.2244793176651 epoch=11 and step=10
2026-04-23 18:19:07,831 - SplitNNClient - INFO - 25280 - phase=train acc=0.72421875 loss=9.584848880767822 epoch=11 and step=10
2026-04-23 18:19:07,902 - SplitNNClient - INFO - 26140 - phase=train acc=0.640625 loss=10.325792849063873 epoch=11 and step=10
2026-04-23 18:19:10,819 - SplitNNClient - INFO - 20924 - phase=train acc=0.564453125 loss=23.59917688369751 epoch=11 and step=20
2026-04-23 18:19:10,883 - SplitNNClient - INFO - 15064 - phase=train acc=0.68515625 loss=17.582680344581604 epoch=11 and step=20
2026-04-23 18:19:10,951 - SplitNNClient - INFO - 24992 - phase=train acc=0.617578125 loss=18.57509171962738 epoch=11 and step=20
2026-04-23 18:19:10,989 - SplitNNClient - INFO - 25280 - phase=train acc=0.787890625 loss=14.443966031074524 epoch=11 and step=20
2026-04-23 18:19:11,056 - SplitNNClient - INFO - 26140 - phase=train acc=0.666796875 loss=18.894955217838287 epoch=11 and step=20
2026-04-23 18:19:14,012 - SplitNNClient - INFO - 20924 - phase=train acc=0.6020833333333333 loss=31.987870037555695 epoch=11 and step=30
2026-04-23 18:19:14,045 - SplitNNClient - INFO - 25280 - phase=train acc=0.8075520833333333 loss=18.9972762465477 epoch=11 and step=30
2026-04-23 18:19:14,115 - SplitNNClient - INFO - 15064 - phase=train acc=0.6942708333333333 loss=25.061912536621094 epoch=11 and step=30
2026-04-23 18:19:14,188 - SplitNNClient - INFO - 24992 - phase=train acc=0.6294270833333333 loss=27.02337795495987 epoch=11 and step=30
2026-04-23 18:19:14,258 - SplitNNClient - INFO - 26140 - phase=train acc=0.6677083333333333 loss=27.390619695186615 epoch=11 and step=30
2026-04-23 18:19:16,826 - SplitNNClient - INFO - 20924 - phase=train acc=0.624609375 loss=40.01375609636307 epoch=11 and step=40
2026-04-23 18:19:16,890 - SplitNNClient - INFO - 15064 - phase=train acc=0.7015625 loss=32.09830415248871 epoch=11 and step=40
2026-04-23 18:19:16,936 - SplitNNClient - INFO - 24992 - phase=train acc=0.63046875 loss=35.352844417095184 epoch=11 and step=40
2026-04-23 18:19:17,005 - SplitNNClient - INFO - 26140 - phase=train acc=0.6732421875 loss=35.483822286129 epoch=11 and step=40
2026-04-23 18:19:19,491 - SplitNNClient - INFO - 20924 - phase=train acc=0.6378125 loss=48.07560968399048 epoch=11 and step=50
2026-04-23 18:19:19,533 - SplitNNClient - INFO - 15064 - phase=train acc=0.71 loss=39.18790453672409 epoch=11 and step=50
2026-04-23 18:19:19,604 - SplitNNClient - INFO - 26140 - phase=train acc=0.6771875 loss=43.958986937999725 epoch=11 and step=50
2026-04-23 18:19:19,671 - SplitNNClient - INFO - 24992 - phase=train acc=0.63265625 loss=43.473684191703796 epoch=11 and step=50
2026-04-23 18:19:22,192 - SplitNNClient - INFO - 15064 - phase=train acc=0.71328125 loss=46.68183958530426 epoch=11 and step=60
2026-04-23 18:19:22,256 - SplitNNClient - INFO - 26140 - phase=train acc=0.6768229166666667 loss=52.53504478931427 epoch=11 and step=60
2026-04-23 18:19:22,320 - SplitNNClient - INFO - 24992 - phase=train acc=0.6350260416666667 loss=51.739264249801636 epoch=11 and step=60
2026-04-23 18:19:24,443 - SplitNNClient - INFO - 15064 - phase=train acc=0.7155133928571429 loss=53.92380750179291 epoch=11 and step=70
2026-04-23 18:19:24,546 - SplitNNClient - INFO - 26140 - phase=train acc=0.6797991071428572 loss=60.64205998182297 epoch=11 and step=70
2026-04-23 18:19:24,646 - SplitNNClient - INFO - 24992 - phase=train acc=0.6397321428571429 loss=59.602714478969574 epoch=11 and step=70
2026-04-23 18:19:26,732 - SplitNNClient - INFO - 15064 - phase=train acc=0.716796875 loss=61.020580649375916 epoch=11 and step=80
2026-04-23 18:19:26,833 - SplitNNClient - INFO - 26140 - phase=train acc=0.681640625 loss=68.77548450231552 epoch=11 and step=80
2026-04-23 18:19:26,898 - SplitNNClient - INFO - 24992 - phase=train acc=0.6419921875 loss=67.40540283918381 epoch=11 and step=80
2026-04-23 18:19:28,691 - SplitNNClient - INFO - 24992 - phase=train acc=0.64453125 loss=75.5839546918869 epoch=11 and step=90
2026-04-23 18:19:30,238 - SplitNNClient - INFO - 24992 - phase=train acc=0.643671875 loss=83.9211294054985 epoch=11 and step=100
2026-04-23 18:19:31,784 - SplitNNClient - INFO - 24992 - phase=train acc=0.6442471590909091 loss=91.99593728780746 epoch=11 and step=110
2026-04-23 18:19:33,328 - SplitNNClient - INFO - 24992 - phase=train acc=0.6436848958333333 loss=100.0472759604454 epoch=11 and step=120
2026-04-23 18:19:34,870 - SplitNNClient - INFO - 24992 - phase=train acc=0.6462740384615384 loss=107.71314024925232 epoch=11 and step=130
2026-04-23 18:19:34,926 - FedServerManager - INFO - 22168 - get all model params ---- from rank fed_server
2026-04-23 18:19:47,936 - SplitNNClient - INFO - 25280 - phase=validation acc=0.4456 loss=126.29254472255707 epoch=11 and step=79
2026-04-23 18:19:48,202 - SplitNNClient - INFO - 20924 - phase=validation acc=0.4456 loss=126.29254472255707 epoch=11 and step=79
2026-04-23 18:19:48,205 - SplitNNClient - INFO - 15064 - phase=validation acc=0.4456 loss=126.29254472255707 epoch=11 and step=79
2026-04-23 18:19:48,264 - SplitNNClient - INFO - 26140 - phase=validation acc=0.4456 loss=126.29254472255707 epoch=11 and step=79
2026-04-23 18:19:48,317 - SplitNNClient - INFO - 24992 - phase=validation acc=0.4456 loss=126.29254472255707 epoch=11 and step=79
2026-04-23 18:19:51,479 - SplitNNClient - INFO - 15064 - phase=train acc=0.6953125 loss=8.933860540390015 epoch=12 and step=10
2026-04-23 18:19:51,540 - SplitNNClient - INFO - 25280 - phase=train acc=0.73828125 loss=9.013807952404022 epoch=12 and step=10
2026-04-23 18:19:51,609 - SplitNNClient - INFO - 20924 - phase=train acc=0.475 loss=13.704414784908295 epoch=12 and step=10
2026-04-23 18:19:51,650 - SplitNNClient - INFO - 24992 - phase=train acc=0.63359375 loss=8.943488776683807 epoch=12 and step=10
2026-04-23 18:19:51,716 - SplitNNClient - INFO - 26140 - phase=train acc=0.65234375 loss=9.939992547035217 epoch=12 and step=10
2026-04-23 18:19:54,561 - SplitNNClient - INFO - 15064 - phase=train acc=0.71953125 loss=16.034039080142975 epoch=12 and step=20
2026-04-23 18:19:54,632 - SplitNNClient - INFO - 25280 - phase=train acc=0.789453125 loss=14.27269160747528 epoch=12 and step=20
2026-04-23 18:19:54,677 - SplitNNClient - INFO - 20924 - phase=train acc=0.58828125 loss=21.826980412006378 epoch=12 and step=20
2026-04-23 18:19:54,744 - SplitNNClient - INFO - 24992 - phase=train acc=0.644921875 loss=16.50602149963379 epoch=12 and step=20
2026-04-23 18:19:54,790 - SplitNNClient - INFO - 26140 - phase=train acc=0.66328125 loss=18.68397158384323 epoch=12 and step=20
2026-04-23 18:19:57,670 - SplitNNClient - INFO - 15064 - phase=train acc=0.7268229166666667 loss=23.398772656917572 epoch=12 and step=30
2026-04-23 18:19:57,711 - SplitNNClient - INFO - 25280 - phase=train acc=0.8114583333333333 loss=18.79961931705475 epoch=12 and step=30
2026-04-23 18:19:57,777 - SplitNNClient - INFO - 20924 - phase=train acc=0.6276041666666666 loss=29.69113451242447 epoch=12 and step=30
2026-04-23 18:19:57,849 - SplitNNClient - INFO - 24992 - phase=train acc=0.6427083333333333 loss=24.893165290355682 epoch=12 and step=30
2026-04-23 18:19:57,893 - SplitNNClient - INFO - 26140 - phase=train acc=0.6760416666666667 loss=26.62378966808319 epoch=12 and step=30
2026-04-23 18:20:00,473 - SplitNNClient - INFO - 15064 - phase=train acc=0.7265625 loss=30.901991188526154 epoch=12 and step=40
2026-04-23 18:20:00,517 - SplitNNClient - INFO - 20924 - phase=train acc=0.6490234375 loss=37.67855608463287 epoch=12 and step=40
2026-04-23 18:20:00,584 - SplitNNClient - INFO - 24992 - phase=train acc=0.6427734375 loss=33.04117423295975 epoch=12 and step=40
2026-04-23 18:20:00,646 - SplitNNClient - INFO - 26140 - phase=train acc=0.678515625 loss=34.823716163635254 epoch=12 and step=40
2026-04-23 18:20:03,081 - SplitNNClient - INFO - 15064 - phase=train acc=0.73265625 loss=37.2944610118866 epoch=12 and step=50
2026-04-23 18:20:03,182 - SplitNNClient - INFO - 20924 - phase=train acc=0.660625 loss=45.39314568042755 epoch=12 and step=50
2026-04-23 18:20:03,222 - SplitNNClient - INFO - 24992 - phase=train acc=0.64140625 loss=40.864245653152466 epoch=12 and step=50
2026-04-23 18:20:03,292 - SplitNNClient - INFO - 26140 - phase=train acc=0.67921875 loss=42.9887016415596 epoch=12 and step=50
2026-04-23 18:20:05,714 - SplitNNClient - INFO - 15064 - phase=train acc=0.7356770833333334 loss=43.90995627641678 epoch=12 and step=60
2026-04-23 18:20:05,840 - SplitNNClient - INFO - 24992 - phase=train acc=0.6451822916666666 loss=48.96342200040817 epoch=12 and step=60
2026-04-23 18:20:05,912 - SplitNNClient - INFO - 26140 - phase=train acc=0.6833333333333333 loss=51.0050203204155 epoch=12 and step=60
2026-04-23 18:20:08,014 - SplitNNClient - INFO - 15064 - phase=train acc=0.7368303571428572 loss=50.73205065727234 epoch=12 and step=70
2026-04-23 18:20:08,077 - SplitNNClient - INFO - 24992 - phase=train acc=0.6438616071428571 loss=57.11171746253967 epoch=12 and step=70
2026-04-23 18:20:08,147 - SplitNNClient - INFO - 26140 - phase=train acc=0.6825892857142857 loss=59.37905830144882 epoch=12 and step=70
2026-04-23 18:20:10,401 - SplitNNClient - INFO - 24992 - phase=train acc=0.64365234375 loss=64.9404788017273 epoch=12 and step=80
2026-04-23 18:20:10,466 - SplitNNClient - INFO - 15064 - phase=train acc=0.73486328125 loss=57.98961889743805 epoch=12 and step=80
2026-04-23 18:20:10,532 - SplitNNClient - INFO - 26140 - phase=train acc=0.68388671875 loss=67.47607630491257 epoch=12 and step=80
2026-04-23 18:20:12,263 - SplitNNClient - INFO - 24992 - phase=train acc=0.6400173611111111 loss=73.58568495512009 epoch=12 and step=90
2026-04-23 18:20:13,814 - SplitNNClient - INFO - 24992 - phase=train acc=0.642734375 loss=81.43429291248322 epoch=12 and step=100
2026-04-23 18:20:15,386 - SplitNNClient - INFO - 24992 - phase=train acc=0.6446732954545454 loss=89.20406872034073 epoch=12 and step=110
2026-04-23 18:20:16,930 - SplitNNClient - INFO - 24992 - phase=train acc=0.6467447916666667 loss=97.3383337855339 epoch=12 and step=120
2026-04-23 18:20:18,475 - SplitNNClient - INFO - 24992 - phase=train acc=0.6502403846153846 loss=104.73294520378113 epoch=12 and step=130
2026-04-23 18:20:18,520 - FedServerManager - INFO - 22168 - get all model params ---- from rank fed_server
2026-04-23 18:20:31,673 - SplitNNClient - INFO - 25280 - phase=validation acc=0.4431 loss=125.92545557022095 epoch=12 and step=79
2026-04-23 18:20:31,782 - SplitNNClient - INFO - 15064 - phase=validation acc=0.4431 loss=125.92545557022095 epoch=12 and step=79
2026-04-23 18:20:31,788 - SplitNNClient - INFO - 20924 - phase=validation acc=0.4431 loss=125.92545557022095 epoch=12 and step=79
2026-04-23 18:20:32,246 - SplitNNClient - INFO - 26140 - phase=validation acc=0.4431 loss=125.92545557022095 epoch=12 and step=79
2026-04-23 18:20:32,531 - SplitNNClient - INFO - 24992 - phase=validation acc=0.4431 loss=125.92545557022095 epoch=12 and step=79
2026-04-23 18:20:35,536 - SplitNNClient - INFO - 24992 - phase=train acc=0.65625 loss=8.606647849082947 epoch=13 and step=10
2026-04-23 18:20:35,607 - SplitNNClient - INFO - 26140 - phase=train acc=0.63828125 loss=10.098751842975616 epoch=13 and step=10
2026-04-23 18:20:35,672 - SplitNNClient - INFO - 25280 - phase=train acc=0.75390625 loss=8.751930266618729 epoch=13 and step=10
2026-04-23 18:20:35,739 - SplitNNClient - INFO - 20924 - phase=train acc=0.44609375 loss=14.71575939655304 epoch=13 and step=10
2026-04-23 18:20:35,784 - SplitNNClient - INFO - 15064 - phase=train acc=0.6890625 loss=8.956276595592499 epoch=13 and step=10
2026-04-23 18:20:38,707 - SplitNNClient - INFO - 24992 - phase=train acc=0.65703125 loss=16.52348244190216 epoch=13 and step=20
2026-04-23 18:20:38,750 - SplitNNClient - INFO - 26140 - phase=train acc=0.662890625 loss=18.640130758285522 epoch=13 and step=20
2026-04-23 18:20:38,810 - SplitNNClient - INFO - 25280 - phase=train acc=0.80546875 loss=13.340847313404083 epoch=13 and step=20
2026-04-23 18:20:38,874 - SplitNNClient - INFO - 15064 - phase=train acc=0.706640625 loss=15.982382595539093 epoch=13 and step=20
2026-04-23 18:20:38,939 - SplitNNClient - INFO - 20924 - phase=train acc=0.56328125 loss=23.482974469661713 epoch=13 and step=20
2026-04-23 18:20:41,970 - SplitNNClient - INFO - 24992 - phase=train acc=0.6588541666666666 loss=24.282812476158142 epoch=13 and step=30
2026-04-23 18:20:42,043 - SplitNNClient - INFO - 26140 - phase=train acc=0.67578125 loss=26.707275211811066 epoch=13 and step=30
2026-04-23 18:20:42,115 - SplitNNClient - INFO - 25280 - phase=train acc=0.8213541666666667 loss=17.9585879445076 epoch=13 and step=30
2026-04-23 18:20:42,189 - SplitNNClient - INFO - 15064 - phase=train acc=0.7130208333333333 loss=23.446724712848663 epoch=13 and step=30
2026-04-23 18:20:42,232 - SplitNNClient - INFO - 20924 - phase=train acc=0.6067708333333334 loss=31.59149432182312 epoch=13 and step=30
2026-04-23 18:20:44,919 - SplitNNClient - INFO - 26140 - phase=train acc=0.682421875 loss=34.3482169508934 epoch=13 and step=40
2026-04-23 18:20:44,991 - SplitNNClient - INFO - 15064 - phase=train acc=0.718359375 loss=30.566692888736725 epoch=13 and step=40
2026-04-23 18:20:45,055 - SplitNNClient - INFO - 24992 - phase=train acc=0.66171875 loss=32.06764513254166 epoch=13 and step=40
2026-04-23 18:20:45,129 - SplitNNClient - INFO - 20924 - phase=train acc=0.6294921875 loss=39.3700932264328 epoch=13 and step=40
2026-04-23 18:20:47,610 - SplitNNClient - INFO - 26140 - phase=train acc=0.6865625 loss=42.0244699716568 epoch=13 and step=50
2026-04-23 18:20:47,829 - SplitNNClient - INFO - 15064 - phase=train acc=0.72453125 loss=37.63912111520767 epoch=13 and step=50
2026-04-23 18:20:47,870 - SplitNNClient - INFO - 24992 - phase=train acc=0.6621875 loss=40.00812715291977 epoch=13 and step=50
2026-04-23 18:20:48,009 - SplitNNClient - INFO - 20924 - phase=train acc=0.64578125 loss=46.58828413486481 epoch=13 and step=50
2026-04-23 18:20:50,228 - SplitNNClient - INFO - 26140 - phase=train acc=0.6904947916666667 loss=49.58771866559982 epoch=13 and step=60
2026-04-23 18:20:50,461 - SplitNNClient - INFO - 15064 - phase=train acc=0.7296875 loss=43.912385404109955 epoch=13 and step=60
2026-04-23 18:20:50,569 - SplitNNClient - INFO - 24992 - phase=train acc=0.6615885416666667 loss=47.967824816703796 epoch=13 and step=60
2026-04-23 18:20:52,588 - SplitNNClient - INFO - 26140 - phase=train acc=0.6947544642857143 loss=57.295935213565826 epoch=13 and step=70
2026-04-23 18:20:52,656 - SplitNNClient - INFO - 15064 - phase=train acc=0.7324776785714285 loss=50.48157036304474 epoch=13 and step=70
2026-04-23 18:20:52,990 - SplitNNClient - INFO - 24992 - phase=train acc=0.6616071428571428 loss=55.88977599143982 epoch=13 and step=70
2026-04-23 18:20:54,892 - SplitNNClient - INFO - 26140 - phase=train acc=0.69580078125 loss=64.94771981239319 epoch=13 and step=80
2026-04-23 18:20:54,962 - SplitNNClient - INFO - 15064 - phase=train acc=0.733203125 loss=57.44442421197891 epoch=13 and step=80
2026-04-23 18:20:55,285 - SplitNNClient - INFO - 24992 - phase=train acc=0.662109375 loss=63.5365469455719 epoch=13 and step=80
2026-04-23 18:20:57,097 - SplitNNClient - INFO - 24992 - phase=train acc=0.6624131944444445 loss=71.50581705570221 epoch=13 and step=90
2026-04-23 18:20:58,640 - SplitNNClient - INFO - 24992 - phase=train acc=0.6625 loss=79.55514830350876 epoch=13 and step=100
2026-04-23 18:21:00,178 - SplitNNClient - INFO - 24992 - phase=train acc=0.6624289772727273 loss=87.10853707790375 epoch=13 and step=110
2026-04-23 18:21:01,721 - SplitNNClient - INFO - 24992 - phase=train acc=0.6620442708333333 loss=94.9898271560669 epoch=13 and step=120
2026-04-23 18:21:03,296 - SplitNNClient - INFO - 24992 - phase=train acc=0.6622596153846154 loss=102.85830467939377 epoch=13 and step=130
2026-04-23 18:21:03,348 - FedServerManager - INFO - 22168 - get all model params ---- from rank fed_server
2026-04-23 18:21:15,843 - SplitNNClient - INFO - 25280 - phase=validation acc=0.4582 loss=123.18545281887054 epoch=13 and step=79
2026-04-23 18:21:16,068 - SplitNNClient - INFO - 15064 - phase=validation acc=0.4582 loss=123.18545281887054 epoch=13 and step=79
2026-04-23 18:21:16,091 - SplitNNClient - INFO - 24992 - phase=validation acc=0.4582 loss=123.18545281887054 epoch=13 and step=79
2026-04-23 18:21:16,210 - SplitNNClient - INFO - 20924 - phase=validation acc=0.4582 loss=123.18545281887054 epoch=13 and step=79
2026-04-23 18:21:16,314 - SplitNNClient - INFO - 26140 - phase=validation acc=0.4582 loss=123.18545281887054 epoch=13 and step=79
2026-04-23 18:21:19,297 - SplitNNClient - INFO - 15064 - phase=train acc=0.68125 loss=9.291350364685059 epoch=14 and step=10
2026-04-23 18:21:19,363 - SplitNNClient - INFO - 26140 - phase=train acc=0.6453125 loss=10.132700324058533 epoch=14 and step=10
2026-04-23 18:21:19,436 - SplitNNClient - INFO - 25280 - phase=train acc=0.73828125 loss=8.838284939527512 epoch=14 and step=10
2026-04-23 18:21:19,508 - SplitNNClient - INFO - 20924 - phase=train acc=0.46640625 loss=14.277749598026276 epoch=14 and step=10
2026-04-23 18:21:19,549 - SplitNNClient - INFO - 24992 - phase=train acc=0.64453125 loss=8.642826676368713 epoch=14 and step=10
2026-04-23 18:21:22,428 - SplitNNClient - INFO - 15064 - phase=train acc=0.71953125 loss=15.56803971529007 epoch=14 and step=20
2026-04-23 18:21:22,496 - SplitNNClient - INFO - 26140 - phase=train acc=0.68203125 loss=17.519147396087646 epoch=14 and step=20
2026-04-23 18:21:22,568 - SplitNNClient - INFO - 25280 - phase=train acc=0.789453125 loss=13.783174991607666 epoch=14 and step=20
2026-04-23 18:21:22,607 - SplitNNClient - INFO - 20924 - phase=train acc=0.580859375 loss=22.72994774580002 epoch=14 and step=20
2026-04-23 18:21:22,678 - SplitNNClient - INFO - 24992 - phase=train acc=0.658203125 loss=16.23766976594925 epoch=14 and step=20
2026-04-23 18:21:25,509 - SplitNNClient - INFO - 15064 - phase=train acc=0.73046875 loss=22.487173676490784 epoch=14 and step=30
2026-04-23 18:21:25,629 - SplitNNClient - INFO - 26140 - phase=train acc=0.6901041666666666 loss=25.398574948310852 epoch=14 and step=30
2026-04-23 18:21:25,815 - SplitNNClient - INFO - 25280 - phase=train acc=0.8122395833333333 loss=18.09325549006462 epoch=14 and step=30
2026-04-23 18:21:25,852 - SplitNNClient - INFO - 20924 - phase=train acc=0.6208333333333333 loss=30.681352496147156 epoch=14 and step=30
2026-04-23 18:21:25,969 - SplitNNClient - INFO - 24992 - phase=train acc=0.6583333333333333 loss=24.139831364154816 epoch=14 and step=30
2026-04-23 18:21:28,418 - SplitNNClient - INFO - 15064 - phase=train acc=0.7326171875 loss=29.450282871723175 epoch=14 and step=40
2026-04-23 18:21:28,487 - SplitNNClient - INFO - 26140 - phase=train acc=0.6962890625 loss=32.87814515829086 epoch=14 and step=40
2026-04-23 18:21:28,655 - SplitNNClient - INFO - 20924 - phase=train acc=0.650390625 loss=37.630773186683655 epoch=14 and step=40
2026-04-23 18:21:28,862 - SplitNNClient - INFO - 24992 - phase=train acc=0.659765625 loss=32.371080815792084 epoch=14 and step=40
2026-04-23 18:21:31,126 - SplitNNClient - INFO - 15064 - phase=train acc=0.73765625 loss=35.70311427116394 epoch=14 and step=50
2026-04-23 18:21:31,167 - SplitNNClient - INFO - 26140 - phase=train acc=0.70140625 loss=40.48053961992264 epoch=14 and step=50
2026-04-23 18:21:31,334 - SplitNNClient - INFO - 20924 - phase=train acc=0.66359375 loss=44.98335826396942 epoch=14 and step=50
2026-04-23 18:21:31,513 - SplitNNClient - INFO - 24992 - phase=train acc=0.65734375 loss=40.55234229564667 epoch=14 and step=50
2026-04-23 18:21:33,781 - SplitNNClient - INFO - 15064 - phase=train acc=0.741796875 loss=42.03209066390991 epoch=14 and step=60
2026-04-23 18:21:33,852 - SplitNNClient - INFO - 26140 - phase=train acc=0.7055989583333333 loss=47.857355296611786 epoch=14 and step=60
2026-04-23 18:21:34,159 - SplitNNClient - INFO - 24992 - phase=train acc=0.6596354166666667 loss=47.95101618766785 epoch=14 and step=60
2026-04-23 18:21:36,035 - SplitNNClient - INFO - 15064 - phase=train acc=0.7441964285714285 loss=48.43945997953415 epoch=14 and step=70
2026-04-23 18:21:36,099 - SplitNNClient - INFO - 26140 - phase=train acc=0.7122767857142858 loss=54.78301411867142 epoch=14 and step=70
2026-04-23 18:21:36,469 - SplitNNClient - INFO - 24992 - phase=train acc=0.6658482142857143 loss=55.22105830907822 epoch=14 and step=70
2026-04-23 18:21:38,291 - SplitNNClient - INFO - 15064 - phase=train acc=0.74541015625 loss=54.956855952739716 epoch=14 and step=80
2026-04-23 18:21:38,426 - SplitNNClient - INFO - 26140 - phase=train acc=0.7146484375 loss=62.35669946670532 epoch=14 and step=80
2026-04-23 18:21:38,821 - SplitNNClient - INFO - 24992 - phase=train acc=0.6673828125 loss=62.59609007835388 epoch=14 and step=80
2026-04-23 18:21:40,568 - SplitNNClient - INFO - 24992 - phase=train acc=0.6676215277777777 loss=70.1557247042656 epoch=14 and step=90
2026-04-23 18:21:42,175 - SplitNNClient - INFO - 24992 - phase=train acc=0.668359375 loss=77.81735557317734 epoch=14 and step=100
2026-04-23 18:21:43,748 - SplitNNClient - INFO - 24992 - phase=train acc=0.670596590909091 loss=85.33590859174728 epoch=14 and step=110
2026-04-23 18:21:45,291 - SplitNNClient - INFO - 24992 - phase=train acc=0.6707682291666667 loss=93.21244364976883 epoch=14 and step=120
2026-04-23 18:21:46,876 - SplitNNClient - INFO - 24992 - phase=train acc=0.6717548076923077 loss=100.54300785064697 epoch=14 and step=130
2026-04-23 18:21:46,928 - FedServerManager - INFO - 22168 - get all model params ---- from rank fed_server
2026-04-23 18:22:00,148 - SplitNNClient - INFO - 20924 - phase=validation acc=0.4665 loss=120.36368918418884 epoch=14 and step=79
2026-04-23 18:22:00,155 - SplitNNClient - INFO - 25280 - phase=validation acc=0.4665 loss=120.36368918418884 epoch=14 and step=79
2026-04-23 18:22:00,173 - SplitNNClient - INFO - 15064 - phase=validation acc=0.4665 loss=120.36368918418884 epoch=14 and step=79
2026-04-23 18:22:00,818 - SplitNNClient - INFO - 26140 - phase=validation acc=0.4665 loss=120.36368918418884 epoch=14 and step=79
2026-04-23 18:22:00,848 - SplitNNClient - INFO - 24992 - phase=validation acc=0.4665 loss=120.36368918418884 epoch=14 and step=79
2026-04-23 18:22:03,706 - SplitNNClient - INFO - 26140 - phase=train acc=0.659375 loss=9.494599342346191 epoch=15 and step=10
2026-04-23 18:22:03,769 - SplitNNClient - INFO - 15064 - phase=train acc=0.73671875 loss=8.183830320835114 epoch=15 and step=10
2026-04-23 18:22:03,811 - SplitNNClient - INFO - 24992 - phase=train acc=0.68359375 loss=8.00786405801773 epoch=15 and step=10
2026-04-23 18:22:03,880 - SplitNNClient - INFO - 25280 - phase=train acc=0.74140625 loss=9.08763936161995 epoch=15 and step=10
2026-04-23 18:22:03,950 - SplitNNClient - INFO - 20924 - phase=train acc=0.496875 loss=13.58248883485794 epoch=15 and step=10
2026-04-23 18:22:06,742 - SplitNNClient - INFO - 26140 - phase=train acc=0.69140625 loss=16.968348741531372 epoch=15 and step=20
2026-04-23 18:22:06,878 - SplitNNClient - INFO - 15064 - phase=train acc=0.737890625 loss=15.558967351913452 epoch=15 and step=20
2026-04-23 18:22:06,947 - SplitNNClient - INFO - 24992 - phase=train acc=0.683984375 loss=15.498406827449799 epoch=15 and step=20
2026-04-23 18:22:06,989 - SplitNNClient - INFO - 25280 - phase=train acc=0.801171875 loss=13.864618182182312 epoch=15 and step=20
2026-04-23 18:22:07,122 - SplitNNClient - INFO - 20924 - phase=train acc=0.59375 loss=22.05969649553299 epoch=15 and step=20
2026-04-23 18:22:09,811 - SplitNNClient - INFO - 26140 - phase=train acc=0.7072916666666667 loss=24.408271312713623 epoch=15 and step=30
2026-04-23 18:22:09,947 - SplitNNClient - INFO - 15064 - phase=train acc=0.7463541666666667 loss=21.916127681732178 epoch=15 and step=30
2026-04-23 18:22:10,012 - SplitNNClient - INFO - 25280 - phase=train acc=0.8203125 loss=18.373356878757477 epoch=15 and step=30
2026-04-23 18:22:10,057 - SplitNNClient - INFO - 24992 - phase=train acc=0.6825520833333333 loss=23.352655947208405 epoch=15 and step=30
2026-04-23 18:22:10,195 - SplitNNClient - INFO - 20924 - phase=train acc=0.63125 loss=29.869756281375885 epoch=15 and step=30
2026-04-23 18:22:12,620 - SplitNNClient - INFO - 26140 - phase=train acc=0.7095703125 loss=31.9060001373291 epoch=15 and step=40
2026-04-23 18:22:12,759 - SplitNNClient - INFO - 15064 - phase=train acc=0.7462890625 loss=28.609773367643356 epoch=15 and step=40
2026-04-23 18:22:12,805 - SplitNNClient - INFO - 24992 - phase=train acc=0.6806640625 loss=30.969300150871277 epoch=15 and step=40
2026-04-23 18:22:12,939 - SplitNNClient - INFO - 20924 - phase=train acc=0.6580078125 loss=37.0962176322937 epoch=15 and step=40
2026-04-23 18:22:15,248 - SplitNNClient - INFO - 26140 - phase=train acc=0.7128125 loss=39.2877836227417 epoch=15 and step=50
2026-04-23 18:22:15,357 - SplitNNClient - INFO - 15064 - phase=train acc=0.74265625 loss=35.50326380133629 epoch=15 and step=50
2026-04-23 18:22:15,426 - SplitNNClient - INFO - 24992 - phase=train acc=0.68390625 loss=38.37216675281525 epoch=15 and step=50
2026-04-23 18:22:15,565 - SplitNNClient - INFO - 20924 - phase=train acc=0.6734375 loss=44.25292640924454 epoch=15 and step=50
2026-04-23 18:22:17,777 - SplitNNClient - INFO - 26140 - phase=train acc=0.7123697916666667 loss=46.61402344703674 epoch=15 and step=60
2026-04-23 18:22:17,958 - SplitNNClient - INFO - 15064 - phase=train acc=0.7481770833333333 loss=41.514120012521744 epoch=15 and step=60
2026-04-23 18:22:18,090 - SplitNNClient - INFO - 24992 - phase=train acc=0.6864583333333333 loss=45.388182163238525 epoch=15 and step=60
2026-04-23 18:22:20,111 - SplitNNClient - INFO - 26140 - phase=train acc=0.7168526785714285 loss=53.57653075456619 epoch=15 and step=70
2026-04-23 18:22:20,239 - SplitNNClient - INFO - 15064 - phase=train acc=0.7522321428571429 loss=47.89449164271355 epoch=15 and step=70
2026-04-23 18:22:20,402 - SplitNNClient - INFO - 24992 - phase=train acc=0.6848214285714286 loss=52.719735503196716 epoch=15 and step=70
2026-04-23 18:22:22,388 - SplitNNClient - INFO - 26140 - phase=train acc=0.72021484375 loss=60.84139537811279 epoch=15 and step=80
2026-04-23 18:22:22,432 - SplitNNClient - INFO - 15064 - phase=train acc=0.75380859375 loss=54.45336291193962 epoch=15 and step=80
2026-04-23 18:22:22,764 - SplitNNClient - INFO - 24992 - phase=train acc=0.6859375 loss=60.06416642665863 epoch=15 and step=80
2026-04-23 18:22:24,737 - SplitNNClient - INFO - 24992 - phase=train acc=0.6862847222222223 loss=67.57362669706345 epoch=15 and step=90
2026-04-23 18:22:26,523 - SplitNNClient - INFO - 24992 - phase=train acc=0.686171875 loss=75.15355151891708 epoch=15 and step=100
2026-04-23 18:22:28,372 - SplitNNClient - INFO - 24992 - phase=train acc=0.6875710227272728 loss=82.25061869621277 epoch=15 and step=110
2026-04-23 18:22:30,079 - SplitNNClient - INFO - 24992 - phase=train acc=0.6891276041666666 loss=88.95762604475021 epoch=15 and step=120
2026-04-23 18:22:31,684 - SplitNNClient - INFO - 24992 - phase=train acc=0.6907451923076923 loss=95.86076337099075 epoch=15 and step=130
2026-04-23 18:22:31,738 - FedServerManager - INFO - 22168 - get all model params ---- from rank fed_server
2026-04-23 18:22:44,379 - SplitNNClient - INFO - 15064 - phase=validation acc=0.4913 loss=115.34782266616821 epoch=15 and step=79
2026-04-23 18:22:44,395 - SplitNNClient - INFO - 25280 - phase=validation acc=0.4913 loss=115.34782266616821 epoch=15 and step=79
2026-04-23 18:22:44,486 - SplitNNClient - INFO - 26140 - phase=validation acc=0.4913 loss=115.34782266616821 epoch=15 and step=79
2026-04-23 18:22:44,591 - SplitNNClient - INFO - 20924 - phase=validation acc=0.4913 loss=115.34782266616821 epoch=15 and step=79
2026-04-23 18:22:44,644 - SplitNNClient - INFO - 24992 - phase=validation acc=0.4913 loss=115.34782266616821 epoch=15 and step=79
2026-04-23 18:22:47,663 - SplitNNClient - INFO - 25280 - phase=train acc=0.76640625 loss=8.233671486377716 epoch=16 and step=10
2026-04-23 18:22:47,707 - SplitNNClient - INFO - 20924 - phase=train acc=0.509375 loss=13.534701764583588 epoch=16 and step=10
2026-04-23 18:22:47,815 - SplitNNClient - INFO - 26140 - phase=train acc=0.665625 loss=9.555888533592224 epoch=16 and step=10
2026-04-23 18:22:47,908 - SplitNNClient - INFO - 15064 - phase=train acc=0.746875 loss=8.029808521270752 epoch=16 and step=10
2026-04-23 18:22:48,091 - SplitNNClient - INFO - 24992 - phase=train acc=0.6890625 loss=7.749239027500153 epoch=16 and step=10
2026-04-23 18:22:50,711 - SplitNNClient - INFO - 25280 - phase=train acc=0.814453125 loss=13.143135100603104 epoch=16 and step=20
2026-04-23 18:22:50,773 - SplitNNClient - INFO - 20924 - phase=train acc=0.61484375 loss=20.95908135175705 epoch=16 and step=20
2026-04-23 18:22:50,873 - SplitNNClient - INFO - 26140 - phase=train acc=0.69765625 loss=16.923918426036835 epoch=16 and step=20
2026-04-23 18:22:50,940 - SplitNNClient - INFO - 15064 - phase=train acc=0.751171875 loss=14.711850464344025 epoch=16 and step=20
2026-04-23 18:22:51,123 - SplitNNClient - INFO - 24992 - phase=train acc=0.6875 loss=15.117879331111908 epoch=16 and step=20
2026-04-23 18:22:53,811 - SplitNNClient - INFO - 25280 - phase=train acc=0.8307291666666666 loss=17.521947383880615 epoch=16 and step=30
2026-04-23 18:22:53,878 - SplitNNClient - INFO - 20924 - phase=train acc=0.64453125 loss=28.609281182289124 epoch=16 and step=30
2026-04-23 18:22:54,008 - SplitNNClient - INFO - 26140 - phase=train acc=0.7104166666666667 loss=24.191465437412262 epoch=16 and step=30
2026-04-23 18:22:54,071 - SplitNNClient - INFO - 15064 - phase=train acc=0.753125 loss=21.047556221485138 epoch=16 and step=30
2026-04-23 18:22:54,252 - SplitNNClient - INFO - 24992 - phase=train acc=0.678125 loss=22.915644347667694 epoch=16 and step=30
2026-04-23 18:22:56,649 - SplitNNClient - INFO - 20924 - phase=train acc=0.6662109375 loss=36.1005243062973 epoch=16 and step=40
2026-04-23 18:22:56,761 - SplitNNClient - INFO - 26140 - phase=train acc=0.723046875 loss=30.79357820749283 epoch=16 and step=40
2026-04-23 18:22:56,829 - SplitNNClient - INFO - 15064 - phase=train acc=0.758203125 loss=27.350329756736755 epoch=16 and step=40
2026-04-23 18:22:56,965 - SplitNNClient - INFO - 24992 - phase=train acc=0.6744140625 loss=30.594412624835968 epoch=16 and step=40
2026-04-23 18:22:59,263 - SplitNNClient - INFO - 20924 - phase=train acc=0.6828125 loss=42.791718512773514 epoch=16 and step=50
2026-04-23 18:22:59,365 - SplitNNClient - INFO - 26140 - phase=train acc=0.7225 loss=37.94969457387924 epoch=16 and step=50
2026-04-23 18:22:59,466 - SplitNNClient - INFO - 15064 - phase=train acc=0.75828125 loss=33.82972586154938 epoch=16 and step=50
2026-04-23 18:22:59,666 - SplitNNClient - INFO - 24992 - phase=train acc=0.67921875 loss=37.892415940761566 epoch=16 and step=50
2026-04-23 18:23:01,926 - SplitNNClient - INFO - 26140 - phase=train acc=0.724609375 loss=44.857440769672394 epoch=16 and step=60
2026-04-23 18:23:02,090 - SplitNNClient - INFO - 15064 - phase=train acc=0.761328125 loss=40.34199219942093 epoch=16 and step=60
2026-04-23 18:23:02,263 - SplitNNClient - INFO - 24992 - phase=train acc=0.6798177083333333 loss=45.444999158382416 epoch=16 and step=60
2026-04-23 18:23:04,253 - SplitNNClient - INFO - 26140 - phase=train acc=0.7268973214285714 loss=51.82962369918823 epoch=16 and step=70
2026-04-23 18:23:04,543 - SplitNNClient - INFO - 15064 - phase=train acc=0.7642857142857142 loss=46.34589159488678 epoch=16 and step=70
2026-04-23 18:23:04,696 - SplitNNClient - INFO - 24992 - phase=train acc=0.6844866071428571 loss=52.72003483772278 epoch=16 and step=70
2026-04-23 18:23:06,551 - SplitNNClient - INFO - 26140 - phase=train acc=0.726953125 loss=58.73426002264023 epoch=16 and step=80
2026-04-23 18:23:06,859 - SplitNNClient - INFO - 15064 - phase=train acc=0.76259765625 loss=53.03372669219971 epoch=16 and step=80
2026-04-23 18:23:06,955 - SplitNNClient - INFO - 24992 - phase=train acc=0.6869140625 loss=59.97878539562225 epoch=16 and step=80
2026-04-23 18:23:08,797 - SplitNNClient - INFO - 24992 - phase=train acc=0.6868055555555556 loss=67.3389002084732 epoch=16 and step=90
2026-04-23 18:23:10,338 - SplitNNClient - INFO - 24992 - phase=train acc=0.68859375 loss=74.43237060308456 epoch=16 and step=100
2026-04-23 18:23:11,885 - SplitNNClient - INFO - 24992 - phase=train acc=0.6927556818181818 loss=80.86197525262833 epoch=16 and step=110
2026-04-23 18:23:13,428 - SplitNNClient - INFO - 24992 - phase=train acc=0.691796875 loss=88.17603003978729 epoch=16 and step=120
2026-04-23 18:23:14,970 - SplitNNClient - INFO - 24992 - phase=train acc=0.69140625 loss=95.53517746925354 epoch=16 and step=130
2026-04-23 18:23:15,025 - FedServerManager - INFO - 22168 - get all model params ---- from rank fed_server
2026-04-23 18:23:27,970 - SplitNNClient - INFO - 15064 - phase=validation acc=0.49 loss=114.65929794311523 epoch=16 and step=79
2026-04-23 18:23:28,052 - SplitNNClient - INFO - 20924 - phase=validation acc=0.49 loss=114.65929794311523 epoch=16 and step=79
2026-04-23 18:23:28,088 - SplitNNClient - INFO - 25280 - phase=validation acc=0.49 loss=114.65929794311523 epoch=16 and step=79
2026-04-23 18:23:28,344 - SplitNNClient - INFO - 26140 - phase=validation acc=0.49 loss=114.65929794311523 epoch=16 and step=79
2026-04-23 18:23:28,359 - SplitNNClient - INFO - 24992 - phase=validation acc=0.49 loss=114.65929794311523 epoch=16 and step=79
2026-04-23 18:23:31,349 - SplitNNClient - INFO - 15064 - phase=train acc=0.7046875 loss=8.375000894069672 epoch=17 and step=10
2026-04-23 18:23:31,418 - SplitNNClient - INFO - 24992 - phase=train acc=0.68828125 loss=7.824842214584351 epoch=17 and step=10
2026-04-23 18:23:31,485 - SplitNNClient - INFO - 26140 - phase=train acc=0.6921875 loss=9.051002025604248 epoch=17 and step=10
2026-04-23 18:23:31,550 - SplitNNClient - INFO - 25280 - phase=train acc=0.7765625 loss=8.203205049037933 epoch=17 and step=10
2026-04-23 18:23:31,591 - SplitNNClient - INFO - 20924 - phase=train acc=0.5328125 loss=13.388898313045502 epoch=17 and step=10
2026-04-23 18:23:34,499 - SplitNNClient - INFO - 15064 - phase=train acc=0.73671875 loss=14.444360792636871 epoch=17 and step=20
2026-04-23 18:23:34,571 - SplitNNClient - INFO - 26140 - phase=train acc=0.726953125 loss=15.921575546264648 epoch=17 and step=20
2026-04-23 18:23:34,615 - SplitNNClient - INFO - 24992 - phase=train acc=0.68515625 loss=15.220127046108246 epoch=17 and step=20
2026-04-23 18:23:34,676 - SplitNNClient - INFO - 25280 - phase=train acc=0.81875 loss=12.738594204187393 epoch=17 and step=20
2026-04-23 18:23:34,748 - SplitNNClient - INFO - 20924 - phase=train acc=0.616015625 loss=21.595839738845825 epoch=17 and step=20
2026-04-23 18:23:37,648 - SplitNNClient - INFO - 15064 - phase=train acc=0.746875 loss=20.777402877807617 epoch=17 and step=30
2026-04-23 18:23:37,749 - SplitNNClient - INFO - 26140 - phase=train acc=0.728125 loss=23.108359813690186 epoch=17 and step=30
2026-04-23 18:23:37,791 - SplitNNClient - INFO - 25280 - phase=train acc=0.834375 loss=16.938132539391518 epoch=17 and step=30
2026-04-23 18:23:37,852 - SplitNNClient - INFO - 24992 - phase=train acc=0.6979166666666666 loss=22.02001255750656 epoch=17 and step=30
2026-04-23 18:23:37,922 - SplitNNClient - INFO - 20924 - phase=train acc=0.6572916666666667 loss=28.756161212921143 epoch=17 and step=30
2026-04-23 18:23:40,583 - SplitNNClient - INFO - 15064 - phase=train acc=0.747265625 loss=27.55862593650818 epoch=17 and step=40
2026-04-23 18:23:40,717 - SplitNNClient - INFO - 26140 - phase=train acc=0.736328125 loss=30.12989217042923 epoch=17 and step=40
2026-04-23 18:23:40,816 - SplitNNClient - INFO - 24992 - phase=train acc=0.6919921875 loss=29.557033479213715 epoch=17 and step=40
2026-04-23 18:23:40,862 - SplitNNClient - INFO - 20924 - phase=train acc=0.6830078125 loss=35.35709893703461 epoch=17 and step=40
2026-04-23 18:23:43,551 - SplitNNClient - INFO - 15064 - phase=train acc=0.75109375 loss=33.68724703788757 epoch=17 and step=50
2026-04-23 18:23:43,693 - SplitNNClient - INFO - 26140 - phase=train acc=0.73796875 loss=37.14654904603958 epoch=17 and step=50
2026-04-23 18:23:43,755 - SplitNNClient - INFO - 20924 - phase=train acc=0.6975 loss=42.05649274587631 epoch=17 and step=50
2026-04-23 18:23:43,888 - SplitNNClient - INFO - 24992 - phase=train acc=0.69078125 loss=36.8160554766655 epoch=17 and step=50
2026-04-23 18:23:46,288 - SplitNNClient - INFO - 15064 - phase=train acc=0.758984375 loss=39.26150596141815 epoch=17 and step=60
2026-04-23 18:23:46,429 - SplitNNClient - INFO - 26140 - phase=train acc=0.7389322916666666 loss=44.21064215898514 epoch=17 and step=60
2026-04-23 18:23:46,599 - SplitNNClient - INFO - 24992 - phase=train acc=0.690625 loss=44.01667696237564 epoch=17 and step=60
2026-04-23 18:23:48,574 - SplitNNClient - INFO - 15064 - phase=train acc=0.7637276785714285 loss=44.87566030025482 epoch=17 and step=70
2026-04-23 18:23:48,640 - SplitNNClient - INFO - 26140 - phase=train acc=0.7411830357142857 loss=51.008598029613495 epoch=17 and step=70
2026-04-23 18:23:48,938 - SplitNNClient - INFO - 24992 - phase=train acc=0.6930803571428571 loss=50.94904559850693 epoch=17 and step=70
2026-04-23 18:23:50,876 - SplitNNClient - INFO - 15064 - phase=train acc=0.765625 loss=50.93701392412186 epoch=17 and step=80
2026-04-23 18:23:50,974 - SplitNNClient - INFO - 26140 - phase=train acc=0.73955078125 loss=58.383214473724365 epoch=17 and step=80
2026-04-23 18:23:51,284 - SplitNNClient - INFO - 24992 - phase=train acc=0.69541015625 loss=57.71942758560181 epoch=17 and step=80
2026-04-23 18:23:53,003 - SplitNNClient - INFO - 24992 - phase=train acc=0.6993055555555555 loss=64.34867137670517 epoch=17 and step=90
2026-04-23 18:23:54,546 - SplitNNClient - INFO - 24992 - phase=train acc=0.70171875 loss=71.11676079034805 epoch=17 and step=100
2026-04-23 18:23:56,149 - SplitNNClient - INFO - 24992 - phase=train acc=0.6993607954545454 loss=78.67492514848709 epoch=17 and step=110
2026-04-23 18:23:57,725 - SplitNNClient - INFO - 24992 - phase=train acc=0.7004557291666667 loss=86.16532295942307 epoch=17 and step=120
2026-04-23 18:23:59,371 - SplitNNClient - INFO - 24992 - phase=train acc=0.7015024038461538 loss=93.00600409507751 epoch=17 and step=130
2026-04-23 18:23:59,421 - FedServerManager - INFO - 22168 - get all model params ---- from rank fed_server
2026-04-23 18:24:11,952 - SplitNNClient - INFO - 15064 - phase=validation acc=0.4883 loss=114.20847642421722 epoch=17 and step=79
2026-04-23 18:24:11,980 - SplitNNClient - INFO - 25280 - phase=validation acc=0.4883 loss=114.20847642421722 epoch=17 and step=79
2026-04-23 18:24:12,042 - SplitNNClient - INFO - 20924 - phase=validation acc=0.4883 loss=114.20847642421722 epoch=17 and step=79
2026-04-23 18:24:12,462 - SplitNNClient - INFO - 26140 - phase=validation acc=0.4883 loss=114.20847642421722 epoch=17 and step=79
2026-04-23 18:24:12,533 - SplitNNClient - INFO - 24992 - phase=validation acc=0.4883 loss=114.20847642421722 epoch=17 and step=79
2026-04-23 18:24:15,535 - SplitNNClient - INFO - 15064 - phase=train acc=0.73671875 loss=7.409270167350769 epoch=18 and step=10
2026-04-23 18:24:15,605 - SplitNNClient - INFO - 26140 - phase=train acc=0.6765625 loss=9.309196054935455 epoch=18 and step=10
2026-04-23 18:24:15,678 - SplitNNClient - INFO - 25280 - phase=train acc=0.75234375 loss=8.213448941707611 epoch=18 and step=10
2026-04-23 18:24:15,722 - SplitNNClient - INFO - 20924 - phase=train acc=0.5109375 loss=13.133229076862335 epoch=18 and step=10
2026-04-23 18:24:15,784 - SplitNNClient - INFO - 24992 - phase=train acc=0.6890625 loss=7.737450659275055 epoch=18 and step=10
2026-04-23 18:24:18,683 - SplitNNClient - INFO - 15064 - phase=train acc=0.747265625 loss=14.006879389286041 epoch=18 and step=20
2026-04-23 18:24:18,748 - SplitNNClient - INFO - 26140 - phase=train acc=0.7015625 loss=16.59089893102646 epoch=18 and step=20
2026-04-23 18:24:18,813 - SplitNNClient - INFO - 25280 - phase=train acc=0.815234375 loss=12.336521416902542 epoch=18 and step=20
2026-04-23 18:24:18,880 - SplitNNClient - INFO - 20924 - phase=train acc=0.603515625 loss=21.228060126304626 epoch=18 and step=20
2026-04-23 18:24:18,917 - SplitNNClient - INFO - 24992 - phase=train acc=0.694140625 loss=14.624021112918854 epoch=18 and step=20
2026-04-23 18:24:21,875 - SplitNNClient - INFO - 15064 - phase=train acc=0.7471354166666667 loss=20.907364308834076 epoch=18 and step=30
2026-04-23 18:24:21,946 - SplitNNClient - INFO - 25280 - phase=train acc=0.83125 loss=16.463364481925964 epoch=18 and step=30
2026-04-23 18:24:21,987 - SplitNNClient - INFO - 26140 - phase=train acc=0.715625 loss=23.608185708522797 epoch=18 and step=30
2026-04-23 18:24:22,046 - SplitNNClient - INFO - 20924 - phase=train acc=0.6494791666666667 loss=28.205506920814514 epoch=18 and step=30
2026-04-23 18:24:22,118 - SplitNNClient - INFO - 24992 - phase=train acc=0.6947916666666667 loss=21.757114231586456 epoch=18 and step=30
2026-04-23 18:24:24,634 - SplitNNClient - INFO - 15064 - phase=train acc=0.75546875 loss=27.30091106891632 epoch=18 and step=40
2026-04-23 18:24:24,782 - SplitNNClient - INFO - 26140 - phase=train acc=0.7259765625 loss=30.38450026512146 epoch=18 and step=40
2026-04-23 18:24:24,817 - SplitNNClient - INFO - 20924 - phase=train acc=0.6685546875 loss=35.720525324344635 epoch=18 and step=40
2026-04-23 18:24:24,976 - SplitNNClient - INFO - 24992 - phase=train acc=0.6984375 loss=28.866409420967102 epoch=18 and step=40
2026-04-23 18:24:27,266 - SplitNNClient - INFO - 15064 - phase=train acc=0.7565625 loss=33.337216794490814 epoch=18 and step=50
2026-04-23 18:24:27,331 - SplitNNClient - INFO - 20924 - phase=train acc=0.6853125 loss=42.489847004413605 epoch=18 and step=50
2026-04-23 18:24:27,465 - SplitNNClient - INFO - 26140 - phase=train acc=0.7296875 loss=37.36623936891556 epoch=18 and step=50
2026-04-23 18:24:27,645 - SplitNNClient - INFO - 24992 - phase=train acc=0.70078125 loss=35.76263743638992 epoch=18 and step=50
2026-04-23 18:24:29,908 - SplitNNClient - INFO - 15064 - phase=train acc=0.7634114583333333 loss=39.11623340845108 epoch=18 and step=60
2026-04-23 18:24:30,079 - SplitNNClient - INFO - 26140 - phase=train acc=0.737109375 loss=43.636016845703125 epoch=18 and step=60
2026-04-23 18:24:30,244 - SplitNNClient - INFO - 24992 - phase=train acc=0.6970052083333333 loss=43.07175487279892 epoch=18 and step=60
2026-04-23 18:24:32,217 - SplitNNClient - INFO - 15064 - phase=train acc=0.7650669642857143 loss=45.188833594322205 epoch=18 and step=70
2026-04-23 18:24:32,381 - SplitNNClient - INFO - 26140 - phase=train acc=0.7407366071428572 loss=49.926403284072876 epoch=18 and step=70
2026-04-23 18:24:32,519 - SplitNNClient - INFO - 24992 - phase=train acc=0.7010044642857143 loss=49.4657119512558 epoch=18 and step=70
2026-04-23 18:24:34,488 - SplitNNClient - INFO - 15064 - phase=train acc=0.7658203125 loss=51.284441858530045 epoch=18 and step=80
2026-04-23 18:24:34,626 - SplitNNClient - INFO - 26140 - phase=train acc=0.74345703125 loss=56.26884400844574 epoch=18 and step=80
2026-04-23 18:24:34,845 - SplitNNClient - INFO - 24992 - phase=train acc=0.70400390625 loss=56.27303612232208 epoch=18 and step=80
2026-04-23 18:24:36,640 - SplitNNClient - INFO - 24992 - phase=train acc=0.703125 loss=63.198060512542725 epoch=18 and step=90
2026-04-23 18:24:38,215 - SplitNNClient - INFO - 24992 - phase=train acc=0.70375 loss=70.43539828062057 epoch=18 and step=100
2026-04-23 18:24:39,769 - SplitNNClient - INFO - 24992 - phase=train acc=0.7050426136363637 loss=77.18860524892807 epoch=18 and step=110
2026-04-23 18:24:41,354 - SplitNNClient - INFO - 24992 - phase=train acc=0.7043619791666667 loss=84.30573111772537 epoch=18 and step=120
2026-04-23 18:24:43,027 - SplitNNClient - INFO - 24992 - phase=train acc=0.7061899038461539 loss=90.83130723237991 epoch=18 and step=130
2026-04-23 18:24:43,083 - FedServerManager - INFO - 22168 - get all model params ---- from rank fed_server
2026-04-23 18:24:55,677 - SplitNNClient - INFO - 15064 - phase=validation acc=0.5141 loss=109.26472580432892 epoch=18 and step=79
2026-04-23 18:24:55,794 - SplitNNClient - INFO - 20924 - phase=validation acc=0.5141 loss=109.26472580432892 epoch=18 and step=79
2026-04-23 18:24:55,894 - SplitNNClient - INFO - 25280 - phase=validation acc=0.5141 loss=109.26472580432892 epoch=18 and step=79
2026-04-23 18:24:55,940 - SplitNNClient - INFO - 26140 - phase=validation acc=0.5141 loss=109.26472580432892 epoch=18 and step=79
2026-04-23 18:24:56,369 - SplitNNClient - INFO - 24992 - phase=validation acc=0.5141 loss=109.26472580432892 epoch=18 and step=79
2026-04-23 18:24:59,324 - SplitNNClient - INFO - 20924 - phase=train acc=0.5453125 loss=12.359074592590332 epoch=19 and step=10
2026-04-23 18:24:59,396 - SplitNNClient - INFO - 25280 - phase=train acc=0.76328125 loss=8.119987726211548 epoch=19 and step=10
2026-04-23 18:24:59,467 - SplitNNClient - INFO - 15064 - phase=train acc=0.7078125 loss=8.151826858520508 epoch=19 and step=10
2026-04-23 18:24:59,505 - SplitNNClient - INFO - 24992 - phase=train acc=0.70625 loss=7.6087119579315186 epoch=19 and step=10
2026-04-23 18:24:59,571 - SplitNNClient - INFO - 26140 - phase=train acc=0.703125 loss=8.55165284872055 epoch=19 and step=10
2026-04-23 18:25:02,514 - SplitNNClient - INFO - 20924 - phase=train acc=0.63125 loss=19.969939172267914 epoch=19 and step=20
2026-04-23 18:25:02,584 - SplitNNClient - INFO - 25280 - phase=train acc=0.817578125 loss=12.431915521621704 epoch=19 and step=20
2026-04-23 18:25:02,623 - SplitNNClient - INFO - 15064 - phase=train acc=0.741015625 loss=14.38260343670845 epoch=19 and step=20
2026-04-23 18:25:02,691 - SplitNNClient - INFO - 24992 - phase=train acc=0.690234375 loss=14.789812982082367 epoch=19 and step=20
2026-04-23 18:25:02,761 - SplitNNClient - INFO - 26140 - phase=train acc=0.714453125 loss=16.166487455368042 epoch=19 and step=20
2026-04-23 18:25:05,651 - SplitNNClient - INFO - 20924 - phase=train acc=0.66640625 loss=27.13747227191925 epoch=19 and step=30
2026-04-23 18:25:05,685 - SplitNNClient - INFO - 25280 - phase=train acc=0.8302083333333333 loss=16.972644090652466 epoch=19 and step=30
2026-04-23 18:25:05,753 - SplitNNClient - INFO - 15064 - phase=train acc=0.75546875 loss=20.40549823641777 epoch=19 and step=30
2026-04-23 18:25:05,829 - SplitNNClient - INFO - 24992 - phase=train acc=0.6942708333333333 loss=21.676959931850433 epoch=19 and step=30
2026-04-23 18:25:05,897 - SplitNNClient - INFO - 26140 - phase=train acc=0.7338541666666667 loss=22.61350890994072 epoch=19 and step=30
2026-04-23 18:25:08,532 - SplitNNClient - INFO - 20924 - phase=train acc=0.6880859375 loss=33.73417955636978 epoch=19 and step=40
2026-04-23 18:25:08,579 - SplitNNClient - INFO - 15064 - phase=train acc=0.763671875 loss=26.19300302863121 epoch=19 and step=40
2026-04-23 18:25:08,640 - SplitNNClient - INFO - 24992 - phase=train acc=0.6958984375 loss=28.847029387950897 epoch=19 and step=40
2026-04-23 18:25:08,708 - SplitNNClient - INFO - 26140 - phase=train acc=0.7396484375 loss=29.447465628385544 epoch=19 and step=40
2026-04-23 18:25:11,152 - SplitNNClient - INFO - 20924 - phase=train acc=0.700625 loss=40.33938145637512 epoch=19 and step=50
2026-04-23 18:25:11,249 - SplitNNClient - INFO - 15064 - phase=train acc=0.7678125 loss=31.97076106071472 epoch=19 and step=50
2026-04-23 18:25:11,318 - SplitNNClient - INFO - 26140 - phase=train acc=0.745625 loss=35.67004492878914 epoch=19 and step=50
2026-04-23 18:25:11,411 - SplitNNClient - INFO - 24992 - phase=train acc=0.70296875 loss=35.277427315711975 epoch=19 and step=50
2026-04-23 18:25:13,845 - SplitNNClient - INFO - 15064 - phase=train acc=0.7684895833333333 loss=37.76936137676239 epoch=19 and step=60
2026-04-23 18:25:13,969 - SplitNNClient - INFO - 26140 - phase=train acc=0.7485677083333333 loss=42.11807927489281 epoch=19 and step=60
2026-04-23 18:25:14,006 - SplitNNClient - INFO - 24992 - phase=train acc=0.702734375 loss=41.9746510386467 epoch=19 and step=60
2026-04-23 18:25:16,150 - SplitNNClient - INFO - 15064 - phase=train acc=0.7686383928571429 loss=43.66467875242233 epoch=19 and step=70
2026-04-23 18:25:16,222 - SplitNNClient - INFO - 26140 - phase=train acc=0.7501116071428572 loss=48.61203292012215 epoch=19 and step=70
2026-04-23 18:25:16,294 - SplitNNClient - INFO - 24992 - phase=train acc=0.7052455357142857 loss=48.398585975170135 epoch=19 and step=70
2026-04-23 18:25:18,320 - SplitNNClient - INFO - 15064 - phase=train acc=0.77021484375 loss=49.61731895804405 epoch=19 and step=80
2026-04-23 18:25:18,462 - SplitNNClient - INFO - 26140 - phase=train acc=0.75 loss=55.129894107580185 epoch=19 and step=80
2026-04-23 18:25:18,629 - SplitNNClient - INFO - 24992 - phase=train acc=0.7109375 loss=54.796359568834305 epoch=19 and step=80
2026-04-23 18:25:20,571 - SplitNNClient - INFO - 24992 - phase=train acc=0.7114583333333333 loss=61.44871351122856 epoch=19 and step=90
2026-04-23 18:25:22,243 - SplitNNClient - INFO - 24992 - phase=train acc=0.713125 loss=67.85934659838676 epoch=19 and step=100
2026-04-23 18:25:23,790 - SplitNNClient - INFO - 24992 - phase=train acc=0.7138494318181818 loss=74.52065250277519 epoch=19 and step=110
2026-04-23 18:25:25,554 - SplitNNClient - INFO - 24992 - phase=train acc=0.7125651041666666 loss=81.59906563162804 epoch=19 and step=120
2026-04-23 18:25:27,312 - SplitNNClient - INFO - 24992 - phase=train acc=0.7143028846153846 loss=88.07225641608238 epoch=19 and step=130
2026-04-23 18:25:27,375 - FedServerManager - INFO - 22168 - get all model params ---- from rank fed_server
2026-04-23 18:25:39,766 - SplitNNClient - INFO - 20924 - phase=validation acc=0.542 loss=106.20639204978943 epoch=19 and step=79
2026-04-23 18:25:39,967 - SplitNNClient - INFO - 25280 - phase=validation acc=0.542 loss=106.20639204978943 epoch=19 and step=79
2026-04-23 18:25:40,027 - SplitNNClient - INFO - 26140 - phase=validation acc=0.542 loss=106.20639204978943 epoch=19 and step=79
2026-04-23 18:25:40,111 - SplitNNClient - INFO - 24992 - phase=validation acc=0.542 loss=106.20639204978943 epoch=19 and step=79
2026-04-23 18:25:40,180 - SplitNNClient - INFO - 15064 - phase=validation acc=0.542 loss=106.20639204978943 epoch=19 and step=79
2026-04-23 18:25:43,371 - SplitNNClient - INFO - 26140 - phase=train acc=0.7078125 loss=8.324800729751587 epoch=20 and step=10
2026-04-23 18:25:43,436 - SplitNNClient - INFO - 15064 - phase=train acc=0.75859375 loss=7.09371417760849 epoch=20 and step=10
2026-04-23 18:25:43,509 - SplitNNClient - INFO - 25280 - phase=train acc=0.76015625 loss=8.176785290241241 epoch=20 and step=10
2026-04-23 18:25:43,578 - SplitNNClient - INFO - 20924 - phase=train acc=0.565625 loss=12.603641748428345 epoch=20 and step=10
2026-04-23 18:25:43,622 - SplitNNClient - INFO - 24992 - phase=train acc=0.69453125 loss=7.578267931938171 epoch=20 and step=10
2026-04-23 18:25:46,438 - SplitNNClient - INFO - 26140 - phase=train acc=0.73203125 loss=14.678827822208405 epoch=20 and step=20
2026-04-23 18:25:46,502 - SplitNNClient - INFO - 15064 - phase=train acc=0.765234375 loss=13.234940499067307 epoch=20 and step=20
2026-04-23 18:25:46,566 - SplitNNClient - INFO - 25280 - phase=train acc=0.818359375 loss=12.316532880067825 epoch=20 and step=20
2026-04-23 18:25:46,605 - SplitNNClient - INFO - 20924 - phase=train acc=0.646875 loss=19.80450201034546 epoch=20 and step=20
2026-04-23 18:25:46,676 - SplitNNClient - INFO - 24992 - phase=train acc=0.70546875 loss=14.29210740327835 epoch=20 and step=20
2026-04-23 18:25:49,412 - SplitNNClient - INFO - 26140 - phase=train acc=0.7395833333333334 loss=21.217785239219666 epoch=20 and step=30
2026-04-23 18:25:49,548 - SplitNNClient - INFO - 15064 - phase=train acc=0.7716145833333333 loss=19.096841275691986 epoch=20 and step=30
2026-04-23 18:25:49,620 - SplitNNClient - INFO - 25280 - phase=train acc=0.83671875 loss=16.065334126353264 epoch=20 and step=30
2026-04-23 18:25:49,668 - SplitNNClient - INFO - 20924 - phase=train acc=0.6763020833333333 loss=26.930712461471558 epoch=20 and step=30
2026-04-23 18:25:49,802 - SplitNNClient - INFO - 24992 - phase=train acc=0.7166666666666667 loss=20.73817926645279 epoch=20 and step=30
2026-04-23 18:25:52,313 - SplitNNClient - INFO - 26140 - phase=train acc=0.7453125 loss=27.564580857753754 epoch=20 and step=40
2026-04-23 18:25:52,452 - SplitNNClient - INFO - 15064 - phase=train acc=0.776171875 loss=25.012258768081665 epoch=20 and step=40
2026-04-23 18:25:52,523 - SplitNNClient - INFO - 20924 - phase=train acc=0.6970703125 loss=33.429779291152954 epoch=20 and step=40
2026-04-23 18:25:52,633 - SplitNNClient - INFO - 24992 - phase=train acc=0.7158203125 loss=27.490263044834137 epoch=20 and step=40
2026-04-23 18:25:54,995 - SplitNNClient - INFO - 26140 - phase=train acc=0.74171875 loss=35.005737245082855 epoch=20 and step=50
2026-04-23 18:25:55,034 - SplitNNClient - INFO - 15064 - phase=train acc=0.78140625 loss=30.325750052928925 epoch=20 and step=50
2026-04-23 18:25:55,201 - SplitNNClient - INFO - 20924 - phase=train acc=0.7096875 loss=39.8677071928978 epoch=20 and step=50
2026-04-23 18:25:55,379 - SplitNNClient - INFO - 24992 - phase=train acc=0.71796875 loss=33.94060358405113 epoch=20 and step=50
2026-04-23 18:25:57,636 - SplitNNClient - INFO - 26140 - phase=train acc=0.74453125 loss=41.415766060352325 epoch=20 and step=60
2026-04-23 18:25:57,810 - SplitNNClient - INFO - 15064 - phase=train acc=0.7859375 loss=35.90206354856491 epoch=20 and step=60
2026-04-23 18:25:58,228 - SplitNNClient - INFO - 24992 - phase=train acc=0.7192708333333333 loss=40.45876756310463 epoch=20 and step=60
2026-04-23 18:26:00,016 - SplitNNClient - INFO - 26140 - phase=train acc=0.7475446428571428 loss=47.73519530892372 epoch=20 and step=70
2026-04-23 18:26:00,095 - SplitNNClient - INFO - 15064 - phase=train acc=0.7875 loss=41.32138204574585 epoch=20 and step=70
2026-04-23 18:26:00,514 - SplitNNClient - INFO - 24992 - phase=train acc=0.7229910714285714 loss=46.95482137799263 epoch=20 and step=70
2026-04-23 18:26:02,250 - SplitNNClient - INFO - 26140 - phase=train acc=0.74853515625 loss=54.14932361245155 epoch=20 and step=80
2026-04-23 18:26:02,385 - SplitNNClient - INFO - 15064 - phase=train acc=0.78642578125 loss=47.30161216855049 epoch=20 and step=80
2026-04-23 18:26:02,792 - SplitNNClient - INFO - 24992 - phase=train acc=0.72236328125 loss=53.99787983298302 epoch=20 and step=80
2026-04-23 18:26:04,547 - SplitNNClient - INFO - 24992 - phase=train acc=0.7225694444444445 loss=60.83279392123222 epoch=20 and step=90
2026-04-23 18:26:06,089 - SplitNNClient - INFO - 24992 - phase=train acc=0.724140625 loss=67.60637375712395 epoch=20 and step=100
2026-04-23 18:26:07,941 - SplitNNClient - INFO - 24992 - phase=train acc=0.7250710227272728 loss=73.98295792937279 epoch=20 and step=110
2026-04-23 18:26:09,673 - SplitNNClient - INFO - 24992 - phase=train acc=0.7261067708333333 loss=80.41280397772789 epoch=20 and step=120
2026-04-23 18:26:11,460 - SplitNNClient - INFO - 24992 - phase=train acc=0.72578125 loss=87.53640279173851 epoch=20 and step=130
2026-04-23 18:26:11,518 - FedServerManager - INFO - 22168 - get all model params ---- from rank fed_server
2026-04-23 18:26:24,766 - SplitNNClient - INFO - 25280 - phase=validation acc=0.5416 loss=104.03021335601807 epoch=20 and step=79
2026-04-23 18:26:24,888 - SplitNNClient - INFO - 15064 - phase=validation acc=0.5416 loss=104.03021335601807 epoch=20 and step=79
2026-04-23 18:26:25,197 - SplitNNClient - INFO - 20924 - phase=validation acc=0.5416 loss=104.03021335601807 epoch=20 and step=79
2026-04-23 18:26:25,198 - SplitNNClient - INFO - 26140 - phase=validation acc=0.5416 loss=104.03021335601807 epoch=20 and step=79
2026-04-23 18:26:25,478 - SplitNNClient - INFO - 24992 - phase=validation acc=0.5416 loss=104.03021335601807 epoch=20 and step=79
2026-04-23 18:26:28,370 - SplitNNClient - INFO - 26140 - phase=train acc=0.7203125 loss=8.138727068901062 epoch=21 and step=10
2026-04-23 18:26:28,441 - SplitNNClient - INFO - 25280 - phase=train acc=0.7890625 loss=7.6470627784729 epoch=21 and step=10
2026-04-23 18:26:28,506 - SplitNNClient - INFO - 24992 - phase=train acc=0.71640625 loss=7.229022979736328 epoch=21 and step=10
2026-04-23 18:26:28,547 - SplitNNClient - INFO - 15064 - phase=train acc=0.753125 loss=7.154700577259064 epoch=21 and step=10
2026-04-23 18:26:28,613 - SplitNNClient - INFO - 20924 - phase=train acc=0.59140625 loss=11.558029413223267 epoch=21 and step=10
2026-04-23 18:26:31,456 - SplitNNClient - INFO - 26140 - phase=train acc=0.726953125 loss=14.986816883087158 epoch=21 and step=20
2026-04-23 18:26:31,524 - SplitNNClient - INFO - 25280 - phase=train acc=0.827734375 loss=12.011565119028091 epoch=21 and step=20
2026-04-23 18:26:31,567 - SplitNNClient - INFO - 24992 - phase=train acc=0.721875 loss=13.852618753910065 epoch=21 and step=20
2026-04-23 18:26:31,633 - SplitNNClient - INFO - 15064 - phase=train acc=0.76640625 loss=13.125509947538376 epoch=21 and step=20
2026-04-23 18:26:31,708 - SplitNNClient - INFO - 20924 - phase=train acc=0.669921875 loss=18.613377034664154 epoch=21 and step=20
2026-04-23 18:26:34,506 - SplitNNClient - INFO - 26140 - phase=train acc=0.7377604166666667 loss=21.206389725208282 epoch=21 and step=30
2026-04-23 18:26:34,578 - SplitNNClient - INFO - 25280 - phase=train acc=0.8479166666666667 loss=15.42014554142952 epoch=21 and step=30
2026-04-23 18:26:34,651 - SplitNNClient - INFO - 24992 - phase=train acc=0.7203125 loss=20.459026098251343 epoch=21 and step=30
2026-04-23 18:26:34,720 - SplitNNClient - INFO - 15064 - phase=train acc=0.7744791666666667 loss=18.763235718011856 epoch=21 and step=30
2026-04-23 18:26:34,766 - SplitNNClient - INFO - 20924 - phase=train acc=0.7013020833333333 loss=25.341979801654816 epoch=21 and step=30
2026-04-23 18:26:37,318 - SplitNNClient - INFO - 26140 - phase=train acc=0.7453125 loss=27.819177448749542 epoch=21 and step=40
2026-04-23 18:26:37,416 - SplitNNClient - INFO - 24992 - phase=train acc=0.7203125 loss=27.534659385681152 epoch=21 and step=40
2026-04-23 18:26:37,487 - SplitNNClient - INFO - 15064 - phase=train acc=0.7759765625 loss=24.922843664884567 epoch=21 and step=40
2026-04-23 18:26:37,584 - SplitNNClient - INFO - 20924 - phase=train acc=0.71328125 loss=31.845831394195557 epoch=21 and step=40
2026-04-23 18:26:39,974 - SplitNNClient - INFO - 26140 - phase=train acc=0.7478125 loss=34.27250438928604 epoch=21 and step=50
2026-04-23 18:26:40,081 - SplitNNClient - INFO - 24992 - phase=train acc=0.72765625 loss=33.7053781747818 epoch=21 and step=50
2026-04-23 18:26:40,117 - SplitNNClient - INFO - 15064 - phase=train acc=0.78 loss=30.50798687338829 epoch=21 and step=50
2026-04-23 18:26:40,178 - SplitNNClient - INFO - 20924 - phase=train acc=0.72140625 loss=38.55668491125107 epoch=21 and step=50
2026-04-23 18:26:42,829 - SplitNNClient - INFO - 26140 - phase=train acc=0.7502604166666667 loss=40.83476597070694 epoch=21 and step=60
2026-04-23 18:26:42,870 - SplitNNClient - INFO - 24992 - phase=train acc=0.7270833333333333 loss=40.05379509925842 epoch=21 and step=60
2026-04-23 18:26:42,938 - SplitNNClient - INFO - 15064 - phase=train acc=0.7811197916666667 loss=36.17224597930908 epoch=21 and step=60
2026-04-23 18:26:45,087 - SplitNNClient - INFO - 26140 - phase=train acc=0.7497767857142857 loss=47.49729961156845 epoch=21 and step=70
2026-04-23 18:26:45,150 - SplitNNClient - INFO - 24992 - phase=train acc=0.7293526785714286 loss=46.43538635969162 epoch=21 and step=70
2026-04-23 18:26:45,219 - SplitNNClient - INFO - 15064 - phase=train acc=0.7818080357142857 loss=41.86759179830551 epoch=21 and step=70
2026-04-23 18:26:47,376 - SplitNNClient - INFO - 26140 - phase=train acc=0.75283203125 loss=53.78880763053894 epoch=21 and step=80
2026-04-23 18:26:47,473 - SplitNNClient - INFO - 24992 - phase=train acc=0.73037109375 loss=53.10286754369736 epoch=21 and step=80
2026-04-23 18:26:47,540 - SplitNNClient - INFO - 15064 - phase=train acc=0.78330078125 loss=47.55819967389107 epoch=21 and step=80
2026-04-23 18:26:49,375 - SplitNNClient - INFO - 24992 - phase=train acc=0.7296006944444444 loss=59.68812441825867 epoch=21 and step=90
2026-04-23 18:26:50,979 - SplitNNClient - INFO - 24992 - phase=train acc=0.7303125 loss=65.84587666392326 epoch=21 and step=100
2026-04-23 18:26:52,531 - SplitNNClient - INFO - 24992 - phase=train acc=0.7286221590909091 loss=72.41552546620369 epoch=21 and step=110
2026-04-23 18:26:54,083 - SplitNNClient - INFO - 24992 - phase=train acc=0.7283854166666667 loss=79.11122840642929 epoch=21 and step=120
2026-04-23 18:26:55,629 - SplitNNClient - INFO - 24992 - phase=train acc=0.7286658653846154 loss=85.47817808389664 epoch=21 and step=130
2026-04-23 18:26:55,705 - FedServerManager - INFO - 22168 - get all model params ---- from rank fed_server
2026-04-23 18:27:08,725 - SplitNNClient - INFO - 25280 - phase=validation acc=0.5348 loss=105.5581761598587 epoch=21 and step=79
2026-04-23 18:27:08,763 - SplitNNClient - INFO - 20924 - phase=validation acc=0.5348 loss=105.5581761598587 epoch=21 and step=79
2026-04-23 18:27:08,789 - SplitNNClient - INFO - 15064 - phase=validation acc=0.5348 loss=105.5581761598587 epoch=21 and step=79
2026-04-23 18:27:09,377 - SplitNNClient - INFO - 24992 - phase=validation acc=0.5348 loss=105.5581761598587 epoch=21 and step=79
2026-04-23 18:27:09,521 - SplitNNClient - INFO - 26140 - phase=validation acc=0.5348 loss=105.5581761598587 epoch=21 and step=79
2026-04-23 18:27:12,512 - SplitNNClient - INFO - 15064 - phase=train acc=0.7375 loss=7.366106331348419 epoch=22 and step=10
2026-04-23 18:27:12,578 - SplitNNClient - INFO - 25280 - phase=train acc=0.77109375 loss=8.218075841665268 epoch=22 and step=10
2026-04-23 18:27:12,651 - SplitNNClient - INFO - 24992 - phase=train acc=0.696875 loss=7.269678235054016 epoch=22 and step=10
2026-04-23 18:27:12,721 - SplitNNClient - INFO - 26140 - phase=train acc=0.7171875 loss=8.277218043804169 epoch=22 and step=10
2026-04-23 18:27:12,770 - SplitNNClient - INFO - 20924 - phase=train acc=0.603125 loss=11.419205069541931 epoch=22 and step=10
2026-04-23 18:27:15,680 - SplitNNClient - INFO - 25280 - phase=train acc=0.81484375 loss=12.422731220722198 epoch=22 and step=20
2026-04-23 18:27:15,744 - SplitNNClient - INFO - 15064 - phase=train acc=0.75703125 loss=13.461874008178711 epoch=22 and step=20
2026-04-23 18:27:15,784 - SplitNNClient - INFO - 24992 - phase=train acc=0.71484375 loss=13.5989431142807 epoch=22 and step=20
2026-04-23 18:27:15,857 - SplitNNClient - INFO - 26140 - phase=train acc=0.7421875 loss=14.720563769340515 epoch=22 and step=20
2026-04-23 18:27:15,921 - SplitNNClient - INFO - 20924 - phase=train acc=0.67109375 loss=18.652532041072845 epoch=22 and step=20
2026-04-23 18:27:18,765 - SplitNNClient - INFO - 25280 - phase=train acc=0.8364583333333333 loss=16.115027844905853 epoch=22 and step=30
2026-04-23 18:27:18,811 - SplitNNClient - INFO - 15064 - phase=train acc=0.7622395833333333 loss=19.695062816143036 epoch=22 and step=30
2026-04-23 18:27:18,871 - SplitNNClient - INFO - 24992 - phase=train acc=0.7296875 loss=19.78227600455284 epoch=22 and step=30
2026-04-23 18:27:18,944 - SplitNNClient - INFO - 26140 - phase=train acc=0.7533854166666667 loss=20.950911104679108 epoch=22 and step=30
2026-04-23 18:27:19,015 - SplitNNClient - INFO - 20924 - phase=train acc=0.7002604166666667 loss=25.07209473848343 epoch=22 and step=30
2026-04-23 18:27:21,545 - SplitNNClient - INFO - 15064 - phase=train acc=0.7638671875 loss=25.771077126264572 epoch=22 and step=40
2026-04-23 18:27:21,614 - SplitNNClient - INFO - 24992 - phase=train acc=0.7306640625 loss=26.320835679769516 epoch=22 and step=40
2026-04-23 18:27:21,685 - SplitNNClient - INFO - 26140 - phase=train acc=0.755859375 loss=27.188670456409454 epoch=22 and step=40
2026-04-23 18:27:21,727 - SplitNNClient - INFO - 20924 - phase=train acc=0.7158203125 loss=31.49269288778305 epoch=22 and step=40
2026-04-23 18:27:24,113 - SplitNNClient - INFO - 15064 - phase=train acc=0.77109375 loss=31.249451220035553 epoch=22 and step=50
2026-04-23 18:27:24,217 - SplitNNClient - INFO - 20924 - phase=train acc=0.72625 loss=37.75119590759277 epoch=22 and step=50
2026-04-23 18:27:24,256 - SplitNNClient - INFO - 24992 - phase=train acc=0.73453125 loss=32.595714420080185 epoch=22 and step=50
2026-04-23 18:27:24,328 - SplitNNClient - INFO - 26140 - phase=train acc=0.759375 loss=33.263677567243576 epoch=22 and step=50
2026-04-23 18:27:26,815 - SplitNNClient - INFO - 15064 - phase=train acc=0.775 loss=36.77481997013092 epoch=22 and step=60
2026-04-23 18:27:26,857 - SplitNNClient - INFO - 24992 - phase=train acc=0.7303385416666667 loss=39.267487317323685 epoch=22 and step=60
2026-04-23 18:27:26,896 - SplitNNClient - INFO - 26140 - phase=train acc=0.7625 loss=39.604666858911514 epoch=22 and step=60
2026-04-23 18:27:29,100 - SplitNNClient - INFO - 15064 - phase=train acc=0.7765625 loss=42.37400498986244 epoch=22 and step=70
2026-04-23 18:27:29,171 - SplitNNClient - INFO - 24992 - phase=train acc=0.7316964285714286 loss=45.43964138627052 epoch=22 and step=70
2026-04-23 18:27:29,212 - SplitNNClient - INFO - 26140 - phase=train acc=0.7628348214285714 loss=46.00157657265663 epoch=22 and step=70
2026-04-23 18:27:31,413 - SplitNNClient - INFO - 15064 - phase=train acc=0.78076171875 loss=47.66690546274185 epoch=22 and step=80
2026-04-23 18:27:31,484 - SplitNNClient - INFO - 24992 - phase=train acc=0.73173828125 loss=52.00598183274269 epoch=22 and step=80
2026-04-23 18:27:31,557 - SplitNNClient - INFO - 26140 - phase=train acc=0.76337890625 loss=51.82707718014717 epoch=22 and step=80
2026-04-23 18:27:33,327 - SplitNNClient - INFO - 24992 - phase=train acc=0.7338541666666667 loss=57.9298640191555 epoch=22 and step=90
2026-04-23 18:27:34,875 - SplitNNClient - INFO - 24992 - phase=train acc=0.736171875 loss=63.72425779700279 epoch=22 and step=100
2026-04-23 18:27:36,423 - SplitNNClient - INFO - 24992 - phase=train acc=0.7342329545454546 loss=70.09503647685051 epoch=22 and step=110
2026-04-23 18:27:37,974 - SplitNNClient - INFO - 24992 - phase=train acc=0.7350260416666666 loss=76.34933534264565 epoch=22 and step=120
2026-04-23 18:27:39,519 - SplitNNClient - INFO - 24992 - phase=train acc=0.7358173076923077 loss=82.54161217808723 epoch=22 and step=130
2026-04-23 18:27:39,557 - FedServerManager - INFO - 22168 - get all model params ---- from rank fed_server
2026-04-23 18:27:52,579 - SplitNNClient - INFO - 15064 - phase=validation acc=0.5471 loss=102.76816523075104 epoch=22 and step=79
2026-04-23 18:27:52,686 - SplitNNClient - INFO - 25280 - phase=validation acc=0.5471 loss=102.76816523075104 epoch=22 and step=79
2026-04-23 18:27:52,886 - SplitNNClient - INFO - 20924 - phase=validation acc=0.5471 loss=102.76816523075104 epoch=22 and step=79
2026-04-23 18:27:52,986 - SplitNNClient - INFO - 26140 - phase=validation acc=0.5471 loss=102.76816523075104 epoch=22 and step=79
2026-04-23 18:27:53,132 - SplitNNClient - INFO - 24992 - phase=validation acc=0.5471 loss=102.76816523075104 epoch=22 and step=79
2026-04-23 18:27:56,174 - SplitNNClient - INFO - 26140 - phase=train acc=0.71015625 loss=8.170062482357025 epoch=23 and step=10
2026-04-23 18:27:56,239 - SplitNNClient - INFO - 25280 - phase=train acc=0.784375 loss=7.718156278133392 epoch=23 and step=10
2026-04-23 18:27:56,281 - SplitNNClient - INFO - 15064 - phase=train acc=0.77265625 loss=6.378746271133423 epoch=23 and step=10
2026-04-23 18:27:56,353 - SplitNNClient - INFO - 20924 - phase=train acc=0.603125 loss=11.91613107919693 epoch=23 and step=10
2026-04-23 18:27:56,729 - SplitNNClient - INFO - 24992 - phase=train acc=0.740625 loss=6.799498438835144 epoch=23 and step=10
2026-04-23 18:27:59,182 - SplitNNClient - INFO - 26140 - phase=train acc=0.741015625 loss=14.579833924770355 epoch=23 and step=20
2026-04-23 18:27:59,286 - SplitNNClient - INFO - 25280 - phase=train acc=0.82578125 loss=11.939370602369308 epoch=23 and step=20
2026-04-23 18:27:59,361 - SplitNNClient - INFO - 15064 - phase=train acc=0.783984375 loss=12.074334889650345 epoch=23 and step=20
2026-04-23 18:27:59,424 - SplitNNClient - INFO - 20924 - phase=train acc=0.681640625 loss=18.58439975976944 epoch=23 and step=20
2026-04-23 18:27:59,825 - SplitNNClient - INFO - 24992 - phase=train acc=0.751171875 loss=12.577281326055527 epoch=23 and step=20
2026-04-23 18:28:02,231 - SplitNNClient - INFO - 26140 - phase=train acc=0.753125 loss=20.456933081150055 epoch=23 and step=30
2026-04-23 18:28:02,367 - SplitNNClient - INFO - 25280 - phase=train acc=0.84375 loss=15.663806229829788 epoch=23 and step=30
2026-04-23 18:28:02,411 - SplitNNClient - INFO - 20924 - phase=train acc=0.71640625 loss=24.36332756280899 epoch=23 and step=30
2026-04-23 18:28:02,481 - SplitNNClient - INFO - 15064 - phase=train acc=0.784375 loss=17.813633620738983 epoch=23 and step=30
2026-04-23 18:28:02,906 - SplitNNClient - INFO - 24992 - phase=train acc=0.7526041666666666 loss=18.459189891815186 epoch=23 and step=30
2026-04-23 18:28:05,013 - SplitNNClient - INFO - 26140 - phase=train acc=0.7544921875 loss=26.900942653417587 epoch=23 and step=40
2026-04-23 18:28:05,149 - SplitNNClient - INFO - 20924 - phase=train acc=0.7287109375 loss=30.300414323806763 epoch=23 and step=40
2026-04-23 18:28:05,193 - SplitNNClient - INFO - 15064 - phase=train acc=0.780078125 loss=23.8237966299057 epoch=23 and step=40
2026-04-23 18:28:05,638 - SplitNNClient - INFO - 24992 - phase=train acc=0.753125 loss=24.458584904670715 epoch=23 and step=40
2026-04-23 18:28:07,627 - SplitNNClient - INFO - 26140 - phase=train acc=0.76171875 loss=32.67656397819519 epoch=23 and step=50
2026-04-23 18:28:07,769 - SplitNNClient - INFO - 20924 - phase=train acc=0.73546875 loss=36.6648650765419 epoch=23 and step=50
2026-04-23 18:28:07,839 - SplitNNClient - INFO - 15064 - phase=train acc=0.7809375 loss=29.799823850393295 epoch=23 and step=50
2026-04-23 18:28:08,225 - SplitNNClient - INFO - 24992 - phase=train acc=0.7496875 loss=31.102982580661774 epoch=23 and step=50
2026-04-23 18:28:10,315 - SplitNNClient - INFO - 26140 - phase=train acc=0.7680989583333333 loss=38.17231181263924 epoch=23 and step=60
2026-04-23 18:28:10,481 - SplitNNClient - INFO - 15064 - phase=train acc=0.7833333333333333 loss=35.16782093048096 epoch=23 and step=60
2026-04-23 18:28:10,825 - SplitNNClient - INFO - 24992 - phase=train acc=0.7451822916666667 loss=37.850603461265564 epoch=23 and step=60
2026-04-23 18:28:12,562 - SplitNNClient - INFO - 26140 - phase=train acc=0.7696428571428572 loss=44.098757833242416 epoch=23 and step=70
2026-04-23 18:28:12,703 - SplitNNClient - INFO - 15064 - phase=train acc=0.7842633928571429 loss=40.45412343740463 epoch=23 and step=70
2026-04-23 18:28:13,070 - SplitNNClient - INFO - 24992 - phase=train acc=0.7452008928571429 loss=43.989580392837524 epoch=23 and step=70
2026-04-23 18:28:14,858 - SplitNNClient - INFO - 26140 - phase=train acc=0.77080078125 loss=50.070647805929184 epoch=23 and step=80
2026-04-23 18:28:14,954 - SplitNNClient - INFO - 15064 - phase=train acc=0.78759765625 loss=45.577069252729416 epoch=23 and step=80
2026-04-23 18:28:15,470 - SplitNNClient - INFO - 24992 - phase=train acc=0.74482421875 loss=50.40635919570923 epoch=23 and step=80
2026-04-23 18:28:17,189 - SplitNNClient - INFO - 24992 - phase=train acc=0.7453993055555556 loss=56.715484976768494 epoch=23 and step=90
2026-04-23 18:28:18,763 - SplitNNClient - INFO - 24992 - phase=train acc=0.7440625 loss=63.4688726067543 epoch=23 and step=100
2026-04-23 18:28:20,401 - SplitNNClient - INFO - 24992 - phase=train acc=0.7441051136363637 loss=69.8155003786087 epoch=23 and step=110
2026-04-23 18:28:22,083 - SplitNNClient - INFO - 24992 - phase=train acc=0.7438802083333333 loss=75.96905732154846 epoch=23 and step=120
2026-04-23 18:28:23,627 - SplitNNClient - INFO - 24992 - phase=train acc=0.7450721153846154 loss=82.000030875206 epoch=23 and step=130
2026-04-23 18:28:23,678 - FedServerManager - INFO - 22168 - get all model params ---- from rank fed_server
2026-04-23 18:28:37,354 - SplitNNClient - INFO - 25280 - phase=validation acc=0.5535 loss=99.57707524299622 epoch=23 and step=79
2026-04-23 18:28:37,367 - SplitNNClient - INFO - 20924 - phase=validation acc=0.5535 loss=99.57707524299622 epoch=23 and step=79
2026-04-23 18:28:37,407 - SplitNNClient - INFO - 15064 - phase=validation acc=0.5535 loss=99.57707524299622 epoch=23 and step=79
2026-04-23 18:28:38,232 - SplitNNClient - INFO - 26140 - phase=validation acc=0.5535 loss=99.57707524299622 epoch=23 and step=79
2026-04-23 18:28:38,236 - SplitNNClient - INFO - 24992 - phase=validation acc=0.5535 loss=99.57707524299622 epoch=23 and step=79
2026-04-23 18:28:41,303 - SplitNNClient - INFO - 20924 - phase=train acc=0.590625 loss=11.321377456188202 epoch=24 and step=10
2026-04-23 18:28:41,347 - SplitNNClient - INFO - 15064 - phase=train acc=0.753125 loss=7.300633251667023 epoch=24 and step=10
2026-04-23 18:28:41,416 - SplitNNClient - INFO - 24992 - phase=train acc=0.74375 loss=6.842910408973694 epoch=24 and step=10
2026-04-23 18:28:41,482 - SplitNNClient - INFO - 25280 - phase=train acc=0.796875 loss=7.549945265054703 epoch=24 and step=10
2026-04-23 18:28:41,548 - SplitNNClient - INFO - 26140 - phase=train acc=0.74453125 loss=7.503898084163666 epoch=24 and step=10
2026-04-23 18:28:44,557 - SplitNNClient - INFO - 20924 - phase=train acc=0.675 loss=17.914299428462982 epoch=24 and step=20
2026-04-23 18:28:44,624 - SplitNNClient - INFO - 15064 - phase=train acc=0.76953125 loss=13.131362736225128 epoch=24 and step=20
2026-04-23 18:28:44,693 - SplitNNClient - INFO - 24992 - phase=train acc=0.74296875 loss=12.599046647548676 epoch=24 and step=20
2026-04-23 18:28:44,762 - SplitNNClient - INFO - 25280 - phase=train acc=0.841015625 loss=11.250046133995056 epoch=24 and step=20
2026-04-23 18:28:44,825 - SplitNNClient - INFO - 26140 - phase=train acc=0.764453125 loss=13.527519226074219 epoch=24 and step=20
2026-04-23 18:28:47,685 - SplitNNClient - INFO - 20924 - phase=train acc=0.6979166666666666 loss=24.576164662837982 epoch=24 and step=30
2026-04-23 18:28:47,756 - SplitNNClient - INFO - 15064 - phase=train acc=0.7802083333333333 loss=18.18387660384178 epoch=24 and step=30
2026-04-23 18:28:47,828 - SplitNNClient - INFO - 24992 - phase=train acc=0.7453125 loss=18.727661460638046 epoch=24 and step=30
2026-04-23 18:28:47,896 - SplitNNClient - INFO - 25280 - phase=train acc=0.85703125 loss=14.855146020650864 epoch=24 and step=30
2026-04-23 18:28:47,961 - SplitNNClient - INFO - 26140 - phase=train acc=0.7713541666666667 loss=19.449863702058792 epoch=24 and step=30
2026-04-23 18:28:50,531 - SplitNNClient - INFO - 20924 - phase=train acc=0.71640625 loss=30.552802801132202 epoch=24 and step=40
2026-04-23 18:28:50,667 - SplitNNClient - INFO - 15064 - phase=train acc=0.7841796875 loss=23.669593304395676 epoch=24 and step=40
2026-04-23 18:28:50,770 - SplitNNClient - INFO - 24992 - phase=train acc=0.7451171875 loss=24.820688039064407 epoch=24 and step=40
2026-04-23 18:28:50,878 - SplitNNClient - INFO - 26140 - phase=train acc=0.7716796875 loss=25.75301143527031 epoch=24 and step=40
2026-04-23 18:28:53,246 - SplitNNClient - INFO - 20924 - phase=train acc=0.72828125 loss=36.51197627186775 epoch=24 and step=50
2026-04-23 18:28:53,445 - SplitNNClient - INFO - 15064 - phase=train acc=0.78796875 loss=29.266931504011154 epoch=24 and step=50
2026-04-23 18:28:53,593 - SplitNNClient - INFO - 24992 - phase=train acc=0.7446875 loss=31.188690096139908 epoch=24 and step=50
2026-04-23 18:28:53,630 - SplitNNClient - INFO - 26140 - phase=train acc=0.7728125 loss=31.675392299890518 epoch=24 and step=50
2026-04-23 18:28:56,133 - SplitNNClient - INFO - 15064 - phase=train acc=0.7919270833333333 loss=34.404746413230896 epoch=24 and step=60
2026-04-23 18:28:56,167 - SplitNNClient - INFO - 26140 - phase=train acc=0.7766927083333334 loss=37.27428415417671 epoch=24 and step=60
2026-04-23 18:28:56,266 - SplitNNClient - INFO - 24992 - phase=train acc=0.74453125 loss=37.56982120871544 epoch=24 and step=60
2026-04-23 18:28:58,383 - SplitNNClient - INFO - 15064 - phase=train acc=0.7926339285714286 loss=39.63436931371689 epoch=24 and step=70
2026-04-23 18:28:58,505 - SplitNNClient - INFO - 26140 - phase=train acc=0.778125 loss=43.099001973867416 epoch=24 and step=70
2026-04-23 18:28:58,567 - SplitNNClient - INFO - 24992 - phase=train acc=0.7446428571428572 loss=43.88174733519554 epoch=24 and step=70
2026-04-23 18:29:00,673 - SplitNNClient - INFO - 15064 - phase=train acc=0.793359375 loss=45.1610289812088 epoch=24 and step=80
2026-04-23 18:29:00,773 - SplitNNClient - INFO - 26140 - phase=train acc=0.7796875 loss=48.913777738809586 epoch=24 and step=80
2026-04-23 18:29:00,842 - SplitNNClient - INFO - 24992 - phase=train acc=0.746484375 loss=49.8685801923275 epoch=24 and step=80
2026-04-23 18:29:02,757 - SplitNNClient - INFO - 24992 - phase=train acc=0.7473958333333334 loss=55.89914217591286 epoch=24 and step=90
2026-04-23 18:29:04,300 - SplitNNClient - INFO - 24992 - phase=train acc=0.74703125 loss=62.007826656103134 epoch=24 and step=100
2026-04-23 18:29:05,848 - SplitNNClient - INFO - 24992 - phase=train acc=0.7477272727272727 loss=68.26222822070122 epoch=24 and step=110
2026-04-23 18:29:07,420 - SplitNNClient - INFO - 24992 - phase=train acc=0.7497395833333333 loss=73.91048800945282 epoch=24 and step=120
2026-04-23 18:29:08,994 - SplitNNClient - INFO - 24992 - phase=train acc=0.7502403846153847 loss=79.97869890928268 epoch=24 and step=130
2026-04-23 18:29:09,053 - FedServerManager - INFO - 22168 - get all model params ---- from rank fed_server
2026-04-23 18:29:21,935 - SplitNNClient - INFO - 15064 - phase=validation acc=0.5521 loss=99.67801225185394 epoch=24 and step=79
2026-04-23 18:29:21,946 - SplitNNClient - INFO - 25280 - phase=validation acc=0.5521 loss=99.67801225185394 epoch=24 and step=79
2026-04-23 18:29:22,081 - SplitNNClient - INFO - 20924 - phase=validation acc=0.5521 loss=99.67801225185394 epoch=24 and step=79
2026-04-23 18:29:22,315 - SplitNNClient - INFO - 24992 - phase=validation acc=0.5521 loss=99.67801225185394 epoch=24 and step=79
2026-04-23 18:29:22,320 - SplitNNClient - INFO - 26140 - phase=validation acc=0.5521 loss=99.67801225185394 epoch=24 and step=79
2026-04-23 18:29:23,167 - CommBreakdown - INFO - 15064 - tensor_distribution rank=2 node_type=client phase=train epoch=25 sample=middle tensor=activations[0] shape=(128, 64, 16, 16) mean=0.496912 std=0.889707 min=0 max=19.2962 mean_abs=0.496912 max_abs=19.2962 p95_abs=2.12414 p99_abs=4.0763 skewness=3.76109 kurtosis=28.3486 mean_channel_std=0.807622 std_channel_std=0.306137 max_channel_scale_over_min_channel_scale=7.05894 spread=high spread_score=1.79047 outliers=medium outlier_score=2.72825 near_zero=medium near_zero_fraction=0.500854
2026-04-23 18:29:23,183 - CommBreakdown - INFO - 26140 - tensor_distribution rank=3 node_type=client phase=train epoch=25 sample=middle tensor=activations[0] shape=(128, 64, 16, 16) mean=0.502744 std=0.90146 min=0 max=21.4028 mean_abs=0.502744 max_abs=21.4028 p95_abs=2.15401 p99_abs=4.12571 skewness=3.69976 kurtosis=26.8606 mean_channel_std=0.81735 std_channel_std=0.312214 max_channel_scale_over_min_channel_scale=7.39538 spread=high spread_score=1.79308 outliers=medium outlier_score=2.73739 near_zero=medium near_zero_fraction=0.501428
2026-04-23 18:29:23,188 - CommBreakdown - INFO - 20924 - tensor_distribution rank=4 node_type=client phase=train epoch=25 sample=middle tensor=activations[0] shape=(128, 64, 16, 16) mean=0.490125 std=0.888188 min=0 max=19.9043 mean_abs=0.490125 max_abs=19.9043 p95_abs=2.09226 p99_abs=4.0815 skewness=3.92975 kurtosis=30.4138 mean_channel_std=0.802653 std_channel_std=0.314457 max_channel_scale_over_min_channel_scale=6.75104 spread=high spread_score=1.81217 outliers=medium outlier_score=2.81499 near_zero=medium near_zero_fraction=0.498557
2026-04-23 18:29:23,200 - CommBreakdown - INFO - 24992 - tensor_distribution rank=1 node_type=client phase=train epoch=25 sample=middle tensor=activations[0] shape=(128, 64, 16, 16) mean=0.504038 std=0.89537 min=0 max=18.3361 mean_abs=0.504038 max_abs=18.3361 p95_abs=2.14694 p99_abs=4.09954 skewness=3.67309 kurtosis=26.7679 mean_channel_std=0.813166 std_channel_std=0.307261 max_channel_scale_over_min_channel_scale=6.23434 spread=high spread_score=1.77639 outliers=medium outlier_score=2.70099 near_zero=medium near_zero_fraction=0.499045
2026-04-23 18:29:23,221 - CommBreakdown - INFO - 25280 - tensor_distribution rank=5 node_type=client phase=train epoch=25 sample=middle tensor=activations[0] shape=(128, 64, 16, 16) mean=0.496206 std=0.891461 min=0 max=20.764 mean_abs=0.496206 max_abs=20.764 p95_abs=2.12238 p99_abs=4.08027 skewness=3.78668 kurtosis=28.6143 mean_channel_std=0.805226 std_channel_std=0.314915 max_channel_scale_over_min_channel_scale=7.31307 spread=high spread_score=1.79655 outliers=medium outlier_score=2.74365 near_zero=medium near_zero_fraction=0.500185
2026-04-23 18:29:24,329 - CommBreakdown - INFO - 26232 - tensor_distribution rank=0 node_type=server phase=train epoch=25 sample=middle tensor=activation_grads shape=(128, 64, 16, 16) mean=3.4654e-08 std=1.84312e-05 min=-0.000633837 max=0.000493426 mean_abs=9.55797e-06 max_abs=0.000633837 p95_abs=3.7288e-05 p99_abs=7.57814e-05 skewness=0.000720181 kurtosis=3.78751e-06 mean_channel_std=1.81769e-05 std_channel_std=3.05076e-06 max_channel_scale_over_min_channel_scale=3.54071 spread=high spread_score=1.92836 outliers=high outlier_score=3.11011 near_zero=low near_zero_fraction=0.198082
2026-04-23 18:30:16,288 - SplitNNClient - INFO - 15064 - phase=train acc=0.7578125 loss=6.800128161907196 epoch=25 and step=10
2026-04-23 18:30:17,500 - SplitNNClient - INFO - 26140 - phase=train acc=0.74609375 loss=7.331576287746429 epoch=25 and step=10
2026-04-23 18:30:18,622 - SplitNNClient - INFO - 20924 - phase=train acc=0.6109375 loss=11.095302700996399 epoch=25 and step=10
2026-04-23 18:30:19,777 - SplitNNClient - INFO - 24992 - phase=train acc=0.7265625 loss=6.854020059108734 epoch=25 and step=10
2026-04-23 18:30:20,901 - SplitNNClient - INFO - 25280 - phase=train acc=0.7859375 loss=7.2322626411914825 epoch=25 and step=10
2026-04-23 18:31:13,613 - SplitNNClient - INFO - 15064 - phase=train acc=0.767578125 loss=12.786890268325806 epoch=25 and step=20
2026-04-23 18:31:14,770 - SplitNNClient - INFO - 26140 - phase=train acc=0.766796875 loss=13.347354859113693 epoch=25 and step=20
2026-04-23 18:31:15,857 - SplitNNClient - INFO - 20924 - phase=train acc=0.68046875 loss=18.397914826869965 epoch=25 and step=20
2026-04-23 18:31:17,011 - SplitNNClient - INFO - 24992 - phase=train acc=0.7390625 loss=12.811285376548767 epoch=25 and step=20
2026-04-23 18:31:18,162 - SplitNNClient - INFO - 25280 - phase=train acc=0.83125 loss=11.212893962860107 epoch=25 and step=20
2026-04-23 18:32:10,897 - SplitNNClient - INFO - 15064 - phase=train acc=0.778125 loss=18.277586460113525 epoch=25 and step=30
2026-04-23 18:32:12,083 - SplitNNClient - INFO - 26140 - phase=train acc=0.7752604166666667 loss=18.987032562494278 epoch=25 and step=30
2026-04-23 18:32:13,204 - SplitNNClient - INFO - 20924 - phase=train acc=0.7122395833333334 loss=24.704075574874878 epoch=25 and step=30
2026-04-23 18:32:14,359 - SplitNNClient - INFO - 24992 - phase=train acc=0.7440104166666667 loss=18.828786969184875 epoch=25 and step=30
2026-04-23 18:32:15,514 - SplitNNClient - INFO - 25280 - phase=train acc=0.8455729166666667 loss=15.036461055278778 epoch=25 and step=30
2026-04-23 18:33:01,323 - SplitNNClient - INFO - 15064 - phase=train acc=0.782421875 loss=23.959089815616608 epoch=25 and step=40
2026-04-23 18:33:02,442 - SplitNNClient - INFO - 26140 - phase=train acc=0.7755859375 loss=24.98541197180748 epoch=25 and step=40
2026-04-23 18:33:03,597 - SplitNNClient - INFO - 20924 - phase=train acc=0.7259765625 loss=30.80461221933365 epoch=25 and step=40
2026-04-23 18:33:04,780 - SplitNNClient - INFO - 24992 - phase=train acc=0.7501953125 loss=24.71990555524826 epoch=25 and step=40
2026-04-23 18:33:47,305 - SplitNNClient - INFO - 15064 - phase=train acc=0.78515625 loss=29.385159015655518 epoch=25 and step=50
2026-04-23 18:33:48,455 - SplitNNClient - INFO - 26140 - phase=train acc=0.78203125 loss=30.360476672649384 epoch=25 and step=50
2026-04-23 18:33:49,578 - SplitNNClient - INFO - 20924 - phase=train acc=0.73578125 loss=36.76725107431412 epoch=25 and step=50
2026-04-23 18:33:50,732 - SplitNNClient - INFO - 24992 - phase=train acc=0.7478125 loss=30.904509603977203 epoch=25 and step=50
2026-04-23 18:34:32,745 - SplitNNClient - INFO - 15064 - phase=train acc=0.7885416666666667 loss=34.74048900604248 epoch=25 and step=60
2026-04-23 18:34:33,869 - SplitNNClient - INFO - 26140 - phase=train acc=0.7848958333333333 loss=35.841296941041946 epoch=25 and step=60
2026-04-23 18:34:34,995 - SplitNNClient - INFO - 24992 - phase=train acc=0.7486979166666666 loss=36.813181668519974 epoch=25 and step=60
2026-04-23 18:35:07,295 - SplitNNClient - INFO - 15064 - phase=train acc=0.7934151785714286 loss=39.91295963525772 epoch=25 and step=70
2026-04-23 18:35:08,412 - SplitNNClient - INFO - 26140 - phase=train acc=0.7861607142857143 loss=41.76950088143349 epoch=25 and step=70
2026-04-23 18:35:09,530 - SplitNNClient - INFO - 24992 - phase=train acc=0.7505580357142857 loss=42.59795942902565 epoch=25 and step=70
2026-04-23 18:35:41,850 - SplitNNClient - INFO - 15064 - phase=train acc=0.7951171875 loss=45.234758377075195 epoch=25 and step=80
2026-04-23 18:35:42,941 - SplitNNClient - INFO - 26140 - phase=train acc=0.7890625 loss=47.2577910721302 epoch=25 and step=80
2026-04-23 18:35:44,116 - SplitNNClient - INFO - 24992 - phase=train acc=0.74814453125 loss=48.86263790726662 epoch=25 and step=80
2026-04-23 18:36:07,664 - SplitNNClient - INFO - 24992 - phase=train acc=0.7473090277777777 loss=54.97965136170387 epoch=25 and step=90
2026-04-23 18:36:26,258 - SplitNNClient - INFO - 24992 - phase=train acc=0.747578125 loss=60.95792296528816 epoch=25 and step=100
2026-04-23 18:36:44,913 - SplitNNClient - INFO - 24992 - phase=train acc=0.7482244318181818 loss=66.87854281067848 epoch=25 and step=110
2026-04-23 18:37:03,469 - SplitNNClient - INFO - 24992 - phase=train acc=0.7470052083333333 loss=73.04596623778343 epoch=25 and step=120
2026-04-23 18:37:22,142 - SplitNNClient - INFO - 24992 - phase=train acc=0.7485576923076923 loss=78.68160402774811 epoch=25 and step=130
2026-04-23 18:37:22,188 - FedServerManager - INFO - 22168 - get all model params ---- from rank fed_server
2026-04-23 18:37:34,578 - SplitNNClient - INFO - 25280 - phase=validation acc=0.55 loss=98.40050041675568 epoch=25 and step=79
2026-04-23 18:37:34,650 - SplitNNClient - INFO - 15064 - phase=validation acc=0.55 loss=98.40050041675568 epoch=25 and step=79
2026-04-23 18:37:34,684 - SplitNNClient - INFO - 20924 - phase=validation acc=0.55 loss=98.40050041675568 epoch=25 and step=79
2026-04-23 18:37:34,728 - SplitNNClient - INFO - 26140 - phase=validation acc=0.55 loss=98.40050041675568 epoch=25 and step=79
2026-04-23 18:37:34,816 - SplitNNClient - INFO - 24992 - phase=validation acc=0.55 loss=98.40050041675568 epoch=25 and step=79
2026-04-23 18:37:37,627 - SplitNNClient - INFO - 26140 - phase=train acc=0.74296875 loss=7.789790689945221 epoch=26 and step=10
2026-04-23 18:37:37,761 - SplitNNClient - INFO - 20924 - phase=train acc=0.61953125 loss=11.081688940525055 epoch=26 and step=10
2026-04-23 18:37:37,822 - SplitNNClient - INFO - 15064 - phase=train acc=0.7625 loss=6.609212964773178 epoch=26 and step=10
2026-04-23 18:37:37,895 - SplitNNClient - INFO - 25280 - phase=train acc=0.79765625 loss=7.030102103948593 epoch=26 and step=10
2026-04-23 18:37:38,011 - SplitNNClient - INFO - 24992 - phase=train acc=0.75625 loss=6.154360264539719 epoch=26 and step=10
2026-04-23 18:37:40,729 - SplitNNClient - INFO - 26140 - phase=train acc=0.77109375 loss=13.579528450965881 epoch=26 and step=20
2026-04-23 18:37:40,948 - SplitNNClient - INFO - 20924 - phase=train acc=0.69921875 loss=17.54228764772415 epoch=26 and step=20
2026-04-23 18:37:41,019 - SplitNNClient - INFO - 15064 - phase=train acc=0.779296875 loss=12.21949514746666 epoch=26 and step=20
2026-04-23 18:37:41,166 - SplitNNClient - INFO - 25280 - phase=train acc=0.83828125 loss=11.129993051290512 epoch=26 and step=20
2026-04-23 18:37:41,233 - SplitNNClient - INFO - 24992 - phase=train acc=0.76796875 loss=11.831382781267166 epoch=26 and step=20
2026-04-23 18:37:44,070 - SplitNNClient - INFO - 26140 - phase=train acc=0.77109375 loss=19.488020479679108 epoch=26 and step=30
2026-04-23 18:37:44,205 - SplitNNClient - INFO - 20924 - phase=train acc=0.7234375 loss=23.63347154855728 epoch=26 and step=30
2026-04-23 18:37:44,318 - SplitNNClient - INFO - 15064 - phase=train acc=0.7888020833333333 loss=17.29186260700226 epoch=26 and step=30
2026-04-23 18:37:44,433 - SplitNNClient - INFO - 25280 - phase=train acc=0.85234375 loss=14.753641873598099 epoch=26 and step=30
2026-04-23 18:37:44,549 - SplitNNClient - INFO - 24992 - phase=train acc=0.7640625 loss=18.005424588918686 epoch=26 and step=30
2026-04-23 18:37:46,963 - SplitNNClient - INFO - 26140 - phase=train acc=0.7783203125 loss=24.958620965480804 epoch=26 and step=40
2026-04-23 18:37:47,035 - SplitNNClient - INFO - 20924 - phase=train acc=0.7357421875 loss=29.58970609307289 epoch=26 and step=40
2026-04-23 18:37:47,081 - SplitNNClient - INFO - 15064 - phase=train acc=0.794140625 loss=22.514197915792465 epoch=26 and step=40
2026-04-23 18:37:47,431 - SplitNNClient - INFO - 24992 - phase=train acc=0.7568359375 loss=24.06445601582527 epoch=26 and step=40
2026-04-23 18:37:49,663 - SplitNNClient - INFO - 26140 - phase=train acc=0.7821875 loss=30.77261146903038 epoch=26 and step=50
2026-04-23 18:37:49,708 - SplitNNClient - INFO - 20924 - phase=train acc=0.74546875 loss=35.39502361416817 epoch=26 and step=50
2026-04-23 18:37:49,777 - SplitNNClient - INFO - 15064 - phase=train acc=0.7978125 loss=27.717903912067413 epoch=26 and step=50
2026-04-23 18:37:50,097 - SplitNNClient - INFO - 24992 - phase=train acc=0.75625 loss=29.922273814678192 epoch=26 and step=50
2026-04-23 18:37:52,334 - SplitNNClient - INFO - 26140 - phase=train acc=0.7826822916666667 loss=36.73632922768593 epoch=26 and step=60
2026-04-23 18:37:52,454 - SplitNNClient - INFO - 15064 - phase=train acc=0.7993489583333333 loss=33.32589599490166 epoch=26 and step=60
2026-04-23 18:37:52,730 - SplitNNClient - INFO - 24992 - phase=train acc=0.7545572916666666 loss=35.88209217786789 epoch=26 and step=60
2026-04-23 18:37:54,663 - SplitNNClient - INFO - 26140 - phase=train acc=0.7870535714285715 loss=42.016232430934906 epoch=26 and step=70
2026-04-23 18:37:54,735 - SplitNNClient - INFO - 15064 - phase=train acc=0.80078125 loss=38.319392651319504 epoch=26 and step=70
2026-04-23 18:37:55,101 - SplitNNClient - INFO - 24992 - phase=train acc=0.7545758928571429 loss=41.67253094911575 epoch=26 and step=70
2026-04-23 18:37:56,963 - SplitNNClient - INFO - 26140 - phase=train acc=0.78974609375 loss=47.24133434891701 epoch=26 and step=80
2026-04-23 18:37:57,035 - SplitNNClient - INFO - 15064 - phase=train acc=0.80390625 loss=43.43569573760033 epoch=26 and step=80
2026-04-23 18:37:57,334 - SplitNNClient - INFO - 24992 - phase=train acc=0.75791015625 loss=47.41877418756485 epoch=26 and step=80
2026-04-23 18:37:59,142 - SplitNNClient - INFO - 24992 - phase=train acc=0.7577256944444445 loss=53.51207208633423 epoch=26 and step=90
2026-04-23 18:38:00,741 - SplitNNClient - INFO - 24992 - phase=train acc=0.757734375 loss=59.587292551994324 epoch=26 and step=100
2026-04-23 18:38:02,410 - SplitNNClient - INFO - 24992 - phase=train acc=0.7589488636363636 loss=65.25507146120071 epoch=26 and step=110
2026-04-23 18:38:04,229 - SplitNNClient - INFO - 24992 - phase=train acc=0.759375 loss=71.21216660737991 epoch=26 and step=120
2026-04-23 18:38:05,772 - SplitNNClient - INFO - 24992 - phase=train acc=0.7600961538461538 loss=76.84361058473587 epoch=26 and step=130
2026-04-23 18:38:05,814 - FedServerManager - INFO - 22168 - get all model params ---- from rank fed_server
2026-04-23 18:38:17,995 - SplitNNClient - INFO - 25280 - phase=validation acc=0.5698 loss=96.369943857193 epoch=26 and step=79
2026-04-23 18:38:18,078 - SplitNNClient - INFO - 24992 - phase=validation acc=0.5698 loss=96.369943857193 epoch=26 and step=79
2026-04-23 18:38:18,107 - SplitNNClient - INFO - 20924 - phase=validation acc=0.5698 loss=96.369943857193 epoch=26 and step=79
2026-04-23 18:38:18,154 - SplitNNClient - INFO - 15064 - phase=validation acc=0.5698 loss=96.369943857193 epoch=26 and step=79
2026-04-23 18:38:18,226 - SplitNNClient - INFO - 26140 - phase=validation acc=0.5698 loss=96.369943857193 epoch=26 and step=79
2026-04-23 18:38:21,184 - SplitNNClient - INFO - 15064 - phase=train acc=0.784375 loss=6.5073089599609375 epoch=27 and step=10
2026-04-23 18:38:21,250 - SplitNNClient - INFO - 24992 - phase=train acc=0.77265625 loss=6.134049445390701 epoch=27 and step=10
2026-04-23 18:38:21,317 - SplitNNClient - INFO - 26140 - phase=train acc=0.740625 loss=7.487581133842468 epoch=27 and step=10
2026-04-23 18:38:21,358 - SplitNNClient - INFO - 25280 - phase=train acc=0.8109375 loss=6.5792557299137115 epoch=27 and step=10
2026-04-23 18:38:21,419 - SplitNNClient - INFO - 20924 - phase=train acc=0.615625 loss=11.163038313388824 epoch=27 and step=10
2026-04-23 18:38:24,259 - SplitNNClient - INFO - 15064 - phase=train acc=0.7953125 loss=11.691796153783798 epoch=27 and step=20
2026-04-23 18:38:24,309 - SplitNNClient - INFO - 24992 - phase=train acc=0.768359375 loss=11.973985642194748 epoch=27 and step=20
2026-04-23 18:38:24,374 - SplitNNClient - INFO - 26140 - phase=train acc=0.767578125 loss=13.508487224578857 epoch=27 and step=20
2026-04-23 18:38:24,444 - SplitNNClient - INFO - 25280 - phase=train acc=0.84765625 loss=10.484044581651688 epoch=27 and step=20
2026-04-23 18:38:24,515 - SplitNNClient - INFO - 20924 - phase=train acc=0.7078125 loss=17.11766317486763 epoch=27 and step=20
2026-04-23 18:38:27,356 - SplitNNClient - INFO - 15064 - phase=train acc=0.8096354166666667 loss=16.47248351573944 epoch=27 and step=30
2026-04-23 18:38:27,397 - SplitNNClient - INFO - 24992 - phase=train acc=0.77578125 loss=17.12181654572487 epoch=27 and step=30
2026-04-23 18:38:27,463 - SplitNNClient - INFO - 26140 - phase=train acc=0.7791666666666667 loss=19.089561253786087 epoch=27 and step=30
2026-04-23 18:38:27,504 - SplitNNClient - INFO - 25280 - phase=train acc=0.8630208333333333 loss=14.12975212931633 epoch=27 and step=30
2026-04-23 18:38:27,597 - SplitNNClient - INFO - 20924 - phase=train acc=0.7341145833333333 loss=22.907558768987656 epoch=27 and step=30
2026-04-23 18:38:30,126 - SplitNNClient - INFO - 15064 - phase=train acc=0.8125 loss=21.44742986559868 epoch=27 and step=40
2026-04-23 18:38:30,196 - SplitNNClient - INFO - 24992 - phase=train acc=0.7736328125 loss=22.685208350419998 epoch=27 and step=40
2026-04-23 18:38:30,296 - SplitNNClient - INFO - 26140 - phase=train acc=0.7828125 loss=24.667842239141464 epoch=27 and step=40
2026-04-23 18:38:30,340 - SplitNNClient - INFO - 20924 - phase=train acc=0.74609375 loss=28.731766641139984 epoch=27 and step=40
2026-04-23 18:38:32,827 - SplitNNClient - INFO - 15064 - phase=train acc=0.813125 loss=26.608342558145523 epoch=27 and step=50
2026-04-23 18:38:32,891 - SplitNNClient - INFO - 24992 - phase=train acc=0.76796875 loss=29.091666728258133 epoch=27 and step=50
2026-04-23 18:38:32,960 - SplitNNClient - INFO - 26140 - phase=train acc=0.7859375 loss=30.21797439455986 epoch=27 and step=50
2026-04-23 18:38:32,999 - SplitNNClient - INFO - 20924 - phase=train acc=0.75671875 loss=34.38516643643379 epoch=27 and step=50
2026-04-23 18:38:35,613 - SplitNNClient - INFO - 15064 - phase=train acc=0.811328125 loss=31.724949926137924 epoch=27 and step=60
2026-04-23 18:38:35,652 - SplitNNClient - INFO - 26140 - phase=train acc=0.7880208333333333 loss=35.647254914045334 epoch=27 and step=60
2026-04-23 18:38:35,782 - SplitNNClient - INFO - 24992 - phase=train acc=0.7666666666666667 loss=35.104202657938 epoch=27 and step=60
2026-04-23 18:38:37,858 - SplitNNClient - INFO - 15064 - phase=train acc=0.81328125 loss=36.567281901836395 epoch=27 and step=70
2026-04-23 18:38:37,980 - SplitNNClient - INFO - 26140 - phase=train acc=0.7893973214285714 loss=41.261302679777145 epoch=27 and step=70
2026-04-23 18:38:38,052 - SplitNNClient - INFO - 24992 - phase=train acc=0.7674107142857143 loss=40.83977338671684 epoch=27 and step=70
2026-04-23 18:38:40,175 - SplitNNClient - INFO - 15064 - phase=train acc=0.81494140625 loss=41.357583820819855 epoch=27 and step=80
2026-04-23 18:38:40,239 - SplitNNClient - INFO - 26140 - phase=train acc=0.79013671875 loss=46.6041234433651 epoch=27 and step=80
2026-04-23 18:38:40,338 - SplitNNClient - INFO - 24992 - phase=train acc=0.76875 loss=45.98156541585922 epoch=27 and step=80
2026-04-23 18:38:42,350 - SplitNNClient - INFO - 24992 - phase=train acc=0.7675347222222222 loss=51.71001976728439 epoch=27 and step=90
2026-04-23 18:38:43,890 - SplitNNClient - INFO - 24992 - phase=train acc=0.76546875 loss=57.60992205142975 epoch=27 and step=100
2026-04-23 18:38:45,708 - SplitNNClient - INFO - 24992 - phase=train acc=0.765625 loss=63.46218857169151 epoch=27 and step=110
2026-04-23 18:38:47,283 - SplitNNClient - INFO - 24992 - phase=train acc=0.7638671875 loss=69.40756285190582 epoch=27 and step=120
2026-04-23 18:38:48,923 - SplitNNClient - INFO - 24992 - phase=train acc=0.7640625 loss=75.30821061134338 epoch=27 and step=130
2026-04-23 18:38:48,978 - FedServerManager - INFO - 22168 - get all model params ---- from rank fed_server
2026-04-23 18:39:01,872 - SplitNNClient - INFO - 15064 - phase=validation acc=0.557 loss=97.12395668029785 epoch=27 and step=79
2026-04-23 18:39:02,023 - SplitNNClient - INFO - 25280 - phase=validation acc=0.557 loss=97.12395668029785 epoch=27 and step=79
2026-04-23 18:39:02,126 - SplitNNClient - INFO - 20924 - phase=validation acc=0.557 loss=97.12395668029785 epoch=27 and step=79
2026-04-23 18:39:02,421 - SplitNNClient - INFO - 26140 - phase=validation acc=0.557 loss=97.12395668029785 epoch=27 and step=79
2026-04-23 18:39:02,475 - SplitNNClient - INFO - 24992 - phase=validation acc=0.557 loss=97.12395668029785 epoch=27 and step=79
2026-04-23 18:39:05,450 - SplitNNClient - INFO - 26140 - phase=train acc=0.77734375 loss=6.726586699485779 epoch=28 and step=10
2026-04-23 18:39:05,520 - SplitNNClient - INFO - 20924 - phase=train acc=0.646875 loss=10.565242946147919 epoch=28 and step=10
2026-04-23 18:39:05,592 - SplitNNClient - INFO - 15064 - phase=train acc=0.78359375 loss=6.381583273410797 epoch=28 and step=10
2026-04-23 18:39:05,660 - SplitNNClient - INFO - 24992 - phase=train acc=0.76484375 loss=6.315118074417114 epoch=28 and step=10
2026-04-23 18:39:05,704 - SplitNNClient - INFO - 25280 - phase=train acc=0.803125 loss=6.596233487129211 epoch=28 and step=10
2026-04-23 18:39:08,512 - SplitNNClient - INFO - 26140 - phase=train acc=0.780859375 loss=12.909042954444885 epoch=28 and step=20
2026-04-23 18:39:08,574 - SplitNNClient - INFO - 20924 - phase=train acc=0.70546875 loss=17.014201432466507 epoch=28 and step=20
2026-04-23 18:39:08,708 - SplitNNClient - INFO - 15064 - phase=train acc=0.790234375 loss=11.74502545595169 epoch=28 and step=20
2026-04-23 18:39:08,779 - SplitNNClient - INFO - 25280 - phase=train acc=0.842578125 loss=11.042093843221664 epoch=28 and step=20
2026-04-23 18:39:08,954 - SplitNNClient - INFO - 24992 - phase=train acc=0.77109375 loss=11.876441180706024 epoch=28 and step=20
2026-04-23 18:39:11,613 - SplitNNClient - INFO - 26140 - phase=train acc=0.7815104166666667 loss=19.001430213451385 epoch=28 and step=30
2026-04-23 18:39:11,681 - SplitNNClient - INFO - 20924 - phase=train acc=0.73359375 loss=22.81094717979431 epoch=28 and step=30
2026-04-23 18:39:11,749 - SplitNNClient - INFO - 15064 - phase=train acc=0.8033854166666666 loss=16.448259234428406 epoch=28 and step=30
2026-04-23 18:39:11,854 - SplitNNClient - INFO - 25280 - phase=train acc=0.8611979166666667 loss=14.215080559253693 epoch=28 and step=30
2026-04-23 18:39:12,127 - SplitNNClient - INFO - 24992 - phase=train acc=0.7638020833333333 loss=17.981093049049377 epoch=28 and step=30
2026-04-23 18:39:14,530 - SplitNNClient - INFO - 26140 - phase=train acc=0.78203125 loss=24.887177407741547 epoch=28 and step=40
2026-04-23 18:39:14,592 - SplitNNClient - INFO - 20924 - phase=train acc=0.7470703125 loss=28.464877367019653 epoch=28 and step=40
2026-04-23 18:39:14,664 - SplitNNClient - INFO - 15064 - phase=train acc=0.8099609375 loss=21.30143079161644 epoch=28 and step=40
2026-04-23 18:39:14,983 - SplitNNClient - INFO - 24992 - phase=train acc=0.7681640625 loss=23.536366969347 epoch=28 and step=40
2026-04-23 18:39:17,207 - SplitNNClient - INFO - 26140 - phase=train acc=0.78296875 loss=30.55748951435089 epoch=28 and step=50
2026-04-23 18:39:17,248 - SplitNNClient - INFO - 20924 - phase=train acc=0.7565625 loss=34.25027233362198 epoch=28 and step=50
2026-04-23 18:39:17,318 - SplitNNClient - INFO - 15064 - phase=train acc=0.80828125 loss=26.508603155612946 epoch=28 and step=50
2026-04-23 18:39:17,667 - SplitNNClient - INFO - 24992 - phase=train acc=0.76890625 loss=28.888255923986435 epoch=28 and step=50
2026-04-23 18:39:19,796 - SplitNNClient - INFO - 26140 - phase=train acc=0.7854166666666667 loss=36.15198063850403 epoch=28 and step=60
2026-04-23 18:39:19,965 - SplitNNClient - INFO - 15064 - phase=train acc=0.8096354166666667 loss=31.42123246192932 epoch=28 and step=60
2026-04-23 18:39:20,325 - SplitNNClient - INFO - 24992 - phase=train acc=0.7696614583333333 loss=34.292141526937485 epoch=28 and step=60
2026-04-23 18:39:22,070 - SplitNNClient - INFO - 26140 - phase=train acc=0.7905133928571428 loss=41.06948074698448 epoch=28 and step=70
2026-04-23 18:39:22,233 - SplitNNClient - INFO - 15064 - phase=train acc=0.8107142857142857 loss=36.338804334402084 epoch=28 and step=70
2026-04-23 18:39:22,630 - SplitNNClient - INFO - 24992 - phase=train acc=0.771875 loss=39.719928830862045 epoch=28 and step=70
2026-04-23 18:39:24,368 - SplitNNClient - INFO - 26140 - phase=train acc=0.79169921875 loss=46.40379771590233 epoch=28 and step=80
2026-04-23 18:39:24,570 - SplitNNClient - INFO - 15064 - phase=train acc=0.81044921875 loss=41.628647685050964 epoch=28 and step=80
2026-04-23 18:39:24,920 - SplitNNClient - INFO - 24992 - phase=train acc=0.772265625 loss=45.06451216340065 epoch=28 and step=80
2026-04-23 18:39:26,815 - SplitNNClient - INFO - 24992 - phase=train acc=0.7728298611111111 loss=50.661645978689194 epoch=28 and step=90
2026-04-23 18:39:28,598 - SplitNNClient - INFO - 24992 - phase=train acc=0.772734375 loss=56.39326700568199 epoch=28 and step=100
2026-04-23 18:39:30,139 - SplitNNClient - INFO - 24992 - phase=train acc=0.7757102272727273 loss=61.48896235227585 epoch=28 and step=110
2026-04-23 18:39:31,694 - SplitNNClient - INFO - 24992 - phase=train acc=0.7740885416666666 loss=67.28127139806747 epoch=28 and step=120
2026-04-23 18:39:33,234 - SplitNNClient - INFO - 24992 - phase=train acc=0.7751201923076924 loss=72.67443451285362 epoch=28 and step=130
2026-04-23 18:39:33,304 - FedServerManager - INFO - 22168 - get all model params ---- from rank fed_server
2026-04-23 18:39:45,683 - SplitNNClient - INFO - 24992 - phase=validation acc=0.561 loss=94.8677042722702 epoch=28 and step=79
2026-04-23 18:39:45,689 - SplitNNClient - INFO - 20924 - phase=validation acc=0.561 loss=94.8677042722702 epoch=28 and step=79
2026-04-23 18:39:45,719 - SplitNNClient - INFO - 15064 - phase=validation acc=0.561 loss=94.8677042722702 epoch=28 and step=79
2026-04-23 18:39:45,761 - SplitNNClient - INFO - 25280 - phase=validation acc=0.561 loss=94.8677042722702 epoch=28 and step=79
2026-04-23 18:39:45,777 - SplitNNClient - INFO - 26140 - phase=validation acc=0.561 loss=94.8677042722702 epoch=28 and step=79
2026-04-23 18:39:48,861 - SplitNNClient - INFO - 26140 - phase=train acc=0.74453125 loss=7.102074205875397 epoch=29 and step=10
2026-04-23 18:39:48,935 - SplitNNClient - INFO - 25280 - phase=train acc=0.79609375 loss=6.962880104780197 epoch=29 and step=10
2026-04-23 18:39:49,001 - SplitNNClient - INFO - 20924 - phase=train acc=0.653125 loss=10.395121455192566 epoch=29 and step=10
2026-04-23 18:39:49,044 - SplitNNClient - INFO - 24992 - phase=train acc=0.784375 loss=5.690196752548218 epoch=29 and step=10
2026-04-23 18:39:49,111 - SplitNNClient - INFO - 15064 - phase=train acc=0.7921875 loss=6.179924845695496 epoch=29 and step=10
2026-04-23 18:39:52,046 - SplitNNClient - INFO - 26140 - phase=train acc=0.7609375 loss=12.977813422679901 epoch=29 and step=20
2026-04-23 18:39:52,108 - SplitNNClient - INFO - 25280 - phase=train acc=0.8390625 loss=10.79689747095108 epoch=29 and step=20
2026-04-23 18:39:52,175 - SplitNNClient - INFO - 20924 - phase=train acc=0.712109375 loss=17.03189355134964 epoch=29 and step=20
2026-04-23 18:39:52,212 - SplitNNClient - INFO - 24992 - phase=train acc=0.77890625 loss=11.09247201681137 epoch=29 and step=20
2026-04-23 18:39:52,309 - SplitNNClient - INFO - 15064 - phase=train acc=0.803515625 loss=11.150507032871246 epoch=29 and step=20
2026-04-23 18:39:55,239 - SplitNNClient - INFO - 26140 - phase=train acc=0.7731770833333333 loss=18.768055766820908 epoch=29 and step=30
2026-04-23 18:39:55,306 - SplitNNClient - INFO - 25280 - phase=train acc=0.8611979166666667 loss=13.792292401194572 epoch=29 and step=30
2026-04-23 18:39:55,345 - SplitNNClient - INFO - 20924 - phase=train acc=0.7359375 loss=22.772744059562683 epoch=29 and step=30
2026-04-23 18:39:55,405 - SplitNNClient - INFO - 24992 - phase=train acc=0.76875 loss=17.071760416030884 epoch=29 and step=30
2026-04-23 18:39:55,501 - SplitNNClient - INFO - 15064 - phase=train acc=0.8104166666666667 loss=16.145691096782684 epoch=29 and step=30
2026-04-23 18:39:58,051 - SplitNNClient - INFO - 26140 - phase=train acc=0.776953125 loss=24.47567367553711 epoch=29 and step=40
2026-04-23 18:39:58,148 - SplitNNClient - INFO - 20924 - phase=train acc=0.7474609375 loss=28.60056635737419 epoch=29 and step=40
2026-04-23 18:39:58,215 - SplitNNClient - INFO - 24992 - phase=train acc=0.767578125 loss=22.902331709861755 epoch=29 and step=40
2026-04-23 18:39:58,261 - SplitNNClient - INFO - 15064 - phase=train acc=0.8142578125 loss=21.09524169564247 epoch=29 and step=40
2026-04-23 18:40:00,770 - SplitNNClient - INFO - 26140 - phase=train acc=0.7846875 loss=29.503670394420624 epoch=29 and step=50
2026-04-23 18:40:00,844 - SplitNNClient - INFO - 20924 - phase=train acc=0.7534375 loss=34.49219450354576 epoch=29 and step=50
2026-04-23 18:40:00,944 - SplitNNClient - INFO - 24992 - phase=train acc=0.76859375 loss=28.42034763097763 epoch=29 and step=50
2026-04-23 18:40:00,987 - SplitNNClient - INFO - 15064 - phase=train acc=0.81765625 loss=25.829658716917038 epoch=29 and step=50
2026-04-23 18:40:03,422 - SplitNNClient - INFO - 26140 - phase=train acc=0.7885416666666667 loss=34.971979320049286 epoch=29 and step=60
2026-04-23 18:40:03,525 - SplitNNClient - INFO - 24992 - phase=train acc=0.7680989583333333 loss=34.18292936682701 epoch=29 and step=60
2026-04-23 18:40:03,589 - SplitNNClient - INFO - 15064 - phase=train acc=0.8171875 loss=30.917348235845566 epoch=29 and step=60
2026-04-23 18:40:05,727 - SplitNNClient - INFO - 26140 - phase=train acc=0.79140625 loss=40.23488175868988 epoch=29 and step=70
2026-04-23 18:40:05,825 - SplitNNClient - INFO - 24992 - phase=train acc=0.7685267857142857 loss=39.396917909383774 epoch=29 and step=70
2026-04-23 18:40:05,892 - SplitNNClient - INFO - 15064 - phase=train acc=0.8193080357142857 loss=35.432807952165604 epoch=29 and step=70
2026-04-23 18:40:08,069 - SplitNNClient - INFO - 26140 - phase=train acc=0.7947265625 loss=45.298078298568726 epoch=29 and step=80
2026-04-23 18:40:08,142 - SplitNNClient - INFO - 24992 - phase=train acc=0.769921875 loss=45.049247831106186 epoch=29 and step=80
2026-04-23 18:40:08,246 - SplitNNClient - INFO - 15064 - phase=train acc=0.81611328125 loss=41.02644720673561 epoch=29 and step=80
2026-04-23 18:40:10,055 - SplitNNClient - INFO - 24992 - phase=train acc=0.7697048611111111 loss=50.7578150331974 epoch=29 and step=90
2026-04-23 18:40:11,599 - SplitNNClient - INFO - 24992 - phase=train acc=0.770234375 loss=56.35619252920151 epoch=29 and step=100
2026-04-23 18:40:13,294 - SplitNNClient - INFO - 24992 - phase=train acc=0.7716619318181818 loss=61.51505500078201 epoch=29 and step=110
2026-04-23 18:40:14,899 - SplitNNClient - INFO - 24992 - phase=train acc=0.7716796875 loss=66.82642379403114 epoch=29 and step=120
2026-04-23 18:40:16,440 - SplitNNClient - INFO - 24992 - phase=train acc=0.7737379807692307 loss=72.37223878502846 epoch=29 and step=130
2026-04-23 18:40:16,488 - FedServerManager - INFO - 22168 - get all model params ---- from rank fed_server
2026-04-23 18:40:29,836 - SplitNNClient - INFO - 20924 - phase=validation acc=0.5706 loss=94.52319478988647 epoch=29 and step=79
2026-04-23 18:40:29,983 - SplitNNClient - INFO - 26140 - phase=validation acc=0.5706 loss=94.52319478988647 epoch=29 and step=79
2026-04-23 18:40:30,001 - SplitNNClient - INFO - 25280 - phase=validation acc=0.5706 loss=94.52319478988647 epoch=29 and step=79
2026-04-23 18:40:30,169 - SplitNNClient - INFO - 15064 - phase=validation acc=0.5706 loss=94.52319478988647 epoch=29 and step=79
2026-04-23 18:40:30,736 - SplitNNClient - INFO - 24992 - phase=validation acc=0.5706 loss=94.52319478988647 epoch=29 and step=79
2026-04-23 18:40:33,841 - SplitNNClient - INFO - 25280 - phase=train acc=0.809375 loss=6.742196500301361 epoch=30 and step=10
2026-04-23 18:40:33,903 - SplitNNClient - INFO - 15064 - phase=train acc=0.78125 loss=6.3140570521354675 epoch=30 and step=10
2026-04-23 18:40:33,971 - SplitNNClient - INFO - 26140 - phase=train acc=0.7578125 loss=6.924202501773834 epoch=30 and step=10
2026-04-23 18:40:34,042 - SplitNNClient - INFO - 24992 - phase=train acc=0.77734375 loss=5.880669832229614 epoch=30 and step=10
2026-04-23 18:40:34,084 - SplitNNClient - INFO - 20924 - phase=train acc=0.659375 loss=10.289237976074219 epoch=30 and step=10
2026-04-23 18:40:36,897 - SplitNNClient - INFO - 25280 - phase=train acc=0.85625 loss=10.155432090163231 epoch=30 and step=20
2026-04-23 18:40:36,967 - SplitNNClient - INFO - 15064 - phase=train acc=0.798046875 loss=11.42266571521759 epoch=30 and step=20
2026-04-23 18:40:37,014 - SplitNNClient - INFO - 26140 - phase=train acc=0.7765625 loss=12.921513348817825 epoch=30 and step=20
2026-04-23 18:40:37,080 - SplitNNClient - INFO - 24992 - phase=train acc=0.771875 loss=11.234270066022873 epoch=30 and step=20
2026-04-23 18:40:37,128 - SplitNNClient - INFO - 20924 - phase=train acc=0.71875 loss=16.351321429014206 epoch=30 and step=20
2026-04-23 18:40:39,986 - SplitNNClient - INFO - 25280 - phase=train acc=0.8677083333333333 loss=13.33409783244133 epoch=30 and step=30
2026-04-23 18:40:40,056 - SplitNNClient - INFO - 15064 - phase=train acc=0.8078125 loss=16.15113466978073 epoch=30 and step=30
2026-04-23 18:40:40,100 - SplitNNClient - INFO - 26140 - phase=train acc=0.784375 loss=18.069033592939377 epoch=30 and step=30
2026-04-23 18:40:40,165 - SplitNNClient - INFO - 20924 - phase=train acc=0.7416666666666667 loss=22.10754159092903 epoch=30 and step=30
2026-04-23 18:40:40,234 - SplitNNClient - INFO - 24992 - phase=train acc=0.7736979166666667 loss=16.74203935265541 epoch=30 and step=30
2026-04-23 18:40:42,974 - SplitNNClient - INFO - 15064 - phase=train acc=0.8119140625 loss=21.042198568582535 epoch=30 and step=40
2026-04-23 18:40:43,019 - SplitNNClient - INFO - 26140 - phase=train acc=0.7890625 loss=23.33202636241913 epoch=30 and step=40
2026-04-23 18:40:43,118 - SplitNNClient - INFO - 20924 - phase=train acc=0.7626953125 loss=26.988048911094666 epoch=30 and step=40
2026-04-23 18:40:43,190 - SplitNNClient - INFO - 24992 - phase=train acc=0.77109375 loss=22.06337943673134 epoch=30 and step=40
2026-04-23 18:40:45,648 - SplitNNClient - INFO - 26140 - phase=train acc=0.79296875 loss=28.334437161684036 epoch=30 and step=50
2026-04-23 18:40:45,695 - SplitNNClient - INFO - 15064 - phase=train acc=0.81203125 loss=25.9706509411335 epoch=30 and step=50
2026-04-23 18:40:45,757 - SplitNNClient - INFO - 20924 - phase=train acc=0.7709375 loss=32.575939655303955 epoch=30 and step=50
2026-04-23 18:40:45,805 - SplitNNClient - INFO - 24992 - phase=train acc=0.76953125 loss=27.64045414328575 epoch=30 and step=50
2026-04-23 18:40:48,321 - SplitNNClient - INFO - 26140 - phase=train acc=0.79609375 loss=33.32776007056236 epoch=30 and step=60
2026-04-23 18:40:48,388 - SplitNNClient - INFO - 15064 - phase=train acc=0.8157552083333334 loss=30.809190958738327 epoch=30 and step=60
2026-04-23 18:40:48,485 - SplitNNClient - INFO - 24992 - phase=train acc=0.7696614583333333 loss=33.37535461783409 epoch=30 and step=60
2026-04-23 18:40:50,608 - SplitNNClient - INFO - 26140 - phase=train acc=0.7979910714285714 loss=38.775019735097885 epoch=30 and step=70
2026-04-23 18:40:50,731 - SplitNNClient - INFO - 15064 - phase=train acc=0.81953125 loss=35.233104199171066 epoch=30 and step=70
2026-04-23 18:40:50,795 - SplitNNClient - INFO - 24992 - phase=train acc=0.7702008928571429 loss=39.07414761185646 epoch=30 and step=70
2026-04-23 18:40:52,963 - SplitNNClient - INFO - 26140 - phase=train acc=0.7970703125 loss=44.16004058718681 epoch=30 and step=80
2026-04-23 18:40:53,060 - SplitNNClient - INFO - 15064 - phase=train acc=0.82109375 loss=39.97210595011711 epoch=30 and step=80
2026-04-23 18:40:53,123 - SplitNNClient - INFO - 24992 - phase=train acc=0.771875 loss=44.40931338071823 epoch=30 and step=80
2026-04-23 18:40:55,178 - SplitNNClient - INFO - 24992 - phase=train acc=0.7715277777777778 loss=49.911464631557465 epoch=30 and step=90
2026-04-23 18:40:56,779 - SplitNNClient - INFO - 24992 - phase=train acc=0.7715625 loss=55.48719581961632 epoch=30 and step=100
2026-04-23 18:40:58,325 - SplitNNClient - INFO - 24992 - phase=train acc=0.7725852272727273 loss=60.88315463066101 epoch=30 and step=110
2026-04-23 18:40:59,866 - SplitNNClient - INFO - 24992 - phase=train acc=0.7729817708333333 loss=66.48287960886955 epoch=30 and step=120
2026-04-23 18:41:01,442 - SplitNNClient - INFO - 24992 - phase=train acc=0.7721754807692308 loss=72.06329470872879 epoch=30 and step=130
2026-04-23 18:41:01,505 - FedServerManager - INFO - 22168 - get all model params ---- from rank fed_server
2026-04-23 18:41:14,557 - SplitNNClient - INFO - 25280 - phase=validation acc=0.5643 loss=94.20693731307983 epoch=30 and step=79
2026-04-23 18:41:14,570 - SplitNNClient - INFO - 15064 - phase=validation acc=0.5643 loss=94.20693731307983 epoch=30 and step=79
2026-04-23 18:41:14,631 - SplitNNClient - INFO - 20924 - phase=validation acc=0.5643 loss=94.20693731307983 epoch=30 and step=79
2026-04-23 18:41:15,179 - SplitNNClient - INFO - 26140 - phase=validation acc=0.5643 loss=94.20693731307983 epoch=30 and step=79
2026-04-23 18:41:15,329 - SplitNNClient - INFO - 24992 - phase=validation acc=0.5643 loss=94.20693731307983 epoch=30 and step=79
2026-04-23 18:41:18,434 - SplitNNClient - INFO - 15064 - phase=train acc=0.8046875 loss=5.894841194152832 epoch=31 and step=10
2026-04-23 18:41:18,472 - SplitNNClient - INFO - 24992 - phase=train acc=0.78671875 loss=5.737102806568146 epoch=31 and step=10
2026-04-23 18:41:18,561 - SplitNNClient - INFO - 20924 - phase=train acc=0.646875 loss=10.03558099269867 epoch=31 and step=10
2026-04-23 18:41:18,633 - SplitNNClient - INFO - 25280 - phase=train acc=0.809375 loss=6.658651620149612 epoch=31 and step=10
2026-04-23 18:41:18,704 - SplitNNClient - INFO - 26140 - phase=train acc=0.7671875 loss=6.794209748506546 epoch=31 and step=10
2026-04-23 18:41:21,619 - SplitNNClient - INFO - 15064 - phase=train acc=0.81171875 loss=11.441400825977325 epoch=31 and step=20
2026-04-23 18:41:21,688 - SplitNNClient - INFO - 24992 - phase=train acc=0.7796875 loss=11.242939800024033 epoch=31 and step=20
2026-04-23 18:41:21,760 - SplitNNClient - INFO - 20924 - phase=train acc=0.71484375 loss=16.3135826587677 epoch=31 and step=20
2026-04-23 18:41:21,830 - SplitNNClient - INFO - 25280 - phase=train acc=0.84609375 loss=10.678716838359833 epoch=31 and step=20
2026-04-23 18:41:21,903 - SplitNNClient - INFO - 26140 - phase=train acc=0.79375 loss=11.652508050203323 epoch=31 and step=20
2026-04-23 18:41:24,815 - SplitNNClient - INFO - 15064 - phase=train acc=0.8114583333333333 loss=16.566528856754303 epoch=31 and step=30
2026-04-23 18:41:24,889 - SplitNNClient - INFO - 24992 - phase=train acc=0.7815104166666667 loss=16.43551304936409 epoch=31 and step=30
2026-04-23 18:41:24,924 - SplitNNClient - INFO - 20924 - phase=train acc=0.7348958333333333 loss=22.24909210205078 epoch=31 and step=30
2026-04-23 18:41:24,990 - SplitNNClient - INFO - 25280 - phase=train acc=0.8622395833333333 loss=13.953497022390366 epoch=31 and step=30
2026-04-23 18:41:25,068 - SplitNNClient - INFO - 26140 - phase=train acc=0.79453125 loss=17.430649667978287 epoch=31 and step=30
2026-04-23 18:41:27,699 - SplitNNClient - INFO - 15064 - phase=train acc=0.81484375 loss=21.56717425584793 epoch=31 and step=40
2026-04-23 18:41:27,746 - SplitNNClient - INFO - 24992 - phase=train acc=0.78359375 loss=21.54052895307541 epoch=31 and step=40
2026-04-23 18:41:27,845 - SplitNNClient - INFO - 26140 - phase=train acc=0.797265625 loss=22.796619534492493 epoch=31 and step=40
2026-04-23 18:41:27,890 - SplitNNClient - INFO - 20924 - phase=train acc=0.755078125 loss=27.535296082496643 epoch=31 and step=40
2026-04-23 18:41:30,442 - SplitNNClient - INFO - 15064 - phase=train acc=0.81265625 loss=26.648197948932648 epoch=31 and step=50
2026-04-23 18:41:30,507 - SplitNNClient - INFO - 26140 - phase=train acc=0.80140625 loss=27.73337811231613 epoch=31 and step=50
2026-04-23 18:41:30,608 - SplitNNClient - INFO - 20924 - phase=train acc=0.7653125 loss=32.91973999142647 epoch=31 and step=50
2026-04-23 18:41:30,754 - SplitNNClient - INFO - 24992 - phase=train acc=0.785 loss=26.73213917016983 epoch=31 and step=50
2026-04-23 18:41:33,230 - SplitNNClient - INFO - 26140 - phase=train acc=0.803125 loss=32.72416174411774 epoch=31 and step=60
2026-04-23 18:41:33,334 - SplitNNClient - INFO - 15064 - phase=train acc=0.81640625 loss=31.09932953119278 epoch=31 and step=60
2026-04-23 18:41:33,498 - SplitNNClient - INFO - 24992 - phase=train acc=0.7864583333333334 loss=31.96519762277603 epoch=31 and step=60
2026-04-23 18:41:35,520 - SplitNNClient - INFO - 26140 - phase=train acc=0.80390625 loss=38.02932521700859 epoch=31 and step=70
2026-04-23 18:41:35,630 - SplitNNClient - INFO - 15064 - phase=train acc=0.8200892857142857 loss=35.659357726573944 epoch=31 and step=70
2026-04-23 18:41:35,795 - SplitNNClient - INFO - 24992 - phase=train acc=0.7840401785714286 loss=38.04357314109802 epoch=31 and step=70
2026-04-23 18:41:37,799 - SplitNNClient - INFO - 26140 - phase=train acc=0.80751953125 loss=42.76197934150696 epoch=31 and step=80
2026-04-23 18:41:37,929 - SplitNNClient - INFO - 15064 - phase=train acc=0.82197265625 loss=40.06557324528694 epoch=31 and step=80
2026-04-23 18:41:38,091 - SplitNNClient - INFO - 24992 - phase=train acc=0.784375 loss=43.27984157204628 epoch=31 and step=80
2026-04-23 18:41:39,962 - SplitNNClient - INFO - 24992 - phase=train acc=0.784375 loss=48.75462359189987 epoch=31 and step=90
2026-04-23 18:41:41,572 - SplitNNClient - INFO - 24992 - phase=train acc=0.784296875 loss=54.11164432764053 epoch=31 and step=100
2026-04-23 18:41:43,270 - SplitNNClient - INFO - 24992 - phase=train acc=0.7843039772727273 loss=59.343981355428696 epoch=31 and step=110
2026-04-23 18:41:44,906 - SplitNNClient - INFO - 24992 - phase=train acc=0.7830078125 loss=65.05881813168526 epoch=31 and step=120
2026-04-23 18:41:46,483 - SplitNNClient - INFO - 24992 - phase=train acc=0.7816706730769231 loss=70.64258882403374 epoch=31 and step=130
2026-04-23 18:41:46,540 - FedServerManager - INFO - 22168 - get all model params ---- from rank fed_server
2026-04-23 18:41:59,871 - SplitNNClient - INFO - 15064 - phase=validation acc=0.5729 loss=93.66183948516846 epoch=31 and step=79
2026-04-23 18:41:59,878 - SplitNNClient - INFO - 25280 - phase=validation acc=0.5729 loss=93.66183948516846 epoch=31 and step=79
2026-04-23 18:42:00,013 - SplitNNClient - INFO - 20924 - phase=validation acc=0.5729 loss=93.66183948516846 epoch=31 and step=79
2026-04-23 18:42:00,480 - SplitNNClient - INFO - 26140 - phase=validation acc=0.5729 loss=93.66183948516846 epoch=31 and step=79
2026-04-23 18:42:00,861 - SplitNNClient - INFO - 24992 - phase=validation acc=0.5729 loss=93.66183948516846 epoch=31 and step=79
2026-04-23 18:42:03,898 - SplitNNClient - INFO - 25280 - phase=train acc=0.8140625 loss=6.684520363807678 epoch=32 and step=10
2026-04-23 18:42:03,967 - SplitNNClient - INFO - 15064 - phase=train acc=0.8 loss=5.915690451860428 epoch=32 and step=10
2026-04-23 18:42:04,009 - SplitNNClient - INFO - 24992 - phase=train acc=0.8 loss=5.709183603525162 epoch=32 and step=10
2026-04-23 18:42:04,080 - SplitNNClient - INFO - 26140 - phase=train acc=0.775 loss=6.362878173589706 epoch=32 and step=10
2026-04-23 18:42:04,154 - SplitNNClient - INFO - 20924 - phase=train acc=0.6578125 loss=10.19269049167633 epoch=32 and step=10
2026-04-23 18:42:07,124 - SplitNNClient - INFO - 25280 - phase=train acc=0.84140625 loss=11.036322116851807 epoch=32 and step=20
2026-04-23 18:42:07,194 - SplitNNClient - INFO - 15064 - phase=train acc=0.817578125 loss=10.157504856586456 epoch=32 and step=20
2026-04-23 18:42:07,235 - SplitNNClient - INFO - 24992 - phase=train acc=0.7875 loss=11.448551535606384 epoch=32 and step=20
2026-04-23 18:42:07,304 - SplitNNClient - INFO - 26140 - phase=train acc=0.798046875 loss=11.587039947509766 epoch=32 and step=20
2026-04-23 18:42:07,374 - SplitNNClient - INFO - 20924 - phase=train acc=0.721875 loss=16.160720705986023 epoch=32 and step=20
2026-04-23 18:42:10,293 - SplitNNClient - INFO - 25280 - phase=train acc=0.8583333333333333 loss=14.772376239299774 epoch=32 and step=30
2026-04-23 18:42:10,360 - SplitNNClient - INFO - 15064 - phase=train acc=0.8221354166666667 loss=14.867739021778107 epoch=32 and step=30
2026-04-23 18:42:10,435 - SplitNNClient - INFO - 24992 - phase=train acc=0.7927083333333333 loss=16.71488592028618 epoch=32 and step=30
2026-04-23 18:42:10,499 - SplitNNClient - INFO - 26140 - phase=train acc=0.8013020833333333 loss=16.665224879980087 epoch=32 and step=30
2026-04-23 18:42:10,567 - SplitNNClient - INFO - 20924 - phase=train acc=0.7395833333333334 loss=22.117585122585297 epoch=32 and step=30
2026-04-23 18:42:13,249 - SplitNNClient - INFO - 15064 - phase=train acc=0.824609375 loss=19.88068127632141 epoch=32 and step=40
2026-04-23 18:42:13,314 - SplitNNClient - INFO - 24992 - phase=train acc=0.7958984375 loss=21.51496922969818 epoch=32 and step=40
2026-04-23 18:42:13,389 - SplitNNClient - INFO - 26140 - phase=train acc=0.8029296875 loss=22.01409950852394 epoch=32 and step=40
2026-04-23 18:42:13,429 - SplitNNClient - INFO - 20924 - phase=train acc=0.7552734375 loss=27.64908277988434 epoch=32 and step=40
2026-04-23 18:42:15,922 - SplitNNClient - INFO - 15064 - phase=train acc=0.82109375 loss=24.925457566976547 epoch=32 and step=50
2026-04-23 18:42:15,963 - SplitNNClient - INFO - 24992 - phase=train acc=0.79125 loss=26.852456510066986 epoch=32 and step=50
2026-04-23 18:42:16,028 - SplitNNClient - INFO - 20924 - phase=train acc=0.76546875 loss=32.840818256139755 epoch=32 and step=50
2026-04-23 18:42:16,100 - SplitNNClient - INFO - 26140 - phase=train acc=0.80671875 loss=27.115429639816284 epoch=32 and step=50
2026-04-23 18:42:18,567 - SplitNNClient - INFO - 15064 - phase=train acc=0.8217447916666667 loss=29.657572090625763 epoch=32 and step=60
2026-04-23 18:42:18,636 - SplitNNClient - INFO - 24992 - phase=train acc=0.7921875 loss=31.883377760648727 epoch=32 and step=60
2026-04-23 18:42:18,743 - SplitNNClient - INFO - 26140 - phase=train acc=0.8069010416666667 loss=32.53283563256264 epoch=32 and step=60
2026-04-23 18:42:20,860 - SplitNNClient - INFO - 15064 - phase=train acc=0.8209821428571429 loss=34.59302991628647 epoch=32 and step=70
2026-04-23 18:42:20,932 - SplitNNClient - INFO - 24992 - phase=train acc=0.7930803571428572 loss=36.80044052004814 epoch=32 and step=70
2026-04-23 18:42:21,033 - SplitNNClient - INFO - 26140 - phase=train acc=0.8037946428571429 loss=38.01412108540535 epoch=32 and step=70
2026-04-23 18:42:23,138 - SplitNNClient - INFO - 15064 - phase=train acc=0.82021484375 loss=39.59657379984856 epoch=32 and step=80
2026-04-23 18:42:23,239 - SplitNNClient - INFO - 24992 - phase=train acc=0.7912109375 loss=42.34175714850426 epoch=32 and step=80
2026-04-23 18:42:23,301 - SplitNNClient - INFO - 26140 - phase=train acc=0.80830078125 loss=42.75591963529587 epoch=32 and step=80
2026-04-23 18:42:25,186 - SplitNNClient - INFO - 24992 - phase=train acc=0.78984375 loss=47.74282056093216 epoch=32 and step=90
2026-04-23 18:42:26,948 - SplitNNClient - INFO - 24992 - phase=train acc=0.78875 loss=53.16511136293411 epoch=32 and step=100
2026-04-23 18:42:28,555 - SplitNNClient - INFO - 24992 - phase=train acc=0.7878551136363636 loss=58.627521723508835 epoch=32 and step=110
2026-04-23 18:42:30,095 - SplitNNClient - INFO - 24992 - phase=train acc=0.7879557291666667 loss=63.64890295267105 epoch=32 and step=120
2026-04-23 18:42:31,641 - SplitNNClient - INFO - 24992 - phase=train acc=0.7870793269230769 loss=68.8384658396244 epoch=32 and step=130
2026-04-23 18:42:31,692 - FedServerManager - INFO - 22168 - get all model params ---- from rank fed_server
2026-04-23 18:42:44,756 - SplitNNClient - INFO - 25280 - phase=validation acc=0.5793 loss=94.4392648935318 epoch=32 and step=79
2026-04-23 18:42:44,887 - SplitNNClient - INFO - 20924 - phase=validation acc=0.5793 loss=94.4392648935318 epoch=32 and step=79
2026-04-23 18:42:44,978 - SplitNNClient - INFO - 15064 - phase=validation acc=0.5793 loss=94.4392648935318 epoch=32 and step=79
2026-04-23 18:42:45,634 - SplitNNClient - INFO - 26140 - phase=validation acc=0.5793 loss=94.4392648935318 epoch=32 and step=79
2026-04-23 18:42:46,065 - SplitNNClient - INFO - 24992 - phase=validation acc=0.5793 loss=94.4392648935318 epoch=32 and step=79
2026-04-23 18:42:49,258 - SplitNNClient - INFO - 15064 - phase=train acc=0.78828125 loss=5.90989226102829 epoch=33 and step=10
2026-04-23 18:42:49,329 - SplitNNClient - INFO - 24992 - phase=train acc=0.7859375 loss=5.747780412435532 epoch=33 and step=10
2026-04-23 18:42:49,370 - SplitNNClient - INFO - 25280 - phase=train acc=0.8 loss=6.970342844724655 epoch=33 and step=10
2026-04-23 18:42:49,432 - SplitNNClient - INFO - 26140 - phase=train acc=0.77578125 loss=6.384396910667419 epoch=33 and step=10
2026-04-23 18:42:49,501 - SplitNNClient - INFO - 20924 - phase=train acc=0.66796875 loss=9.807812333106995 epoch=33 and step=10
2026-04-23 18:42:52,464 - SplitNNClient - INFO - 26140 - phase=train acc=0.783984375 loss=12.005507856607437 epoch=33 and step=20
2026-04-23 18:42:52,531 - SplitNNClient - INFO - 25280 - phase=train acc=0.85390625 loss=9.994352847337723 epoch=33 and step=20
2026-04-23 18:42:52,634 - SplitNNClient - INFO - 15064 - phase=train acc=0.80546875 loss=10.851708263158798 epoch=33 and step=20
2026-04-23 18:42:52,700 - SplitNNClient - INFO - 24992 - phase=train acc=0.791015625 loss=10.71943548321724 epoch=33 and step=20
2026-04-23 18:42:52,880 - SplitNNClient - INFO - 20924 - phase=train acc=0.7328125 loss=15.974857777357101 epoch=33 and step=20
2026-04-23 18:42:55,531 - SplitNNClient - INFO - 26140 - phase=train acc=0.7893229166666667 loss=17.392528176307678 epoch=33 and step=30
2026-04-23 18:42:55,597 - SplitNNClient - INFO - 25280 - phase=train acc=0.86953125 loss=13.187430262565613 epoch=33 and step=30
2026-04-23 18:42:55,734 - SplitNNClient - INFO - 15064 - phase=train acc=0.8106770833333333 loss=15.783522874116898 epoch=33 and step=30
2026-04-23 18:42:55,778 - SplitNNClient - INFO - 24992 - phase=train acc=0.7846354166666667 loss=16.341819405555725 epoch=33 and step=30
2026-04-23 18:42:55,963 - SplitNNClient - INFO - 20924 - phase=train acc=0.7609375 loss=21.07547128200531 epoch=33 and step=30
2026-04-23 18:42:58,420 - SplitNNClient - INFO - 26140 - phase=train acc=0.7953125 loss=22.367428451776505 epoch=33 and step=40
2026-04-23 18:42:58,520 - SplitNNClient - INFO - 15064 - phase=train acc=0.8125 loss=20.71637988090515 epoch=33 and step=40
2026-04-23 18:42:58,589 - SplitNNClient - INFO - 24992 - phase=train acc=0.79140625 loss=21.204231411218643 epoch=33 and step=40
2026-04-23 18:42:58,730 - SplitNNClient - INFO - 20924 - phase=train acc=0.7716796875 loss=26.188801050186157 epoch=33 and step=40
2026-04-23 18:43:00,967 - SplitNNClient - INFO - 26140 - phase=train acc=0.79796875 loss=27.365825414657593 epoch=33 and step=50
2026-04-23 18:43:01,284 - SplitNNClient - INFO - 15064 - phase=train acc=0.81953125 loss=25.07864025235176 epoch=33 and step=50
2026-04-23 18:43:01,349 - SplitNNClient - INFO - 24992 - phase=train acc=0.79171875 loss=26.153342306613922 epoch=33 and step=50
2026-04-23 18:43:01,414 - SplitNNClient - INFO - 20924 - phase=train acc=0.778125 loss=31.40197205543518 epoch=33 and step=50
2026-04-23 18:43:03,623 - SplitNNClient - INFO - 26140 - phase=train acc=0.7966145833333333 loss=33.06532508134842 epoch=33 and step=60
2026-04-23 18:43:03,930 - SplitNNClient - INFO - 15064 - phase=train acc=0.8212239583333333 loss=29.602333456277847 epoch=33 and step=60
2026-04-23 18:43:04,057 - SplitNNClient - INFO - 24992 - phase=train acc=0.7927083333333333 loss=31.12260729074478 epoch=33 and step=60
2026-04-23 18:43:05,950 - SplitNNClient - INFO - 26140 - phase=train acc=0.8 loss=38.038879692554474 epoch=33 and step=70
2026-04-23 18:43:06,259 - SplitNNClient - INFO - 15064 - phase=train acc=0.8247767857142857 loss=33.94654017686844 epoch=33 and step=70
2026-04-23 18:43:06,357 - SplitNNClient - INFO - 24992 - phase=train acc=0.7946428571428571 loss=36.02835437655449 epoch=33 and step=70
2026-04-23 18:43:08,238 - SplitNNClient - INFO - 26140 - phase=train acc=0.80322265625 loss=42.95854997634888 epoch=33 and step=80
2026-04-23 18:43:08,575 - SplitNNClient - INFO - 15064 - phase=train acc=0.8267578125 loss=38.51120865345001 epoch=33 and step=80
2026-04-23 18:43:08,613 - SplitNNClient - INFO - 24992 - phase=train acc=0.7943359375 loss=41.1932792365551 epoch=33 and step=80
2026-04-23 18:43:10,537 - SplitNNClient - INFO - 24992 - phase=train acc=0.7951388888888888 loss=46.35775628685951 epoch=33 and step=90
2026-04-23 18:43:12,088 - SplitNNClient - INFO - 24992 - phase=train acc=0.793046875 loss=51.789550334215164 epoch=33 and step=100
2026-04-23 18:43:13,873 - SplitNNClient - INFO - 24992 - phase=train acc=0.79296875 loss=56.95921590924263 epoch=33 and step=110
2026-04-23 18:43:15,610 - SplitNNClient - INFO - 24992 - phase=train acc=0.7932291666666667 loss=62.054874151945114 epoch=33 and step=120
2026-04-23 18:43:17,286 - SplitNNClient - INFO - 24992 - phase=train acc=0.7916466346153846 loss=67.76332202553749 epoch=33 and step=130
2026-04-23 18:43:17,354 - FedServerManager - INFO - 22168 - get all model params ---- from rank fed_server
2026-04-23 18:43:29,587 - SplitNNClient - INFO - 15064 - phase=validation acc=0.5792 loss=94.81184232234955 epoch=33 and step=79
2026-04-23 18:43:29,623 - SplitNNClient - INFO - 24992 - phase=validation acc=0.5792 loss=94.81184232234955 epoch=33 and step=79
2026-04-23 18:43:29,694 - SplitNNClient - INFO - 20924 - phase=validation acc=0.5792 loss=94.81184232234955 epoch=33 and step=79
2026-04-23 18:43:29,771 - SplitNNClient - INFO - 25280 - phase=validation acc=0.5792 loss=94.81184232234955 epoch=33 and step=79
2026-04-23 18:43:29,831 - SplitNNClient - INFO - 26140 - phase=validation acc=0.5792 loss=94.81184232234955 epoch=33 and step=79
2026-04-23 18:43:32,892 - SplitNNClient - INFO - 26140 - phase=train acc=0.771875 loss=6.555263698101044 epoch=34 and step=10
2026-04-23 18:43:32,956 - SplitNNClient - INFO - 15064 - phase=train acc=0.8171875 loss=5.585080653429031 epoch=34 and step=10
2026-04-23 18:43:33,023 - SplitNNClient - INFO - 24992 - phase=train acc=0.7921875 loss=5.318197697401047 epoch=34 and step=10
2026-04-23 18:43:33,095 - SplitNNClient - INFO - 25280 - phase=train acc=0.80078125 loss=7.011294811964035 epoch=34 and step=10
2026-04-23 18:43:33,165 - SplitNNClient - INFO - 20924 - phase=train acc=0.6515625 loss=10.159405052661896 epoch=34 and step=10
2026-04-23 18:43:36,127 - SplitNNClient - INFO - 26140 - phase=train acc=0.805859375 loss=11.20376905798912 epoch=34 and step=20
2026-04-23 18:43:36,168 - SplitNNClient - INFO - 25280 - phase=train acc=0.8515625 loss=10.493949636816978 epoch=34 and step=20
2026-04-23 18:43:36,229 - SplitNNClient - INFO - 15064 - phase=train acc=0.817578125 loss=10.503806680440903 epoch=34 and step=20
2026-04-23 18:43:36,296 - SplitNNClient - INFO - 24992 - phase=train acc=0.7890625 loss=10.476931095123291 epoch=34 and step=20
2026-04-23 18:43:36,360 - SplitNNClient - INFO - 20924 - phase=train acc=0.71875 loss=16.27904337644577 epoch=34 and step=20
2026-04-23 18:43:39,186 - SplitNNClient - INFO - 26140 - phase=train acc=0.8130208333333333 loss=16.112646609544754 epoch=34 and step=30
2026-04-23 18:43:39,251 - SplitNNClient - INFO - 25280 - phase=train acc=0.8661458333333333 loss=13.882525578141212 epoch=34 and step=30
2026-04-23 18:43:39,292 - SplitNNClient - INFO - 15064 - phase=train acc=0.82109375 loss=15.41290432214737 epoch=34 and step=30
2026-04-23 18:43:39,363 - SplitNNClient - INFO - 24992 - phase=train acc=0.78828125 loss=15.80965867638588 epoch=34 and step=30
2026-04-23 18:43:39,430 - SplitNNClient - INFO - 20924 - phase=train acc=0.7432291666666667 loss=22.0110764503479 epoch=34 and step=30
2026-04-23 18:43:42,058 - SplitNNClient - INFO - 26140 - phase=train acc=0.8158203125 loss=21.141039669513702 epoch=34 and step=40
2026-04-23 18:43:42,151 - SplitNNClient - INFO - 15064 - phase=train acc=0.8232421875 loss=19.927760809659958 epoch=34 and step=40
2026-04-23 18:43:42,195 - SplitNNClient - INFO - 24992 - phase=train acc=0.7921875 loss=20.725756376981735 epoch=34 and step=40
2026-04-23 18:43:42,265 - SplitNNClient - INFO - 20924 - phase=train acc=0.7529296875 loss=27.722656965255737 epoch=34 and step=40
2026-04-23 18:43:44,801 - SplitNNClient - INFO - 26140 - phase=train acc=0.81984375 loss=25.693567514419556 epoch=34 and step=50
2026-04-23 18:43:44,896 - SplitNNClient - INFO - 15064 - phase=train acc=0.82421875 loss=24.672558188438416 epoch=34 and step=50
2026-04-23 18:43:44,946 - SplitNNClient - INFO - 24992 - phase=train acc=0.79296875 loss=25.8922278881073 epoch=34 and step=50
2026-04-23 18:43:45,008 - SplitNNClient - INFO - 20924 - phase=train acc=0.763125 loss=33.13816583156586 epoch=34 and step=50
2026-04-23 18:43:47,467 - SplitNNClient - INFO - 26140 - phase=train acc=0.81640625 loss=31.15971601009369 epoch=34 and step=60
2026-04-23 18:43:47,507 - SplitNNClient - INFO - 15064 - phase=train acc=0.82578125 loss=29.379235476255417 epoch=34 and step=60
2026-04-23 18:43:47,632 - SplitNNClient - INFO - 24992 - phase=train acc=0.7927083333333333 loss=31.054988980293274 epoch=34 and step=60
2026-04-23 18:43:49,870 - SplitNNClient - INFO - 26140 - phase=train acc=0.8162946428571428 loss=36.23561069369316 epoch=34 and step=70
2026-04-23 18:43:49,931 - SplitNNClient - INFO - 15064 - phase=train acc=0.8277901785714286 loss=33.80653491616249 epoch=34 and step=70
2026-04-23 18:43:50,004 - SplitNNClient - INFO - 24992 - phase=train acc=0.7893973214285714 loss=36.56615251302719 epoch=34 and step=70
2026-04-23 18:43:52,213 - SplitNNClient - INFO - 26140 - phase=train acc=0.81474609375 loss=41.547750264406204 epoch=34 and step=80
2026-04-23 18:43:52,333 - SplitNNClient - INFO - 15064 - phase=train acc=0.82978515625 loss=38.009119629859924 epoch=34 and step=80
2026-04-23 18:43:52,406 - SplitNNClient - INFO - 24992 - phase=train acc=0.7900390625 loss=41.36258527636528 epoch=34 and step=80
2026-04-23 18:43:54,417 - SplitNNClient - INFO - 24992 - phase=train acc=0.7889756944444445 loss=46.71644201874733 epoch=34 and step=90
2026-04-23 18:43:56,144 - SplitNNClient - INFO - 24992 - phase=train acc=0.789765625 loss=51.74227172136307 epoch=34 and step=100
2026-04-23 18:43:57,687 - SplitNNClient - INFO - 24992 - phase=train acc=0.7894176136363636 loss=56.95468673110008 epoch=34 and step=110
2026-04-23 18:43:59,228 - SplitNNClient - INFO - 24992 - phase=train acc=0.7896484375 loss=62.20094233751297 epoch=34 and step=120
2026-04-23 18:44:00,866 - SplitNNClient - INFO - 24992 - phase=train acc=0.7888822115384615 loss=67.29017800092697 epoch=34 and step=130
2026-04-23 18:44:00,919 - FedServerManager - INFO - 22168 - get all model params ---- from rank fed_server
2026-04-23 18:44:14,109 - SplitNNClient - INFO - 25280 - phase=validation acc=0.6078 loss=90.6073927283287 epoch=34 and step=79
2026-04-23 18:44:14,112 - SplitNNClient - INFO - 20924 - phase=validation acc=0.6078 loss=90.6073927283287 epoch=34 and step=79
2026-04-23 18:44:14,220 - SplitNNClient - INFO - 24992 - phase=validation acc=0.6078 loss=90.6073927283287 epoch=34 and step=79
2026-04-23 18:44:14,221 - SplitNNClient - INFO - 26140 - phase=validation acc=0.6078 loss=90.6073927283287 epoch=34 and step=79
2026-04-23 18:44:14,356 - SplitNNClient - INFO - 15064 - phase=validation acc=0.6078 loss=90.6073927283287 epoch=34 and step=79
2026-04-23 18:44:17,399 - SplitNNClient - INFO - 20924 - phase=train acc=0.68203125 loss=9.530560553073883 epoch=35 and step=10
2026-04-23 18:44:17,470 - SplitNNClient - INFO - 15064 - phase=train acc=0.8140625 loss=5.402467340230942 epoch=35 and step=10
2026-04-23 18:44:17,605 - SplitNNClient - INFO - 25280 - phase=train acc=0.81328125 loss=6.60086116194725 epoch=35 and step=10
2026-04-23 18:44:17,676 - SplitNNClient - INFO - 26140 - phase=train acc=0.77421875 loss=6.596411883831024 epoch=35 and step=10
2026-04-23 18:44:17,859 - SplitNNClient - INFO - 24992 - phase=train acc=0.78984375 loss=5.255822151899338 epoch=35 and step=10
2026-04-23 18:44:20,520 - SplitNNClient - INFO - 20924 - phase=train acc=0.733203125 loss=15.461294412612915 epoch=35 and step=20
2026-04-23 18:44:20,657 - SplitNNClient - INFO - 15064 - phase=train acc=0.81953125 loss=10.379255592823029 epoch=35 and step=20
2026-04-23 18:44:20,787 - SplitNNClient - INFO - 25280 - phase=train acc=0.85390625 loss=10.271344020962715 epoch=35 and step=20
2026-04-23 18:44:20,888 - SplitNNClient - INFO - 26140 - phase=train acc=0.788671875 loss=12.030077874660492 epoch=35 and step=20
2026-04-23 18:44:21,024 - SplitNNClient - INFO - 24992 - phase=train acc=0.796484375 loss=10.339583843946457 epoch=35 and step=20
2026-04-23 18:44:23,736 - SplitNNClient - INFO - 20924 - phase=train acc=0.7567708333333333 loss=20.744468957185745 epoch=35 and step=30
2026-04-23 18:44:23,851 - SplitNNClient - INFO - 15064 - phase=train acc=0.8229166666666666 loss=14.949867814779282 epoch=35 and step=30
2026-04-23 18:44:23,913 - SplitNNClient - INFO - 25280 - phase=train acc=0.86640625 loss=13.754692420363426 epoch=35 and step=30
2026-04-23 18:44:24,118 - SplitNNClient - INFO - 26140 - phase=train acc=0.7911458333333333 loss=17.598512023687363 epoch=35 and step=30
2026-04-23 18:44:24,292 - SplitNNClient - INFO - 24992 - phase=train acc=0.7973958333333333 loss=15.260360658168793 epoch=35 and step=30
2026-04-23 18:44:26,637 - SplitNNClient - INFO - 20924 - phase=train acc=0.77109375 loss=25.950814127922058 epoch=35 and step=40
2026-04-23 18:44:26,741 - SplitNNClient - INFO - 15064 - phase=train acc=0.829296875 loss=19.359595835208893 epoch=35 and step=40
2026-04-23 18:44:26,954 - SplitNNClient - INFO - 26140 - phase=train acc=0.8005859375 loss=22.336726486682892 epoch=35 and step=40
2026-04-23 18:44:27,091 - SplitNNClient - INFO - 24992 - phase=train acc=0.801953125 loss=20.01944664120674 epoch=35 and step=40
2026-04-23 18:44:29,371 - SplitNNClient - INFO - 20924 - phase=train acc=0.77625 loss=31.253035485744476 epoch=35 and step=50
2026-04-23 18:44:29,440 - SplitNNClient - INFO - 15064 - phase=train acc=0.8296875 loss=24.057015150785446 epoch=35 and step=50
2026-04-23 18:44:29,761 - SplitNNClient - INFO - 26140 - phase=train acc=0.8059375 loss=26.932668417692184 epoch=35 and step=50
2026-04-23 18:44:29,828 - SplitNNClient - INFO - 24992 - phase=train acc=0.79640625 loss=25.14765152335167 epoch=35 and step=50
2026-04-23 18:44:32,045 - SplitNNClient - INFO - 15064 - phase=train acc=0.8333333333333334 loss=28.126573771238327 epoch=35 and step=60
2026-04-23 18:44:32,375 - SplitNNClient - INFO - 26140 - phase=train acc=0.810546875 loss=31.659098356962204 epoch=35 and step=60
2026-04-23 18:44:32,414 - SplitNNClient - INFO - 24992 - phase=train acc=0.7928385416666667 loss=30.514037013053894 epoch=35 and step=60
2026-04-23 18:44:34,383 - SplitNNClient - INFO - 15064 - phase=train acc=0.8321428571428572 loss=33.1924113035202 epoch=35 and step=70
2026-04-23 18:44:34,673 - SplitNNClient - INFO - 26140 - phase=train acc=0.8135044642857143 loss=36.45645037293434 epoch=35 and step=70
2026-04-23 18:44:34,748 - SplitNNClient - INFO - 24992 - phase=train acc=0.7931919642857143 loss=35.64687782526016 epoch=35 and step=70
2026-04-23 18:44:36,660 - SplitNNClient - INFO - 15064 - phase=train acc=0.83125 loss=37.91579905152321 epoch=35 and step=80
2026-04-23 18:44:36,954 - SplitNNClient - INFO - 26140 - phase=train acc=0.81552734375 loss=41.14429181814194 epoch=35 and step=80
2026-04-23 18:44:37,020 - SplitNNClient - INFO - 24992 - phase=train acc=0.79482421875 loss=40.745294600725174 epoch=35 and step=80
2026-04-23 18:44:38,904 - SplitNNClient - INFO - 24992 - phase=train acc=0.7957465277777778 loss=45.63381761312485 epoch=35 and step=90
2026-04-23 18:44:40,537 - SplitNNClient - INFO - 24992 - phase=train acc=0.7953125 loss=50.68733286857605 epoch=35 and step=100
2026-04-23 18:44:42,150 - SplitNNClient - INFO - 24992 - phase=train acc=0.7955255681818182 loss=55.7358478307724 epoch=35 and step=110
2026-04-23 18:44:43,693 - SplitNNClient - INFO - 24992 - phase=train acc=0.7951822916666667 loss=61.1445729136467 epoch=35 and step=120
2026-04-23 18:44:45,416 - SplitNNClient - INFO - 24992 - phase=train acc=0.7951923076923076 loss=66.13473072648048 epoch=35 and step=130
2026-04-23 18:44:45,484 - FedServerManager - INFO - 22168 - get all model params ---- from rank fed_server
2026-04-23 18:44:59,243 - SplitNNClient - INFO - 15064 - phase=validation acc=0.591 loss=91.80438905954361 epoch=35 and step=79
2026-04-23 18:44:59,257 - SplitNNClient - INFO - 25280 - phase=validation acc=0.591 loss=91.80438905954361 epoch=35 and step=79
2026-04-23 18:44:59,476 - SplitNNClient - INFO - 20924 - phase=validation acc=0.591 loss=91.80438905954361 epoch=35 and step=79
2026-04-23 18:45:00,104 - SplitNNClient - INFO - 26140 - phase=validation acc=0.591 loss=91.80438905954361 epoch=35 and step=79
2026-04-23 18:45:00,253 - SplitNNClient - INFO - 24992 - phase=validation acc=0.591 loss=91.80438905954361 epoch=35 and step=79
2026-04-23 18:45:04,082 - SplitNNClient - INFO - 15064 - phase=train acc=0.82734375 loss=5.472777813673019 epoch=36 and step=10
2026-04-23 18:45:04,152 - SplitNNClient - INFO - 25280 - phase=train acc=0.8140625 loss=6.276339113712311 epoch=36 and step=10
2026-04-23 18:45:04,225 - SplitNNClient - INFO - 20924 - phase=train acc=0.67734375 loss=9.68531608581543 epoch=36 and step=10
2026-04-23 18:45:04,292 - SplitNNClient - INFO - 26140 - phase=train acc=0.77265625 loss=6.569171786308289 epoch=36 and step=10
2026-04-23 18:45:04,337 - SplitNNClient - INFO - 24992 - phase=train acc=0.790625 loss=5.426285028457642 epoch=36 and step=10
2026-04-23 18:45:07,609 - SplitNNClient - INFO - 15064 - phase=train acc=0.83203125 loss=10.166191726922989 epoch=36 and step=20
2026-04-23 18:45:07,746 - SplitNNClient - INFO - 25280 - phase=train acc=0.855859375 loss=9.786026179790497 epoch=36 and step=20
2026-04-23 18:45:07,810 - SplitNNClient - INFO - 20924 - phase=train acc=0.740625 loss=15.206890761852264 epoch=36 and step=20
2026-04-23 18:45:07,904 - SplitNNClient - INFO - 26140 - phase=train acc=0.805859375 loss=11.238164097070694 epoch=36 and step=20
2026-04-23 18:45:08,008 - SplitNNClient - INFO - 24992 - phase=train acc=0.79140625 loss=10.499633133411407 epoch=36 and step=20
2026-04-23 18:45:10,911 - SplitNNClient - INFO - 25280 - phase=train acc=0.8723958333333334 loss=13.177580654621124 epoch=36 and step=30
2026-04-23 18:45:11,053 - SplitNNClient - INFO - 15064 - phase=train acc=0.82890625 loss=14.976650059223175 epoch=36 and step=30
2026-04-23 18:45:11,171 - SplitNNClient - INFO - 20924 - phase=train acc=0.7546875 loss=20.70995992422104 epoch=36 and step=30
2026-04-23 18:45:11,319 - SplitNNClient - INFO - 26140 - phase=train acc=0.8080729166666667 loss=16.516905039548874 epoch=36 and step=30
2026-04-23 18:45:11,428 - SplitNNClient - INFO - 24992 - phase=train acc=0.79453125 loss=15.3643097281456 epoch=36 and step=30
2026-04-23 18:45:13,917 - SplitNNClient - INFO - 15064 - phase=train acc=0.83046875 loss=19.341474562883377 epoch=36 and step=40
2026-04-23 18:45:14,028 - SplitNNClient - INFO - 20924 - phase=train acc=0.7671875 loss=26.04871028661728 epoch=36 and step=40
2026-04-23 18:45:14,125 - SplitNNClient - INFO - 26140 - phase=train acc=0.808984375 loss=21.448794841766357 epoch=36 and step=40
2026-04-23 18:45:14,263 - SplitNNClient - INFO - 24992 - phase=train acc=0.796875 loss=20.160054206848145 epoch=36 and step=40
2026-04-23 18:45:16,684 - SplitNNClient - INFO - 15064 - phase=train acc=0.83421875 loss=23.379955127835274 epoch=36 and step=50
2026-04-23 18:45:16,794 - SplitNNClient - INFO - 20924 - phase=train acc=0.77296875 loss=31.39084541797638 epoch=36 and step=50
2026-04-23 18:45:16,888 - SplitNNClient - INFO - 26140 - phase=train acc=0.81390625 loss=25.887817293405533 epoch=36 and step=50
2026-04-23 18:45:17,002 - SplitNNClient - INFO - 24992 - phase=train acc=0.80046875 loss=24.740388423204422 epoch=36 and step=50
2026-04-23 18:45:19,383 - SplitNNClient - INFO - 15064 - phase=train acc=0.83515625 loss=27.72787882387638 epoch=36 and step=60
2026-04-23 18:45:19,591 - SplitNNClient - INFO - 26140 - phase=train acc=0.8173177083333333 loss=30.423822790384293 epoch=36 and step=60
2026-04-23 18:45:19,674 - SplitNNClient - INFO - 24992 - phase=train acc=0.7979166666666667 loss=30.120062738656998 epoch=36 and step=60
2026-04-23 18:45:21,689 - SplitNNClient - INFO - 15064 - phase=train acc=0.8347098214285714 loss=32.35785163938999 epoch=36 and step=70
2026-04-23 18:45:21,875 - SplitNNClient - INFO - 26140 - phase=train acc=0.8200892857142857 loss=34.81292027235031 epoch=36 and step=70
2026-04-23 18:45:22,011 - SplitNNClient - INFO - 24992 - phase=train acc=0.7988839285714285 loss=34.874083787202835 epoch=36 and step=70
2026-04-23 18:45:23,972 - SplitNNClient - INFO - 15064 - phase=train acc=0.83251953125 loss=37.4144117385149 epoch=36 and step=80
2026-04-23 18:45:24,137 - SplitNNClient - INFO - 26140 - phase=train acc=0.82060546875 loss=39.66034573316574 epoch=36 and step=80
2026-04-23 18:45:24,283 - SplitNNClient - INFO - 24992 - phase=train acc=0.7986328125 loss=39.84597530961037 epoch=36 and step=80
2026-04-23 18:45:26,201 - SplitNNClient - INFO - 24992 - phase=train acc=0.7982638888888889 loss=45.03427332639694 epoch=36 and step=90
2026-04-23 18:45:27,775 - SplitNNClient - INFO - 24992 - phase=train acc=0.79796875 loss=49.84286850690842 epoch=36 and step=100
2026-04-23 18:45:29,417 - SplitNNClient - INFO - 24992 - phase=train acc=0.7973721590909091 loss=54.980491787195206 epoch=36 and step=110
2026-04-23 18:45:31,270 - SplitNNClient - INFO - 24992 - phase=train acc=0.7964192708333333 loss=60.424743086099625 epoch=36 and step=120
2026-04-23 18:45:32,977 - SplitNNClient - INFO - 24992 - phase=train acc=0.7950721153846154 loss=65.57417467236519 epoch=36 and step=130
2026-04-23 18:45:33,030 - FedServerManager - INFO - 22168 - get all model params ---- from rank fed_server
2026-04-23 18:45:46,250 - SplitNNClient - INFO - 25280 - phase=validation acc=0.5881 loss=91.46289551258087 epoch=36 and step=79
2026-04-23 18:45:46,363 - SplitNNClient - INFO - 20924 - phase=validation acc=0.5881 loss=91.46289551258087 epoch=36 and step=79
2026-04-23 18:45:46,404 - SplitNNClient - INFO - 15064 - phase=validation acc=0.5881 loss=91.46289551258087 epoch=36 and step=79
2026-04-23 18:45:46,797 - SplitNNClient - INFO - 26140 - phase=validation acc=0.5881 loss=91.46289551258087 epoch=36 and step=79
2026-04-23 18:45:46,942 - SplitNNClient - INFO - 24992 - phase=validation acc=0.5881 loss=91.46289551258087 epoch=36 and step=79
2026-04-23 18:45:49,905 - SplitNNClient - INFO - 25280 - phase=train acc=0.83515625 loss=5.648672536015511 epoch=37 and step=10
2026-04-23 18:45:49,973 - SplitNNClient - INFO - 20924 - phase=train acc=0.6765625 loss=9.631094217300415 epoch=37 and step=10
2026-04-23 18:45:50,045 - SplitNNClient - INFO - 15064 - phase=train acc=0.80859375 loss=5.2558978497982025 epoch=37 and step=10
2026-04-23 18:45:50,085 - SplitNNClient - INFO - 26140 - phase=train acc=0.7828125 loss=6.26761719584465 epoch=37 and step=10
2026-04-23 18:45:50,180 - SplitNNClient - INFO - 24992 - phase=train acc=0.8140625 loss=5.100839972496033 epoch=37 and step=10
2026-04-23 18:45:53,123 - SplitNNClient - INFO - 25280 - phase=train acc=0.86953125 loss=8.946569919586182 epoch=37 and step=20
2026-04-23 18:45:53,253 - SplitNNClient - INFO - 20924 - phase=train acc=0.742578125 loss=15.14844661951065 epoch=37 and step=20
2026-04-23 18:45:53,320 - SplitNNClient - INFO - 15064 - phase=train acc=0.817578125 loss=10.357868909835815 epoch=37 and step=20
2026-04-23 18:45:53,387 - SplitNNClient - INFO - 26140 - phase=train acc=0.801953125 loss=11.534514784812927 epoch=37 and step=20
2026-04-23 18:45:53,499 - SplitNNClient - INFO - 24992 - phase=train acc=0.80859375 loss=9.943052977323532 epoch=37 and step=20
2026-04-23 18:45:56,307 - SplitNNClient - INFO - 25280 - phase=train acc=0.88046875 loss=12.138866975903511 epoch=37 and step=30
2026-04-23 18:45:56,444 - SplitNNClient - INFO - 20924 - phase=train acc=0.76484375 loss=20.272202283143997 epoch=37 and step=30
2026-04-23 18:45:56,508 - SplitNNClient - INFO - 15064 - phase=train acc=0.8255208333333334 loss=15.035047769546509 epoch=37 and step=30
2026-04-23 18:45:56,576 - SplitNNClient - INFO - 26140 - phase=train acc=0.8122395833333333 loss=16.29404604434967 epoch=37 and step=30
2026-04-23 18:45:56,680 - SplitNNClient - INFO - 24992 - phase=train acc=0.8028645833333333 loss=14.991219580173492 epoch=37 and step=30
2026-04-23 18:45:59,358 - SplitNNClient - INFO - 20924 - phase=train acc=0.7751953125 loss=25.447029292583466 epoch=37 and step=40
2026-04-23 18:45:59,427 - SplitNNClient - INFO - 15064 - phase=train acc=0.8337890625 loss=19.121242731809616 epoch=37 and step=40
2026-04-23 18:45:59,504 - SplitNNClient - INFO - 26140 - phase=train acc=0.8125 loss=21.334006816148758 epoch=37 and step=40
2026-04-23 18:45:59,545 - SplitNNClient - INFO - 24992 - phase=train acc=0.803515625 loss=19.70298546552658 epoch=37 and step=40
2026-04-23 18:46:02,124 - SplitNNClient - INFO - 20924 - phase=train acc=0.779375 loss=30.77628967165947 epoch=37 and step=50
2026-04-23 18:46:02,226 - SplitNNClient - INFO - 15064 - phase=train acc=0.83625 loss=23.47516456246376 epoch=37 and step=50
2026-04-23 18:46:02,305 - SplitNNClient - INFO - 26140 - phase=train acc=0.81578125 loss=25.932968318462372 epoch=37 and step=50
2026-04-23 18:46:02,369 - SplitNNClient - INFO - 24992 - phase=train acc=0.800625 loss=24.867663770914078 epoch=37 and step=50
2026-04-23 18:46:05,120 - SplitNNClient - INFO - 26140 - phase=train acc=0.8177083333333334 loss=30.68786135315895 epoch=37 and step=60
2026-04-23 18:46:05,189 - SplitNNClient - INFO - 15064 - phase=train acc=0.8384114583333333 loss=27.77522474527359 epoch=37 and step=60
2026-04-23 18:46:05,324 - SplitNNClient - INFO - 24992 - phase=train acc=0.8032552083333333 loss=29.844314396381378 epoch=37 and step=60
2026-04-23 18:46:07,628 - SplitNNClient - INFO - 26140 - phase=train acc=0.8165178571428572 loss=35.750609904527664 epoch=37 and step=70
2026-04-23 18:46:07,671 - SplitNNClient - INFO - 15064 - phase=train acc=0.8373883928571428 loss=32.319301187992096 epoch=37 and step=70
2026-04-23 18:46:07,830 - SplitNNClient - INFO - 24992 - phase=train acc=0.8006696428571428 loss=34.84034729003906 epoch=37 and step=70
2026-04-23 18:46:10,056 - SplitNNClient - INFO - 26140 - phase=train acc=0.819921875 loss=40.265764743089676 epoch=37 and step=80
2026-04-23 18:46:10,154 - SplitNNClient - INFO - 15064 - phase=train acc=0.83984375 loss=36.349502474069595 epoch=37 and step=80
2026-04-23 18:46:10,223 - SplitNNClient - INFO - 24992 - phase=train acc=0.80234375 loss=39.474512457847595 epoch=37 and step=80
2026-04-23 18:46:12,249 - SplitNNClient - INFO - 24992 - phase=train acc=0.8028645833333333 loss=44.23099136352539 epoch=37 and step=90
2026-04-23 18:46:13,836 - SplitNNClient - INFO - 24992 - phase=train acc=0.804453125 loss=48.76180964708328 epoch=37 and step=100
2026-04-23 18:46:15,538 - SplitNNClient - INFO - 24992 - phase=train acc=0.8030539772727273 loss=53.774311542510986 epoch=37 and step=110
2026-04-23 18:46:17,617 - SplitNNClient - INFO - 24992 - phase=train acc=0.80234375 loss=58.78000274300575 epoch=37 and step=120
2026-04-23 18:46:19,315 - SplitNNClient - INFO - 24992 - phase=train acc=0.80234375 loss=63.554462760686874 epoch=37 and step=130
2026-04-23 18:46:19,359 - FedServerManager - INFO - 22168 - get all model params ---- from rank fed_server
2026-04-23 18:46:33,657 - SplitNNClient - INFO - 20924 - phase=validation acc=0.5916 loss=91.4089720249176 epoch=37 and step=79
2026-04-23 18:46:33,734 - SplitNNClient - INFO - 15064 - phase=validation acc=0.5916 loss=91.4089720249176 epoch=37 and step=79
2026-04-23 18:46:34,453 - SplitNNClient - INFO - 25280 - phase=validation acc=0.5916 loss=91.4089720249176 epoch=37 and step=79
2026-04-23 18:46:34,564 - SplitNNClient - INFO - 26140 - phase=validation acc=0.5916 loss=91.4089720249176 epoch=37 and step=79
2026-04-23 18:46:34,570 - SplitNNClient - INFO - 24992 - phase=validation acc=0.5916 loss=91.4089720249176 epoch=37 and step=79
2026-04-23 18:46:37,886 - SplitNNClient - INFO - 25280 - phase=train acc=0.81796875 loss=6.153177231550217 epoch=38 and step=10
2026-04-23 18:46:38,031 - SplitNNClient - INFO - 20924 - phase=train acc=0.66171875 loss=10.259510517120361 epoch=38 and step=10
2026-04-23 18:46:38,089 - SplitNNClient - INFO - 26140 - phase=train acc=0.81328125 loss=5.67803019285202 epoch=38 and step=10
2026-04-23 18:46:38,168 - SplitNNClient - INFO - 15064 - phase=train acc=0.82109375 loss=5.799282938241959 epoch=38 and step=10
2026-04-23 18:46:38,373 - SplitNNClient - INFO - 24992 - phase=train acc=0.79375 loss=5.0899549424648285 epoch=38 and step=10
2026-04-23 18:46:41,339 - SplitNNClient - INFO - 25280 - phase=train acc=0.853515625 loss=9.782031208276749 epoch=38 and step=20
2026-04-23 18:46:41,408 - SplitNNClient - INFO - 20924 - phase=train acc=0.73125 loss=15.846191436052322 epoch=38 and step=20
2026-04-23 18:46:41,541 - SplitNNClient - INFO - 26140 - phase=train acc=0.816796875 loss=10.855837404727936 epoch=38 and step=20
2026-04-23 18:46:41,607 - SplitNNClient - INFO - 15064 - phase=train acc=0.837109375 loss=9.952896893024445 epoch=38 and step=20
2026-04-23 18:46:41,821 - SplitNNClient - INFO - 24992 - phase=train acc=0.800390625 loss=9.850900381803513 epoch=38 and step=20
2026-04-23 18:46:44,841 - SplitNNClient - INFO - 25280 - phase=train acc=0.86640625 loss=13.083197489380836 epoch=38 and step=30
2026-04-23 18:46:44,914 - SplitNNClient - INFO - 20924 - phase=train acc=0.7518229166666667 loss=21.37334844470024 epoch=38 and step=30
2026-04-23 18:46:45,050 - SplitNNClient - INFO - 26140 - phase=train acc=0.81796875 loss=15.827785938978195 epoch=38 and step=30
2026-04-23 18:46:45,091 - SplitNNClient - INFO - 15064 - phase=train acc=0.8393229166666667 loss=14.115741461515427 epoch=38 and step=30
2026-04-23 18:46:45,296 - SplitNNClient - INFO - 24992 - phase=train acc=0.8002604166666667 loss=14.860933363437653 epoch=38 and step=30
2026-04-23 18:46:47,800 - SplitNNClient - INFO - 20924 - phase=train acc=0.765234375 loss=26.6821066737175 epoch=38 and step=40
2026-04-23 18:46:47,958 - SplitNNClient - INFO - 26140 - phase=train acc=0.8201171875 loss=20.500492185354233 epoch=38 and step=40
2026-04-23 18:46:48,006 - SplitNNClient - INFO - 15064 - phase=train acc=0.842578125 loss=18.319600731134415 epoch=38 and step=40
2026-04-23 18:46:48,164 - SplitNNClient - INFO - 24992 - phase=train acc=0.7994140625 loss=19.56007930636406 epoch=38 and step=40
2026-04-23 18:46:50,714 - SplitNNClient - INFO - 20924 - phase=train acc=0.7753125 loss=31.604931443929672 epoch=38 and step=50
2026-04-23 18:46:50,855 - SplitNNClient - INFO - 15064 - phase=train acc=0.8396875 loss=22.782177329063416 epoch=38 and step=50
2026-04-23 18:46:50,951 - SplitNNClient - INFO - 26140 - phase=train acc=0.8228125 loss=25.244311690330505 epoch=38 and step=50
2026-04-23 18:46:51,072 - SplitNNClient - INFO - 24992 - phase=train acc=0.7978125 loss=24.391999691724777 epoch=38 and step=50
2026-04-23 18:46:53,661 - SplitNNClient - INFO - 15064 - phase=train acc=0.8376302083333333 loss=27.446345627307892 epoch=38 and step=60
2026-04-23 18:46:53,806 - SplitNNClient - INFO - 26140 - phase=train acc=0.8255208333333334 loss=29.715465515851974 epoch=38 and step=60
2026-04-23 18:46:53,972 - SplitNNClient - INFO - 24992 - phase=train acc=0.8009114583333333 loss=29.072174847126007 epoch=38 and step=60
2026-04-23 18:46:56,067 - SplitNNClient - INFO - 15064 - phase=train acc=0.8386160714285714 loss=31.522317051887512 epoch=38 and step=70
2026-04-23 18:46:56,266 - SplitNNClient - INFO - 26140 - phase=train acc=0.8279017857142857 loss=34.1415196955204 epoch=38 and step=70
2026-04-23 18:46:56,411 - SplitNNClient - INFO - 24992 - phase=train acc=0.8035714285714286 loss=33.87290996313095 epoch=38 and step=70
2026-04-23 18:46:58,610 - SplitNNClient - INFO - 15064 - phase=train acc=0.8384765625 loss=35.90661704540253 epoch=38 and step=80
2026-04-23 18:46:58,776 - SplitNNClient - INFO - 26140 - phase=train acc=0.82978515625 loss=38.40743041038513 epoch=38 and step=80
2026-04-23 18:46:59,009 - SplitNNClient - INFO - 24992 - phase=train acc=0.80146484375 loss=38.915933042764664 epoch=38 and step=80
2026-04-23 18:47:00,905 - SplitNNClient - INFO - 24992 - phase=train acc=0.8013888888888889 loss=43.89312481880188 epoch=38 and step=90
2026-04-23 18:47:02,699 - SplitNNClient - INFO - 24992 - phase=train acc=0.802421875 loss=48.55306085944176 epoch=38 and step=100
2026-04-23 18:47:04,560 - SplitNNClient - INFO - 24992 - phase=train acc=0.8009943181818182 loss=53.64017376303673 epoch=38 and step=110
2026-04-23 18:47:06,415 - SplitNNClient - INFO - 24992 - phase=train acc=0.801171875 loss=58.24730658531189 epoch=38 and step=120
2026-04-23 18:47:08,052 - SplitNNClient - INFO - 24992 - phase=train acc=0.8028245192307693 loss=62.71007338166237 epoch=38 and step=130
2026-04-23 18:47:08,125 - FedServerManager - INFO - 22168 - get all model params ---- from rank fed_server
2026-04-23 18:47:20,659 - SplitNNClient - INFO - 20924 - phase=validation acc=0.5898 loss=91.41454929113388 epoch=38 and step=79
2026-04-23 18:47:20,723 - SplitNNClient - INFO - 25280 - phase=validation acc=0.5898 loss=91.41454929113388 epoch=38 and step=79
2026-04-23 18:47:20,745 - SplitNNClient - INFO - 15064 - phase=validation acc=0.5898 loss=91.41454929113388 epoch=38 and step=79
2026-04-23 18:47:20,834 - SplitNNClient - INFO - 26140 - phase=validation acc=0.5898 loss=91.41454929113388 epoch=38 and step=79
2026-04-23 18:47:20,993 - SplitNNClient - INFO - 24992 - phase=validation acc=0.5898 loss=91.41454929113388 epoch=38 and step=79
2026-04-23 18:47:24,097 - SplitNNClient - INFO - 15064 - phase=train acc=0.8078125 loss=5.362432152032852 epoch=39 and step=10
2026-04-23 18:47:24,134 - SplitNNClient - INFO - 24992 - phase=train acc=0.8109375 loss=4.935630053281784 epoch=39 and step=10
2026-04-23 18:47:24,227 - SplitNNClient - INFO - 26140 - phase=train acc=0.8140625 loss=5.682960718870163 epoch=39 and step=10
2026-04-23 18:47:24,295 - SplitNNClient - INFO - 25280 - phase=train acc=0.82421875 loss=5.945765256881714 epoch=39 and step=10
2026-04-23 18:47:24,356 - SplitNNClient - INFO - 20924 - phase=train acc=0.671875 loss=9.873207956552505 epoch=39 and step=10
2026-04-23 18:47:27,290 - SplitNNClient - INFO - 15064 - phase=train acc=0.821875 loss=9.972352027893066 epoch=39 and step=20
2026-04-23 18:47:27,409 - SplitNNClient - INFO - 24992 - phase=train acc=0.807421875 loss=9.904945582151413 epoch=39 and step=20
2026-04-23 18:47:27,479 - SplitNNClient - INFO - 25280 - phase=train acc=0.857421875 loss=9.439138799905777 epoch=39 and step=20
2026-04-23 18:47:27,523 - SplitNNClient - INFO - 20924 - phase=train acc=0.729296875 loss=15.437702536582947 epoch=39 and step=20
2026-04-23 18:47:27,652 - SplitNNClient - INFO - 26140 - phase=train acc=0.81015625 loss=11.06546226143837 epoch=39 and step=20
2026-04-23 18:47:30,501 - SplitNNClient - INFO - 15064 - phase=train acc=0.8291666666666667 loss=14.54224556684494 epoch=39 and step=30
2026-04-23 18:47:30,612 - SplitNNClient - INFO - 25280 - phase=train acc=0.8700520833333333 loss=12.884689971804619 epoch=39 and step=30
2026-04-23 18:47:30,682 - SplitNNClient - INFO - 24992 - phase=train acc=0.8041666666666667 loss=14.660686612129211 epoch=39 and step=30
2026-04-23 18:47:30,723 - SplitNNClient - INFO - 20924 - phase=train acc=0.7575520833333333 loss=20.63764637708664 epoch=39 and step=30
2026-04-23 18:47:30,915 - SplitNNClient - INFO - 26140 - phase=train acc=0.8192708333333333 loss=15.542009055614471 epoch=39 and step=30
2026-04-23 18:47:33,526 - SplitNNClient - INFO - 15064 - phase=train acc=0.8265625 loss=19.666829377412796 epoch=39 and step=40
2026-04-23 18:47:33,634 - SplitNNClient - INFO - 24992 - phase=train acc=0.8048828125 loss=19.38618978857994 epoch=39 and step=40
2026-04-23 18:47:33,706 - SplitNNClient - INFO - 20924 - phase=train acc=0.7708984375 loss=25.491517275571823 epoch=39 and step=40
2026-04-23 18:47:33,843 - SplitNNClient - INFO - 26140 - phase=train acc=0.8216796875 loss=20.24951535463333 epoch=39 and step=40
2026-04-23 18:47:36,195 - SplitNNClient - INFO - 15064 - phase=train acc=0.83109375 loss=24.099424362182617 epoch=39 and step=50
2026-04-23 18:47:36,300 - SplitNNClient - INFO - 24992 - phase=train acc=0.805625 loss=24.219477862119675 epoch=39 and step=50
2026-04-23 18:47:36,366 - SplitNNClient - INFO - 20924 - phase=train acc=0.77890625 loss=30.67784121632576 epoch=39 and step=50
2026-04-23 18:47:36,498 - SplitNNClient - INFO - 26140 - phase=train acc=0.82703125 loss=24.727277725934982 epoch=39 and step=50
2026-04-23 18:47:38,930 - SplitNNClient - INFO - 15064 - phase=train acc=0.8341145833333333 loss=28.16939091682434 epoch=39 and step=60
2026-04-23 18:47:39,001 - SplitNNClient - INFO - 24992 - phase=train acc=0.804296875 loss=28.96470618247986 epoch=39 and step=60
2026-04-23 18:47:39,103 - SplitNNClient - INFO - 26140 - phase=train acc=0.8278645833333333 loss=29.213860511779785 epoch=39 and step=60
2026-04-23 18:47:41,394 - SplitNNClient - INFO - 15064 - phase=train acc=0.8378348214285715 loss=31.867134600877762 epoch=39 and step=70
2026-04-23 18:47:41,463 - SplitNNClient - INFO - 24992 - phase=train acc=0.8037946428571429 loss=33.83386233448982 epoch=39 and step=70
2026-04-23 18:47:41,560 - SplitNNClient - INFO - 26140 - phase=train acc=0.8284598214285714 loss=34.00077658891678 epoch=39 and step=70
2026-04-23 18:47:43,858 - SplitNNClient - INFO - 15064 - phase=train acc=0.83798828125 loss=36.380367040634155 epoch=39 and step=80
2026-04-23 18:47:43,923 - SplitNNClient - INFO - 24992 - phase=train acc=0.80458984375 loss=38.60575571656227 epoch=39 and step=80
2026-04-23 18:47:43,988 - SplitNNClient - INFO - 26140 - phase=train acc=0.82958984375 loss=38.580791026353836 epoch=39 and step=80
2026-04-23 18:47:45,932 - SplitNNClient - INFO - 24992 - phase=train acc=0.80546875 loss=43.53031185269356 epoch=39 and step=90
2026-04-23 18:47:47,699 - SplitNNClient - INFO - 24992 - phase=train acc=0.804140625 loss=48.32792937755585 epoch=39 and step=100
2026-04-23 18:47:49,421 - SplitNNClient - INFO - 24992 - phase=train acc=0.8035511363636364 loss=53.351682752370834 epoch=39 and step=110
2026-04-23 18:47:51,026 - SplitNNClient - INFO - 24992 - phase=train acc=0.8041666666666667 loss=57.9954928457737 epoch=39 and step=120
2026-04-23 18:47:52,601 - SplitNNClient - INFO - 24992 - phase=train acc=0.8042668269230769 loss=62.72504672408104 epoch=39 and step=130
2026-04-23 18:47:52,672 - FedServerManager - INFO - 22168 - get all model params ---- from rank fed_server
2026-04-23 18:48:06,334 - SplitNNClient - INFO - 25280 - phase=validation acc=0.5997 loss=90.99056273698807 epoch=39 and step=79
2026-04-23 18:48:06,397 - SplitNNClient - INFO - 20924 - phase=validation acc=0.5997 loss=90.99056273698807 epoch=39 and step=79
2026-04-23 18:48:07,303 - SplitNNClient - INFO - 15064 - phase=validation acc=0.5997 loss=90.99056273698807 epoch=39 and step=79
2026-04-23 18:48:07,497 - SplitNNClient - INFO - 24992 - phase=validation acc=0.5997 loss=90.99056273698807 epoch=39 and step=79
2026-04-23 18:48:07,506 - SplitNNClient - INFO - 26140 - phase=validation acc=0.5997 loss=90.99056273698807 epoch=39 and step=79
2026-04-23 18:48:10,534 - SplitNNClient - INFO - 20924 - phase=train acc=0.68515625 loss=9.525545358657837 epoch=40 and step=10
2026-04-23 18:48:10,604 - SplitNNClient - INFO - 15064 - phase=train acc=0.8296875 loss=5.388704627752304 epoch=40 and step=10
2026-04-23 18:48:10,651 - SplitNNClient - INFO - 24992 - phase=train acc=0.81484375 loss=5.108106166124344 epoch=40 and step=10
2026-04-23 18:48:10,718 - SplitNNClient - INFO - 25280 - phase=train acc=0.8171875 loss=6.291623383760452 epoch=40 and step=10
2026-04-23 18:48:10,791 - SplitNNClient - INFO - 26140 - phase=train acc=0.79296875 loss=5.905306756496429 epoch=40 and step=10
2026-04-23 18:48:13,887 - SplitNNClient - INFO - 20924 - phase=train acc=0.7484375 loss=15.324181735515594 epoch=40 and step=20
2026-04-23 18:48:14,040 - SplitNNClient - INFO - 25280 - phase=train acc=0.851953125 loss=9.930120691657066 epoch=40 and step=20
2026-04-23 18:48:14,100 - SplitNNClient - INFO - 15064 - phase=train acc=0.82578125 loss=10.396208196878433 epoch=40 and step=20
2026-04-23 18:48:14,172 - SplitNNClient - INFO - 24992 - phase=train acc=0.810546875 loss=9.967858999967575 epoch=40 and step=20
2026-04-23 18:48:14,338 - SplitNNClient - INFO - 26140 - phase=train acc=0.812109375 loss=10.578225076198578 epoch=40 and step=20
2026-04-23 18:48:17,340 - SplitNNClient - INFO - 20924 - phase=train acc=0.7708333333333334 loss=20.47700771689415 epoch=40 and step=30
2026-04-23 18:48:17,520 - SplitNNClient - INFO - 25280 - phase=train acc=0.8723958333333334 loss=12.608281016349792 epoch=40 and step=30
2026-04-23 18:48:17,583 - SplitNNClient - INFO - 15064 - phase=train acc=0.8361979166666667 loss=14.291374117136002 epoch=40 and step=30
2026-04-23 18:48:17,730 - SplitNNClient - INFO - 24992 - phase=train acc=0.8096354166666667 loss=14.700406640768051 epoch=40 and step=30
2026-04-23 18:48:17,832 - SplitNNClient - INFO - 26140 - phase=train acc=0.8236979166666667 loss=14.69051969051361 epoch=40 and step=30
2026-04-23 18:48:20,542 - SplitNNClient - INFO - 20924 - phase=train acc=0.78203125 loss=25.32244285941124 epoch=40 and step=40
2026-04-23 18:48:20,684 - SplitNNClient - INFO - 15064 - phase=train acc=0.83984375 loss=18.138053506612778 epoch=40 and step=40
2026-04-23 18:48:20,928 - SplitNNClient - INFO - 24992 - phase=train acc=0.8087890625 loss=19.335749685764313 epoch=40 and step=40
2026-04-23 18:48:21,131 - SplitNNClient - INFO - 26140 - phase=train acc=0.827734375 loss=19.211739778518677 epoch=40 and step=40
2026-04-23 18:48:23,519 - SplitNNClient - INFO - 20924 - phase=train acc=0.79359375 loss=29.78890746831894 epoch=40 and step=50
2026-04-23 18:48:23,715 - SplitNNClient - INFO - 15064 - phase=train acc=0.8446875 loss=22.18978703022003 epoch=40 and step=50
2026-04-23 18:48:23,956 - SplitNNClient - INFO - 24992 - phase=train acc=0.81234375 loss=23.623794704675674 epoch=40 and step=50
2026-04-23 18:48:24,109 - SplitNNClient - INFO - 26140 - phase=train acc=0.8325 loss=23.476897358894348 epoch=40 and step=50
2026-04-23 18:48:27,283 - SplitNNClient - INFO - 15064 - phase=train acc=0.8470052083333334 loss=26.153741389513016 epoch=40 and step=60
2026-04-23 18:48:27,386 - SplitNNClient - INFO - 24992 - phase=train acc=0.8114583333333333 loss=28.43804368376732 epoch=40 and step=60
2026-04-23 18:48:27,460 - SplitNNClient - INFO - 26140 - phase=train acc=0.834765625 loss=27.80783799290657 epoch=40 and step=60
2026-04-23 18:48:30,033 - SplitNNClient - INFO - 15064 - phase=train acc=0.8469866071428571 loss=30.37341970205307 epoch=40 and step=70
2026-04-23 18:48:30,159 - SplitNNClient - INFO - 24992 - phase=train acc=0.8135044642857143 loss=32.92709195613861 epoch=40 and step=70
2026-04-23 18:48:30,227 - SplitNNClient - INFO - 26140 - phase=train acc=0.8361607142857143 loss=32.22780764102936 epoch=40 and step=70
2026-04-23 18:48:33,303 - SplitNNClient - INFO - 15064 - phase=train acc=0.8462890625 loss=34.68109434843063 epoch=40 and step=80
2026-04-23 18:48:33,512 - SplitNNClient - INFO - 24992 - phase=train acc=0.8119140625 loss=37.952849596738815 epoch=40 and step=80
2026-04-23 18:48:33,719 - SplitNNClient - INFO - 26140 - phase=train acc=0.836328125 loss=36.90890085697174 epoch=40 and step=80
2026-04-23 18:48:35,958 - SplitNNClient - INFO - 24992 - phase=train acc=0.8121527777777777 loss=42.371822744607925 epoch=40 and step=90
2026-04-23 18:48:37,851 - SplitNNClient - INFO - 24992 - phase=train acc=0.8121875 loss=47.086704671382904 epoch=40 and step=100
2026-04-23 18:48:39,719 - SplitNNClient - INFO - 24992 - phase=train acc=0.8130681818181819 loss=51.50904169678688 epoch=40 and step=110
2026-04-23 18:48:41,585 - SplitNNClient - INFO - 24992 - phase=train acc=0.8119791666666667 loss=56.57721149921417 epoch=40 and step=120
2026-04-23 18:48:43,324 - SplitNNClient - INFO - 24992 - phase=train acc=0.8122596153846153 loss=61.22264263033867 epoch=40 and step=130
2026-04-23 18:48:43,366 - FedServerManager - INFO - 22168 - get all model params ---- from rank fed_server
2026-04-23 18:48:57,447 - SplitNNClient - INFO - 25280 - phase=validation acc=0.5965 loss=91.23846942186356 epoch=40 and step=79
2026-04-23 18:48:57,565 - SplitNNClient - INFO - 20924 - phase=validation acc=0.5965 loss=91.23846942186356 epoch=40 and step=79
2026-04-23 18:48:57,776 - SplitNNClient - INFO - 15064 - phase=validation acc=0.5965 loss=91.23846942186356 epoch=40 and step=79
2026-04-23 18:48:58,568 - SplitNNClient - INFO - 26140 - phase=validation acc=0.5965 loss=91.23846942186356 epoch=40 and step=79
2026-04-23 18:48:58,847 - SplitNNClient - INFO - 24992 - phase=validation acc=0.5965 loss=91.23846942186356 epoch=40 and step=79
2026-04-23 18:49:01,939 - SplitNNClient - INFO - 15064 - phase=train acc=0.78984375 loss=5.793421596288681 epoch=41 and step=10
2026-04-23 18:49:02,048 - SplitNNClient - INFO - 26140 - phase=train acc=0.8265625 loss=5.324380815029144 epoch=41 and step=10
2026-04-23 18:49:02,088 - SplitNNClient - INFO - 25280 - phase=train acc=0.83828125 loss=5.233999401330948 epoch=41 and step=10
2026-04-23 18:49:02,184 - SplitNNClient - INFO - 20924 - phase=train acc=0.65625 loss=9.73777961730957 epoch=41 and step=10
2026-04-23 18:49:02,287 - SplitNNClient - INFO - 24992 - phase=train acc=0.80703125 loss=5.143916219472885 epoch=41 and step=10
2026-04-23 18:49:05,479 - SplitNNClient - INFO - 15064 - phase=train acc=0.829296875 loss=9.62463030219078 epoch=41 and step=20
2026-04-23 18:49:05,622 - SplitNNClient - INFO - 26140 - phase=train acc=0.83203125 loss=9.887320727109909 epoch=41 and step=20
2026-04-23 18:49:05,692 - SplitNNClient - INFO - 25280 - phase=train acc=0.86875 loss=8.64373105764389 epoch=41 and step=20
2026-04-23 18:49:05,768 - SplitNNClient - INFO - 20924 - phase=train acc=0.72734375 loss=15.247236609458923 epoch=41 and step=20
2026-04-23 18:49:05,873 - SplitNNClient - INFO - 24992 - phase=train acc=0.80859375 loss=9.601109385490417 epoch=41 and step=20
2026-04-23 18:49:08,922 - SplitNNClient - INFO - 15064 - phase=train acc=0.8333333333333334 loss=13.988460123538971 epoch=41 and step=30
2026-04-23 18:49:09,071 - SplitNNClient - INFO - 26140 - phase=train acc=0.8322916666666667 loss=14.79129809141159 epoch=41 and step=30
2026-04-23 18:49:09,142 - SplitNNClient - INFO - 25280 - phase=train acc=0.88515625 loss=11.508991166949272 epoch=41 and step=30
2026-04-23 18:49:09,221 - SplitNNClient - INFO - 20924 - phase=train acc=0.7638020833333333 loss=20.02419850230217 epoch=41 and step=30
2026-04-23 18:49:09,362 - SplitNNClient - INFO - 24992 - phase=train acc=0.809375 loss=14.202960014343262 epoch=41 and step=30
2026-04-23 18:49:11,888 - SplitNNClient - INFO - 15064 - phase=train acc=0.8345703125 loss=18.417539715766907 epoch=41 and step=40
2026-04-23 18:49:12,059 - SplitNNClient - INFO - 26140 - phase=train acc=0.833203125 loss=19.302268713712692 epoch=41 and step=40
2026-04-23 18:49:12,104 - SplitNNClient - INFO - 20924 - phase=train acc=0.7779296875 loss=24.8660686314106 epoch=41 and step=40
2026-04-23 18:49:12,271 - SplitNNClient - INFO - 24992 - phase=train acc=0.81328125 loss=18.508741945028305 epoch=41 and step=40
2026-04-23 18:49:14,829 - SplitNNClient - INFO - 15064 - phase=train acc=0.83765625 loss=22.697514981031418 epoch=41 and step=50
2026-04-23 18:49:14,875 - SplitNNClient - INFO - 20924 - phase=train acc=0.78390625 loss=29.909386545419693 epoch=41 and step=50
2026-04-23 18:49:15,015 - SplitNNClient - INFO - 26140 - phase=train acc=0.83109375 loss=23.925557911396027 epoch=41 and step=50
2026-04-23 18:49:15,223 - SplitNNClient - INFO - 24992 - phase=train acc=0.8165625 loss=22.79770639538765 epoch=41 and step=50
2026-04-23 18:49:17,604 - SplitNNClient - INFO - 15064 - phase=train acc=0.8407552083333333 loss=26.65313881635666 epoch=41 and step=60
2026-04-23 18:49:17,800 - SplitNNClient - INFO - 26140 - phase=train acc=0.83359375 loss=28.2660074532032 epoch=41 and step=60
2026-04-23 18:49:18,032 - SplitNNClient - INFO - 24992 - phase=train acc=0.816015625 loss=27.52654120326042 epoch=41 and step=60
2026-04-23 18:49:20,101 - SplitNNClient - INFO - 15064 - phase=train acc=0.8426339285714286 loss=30.63370507955551 epoch=41 and step=70
2026-04-23 18:49:20,266 - SplitNNClient - INFO - 26140 - phase=train acc=0.8342633928571429 loss=32.6094776391983 epoch=41 and step=70
2026-04-23 18:49:20,457 - SplitNNClient - INFO - 24992 - phase=train acc=0.8118303571428571 loss=32.816483825445175 epoch=41 and step=70
2026-04-23 18:49:22,783 - SplitNNClient - INFO - 15064 - phase=train acc=0.84443359375 loss=34.55938592553139 epoch=41 and step=80
2026-04-23 18:49:22,978 - SplitNNClient - INFO - 26140 - phase=train acc=0.83525390625 loss=36.89346519112587 epoch=41 and step=80
2026-04-23 18:49:23,204 - SplitNNClient - INFO - 24992 - phase=train acc=0.80966796875 loss=37.827547788619995 epoch=41 and step=80
2026-04-23 18:49:25,063 - SplitNNClient - INFO - 24992 - phase=train acc=0.8080729166666667 loss=42.76083040237427 epoch=41 and step=90
2026-04-23 18:49:26,609 - SplitNNClient - INFO - 24992 - phase=train acc=0.807578125 loss=47.271119713783264 epoch=41 and step=100
2026-04-23 18:49:28,156 - SplitNNClient - INFO - 24992 - phase=train acc=0.809375 loss=51.79487153887749 epoch=41 and step=110
2026-04-23 18:49:29,738 - SplitNNClient - INFO - 24992 - phase=train acc=0.8078776041666667 loss=56.72699651122093 epoch=41 and step=120
2026-04-23 18:49:31,379 - SplitNNClient - INFO - 24992 - phase=train acc=0.8078725961538461 loss=61.47415688633919 epoch=41 and step=130
2026-04-23 18:49:31,440 - FedServerManager - INFO - 22168 - get all model params ---- from rank fed_server
2026-04-23 18:49:44,932 - SplitNNClient - INFO - 25280 - phase=validation acc=0.5881 loss=93.14034008979797 epoch=41 and step=79
2026-04-23 18:49:44,983 - SplitNNClient - INFO - 20924 - phase=validation acc=0.5881 loss=93.14034008979797 epoch=41 and step=79
2026-04-23 18:49:45,001 - SplitNNClient - INFO - 15064 - phase=validation acc=0.5881 loss=93.14034008979797 epoch=41 and step=79
2026-04-23 18:49:45,116 - SplitNNClient - INFO - 24992 - phase=validation acc=0.5881 loss=93.14034008979797 epoch=41 and step=79
2026-04-23 18:49:45,263 - SplitNNClient - INFO - 26140 - phase=validation acc=0.5881 loss=93.14034008979797 epoch=41 and step=79
2026-04-23 18:49:48,274 - SplitNNClient - INFO - 26140 - phase=train acc=0.79140625 loss=6.159611999988556 epoch=42 and step=10
2026-04-23 18:49:48,340 - SplitNNClient - INFO - 20924 - phase=train acc=0.6953125 loss=9.798912703990936 epoch=42 and step=10
2026-04-23 18:49:48,416 - SplitNNClient - INFO - 25280 - phase=train acc=0.803125 loss=6.704075574874878 epoch=42 and step=10
2026-04-23 18:49:48,484 - SplitNNClient - INFO - 24992 - phase=train acc=0.821875 loss=4.462747424840927 epoch=42 and step=10
2026-04-23 18:49:48,594 - SplitNNClient - INFO - 15064 - phase=train acc=0.82421875 loss=5.0924423933029175 epoch=42 and step=10
2026-04-23 18:49:51,632 - SplitNNClient - INFO - 26140 - phase=train acc=0.815234375 loss=10.599327594041824 epoch=42 and step=20
2026-04-23 18:49:51,812 - SplitNNClient - INFO - 20924 - phase=train acc=0.74453125 loss=15.699908763170242 epoch=42 and step=20
2026-04-23 18:49:52,020 - SplitNNClient - INFO - 25280 - phase=train acc=0.84765625 loss=10.491672456264496 epoch=42 and step=20
2026-04-23 18:49:52,170 - SplitNNClient - INFO - 24992 - phase=train acc=0.81484375 loss=9.105649530887604 epoch=42 and step=20
2026-04-23 18:49:52,329 - SplitNNClient - INFO - 15064 - phase=train acc=0.82890625 loss=9.646072030067444 epoch=42 and step=20
2026-04-23 18:49:55,120 - SplitNNClient - INFO - 26140 - phase=train acc=0.8203125 loss=15.442005425691605 epoch=42 and step=30
2026-04-23 18:49:55,231 - SplitNNClient - INFO - 20924 - phase=train acc=0.771875 loss=20.5817329287529 epoch=42 and step=30
2026-04-23 18:49:55,305 - SplitNNClient - INFO - 25280 - phase=train acc=0.8658854166666666 loss=13.787796631455421 epoch=42 and step=30
2026-04-23 18:49:55,514 - SplitNNClient - INFO - 24992 - phase=train acc=0.8158854166666667 loss=13.93819147348404 epoch=42 and step=30
2026-04-23 18:49:55,719 - SplitNNClient - INFO - 15064 - phase=train acc=0.8380208333333333 loss=13.935002148151398 epoch=42 and step=30
2026-04-23 18:49:58,220 - SplitNNClient - INFO - 26140 - phase=train acc=0.8240234375 loss=19.831164181232452 epoch=42 and step=40
2026-04-23 18:49:58,291 - SplitNNClient - INFO - 20924 - phase=train acc=0.78125 loss=25.402842044830322 epoch=42 and step=40
2026-04-23 18:49:58,697 - SplitNNClient - INFO - 24992 - phase=train acc=0.81171875 loss=18.819380819797516 epoch=42 and step=40
2026-04-23 18:49:58,743 - SplitNNClient - INFO - 15064 - phase=train acc=0.8396484375 loss=18.051124155521393 epoch=42 and step=40
2026-04-23 18:50:01,279 - SplitNNClient - INFO - 26140 - phase=train acc=0.82625 loss=24.54071769118309 epoch=42 and step=50
2026-04-23 18:50:01,352 - SplitNNClient - INFO - 20924 - phase=train acc=0.789375 loss=30.17335358262062 epoch=42 and step=50
2026-04-23 18:50:01,699 - SplitNNClient - INFO - 15064 - phase=train acc=0.8384375 loss=22.378125995397568 epoch=42 and step=50
2026-04-23 18:50:01,742 - SplitNNClient - INFO - 24992 - phase=train acc=0.80859375 loss=23.344715803861618 epoch=42 and step=50
2026-04-23 18:50:04,090 - SplitNNClient - INFO - 26140 - phase=train acc=0.8290364583333333 loss=28.980538338422775 epoch=42 and step=60
2026-04-23 18:50:04,395 - SplitNNClient - INFO - 15064 - phase=train acc=0.8420572916666667 loss=26.643431454896927 epoch=42 and step=60
2026-04-23 18:50:04,467 - SplitNNClient - INFO - 24992 - phase=train acc=0.80859375 loss=28.198609054088593 epoch=42 and step=60
2026-04-23 18:50:06,506 - SplitNNClient - INFO - 26140 - phase=train acc=0.8315848214285714 loss=33.24050346016884 epoch=42 and step=70
2026-04-23 18:50:06,814 - SplitNNClient - INFO - 15064 - phase=train acc=0.84296875 loss=31.02825927734375 epoch=42 and step=70
2026-04-23 18:50:06,885 - SplitNNClient - INFO - 24992 - phase=train acc=0.8098214285714286 loss=32.52162957191467 epoch=42 and step=70
2026-04-23 18:50:08,912 - SplitNNClient - INFO - 26140 - phase=train acc=0.8333984375 loss=37.46033191680908 epoch=42 and step=80
2026-04-23 18:50:09,202 - SplitNNClient - INFO - 15064 - phase=train acc=0.84462890625 loss=35.020363330841064 epoch=42 and step=80
2026-04-23 18:50:09,330 - SplitNNClient - INFO - 24992 - phase=train acc=0.80830078125 loss=37.36367091536522 epoch=42 and step=80
2026-04-23 18:50:11,363 - SplitNNClient - INFO - 24992 - phase=train acc=0.8086805555555555 loss=42.17202207446098 epoch=42 and step=90
2026-04-23 18:50:13,065 - SplitNNClient - INFO - 24992 - phase=train acc=0.809453125 loss=47.017203480005264 epoch=42 and step=100
2026-04-23 18:50:14,901 - SplitNNClient - INFO - 24992 - phase=train acc=0.8079545454545455 loss=52.16945022344589 epoch=42 and step=110
2026-04-23 18:50:16,755 - SplitNNClient - INFO - 24992 - phase=train acc=0.808203125 loss=56.797572791576385 epoch=42 and step=120
2026-04-23 18:50:18,425 - SplitNNClient - INFO - 24992 - phase=train acc=0.8092548076923077 loss=61.56095868349075 epoch=42 and step=130
2026-04-23 18:50:18,476 - FedServerManager - INFO - 22168 - get all model params ---- from rank fed_server
2026-04-23 18:50:32,593 - SplitNNClient - INFO - 15064 - phase=validation acc=0.6273 loss=87.42509746551514 epoch=42 and step=79
2026-04-23 18:50:32,849 - SplitNNClient - INFO - 25280 - phase=validation acc=0.6273 loss=87.42509746551514 epoch=42 and step=79
2026-04-23 18:50:32,970 - SplitNNClient - INFO - 20924 - phase=validation acc=0.6273 loss=87.42509746551514 epoch=42 and step=79
2026-04-23 18:50:33,925 - SplitNNClient - INFO - 26140 - phase=validation acc=0.6273 loss=87.42509746551514 epoch=42 and step=79
2026-04-23 18:50:34,068 - SplitNNClient - INFO - 24992 - phase=validation acc=0.6273 loss=87.42509746551514 epoch=42 and step=79
2026-04-23 18:50:37,226 - SplitNNClient - INFO - 25280 - phase=train acc=0.8265625 loss=6.146701335906982 epoch=43 and step=10
2026-04-23 18:50:37,323 - SplitNNClient - INFO - 26140 - phase=train acc=0.81015625 loss=5.773420840501785 epoch=43 and step=10
2026-04-23 18:50:37,385 - SplitNNClient - INFO - 20924 - phase=train acc=0.69375 loss=9.089641749858856 epoch=43 and step=10
2026-04-23 18:50:37,457 - SplitNNClient - INFO - 24992 - phase=train acc=0.7890625 loss=5.2248716950416565 epoch=43 and step=10
2026-04-23 18:50:37,506 - SplitNNClient - INFO - 15064 - phase=train acc=0.82890625 loss=5.044326603412628 epoch=43 and step=10
2026-04-23 18:50:40,488 - SplitNNClient - INFO - 25280 - phase=train acc=0.867578125 loss=9.260570496320724 epoch=43 and step=20
2026-04-23 18:50:40,600 - SplitNNClient - INFO - 26140 - phase=train acc=0.823046875 loss=10.344963729381561 epoch=43 and step=20
2026-04-23 18:50:40,669 - SplitNNClient - INFO - 20924 - phase=train acc=0.759765625 loss=14.093989163637161 epoch=43 and step=20
2026-04-23 18:50:40,735 - SplitNNClient - INFO - 15064 - phase=train acc=0.842578125 loss=9.124866396188736 epoch=43 and step=20
2026-04-23 18:50:40,907 - SplitNNClient - INFO - 24992 - phase=train acc=0.791015625 loss=10.167333960533142 epoch=43 and step=20
2026-04-23 18:50:44,506 - SplitNNClient - INFO - 26140 - phase=train acc=0.8263020833333333 loss=15.188779503107071 epoch=43 and step=30
2026-04-23 18:50:44,577 - SplitNNClient - INFO - 25280 - phase=train acc=0.88359375 loss=12.03572390973568 epoch=43 and step=30
2026-04-23 18:50:44,653 - SplitNNClient - INFO - 20924 - phase=train acc=0.7747395833333334 loss=19.09172022342682 epoch=43 and step=30
2026-04-23 18:50:44,803 - SplitNNClient - INFO - 15064 - phase=train acc=0.84453125 loss=13.449340403079987 epoch=43 and step=30
2026-04-23 18:50:45,228 - SplitNNClient - INFO - 24992 - phase=train acc=0.7981770833333334 loss=14.850030094385147 epoch=43 and step=30
2026-04-23 18:50:47,557 - SplitNNClient - INFO - 26140 - phase=train acc=0.828515625 loss=19.63619029521942 epoch=43 and step=40
2026-04-23 18:50:47,630 - SplitNNClient - INFO - 20924 - phase=train acc=0.7880859375 loss=23.846720814704895 epoch=43 and step=40
2026-04-23 18:50:47,727 - SplitNNClient - INFO - 15064 - phase=train acc=0.8474609375 loss=17.85343462228775 epoch=43 and step=40
2026-04-23 18:50:48,055 - SplitNNClient - INFO - 24992 - phase=train acc=0.80078125 loss=19.461926639080048 epoch=43 and step=40
2026-04-23 18:50:50,371 - SplitNNClient - INFO - 26140 - phase=train acc=0.831875 loss=23.933759212493896 epoch=43 and step=50
2026-04-23 18:50:50,412 - SplitNNClient - INFO - 20924 - phase=train acc=0.79359375 loss=28.721173882484436 epoch=43 and step=50
2026-04-23 18:50:50,473 - SplitNNClient - INFO - 15064 - phase=train acc=0.84984375 loss=21.765377551317215 epoch=43 and step=50
2026-04-23 18:50:50,829 - SplitNNClient - INFO - 24992 - phase=train acc=0.80515625 loss=23.666486620903015 epoch=43 and step=50
2026-04-23 18:50:53,287 - SplitNNClient - INFO - 26140 - phase=train acc=0.8338541666666667 loss=28.29752027988434 epoch=43 and step=60
2026-04-23 18:50:53,351 - SplitNNClient - INFO - 15064 - phase=train acc=0.8524739583333333 loss=25.594734460115433 epoch=43 and step=60
2026-04-23 18:50:53,632 - SplitNNClient - INFO - 24992 - phase=train acc=0.8065104166666667 loss=28.118301779031754 epoch=43 and step=60
2026-04-23 18:50:55,575 - SplitNNClient - INFO - 26140 - phase=train acc=0.8350446428571429 loss=32.39379823207855 epoch=43 and step=70
2026-04-23 18:50:55,646 - SplitNNClient - INFO - 15064 - phase=train acc=0.8527901785714286 loss=29.668216705322266 epoch=43 and step=70
2026-04-23 18:50:56,008 - SplitNNClient - INFO - 24992 - phase=train acc=0.8099330357142858 loss=32.60543006658554 epoch=43 and step=70
2026-04-23 18:50:58,082 - SplitNNClient - INFO - 26140 - phase=train acc=0.834765625 loss=36.94384828209877 epoch=43 and step=80
2026-04-23 18:50:58,119 - SplitNNClient - INFO - 15064 - phase=train acc=0.85439453125 loss=33.351001888513565 epoch=43 and step=80
2026-04-23 18:50:58,492 - SplitNNClient - INFO - 24992 - phase=train acc=0.8126953125 loss=36.9664386510849 epoch=43 and step=80
2026-04-23 18:51:00,503 - SplitNNClient - INFO - 24992 - phase=train acc=0.8118923611111111 loss=41.66743975877762 epoch=43 and step=90
2026-04-23 18:51:02,328 - SplitNNClient - INFO - 24992 - phase=train acc=0.813125 loss=46.411337584257126 epoch=43 and step=100
2026-04-23 18:51:04,057 - SplitNNClient - INFO - 24992 - phase=train acc=0.8132102272727273 loss=50.70456722378731 epoch=43 and step=110
2026-04-23 18:51:05,607 - SplitNNClient - INFO - 24992 - phase=train acc=0.816015625 loss=54.66661849617958 epoch=43 and step=120
2026-04-23 18:51:07,307 - SplitNNClient - INFO - 24992 - phase=train acc=0.8168870192307692 loss=59.04896131157875 epoch=43 and step=130
2026-04-23 18:51:07,366 - FedServerManager - INFO - 22168 - get all model params ---- from rank fed_server
2026-04-23 18:51:20,869 - SplitNNClient - INFO - 25280 - phase=validation acc=0.592 loss=91.24161130189896 epoch=43 and step=79
2026-04-23 18:51:21,221 - SplitNNClient - INFO - 15064 - phase=validation acc=0.592 loss=91.24161130189896 epoch=43 and step=79
2026-04-23 18:51:21,329 - SplitNNClient - INFO - 20924 - phase=validation acc=0.592 loss=91.24161130189896 epoch=43 and step=79
2026-04-23 18:51:22,104 - SplitNNClient - INFO - 26140 - phase=validation acc=0.592 loss=91.24161130189896 epoch=43 and step=79
2026-04-23 18:51:22,112 - SplitNNClient - INFO - 24992 - phase=validation acc=0.592 loss=91.24161130189896 epoch=43 and step=79
2026-04-23 18:51:25,574 - SplitNNClient - INFO - 25280 - phase=train acc=0.815625 loss=6.505277097225189 epoch=44 and step=10
2026-04-23 18:51:25,643 - SplitNNClient - INFO - 26140 - phase=train acc=0.8125 loss=5.529813140630722 epoch=44 and step=10
2026-04-23 18:51:25,694 - SplitNNClient - INFO - 20924 - phase=train acc=0.69375 loss=9.166750371456146 epoch=44 and step=10
2026-04-23 18:51:25,761 - SplitNNClient - INFO - 15064 - phase=train acc=0.8484375 loss=4.479582875967026 epoch=44 and step=10
2026-04-23 18:51:25,832 - SplitNNClient - INFO - 24992 - phase=train acc=0.8109375 loss=4.74128121137619 epoch=44 and step=10
2026-04-23 18:51:29,114 - SplitNNClient - INFO - 25280 - phase=train acc=0.8515625 loss=10.055963724851608 epoch=44 and step=20
2026-04-23 18:51:29,187 - SplitNNClient - INFO - 26140 - phase=train acc=0.81171875 loss=10.68750748038292 epoch=44 and step=20
2026-04-23 18:51:29,286 - SplitNNClient - INFO - 20924 - phase=train acc=0.7546875 loss=14.32208627462387 epoch=44 and step=20
2026-04-23 18:51:29,394 - SplitNNClient - INFO - 15064 - phase=train acc=0.853515625 loss=8.924912005662918 epoch=44 and step=20
2026-04-23 18:51:29,826 - SplitNNClient - INFO - 24992 - phase=train acc=0.808984375 loss=9.610476613044739 epoch=44 and step=20
2026-04-23 18:51:32,454 - SplitNNClient - INFO - 25280 - phase=train acc=0.8736979166666666 loss=12.734780609607697 epoch=44 and step=30
2026-04-23 18:51:32,569 - SplitNNClient - INFO - 26140 - phase=train acc=0.8265625 loss=14.777597546577454 epoch=44 and step=30
2026-04-23 18:51:32,642 - SplitNNClient - INFO - 20924 - phase=train acc=0.7747395833333334 loss=19.484164774417877 epoch=44 and step=30
2026-04-23 18:51:32,709 - SplitNNClient - INFO - 15064 - phase=train acc=0.8520833333333333 loss=13.0639368891716 epoch=44 and step=30
2026-04-23 18:51:33,167 - SplitNNClient - INFO - 24992 - phase=train acc=0.8088541666666667 loss=14.194001406431198 epoch=44 and step=30
2026-04-23 18:51:35,425 - SplitNNClient - INFO - 26140 - phase=train acc=0.833984375 loss=18.847544878721237 epoch=44 and step=40
2026-04-23 18:51:35,602 - SplitNNClient - INFO - 20924 - phase=train acc=0.784375 loss=24.30912145972252 epoch=44 and step=40
2026-04-23 18:51:35,640 - SplitNNClient - INFO - 15064 - phase=train acc=0.84921875 loss=17.38565817475319 epoch=44 and step=40
2026-04-23 18:51:36,107 - SplitNNClient - INFO - 24992 - phase=train acc=0.811328125 loss=18.636828541755676 epoch=44 and step=40
2026-04-23 18:51:38,402 - SplitNNClient - INFO - 26140 - phase=train acc=0.838125 loss=22.779941022396088 epoch=44 and step=50
2026-04-23 18:51:38,466 - SplitNNClient - INFO - 20924 - phase=train acc=0.793125 loss=28.865370243787766 epoch=44 and step=50
2026-04-23 18:51:38,657 - SplitNNClient - INFO - 15064 - phase=train acc=0.84875 loss=21.750903576612473 epoch=44 and step=50
2026-04-23 18:51:39,147 - SplitNNClient - INFO - 24992 - phase=train acc=0.81140625 loss=23.259755581617355 epoch=44 and step=50
2026-04-23 18:51:41,499 - SplitNNClient - INFO - 26140 - phase=train acc=0.8377604166666667 loss=27.13115093111992 epoch=44 and step=60
2026-04-23 18:51:41,668 - SplitNNClient - INFO - 15064 - phase=train acc=0.8486979166666667 loss=25.93552279472351 epoch=44 and step=60
2026-04-23 18:51:42,109 - SplitNNClient - INFO - 24992 - phase=train acc=0.809765625 loss=28.070962458848953 epoch=44 and step=60
2026-04-23 18:51:44,099 - SplitNNClient - INFO - 26140 - phase=train acc=0.83984375 loss=31.606502383947372 epoch=44 and step=70
2026-04-23 18:51:44,222 - SplitNNClient - INFO - 15064 - phase=train acc=0.8510044642857143 loss=29.661459028720856 epoch=44 and step=70
2026-04-23 18:51:44,738 - SplitNNClient - INFO - 24992 - phase=train acc=0.809375 loss=32.95449534058571 epoch=44 and step=70
2026-04-23 18:51:46,465 - SplitNNClient - INFO - 26140 - phase=train acc=0.8392578125 loss=36.264666855335236 epoch=44 and step=80
2026-04-23 18:51:46,558 - SplitNNClient - INFO - 15064 - phase=train acc=0.8509765625 loss=33.92910820245743 epoch=44 and step=80
2026-04-23 18:51:47,112 - SplitNNClient - INFO - 24992 - phase=train acc=0.81083984375 loss=37.35051625967026 epoch=44 and step=80
2026-04-23 18:51:48,999 - SplitNNClient - INFO - 24992 - phase=train acc=0.8089409722222223 loss=42.25592151284218 epoch=44 and step=90
2026-04-23 18:51:50,631 - SplitNNClient - INFO - 24992 - phase=train acc=0.80828125 loss=46.95598882436752 epoch=44 and step=100
2026-04-23 18:51:52,305 - SplitNNClient - INFO - 24992 - phase=train acc=0.8096590909090909 loss=51.35090693831444 epoch=44 and step=110
2026-04-23 18:51:54,000 - SplitNNClient - INFO - 24992 - phase=train acc=0.8108723958333334 loss=55.586454808712006 epoch=44 and step=120
2026-04-23 18:51:55,641 - SplitNNClient - INFO - 24992 - phase=train acc=0.8103966346153846 loss=60.16479295492172 epoch=44 and step=130
2026-04-23 18:51:55,685 - FedServerManager - INFO - 22168 - get all model params ---- from rank fed_server
2026-04-23 18:52:09,285 - SplitNNClient - INFO - 25280 - phase=validation acc=0.617 loss=88.13460665941238 epoch=44 and step=79
2026-04-23 18:52:09,570 - SplitNNClient - INFO - 15064 - phase=validation acc=0.617 loss=88.13460665941238 epoch=44 and step=79
2026-04-23 18:52:09,773 - SplitNNClient - INFO - 20924 - phase=validation acc=0.617 loss=88.13460665941238 epoch=44 and step=79
2026-04-23 18:52:10,092 - SplitNNClient - INFO - 26140 - phase=validation acc=0.617 loss=88.13460665941238 epoch=44 and step=79
2026-04-23 18:52:10,241 - SplitNNClient - INFO - 24992 - phase=validation acc=0.617 loss=88.13460665941238 epoch=44 and step=79
2026-04-23 18:52:13,613 - SplitNNClient - INFO - 15064 - phase=train acc=0.82109375 loss=5.199839740991592 epoch=45 and step=10
2026-04-23 18:52:13,762 - SplitNNClient - INFO - 25280 - phase=train acc=0.82890625 loss=5.772579163312912 epoch=45 and step=10
2026-04-23 18:52:13,863 - SplitNNClient - INFO - 26140 - phase=train acc=0.81953125 loss=5.386012226343155 epoch=45 and step=10
2026-04-23 18:52:13,935 - SplitNNClient - INFO - 20924 - phase=train acc=0.690625 loss=9.187132954597473 epoch=45 and step=10
2026-04-23 18:52:14,084 - SplitNNClient - INFO - 24992 - phase=train acc=0.81484375 loss=4.6934230625629425 epoch=45 and step=10
2026-04-23 18:52:17,355 - SplitNNClient - INFO - 15064 - phase=train acc=0.839453125 loss=9.217862963676453 epoch=45 and step=20
2026-04-23 18:52:17,498 - SplitNNClient - INFO - 25280 - phase=train acc=0.859765625 loss=9.183407291769981 epoch=45 and step=20
2026-04-23 18:52:17,593 - SplitNNClient - INFO - 20924 - phase=train acc=0.752734375 loss=14.59062671661377 epoch=45 and step=20
2026-04-23 18:52:17,732 - SplitNNClient - INFO - 26140 - phase=train acc=0.83359375 loss=9.878603279590607 epoch=45 and step=20
2026-04-23 18:52:17,811 - SplitNNClient - INFO - 24992 - phase=train acc=0.821484375 loss=9.141665875911713 epoch=45 and step=20
2026-04-23 18:52:20,817 - SplitNNClient - INFO - 15064 - phase=train acc=0.8403645833333333 loss=13.194495737552643 epoch=45 and step=30
2026-04-23 18:52:21,020 - SplitNNClient - INFO - 25280 - phase=train acc=0.8739583333333333 loss=12.553418353199959 epoch=45 and step=30
2026-04-23 18:52:21,095 - SplitNNClient - INFO - 20924 - phase=train acc=0.7700520833333333 loss=19.824633687734604 epoch=45 and step=30
2026-04-23 18:52:21,197 - SplitNNClient - INFO - 26140 - phase=train acc=0.84375 loss=13.986930251121521 epoch=45 and step=30
2026-04-23 18:52:21,293 - SplitNNClient - INFO - 24992 - phase=train acc=0.8203125 loss=13.627039819955826 epoch=45 and step=30
2026-04-23 18:52:23,805 - SplitNNClient - INFO - 15064 - phase=train acc=0.8427734375 loss=17.49763822555542 epoch=45 and step=40
2026-04-23 18:52:23,998 - SplitNNClient - INFO - 20924 - phase=train acc=0.7873046875 loss=24.313507109880447 epoch=45 and step=40
2026-04-23 18:52:24,187 - SplitNNClient - INFO - 26140 - phase=train acc=0.845703125 loss=18.010213911533356 epoch=45 and step=40
2026-04-23 18:52:24,352 - SplitNNClient - INFO - 24992 - phase=train acc=0.81640625 loss=18.16800644993782 epoch=45 and step=40
2026-04-23 18:52:26,910 - SplitNNClient - INFO - 15064 - phase=train acc=0.8440625 loss=21.705220699310303 epoch=45 and step=50
2026-04-23 18:52:27,048 - SplitNNClient - INFO - 20924 - phase=train acc=0.7934375 loss=29.145243793725967 epoch=45 and step=50
2026-04-23 18:52:27,263 - SplitNNClient - INFO - 26140 - phase=train acc=0.84625 loss=22.137258917093277 epoch=45 and step=50
2026-04-23 18:52:27,431 - SplitNNClient - INFO - 24992 - phase=train acc=0.81859375 loss=22.532685577869415 epoch=45 and step=50
2026-04-23 18:52:29,753 - SplitNNClient - INFO - 15064 - phase=train acc=0.845703125 loss=25.71334147453308 epoch=45 and step=60
2026-04-23 18:52:30,144 - SplitNNClient - INFO - 26140 - phase=train acc=0.849609375 loss=25.979851067066193 epoch=45 and step=60
2026-04-23 18:52:30,211 - SplitNNClient - INFO - 24992 - phase=train acc=0.8188802083333333 loss=27.124353379011154 epoch=45 and step=60
2026-04-23 18:52:32,255 - SplitNNClient - INFO - 15064 - phase=train acc=0.8470982142857143 loss=29.560893207788467 epoch=45 and step=70
2026-04-23 18:52:32,586 - SplitNNClient - INFO - 26140 - phase=train acc=0.8488839285714286 loss=30.21595224738121 epoch=45 and step=70
2026-04-23 18:52:32,656 - SplitNNClient - INFO - 24992 - phase=train acc=0.8196428571428571 loss=31.641921192407608 epoch=45 and step=70
2026-04-23 18:52:34,561 - SplitNNClient - INFO - 15064 - phase=train acc=0.84931640625 loss=33.23673191666603 epoch=45 and step=80
2026-04-23 18:52:34,935 - SplitNNClient - INFO - 26140 - phase=train acc=0.848828125 loss=34.38047480583191 epoch=45 and step=80
2026-04-23 18:52:35,099 - SplitNNClient - INFO - 24992 - phase=train acc=0.817578125 loss=36.37722313404083 epoch=45 and step=80
2026-04-23 18:52:36,876 - SplitNNClient - INFO - 24992 - phase=train acc=0.8165798611111111 loss=41.131774455308914 epoch=45 and step=90
2026-04-23 18:52:38,424 - SplitNNClient - INFO - 24992 - phase=train acc=0.816328125 loss=45.674904346466064 epoch=45 and step=100
2026-04-23 18:52:39,975 - SplitNNClient - INFO - 24992 - phase=train acc=0.8161221590909091 loss=50.06530821323395 epoch=45 and step=110
2026-04-23 18:52:41,748 - SplitNNClient - INFO - 24992 - phase=train acc=0.8133463541666667 loss=55.01899516582489 epoch=45 and step=120
2026-04-23 18:52:43,666 - SplitNNClient - INFO - 24992 - phase=train acc=0.8128605769230769 loss=59.61608773469925 epoch=45 and step=130
2026-04-23 18:52:43,728 - FedServerManager - INFO - 22168 - get all model params ---- from rank fed_server
2026-04-23 18:52:57,709 - SplitNNClient - INFO - 15064 - phase=validation acc=0.567 loss=95.544677734375 epoch=45 and step=79
2026-04-23 18:52:57,716 - SplitNNClient - INFO - 25280 - phase=validation acc=0.567 loss=95.544677734375 epoch=45 and step=79
2026-04-23 18:52:57,729 - SplitNNClient - INFO - 20924 - phase=validation acc=0.567 loss=95.544677734375 epoch=45 and step=79
2026-04-23 18:52:58,052 - SplitNNClient - INFO - 26140 - phase=validation acc=0.567 loss=95.544677734375 epoch=45 and step=79
2026-04-23 18:52:58,345 - SplitNNClient - INFO - 24992 - phase=validation acc=0.567 loss=95.544677734375 epoch=45 and step=79
2026-04-23 18:53:01,727 - SplitNNClient - INFO - 26140 - phase=train acc=0.8234375 loss=5.245916783809662 epoch=46 and step=10
2026-04-23 18:53:01,790 - SplitNNClient - INFO - 20924 - phase=train acc=0.70859375 loss=8.936557799577713 epoch=46 and step=10
2026-04-23 18:53:01,857 - SplitNNClient - INFO - 15064 - phase=train acc=0.825 loss=5.178124040365219 epoch=46 and step=10
2026-04-23 18:53:01,925 - SplitNNClient - INFO - 25280 - phase=train acc=0.82734375 loss=5.713167995214462 epoch=46 and step=10
2026-04-23 18:53:02,019 - SplitNNClient - INFO - 24992 - phase=train acc=0.81484375 loss=4.720380485057831 epoch=46 and step=10
2026-04-23 18:53:05,055 - SplitNNClient - INFO - 26140 - phase=train acc=0.8328125 loss=9.609237313270569 epoch=46 and step=20
2026-04-23 18:53:05,102 - SplitNNClient - INFO - 20924 - phase=train acc=0.767578125 loss=14.0887810587883 epoch=46 and step=20
2026-04-23 18:53:05,166 - SplitNNClient - INFO - 15064 - phase=train acc=0.834765625 loss=9.23646941781044 epoch=46 and step=20
2026-04-23 18:53:05,235 - SplitNNClient - INFO - 25280 - phase=train acc=0.863671875 loss=8.888759151101112 epoch=46 and step=20
2026-04-23 18:53:05,298 - SplitNNClient - INFO - 24992 - phase=train acc=0.82109375 loss=8.797656118869781 epoch=46 and step=20
2026-04-23 18:53:08,225 - SplitNNClient - INFO - 26140 - phase=train acc=0.8408854166666667 loss=13.558763414621353 epoch=46 and step=30
2026-04-23 18:53:08,362 - SplitNNClient - INFO - 20924 - phase=train acc=0.7893229166666667 loss=18.75120633840561 epoch=46 and step=30
2026-04-23 18:53:08,431 - SplitNNClient - INFO - 15064 - phase=train acc=0.8393229166666667 loss=13.484543800354004 epoch=46 and step=30
2026-04-23 18:53:08,470 - SplitNNClient - INFO - 25280 - phase=train acc=0.8778645833333333 loss=11.911667823791504 epoch=46 and step=30
2026-04-23 18:53:08,611 - SplitNNClient - INFO - 24992 - phase=train acc=0.81875 loss=13.24868330359459 epoch=46 and step=30
2026-04-23 18:53:11,317 - SplitNNClient - INFO - 26140 - phase=train acc=0.8390625 loss=18.13491439819336 epoch=46 and step=40
2026-04-23 18:53:11,416 - SplitNNClient - INFO - 20924 - phase=train acc=0.7966796875 loss=23.90694984793663 epoch=46 and step=40
2026-04-23 18:53:11,490 - SplitNNClient - INFO - 15064 - phase=train acc=0.843359375 loss=17.48485517501831 epoch=46 and step=40
2026-04-23 18:53:11,627 - SplitNNClient - INFO - 24992 - phase=train acc=0.81640625 loss=17.93315190076828 epoch=46 and step=40
2026-04-23 18:53:14,146 - SplitNNClient - INFO - 26140 - phase=train acc=0.841875 loss=22.16071406006813 epoch=46 and step=50
2026-04-23 18:53:14,259 - SplitNNClient - INFO - 20924 - phase=train acc=0.80546875 loss=28.476427167654037 epoch=46 and step=50
2026-04-23 18:53:14,357 - SplitNNClient - INFO - 15064 - phase=train acc=0.84828125 loss=21.136955082416534 epoch=46 and step=50
2026-04-23 18:53:14,549 - SplitNNClient - INFO - 24992 - phase=train acc=0.81234375 loss=23.005469292402267 epoch=46 and step=50
2026-04-23 18:53:16,964 - SplitNNClient - INFO - 26140 - phase=train acc=0.8447916666666667 loss=26.296254098415375 epoch=46 and step=60
2026-04-23 18:53:17,129 - SplitNNClient - INFO - 15064 - phase=train acc=0.8510416666666667 loss=24.977685064077377 epoch=46 and step=60
2026-04-23 18:53:17,307 - SplitNNClient - INFO - 24992 - phase=train acc=0.8115885416666667 loss=27.666131794452667 epoch=46 and step=60
2026-04-23 18:53:19,338 - SplitNNClient - INFO - 26140 - phase=train acc=0.8483258928571429 loss=30.102197647094727 epoch=46 and step=70
2026-04-23 18:53:19,504 - SplitNNClient - INFO - 15064 - phase=train acc=0.8535714285714285 loss=28.4947210252285 epoch=46 and step=70
2026-04-23 18:53:19,612 - SplitNNClient - INFO - 24992 - phase=train acc=0.81328125 loss=32.162706077098846 epoch=46 and step=70
2026-04-23 18:53:21,756 - SplitNNClient - INFO - 26140 - phase=train acc=0.84736328125 loss=34.61879247426987 epoch=46 and step=80
2026-04-23 18:53:21,915 - SplitNNClient - INFO - 15064 - phase=train acc=0.85283203125 loss=32.397504448890686 epoch=46 and step=80
2026-04-23 18:53:22,113 - SplitNNClient - INFO - 24992 - phase=train acc=0.8146484375 loss=36.49698346853256 epoch=46 and step=80
2026-04-23 18:53:24,145 - SplitNNClient - INFO - 24992 - phase=train acc=0.8160590277777777 loss=40.789140939712524 epoch=46 and step=90
2026-04-23 18:53:25,690 - SplitNNClient - INFO - 24992 - phase=train acc=0.81703125 loss=45.17432051897049 epoch=46 and step=100
2026-04-23 18:53:27,305 - SplitNNClient - INFO - 24992 - phase=train acc=0.8147017045454545 loss=50.28809231519699 epoch=46 and step=110
2026-04-23 18:53:29,004 - SplitNNClient - INFO - 24992 - phase=train acc=0.8140625 loss=55.18332225084305 epoch=46 and step=120
2026-04-23 18:53:30,736 - SplitNNClient - INFO - 24992 - phase=train acc=0.8144230769230769 loss=59.57201784849167 epoch=46 and step=130
2026-04-23 18:53:30,801 - FedServerManager - INFO - 22168 - get all model params ---- from rank fed_server
2026-04-23 18:53:44,279 - SplitNNClient - INFO - 15064 - phase=validation acc=0.5905 loss=93.54058521986008 epoch=46 and step=79
2026-04-23 18:53:44,341 - SplitNNClient - INFO - 25280 - phase=validation acc=0.5905 loss=93.54058521986008 epoch=46 and step=79
2026-04-23 18:53:44,425 - SplitNNClient - INFO - 20924 - phase=validation acc=0.5905 loss=93.54058521986008 epoch=46 and step=79
2026-04-23 18:53:44,677 - SplitNNClient - INFO - 26140 - phase=validation acc=0.5905 loss=93.54058521986008 epoch=46 and step=79
2026-04-23 18:53:44,934 - SplitNNClient - INFO - 24992 - phase=validation acc=0.5905 loss=93.54058521986008 epoch=46 and step=79
2026-04-23 18:53:47,983 - SplitNNClient - INFO - 25280 - phase=train acc=0.825 loss=5.949042528867722 epoch=47 and step=10
2026-04-23 18:53:48,026 - SplitNNClient - INFO - 26140 - phase=train acc=0.809375 loss=5.353178232908249 epoch=47 and step=10
2026-04-23 18:53:48,090 - SplitNNClient - INFO - 20924 - phase=train acc=0.69140625 loss=9.18727234005928 epoch=47 and step=10
2026-04-23 18:53:48,160 - SplitNNClient - INFO - 24992 - phase=train acc=0.83046875 loss=4.539485961198807 epoch=47 and step=10
2026-04-23 18:53:48,231 - SplitNNClient - INFO - 15064 - phase=train acc=0.82265625 loss=4.788172662258148 epoch=47 and step=10
2026-04-23 18:53:51,186 - SplitNNClient - INFO - 25280 - phase=train acc=0.865234375 loss=8.863544151186943 epoch=47 and step=20
2026-04-23 18:53:51,282 - SplitNNClient - INFO - 26140 - phase=train acc=0.8328125 loss=9.718170136213303 epoch=47 and step=20
2026-04-23 18:53:51,355 - SplitNNClient - INFO - 20924 - phase=train acc=0.755859375 loss=14.177800118923187 epoch=47 and step=20
2026-04-23 18:53:51,427 - SplitNNClient - INFO - 24992 - phase=train acc=0.8296875 loss=9.091028064489365 epoch=47 and step=20
2026-04-23 18:53:51,496 - SplitNNClient - INFO - 15064 - phase=train acc=0.84921875 loss=8.466219156980515 epoch=47 and step=20
2026-04-23 18:53:54,564 - SplitNNClient - INFO - 25280 - phase=train acc=0.8822916666666667 loss=11.384157672524452 epoch=47 and step=30
2026-04-23 18:53:54,609 - SplitNNClient - INFO - 26140 - phase=train acc=0.8411458333333334 loss=13.64261382818222 epoch=47 and step=30
2026-04-23 18:53:54,672 - SplitNNClient - INFO - 20924 - phase=train acc=0.7739583333333333 loss=19.523128420114517 epoch=47 and step=30
2026-04-23 18:53:54,782 - SplitNNClient - INFO - 24992 - phase=train acc=0.8307291666666666 loss=13.602720528841019 epoch=47 and step=30
2026-04-23 18:53:55,059 - SplitNNClient - INFO - 15064 - phase=train acc=0.8533854166666667 loss=12.331691473722458 epoch=47 and step=30
2026-04-23 18:53:57,504 - SplitNNClient - INFO - 26140 - phase=train acc=0.842578125 loss=18.03167462348938 epoch=47 and step=40
2026-04-23 18:53:57,567 - SplitNNClient - INFO - 20924 - phase=train acc=0.787109375 loss=24.71117952466011 epoch=47 and step=40
2026-04-23 18:53:57,676 - SplitNNClient - INFO - 24992 - phase=train acc=0.8232421875 loss=18.423369705677032 epoch=47 and step=40
2026-04-23 18:53:57,922 - SplitNNClient - INFO - 15064 - phase=train acc=0.8521484375 loss=16.59232124686241 epoch=47 and step=40
2026-04-23 18:54:00,299 - SplitNNClient - INFO - 26140 - phase=train acc=0.8428125 loss=22.315763860940933 epoch=47 and step=50
2026-04-23 18:54:00,362 - SplitNNClient - INFO - 20924 - phase=train acc=0.79609375 loss=29.297404319047928 epoch=47 and step=50
2026-04-23 18:54:00,495 - SplitNNClient - INFO - 24992 - phase=train acc=0.81875 loss=23.25726044178009 epoch=47 and step=50
2026-04-23 18:54:00,684 - SplitNNClient - INFO - 15064 - phase=train acc=0.85171875 loss=20.610082119703293 epoch=47 and step=50
2026-04-23 18:54:02,946 - SplitNNClient - INFO - 26140 - phase=train acc=0.8423177083333333 loss=26.64852923154831 epoch=47 and step=60
2026-04-23 18:54:03,084 - SplitNNClient - INFO - 24992 - phase=train acc=0.8115885416666667 loss=28.49325594305992 epoch=47 and step=60
2026-04-23 18:54:03,277 - SplitNNClient - INFO - 15064 - phase=train acc=0.85 loss=25.11433634161949 epoch=47 and step=60
2026-04-23 18:54:05,330 - SplitNNClient - INFO - 26140 - phase=train acc=0.8424107142857142 loss=30.99650114774704 epoch=47 and step=70
2026-04-23 18:54:05,436 - SplitNNClient - INFO - 24992 - phase=train acc=0.8119419642857143 loss=33.23838338255882 epoch=47 and step=70
2026-04-23 18:54:05,599 - SplitNNClient - INFO - 15064 - phase=train acc=0.85234375 loss=28.646515548229218 epoch=47 and step=70
2026-04-23 18:54:07,651 - SplitNNClient - INFO - 26140 - phase=train acc=0.84541015625 loss=34.83962422609329 epoch=47 and step=80
2026-04-23 18:54:07,850 - SplitNNClient - INFO - 24992 - phase=train acc=0.81240234375 loss=37.81527131795883 epoch=47 and step=80
2026-04-23 18:54:07,956 - SplitNNClient - INFO - 15064 - phase=train acc=0.8513671875 loss=32.68210491538048 epoch=47 and step=80
2026-04-23 18:54:09,733 - SplitNNClient - INFO - 24992 - phase=train acc=0.8131076388888889 loss=42.251177221536636 epoch=47 and step=90
2026-04-23 18:54:11,469 - SplitNNClient - INFO - 24992 - phase=train acc=0.812578125 loss=46.99015209078789 epoch=47 and step=100
2026-04-23 18:54:13,101 - SplitNNClient - INFO - 24992 - phase=train acc=0.8125710227272728 loss=51.29887503385544 epoch=47 and step=110
2026-04-23 18:54:14,706 - SplitNNClient - INFO - 24992 - phase=train acc=0.8134114583333333 loss=55.83138117194176 epoch=47 and step=120
2026-04-23 18:54:16,402 - SplitNNClient - INFO - 24992 - phase=train acc=0.8138822115384615 loss=60.097210705280304 epoch=47 and step=130
2026-04-23 18:54:16,474 - FedServerManager - INFO - 22168 - get all model params ---- from rank fed_server
2026-04-23 18:54:29,951 - SplitNNClient - INFO - 15064 - phase=validation acc=0.6219 loss=87.7844215631485 epoch=47 and step=79
2026-04-23 18:54:30,078 - SplitNNClient - INFO - 20924 - phase=validation acc=0.6219 loss=87.7844215631485 epoch=47 and step=79
2026-04-23 18:54:30,232 - SplitNNClient - INFO - 25280 - phase=validation acc=0.6219 loss=87.7844215631485 epoch=47 and step=79
2026-04-23 18:54:30,488 - SplitNNClient - INFO - 26140 - phase=validation acc=0.6219 loss=87.7844215631485 epoch=47 and step=79
2026-04-23 18:54:30,817 - SplitNNClient - INFO - 24992 - phase=validation acc=0.6219 loss=87.7844215631485 epoch=47 and step=79
2026-04-23 18:54:33,824 - SplitNNClient - INFO - 26140 - phase=train acc=0.8265625 loss=5.02301698923111 epoch=48 and step=10
2026-04-23 18:54:33,901 - SplitNNClient - INFO - 15064 - phase=train acc=0.87265625 loss=3.871635362505913 epoch=48 and step=10
2026-04-23 18:54:33,962 - SplitNNClient - INFO - 24992 - phase=train acc=0.79296875 loss=5.04713037610054 epoch=48 and step=10
2026-04-23 18:54:34,144 - SplitNNClient - INFO - 20924 - phase=train acc=0.72265625 loss=8.286272466182709 epoch=48 and step=10
2026-04-23 18:54:34,183 - SplitNNClient - INFO - 25280 - phase=train acc=0.85078125 loss=4.80717009305954 epoch=48 and step=10
2026-04-23 18:54:37,446 - SplitNNClient - INFO - 26140 - phase=train acc=0.83046875 loss=9.787141114473343 epoch=48 and step=20
2026-04-23 18:54:37,518 - SplitNNClient - INFO - 15064 - phase=train acc=0.8640625 loss=7.878750219941139 epoch=48 and step=20
2026-04-23 18:54:37,562 - SplitNNClient - INFO - 20924 - phase=train acc=0.772265625 loss=13.338263601064682 epoch=48 and step=20
2026-04-23 18:54:37,632 - SplitNNClient - INFO - 24992 - phase=train acc=0.80703125 loss=9.479370772838593 epoch=48 and step=20
2026-04-23 18:54:37,711 - SplitNNClient - INFO - 25280 - phase=train acc=0.8828125 loss=7.597243815660477 epoch=48 and step=20
2026-04-23 18:54:41,135 - SplitNNClient - INFO - 26140 - phase=train acc=0.8416666666666667 loss=13.64513412117958 epoch=48 and step=30
2026-04-23 18:54:41,231 - SplitNNClient - INFO - 15064 - phase=train acc=0.8630208333333333 loss=11.79394181072712 epoch=48 and step=30
2026-04-23 18:54:41,296 - SplitNNClient - INFO - 20924 - phase=train acc=0.7890625 loss=18.06049969792366 epoch=48 and step=30
2026-04-23 18:54:41,372 - SplitNNClient - INFO - 25280 - phase=train acc=0.88984375 loss=10.47229965031147 epoch=48 and step=30
2026-04-23 18:54:41,447 - SplitNNClient - INFO - 24992 - phase=train acc=0.8098958333333334 loss=13.809191048145294 epoch=48 and step=30
2026-04-23 18:54:44,600 - SplitNNClient - INFO - 15064 - phase=train acc=0.861328125 loss=15.749542519450188 epoch=48 and step=40
2026-04-23 18:54:44,665 - SplitNNClient - INFO - 26140 - phase=train acc=0.841796875 loss=17.93905210494995 epoch=48 and step=40
2026-04-23 18:54:44,763 - SplitNNClient - INFO - 20924 - phase=train acc=0.799609375 loss=22.722630113363266 epoch=48 and step=40
2026-04-23 18:54:44,829 - SplitNNClient - INFO - 24992 - phase=train acc=0.8197265625 loss=17.811612606048584 epoch=48 and step=40
2026-04-23 18:54:47,378 - SplitNNClient - INFO - 15064 - phase=train acc=0.858125 loss=20.081773534417152 epoch=48 and step=50
2026-04-23 18:54:47,452 - SplitNNClient - INFO - 26140 - phase=train acc=0.84375 loss=22.115961998701096 epoch=48 and step=50
2026-04-23 18:54:47,556 - SplitNNClient - INFO - 20924 - phase=train acc=0.80421875 loss=27.552203834056854 epoch=48 and step=50
2026-04-23 18:54:47,597 - SplitNNClient - INFO - 24992 - phase=train acc=0.8225 loss=22.088369637727737 epoch=48 and step=50
2026-04-23 18:54:50,205 - SplitNNClient - INFO - 26140 - phase=train acc=0.8484375 loss=25.7329108864069 epoch=48 and step=60
2026-04-23 18:54:50,287 - SplitNNClient - INFO - 15064 - phase=train acc=0.8578125 loss=24.18453435599804 epoch=48 and step=60
2026-04-23 18:54:50,488 - SplitNNClient - INFO - 24992 - phase=train acc=0.8201822916666667 loss=26.701644122600555 epoch=48 and step=60
2026-04-23 18:54:52,554 - SplitNNClient - INFO - 26140 - phase=train acc=0.8494419642857143 loss=29.68916966021061 epoch=48 and step=70
2026-04-23 18:54:52,751 - SplitNNClient - INFO - 15064 - phase=train acc=0.8555803571428572 loss=28.376850709319115 epoch=48 and step=70
2026-04-23 18:54:52,955 - SplitNNClient - INFO - 24992 - phase=train acc=0.8208705357142857 loss=31.076241105794907 epoch=48 and step=70
2026-04-23 18:54:54,944 - SplitNNClient - INFO - 26140 - phase=train acc=0.8521484375 loss=33.63028438389301 epoch=48 and step=80
2026-04-23 18:54:55,011 - SplitNNClient - INFO - 15064 - phase=train acc=0.85771484375 loss=31.882614448666573 epoch=48 and step=80
2026-04-23 18:54:55,351 - SplitNNClient - INFO - 24992 - phase=train acc=0.82021484375 loss=35.547641426324844 epoch=48 and step=80
2026-04-23 18:54:57,192 - SplitNNClient - INFO - 24992 - phase=train acc=0.8215277777777777 loss=39.63252481818199 epoch=48 and step=90
2026-04-23 18:54:59,094 - SplitNNClient - INFO - 24992 - phase=train acc=0.82171875 loss=44.028847217559814 epoch=48 and step=100
2026-04-23 18:55:00,732 - SplitNNClient - INFO - 24992 - phase=train acc=0.8201704545454546 loss=48.49710872769356 epoch=48 and step=110
2026-04-23 18:55:02,282 - SplitNNClient - INFO - 24992 - phase=train acc=0.820703125 loss=52.71283209323883 epoch=48 and step=120
2026-04-23 18:55:03,822 - SplitNNClient - INFO - 24992 - phase=train acc=0.8217548076923077 loss=56.94263869524002 epoch=48 and step=130
2026-04-23 18:55:03,877 - FedServerManager - INFO - 22168 - get all model params ---- from rank fed_server
2026-04-23 18:55:17,388 - SplitNNClient - INFO - 15064 - phase=validation acc=0.5979 loss=92.4977239370346 epoch=48 and step=79
2026-04-23 18:55:17,486 - SplitNNClient - INFO - 25280 - phase=validation acc=0.5979 loss=92.4977239370346 epoch=48 and step=79
2026-04-23 18:55:17,516 - SplitNNClient - INFO - 20924 - phase=validation acc=0.5979 loss=92.4977239370346 epoch=48 and step=79
2026-04-23 18:55:18,123 - SplitNNClient - INFO - 26140 - phase=validation acc=0.5979 loss=92.4977239370346 epoch=48 and step=79
2026-04-23 18:55:18,384 - SplitNNClient - INFO - 24992 - phase=validation acc=0.5979 loss=92.4977239370346 epoch=48 and step=79
2026-04-23 18:55:19,150 - CommBreakdown - INFO - 20924 - tensor_distribution rank=4 node_type=client phase=train epoch=49 sample=late tensor=activations[0] shape=(128, 64, 16, 16) mean=0.445124 std=0.8671 min=0 max=19.8726 mean_abs=0.445124 max_abs=19.8726 p95_abs=2.0489 p99_abs=3.94402 skewness=3.9701 kurtosis=30.3117 mean_channel_std=0.789848 std_channel_std=0.291948 max_channel_scale_over_min_channel_scale=7.62224 spread=high spread_score=1.948 outliers=medium outlier_score=2.81993 near_zero=medium near_zero_fraction=0.555494
2026-04-23 18:55:19,157 - CommBreakdown - INFO - 15064 - tensor_distribution rank=2 node_type=client phase=train epoch=49 sample=late tensor=activations[0] shape=(128, 64, 16, 16) mean=0.46493 std=0.883044 min=0 max=21.3808 mean_abs=0.46493 max_abs=21.3808 p95_abs=2.14198 p99_abs=3.9931 skewness=3.65618 kurtosis=25.9749 mean_channel_std=0.809636 std_channel_std=0.284299 max_channel_scale_over_min_channel_scale=8.33276 spread=high spread_score=1.89931 outliers=medium outlier_score=2.68603 near_zero=medium near_zero_fraction=0.554429
2026-04-23 18:55:19,199 - CommBreakdown - INFO - 24992 - tensor_distribution rank=1 node_type=client phase=train epoch=49 sample=late tensor=activations[0] shape=(128, 64, 16, 16) mean=0.460671 std=0.8884 min=0 max=29.9162 mean_abs=0.460671 max_abs=29.9162 p95_abs=2.11318 p99_abs=4.0102 skewness=3.9164 kurtosis=30.5857 mean_channel_std=0.811403 std_channel_std=0.295068 max_channel_scale_over_min_channel_scale=11.0987 spread=high spread_score=1.92849 outliers=medium outlier_score=2.74238 near_zero=medium near_zero_fraction=0.555075
2026-04-23 18:55:19,211 - CommBreakdown - INFO - 26140 - tensor_distribution rank=3 node_type=client phase=train epoch=49 sample=late tensor=activations[0] shape=(128, 64, 16, 16) mean=0.46409 std=0.894087 min=0 max=26.4767 mean_abs=0.46409 max_abs=26.4767 p95_abs=2.14016 p99_abs=4.02848 skewness=3.84996 kurtosis=28.5921 mean_channel_std=0.815322 std_channel_std=0.299896 max_channel_scale_over_min_channel_scale=9.74082 spread=high spread_score=1.92654 outliers=medium outlier_score=2.74467 near_zero=medium near_zero_fraction=0.553925
2026-04-23 18:55:19,224 - CommBreakdown - INFO - 25280 - tensor_distribution rank=5 node_type=client phase=train epoch=49 sample=late tensor=activations[0] shape=(128, 64, 16, 16) mean=0.470069 std=0.902081 min=0 max=23.4735 mean_abs=0.470069 max_abs=23.4735 p95_abs=2.17772 p99_abs=4.07727 skewness=3.8068 kurtosis=28.5648 mean_channel_std=0.820826 std_channel_std=0.305794 max_channel_scale_over_min_channel_scale=9.0458 spread=high spread_score=1.91904 outliers=medium outlier_score=2.72931 near_zero=medium near_zero_fraction=0.552413
2026-04-23 18:55:20,249 - CommBreakdown - INFO - 26232 - tensor_distribution rank=0 node_type=server phase=train epoch=49 sample=late tensor=activation_grads shape=(128, 64, 16, 16) mean=6.02812e-08 std=2.59961e-05 min=-0.000932994 max=0.000650199 mean_abs=1.27429e-05 max_abs=0.000932994 p95_abs=5.13478e-05 p99_abs=0.000109604 skewness=-0.00334676 kurtosis=1.85477e-05 mean_channel_std=2.55953e-05 std_channel_std=4.54681e-06 max_channel_scale_over_min_channel_scale=4.3057 spread=high spread_score=2.04004 outliers=high outlier_score=3.393 near_zero=medium near_zero_fraction=0.209923
2026-04-23 18:56:11,843 - SplitNNClient - INFO - 15064 - phase=train acc=0.8515625 loss=4.410710841417313 epoch=49 and step=10
2026-04-23 18:56:12,967 - SplitNNClient - INFO - 20924 - phase=train acc=0.6890625 loss=9.091401994228363 epoch=49 and step=10
2026-04-23 18:56:14,056 - SplitNNClient - INFO - 26140 - phase=train acc=0.83203125 loss=4.968520075082779 epoch=49 and step=10
2026-04-23 18:56:15,183 - SplitNNClient - INFO - 24992 - phase=train acc=0.8171875 loss=4.875349462032318 epoch=49 and step=10
2026-04-23 18:56:16,332 - SplitNNClient - INFO - 25280 - phase=train acc=0.79765625 loss=6.443442940711975 epoch=49 and step=10
2026-04-23 18:57:08,883 - SplitNNClient - INFO - 15064 - phase=train acc=0.84765625 loss=8.530707567930222 epoch=49 and step=20
2026-04-23 18:57:10,001 - SplitNNClient - INFO - 20924 - phase=train acc=0.75078125 loss=14.537006735801697 epoch=49 and step=20
2026-04-23 18:57:11,126 - SplitNNClient - INFO - 26140 - phase=train acc=0.838671875 loss=9.180434226989746 epoch=49 and step=20
2026-04-23 18:57:12,280 - SplitNNClient - INFO - 24992 - phase=train acc=0.819921875 loss=9.03242701292038 epoch=49 and step=20
2026-04-23 18:57:13,404 - SplitNNClient - INFO - 25280 - phase=train acc=0.855078125 loss=9.262675151228905 epoch=49 and step=20
2026-04-23 18:58:05,799 - SplitNNClient - INFO - 15064 - phase=train acc=0.8486979166666667 loss=12.374004870653152 epoch=49 and step=30
2026-04-23 18:58:06,922 - SplitNNClient - INFO - 20924 - phase=train acc=0.7692708333333333 loss=19.481749773025513 epoch=49 and step=30
2026-04-23 18:58:08,040 - SplitNNClient - INFO - 26140 - phase=train acc=0.8432291666666667 loss=13.468781560659409 epoch=49 and step=30
2026-04-23 18:58:09,193 - SplitNNClient - INFO - 24992 - phase=train acc=0.8252604166666667 loss=13.248052150011063 epoch=49 and step=30
2026-04-23 18:58:10,309 - SplitNNClient - INFO - 25280 - phase=train acc=0.8736979166666666 loss=12.062239989638329 epoch=49 and step=30
2026-04-23 18:58:55,482 - SplitNNClient - INFO - 15064 - phase=train acc=0.85390625 loss=16.323641628026962 epoch=49 and step=40
2026-04-23 18:58:56,604 - SplitNNClient - INFO - 20924 - phase=train acc=0.7837890625 loss=24.21710205078125 epoch=49 and step=40
2026-04-23 18:58:57,724 - SplitNNClient - INFO - 26140 - phase=train acc=0.8478515625 loss=17.295609414577484 epoch=49 and step=40
2026-04-23 18:58:58,872 - SplitNNClient - INFO - 24992 - phase=train acc=0.82734375 loss=17.439708471298218 epoch=49 and step=40
2026-04-23 18:59:40,917 - SplitNNClient - INFO - 15064 - phase=train acc=0.85578125 loss=20.2369724214077 epoch=49 and step=50
2026-04-23 18:59:42,100 - SplitNNClient - INFO - 20924 - phase=train acc=0.79171875 loss=29.258264631032944 epoch=49 and step=50
2026-04-23 18:59:43,222 - SplitNNClient - INFO - 26140 - phase=train acc=0.8509375 loss=21.246285408735275 epoch=49 and step=50
2026-04-23 18:59:44,372 - SplitNNClient - INFO - 24992 - phase=train acc=0.82875 loss=21.628699213266373 epoch=49 and step=50
2026-04-23 19:00:26,391 - SplitNNClient - INFO - 15064 - phase=train acc=0.8549479166666667 loss=24.462970346212387 epoch=49 and step=60
2026-04-23 19:00:27,514 - SplitNNClient - INFO - 26140 - phase=train acc=0.8518229166666667 loss=25.205225229263306 epoch=49 and step=60
2026-04-23 19:00:28,632 - SplitNNClient - INFO - 24992 - phase=train acc=0.8278645833333333 loss=25.915223211050034 epoch=49 and step=60
2026-04-23 19:01:00,746 - SplitNNClient - INFO - 15064 - phase=train acc=0.8574776785714285 loss=27.925560355186462 epoch=49 and step=70
2026-04-23 19:01:01,901 - SplitNNClient - INFO - 26140 - phase=train acc=0.8511160714285714 loss=29.30112874507904 epoch=49 and step=70
2026-04-23 19:01:03,053 - SplitNNClient - INFO - 24992 - phase=train acc=0.8275669642857143 loss=30.12252828478813 epoch=49 and step=70
2026-04-23 19:01:34,823 - SplitNNClient - INFO - 15064 - phase=train acc=0.86005859375 loss=31.181822553277016 epoch=49 and step=80
2026-04-23 19:01:35,974 - SplitNNClient - INFO - 26140 - phase=train acc=0.8521484375 loss=33.19664826989174 epoch=49 and step=80
2026-04-23 19:01:37,063 - SplitNNClient - INFO - 24992 - phase=train acc=0.82744140625 loss=34.52095437049866 epoch=49 and step=80
2026-04-23 19:02:00,090 - SplitNNClient - INFO - 24992 - phase=train acc=0.8256076388888889 loss=39.178004026412964 epoch=49 and step=90
2026-04-23 19:02:17,831 - SplitNNClient - INFO - 24992 - phase=train acc=0.824921875 loss=43.81015458703041 epoch=49 and step=100
2026-04-23 19:02:35,725 - SplitNNClient - INFO - 24992 - phase=train acc=0.8242897727272728 loss=48.50270211696625 epoch=49 and step=110
2026-04-23 19:02:53,727 - SplitNNClient - INFO - 24992 - phase=train acc=0.8238932291666666 loss=52.605252742767334 epoch=49 and step=120
2026-04-23 19:03:11,631 - SplitNNClient - INFO - 24992 - phase=train acc=0.8247596153846154 loss=56.75806486606598 epoch=49 and step=130
2026-04-23 19:03:11,676 - FedServerManager - INFO - 22168 - get all model params ---- from rank fed_server
2026-04-23 19:03:26,075 - SplitNNClient - INFO - 25280 - phase=validation acc=0.6341 loss=85.08584481477737 epoch=49 and step=79
2026-04-23 19:03:26,085 - SplitNNClient - INFO - 15064 - phase=validation acc=0.6341 loss=85.08584481477737 epoch=49 and step=79
2026-04-23 19:03:26,106 - CommBreakdown - INFO - 25280 - rank=5 node_type=client total_send=12060289824 total_receive=3602836488 send_by_category={'ACTS': 12028615500, 'MODEL': 31662900, 'OTHER': 11424} recv_by_category={'GRADS': 3571164900, 'MODEL': 31660500, 'OTHER': 11088} send_by_type={2: 12028615500, 7: 31662900, 3: 5600, 4: 5600, 5: 224} recv_by_type={1: 3571164900, 8: 31660500, 11: 5600, 12: 5488} mm_send_by_type={2: 12028458700, 7: 31661500, 3: 4200, 4: 4200, 5: 168} mm_recv_by_type={1: 3571164900, 8: 31660500, 11: 5600, 12: 5488}
2026-04-23 19:03:26,116 - CommBreakdown - INFO - 15064 - rank=2 node_type=client total_send=17579387424 total_receive=9119455488 send_by_category={'ACTS': 17547713100, 'MODEL': 31662900, 'OTHER': 11424} recv_by_category={'GRADS': 9087783900, 'MODEL': 31660500, 'OTHER': 11088} send_by_type={2: 17547713100, 7: 31662900, 3: 5600, 4: 5600, 5: 224} recv_by_type={1: 9087783900, 8: 31660500, 11: 5600, 12: 5488} mm_send_by_type={2: 17547484900, 7: 31661500, 3: 4200, 4: 4200, 5: 168} mm_recv_by_type={1: 9087783900, 8: 31660500, 11: 5600, 12: 5488}
2026-04-23 19:03:26,135 - init_client - INFO - 25280 - Client 5 run end
2026-04-23 19:03:26,147 - init_client - INFO - 15064 - Client 2 run end
2026-04-23 19:03:26,327 - SplitNNClient - INFO - 20924 - phase=validation acc=0.6341 loss=85.08584481477737 epoch=49 and step=79
2026-04-23 19:03:26,338 - CommBreakdown - INFO - 20924 - rank=4 node_type=client total_send=14873947424 total_receive=6415230488 send_by_category={'ACTS': 14842273100, 'MODEL': 31662900, 'OTHER': 11424} recv_by_category={'GRADS': 6383558900, 'MODEL': 31660500, 'OTHER': 11088} send_by_type={2: 14842273100, 7: 31662900, 3: 5600, 4: 5600, 5: 224} recv_by_type={1: 6383558900, 8: 31660500, 11: 5600, 12: 5488} mm_send_by_type={2: 14842079900, 7: 31661500, 3: 4200, 4: 4200, 5: 168} mm_recv_by_type={1: 6383558900, 8: 31660500, 11: 5600, 12: 5488}
2026-04-23 19:03:26,369 - init_client - INFO - 20924 - Client 4 run end
2026-04-23 19:03:26,580 - SplitNNClient - INFO - 24992 - phase=validation acc=0.6341 loss=85.08584481477737 epoch=49 and step=79
2026-04-23 19:03:26,592 - CommBreakdown - INFO - 24992 - rank=1 node_type=client total_send=22557397024 total_receive=14095229488 send_by_category={'ACTS': 22525722700, 'MODEL': 31662900, 'OTHER': 11424} recv_by_category={'GRADS': 14063557900, 'MODEL': 31660500, 'OTHER': 11088} send_by_type={2: 22525722700, 7: 31662900, 3: 5600, 4: 5600, 5: 224} recv_by_type={1: 14063557900, 8: 31660500, 11: 5600, 12: 5488} mm_send_by_type={2: 22525430100, 7: 31661500, 3: 4200, 4: 4200, 5: 168} mm_recv_by_type={1: 14063557900, 8: 31660500, 11: 5600, 12: 5488}
2026-04-23 19:03:26,627 - init_client - INFO - 24992 - Client 1 run end
2026-04-23 19:03:26,741 - SplitNNClient - INFO - 26140 - phase=validation acc=0.6341 loss=85.08584481477737 epoch=49 and step=79
2026-04-23 19:03:26,767 - CommBreakdown - INFO - 26232 - rank=0 node_type=server total_send=42085735940 total_receive=84383876460 send_by_category={'GRADS': 42085680500, 'OTHER': 55440} recv_by_category={'ACTS': 84383819900, 'OTHER': 56560} send_by_type={1: 42085680500, 11: 28000, 12: 27440} recv_by_type={2: 84383819900, 3: 28000, 4: 28000, 5: 560} mm_send_by_type={1: 42084582900, 11: 21000, 12: 20580} mm_recv_by_type={2: 84383819900, 3: 28000, 4: 28000, 5: 560}
2026-04-23 19:03:26,772 - CommBreakdown - INFO - 22168 - rank=6 node_type=server total_send=158302500 total_receive=158315060 send_by_category={'MODEL': 158302500} recv_by_category={'MODEL': 158314500, 'OTHER': 560} send_by_type={8: 158302500} recv_by_type={7: 158314500, 5: 560} mm_send_by_type={8: 158295500} mm_recv_by_type={7: 158314500, 5: 560}
2026-04-23 19:03:26,772 - CommBreakdown - INFO - 26140 - rank=3 node_type=client total_send=17471169824 total_receive=9011286488 send_by_category={'ACTS': 17439495500, 'MODEL': 31662900, 'OTHER': 11424} recv_by_category={'GRADS': 8979614900, 'MODEL': 31660500, 'OTHER': 11088} send_by_type={2: 17439495500, 7: 31662900, 3: 5600, 4: 5600, 5: 224} recv_by_type={1: 8979614900, 8: 31660500, 11: 5600, 12: 5488} mm_send_by_type={2: 17439268700, 7: 31661500, 3: 4200, 4: 4200, 5: 168} mm_recv_by_type={1: 8979614900, 8: 31660500, 11: 5600, 12: 5488}
2026-04-23 19:03:26,788 - init_server - INFO - 26232 - Server run end
2026-04-23 19:03:26,793 - init_fed_server - INFO - 22168 - FedServer run end
2026-04-23 19:03:26,797 - init_client - INFO - 26140 - Client 3 run end
