2026-04-19 21:33:42,867 - datasetFactory - INFO - 21576 - cifar10
2026-04-19 21:33:42,867 - datasetFactory - INFO - 23932 - cifar10
2026-04-19 21:33:42,868 - datasetFactory - INFO - 23172 - cifar10
2026-04-19 21:33:42,868 - datasetFactory - INFO - 14632 - cifar10
2026-04-19 21:33:42,868 - datasetFactory - INFO - 13456 - cifar10
2026-04-19 21:33:42,997 - main - INFO - 19484 - Process 6 initialized with device: cpu
2026-04-19 21:33:42,997 - TorchvisionDatasetController - INFO - 13456 - <bound method DataPartitioner.hetero of <datasets.Partition_Data.DataPartitioner object at 0x0000026327B94710>>
2026-04-19 21:33:42,997 - DataPartitioner - INFO - 14632 - hetero
2026-04-19 21:33:42,997 - DataPartitioner - INFO - 23932 - hetero
2026-04-19 21:33:42,997 - DataPartitioner - INFO - 13456 - hetero
2026-04-19 21:33:42,997 - TorchvisionDatasetController - INFO - 14632 - F:\phd\Split-Experiments\Split-Framework\datasets\downloads
2026-04-19 21:33:42,997 - TorchvisionDatasetController - INFO - 23932 - F:\phd\Split-Experiments\Split-Framework\datasets\downloads
2026-04-19 21:33:42,997 - TorchvisionDatasetController - INFO - 13456 - F:\phd\Split-Experiments\Split-Framework\datasets\downloads
2026-04-19 21:33:42,997 - SplitNN_distributed - INFO - 19484 - process_id == fed_server_rank : 6
2026-04-19 21:33:42,999 - TorchvisionDatasetController - INFO - 3180 - <bound method DataPartitioner.hetero of <datasets.Partition_Data.DataPartitioner object at 0x000001DF1C23EDB0>>
2026-04-19 21:33:42,999 - DataPartitioner - INFO - 3180 - hetero
172 - <bound method DataPartitioner.hetero of <datasets.Partition_Data.DataPartitioner object at 0x0000020C3F77E9C0>>
2026-04-19 21:33:42,999 - DataPartitioner - INFO - 23172 - hetero
0 - F:\phd\Split-Experiments\Split-Framework\datasets\downloads
2026-04-19 21:33:42,999 - TorchvisionDatasetController - INFO - 23172 - F:\phd\Split-Experiments\Split-Framework\datasets\downloads
2026-04-19 21:33:43,038 - TorchvisionDatasetController - INFO - 21576 - <bound method DataPartitioner.hetero of <datasets.Partition_Data.DataPartitioner object at 0x000001826E1D5D90>>
2026-04-19 21:33:43,038 - DataPartitioner - INFO - 21576 - hetero
2026-04-19 21:33:43,038 - TorchvisionDatasetController - INFO - 21576 - F:\phd\Split-Experiments\Split-Framework\datasets\downloads
2026-04-19 21:33:43,139 - init_fed_server - INFO - 19484 - FedServer run begin SplitFed2
2026-04-19 21:33:45,260 - DataPartitioner - INFO - 21576 - traindata_cls_counts: {0: {0: 2538, 1: 2206, 2: 409, 3: 3154, 4: 40, 5: 178, 6: 387, 7: 128, 8: 2363, 9: 4251}, 1: {0: 43, 1: 215, 2: 202, 3: 1423, 4: 1777, 5: 2276, 6: 1, 7: 498, 8: 446, 9: 131}, 2: {0: 23, 1: 1517, 2: 1244, 3: 192, 4: 2349, 5: 208, 6: 259, 7: 2175, 8: 682, 9: 17}, 3: {0: 1053, 1: 1004, 2: 2473, 4: 108, 5: 512, 6: 897, 7: 1057, 8: 1368, 9: 387}, 4: {0: 1343, 1: 58, 2: 672, 3: 231, 4: 726, 5: 1826, 6: 3456, 7: 1142, 8: 141, 9: 214}}
2026-04-19 21:33:45,260 - DataPartitioner - INFO - 23172 - traindata_cls_counts: {0: {0: 2538, 1: 2206, 2: 409, 3: 3154, 4: 40, 5: 178, 6: 387, 7: 128, 8: 2363, 9: 4251}, 1: {0: 43, 1: 215, 2: 202, 3: 1423, 4: 1777, 5: 2276, 6: 1, 7: 498, 8: 446, 9: 131}, 2: {0: 23, 1: 1517, 2: 1244, 3: 192, 4: 2349, 5: 208, 6: 259, 7: 2175, 8: 682, 9: 17}, 3: {0: 1053, 1: 1004, 2: 2473, 4: 108, 5: 512, 6: 897, 7: 1057, 8: 1368, 9: 387}, 4: {0: 1343, 1: 58, 2: 672, 3: 231, 4: 726, 5: 1826, 6: 3456, 7: 1142, 8: 141, 9: 214}}
2026-04-19 21:33:45,261 - TorchvisionDatasetController - INFO - 23172 - rank = 3, local_sample_number = 8666
2026-04-19 21:33:45,261 - DataPartitioner - INFO - 14632 - traindata_cls_counts: {0: {0: 2538, 1: 2206, 2: 409, 3: 3154, 4: 40, 5: 178, 6: 387, 7: 128, 8: 2363, 9: 4251}, 1: {0: 43, 1: 215, 2: 202, 3: 1423, 4: 1777, 5: 2276, 6: 1, 7: 498, 8: 446, 9: 131}, 2: {0: 23, 1: 1517, 2: 1244, 3: 192, 4: 2349, 5: 208, 6: 259, 7: 2175, 8: 682, 9: 17}, 3: {0: 1053, 1: 1004, 2: 2473, 4: 108, 5: 512, 6: 897, 7: 1057, 8: 1368, 9: 387}, 4: {0: 1343, 1: 58, 2: 672, 3: 231, 4: 726, 5: 1826, 6: 3456, 7: 1142, 8: 141, 9: 214}}
2026-04-19 21:33:45,262 - TorchvisionDatasetController - INFO - 14632 - rank = 2, local_sample_number = 7012
2026-04-19 21:33:45,262 - DataPartitioner - INFO - 3180 - traindata_cls_counts: {0: {0: 2538, 1: 2206, 2: 409, 3: 3154, 4: 40, 5: 178, 6: 387, 7: 128, 8: 2363, 9: 4251}, 1: {0: 43, 1: 215, 2: 202, 3: 1423, 4: 1777, 5: 2276, 6: 1, 7: 498, 8: 446, 9: 131}, 2: {0: 23, 1: 1517, 2: 1244, 3: 192, 4: 2349, 5: 208, 6: 259, 7: 2175, 8: 682, 9: 17}, 3: {0: 1053, 1: 1004, 2: 2473, 4: 108, 5: 512, 6: 897, 7: 1057, 8: 1368, 9: 387}, 4: {0: 1343, 1: 58, 2: 672, 3: 231, 4: 726, 5: 1826, 6: 3456, 7: 1142, 8: 141, 9: 214}}
2026-04-19 21:33:45,263 - TorchvisionDatasetController - INFO - 3180 - rank = 4, local_sample_number = 8859
2026-04-19 21:33:45,264 - DataPartitioner - INFO - 13456 - traindata_cls_counts: {0: {0: 2538, 1: 2206, 2: 409, 3: 3154, 4: 40, 5: 178, 6: 387, 7: 128, 8: 2363, 9: 4251}, 1: {0: 43, 1: 215, 2: 202, 3: 1423, 4: 1777, 5: 2276, 6: 1, 7: 498, 8: 446, 9: 131}, 2: {0: 23, 1: 1517, 2: 1244, 3: 192, 4: 2349, 5: 208, 6: 259, 7: 2175, 8: 682, 9: 17}, 3: {0: 1053, 1: 1004, 2: 2473, 4: 108, 5: 512, 6: 897, 7: 1057, 8: 1368, 9: 387}, 4: {0: 1343, 1: 58, 2: 672, 3: 231, 4: 726, 5: 1826, 6: 3456, 7: 1142, 8: 141, 9: 214}}
2026-04-19 21:33:45,265 - TorchvisionDatasetController - INFO - 13456 - rank = 1, local_sample_number = 15654
2026-04-19 21:33:45,266 - DataPartitioner - INFO - 23932 - traindata_cls_counts: {0: {0: 2538, 1: 2206, 2: 409, 3: 3154, 4: 40, 5: 178, 6: 387, 7: 128, 8: 2363, 9: 4251}, 1: {0: 43, 1: 215, 2: 202, 3: 1423, 4: 1777, 5: 2276, 6: 1, 7: 498, 8: 446, 9: 131}, 2: {0: 23, 1: 1517, 2: 1244, 3: 192, 4: 2349, 5: 208, 6: 259, 7: 2175, 8: 682, 9: 17}, 3: {0: 1053, 1: 1004, 2: 2473, 4: 108, 5: 512, 6: 897, 7: 1057, 8: 1368, 9: 387}, 4: {0: 1343, 1: 58, 2: 672, 3: 231, 4: 726, 5: 1826, 6: 3456, 7: 1142, 8: 141, 9: 214}}
2026-04-19 21:33:45,266 - TorchvisionDatasetController - INFO - 23932 - rank = 5, local_sample_number = 9809
2026-04-19 21:33:46,654 - TorchvisionDatasetController - INFO - 14632 - process_id = 2, batch_num_train_local = 54, batch_num_test_local = 79

2026-04-19 21:33:46,654 - TorchvisionDatasetController - INFO - 21576 - train_dl_global number = 390
2026-04-19 21:33:46,654 - TorchvisionDatasetController - INFO - 21576 - test_dl_global number = 79
2026-04-19 21:33:46,655 - TorchvisionDatasetController - INFO - 3180 - process_id = 4, batch_num_train_local = 69, batch_num_test_local = 79
2026-04-19 21:33:46,668 - TorchvisionDatasetController - INFO - 23172 - process_id = 3, batch_num_train_local = 67, batch_num_test_local = 79
2026-04-19 21:33:46,668 - TorchvisionDatasetController - INFO - 23932 - process_id = 5, batch_num_train_local = 76, batch_num_test_local = 79
2026-04-19 21:33:46,673 - main - INFO - 14632 - Process 2 initialized with device: cpu
2026-04-19 21:33:46,674 - main - INFO - 13456 - Process 1 initialized with device: cpu
 : 2
2026-04-19 21:33:46,674 - SplitNN_distributed - INFO - 13456 - process_id == client_rank : 1
2026-04-19 21:33:46,675 - main - INFO - 3180 - Process 4 initialized with device: cpu
2026-04-19 21:33:46,675 - main - INFO - 21576 - Process 0 initialized with device: cuda:0
2026-04-19 21:33:46,675 - SplitNN_distributed - INFO - 21576 - process_id == server_rank : 0
2026-04-19 21:33:46,679 - init_client - INFO - 13456 - Client 1 run begin
2026-04-19 21:33:46,680 - init_client - INFO - 14632 - Client 2 run begin
2026-04-19 21:33:46,680 - init_server - INFO - 21576 - Server run begin SplitFed2
2026-04-19 21:33:46,680 - init_client - INFO - 3180 - Client 4 run begin
2026-04-19 21:33:46,683 - main - INFO - 23172 - Process 3 initialized with device: cpu
2026-04-19 21:33:46,683 - main - INFO - 23932 - Process 5 initialized with device: cpu
2026-04-19 21:33:46,683 - SplitNN_distributed - INFO - 23172 - process_id == client_rank : 3
2026-04-19 21:33:46,683 - SplitNN_distributed - INFO - 23932 - process_id == client_rank : 5
2026-04-19 21:33:46,687 - init_client - INFO - 23932 - Client 5 run begin
2026-04-19 21:33:46,688 - init_client - INFO - 23172 - Client 3 run begin
2026-04-19 21:33:47,712 - CommBreakdown - INFO - 23932 - tensor_distribution rank=5 node_type=client phase=train epoch=0 sample=early tensor=activations[0] shape=(128, 64, 16, 16) mean=0.867061 std=1.08411 min=0 max=15.3728 mean_abs=0.867061 max_abs=15.3728 p95_abs=3.03548 p99_abs=4.67053 skewness=1.87015 kurtosis=7.96985 mean_channel_std=1.07406 std_channel_std=0.141444 max_channel_scale_over_min_channel_scale=2.36478 spread=high spread_score=1.25033 outliers=medium outlier_score=2.01358 near_zero=medium near_zero_fraction=0.350359
2026-04-19 21:33:47,740 - CommBreakdown - INFO - 3180 - tensor_distribution rank=4 node_type=client phase=train epoch=0 sample=early tensor=activations[0] shape=(128, 64, 16, 16) mean=0.866696 std=1.08357 min=0 max=17.2712 mean_abs=0.866696 max_abs=17.2712 p95_abs=3.03877 p99_abs=4.67391 skewness=1.86903 kurtosis=7.9764 mean_channel_std=1.07412 std_channel_std=0.137209 max_channel_scale_over_min_channel_scale=2.63028 spread=high spread_score=1.25023 outliers=medium outlier_score=2.01569 near_zero=medium near_zero_fraction=0.350193
2026-04-19 21:33:47,779 - CommBreakdown - INFO - 13456 - tensor_distribution rank=1 node_type=client phase=train epoch=0 sample=early tensor=activations[0] shape=(128, 64, 16, 16) mean=0.86877 std=1.08215 min=0 max=14.4465 mean_abs=0.86877 max_abs=14.4465 p95_abs=3.03547 p99_abs=4.65714 skewness=1.85151 kurtosis=7.84187 mean_channel_std=1.07301 std_channel_std=0.134987 max_channel_scale_over_min_channel_scale=2.47253 spread=medium spread_score=1.24561 outliers=medium outlier_score=2.0085 near_zero=medium near_zero_fraction=0.349651
2026-04-19 21:33:47,787 - CommBreakdown - INFO - 14632 - tensor_distribution rank=2 node_type=client phase=train epoch=0 sample=early tensor=activations[0] shape=(128, 64, 16, 16) mean=0.868937 std=1.08163 min=0 max=13.6888 mean_abs=0.868937 max_abs=13.6888 p95_abs=3.0397 p99_abs=4.65488 skewness=1.83357 kurtosis=7.63086 mean_channel_std=1.07154 std_channel_std=0.141049 max_channel_scale_over_min_channel_scale=2.0951 spread=medium spread_score=1.24477 outliers=medium outlier_score=2.00385 near_zero=medium near_zero_fraction=0.350108
2026-04-19 21:33:47,790 - CommBreakdown - INFO - 23172 - tensor_distribution rank=3 node_type=client phase=train epoch=0 sample=early tensor=activations[0] shape=(128, 64, 16, 16) mean=0.865224 std=1.08471 min=0 max=19.4935 mean_abs=0.865224 max_abs=19.4935 p95_abs=3.03316 p99_abs=4.6788 skewness=1.90898 kurtosis=8.38244 mean_channel_std=1.07417 std_channel_std=0.145041 max_channel_scale_over_min_channel_scale=2.96481 spread=high spread_score=1.25367 outliers=medium outlier_score=2.02435 near_zero=medium near_zero_fraction=0.349882
2026-04-19 21:33:49,282 - CommBreakdown - INFO - 21576 - tensor_distribution rank=0 node_type=server phase=train epoch=0 sample=early tensor=activation_grads shape=(128, 64, 16, 16) mean=-1.46196e-09 std=5.52165e-05 min=-0.00054152 max=0.000528455 mean_abs=4.01394e-05 max_abs=0.00054152 p95_abs=0.000115262 p99_abs=0.000175513 skewness=0.000553913 kurtosis=5.07824e-05 mean_channel_std=5.51932e-05 std_channel_std=1.60118e-06 max_channel_scale_over_min_channel_scale=1.70057 spread=high spread_score=1.37562 outliers=medium outlier_score=1.96051 near_zero=low near_zero_fraction=0.0801768
2026-04-19 21:34:42,432 - SplitNNClient - INFO - 23932 - phase=train acc=0.07109375 loss=24.871278047561646 epoch=0 and step=10
2026-04-19 21:34:43,592 - SplitNNClient - INFO - 3180 - phase=train acc=0.090625 loss=30.734619140625 epoch=0 and step=10
2026-04-19 21:34:44,783 - SplitNNClient - INFO - 14632 - phase=train acc=0.19453125 loss=27.389652729034424 epoch=0 and step=10
2026-04-19 21:34:45,975 - SplitNNClient - INFO - 13456 - phase=train acc=0.0421875 loss=27.66599416732788 epoch=0 and step=10
2026-04-19 21:34:47,161 - SplitNNClient - INFO - 23172 - phase=train acc=0.17734375 loss=24.78072476387024 epoch=0 and step=10
2026-04-19 21:35:41,341 - SplitNNClient - INFO - 23932 - phase=train acc=0.146484375 loss=47.18318319320679 epoch=0 and step=20
2026-04-19 21:35:42,473 - SplitNNClient - INFO - 3180 - phase=train acc=0.098828125 loss=53.73162221908569 epoch=0 and step=20
2026-04-19 21:35:43,664 - SplitNNClient - INFO - 14632 - phase=train acc=0.251953125 loss=47.673532009124756 epoch=0 and step=20
2026-04-19 21:35:44,884 - SplitNNClient - INFO - 13456 - phase=train acc=0.053515625 loss=51.70896339416504 epoch=0 and step=20
2026-04-19 21:35:46,069 - SplitNNClient - INFO - 23172 - phase=train acc=0.17421875 loss=46.61049437522888 epoch=0 and step=20
2026-04-19 21:36:40,289 - SplitNNClient - INFO - 23932 - phase=train acc=0.21432291666666667 loss=67.98231053352356 epoch=0 and step=30
2026-04-19 21:36:41,504 - SplitNNClient - INFO - 3180 - phase=train acc=0.13776041666666666 loss=74.20467269420624 epoch=0 and step=30
2026-04-19 21:36:42,691 - SplitNNClient - INFO - 14632 - phase=train acc=0.2752604166666667 loss=65.94260120391846 epoch=0 and step=30
2026-04-19 21:36:43,908 - SplitNNClient - INFO - 13456 - phase=train acc=0.09583333333333334 loss=73.21186542510986 epoch=0 and step=30
2026-04-19 21:36:45,029 - SplitNNClient - INFO - 23172 - phase=train acc=0.20807291666666666 loss=66.10086393356323 epoch=0 and step=30
2026-04-19 21:37:39,368 - SplitNNClient - INFO - 23932 - phase=train acc=0.249609375 loss=87.09480321407318 epoch=0 and step=40
2026-04-19 21:37:40,552 - SplitNNClient - INFO - 3180 - phase=train acc=0.16328125 loss=94.07802963256836 epoch=0 and step=40
2026-04-19 21:37:41,711 - SplitNNClient - INFO - 14632 - phase=train acc=0.2888671875 loss=84.51713824272156 epoch=0 and step=40
2026-04-19 21:37:42,839 - SplitNNClient - INFO - 13456 - phase=train acc=0.139453125 loss=92.10090625286102 epoch=0 and step=40
2026-04-19 21:37:44,032 - SplitNNClient - INFO - 23172 - phase=train acc=0.2333984375 loss=84.68792831897736 epoch=0 and step=40
2026-04-19 21:38:38,619 - SplitNNClient - INFO - 23932 - phase=train acc=0.2765625 loss=105.38572061061859 epoch=0 and step=50
2026-04-19 21:38:39,774 - SplitNNClient - INFO - 3180 - phase=train acc=0.1925 loss=112.76680541038513 epoch=0 and step=50
2026-04-19 21:38:40,959 - SplitNNClient - INFO - 14632 - phase=train acc=0.29765625 loss=101.91431283950806 epoch=0 and step=50
2026-04-19 21:38:42,083 - SplitNNClient - INFO - 13456 - phase=train acc=0.18515625 loss=109.37736237049103 epoch=0 and step=50
2026-04-19 21:38:43,247 - SplitNNClient - INFO - 23172 - phase=train acc=0.2621875 loss=101.6494117975235 epoch=0 and step=50
2026-04-19 21:39:31,719 - SplitNNClient - INFO - 23932 - phase=train acc=0.30638020833333335 loss=122.02479541301727 epoch=0 and step=60
2026-04-19 21:39:32,879 - SplitNNClient - INFO - 3180 - phase=train acc=0.2171875 loss=130.62941873073578 epoch=0 and step=60
2026-04-19 21:39:34,034 - SplitNNClient - INFO - 13456 - phase=train acc=0.214453125 loss=126.23715019226074 epoch=0 and step=60
2026-04-19 21:39:35,313 - SplitNNClient - INFO - 23172 - phase=train acc=0.28619791666666666 loss=117.59939110279083 epoch=0 and step=60
2026-04-19 21:40:16,417 - SplitNNClient - INFO - 23932 - phase=train acc=0.3300223214285714 loss=138.12396383285522 epoch=0 and step=70
2026-04-19 21:40:17,608 - SplitNNClient - INFO - 13456 - phase=train acc=0.24162946428571427 loss=142.2151095867157 epoch=0 and step=70
2026-04-19 21:40:39,867 - SplitNNClient - INFO - 13456 - phase=train acc=0.265625 loss=157.94392800331116 epoch=0 and step=80
2026-04-19 21:41:00,070 - SplitNNClient - INFO - 13456 - phase=train acc=0.2822048611111111 loss=173.5126119852066 epoch=0 and step=90
2026-04-19 21:41:20,050 - SplitNNClient - INFO - 13456 - phase=train acc=0.297421875 loss=187.9215919971466 epoch=0 and step=100
2026-04-19 21:41:39,788 - SplitNNClient - INFO - 13456 - phase=train acc=0.31214488636363635 loss=202.4772744178772 epoch=0 and step=110
2026-04-19 21:41:59,875 - SplitNNClient - INFO - 13456 - phase=train acc=0.3258463541666667 loss=217.00551903247833 epoch=0 and step=120
2026-04-19 21:42:03,881 - FedServerManager - INFO - 19484 - get all model params ---- from rank 6
2026-04-19 21:42:14,255 - SplitNNClient - INFO - 3180 - phase=validation acc=0.1345 loss=201.62338614463806 epoch=0 and step=79
2026-04-19 21:42:14,349 - SplitNNClient - INFO - 14632 - phase=validation acc=0.1345 loss=201.62338614463806 epoch=0 and step=79
2026-04-19 21:42:20,104 - SplitNNClient - INFO - 23172 - phase=validation acc=0.1337 loss=201.99307107925415 epoch=0 and step=79
2026-04-19 21:42:21,230 - SplitNNClient - INFO - 13456 - phase=validation acc=0.1337 loss=202.17634391784668 epoch=0 and step=79
2026-04-19 21:42:21,232 - SplitNNClient - INFO - 23932 - phase=validation acc=0.1337 loss=202.17634391784668 epoch=0 and step=79
2026-04-19 21:42:57,138 - SplitNNClient - INFO - 3180 - phase=train acc=0.28125 loss=20.08016264438629 epoch=1 and step=10
2026-04-19 21:43:00,489 - SplitNNClient - INFO - 14632 - phase=train acc=0.32265625 loss=20.610270738601685 epoch=1 and step=10
2026-04-19 21:43:12,866 - SplitNNClient - INFO - 23172 - phase=train acc=0.31875 loss=18.671759009361267 epoch=1 and step=10
2026-04-19 21:43:15,131 - SplitNNClient - INFO - 13456 - phase=train acc=0.27578125 loss=20.587982773780823 epoch=1 and step=10
2026-04-19 21:43:16,202 - SplitNNClient - INFO - 23932 - phase=train acc=0.2890625 loss=19.165565609931946 epoch=1 and step=10
2026-04-19 21:43:52,583 - SplitNNClient - INFO - 3180 - phase=train acc=0.322265625 loss=37.747593998909 epoch=1 and step=20
2026-04-19 21:43:55,907 - SplitNNClient - INFO - 14632 - phase=train acc=0.3390625 loss=37.4171404838562 epoch=1 and step=20
2026-04-19 21:44:08,248 - SplitNNClient - INFO - 23172 - phase=train acc=0.37109375 loss=34.44738531112671 epoch=1 and step=20
2026-04-19 21:44:10,447 - SplitNNClient - INFO - 13456 - phase=train acc=0.36015625 loss=36.09247362613678 epoch=1 and step=20
2026-04-19 21:44:11,515 - SplitNNClient - INFO - 23932 - phase=train acc=0.372265625 loss=35.30489754676819 epoch=1 and step=20
2026-04-19 21:44:47,987 - SplitNNClient - INFO - 3180 - phase=train acc=0.34609375 loss=54.72563827037811 epoch=1 and step=30
2026-04-19 21:44:51,265 - SplitNNClient - INFO - 14632 - phase=train acc=0.3580729166666667 loss=53.085466623306274 epoch=1 and step=30
2026-04-19 21:45:03,416 - SplitNNClient - INFO - 23172 - phase=train acc=0.3828125 loss=49.98088073730469 epoch=1 and step=30
2026-04-19 21:45:05,609 - SplitNNClient - INFO - 13456 - phase=train acc=0.39114583333333336 loss=50.777719140052795 epoch=1 and step=30
2026-04-19 21:45:06,733 - SplitNNClient - INFO - 23932 - phase=train acc=0.40859375 loss=50.7089262008667 epoch=1 and step=30
2026-04-19 21:45:43,283 - SplitNNClient - INFO - 3180 - phase=train acc=0.36328125 loss=70.67708230018616 epoch=1 and step=40
2026-04-19 21:45:46,634 - SplitNNClient - INFO - 14632 - phase=train acc=0.365625 loss=68.93398630619049 epoch=1 and step=40
2026-04-19 21:45:58,763 - SplitNNClient - INFO - 23172 - phase=train acc=0.3990234375 loss=64.61680865287781 epoch=1 and step=40
2026-04-19 21:46:01,012 - SplitNNClient - INFO - 13456 - phase=train acc=0.4140625 loss=65.13508200645447 epoch=1 and step=40
2026-04-19 21:46:02,111 - SplitNNClient - INFO - 23932 - phase=train acc=0.4333984375 loss=65.61895251274109 epoch=1 and step=40
2026-04-19 21:46:38,346 - SplitNNClient - INFO - 3180 - phase=train acc=0.37578125 loss=86.3573876619339 epoch=1 and step=50
2026-04-19 21:46:41,680 - SplitNNClient - INFO - 14632 - phase=train acc=0.37796875 loss=84.29009234905243 epoch=1 and step=50
2026-04-19 21:46:53,939 - SplitNNClient - INFO - 23172 - phase=train acc=0.41 loss=79.36562275886536 epoch=1 and step=50
2026-04-19 21:46:56,259 - SplitNNClient - INFO - 13456 - phase=train acc=0.426875 loss=79.64019656181335 epoch=1 and step=50
2026-04-19 21:46:57,390 - SplitNNClient - INFO - 23932 - phase=train acc=0.4440625 loss=80.67878472805023 epoch=1 and step=50
2026-04-19 21:47:28,442 - SplitNNClient - INFO - 3180 - phase=train acc=0.38424479166666664 loss=102.08745646476746 epoch=1 and step=60
2026-04-19 21:47:40,585 - SplitNNClient - INFO - 23172 - phase=train acc=0.419140625 loss=94.09618639945984 epoch=1 and step=60
2026-04-19 21:47:42,839 - SplitNNClient - INFO - 13456 - phase=train acc=0.43515625 loss=94.08336246013641 epoch=1 and step=60
2026-04-19 21:47:43,932 - SplitNNClient - INFO - 23932 - phase=train acc=0.45338541666666665 loss=95.61411988735199 epoch=1 and step=60
2026-04-19 21:48:19,277 - SplitNNClient - INFO - 13456 - phase=train acc=0.44241071428571427 loss=108.11472380161285 epoch=1 and step=70
2026-04-19 21:48:20,339 - SplitNNClient - INFO - 23932 - phase=train acc=0.46205357142857145 loss=110.07437539100647 epoch=1 and step=70
2026-04-19 21:48:38,246 - SplitNNClient - INFO - 13456 - phase=train acc=0.450390625 loss=121.74808633327484 epoch=1 and step=80
2026-04-19 21:48:50,420 - SplitNNClient - INFO - 13456 - phase=train acc=0.4556423611111111 loss=135.52775585651398 epoch=1 and step=90
2026-04-19 21:49:02,709 - SplitNNClient - INFO - 13456 - phase=train acc=0.46265625 loss=148.89324343204498 epoch=1 and step=100
2026-04-19 21:49:14,864 - SplitNNClient - INFO - 13456 - phase=train acc=0.46583806818181817 loss=162.564218044281 epoch=1 and step=110
2026-04-19 21:49:27,088 - SplitNNClient - INFO - 13456 - phase=train acc=0.467578125 loss=176.43609058856964 epoch=1 and step=120
2026-04-19 21:49:29,685 - FedServerManager - INFO - 19484 - get all model params ---- from rank 6
2026-04-19 21:49:40,253 - SplitNNClient - INFO - 3180 - phase=validation acc=0.2663 loss=184.1608990430832 epoch=1 and step=79
2026-04-19 21:49:40,413 - SplitNNClient - INFO - 14632 - phase=validation acc=0.2663 loss=184.1608990430832 epoch=1 and step=79
2026-04-19 21:49:44,963 - SplitNNClient - INFO - 23172 - phase=validation acc=0.2674 loss=183.28916656970978 epoch=1 and step=79
2026-04-19 21:49:46,089 - SplitNNClient - INFO - 13456 - phase=validation acc=0.2677 loss=182.84835863113403 epoch=1 and step=79
2026-04-19 21:49:54,854 - SplitNNClient - INFO - 23932 - phase=validation acc=0.2689 loss=181.5409995317459 epoch=1 and step=79
2026-04-19 21:50:22,329 - SplitNNClient - INFO - 3180 - phase=train acc=0.375 loss=17.274811506271362 epoch=2 and step=10
2026-04-19 21:50:24,521 - SplitNNClient - INFO - 14632 - phase=train acc=0.3453125 loss=18.670711874961853 epoch=2 and step=10
2026-04-19 21:50:34,384 - SplitNNClient - INFO - 23172 - phase=train acc=0.36953125 loss=16.538647770881653 epoch=2 and step=10
2026-04-19 21:50:36,583 - SplitNNClient - INFO - 13456 - phase=train acc=0.4375 loss=17.011179566383362 epoch=2 and step=10
2026-04-19 21:50:48,708 - SplitNNClient - INFO - 23932 - phase=train acc=0.3703125 loss=17.420412302017212 epoch=2 and step=10
2026-04-19 21:51:17,454 - SplitNNClient - INFO - 3180 - phase=train acc=0.415625 loss=32.37996852397919 epoch=2 and step=20
2026-04-19 21:51:19,744 - SplitNNClient - INFO - 14632 - phase=train acc=0.410546875 loss=33.01470363140106 epoch=2 and step=20
2026-04-19 21:51:29,603 - SplitNNClient - INFO - 23172 - phase=train acc=0.437109375 loss=30.56951379776001 epoch=2 and step=20
2026-04-19 21:51:31,844 - SplitNNClient - INFO - 13456 - phase=train acc=0.458984375 loss=31.19489586353302 epoch=2 and step=20
2026-04-19 21:51:44,045 - SplitNNClient - INFO - 23932 - phase=train acc=0.440625 loss=32.287177324295044 epoch=2 and step=20
2026-04-19 21:52:12,630 - SplitNNClient - INFO - 3180 - phase=train acc=0.4328125 loss=47.11092531681061 epoch=2 and step=30
2026-04-19 21:52:14,821 - SplitNNClient - INFO - 14632 - phase=train acc=0.42291666666666666 loss=47.193655133247375 epoch=2 and step=30
2026-04-19 21:52:24,750 - SplitNNClient - INFO - 23172 - phase=train acc=0.44895833333333335 loss=44.65055167675018 epoch=2 and step=30
2026-04-19 21:52:26,948 - SplitNNClient - INFO - 13456 - phase=train acc=0.48125 loss=44.21652960777283 epoch=2 and step=30
2026-04-19 21:52:38,891 - SplitNNClient - INFO - 23932 - phase=train acc=0.47369791666666666 loss=46.18369436264038 epoch=2 and step=30
2026-04-19 21:53:07,486 - SplitNNClient - INFO - 3180 - phase=train acc=0.443359375 loss=61.187716126441956 epoch=2 and step=40
2026-04-19 21:53:09,747 - SplitNNClient - INFO - 14632 - phase=train acc=0.430078125 loss=61.19014513492584 epoch=2 and step=40
2026-04-19 21:53:19,573 - SplitNNClient - INFO - 23172 - phase=train acc=0.4634765625 loss=58.25557839870453 epoch=2 and step=40
2026-04-19 21:53:21,766 - SplitNNClient - INFO - 13456 - phase=train acc=0.4904296875 loss=57.541627049446106 epoch=2 and step=40
2026-04-19 21:53:33,738 - SplitNNClient - INFO - 23932 - phase=train acc=0.487890625 loss=60.56434965133667 epoch=2 and step=40
2026-04-19 21:54:02,166 - SplitNNClient - INFO - 3180 - phase=train acc=0.4521875 loss=75.61108767986298 epoch=2 and step=50
2026-04-19 21:54:04,347 - SplitNNClient - INFO - 14632 - phase=train acc=0.4303125 loss=75.39647936820984 epoch=2 and step=50
2026-04-19 21:54:14,298 - SplitNNClient - INFO - 23172 - phase=train acc=0.47546875 loss=71.17130208015442 epoch=2 and step=50
2026-04-19 21:54:16,511 - SplitNNClient - INFO - 13456 - phase=train acc=0.49890625 loss=70.07517945766449 epoch=2 and step=50
2026-04-19 21:54:28,610 - SplitNNClient - INFO - 23932 - phase=train acc=0.49703125 loss=74.57033395767212 epoch=2 and step=50
2026-04-19 21:54:51,442 - SplitNNClient - INFO - 3180 - phase=train acc=0.456640625 loss=89.76204240322113 epoch=2 and step=60
2026-04-19 21:55:01,407 - SplitNNClient - INFO - 23172 - phase=train acc=0.48671875 loss=84.12155973911285 epoch=2 and step=60
2026-04-19 21:55:02,531 - SplitNNClient - INFO - 13456 - phase=train acc=0.5016927083333333 loss=83.4676034450531 epoch=2 and step=60
2026-04-19 21:55:12,428 - SplitNNClient - INFO - 23932 - phase=train acc=0.5029947916666667 loss=88.77974593639374 epoch=2 and step=60
2026-04-19 21:55:39,887 - SplitNNClient - INFO - 13456 - phase=train acc=0.50859375 loss=96.06596004962921 epoch=2 and step=70
2026-04-19 21:55:45,399 - SplitNNClient - INFO - 23932 - phase=train acc=0.5102678571428572 loss=102.0811916589737 epoch=2 and step=70
2026-04-19 21:56:00,696 - SplitNNClient - INFO - 13456 - phase=train acc=0.5123046875 loss=108.6572173833847 epoch=2 and step=80
2026-04-19 21:56:12,919 - SplitNNClient - INFO - 13456 - phase=train acc=0.5184027777777778 loss=120.95191287994385 epoch=2 and step=90
2026-04-19 21:56:25,297 - SplitNNClient - INFO - 13456 - phase=train acc=0.52265625 loss=132.96523249149323 epoch=2 and step=100
2026-04-19 21:56:37,587 - SplitNNClient - INFO - 13456 - phase=train acc=0.5242897727272727 loss=145.18068027496338 epoch=2 and step=110
2026-04-19 21:56:49,758 - SplitNNClient - INFO - 13456 - phase=train acc=0.5274088541666667 loss=157.43409168720245 epoch=2 and step=120
2026-04-19 21:56:52,249 - FedServerManager - INFO - 19484 - get all model params ---- from rank 6
2026-04-19 21:57:02,430 - SplitNNClient - INFO - 3180 - phase=validation acc=0.3428 loss=167.4135491847992 epoch=2 and step=79
2026-04-19 21:57:03,809 - SplitNNClient - INFO - 14632 - phase=validation acc=0.3426 loss=167.47054612636566 epoch=2 and step=79
2026-04-19 21:57:06,252 - SplitNNClient - INFO - 23172 - phase=validation acc=0.3426 loss=167.51707291603088 epoch=2 and step=79
2026-04-19 21:57:07,404 - SplitNNClient - INFO - 13456 - phase=validation acc=0.3435 loss=167.2654960155487 epoch=2 and step=79
2026-04-19 21:57:15,229 - SplitNNClient - INFO - 23932 - phase=validation acc=0.345 loss=166.32626581192017 epoch=2 and step=79
2026-04-19 21:57:45,890 - SplitNNClient - INFO - 3180 - phase=train acc=0.45 loss=15.187096357345581 epoch=3 and step=10
2026-04-19 21:57:49,142 - SplitNNClient - INFO - 14632 - phase=train acc=0.4109375 loss=16.438071131706238 epoch=3 and step=10
2026-04-19 21:57:55,731 - SplitNNClient - INFO - 23172 - phase=train acc=0.44375 loss=14.85091757774353 epoch=3 and step=10
2026-04-19 21:57:59,000 - SplitNNClient - INFO - 13456 - phase=train acc=0.4515625 loss=15.815190434455872 epoch=3 and step=10
2026-04-19 21:58:08,794 - SplitNNClient - INFO - 23932 - phase=train acc=0.4703125 loss=15.498753428459167 epoch=3 and step=10
2026-04-19 21:58:40,630 - SplitNNClient - INFO - 3180 - phase=train acc=0.48359375 loss=29.0241756439209 epoch=3 and step=20
2026-04-19 21:58:43,928 - SplitNNClient - INFO - 14632 - phase=train acc=0.4421875 loss=29.839242339134216 epoch=3 and step=20
2026-04-19 21:58:50,664 - SplitNNClient - INFO - 23172 - phase=train acc=0.480078125 loss=27.875892758369446 epoch=3 and step=20
2026-04-19 21:58:53,955 - SplitNNClient - INFO - 13456 - phase=train acc=0.51328125 loss=27.920517921447754 epoch=3 and step=20
2026-04-19 21:59:03,775 - SplitNNClient - INFO - 23932 - phase=train acc=0.507421875 loss=28.8003249168396 epoch=3 and step=20
2026-04-19 21:59:35,422 - SplitNNClient - INFO - 3180 - phase=train acc=0.48541666666666666 loss=42.68053376674652 epoch=3 and step=30
2026-04-19 21:59:38,719 - SplitNNClient - INFO - 14632 - phase=train acc=0.45989583333333334 loss=42.828216314315796 epoch=3 and step=30
2026-04-19 21:59:45,323 - SplitNNClient - INFO - 23172 - phase=train acc=0.5057291666666667 loss=40.35010850429535 epoch=3 and step=30
2026-04-19 21:59:48,557 - SplitNNClient - INFO - 13456 - phase=train acc=0.52421875 loss=40.327317118644714 epoch=3 and step=30
2026-04-19 21:59:58,394 - SplitNNClient - INFO - 23932 - phase=train acc=0.5151041666666667 loss=42.39514887332916 epoch=3 and step=30
2026-04-19 22:00:29,988 - SplitNNClient - INFO - 3180 - phase=train acc=0.4951171875 loss=55.63247013092041 epoch=3 and step=40
2026-04-19 22:00:33,232 - SplitNNClient - INFO - 14632 - phase=train acc=0.470703125 loss=55.7621591091156 epoch=3 and step=40
2026-04-19 22:00:39,724 - SplitNNClient - INFO - 23172 - phase=train acc=0.510546875 loss=52.893574714660645 epoch=3 and step=40
2026-04-19 22:00:42,979 - SplitNNClient - INFO - 13456 - phase=train acc=0.541015625 loss=51.960739970207214 epoch=3 and step=40
2026-04-19 22:00:52,703 - SplitNNClient - INFO - 23932 - phase=train acc=0.5244140625 loss=55.48375844955444 epoch=3 and step=40
2026-04-19 22:01:24,247 - SplitNNClient - INFO - 3180 - phase=train acc=0.49921875 loss=68.9609842300415 epoch=3 and step=50
2026-04-19 22:01:27,535 - SplitNNClient - INFO - 14632 - phase=train acc=0.47359375 loss=68.85540449619293 epoch=3 and step=50
2026-04-19 22:01:34,123 - SplitNNClient - INFO - 23172 - phase=train acc=0.51875 loss=65.18860232830048 epoch=3 and step=50
2026-04-19 22:01:37,369 - SplitNNClient - INFO - 13456 - phase=train acc=0.549375 loss=63.530226945877075 epoch=3 and step=50
2026-04-19 22:01:47,297 - SplitNNClient - INFO - 23932 - phase=train acc=0.52734375 loss=69.04904592037201 epoch=3 and step=50
2026-04-19 22:02:13,682 - SplitNNClient - INFO - 3180 - phase=train acc=0.502734375 loss=82.41112458705902 epoch=3 and step=60
2026-04-19 22:02:21,372 - SplitNNClient - INFO - 23172 - phase=train acc=0.521484375 loss=77.58007872104645 epoch=3 and step=60
2026-04-19 22:02:24,662 - SplitNNClient - INFO - 13456 - phase=train acc=0.552734375 loss=75.63365173339844 epoch=3 and step=60
2026-04-19 22:02:32,307 - SplitNNClient - INFO - 23932 - phase=train acc=0.5375 loss=81.41309833526611 epoch=3 and step=60
2026-04-19 22:03:01,691 - SplitNNClient - INFO - 13456 - phase=train acc=0.5537946428571429 loss=87.63327115774155 epoch=3 and step=70
2026-04-19 22:03:04,971 - SplitNNClient - INFO - 23932 - phase=train acc=0.5415178571428572 loss=94.39287745952606 epoch=3 and step=70
2026-04-19 22:03:21,772 - SplitNNClient - INFO - 13456 - phase=train acc=0.55419921875 loss=99.70984667539597 epoch=3 and step=80
2026-04-19 22:03:34,236 - SplitNNClient - INFO - 13456 - phase=train acc=0.5560763888888889 loss=111.44441205263138 epoch=3 and step=90
2026-04-19 22:03:46,510 - SplitNNClient - INFO - 13456 - phase=train acc=0.55875 loss=122.61788249015808 epoch=3 and step=100
2026-04-19 22:03:58,750 - SplitNNClient - INFO - 13456 - phase=train acc=0.5599431818181818 loss=134.38731813430786 epoch=3 and step=110
2026-04-19 22:04:11,044 - SplitNNClient - INFO - 13456 - phase=train acc=0.559765625 loss=146.58931183815002 epoch=3 and step=120
2026-04-19 22:04:13,557 - FedServerManager - INFO - 19484 - get all model params ---- from rank 6
2026-04-19 22:04:23,410 - SplitNNClient - INFO - 14632 - phase=validation acc=0.3792 loss=163.56226527690887 epoch=3 and step=79
2026-04-19 22:04:24,727 - SplitNNClient - INFO - 3180 - phase=validation acc=0.3796 loss=163.275869846344 epoch=3 and step=79
2026-04-19 22:04:25,944 - SplitNNClient - INFO - 23172 - phase=validation acc=0.3799 loss=163.0472538471222 epoch=3 and step=79
2026-04-19 22:04:27,064 - SplitNNClient - INFO - 13456 - phase=validation acc=0.3798 loss=162.72090411186218 epoch=3 and step=79
2026-04-19 22:04:32,720 - SplitNNClient - INFO - 23932 - phase=validation acc=0.3794 loss=162.66159772872925 epoch=3 and step=79
2026-04-19 22:05:06,889 - SplitNNClient - INFO - 14632 - phase=train acc=0.4578125 loss=14.725713849067688 epoch=4 and step=10
2026-04-19 22:05:14,581 - SplitNNClient - INFO - 3180 - phase=train acc=0.4875 loss=14.374527931213379 epoch=4 and step=10
2026-04-19 22:05:16,802 - SplitNNClient - INFO - 23172 - phase=train acc=0.50625 loss=13.421344637870789 epoch=4 and step=10
2026-04-19 22:05:18,992 - SplitNNClient - INFO - 13456 - phase=train acc=0.5375 loss=13.148951411247253 epoch=4 and step=10
2026-04-19 22:05:26,697 - SplitNNClient - INFO - 23932 - phase=train acc=0.4921875 loss=14.308944821357727 epoch=4 and step=10
2026-04-19 22:06:02,424 - SplitNNClient - INFO - 14632 - phase=train acc=0.496484375 loss=27.299395442008972 epoch=4 and step=20
2026-04-19 22:06:10,154 - SplitNNClient - INFO - 3180 - phase=train acc=0.51171875 loss=27.144073009490967 epoch=4 and step=20
2026-04-19 22:06:12,366 - SplitNNClient - INFO - 23172 - phase=train acc=0.540625 loss=25.1101952791214 epoch=4 and step=20
2026-04-19 22:06:14,556 - SplitNNClient - INFO - 13456 - phase=train acc=0.555078125 loss=24.9114089012146 epoch=4 and step=20
2026-04-19 22:06:22,358 - SplitNNClient - INFO - 23932 - phase=train acc=0.526953125 loss=27.16357445716858 epoch=4 and step=20
2026-04-19 22:06:57,779 - SplitNNClient - INFO - 14632 - phase=train acc=0.50625 loss=39.712281823158264 epoch=4 and step=30
2026-04-19 22:07:05,705 - SplitNNClient - INFO - 3180 - phase=train acc=0.5216145833333333 loss=40.16943383216858 epoch=4 and step=30
2026-04-19 22:07:07,840 - SplitNNClient - INFO - 23172 - phase=train acc=0.54765625 loss=36.876437187194824 epoch=4 and step=30
2026-04-19 22:07:10,033 - SplitNNClient - INFO - 13456 - phase=train acc=0.5619791666666667 loss=36.723345041275024 epoch=4 and step=30
2026-04-19 22:07:17,726 - SplitNNClient - INFO - 23932 - phase=train acc=0.5390625 loss=39.924357414245605 epoch=4 and step=30
2026-04-19 22:07:52,745 - SplitNNClient - INFO - 14632 - phase=train acc=0.502734375 loss=52.21369254589081 epoch=4 and step=40
2026-04-19 22:08:00,531 - SplitNNClient - INFO - 3180 - phase=train acc=0.5296875 loss=52.79783260822296 epoch=4 and step=40
2026-04-19 22:08:02,725 - SplitNNClient - INFO - 23172 - phase=train acc=0.5580078125 loss=47.91053980588913 epoch=4 and step=40
2026-04-19 22:08:05,062 - SplitNNClient - INFO - 13456 - phase=train acc=0.565234375 loss=48.72342920303345 epoch=4 and step=40
2026-04-19 22:08:12,906 - SplitNNClient - INFO - 23932 - phase=train acc=0.544921875 loss=52.694958209991455 epoch=4 and step=40
2026-04-19 22:08:47,891 - SplitNNClient - INFO - 14632 - phase=train acc=0.500625 loss=64.65426743030548 epoch=4 and step=50
2026-04-19 22:08:55,597 - SplitNNClient - INFO - 3180 - phase=train acc=0.53765625 loss=64.63476979732513 epoch=4 and step=50
2026-04-19 22:08:57,766 - SplitNNClient - INFO - 23172 - phase=train acc=0.56 loss=59.48716241121292 epoch=4 and step=50
2026-04-19 22:08:59,988 - SplitNNClient - INFO - 13456 - phase=train acc=0.56796875 loss=60.223729491233826 epoch=4 and step=50
2026-04-19 22:09:07,617 - SplitNNClient - INFO - 23932 - phase=train acc=0.555 loss=64.62682938575745 epoch=4 and step=50
2026-04-19 22:09:42,603 - SplitNNClient - INFO - 3180 - phase=train acc=0.5390625 loss=76.98691082000732 epoch=4 and step=60
2026-04-19 22:09:44,822 - SplitNNClient - INFO - 23172 - phase=train acc=0.5595052083333333 loss=71.28610372543335 epoch=4 and step=60
2026-04-19 22:09:45,915 - SplitNNClient - INFO - 13456 - phase=train acc=0.575390625 loss=71.17847526073456 epoch=4 and step=60
2026-04-19 22:09:52,561 - SplitNNClient - INFO - 23932 - phase=train acc=0.5579427083333334 loss=77.0923455953598 epoch=4 and step=60
2026-04-19 22:10:25,097 - SplitNNClient - INFO - 13456 - phase=train acc=0.5791294642857143 loss=82.23178780078888 epoch=4 and step=70
2026-04-19 22:10:28,328 - SplitNNClient - INFO - 23932 - phase=train acc=0.5618303571428571 loss=88.98617160320282 epoch=4 and step=70
2026-04-19 22:10:44,873 - SplitNNClient - INFO - 13456 - phase=train acc=0.58212890625 loss=93.39833599328995 epoch=4 and step=80
2026-04-19 22:10:57,096 - SplitNNClient - INFO - 13456 - phase=train acc=0.5847222222222223 loss=104.12307947874069 epoch=4 and step=90
2026-04-19 22:11:09,173 - SplitNNClient - INFO - 13456 - phase=train acc=0.58828125 loss=115.1961869597435 epoch=4 and step=100
2026-04-19 22:11:21,463 - SplitNNClient - INFO - 13456 - phase=train acc=0.587215909090909 loss=126.70886951684952 epoch=4 and step=110
2026-04-19 22:11:33,580 - SplitNNClient - INFO - 13456 - phase=train acc=0.5875 loss=137.9048393368721 epoch=4 and step=120
2026-04-19 22:11:36,092 - FedServerManager - INFO - 19484 - get all model params ---- from rank 6
2026-04-19 22:11:46,536 - SplitNNClient - INFO - 14632 - phase=validation acc=0.4527 loss=131.8802965283394 epoch=4 and step=79
2026-04-19 22:11:47,854 - SplitNNClient - INFO - 3180 - phase=validation acc=0.4526 loss=131.89471197128296 epoch=4 and step=79
2026-04-19 22:11:52,501 - SplitNNClient - INFO - 13456 - phase=validation acc=0.4522 loss=131.82597184181213 epoch=4 and step=79
2026-04-19 22:11:53,627 - SplitNNClient - INFO - 23172 - phase=validation acc=0.453 loss=131.7471306324005 epoch=4 and step=79
2026-04-19 22:11:53,629 - SplitNNClient - INFO - 23932 - phase=validation acc=0.4528 loss=131.72655475139618 epoch=4 and step=79
2026-04-19 22:12:29,106 - SplitNNClient - INFO - 14632 - phase=train acc=0.43671875 loss=15.052374839782715 epoch=5 and step=10
2026-04-19 22:12:32,372 - SplitNNClient - INFO - 3180 - phase=train acc=0.51171875 loss=13.759836673736572 epoch=5 and step=10
2026-04-19 22:12:44,305 - SplitNNClient - INFO - 13456 - phase=train acc=0.54609375 loss=12.937222957611084 epoch=5 and step=10
2026-04-19 22:12:46,520 - SplitNNClient - INFO - 23172 - phase=train acc=0.53046875 loss=13.063503503799438 epoch=5 and step=10
2026-04-19 22:12:47,616 - SplitNNClient - INFO - 23932 - phase=train acc=0.5015625 loss=14.572251200675964 epoch=5 and step=10
2026-04-19 22:13:23,549 - SplitNNClient - INFO - 14632 - phase=train acc=0.48046875 loss=27.25644016265869 epoch=5 and step=20
2026-04-19 22:13:26,782 - SplitNNClient - INFO - 3180 - phase=train acc=0.544921875 loss=25.42838406562805 epoch=5 and step=20
2026-04-19 22:13:38,706 - SplitNNClient - INFO - 13456 - phase=train acc=0.56953125 loss=24.47034990787506 epoch=5 and step=20
2026-04-19 22:13:40,869 - SplitNNClient - INFO - 23172 - phase=train acc=0.55234375 loss=24.75300908088684 epoch=5 and step=20
2026-04-19 22:13:41,995 - SplitNNClient - INFO - 23932 - phase=train acc=0.533984375 loss=27.26597571372986 epoch=5 and step=20
2026-04-19 22:14:17,981 - SplitNNClient - INFO - 14632 - phase=train acc=0.5018229166666667 loss=39.108951568603516 epoch=5 and step=30
2026-04-19 22:14:21,180 - SplitNNClient - INFO - 3180 - phase=train acc=0.5552083333333333 loss=37.27122789621353 epoch=5 and step=30
2026-04-19 22:14:33,170 - SplitNNClient - INFO - 13456 - phase=train acc=0.584375 loss=35.131353199481964 epoch=5 and step=30
2026-04-19 22:14:35,361 - SplitNNClient - INFO - 23172 - phase=train acc=0.5627604166666667 loss=35.73265719413757 epoch=5 and step=30
2026-04-19 22:14:36,426 - SplitNNClient - INFO - 23932 - phase=train acc=0.5630208333333333 loss=38.86168169975281 epoch=5 and step=30
2026-04-19 22:15:12,330 - SplitNNClient - INFO - 14632 - phase=train acc=0.505859375 loss=51.467541217803955 epoch=5 and step=40
2026-04-19 22:15:15,632 - SplitNNClient - INFO - 3180 - phase=train acc=0.562109375 loss=49.08938503265381 epoch=5 and step=40
2026-04-19 22:15:27,686 - SplitNNClient - INFO - 13456 - phase=train acc=0.593359375 loss=45.839627742767334 epoch=5 and step=40
2026-04-19 22:15:29,870 - SplitNNClient - INFO - 23172 - phase=train acc=0.5736328125 loss=46.75929015874863 epoch=5 and step=40
2026-04-19 22:15:30,999 - SplitNNClient - INFO - 23932 - phase=train acc=0.5728515625 loss=50.88688325881958 epoch=5 and step=40
2026-04-19 22:16:07,120 - SplitNNClient - INFO - 14632 - phase=train acc=0.51765625 loss=62.88207221031189 epoch=5 and step=50
2026-04-19 22:16:10,403 - SplitNNClient - INFO - 3180 - phase=train acc=0.5640625 loss=60.630894780159 epoch=5 and step=50
2026-04-19 22:16:22,396 - SplitNNClient - INFO - 13456 - phase=train acc=0.59609375 loss=56.82132351398468 epoch=5 and step=50
2026-04-19 22:16:24,595 - SplitNNClient - INFO - 23172 - phase=train acc=0.58078125 loss=57.33165603876114 epoch=5 and step=50
2026-04-19 22:16:25,664 - SplitNNClient - INFO - 23932 - phase=train acc=0.5775 loss=62.640859603881836 epoch=5 and step=50
2026-04-19 22:16:58,183 - SplitNNClient - INFO - 3180 - phase=train acc=0.569140625 loss=72.08093464374542 epoch=5 and step=60
2026-04-19 22:17:08,080 - SplitNNClient - INFO - 13456 - phase=train acc=0.6009114583333334 loss=67.60834783315659 epoch=5 and step=60
2026-04-19 22:17:09,122 - SplitNNClient - INFO - 23172 - phase=train acc=0.5859375 loss=68.25164145231247 epoch=5 and step=60
2026-04-19 22:17:10,186 - SplitNNClient - INFO - 23932 - phase=train acc=0.5790364583333333 loss=74.77880835533142 epoch=5 and step=60
2026-04-19 22:17:45,736 - SplitNNClient - INFO - 13456 - phase=train acc=0.6004464285714286 loss=78.43244582414627 epoch=5 and step=70
2026-04-19 22:17:46,799 - SplitNNClient - INFO - 23932 - phase=train acc=0.58125 loss=86.80044996738434 epoch=5 and step=70
2026-04-19 22:18:04,389 - SplitNNClient - INFO - 13456 - phase=train acc=0.6017578125 loss=88.83712548017502 epoch=5 and step=80
2026-04-19 22:18:16,555 - SplitNNClient - INFO - 13456 - phase=train acc=0.603125 loss=99.73773455619812 epoch=5 and step=90
2026-04-19 22:18:28,635 - SplitNNClient - INFO - 13456 - phase=train acc=0.603828125 loss=110.36349946260452 epoch=5 and step=100
2026-04-19 22:18:40,670 - SplitNNClient - INFO - 13456 - phase=train acc=0.60625 loss=120.48017567396164 epoch=5 and step=110
2026-04-19 22:18:52,669 - SplitNNClient - INFO - 13456 - phase=train acc=0.6076822916666667 loss=130.8712710738182 epoch=5 and step=120
2026-04-19 22:18:55,052 - FedServerManager - INFO - 19484 - get all model params ---- from rank 6
2026-04-19 22:19:05,441 - SplitNNClient - INFO - 3180 - phase=validation acc=0.4806 loss=120.88588285446167 epoch=5 and step=79
2026-04-19 22:19:05,467 - SplitNNClient - INFO - 14632 - phase=validation acc=0.4806 loss=120.88588285446167 epoch=5 and step=79
2026-04-19 22:19:07,844 - SplitNNClient - INFO - 13456 - phase=validation acc=0.4805 loss=120.87625551223755 epoch=5 and step=79
2026-04-19 22:19:07,850 - SplitNNClient - INFO - 23172 - phase=validation acc=0.4805 loss=120.87625551223755 epoch=5 and step=79
2026-04-19 22:19:15,492 - SplitNNClient - INFO - 23932 - phase=validation acc=0.4816 loss=120.65985095500946 epoch=5 and step=79
2026-04-19 22:19:50,205 - SplitNNClient - INFO - 3180 - phase=train acc=0.57421875 loss=12.184786200523376 epoch=6 and step=10
2026-04-19 22:19:54,536 - SplitNNClient - INFO - 14632 - phase=train acc=0.51015625 loss=13.316803097724915 epoch=6 and step=10
2026-04-19 22:19:56,671 - SplitNNClient - INFO - 23172 - phase=train acc=0.559375 loss=11.85656213760376 epoch=6 and step=10
2026-04-19 22:19:58,858 - SplitNNClient - INFO - 13456 - phase=train acc=0.58203125 loss=12.015934467315674 epoch=6 and step=10
2026-04-19 22:20:08,576 - SplitNNClient - INFO - 23932 - phase=train acc=0.5859375 loss=12.197080850601196 epoch=6 and step=10
2026-04-19 22:20:44,372 - SplitNNClient - INFO - 3180 - phase=train acc=0.58671875 loss=23.3151273727417 epoch=6 and step=20
2026-04-19 22:20:48,715 - SplitNNClient - INFO - 14632 - phase=train acc=0.51640625 loss=25.163302421569824 epoch=6 and step=20
2026-04-19 22:20:50,940 - SplitNNClient - INFO - 23172 - phase=train acc=0.59765625 loss=22.011930227279663 epoch=6 and step=20
2026-04-19 22:20:53,260 - SplitNNClient - INFO - 13456 - phase=train acc=0.618359375 loss=22.133259057998657 epoch=6 and step=20
2026-04-19 22:21:03,111 - SplitNNClient - INFO - 23932 - phase=train acc=0.60234375 loss=23.54382747411728 epoch=6 and step=20
2026-04-19 22:21:39,085 - SplitNNClient - INFO - 3180 - phase=train acc=0.59375 loss=34.03116816282272 epoch=6 and step=30
2026-04-19 22:21:43,466 - SplitNNClient - INFO - 14632 - phase=train acc=0.53515625 loss=36.37066447734833 epoch=6 and step=30
2026-04-19 22:21:45,633 - SplitNNClient - INFO - 23172 - phase=train acc=0.5997395833333333 loss=32.62066739797592 epoch=6 and step=30
2026-04-19 22:21:47,823 - SplitNNClient - INFO - 13456 - phase=train acc=0.6151041666666667 loss=32.62937641143799 epoch=6 and step=30
2026-04-19 22:21:57,403 - SplitNNClient - INFO - 23932 - phase=train acc=0.6078125 loss=34.863780438899994 epoch=6 and step=30
2026-04-19 22:22:33,073 - SplitNNClient - INFO - 3180 - phase=train acc=0.5984375 loss=44.98659771680832 epoch=6 and step=40
2026-04-19 22:22:37,447 - SplitNNClient - INFO - 14632 - phase=train acc=0.5380859375 loss=48.19961333274841 epoch=6 and step=40
2026-04-19 22:22:39,588 - SplitNNClient - INFO - 23172 - phase=train acc=0.6064453125 loss=42.9901562333107 epoch=6 and step=40
2026-04-19 22:22:41,749 - SplitNNClient - INFO - 13456 - phase=train acc=0.613671875 loss=43.1100634932518 epoch=6 and step=40
2026-04-19 22:22:51,558 - SplitNNClient - INFO - 23932 - phase=train acc=0.6068359375 loss=46.61204355955124 epoch=6 and step=40
2026-04-19 22:23:27,518 - SplitNNClient - INFO - 3180 - phase=train acc=0.605 loss=55.657564878463745 epoch=6 and step=50
2026-04-19 22:23:31,860 - SplitNNClient - INFO - 14632 - phase=train acc=0.54234375 loss=59.65173780918121 epoch=6 and step=50
2026-04-19 22:23:34,081 - SplitNNClient - INFO - 23172 - phase=train acc=0.6065625 loss=53.354895770549774 epoch=6 and step=50
2026-04-19 22:23:36,251 - SplitNNClient - INFO - 13456 - phase=train acc=0.61953125 loss=53.322966158390045 epoch=6 and step=50
2026-04-19 22:23:46,059 - SplitNNClient - INFO - 23932 - phase=train acc=0.60921875 loss=57.58827096223831 epoch=6 and step=50
2026-04-19 22:24:16,471 - SplitNNClient - INFO - 3180 - phase=train acc=0.6045572916666667 loss=66.72987031936646 epoch=6 and step=60
2026-04-19 22:24:21,942 - SplitNNClient - INFO - 23172 - phase=train acc=0.6153645833333333 loss=63.55029571056366 epoch=6 and step=60
2026-04-19 22:24:24,067 - SplitNNClient - INFO - 13456 - phase=train acc=0.6227864583333333 loss=63.48547798395157 epoch=6 and step=60
2026-04-19 22:24:31,747 - SplitNNClient - INFO - 23932 - phase=train acc=0.6104166666666667 loss=69.08050984144211 epoch=6 and step=60
2026-04-19 22:25:02,144 - SplitNNClient - INFO - 13456 - phase=train acc=0.6272321428571429 loss=73.08199387788773 epoch=6 and step=70
2026-04-19 22:25:05,357 - SplitNNClient - INFO - 23932 - phase=train acc=0.6114955357142857 loss=80.30351495742798 epoch=6 and step=70
2026-04-19 22:25:21,845 - SplitNNClient - INFO - 13456 - phase=train acc=0.62705078125 loss=83.2729252576828 epoch=6 and step=80
2026-04-19 22:25:33,938 - SplitNNClient - INFO - 13456 - phase=train acc=0.6280381944444444 loss=93.39724522829056 epoch=6 and step=90
2026-04-19 22:25:45,963 - SplitNNClient - INFO - 13456 - phase=train acc=0.628671875 loss=103.99986350536346 epoch=6 and step=100
2026-04-19 22:25:58,094 - SplitNNClient - INFO - 13456 - phase=train acc=0.6293323863636363 loss=113.87421125173569 epoch=6 and step=110
2026-04-19 22:26:10,156 - SplitNNClient - INFO - 13456 - phase=train acc=0.6279947916666667 loss=124.40129828453064 epoch=6 and step=120
2026-04-19 22:26:12,719 - FedServerManager - INFO - 19484 - get all model params ---- from rank 6
2026-04-19 22:26:22,947 - SplitNNClient - INFO - 3180 - phase=validation acc=0.5001 loss=118.36472487449646 epoch=6 and step=79
2026-04-19 22:26:25,482 - SplitNNClient - INFO - 14632 - phase=validation acc=0.5009 loss=118.17844724655151 epoch=6 and step=79
2026-04-19 22:26:25,545 - SplitNNClient - INFO - 13456 - phase=validation acc=0.5012 loss=118.04870975017548 epoch=6 and step=79
2026-04-19 22:26:28,925 - SplitNNClient - INFO - 23172 - phase=validation acc=0.5011 loss=118.16945576667786 epoch=6 and step=79
2026-04-19 22:26:31,213 - SplitNNClient - INFO - 23932 - phase=validation acc=0.5016 loss=118.12403404712677 epoch=6 and step=79
2026-04-19 22:27:04,986 - SplitNNClient - INFO - 3180 - phase=train acc=0.559375 loss=12.377022862434387 epoch=7 and step=10
2026-04-19 22:27:13,843 - SplitNNClient - INFO - 14632 - phase=train acc=0.503125 loss=13.814217805862427 epoch=7 and step=10
2026-04-19 22:27:18,231 - SplitNNClient - INFO - 13456 - phase=train acc=0.58828125 loss=12.064355373382568 epoch=7 and step=10
2026-04-19 22:27:22,656 - SplitNNClient - INFO - 23172 - phase=train acc=0.55234375 loss=12.498151898384094 epoch=7 and step=10
2026-04-19 22:27:25,951 - SplitNNClient - INFO - 23932 - phase=train acc=0.575 loss=12.917343437671661 epoch=7 and step=10
2026-04-19 22:28:00,237 - SplitNNClient - INFO - 3180 - phase=train acc=0.58828125 loss=23.5580335855484 epoch=7 and step=20
2026-04-19 22:28:08,932 - SplitNNClient - INFO - 14632 - phase=train acc=0.53828125 loss=25.071944892406464 epoch=7 and step=20
2026-04-19 22:28:13,363 - SplitNNClient - INFO - 13456 - phase=train acc=0.612890625 loss=21.77045875787735 epoch=7 and step=20
2026-04-19 22:28:17,772 - SplitNNClient - INFO - 23172 - phase=train acc=0.599609375 loss=22.374858736991882 epoch=7 and step=20
2026-04-19 22:28:20,940 - SplitNNClient - INFO - 23932 - phase=train acc=0.606640625 loss=23.937202751636505 epoch=7 and step=20
2026-04-19 22:28:55,120 - SplitNNClient - INFO - 3180 - phase=train acc=0.6013020833333333 loss=34.14774954319 epoch=7 and step=30
2026-04-19 22:29:03,819 - SplitNNClient - INFO - 14632 - phase=train acc=0.5489583333333333 loss=35.835045754909515 epoch=7 and step=30
2026-04-19 22:29:08,163 - SplitNNClient - INFO - 13456 - phase=train acc=0.6265625 loss=31.272111475467682 epoch=7 and step=30
2026-04-19 22:29:12,662 - SplitNNClient - INFO - 23172 - phase=train acc=0.6114583333333333 loss=32.31719607114792 epoch=7 and step=30
2026-04-19 22:29:16,041 - SplitNNClient - INFO - 23932 - phase=train acc=0.6080729166666666 loss=35.28364735841751 epoch=7 and step=30
2026-04-19 22:29:49,853 - SplitNNClient - INFO - 3180 - phase=train acc=0.6123046875 loss=44.469648361206055 epoch=7 and step=40
2026-04-19 22:29:58,682 - SplitNNClient - INFO - 14632 - phase=train acc=0.5568359375 loss=46.68610459566116 epoch=7 and step=40
2026-04-19 22:30:03,022 - SplitNNClient - INFO - 13456 - phase=train acc=0.629296875 loss=41.53296995162964 epoch=7 and step=40
2026-04-19 22:30:07,391 - SplitNNClient - INFO - 23172 - phase=train acc=0.6201171875 loss=42.19183659553528 epoch=7 and step=40
2026-04-19 22:30:10,730 - SplitNNClient - INFO - 23932 - phase=train acc=0.6119140625 loss=46.27658396959305 epoch=7 and step=40
2026-04-19 22:30:44,671 - SplitNNClient - INFO - 3180 - phase=train acc=0.61265625 loss=55.48332226276398 epoch=7 and step=50
2026-04-19 22:30:53,377 - SplitNNClient - INFO - 14632 - phase=train acc=0.55640625 loss=58.11752337217331 epoch=7 and step=50
2026-04-19 22:30:57,640 - SplitNNClient - INFO - 13456 - phase=train acc=0.63546875 loss=51.05620640516281 epoch=7 and step=50
2026-04-19 22:31:01,989 - SplitNNClient - INFO - 23172 - phase=train acc=0.62453125 loss=51.983919858932495 epoch=7 and step=50
2026-04-19 22:31:05,156 - SplitNNClient - INFO - 23932 - phase=train acc=0.61546875 loss=57.29806041717529 epoch=7 and step=50
2026-04-19 22:31:34,543 - SplitNNClient - INFO - 3180 - phase=train acc=0.6184895833333334 loss=65.58231538534164 epoch=7 and step=60
2026-04-19 22:31:45,406 - SplitNNClient - INFO - 13456 - phase=train acc=0.6420572916666667 loss=60.34174543619156 epoch=7 and step=60
2026-04-19 22:31:48,721 - SplitNNClient - INFO - 23172 - phase=train acc=0.6270833333333333 loss=61.76559519767761 epoch=7 and step=60
2026-04-19 22:31:50,881 - SplitNNClient - INFO - 23932 - phase=train acc=0.618359375 loss=68.14434999227524 epoch=7 and step=60
2026-04-19 22:32:23,350 - SplitNNClient - INFO - 13456 - phase=train acc=0.6449776785714286 loss=70.27665370702744 epoch=7 and step=70
2026-04-19 22:32:26,606 - SplitNNClient - INFO - 23932 - phase=train acc=0.6177455357142857 loss=79.3243339061737 epoch=7 and step=70
2026-04-19 22:32:43,002 - SplitNNClient - INFO - 13456 - phase=train acc=0.6458984375 loss=80.23789429664612 epoch=7 and step=80
2026-04-19 22:32:55,218 - SplitNNClient - INFO - 13456 - phase=train acc=0.6448784722222223 loss=89.93400764465332 epoch=7 and step=90
2026-04-19 22:33:07,498 - SplitNNClient - INFO - 13456 - phase=train acc=0.646171875 loss=99.61540532112122 epoch=7 and step=100
2026-04-19 22:33:19,690 - SplitNNClient - INFO - 13456 - phase=train acc=0.6495028409090909 loss=108.71223473548889 epoch=7 and step=110
2026-04-19 22:33:31,765 - SplitNNClient - INFO - 13456 - phase=train acc=0.6505859375 loss=118.12969774007797 epoch=7 and step=120
2026-04-19 22:33:34,289 - FedServerManager - INFO - 19484 - get all model params ---- from rank 6
2026-04-19 22:33:44,301 - SplitNNClient - INFO - 3180 - phase=validation acc=0.4832 loss=128.02072513103485 epoch=7 and step=79
2026-04-19 22:33:46,899 - SplitNNClient - INFO - 23932 - phase=validation acc=0.484 loss=127.92395067214966 epoch=7 and step=79
2026-04-19 22:33:46,901 - SplitNNClient - INFO - 14632 - phase=validation acc=0.484 loss=127.92395067214966 epoch=7 and step=79
2026-04-19 22:33:46,901 - SplitNNClient - INFO - 23172 - phase=validation acc=0.484 loss=127.92395067214966 epoch=7 and step=79
2026-04-19 22:33:46,902 - SplitNNClient - INFO - 13456 - phase=validation acc=0.484 loss=127.92395067214966 epoch=7 and step=79
2026-04-19 22:34:30,834 - SplitNNClient - INFO - 3180 - phase=train acc=0.61484375 loss=10.929421126842499 epoch=8 and step=10
2026-04-19 22:34:37,289 - SplitNNClient - INFO - 23172 - phase=train acc=0.603125 loss=10.971418976783752 epoch=8 and step=10
2026-04-19 22:34:38,387 - SplitNNClient - INFO - 13456 - phase=train acc=0.59296875 loss=11.687274813652039 epoch=8 and step=10
2026-04-19 22:34:39,480 - SplitNNClient - INFO - 14632 - phase=train acc=0.5296875 loss=12.571762204170227 epoch=8 and step=10
2026-04-19 22:34:40,510 - SplitNNClient - INFO - 23932 - phase=train acc=0.63359375 loss=11.213628709316254 epoch=8 and step=10
2026-04-19 22:35:24,906 - SplitNNClient - INFO - 3180 - phase=train acc=0.635546875 loss=20.578910768032074 epoch=8 and step=20
2026-04-19 22:35:31,468 - SplitNNClient - INFO - 23172 - phase=train acc=0.624609375 loss=20.664519429206848 epoch=8 and step=20
2026-04-19 22:35:32,558 - SplitNNClient - INFO - 13456 - phase=train acc=0.633203125 loss=20.812472999095917 epoch=8 and step=20
2026-04-19 22:35:33,682 - SplitNNClient - INFO - 14632 - phase=train acc=0.54921875 loss=23.514135360717773 epoch=8 and step=20
2026-04-19 22:35:34,724 - SplitNNClient - INFO - 23932 - phase=train acc=0.64140625 loss=21.587189316749573 epoch=8 and step=20
2026-04-19 22:36:19,254 - SplitNNClient - INFO - 3180 - phase=train acc=0.63203125 loss=30.884187519550323 epoch=8 and step=30
2026-04-19 22:36:25,727 - SplitNNClient - INFO - 23172 - phase=train acc=0.6359375 loss=30.24656915664673 epoch=8 and step=30
2026-04-19 22:36:26,825 - SplitNNClient - INFO - 13456 - phase=train acc=0.6481770833333333 loss=30.055409371852875 epoch=8 and step=30
2026-04-19 22:36:27,919 - SplitNNClient - INFO - 14632 - phase=train acc=0.5559895833333334 loss=34.83455502986908 epoch=8 and step=30
2026-04-19 22:36:29,013 - SplitNNClient - INFO - 23932 - phase=train acc=0.6466145833333333 loss=31.855447709560394 epoch=8 and step=30
2026-04-19 22:37:13,685 - SplitNNClient - INFO - 3180 - phase=train acc=0.6380859375 loss=40.90173602104187 epoch=8 and step=40
2026-04-19 22:37:20,238 - SplitNNClient - INFO - 23172 - phase=train acc=0.64453125 loss=39.667851746082306 epoch=8 and step=40
2026-04-19 22:37:21,331 - SplitNNClient - INFO - 13456 - phase=train acc=0.653515625 loss=39.213586151599884 epoch=8 and step=40
2026-04-19 22:37:22,485 - SplitNNClient - INFO - 14632 - phase=train acc=0.5701171875 loss=45.347342014312744 epoch=8 and step=40
2026-04-19 22:37:23,548 - SplitNNClient - INFO - 23932 - phase=train acc=0.6494140625 loss=42.1427418589592 epoch=8 and step=40
2026-04-19 22:38:08,262 - SplitNNClient - INFO - 3180 - phase=train acc=0.6375 loss=51.01037871837616 epoch=8 and step=50
2026-04-19 22:38:14,902 - SplitNNClient - INFO - 23172 - phase=train acc=0.64453125 loss=49.39082646369934 epoch=8 and step=50
2026-04-19 22:38:15,936 - SplitNNClient - INFO - 13456 - phase=train acc=0.6603125 loss=48.604560136795044 epoch=8 and step=50
2026-04-19 22:38:17,026 - SplitNNClient - INFO - 14632 - phase=train acc=0.57703125 loss=55.83571261167526 epoch=8 and step=50
2026-04-19 22:38:18,095 - SplitNNClient - INFO - 23932 - phase=train acc=0.6484375 loss=52.30279117822647 epoch=8 and step=50
2026-04-19 22:38:58,466 - SplitNNClient - INFO - 3180 - phase=train acc=0.641015625 loss=61.04630935192108 epoch=8 and step=60
2026-04-19 22:39:03,871 - SplitNNClient - INFO - 23172 - phase=train acc=0.6455729166666667 loss=59.09775424003601 epoch=8 and step=60
2026-04-19 22:39:04,938 - SplitNNClient - INFO - 13456 - phase=train acc=0.6606770833333333 loss=58.14735573530197 epoch=8 and step=60
2026-04-19 22:39:06,008 - SplitNNClient - INFO - 23932 - phase=train acc=0.6497395833333334 loss=62.78214776515961 epoch=8 and step=60
2026-04-19 22:39:42,866 - SplitNNClient - INFO - 13456 - phase=train acc=0.6662946428571429 loss=66.63982421159744 epoch=8 and step=70
2026-04-19 22:39:43,965 - SplitNNClient - INFO - 23932 - phase=train acc=0.6493303571428571 loss=72.93431383371353 epoch=8 and step=70
2026-04-19 22:40:01,836 - SplitNNClient - INFO - 13456 - phase=train acc=0.670703125 loss=75.35419625043869 epoch=8 and step=80
2026-04-19 22:40:13,960 - SplitNNClient - INFO - 13456 - phase=train acc=0.6717013888888889 loss=84.54010862112045 epoch=8 and step=90
2026-04-19 22:40:26,089 - SplitNNClient - INFO - 13456 - phase=train acc=0.67140625 loss=93.93509209156036 epoch=8 and step=100
2026-04-19 22:40:38,428 - SplitNNClient - INFO - 13456 - phase=train acc=0.6698863636363637 loss=103.23213016986847 epoch=8 and step=110
2026-04-19 22:40:50,650 - SplitNNClient - INFO - 13456 - phase=train acc=0.6704427083333333 loss=112.17033326625824 epoch=8 and step=120
2026-04-19 22:40:53,250 - FedServerManager - INFO - 19484 - get all model params ---- from rank 6
2026-04-19 22:41:03,061 - SplitNNClient - INFO - 14632 - phase=validation acc=0.5813 loss=97.83096826076508 epoch=8 and step=79
2026-04-19 22:41:04,440 - SplitNNClient - INFO - 3180 - phase=validation acc=0.5815 loss=97.78879630565643 epoch=8 and step=79
2026-04-19 22:41:04,461 - SplitNNClient - INFO - 13456 - phase=validation acc=0.5815 loss=97.78879630565643 epoch=8 and step=79
2026-04-19 22:41:04,493 - SplitNNClient - INFO - 23172 - phase=validation acc=0.5814 loss=97.7428423166275 epoch=8 and step=79
2026-04-19 22:41:22,187 - SplitNNClient - INFO - 23932 - phase=validation acc=0.5788 loss=97.80683469772339 epoch=8 and step=79
2026-04-19 22:41:45,909 - SplitNNClient - INFO - 14632 - phase=train acc=0.57421875 loss=11.612570524215698 epoch=9 and step=10
2026-04-19 22:41:52,460 - SplitNNClient - INFO - 3180 - phase=train acc=0.6296875 loss=10.985349655151367 epoch=9 and step=10
2026-04-19 22:41:53,589 - SplitNNClient - INFO - 13456 - phase=train acc=0.60703125 loss=11.106609761714935 epoch=9 and step=10
2026-04-19 22:41:55,798 - SplitNNClient - INFO - 23172 - phase=train acc=0.65625 loss=9.851130187511444 epoch=9 and step=10
2026-04-19 22:42:16,816 - SplitNNClient - INFO - 23932 - phase=train acc=0.63359375 loss=10.696277141571045 epoch=9 and step=10
2026-04-19 22:42:40,949 - SplitNNClient - INFO - 14632 - phase=train acc=0.578515625 loss=22.44832545518875 epoch=9 and step=20
2026-04-19 22:42:47,508 - SplitNNClient - INFO - 3180 - phase=train acc=0.645703125 loss=20.446186184883118 epoch=9 and step=20
2026-04-19 22:42:48,573 - SplitNNClient - INFO - 13456 - phase=train acc=0.659765625 loss=19.437161684036255 epoch=9 and step=20
2026-04-19 22:42:50,755 - SplitNNClient - INFO - 23172 - phase=train acc=0.671484375 loss=18.407487452030182 epoch=9 and step=20
2026-04-19 22:43:11,475 - SplitNNClient - INFO - 23932 - phase=train acc=0.6515625 loss=20.450256288051605 epoch=9 and step=20
2026-04-19 22:43:35,514 - SplitNNClient - INFO - 14632 - phase=train acc=0.58203125 loss=33.069762229919434 epoch=9 and step=30
2026-04-19 22:43:42,046 - SplitNNClient - INFO - 3180 - phase=train acc=0.6497395833333334 loss=30.202376782894135 epoch=9 and step=30
2026-04-19 22:43:43,136 - SplitNNClient - INFO - 13456 - phase=train acc=0.6627604166666666 loss=29.198191165924072 epoch=9 and step=30
2026-04-19 22:43:45,352 - SplitNNClient - INFO - 23172 - phase=train acc=0.67734375 loss=27.31761783361435 epoch=9 and step=30
2026-04-19 22:44:06,174 - SplitNNClient - INFO - 23932 - phase=train acc=0.65703125 loss=30.146851658821106 epoch=9 and step=30
2026-04-19 22:44:30,013 - SplitNNClient - INFO - 14632 - phase=train acc=0.5873046875 loss=43.43004810810089 epoch=9 and step=40
2026-04-19 22:44:36,585 - SplitNNClient - INFO - 3180 - phase=train acc=0.6529296875 loss=39.95583772659302 epoch=9 and step=40
2026-04-19 22:44:37,708 - SplitNNClient - INFO - 13456 - phase=train acc=0.6732421875 loss=37.75258159637451 epoch=9 and step=40
2026-04-19 22:44:39,835 - SplitNNClient - INFO - 23172 - phase=train acc=0.675390625 loss=36.58569020032883 epoch=9 and step=40
2026-04-19 22:45:00,488 - SplitNNClient - INFO - 23932 - phase=train acc=0.662109375 loss=39.83774542808533 epoch=9 and step=40
2026-04-19 22:45:24,214 - SplitNNClient - INFO - 14632 - phase=train acc=0.59265625 loss=53.75562196969986 epoch=9 and step=50
2026-04-19 22:45:30,622 - SplitNNClient - INFO - 3180 - phase=train acc=0.653125 loss=49.470583856105804 epoch=9 and step=50
2026-04-19 22:45:31,717 - SplitNNClient - INFO - 13456 - phase=train acc=0.67640625 loss=46.54715293645859 epoch=9 and step=50
2026-04-19 22:45:33,909 - SplitNNClient - INFO - 23172 - phase=train acc=0.67484375 loss=45.60422730445862 epoch=9 and step=50
2026-04-19 22:45:53,432 - SplitNNClient - INFO - 23932 - phase=train acc=0.6603125 loss=50.202561378479004 epoch=9 and step=50
2026-04-19 22:46:17,186 - SplitNNClient - INFO - 3180 - phase=train acc=0.6563802083333333 loss=58.93672341108322 epoch=9 and step=60
2026-04-19 22:46:18,338 - SplitNNClient - INFO - 13456 - phase=train acc=0.679296875 loss=55.01794350147247 epoch=9 and step=60
2026-04-19 22:46:20,468 - SplitNNClient - INFO - 23172 - phase=train acc=0.6755208333333333 loss=54.3781578540802 epoch=9 and step=60
2026-04-19 22:46:36,826 - SplitNNClient - INFO - 23932 - phase=train acc=0.6631510416666667 loss=60.04016536474228 epoch=9 and step=60
2026-04-19 22:46:58,498 - SplitNNClient - INFO - 13456 - phase=train acc=0.6809151785714286 loss=63.98404383659363 epoch=9 and step=70
2026-04-19 22:47:08,105 - SplitNNClient - INFO - 23932 - phase=train acc=0.6654017857142858 loss=69.43350028991699 epoch=9 and step=70
2026-04-19 22:47:20,137 - SplitNNClient - INFO - 13456 - phase=train acc=0.68388671875 loss=72.10712885856628 epoch=9 and step=80
2026-04-19 22:47:33,277 - SplitNNClient - INFO - 13456 - phase=train acc=0.6869791666666667 loss=80.37466007471085 epoch=9 and step=90
2026-04-19 22:47:45,610 - SplitNNClient - INFO - 13456 - phase=train acc=0.6859375 loss=89.12147849798203 epoch=9 and step=100
2026-04-19 22:47:57,858 - SplitNNClient - INFO - 13456 - phase=train acc=0.6869318181818181 loss=97.82480603456497 epoch=9 and step=110
2026-04-19 22:48:10,069 - SplitNNClient - INFO - 13456 - phase=train acc=0.68828125 loss=106.15957593917847 epoch=9 and step=120
2026-04-19 22:48:12,520 - FedServerManager - INFO - 19484 - get all model params ---- from rank 6
2026-04-19 22:48:22,603 - SplitNNClient - INFO - 13456 - phase=validation acc=0.5061 loss=121.84832954406738 epoch=9 and step=79
2026-04-19 22:48:22,638 - SplitNNClient - INFO - 3180 - phase=validation acc=0.5061 loss=121.84832954406738 epoch=9 and step=79
2026-04-19 22:48:22,690 - SplitNNClient - INFO - 23172 - phase=validation acc=0.5061 loss=121.84832954406738 epoch=9 and step=79
2026-04-19 22:48:23,856 - SplitNNClient - INFO - 14632 - phase=validation acc=0.5061 loss=121.89687156677246 epoch=9 and step=79
2026-04-19 22:48:26,052 - SplitNNClient - INFO - 23932 - phase=validation acc=0.5062 loss=121.95375907421112 epoch=9 and step=79
2026-04-19 22:49:11,050 - SplitNNClient - INFO - 13456 - phase=train acc=0.675 loss=9.448275208473206 epoch=10 and step=10
2026-04-19 22:49:13,208 - SplitNNClient - INFO - 3180 - phase=train acc=0.640625 loss=10.326693713665009 epoch=10 and step=10
2026-04-19 22:49:15,394 - SplitNNClient - INFO - 23172 - phase=train acc=0.64296875 loss=9.852847397327423 epoch=10 and step=10
2026-04-19 22:49:17,611 - SplitNNClient - INFO - 14632 - phase=train acc=0.52890625 loss=12.516770601272583 epoch=10 and step=10
2026-04-19 22:49:19,769 - SplitNNClient - INFO - 23932 - phase=train acc=0.6609375 loss=10.439675331115723 epoch=10 and step=10
2026-04-19 22:50:05,375 - SplitNNClient - INFO - 13456 - phase=train acc=0.6796875 loss=18.20152997970581 epoch=10 and step=20
2026-04-19 22:50:07,558 - SplitNNClient - INFO - 3180 - phase=train acc=0.66875 loss=18.97648525238037 epoch=10 and step=20
2026-04-19 22:50:09,747 - SplitNNClient - INFO - 23172 - phase=train acc=0.667578125 loss=18.49416571855545 epoch=10 and step=20
2026-04-19 22:50:11,971 - SplitNNClient - INFO - 14632 - phase=train acc=0.5703125 loss=22.87074625492096 epoch=10 and step=20
2026-04-19 22:50:14,107 - SplitNNClient - INFO - 23932 - phase=train acc=0.66953125 loss=19.82627433538437 epoch=10 and step=20
2026-04-19 22:50:59,929 - SplitNNClient - INFO - 13456 - phase=train acc=0.6877604166666667 loss=26.950048804283142 epoch=10 and step=30
2026-04-19 22:51:02,147 - SplitNNClient - INFO - 3180 - phase=train acc=0.6716145833333333 loss=28.437414526939392 epoch=10 and step=30
2026-04-19 22:51:04,310 - SplitNNClient - INFO - 23172 - phase=train acc=0.6794270833333333 loss=26.680307269096375 epoch=10 and step=30
2026-04-19 22:51:06,538 - SplitNNClient - INFO - 14632 - phase=train acc=0.5825520833333333 loss=32.64384061098099 epoch=10 and step=30
2026-04-19 22:51:08,665 - SplitNNClient - INFO - 23932 - phase=train acc=0.6697916666666667 loss=29.96630996465683 epoch=10 and step=30
2026-04-19 22:51:54,123 - SplitNNClient - INFO - 13456 - phase=train acc=0.6912109375 loss=35.2365340590477 epoch=10 and step=40
2026-04-19 22:51:56,257 - SplitNNClient - INFO - 3180 - phase=train acc=0.6759765625 loss=37.49036663770676 epoch=10 and step=40
2026-04-19 22:51:58,407 - SplitNNClient - INFO - 23172 - phase=train acc=0.6828125 loss=34.99007910490036 epoch=10 and step=40
2026-04-19 22:52:00,588 - SplitNNClient - INFO - 14632 - phase=train acc=0.5845703125 loss=42.99139076471329 epoch=10 and step=40
2026-04-19 22:52:02,685 - SplitNNClient - INFO - 23932 - phase=train acc=0.67265625 loss=39.66543161869049 epoch=10 and step=40
2026-04-19 22:52:48,279 - SplitNNClient - INFO - 13456 - phase=train acc=0.6903125 loss=43.829905331134796 epoch=10 and step=50
2026-04-19 22:52:50,466 - SplitNNClient - INFO - 3180 - phase=train acc=0.6753125 loss=46.94295275211334 epoch=10 and step=50
2026-04-19 22:52:52,620 - SplitNNClient - INFO - 23172 - phase=train acc=0.6825 loss=43.72016525268555 epoch=10 and step=50
2026-04-19 22:52:54,778 - SplitNNClient - INFO - 14632 - phase=train acc=0.59390625 loss=52.801534712314606 epoch=10 and step=50
2026-04-19 22:52:56,963 - SplitNNClient - INFO - 23932 - phase=train acc=0.6815625 loss=48.161573231220245 epoch=10 and step=50
2026-04-19 22:53:37,771 - SplitNNClient - INFO - 13456 - phase=train acc=0.691796875 loss=52.56807804107666 epoch=10 and step=60
2026-04-19 22:53:38,868 - SplitNNClient - INFO - 3180 - phase=train acc=0.6768229166666667 loss=56.06025171279907 epoch=10 and step=60
2026-04-19 22:53:41,018 - SplitNNClient - INFO - 23172 - phase=train acc=0.6833333333333333 loss=52.23142796754837 epoch=10 and step=60
2026-04-19 22:53:44,300 - SplitNNClient - INFO - 23932 - phase=train acc=0.68203125 loss=57.88943153619766 epoch=10 and step=60
2026-04-19 22:54:18,820 - SplitNNClient - INFO - 13456 - phase=train acc=0.6902901785714286 loss=61.25571197271347 epoch=10 and step=70
2026-04-19 22:54:22,079 - SplitNNClient - INFO - 23932 - phase=train acc=0.6830357142857143 loss=67.11018639802933 epoch=10 and step=70
2026-04-19 22:54:38,483 - SplitNNClient - INFO - 13456 - phase=train acc=0.69404296875 loss=69.45338940620422 epoch=10 and step=80
2026-04-19 22:54:50,641 - SplitNNClient - INFO - 13456 - phase=train acc=0.6934027777777778 loss=78.01277792453766 epoch=10 and step=90
2026-04-19 22:55:02,796 - SplitNNClient - INFO - 13456 - phase=train acc=0.69546875 loss=86.5038070678711 epoch=10 and step=100
2026-04-19 22:55:14,847 - SplitNNClient - INFO - 13456 - phase=train acc=0.6967329545454546 loss=94.56279504299164 epoch=10 and step=110
2026-04-19 22:55:26,950 - SplitNNClient - INFO - 13456 - phase=train acc=0.6985026041666667 loss=102.83366346359253 epoch=10 and step=120
2026-04-19 22:55:29,354 - FedServerManager - INFO - 19484 - get all model params ---- from rank 6
2026-04-19 22:55:39,139 - SplitNNClient - INFO - 14632 - phase=validation acc=0.5921 loss=91.91255593299866 epoch=10 and step=79
2026-04-19 22:55:41,696 - SplitNNClient - INFO - 23172 - phase=validation acc=0.5925 loss=91.90166890621185 epoch=10 and step=79
2026-04-19 22:55:44,057 - SplitNNClient - INFO - 13456 - phase=validation acc=0.5928 loss=92.05684667825699 epoch=10 and step=79
2026-04-19 22:55:44,060 - SplitNNClient - INFO - 3180 - phase=validation acc=0.5928 loss=92.05684667825699 epoch=10 and step=79
2026-04-19 22:55:54,076 - SplitNNClient - INFO - 23932 - phase=validation acc=0.5931 loss=91.41172713041306 epoch=10 and step=79
2026-04-19 22:56:19,251 - SplitNNClient - INFO - 14632 - phase=train acc=0.5625 loss=12.19169420003891 epoch=11 and step=10
2026-04-19 22:56:25,754 - SplitNNClient - INFO - 23172 - phase=train acc=0.6421875 loss=9.513256549835205 epoch=11 and step=10
2026-04-19 22:56:33,314 - SplitNNClient - INFO - 13456 - phase=train acc=0.64375 loss=10.56241238117218 epoch=11 and step=10
2026-04-19 22:56:34,438 - SplitNNClient - INFO - 3180 - phase=train acc=0.63671875 loss=10.802646458148956 epoch=11 and step=10
2026-04-19 22:56:48,563 - SplitNNClient - INFO - 23932 - phase=train acc=0.6765625 loss=9.375397980213165 epoch=11 and step=10
2026-04-19 22:57:14,139 - SplitNNClient - INFO - 14632 - phase=train acc=0.590625 loss=22.193898558616638 epoch=11 and step=20
2026-04-19 22:57:20,745 - SplitNNClient - INFO - 23172 - phase=train acc=0.6734375 loss=17.50907987356186 epoch=11 and step=20
2026-04-19 22:57:28,478 - SplitNNClient - INFO - 13456 - phase=train acc=0.673828125 loss=18.935350000858307 epoch=11 and step=20
2026-04-19 22:57:29,571 - SplitNNClient - INFO - 3180 - phase=train acc=0.672265625 loss=19.506968021392822 epoch=11 and step=20
2026-04-19 22:57:43,795 - SplitNNClient - INFO - 23932 - phase=train acc=0.685546875 loss=18.408580601215363 epoch=11 and step=20
2026-04-19 22:58:08,773 - SplitNNClient - INFO - 14632 - phase=train acc=0.60859375 loss=31.267528235912323 epoch=11 and step=30
2026-04-19 22:58:15,250 - SplitNNClient - INFO - 23172 - phase=train acc=0.68828125 loss=25.760698914527893 epoch=11 and step=30
2026-04-19 22:58:22,878 - SplitNNClient - INFO - 13456 - phase=train acc=0.6838541666666667 loss=27.384073555469513 epoch=11 and step=30
2026-04-19 22:58:24,002 - SplitNNClient - INFO - 3180 - phase=train acc=0.6802083333333333 loss=28.08370703458786 epoch=11 and step=30
2026-04-19 22:58:38,269 - SplitNNClient - INFO - 23932 - phase=train acc=0.6955729166666667 loss=26.900276720523834 epoch=11 and step=30
2026-04-19 22:59:03,153 - SplitNNClient - INFO - 14632 - phase=train acc=0.6173828125 loss=40.47983932495117 epoch=11 and step=40
2026-04-19 22:59:09,701 - SplitNNClient - INFO - 23172 - phase=train acc=0.6931640625 loss=33.690010368824005 epoch=11 and step=40
2026-04-19 22:59:17,356 - SplitNNClient - INFO - 13456 - phase=train acc=0.6931640625 loss=35.30588209629059 epoch=11 and step=40
2026-04-19 22:59:18,394 - SplitNNClient - INFO - 3180 - phase=train acc=0.6892578125 loss=36.18358671665192 epoch=11 and step=40
2026-04-19 22:59:32,461 - SplitNNClient - INFO - 23932 - phase=train acc=0.6955078125 loss=36.09799647331238 epoch=11 and step=40
2026-04-19 22:59:57,497 - SplitNNClient - INFO - 14632 - phase=train acc=0.61875 loss=50.17181223630905 epoch=11 and step=50
2026-04-19 23:00:03,926 - SplitNNClient - INFO - 23172 - phase=train acc=0.69171875 loss=42.432328283786774 epoch=11 and step=50
2026-04-19 23:00:11,595 - SplitNNClient - INFO - 13456 - phase=train acc=0.6953125 loss=43.429246842861176 epoch=11 and step=50
2026-04-19 23:00:12,693 - SplitNNClient - INFO - 3180 - phase=train acc=0.69203125 loss=44.858413994312286 epoch=11 and step=50
2026-04-19 23:00:25,836 - SplitNNClient - INFO - 23932 - phase=train acc=0.69484375 loss=45.01635640859604 epoch=11 and step=50
2026-04-19 23:00:50,817 - SplitNNClient - INFO - 23172 - phase=train acc=0.6962239583333333 loss=50.4502032995224 epoch=11 and step=60
2026-04-19 23:00:57,280 - SplitNNClient - INFO - 13456 - phase=train acc=0.6998697916666666 loss=51.765602350234985 epoch=11 and step=60
2026-04-19 23:00:58,343 - SplitNNClient - INFO - 3180 - phase=train acc=0.698828125 loss=53.24936640262604 epoch=11 and step=60
2026-04-19 23:01:09,247 - SplitNNClient - INFO - 23932 - phase=train acc=0.6924479166666667 loss=54.48172777891159 epoch=11 and step=60
2026-04-19 23:01:36,274 - SplitNNClient - INFO - 13456 - phase=train acc=0.7049107142857143 loss=59.41413950920105 epoch=11 and step=70
2026-04-19 23:01:41,656 - SplitNNClient - INFO - 23932 - phase=train acc=0.6934151785714285 loss=63.420836329460144 epoch=11 and step=70
2026-04-19 23:01:56,999 - SplitNNClient - INFO - 13456 - phase=train acc=0.71025390625 loss=67.2414568066597 epoch=11 and step=80
2026-04-19 23:02:09,231 - SplitNNClient - INFO - 13456 - phase=train acc=0.7131076388888888 loss=75.02091300487518 epoch=11 and step=90
2026-04-19 23:02:21,363 - SplitNNClient - INFO - 13456 - phase=train acc=0.714140625 loss=82.83407825231552 epoch=11 and step=100
2026-04-19 23:02:33,624 - SplitNNClient - INFO - 13456 - phase=train acc=0.7141335227272727 loss=91.15588355064392 epoch=11 and step=110
2026-04-19 23:02:45,740 - SplitNNClient - INFO - 13456 - phase=train acc=0.7139322916666667 loss=99.14831620454788 epoch=11 and step=120
2026-04-19 23:02:48,246 - FedServerManager - INFO - 19484 - get all model params ---- from rank 6
2026-04-19 23:02:58,198 - SplitNNClient - INFO - 14632 - phase=validation acc=0.6314 loss=88.8623251914978 epoch=11 and step=79
2026-04-19 23:02:59,455 - SplitNNClient - INFO - 3180 - phase=validation acc=0.6313 loss=88.88806188106537 epoch=11 and step=79
2026-04-19 23:03:00,754 - SplitNNClient - INFO - 13456 - phase=validation acc=0.6318 loss=88.74613630771637 epoch=11 and step=79
2026-04-19 23:03:04,134 - SplitNNClient - INFO - 23932 - phase=validation acc=0.6314 loss=88.73482757806778 epoch=11 and step=79
2026-04-19 23:03:06,335 - SplitNNClient - INFO - 23172 - phase=validation acc=0.6314 loss=88.85183125734329 epoch=11 and step=79
2026-04-19 23:03:42,620 - SplitNNClient - INFO - 14632 - phase=train acc=0.5609375 loss=12.030269622802734 epoch=12 and step=10
2026-04-19 23:03:47,005 - SplitNNClient - INFO - 3180 - phase=train acc=0.675 loss=9.566124260425568 epoch=12 and step=10
2026-04-19 23:03:50,262 - SplitNNClient - INFO - 13456 - phase=train acc=0.69453125 loss=8.715551137924194 epoch=12 and step=10
2026-04-19 23:03:56,734 - SplitNNClient - INFO - 23932 - phase=train acc=0.65390625 loss=10.296334862709045 epoch=12 and step=10
2026-04-19 23:03:59,975 - SplitNNClient - INFO - 23172 - phase=train acc=0.675 loss=9.226371765136719 epoch=12 and step=10
2026-04-19 23:04:36,885 - SplitNNClient - INFO - 14632 - phase=train acc=0.593359375 loss=21.948132693767548 epoch=12 and step=20
2026-04-19 23:04:41,180 - SplitNNClient - INFO - 3180 - phase=train acc=0.6859375 loss=18.0818652510643 epoch=12 and step=20
2026-04-19 23:04:44,406 - SplitNNClient - INFO - 13456 - phase=train acc=0.709765625 loss=16.466202318668365 epoch=12 and step=20
2026-04-19 23:04:50,843 - SplitNNClient - INFO - 23932 - phase=train acc=0.669140625 loss=19.825697541236877 epoch=12 and step=20
2026-04-19 23:04:54,041 - SplitNNClient - INFO - 23172 - phase=train acc=0.694140625 loss=17.16377490758896 epoch=12 and step=20
2026-04-19 23:05:30,509 - SplitNNClient - INFO - 14632 - phase=train acc=0.60859375 loss=31.371610581874847 epoch=12 and step=30
2026-04-19 23:05:34,888 - SplitNNClient - INFO - 3180 - phase=train acc=0.6838541666666667 loss=27.071496844291687 epoch=12 and step=30
2026-04-19 23:05:38,151 - SplitNNClient - INFO - 13456 - phase=train acc=0.7197916666666667 loss=23.62312924861908 epoch=12 and step=30
2026-04-19 23:05:44,665 - SplitNNClient - INFO - 23932 - phase=train acc=0.68671875 loss=28.279633700847626 epoch=12 and step=30
2026-04-19 23:05:47,892 - SplitNNClient - INFO - 23172 - phase=train acc=0.70703125 loss=24.82657116651535 epoch=12 and step=30
2026-04-19 23:06:24,851 - SplitNNClient - INFO - 14632 - phase=train acc=0.6158203125 loss=40.40650290250778 epoch=12 and step=40
2026-04-19 23:06:29,199 - SplitNNClient - INFO - 3180 - phase=train acc=0.690625 loss=35.269007444381714 epoch=12 and step=40
2026-04-19 23:06:32,475 - SplitNNClient - INFO - 13456 - phase=train acc=0.7234375 loss=31.105398952960968 epoch=12 and step=40
2026-04-19 23:06:38,933 - SplitNNClient - INFO - 23932 - phase=train acc=0.6923828125 loss=36.930881798267365 epoch=12 and step=40
2026-04-19 23:06:42,128 - SplitNNClient - INFO - 23172 - phase=train acc=0.7076171875 loss=32.94000446796417 epoch=12 and step=40
2026-04-19 23:07:18,650 - SplitNNClient - INFO - 14632 - phase=train acc=0.62453125 loss=49.407100439071655 epoch=12 and step=50
2026-04-19 23:07:22,944 - SplitNNClient - INFO - 3180 - phase=train acc=0.6978125 loss=43.31884682178497 epoch=12 and step=50
2026-04-19 23:07:26,144 - SplitNNClient - INFO - 13456 - phase=train acc=0.7290625 loss=38.26211106777191 epoch=12 and step=50
2026-04-19 23:07:32,645 - SplitNNClient - INFO - 23932 - phase=train acc=0.69234375 loss=45.929177701473236 epoch=12 and step=50
2026-04-19 23:07:35,904 - SplitNNClient - INFO - 23172 - phase=train acc=0.7125 loss=40.74286586046219 epoch=12 and step=50
2026-04-19 23:08:10,335 - SplitNNClient - INFO - 3180 - phase=train acc=0.6984375 loss=51.60706079006195 epoch=12 and step=60
2026-04-19 23:08:12,548 - SplitNNClient - INFO - 13456 - phase=train acc=0.7235677083333333 loss=46.70145410299301 epoch=12 and step=60
2026-04-19 23:08:17,926 - SplitNNClient - INFO - 23932 - phase=train acc=0.696875 loss=54.25322091579437 epoch=12 and step=60
2026-04-19 23:08:20,124 - SplitNNClient - INFO - 23172 - phase=train acc=0.7083333333333334 loss=48.98689126968384 epoch=12 and step=60
2026-04-19 23:08:53,460 - SplitNNClient - INFO - 13456 - phase=train acc=0.72421875 loss=54.35138416290283 epoch=12 and step=70
2026-04-19 23:08:56,712 - SplitNNClient - INFO - 23932 - phase=train acc=0.6975446428571429 loss=62.88425278663635 epoch=12 and step=70
2026-04-19 23:09:13,022 - SplitNNClient - INFO - 13456 - phase=train acc=0.723828125 loss=61.855576157569885 epoch=12 and step=80
2026-04-19 23:09:24,955 - SplitNNClient - INFO - 13456 - phase=train acc=0.72578125 loss=69.39820921421051 epoch=12 and step=90
2026-04-19 23:09:36,883 - SplitNNClient - INFO - 13456 - phase=train acc=0.727265625 loss=76.765165746212 epoch=12 and step=100
2026-04-19 23:09:48,906 - SplitNNClient - INFO - 13456 - phase=train acc=0.7294744318181818 loss=84.23776870965958 epoch=12 and step=110
2026-04-19 23:10:01,095 - SplitNNClient - INFO - 13456 - phase=train acc=0.7303385416666667 loss=91.87217223644257 epoch=12 and step=120
2026-04-19 23:10:03,493 - FedServerManager - INFO - 19484 - get all model params ---- from rank 6
2026-04-19 23:10:13,217 - SplitNNClient - INFO - 14632 - phase=validation acc=0.5884 loss=106.16671478748322 epoch=12 and step=79
2026-04-19 23:10:14,568 - SplitNNClient - INFO - 3180 - phase=validation acc=0.5883 loss=105.96708810329437 epoch=12 and step=79
2026-04-19 23:10:14,596 - SplitNNClient - INFO - 23172 - phase=validation acc=0.5883 loss=105.96708810329437 epoch=12 and step=79
2026-04-19 23:10:15,805 - SplitNNClient - INFO - 13456 - phase=validation acc=0.5885 loss=105.81357216835022 epoch=12 and step=79
2026-04-19 23:10:21,371 - SplitNNClient - INFO - 23932 - phase=validation acc=0.5888 loss=105.41306775808334 epoch=12 and step=79
2026-04-19 23:10:57,362 - SplitNNClient - INFO - 14632 - phase=train acc=0.58359375 loss=10.93225347995758 epoch=13 and step=10
2026-04-19 23:11:04,884 - SplitNNClient - INFO - 3180 - phase=train acc=0.6703125 loss=9.285365283489227 epoch=13 and step=10
2026-04-19 23:11:05,977 - SplitNNClient - INFO - 23172 - phase=train acc=0.6921875 loss=8.799638271331787 epoch=13 and step=10
2026-04-19 23:11:07,042 - SplitNNClient - INFO - 13456 - phase=train acc=0.7296875 loss=7.805249750614166 epoch=13 and step=10
2026-04-19 23:11:14,784 - SplitNNClient - INFO - 23932 - phase=train acc=0.678125 loss=9.240185379981995 epoch=13 and step=10
2026-04-19 23:11:51,482 - SplitNNClient - INFO - 14632 - phase=train acc=0.6125 loss=19.69953989982605 epoch=13 and step=20
2026-04-19 23:11:58,988 - SplitNNClient - INFO - 3180 - phase=train acc=0.703515625 loss=16.870961368083954 epoch=13 and step=20
2026-04-19 23:12:00,055 - SplitNNClient - INFO - 23172 - phase=train acc=0.7125 loss=16.107907116413116 epoch=13 and step=20
2026-04-19 23:12:01,088 - SplitNNClient - INFO - 13456 - phase=train acc=0.739453125 loss=14.751513540744781 epoch=13 and step=20
2026-04-19 23:12:08,695 - SplitNNClient - INFO - 23932 - phase=train acc=0.6984375 loss=17.254381597042084 epoch=13 and step=20
2026-04-19 23:12:45,390 - SplitNNClient - INFO - 14632 - phase=train acc=0.6239583333333333 loss=29.150572657585144 epoch=13 and step=30
2026-04-19 23:12:52,908 - SplitNNClient - INFO - 3180 - phase=train acc=0.7088541666666667 loss=24.85553628206253 epoch=13 and step=30
2026-04-19 23:12:53,976 - SplitNNClient - INFO - 23172 - phase=train acc=0.7174479166666666 loss=23.762046575546265 epoch=13 and step=30
2026-04-19 23:12:55,039 - SplitNNClient - INFO - 13456 - phase=train acc=0.7338541666666667 loss=22.386942386627197 epoch=13 and step=30
2026-04-19 23:13:02,667 - SplitNNClient - INFO - 23932 - phase=train acc=0.6994791666666667 loss=25.8100448846817 epoch=13 and step=30
2026-04-19 23:13:39,313 - SplitNNClient - INFO - 14632 - phase=train acc=0.6251953125 loss=38.382967472076416 epoch=13 and step=40
2026-04-19 23:13:46,893 - SplitNNClient - INFO - 3180 - phase=train acc=0.7107421875 loss=32.90038925409317 epoch=13 and step=40
2026-04-19 23:13:47,953 - SplitNNClient - INFO - 23172 - phase=train acc=0.722265625 loss=31.121524035930634 epoch=13 and step=40
2026-04-19 23:13:49,020 - SplitNNClient - INFO - 13456 - phase=train acc=0.7400390625 loss=29.524081885814667 epoch=13 and step=40
2026-04-19 23:13:56,563 - SplitNNClient - INFO - 23932 - phase=train acc=0.699609375 loss=34.720582485198975 epoch=13 and step=40
2026-04-19 23:14:33,353 - SplitNNClient - INFO - 14632 - phase=train acc=0.629375 loss=47.3268666267395 epoch=13 and step=50
2026-04-19 23:14:40,894 - SplitNNClient - INFO - 3180 - phase=train acc=0.71234375 loss=40.59115147590637 epoch=13 and step=50
2026-04-19 23:14:41,987 - SplitNNClient - INFO - 23172 - phase=train acc=0.71875 loss=39.040643095970154 epoch=13 and step=50
2026-04-19 23:14:43,114 - SplitNNClient - INFO - 13456 - phase=train acc=0.74375 loss=36.71907639503479 epoch=13 and step=50
2026-04-19 23:14:50,619 - SplitNNClient - INFO - 23932 - phase=train acc=0.7059375 loss=42.68778657913208 epoch=13 and step=50
2026-04-19 23:15:26,918 - SplitNNClient - INFO - 3180 - phase=train acc=0.7166666666666667 loss=48.21314060688019 epoch=13 and step=60
2026-04-19 23:15:27,987 - SplitNNClient - INFO - 23172 - phase=train acc=0.7247395833333333 loss=46.149754762649536 epoch=13 and step=60
2026-04-19 23:15:29,085 - SplitNNClient - INFO - 13456 - phase=train acc=0.7440104166666667 loss=44.44664239883423 epoch=13 and step=60
2026-04-19 23:15:34,419 - SplitNNClient - INFO - 23932 - phase=train acc=0.7115885416666666 loss=50.79886358976364 epoch=13 and step=60
2026-04-19 23:16:07,876 - SplitNNClient - INFO - 13456 - phase=train acc=0.7446428571428572 loss=51.75672572851181 epoch=13 and step=70
2026-04-19 23:16:11,127 - SplitNNClient - INFO - 23932 - phase=train acc=0.7125 loss=59.14163035154343 epoch=13 and step=70
2026-04-19 23:16:27,541 - SplitNNClient - INFO - 13456 - phase=train acc=0.74521484375 loss=58.74299532175064 epoch=13 and step=80
2026-04-19 23:16:39,350 - SplitNNClient - INFO - 13456 - phase=train acc=0.7439236111111112 loss=66.06762266159058 epoch=13 and step=90
2026-04-19 23:16:51,372 - SplitNNClient - INFO - 13456 - phase=train acc=0.7428125 loss=73.63328284025192 epoch=13 and step=100
2026-04-19 23:17:03,306 - SplitNNClient - INFO - 13456 - phase=train acc=0.7441051136363637 loss=81.00080072879791 epoch=13 and step=110
2026-04-19 23:17:15,127 - SplitNNClient - INFO - 13456 - phase=train acc=0.7452473958333333 loss=87.88855618238449 epoch=13 and step=120
2026-04-19 23:17:17,534 - FedServerManager - INFO - 19484 - get all model params ---- from rank 6
2026-04-19 23:17:27,846 - SplitNNClient - INFO - 14632 - phase=validation acc=0.6199 loss=92.01528203487396 epoch=13 and step=79
2026-04-19 23:17:29,118 - SplitNNClient - INFO - 3180 - phase=validation acc=0.6199 loss=91.9851786494255 epoch=13 and step=79
2026-04-19 23:17:29,237 - SplitNNClient - INFO - 13456 - phase=validation acc=0.6199 loss=91.85756832361221 epoch=13 and step=79
2026-04-19 23:17:33,649 - SplitNNClient - INFO - 23172 - phase=validation acc=0.6206 loss=91.54019194841385 epoch=13 and step=79
2026-04-19 23:17:44,548 - SplitNNClient - INFO - 23932 - phase=validation acc=0.6218 loss=91.67864793539047 epoch=13 and step=79
2026-04-19 23:18:09,483 - SplitNNClient - INFO - 14632 - phase=train acc=0.61328125 loss=10.56115734577179 epoch=14 and step=10
2026-04-19 23:18:13,800 - SplitNNClient - INFO - 3180 - phase=train acc=0.665625 loss=9.344691097736359 epoch=14 and step=10
2026-04-19 23:18:16,990 - SplitNNClient - INFO - 13456 - phase=train acc=0.75234375 loss=7.6375821232795715 epoch=14 and step=10
2026-04-19 23:18:23,412 - SplitNNClient - INFO - 23172 - phase=train acc=0.69609375 loss=8.641425371170044 epoch=14 and step=10
2026-04-19 23:18:37,467 - SplitNNClient - INFO - 23932 - phase=train acc=0.69609375 loss=9.19104665517807 epoch=14 and step=10
2026-04-19 23:19:03,493 - SplitNNClient - INFO - 14632 - phase=train acc=0.630859375 loss=19.799654603004456 epoch=14 and step=20
2026-04-19 23:19:07,791 - SplitNNClient - INFO - 3180 - phase=train acc=0.70234375 loss=16.780059933662415 epoch=14 and step=20
2026-04-19 23:19:10,957 - SplitNNClient - INFO - 13456 - phase=train acc=0.762109375 loss=14.359167456626892 epoch=14 and step=20
2026-04-19 23:19:17,398 - SplitNNClient - INFO - 23172 - phase=train acc=0.73125 loss=15.114235520362854 epoch=14 and step=20
2026-04-19 23:19:31,268 - SplitNNClient - INFO - 23932 - phase=train acc=0.71328125 loss=17.03208714723587 epoch=14 and step=20
2026-04-19 23:19:56,906 - SplitNNClient - INFO - 14632 - phase=train acc=0.6411458333333333 loss=28.574667632579803 epoch=14 and step=30
2026-04-19 23:20:01,164 - SplitNNClient - INFO - 3180 - phase=train acc=0.70390625 loss=25.158906161785126 epoch=14 and step=30
2026-04-19 23:20:04,390 - SplitNNClient - INFO - 13456 - phase=train acc=0.7580729166666667 loss=21.36458945274353 epoch=14 and step=30
2026-04-19 23:20:10,866 - SplitNNClient - INFO - 23172 - phase=train acc=0.7315104166666667 loss=22.48541611433029 epoch=14 and step=30
2026-04-19 23:20:24,847 - SplitNNClient - INFO - 23932 - phase=train acc=0.7161458333333334 loss=25.16108876466751 epoch=14 and step=30
2026-04-19 23:20:50,740 - SplitNNClient - INFO - 14632 - phase=train acc=0.6482421875 loss=37.006240487098694 epoch=14 and step=40
2026-04-19 23:20:55,023 - SplitNNClient - INFO - 3180 - phase=train acc=0.7154296875 loss=32.45204472541809 epoch=14 and step=40
2026-04-19 23:20:58,214 - SplitNNClient - INFO - 13456 - phase=train acc=0.75546875 loss=28.460264265537262 epoch=14 and step=40
2026-04-19 23:21:04,762 - SplitNNClient - INFO - 23172 - phase=train acc=0.7310546875 loss=30.028235912322998 epoch=14 and step=40
2026-04-19 23:21:18,660 - SplitNNClient - INFO - 23932 - phase=train acc=0.720703125 loss=33.165565609931946 epoch=14 and step=40
2026-04-19 23:21:44,360 - SplitNNClient - INFO - 14632 - phase=train acc=0.64890625 loss=46.357430815696716 epoch=14 and step=50
2026-04-19 23:21:48,712 - SplitNNClient - INFO - 3180 - phase=train acc=0.7190625 loss=40.1369868516922 epoch=14 and step=50
2026-04-19 23:21:51,849 - SplitNNClient - INFO - 13456 - phase=train acc=0.76078125 loss=35.09320318698883 epoch=14 and step=50
2026-04-19 23:21:58,348 - SplitNNClient - INFO - 23172 - phase=train acc=0.73734375 loss=36.554407835006714 epoch=14 and step=50
2026-04-19 23:22:11,191 - SplitNNClient - INFO - 23932 - phase=train acc=0.71875 loss=41.53941172361374 epoch=14 and step=50
2026-04-19 23:22:35,880 - SplitNNClient - INFO - 3180 - phase=train acc=0.71953125 loss=48.127352833747864 epoch=14 and step=60
2026-04-19 23:22:38,006 - SplitNNClient - INFO - 13456 - phase=train acc=0.7596354166666667 loss=42.25012707710266 epoch=14 and step=60
2026-04-19 23:22:43,482 - SplitNNClient - INFO - 23172 - phase=train acc=0.73828125 loss=43.75288939476013 epoch=14 and step=60
2026-04-19 23:22:54,215 - SplitNNClient - INFO - 23932 - phase=train acc=0.721875 loss=49.52412885427475 epoch=14 and step=60
2026-04-19 23:23:18,763 - SplitNNClient - INFO - 13456 - phase=train acc=0.7627232142857143 loss=48.69143670797348 epoch=14 and step=70
2026-04-19 23:23:26,305 - SplitNNClient - INFO - 23932 - phase=train acc=0.7228794642857143 loss=57.38763654232025 epoch=14 and step=70
2026-04-19 23:23:40,169 - SplitNNClient - INFO - 13456 - phase=train acc=0.7634765625 loss=55.520392537117004 epoch=14 and step=80
2026-04-19 23:23:52,103 - SplitNNClient - INFO - 13456 - phase=train acc=0.7612847222222222 loss=62.95568722486496 epoch=14 and step=90
2026-04-19 23:24:04,174 - SplitNNClient - INFO - 13456 - phase=train acc=0.758203125 loss=70.55845820903778 epoch=14 and step=100
2026-04-19 23:24:16,140 - SplitNNClient - INFO - 13456 - phase=train acc=0.7598721590909091 loss=76.86242341995239 epoch=14 and step=110
2026-04-19 23:24:28,199 - SplitNNClient - INFO - 13456 - phase=train acc=0.7584635416666666 loss=84.11201024055481 epoch=14 and step=120
2026-04-19 23:24:30,673 - FedServerManager - INFO - 19484 - get all model params ---- from rank 6
2026-04-19 23:24:40,565 - SplitNNClient - INFO - 3180 - phase=validation acc=0.6393 loss=89.28641355037689 epoch=14 and step=79
2026-04-19 23:24:41,907 - SplitNNClient - INFO - 23172 - phase=validation acc=0.6393 loss=89.2628163099289 epoch=14 and step=79
2026-04-19 23:24:45,341 - SplitNNClient - INFO - 14632 - phase=validation acc=0.6398 loss=88.86014080047607 epoch=14 and step=79
2026-04-19 23:24:45,348 - SplitNNClient - INFO - 13456 - phase=validation acc=0.6398 loss=88.86014080047607 epoch=14 and step=79
2026-04-19 23:24:49,741 - SplitNNClient - INFO - 23932 - phase=validation acc=0.641 loss=88.58818084001541 epoch=14 and step=79
2026-04-19 23:25:23,203 - SplitNNClient - INFO - 3180 - phase=train acc=0.725 loss=7.904351532459259 epoch=15 and step=10
2026-04-19 23:25:27,469 - SplitNNClient - INFO - 23172 - phase=train acc=0.75390625 loss=7.200608015060425 epoch=15 and step=10
2026-04-19 23:25:35,025 - SplitNNClient - INFO - 14632 - phase=train acc=0.640625 loss=9.812244772911072 epoch=15 and step=10
2026-04-19 23:25:36,089 - SplitNNClient - INFO - 13456 - phase=train acc=0.728125 loss=7.973936080932617 epoch=15 and step=10
2026-04-19 23:25:42,568 - SplitNNClient - INFO - 23932 - phase=train acc=0.7 loss=8.570458590984344 epoch=15 and step=10
2026-04-19 23:26:17,089 - SplitNNClient - INFO - 3180 - phase=train acc=0.741796875 loss=14.947257339954376 epoch=15 and step=20
2026-04-19 23:26:21,389 - SplitNNClient - INFO - 23172 - phase=train acc=0.754296875 loss=14.2549569606781 epoch=15 and step=20
2026-04-19 23:26:28,946 - SplitNNClient - INFO - 14632 - phase=train acc=0.6640625 loss=18.231067061424255 epoch=15 and step=20
2026-04-19 23:26:30,070 - SplitNNClient - INFO - 13456 - phase=train acc=0.747265625 loss=14.643052875995636 epoch=15 and step=20
2026-04-19 23:26:36,506 - SplitNNClient - INFO - 23932 - phase=train acc=0.726171875 loss=16.337092101573944 epoch=15 and step=20
2026-04-19 23:27:10,958 - SplitNNClient - INFO - 3180 - phase=train acc=0.7463541666666667 loss=21.78191727399826 epoch=15 and step=30
2026-04-19 23:27:15,179 - SplitNNClient - INFO - 23172 - phase=train acc=0.7546875 loss=21.218859434127808 epoch=15 and step=30
2026-04-19 23:27:22,712 - SplitNNClient - INFO - 14632 - phase=train acc=0.665625 loss=26.92127424478531 epoch=15 and step=30
2026-04-19 23:27:23,776 - SplitNNClient - INFO - 13456 - phase=train acc=0.7528645833333333 loss=21.1994366645813 epoch=15 and step=30
2026-04-19 23:27:30,068 - SplitNNClient - INFO - 23932 - phase=train acc=0.7325520833333333 loss=24.048940539360046 epoch=15 and step=30
2026-04-19 23:28:04,272 - SplitNNClient - INFO - 3180 - phase=train acc=0.74921875 loss=28.93775773048401 epoch=15 and step=40
2026-04-19 23:28:08,587 - SplitNNClient - INFO - 23172 - phase=train acc=0.7533203125 loss=28.310359716415405 epoch=15 and step=40
2026-04-19 23:28:15,999 - SplitNNClient - INFO - 14632 - phase=train acc=0.662890625 loss=35.66544443368912 epoch=15 and step=40
2026-04-19 23:28:17,064 - SplitNNClient - INFO - 13456 - phase=train acc=0.7634765625 loss=27.461558401584625 epoch=15 and step=40
2026-04-19 23:28:23,619 - SplitNNClient - INFO - 23932 - phase=train acc=0.733984375 loss=32.05326974391937 epoch=15 and step=40
2026-04-19 23:28:56,658 - SplitNNClient - INFO - 3180 - phase=train acc=0.74953125 loss=36.14232087135315 epoch=15 and step=50
2026-04-19 23:29:00,864 - SplitNNClient - INFO - 23172 - phase=train acc=0.7525 loss=35.34520411491394 epoch=15 and step=50
2026-04-19 23:29:08,347 - SplitNNClient - INFO - 14632 - phase=train acc=0.6671875 loss=43.9193474650383 epoch=15 and step=50
2026-04-19 23:29:09,414 - SplitNNClient - INFO - 13456 - phase=train acc=0.76296875 loss=34.442364513874054 epoch=15 and step=50
2026-04-19 23:29:15,813 - SplitNNClient - INFO - 23932 - phase=train acc=0.735625 loss=39.89804542064667 epoch=15 and step=50
2026-04-19 23:29:46,723 - SplitNNClient - INFO - 3180 - phase=train acc=0.7498697916666667 loss=43.449139416217804 epoch=15 and step=60
2026-04-19 23:29:50,037 - SplitNNClient - INFO - 23172 - phase=train acc=0.7485677083333333 loss=42.51716959476471 epoch=15 and step=60
2026-04-19 23:29:56,454 - SplitNNClient - INFO - 13456 - phase=train acc=0.7657552083333333 loss=40.78295183181763 epoch=15 and step=60
2026-04-19 23:30:01,747 - SplitNNClient - INFO - 23932 - phase=train acc=0.7373697916666667 loss=47.40768826007843 epoch=15 and step=60
2026-04-19 23:30:31,601 - SplitNNClient - INFO - 13456 - phase=train acc=0.7670758928571428 loss=47.13488727807999 epoch=15 and step=70
2026-04-19 23:30:34,734 - SplitNNClient - INFO - 23932 - phase=train acc=0.7388392857142857 loss=55.04130399227142 epoch=15 and step=70
2026-04-19 23:30:51,168 - SplitNNClient - INFO - 13456 - phase=train acc=0.76708984375 loss=53.94000828266144 epoch=15 and step=80
2026-04-19 23:31:03,095 - SplitNNClient - INFO - 13456 - phase=train acc=0.7671875 loss=60.50815409421921 epoch=15 and step=90
2026-04-19 23:31:14,996 - SplitNNClient - INFO - 13456 - phase=train acc=0.76734375 loss=67.27553921937943 epoch=15 and step=100
2026-04-19 23:31:27,028 - SplitNNClient - INFO - 13456 - phase=train acc=0.7647727272727273 loss=74.43806385993958 epoch=15 and step=110
2026-04-19 23:31:39,122 - SplitNNClient - INFO - 13456 - phase=train acc=0.7634114583333333 loss=81.65882402658463 epoch=15 and step=120
2026-04-19 23:31:41,537 - FedServerManager - INFO - 19484 - get all model params ---- from rank 6
2026-04-19 23:31:51,979 - SplitNNClient - INFO - 3180 - phase=validation acc=0.644 loss=86.18662720918655 epoch=15 and step=79
2026-04-19 23:31:53,248 - SplitNNClient - INFO - 13456 - phase=validation acc=0.644 loss=86.10838150978088 epoch=15 and step=79
2026-04-19 23:31:53,281 - SplitNNClient - INFO - 14632 - phase=validation acc=0.644 loss=86.10838150978088 epoch=15 and step=79
2026-04-19 23:31:55,568 - SplitNNClient - INFO - 23932 - phase=validation acc=0.6441 loss=86.05329382419586 epoch=15 and step=79
2026-04-19 23:31:55,572 - SplitNNClient - INFO - 23172 - phase=validation acc=0.6441 loss=86.05329382419586 epoch=15 and step=79
2026-04-19 23:32:38,860 - SplitNNClient - INFO - 3180 - phase=train acc=0.7125 loss=8.071340024471283 epoch=16 and step=10
2026-04-19 23:32:40,996 - SplitNNClient - INFO - 13456 - phase=train acc=0.7484375 loss=7.311489284038544 epoch=16 and step=10
2026-04-19 23:32:45,356 - SplitNNClient - INFO - 14632 - phase=train acc=0.6390625 loss=9.923113465309143 epoch=16 and step=10
2026-04-19 23:32:47,485 - SplitNNClient - INFO - 23932 - phase=train acc=0.696875 loss=8.860078275203705 epoch=16 and step=10
2026-04-19 23:32:48,547 - SplitNNClient - INFO - 23172 - phase=train acc=0.7078125 loss=8.597220420837402 epoch=16 and step=10
2026-04-19 23:33:32,882 - SplitNNClient - INFO - 3180 - phase=train acc=0.73828125 loss=14.687430799007416 epoch=16 and step=20
2026-04-19 23:33:35,080 - SplitNNClient - INFO - 13456 - phase=train acc=0.76875 loss=13.70054006576538 epoch=16 and step=20
2026-04-19 23:33:39,346 - SplitNNClient - INFO - 14632 - phase=train acc=0.64765625 loss=18.98039811849594 epoch=16 and step=20
2026-04-19 23:33:41,444 - SplitNNClient - INFO - 23932 - phase=train acc=0.714453125 loss=16.330978393554688 epoch=16 and step=20
2026-04-19 23:33:42,475 - SplitNNClient - INFO - 23172 - phase=train acc=0.74296875 loss=14.887801676988602 epoch=16 and step=20
2026-04-19 23:34:26,368 - SplitNNClient - INFO - 3180 - phase=train acc=0.7466145833333333 loss=21.89860874414444 epoch=16 and step=30
2026-04-19 23:34:28,499 - SplitNNClient - INFO - 13456 - phase=train acc=0.7674479166666667 loss=20.48658376932144 epoch=16 and step=30
2026-04-19 23:34:32,736 - SplitNNClient - INFO - 14632 - phase=train acc=0.65234375 loss=27.581099033355713 epoch=16 and step=30
2026-04-19 23:34:34,843 - SplitNNClient - INFO - 23932 - phase=train acc=0.7221354166666667 loss=24.168942034244537 epoch=16 and step=30
2026-04-19 23:34:35,876 - SplitNNClient - INFO - 23172 - phase=train acc=0.7450520833333333 loss=21.934918493032455 epoch=16 and step=30
2026-04-19 23:35:19,719 - SplitNNClient - INFO - 3180 - phase=train acc=0.7509765625 loss=28.658296525478363 epoch=16 and step=40
2026-04-19 23:35:21,823 - SplitNNClient - INFO - 13456 - phase=train acc=0.76796875 loss=27.173246443271637 epoch=16 and step=40
2026-04-19 23:35:26,051 - SplitNNClient - INFO - 14632 - phase=train acc=0.662109375 loss=35.48585945367813 epoch=16 and step=40
2026-04-19 23:35:28,201 - SplitNNClient - INFO - 23932 - phase=train acc=0.731640625 loss=31.646823346614838 epoch=16 and step=40
2026-04-19 23:35:29,272 - SplitNNClient - INFO - 23172 - phase=train acc=0.74296875 loss=29.13693729043007 epoch=16 and step=40
2026-04-19 23:36:13,338 - SplitNNClient - INFO - 3180 - phase=train acc=0.7515625 loss=35.7366116642952 epoch=16 and step=50
2026-04-19 23:36:15,556 - SplitNNClient - INFO - 13456 - phase=train acc=0.76875 loss=33.995921075344086 epoch=16 and step=50
2026-04-19 23:36:19,792 - SplitNNClient - INFO - 14632 - phase=train acc=0.6665625 loss=43.40709787607193 epoch=16 and step=50
2026-04-19 23:36:21,931 - SplitNNClient - INFO - 23932 - phase=train acc=0.73484375 loss=39.092334270477295 epoch=16 and step=50
2026-04-19 23:36:22,964 - SplitNNClient - INFO - 23172 - phase=train acc=0.7459375 loss=36.16583177447319 epoch=16 and step=50
2026-04-19 23:37:02,193 - SplitNNClient - INFO - 3180 - phase=train acc=0.7524739583333333 loss=42.93274563550949 epoch=16 and step=60
2026-04-19 23:37:03,252 - SplitNNClient - INFO - 13456 - phase=train acc=0.7673177083333333 loss=40.76051563024521 epoch=16 and step=60
2026-04-19 23:37:08,628 - SplitNNClient - INFO - 23932 - phase=train acc=0.734375 loss=46.637284100055695 epoch=16 and step=60
2026-04-19 23:37:09,694 - SplitNNClient - INFO - 23172 - phase=train acc=0.746875 loss=43.150145679712296 epoch=16 and step=60
2026-04-19 23:37:44,003 - SplitNNClient - INFO - 13456 - phase=train acc=0.7689732142857143 loss=46.74659103155136 epoch=16 and step=70
2026-04-19 23:37:47,194 - SplitNNClient - INFO - 23932 - phase=train acc=0.7385044642857143 loss=53.98720246553421 epoch=16 and step=70
2026-04-19 23:38:03,442 - SplitNNClient - INFO - 13456 - phase=train acc=0.76953125 loss=53.103356689214706 epoch=16 and step=80
2026-04-19 23:38:15,445 - SplitNNClient - INFO - 13456 - phase=train acc=0.7703993055555556 loss=59.978110402822495 epoch=16 and step=90
2026-04-19 23:38:27,399 - SplitNNClient - INFO - 13456 - phase=train acc=0.770546875 loss=66.44042724370956 epoch=16 and step=100
2026-04-19 23:38:39,345 - SplitNNClient - INFO - 13456 - phase=train acc=0.7713068181818182 loss=72.905717253685 epoch=16 and step=110
2026-04-19 23:38:51,393 - SplitNNClient - INFO - 13456 - phase=train acc=0.7713541666666667 loss=79.30460000038147 epoch=16 and step=120
2026-04-19 23:38:53,832 - FedServerManager - INFO - 19484 - get all model params ---- from rank 6
2026-04-19 23:39:04,703 - SplitNNClient - INFO - 14632 - phase=validation acc=0.6625 loss=84.44022077322006 epoch=16 and step=79
2026-04-19 23:39:04,767 - SplitNNClient - INFO - 3180 - phase=validation acc=0.6625 loss=84.44022077322006 epoch=16 and step=79
2026-04-19 23:39:05,948 - SplitNNClient - INFO - 23172 - phase=validation acc=0.6626 loss=84.3910500407219 epoch=16 and step=79
2026-04-19 23:39:07,046 - SplitNNClient - INFO - 13456 - phase=validation acc=0.6629 loss=84.22803455591202 epoch=16 and step=79
2026-04-19 23:39:12,574 - SplitNNClient - INFO - 23932 - phase=validation acc=0.6634 loss=84.07464915513992 epoch=16 and step=79
2026-04-19 23:39:51,418 - SplitNNClient - INFO - 14632 - phase=train acc=0.6453125 loss=9.868776202201843 epoch=17 and step=10
2026-04-19 23:39:53,518 - SplitNNClient - INFO - 3180 - phase=train acc=0.72265625 loss=7.996045291423798 epoch=17 and step=10
2026-04-19 23:39:55,677 - SplitNNClient - INFO - 23172 - phase=train acc=0.76875 loss=6.848622500896454 epoch=17 and step=10
2026-04-19 23:39:57,898 - SplitNNClient - INFO - 13456 - phase=train acc=0.76328125 loss=6.937299609184265 epoch=17 and step=10
2026-04-19 23:40:05,410 - SplitNNClient - INFO - 23932 - phase=train acc=0.7140625 loss=8.636825919151306 epoch=17 and step=10
2026-04-19 23:40:44,801 - SplitNNClient - INFO - 14632 - phase=train acc=0.658203125 loss=18.63590669631958 epoch=17 and step=20
2026-04-19 23:40:46,930 - SplitNNClient - INFO - 3180 - phase=train acc=0.742578125 loss=14.936451017856598 epoch=17 and step=20
2026-04-19 23:40:49,125 - SplitNNClient - INFO - 23172 - phase=train acc=0.778125 loss=12.81243371963501 epoch=17 and step=20
2026-04-19 23:40:51,191 - SplitNNClient - INFO - 13456 - phase=train acc=0.77890625 loss=12.916911333799362 epoch=17 and step=20
2026-04-19 23:40:58,670 - SplitNNClient - INFO - 23932 - phase=train acc=0.740234375 loss=15.505506336688995 epoch=17 and step=20
2026-04-19 23:41:38,320 - SplitNNClient - INFO - 14632 - phase=train acc=0.66328125 loss=27.358706533908844 epoch=17 and step=30
2026-04-19 23:41:40,452 - SplitNNClient - INFO - 3180 - phase=train acc=0.759375 loss=21.1290180683136 epoch=17 and step=30
2026-04-19 23:41:42,578 - SplitNNClient - INFO - 23172 - phase=train acc=0.7703125 loss=19.383772492408752 epoch=17 and step=30
2026-04-19 23:41:44,741 - SplitNNClient - INFO - 13456 - phase=train acc=0.7760416666666666 loss=19.111963838338852 epoch=17 and step=30
2026-04-19 23:41:52,206 - SplitNNClient - INFO - 23932 - phase=train acc=0.7515625 loss=22.27182537317276 epoch=17 and step=30
2026-04-19 23:42:31,691 - SplitNNClient - INFO - 14632 - phase=train acc=0.6685546875 loss=35.302847266197205 epoch=17 and step=40
2026-04-19 23:42:33,769 - SplitNNClient - INFO - 3180 - phase=train acc=0.761328125 loss=27.689204216003418 epoch=17 and step=40
2026-04-19 23:42:35,962 - SplitNNClient - INFO - 23172 - phase=train acc=0.7677734375 loss=26.32998052239418 epoch=17 and step=40
2026-04-19 23:42:38,064 - SplitNNClient - INFO - 13456 - phase=train acc=0.7771484375 loss=25.559967160224915 epoch=17 and step=40
2026-04-19 23:42:45,502 - SplitNNClient - INFO - 23932 - phase=train acc=0.7517578125 loss=29.71804565191269 epoch=17 and step=40
2026-04-19 23:43:24,882 - SplitNNClient - INFO - 14632 - phase=train acc=0.67546875 loss=42.914638340473175 epoch=17 and step=50
2026-04-19 23:43:27,007 - SplitNNClient - INFO - 3180 - phase=train acc=0.76140625 loss=34.65878278017044 epoch=17 and step=50
2026-04-19 23:43:29,144 - SplitNNClient - INFO - 23172 - phase=train acc=0.76515625 loss=32.740732699632645 epoch=17 and step=50
2026-04-19 23:43:31,333 - SplitNNClient - INFO - 13456 - phase=train acc=0.77484375 loss=32.357254922389984 epoch=17 and step=50
2026-04-19 23:43:38,821 - SplitNNClient - INFO - 23932 - phase=train acc=0.75171875 loss=37.14966177940369 epoch=17 and step=50
2026-04-19 23:44:14,020 - SplitNNClient - INFO - 3180 - phase=train acc=0.7611979166666667 loss=41.86391079425812 epoch=17 and step=60
2026-04-19 23:44:16,158 - SplitNNClient - INFO - 23172 - phase=train acc=0.7647135416666667 loss=39.55178174376488 epoch=17 and step=60
2026-04-19 23:44:17,187 - SplitNNClient - INFO - 13456 - phase=train acc=0.77109375 loss=39.32273292541504 epoch=17 and step=60
2026-04-19 23:44:23,543 - SplitNNClient - INFO - 23932 - phase=train acc=0.7483072916666667 loss=45.396181523799896 epoch=17 and step=60
2026-04-19 23:44:55,432 - SplitNNClient - INFO - 13456 - phase=train acc=0.7754464285714285 loss=45.26145422458649 epoch=17 and step=70
2026-04-19 23:44:58,595 - SplitNNClient - INFO - 23932 - phase=train acc=0.7485491071428572 loss=52.656373143196106 epoch=17 and step=70
2026-04-19 23:45:14,994 - SplitNNClient - INFO - 13456 - phase=train acc=0.77841796875 loss=51.265075743198395 epoch=17 and step=80
2026-04-19 23:45:27,025 - SplitNNClient - INFO - 13456 - phase=train acc=0.7807291666666667 loss=57.29750049114227 epoch=17 and step=90
2026-04-19 23:45:38,996 - SplitNNClient - INFO - 13456 - phase=train acc=0.780625 loss=63.679211497306824 epoch=17 and step=100
2026-04-19 23:45:50,878 - SplitNNClient - INFO - 13456 - phase=train acc=0.7807528409090909 loss=70.1645558476448 epoch=17 and step=110
2026-04-19 23:46:02,886 - SplitNNClient - INFO - 13456 - phase=train acc=0.7831380208333333 loss=75.78612786531448 epoch=17 and step=120
2026-04-19 23:46:05,317 - FedServerManager - INFO - 19484 - get all model params ---- from rank 6
2026-04-19 23:46:15,253 - SplitNNClient - INFO - 14632 - phase=validation acc=0.6595 loss=84.45843297243118 epoch=17 and step=79
2026-04-19 23:46:20,506 - SplitNNClient - INFO - 23172 - phase=validation acc=0.6618 loss=83.48386836051941 epoch=17 and step=79
2026-04-19 23:46:20,511 - SplitNNClient - INFO - 13456 - phase=validation acc=0.6618 loss=83.48386836051941 epoch=17 and step=79
2026-04-19 23:46:20,511 - SplitNNClient - INFO - 3180 - phase=validation acc=0.6619 loss=83.40617525577545 epoch=17 and step=79
2026-04-19 23:46:28,212 - SplitNNClient - INFO - 23932 - phase=validation acc=0.6626 loss=83.4446250796318 epoch=17 and step=79
2026-04-19 23:46:46,525 - SplitNNClient - INFO - 14632 - phase=train acc=0.63203125 loss=9.992979526519775 epoch=18 and step=10
2026-04-19 23:47:09,142 - SplitNNClient - INFO - 3180 - phase=train acc=0.71015625 loss=8.086149156093597 epoch=18 and step=10
2026-04-19 23:47:10,203 - SplitNNClient - INFO - 23172 - phase=train acc=0.71953125 loss=7.947177529335022 epoch=18 and step=10
2026-04-19 23:47:12,274 - SplitNNClient - INFO - 13456 - phase=train acc=0.771875 loss=6.7748066782951355 epoch=18 and step=10
2026-04-19 23:47:21,858 - SplitNNClient - INFO - 23932 - phase=train acc=0.70546875 loss=8.887462437152863 epoch=18 and step=10
2026-04-19 23:47:40,088 - SplitNNClient - INFO - 14632 - phase=train acc=0.659375 loss=18.216548323631287 epoch=18 and step=20
2026-04-19 23:48:02,527 - SplitNNClient - INFO - 3180 - phase=train acc=0.734765625 loss=14.933590352535248 epoch=18 and step=20
2026-04-19 23:48:03,562 - SplitNNClient - INFO - 23172 - phase=train acc=0.753515625 loss=14.118351221084595 epoch=18 and step=20
2026-04-19 23:48:05,656 - SplitNNClient - INFO - 13456 - phase=train acc=0.77890625 loss=12.935254991054535 epoch=18 and step=20
2026-04-19 23:48:15,182 - SplitNNClient - INFO - 23932 - phase=train acc=0.727734375 loss=16.14030557870865 epoch=18 and step=20
2026-04-19 23:48:33,423 - SplitNNClient - INFO - 14632 - phase=train acc=0.67109375 loss=26.08369392156601 epoch=18 and step=30
2026-04-19 23:48:55,701 - SplitNNClient - INFO - 3180 - phase=train acc=0.7466145833333333 loss=21.532045125961304 epoch=18 and step=30
2026-04-19 23:48:56,736 - SplitNNClient - INFO - 23172 - phase=train acc=0.7658854166666667 loss=20.123660922050476 epoch=18 and step=30
2026-04-19 23:48:58,869 - SplitNNClient - INFO - 13456 - phase=train acc=0.78828125 loss=18.98924246430397 epoch=18 and step=30
2026-04-19 23:49:08,426 - SplitNNClient - INFO - 23932 - phase=train acc=0.7375 loss=23.4868186712265 epoch=18 and step=30
2026-04-19 23:49:26,437 - SplitNNClient - INFO - 14632 - phase=train acc=0.6759765625 loss=34.17571097612381 epoch=18 and step=40
2026-04-19 23:49:49,044 - SplitNNClient - INFO - 3180 - phase=train acc=0.7515625 loss=27.98503988981247 epoch=18 and step=40
2026-04-19 23:49:50,109 - SplitNNClient - INFO - 23172 - phase=train acc=0.7681640625 loss=26.32193037867546 epoch=18 and step=40
2026-04-19 23:49:52,199 - SplitNNClient - INFO - 13456 - phase=train acc=0.787890625 loss=25.47311607003212 epoch=18 and step=40
2026-04-19 23:50:01,793 - SplitNNClient - INFO - 23932 - phase=train acc=0.7416015625 loss=30.82421898841858 epoch=18 and step=40
2026-04-19 23:50:19,924 - SplitNNClient - INFO - 14632 - phase=train acc=0.67484375 loss=42.532369673252106 epoch=18 and step=50
2026-04-19 23:50:42,499 - SplitNNClient - INFO - 3180 - phase=train acc=0.756875 loss=34.49053543806076 epoch=18 and step=50
2026-04-19 23:50:43,563 - SplitNNClient - INFO - 23172 - phase=train acc=0.77375 loss=32.350619077682495 epoch=18 and step=50
2026-04-19 23:50:45,726 - SplitNNClient - INFO - 13456 - phase=train acc=0.7903125 loss=31.419598013162613 epoch=18 and step=50
2026-04-19 23:50:53,133 - SplitNNClient - INFO - 23932 - phase=train acc=0.74734375 loss=37.6442044377327 epoch=18 and step=50
2026-04-19 23:51:25,167 - SplitNNClient - INFO - 3180 - phase=train acc=0.7592447916666667 loss=41.130567729473114 epoch=18 and step=60
2026-04-19 23:51:26,205 - SplitNNClient - INFO - 23172 - phase=train acc=0.7716145833333333 loss=38.989432752132416 epoch=18 and step=60
2026-04-19 23:51:28,302 - SplitNNClient - INFO - 13456 - phase=train acc=0.7877604166666666 loss=37.74731370806694 epoch=18 and step=60
2026-04-19 23:51:35,731 - SplitNNClient - INFO - 23932 - phase=train acc=0.7502604166666667 loss=44.659088492393494 epoch=18 and step=60
2026-04-19 23:52:06,593 - SplitNNClient - INFO - 13456 - phase=train acc=0.7890625 loss=43.64788457751274 epoch=18 and step=70
2026-04-19 23:52:09,857 - SplitNNClient - INFO - 23932 - phase=train acc=0.7530133928571429 loss=51.7125638127327 epoch=18 and step=70
2026-04-19 23:52:25,947 - SplitNNClient - INFO - 13456 - phase=train acc=0.7904296875 loss=49.322579234838486 epoch=18 and step=80
2026-04-19 23:52:37,859 - SplitNNClient - INFO - 13456 - phase=train acc=0.7907118055555555 loss=55.48663130402565 epoch=18 and step=90
2026-04-19 23:52:49,785 - SplitNNClient - INFO - 13456 - phase=train acc=0.790859375 loss=61.51299825310707 epoch=18 and step=100
2026-04-19 23:53:01,812 - SplitNNClient - INFO - 13456 - phase=train acc=0.7900568181818182 loss=67.92365220189095 epoch=18 and step=110
2026-04-19 23:53:13,808 - SplitNNClient - INFO - 13456 - phase=train acc=0.7899088541666667 loss=73.83887335658073 epoch=18 and step=120
2026-04-19 23:53:16,270 - FedServerManager - INFO - 19484 - get all model params ---- from rank 6
2026-04-19 23:53:26,066 - SplitNNClient - INFO - 14632 - phase=validation acc=0.6576 loss=86.2801439166069 epoch=18 and step=79
2026-04-19 23:53:28,761 - SplitNNClient - INFO - 3180 - phase=validation acc=0.6584 loss=85.72285658121109 epoch=18 and step=79
2026-04-19 23:53:28,792 - SplitNNClient - INFO - 13456 - phase=validation acc=0.6584 loss=85.72285658121109 epoch=18 and step=79
2026-04-19 23:53:31,101 - SplitNNClient - INFO - 23932 - phase=validation acc=0.6588 loss=85.51322203874588 epoch=18 and step=79
2026-04-19 23:53:32,207 - SplitNNClient - INFO - 23172 - phase=validation acc=0.6588 loss=85.54764145612717 epoch=18 and step=79
2026-04-19 23:54:07,650 - SplitNNClient - INFO - 14632 - phase=train acc=0.65625 loss=9.428045094013214 epoch=19 and step=10
2026-04-19 23:54:16,329 - SplitNNClient - INFO - 3180 - phase=train acc=0.73359375 loss=7.619454622268677 epoch=19 and step=10
2026-04-19 23:54:20,618 - SplitNNClient - INFO - 13456 - phase=train acc=0.75546875 loss=6.41178822517395 epoch=19 and step=10
2026-04-19 23:54:22,754 - SplitNNClient - INFO - 23932 - phase=train acc=0.72890625 loss=8.125313103199005 epoch=19 and step=10
2026-04-19 23:54:24,895 - SplitNNClient - INFO - 23172 - phase=train acc=0.7625 loss=6.713578999042511 epoch=19 and step=10
2026-04-19 23:55:00,869 - SplitNNClient - INFO - 14632 - phase=train acc=0.674609375 loss=17.152758717536926 epoch=19 and step=20
2026-04-19 23:55:09,452 - SplitNNClient - INFO - 3180 - phase=train acc=0.758984375 loss=13.639229476451874 epoch=19 and step=20
2026-04-19 23:55:13,709 - SplitNNClient - INFO - 13456 - phase=train acc=0.782421875 loss=12.194562941789627 epoch=19 and step=20
2026-04-19 23:55:15,871 - SplitNNClient - INFO - 23932 - phase=train acc=0.752734375 loss=14.708896458148956 epoch=19 and step=20
2026-04-19 23:55:18,055 - SplitNNClient - INFO - 23172 - phase=train acc=0.773046875 loss=12.98935616016388 epoch=19 and step=20
2026-04-19 23:55:54,401 - SplitNNClient - INFO - 14632 - phase=train acc=0.6822916666666666 loss=24.856579661369324 epoch=19 and step=30
2026-04-19 23:56:02,920 - SplitNNClient - INFO - 3180 - phase=train acc=0.7653645833333333 loss=19.923151552677155 epoch=19 and step=30
2026-04-19 23:56:07,275 - SplitNNClient - INFO - 13456 - phase=train acc=0.7809895833333333 loss=18.321771770715714 epoch=19 and step=30
2026-04-19 23:56:09,405 - SplitNNClient - INFO - 23932 - phase=train acc=0.75625 loss=21.508038759231567 epoch=19 and step=30
2026-04-19 23:56:11,505 - SplitNNClient - INFO - 23172 - phase=train acc=0.7776041666666667 loss=18.832956552505493 epoch=19 and step=30
2026-04-19 23:56:47,810 - SplitNNClient - INFO - 14632 - phase=train acc=0.6951171875 loss=32.24347960948944 epoch=19 and step=40
2026-04-19 23:56:56,366 - SplitNNClient - INFO - 3180 - phase=train acc=0.768359375 loss=26.7414733171463 epoch=19 and step=40
2026-04-19 23:57:00,629 - SplitNNClient - INFO - 13456 - phase=train acc=0.7861328125 loss=23.755528926849365 epoch=19 and step=40
2026-04-19 23:57:02,739 - SplitNNClient - INFO - 23932 - phase=train acc=0.7609375 loss=28.43547171354294 epoch=19 and step=40
2026-04-19 23:57:04,897 - SplitNNClient - INFO - 23172 - phase=train acc=0.783203125 loss=24.849420130252838 epoch=19 and step=40
2026-04-19 23:57:41,256 - SplitNNClient - INFO - 14632 - phase=train acc=0.69890625 loss=40.02201992273331 epoch=19 and step=50
2026-04-19 23:57:49,719 - SplitNNClient - INFO - 3180 - phase=train acc=0.77015625 loss=32.9814590215683 epoch=19 and step=50
2026-04-19 23:57:53,971 - SplitNNClient - INFO - 13456 - phase=train acc=0.7871875 loss=29.703197062015533 epoch=19 and step=50
2026-04-19 23:57:56,098 - SplitNNClient - INFO - 23932 - phase=train acc=0.761875 loss=35.45654624700546 epoch=19 and step=50
2026-04-19 23:57:58,253 - SplitNNClient - INFO - 23172 - phase=train acc=0.78171875 loss=30.990836888551712 epoch=19 and step=50
2026-04-19 23:58:35,571 - SplitNNClient - INFO - 3180 - phase=train acc=0.7723958333333333 loss=39.51745426654816 epoch=19 and step=60
2026-04-19 23:58:38,791 - SplitNNClient - INFO - 13456 - phase=train acc=0.7877604166666666 loss=35.676003098487854 epoch=19 and step=60
2026-04-19 23:58:40,886 - SplitNNClient - INFO - 23932 - phase=train acc=0.7610677083333334 loss=42.68582147359848 epoch=19 and step=60
2026-04-19 23:58:41,948 - SplitNNClient - INFO - 23172 - phase=train acc=0.7815104166666667 loss=37.13986390829086 epoch=19 and step=60
2026-04-19 23:59:18,026 - SplitNNClient - INFO - 13456 - phase=train acc=0.7901785714285714 loss=41.266023963689804 epoch=19 and step=70
2026-04-19 23:59:19,086 - SplitNNClient - INFO - 23932 - phase=train acc=0.7638392857142857 loss=49.09421622753143 epoch=19 and step=70
2026-04-19 23:59:36,395 - SplitNNClient - INFO - 13456 - phase=train acc=0.79208984375 loss=47.11748966574669 epoch=19 and step=80
2026-04-19 23:59:48,245 - SplitNNClient - INFO - 13456 - phase=train acc=0.79296875 loss=53.05803921818733 epoch=19 and step=90
2026-04-20 00:00:00,262 - SplitNNClient - INFO - 13456 - phase=train acc=0.79234375 loss=59.16958969831467 epoch=19 and step=100
2026-04-20 00:00:12,235 - SplitNNClient - INFO - 13456 - phase=train acc=0.7941761363636364 loss=64.53773409128189 epoch=19 and step=110
2026-04-20 00:00:24,167 - SplitNNClient - INFO - 13456 - phase=train acc=0.7942057291666667 loss=70.51889243721962 epoch=19 and step=120
2026-04-20 00:00:26,554 - FedServerManager - INFO - 19484 - get all model params ---- from rank 6
2026-04-20 00:00:36,253 - SplitNNClient - INFO - 13456 - phase=validation acc=0.6709 loss=82.17687684297562 epoch=19 and step=79
2026-04-20 00:00:36,290 - SplitNNClient - INFO - 14632 - phase=validation acc=0.6709 loss=82.17687684297562 epoch=19 and step=79
2026-04-20 00:00:37,535 - SplitNNClient - INFO - 3180 - phase=validation acc=0.6709 loss=82.18305623531342 epoch=19 and step=79
2026-04-20 00:00:40,826 - SplitNNClient - INFO - 23172 - phase=validation acc=0.671 loss=82.09631907939911 epoch=19 and step=79
2026-04-20 00:00:49,511 - SplitNNClient - INFO - 23932 - phase=validation acc=0.6715 loss=81.65365409851074 epoch=19 and step=79
2026-04-20 00:01:21,763 - SplitNNClient - INFO - 13456 - phase=train acc=0.809375 loss=5.7883685529232025 epoch=20 and step=10
2026-04-20 00:01:22,828 - SplitNNClient - INFO - 14632 - phase=train acc=0.6390625 loss=9.365209460258484 epoch=20 and step=10
2026-04-20 00:01:23,921 - SplitNNClient - INFO - 3180 - phase=train acc=0.7421875 loss=7.1963794231414795 epoch=20 and step=10
2026-04-20 00:01:30,235 - SplitNNClient - INFO - 23172 - phase=train acc=0.76796875 loss=6.4973549246788025 epoch=20 and step=10
2026-04-20 00:01:42,100 - SplitNNClient - INFO - 23932 - phase=train acc=0.75703125 loss=7.5253212451934814 epoch=20 and step=10
2026-04-20 00:02:15,218 - SplitNNClient - INFO - 13456 - phase=train acc=0.807421875 loss=11.380253612995148 epoch=20 and step=20
2026-04-20 00:02:16,289 - SplitNNClient - INFO - 14632 - phase=train acc=0.6671875 loss=17.12817919254303 epoch=20 and step=20
2026-04-20 00:02:17,359 - SplitNNClient - INFO - 3180 - phase=train acc=0.765625 loss=13.207585632801056 epoch=20 and step=20
2026-04-20 00:02:23,818 - SplitNNClient - INFO - 23172 - phase=train acc=0.7828125 loss=12.236917972564697 epoch=20 and step=20
2026-04-20 00:02:35,548 - SplitNNClient - INFO - 23932 - phase=train acc=0.75625 loss=14.713457763195038 epoch=20 and step=20
2026-04-20 00:03:08,818 - SplitNNClient - INFO - 13456 - phase=train acc=0.8033854166666666 loss=17.563225507736206 epoch=20 and step=30
2026-04-20 00:03:09,887 - SplitNNClient - INFO - 14632 - phase=train acc=0.6825520833333333 loss=24.621686577796936 epoch=20 and step=30
2026-04-20 00:03:10,950 - SplitNNClient - INFO - 3180 - phase=train acc=0.7736979166666667 loss=19.197710692882538 epoch=20 and step=30
2026-04-20 00:03:17,313 - SplitNNClient - INFO - 23172 - phase=train acc=0.7825520833333334 loss=18.266537219285965 epoch=20 and step=30
2026-04-20 00:03:29,071 - SplitNNClient - INFO - 23932 - phase=train acc=0.7640625 loss=21.477365732192993 epoch=20 and step=30
2026-04-20 00:04:02,053 - SplitNNClient - INFO - 13456 - phase=train acc=0.7994140625 loss=23.36315566301346 epoch=20 and step=40
2026-04-20 00:04:03,156 - SplitNNClient - INFO - 14632 - phase=train acc=0.6892578125 loss=32.11724245548248 epoch=20 and step=40
2026-04-20 00:04:04,249 - SplitNNClient - INFO - 3180 - phase=train acc=0.776953125 loss=25.257779479026794 epoch=20 and step=40
2026-04-20 00:04:10,571 - SplitNNClient - INFO - 23172 - phase=train acc=0.787890625 loss=23.88807061314583 epoch=20 and step=40
2026-04-20 00:04:22,414 - SplitNNClient - INFO - 23932 - phase=train acc=0.7705078125 loss=27.8166481256485 epoch=20 and step=40
2026-04-20 00:04:55,637 - SplitNNClient - INFO - 13456 - phase=train acc=0.8009375 loss=28.94933831691742 epoch=20 and step=50
2026-04-20 00:04:56,796 - SplitNNClient - INFO - 14632 - phase=train acc=0.69515625 loss=39.6654611825943 epoch=20 and step=50
2026-04-20 00:04:57,862 - SplitNNClient - INFO - 3180 - phase=train acc=0.78359375 loss=30.689025402069092 epoch=20 and step=50
2026-04-20 00:05:04,316 - SplitNNClient - INFO - 23172 - phase=train acc=0.78859375 loss=29.69918194413185 epoch=20 and step=50
2026-04-20 00:05:16,033 - SplitNNClient - INFO - 23932 - phase=train acc=0.774375 loss=34.30366551876068 epoch=20 and step=50
2026-04-20 00:05:43,915 - SplitNNClient - INFO - 13456 - phase=train acc=0.7998697916666667 loss=34.929168820381165 epoch=20 and step=60
2026-04-20 00:05:44,953 - SplitNNClient - INFO - 3180 - phase=train acc=0.782421875 loss=36.89271068572998 epoch=20 and step=60
2026-04-20 00:05:50,279 - SplitNNClient - INFO - 23172 - phase=train acc=0.784375 loss=36.227387338876724 epoch=20 and step=60
2026-04-20 00:05:59,730 - SplitNNClient - INFO - 23932 - phase=train acc=0.77421875 loss=41.05119460821152 epoch=20 and step=60
2026-04-20 00:06:25,312 - SplitNNClient - INFO - 13456 - phase=train acc=0.8002232142857143 loss=40.723649740219116 epoch=20 and step=70
2026-04-20 00:06:32,852 - SplitNNClient - INFO - 23932 - phase=train acc=0.7747767857142858 loss=47.60474991798401 epoch=20 and step=70
2026-04-20 00:06:46,661 - SplitNNClient - INFO - 13456 - phase=train acc=0.79814453125 loss=46.67409074306488 epoch=20 and step=80
2026-04-20 00:06:58,729 - SplitNNClient - INFO - 13456 - phase=train acc=0.8019097222222222 loss=51.84929937124252 epoch=20 and step=90
2026-04-20 00:07:10,771 - SplitNNClient - INFO - 13456 - phase=train acc=0.800390625 loss=57.91162317991257 epoch=20 and step=100
2026-04-20 00:07:22,816 - SplitNNClient - INFO - 13456 - phase=train acc=0.8002130681818181 loss=63.683115392923355 epoch=20 and step=110
2026-04-20 00:07:34,743 - SplitNNClient - INFO - 13456 - phase=train acc=0.7996744791666667 loss=69.74191391468048 epoch=20 and step=120
2026-04-20 00:07:37,194 - FedServerManager - INFO - 19484 - get all model params ---- from rank 6
2026-04-20 00:07:47,931 - SplitNNClient - INFO - 3180 - phase=validation acc=0.6809 loss=77.34867578744888 epoch=20 and step=79
2026-04-20 00:07:47,937 - SplitNNClient - INFO - 23172 - phase=validation acc=0.6809 loss=77.34867578744888 epoch=20 and step=79
2026-04-20 00:07:47,991 - SplitNNClient - INFO - 14632 - phase=validation acc=0.6809 loss=77.34867578744888 epoch=20 and step=79
2026-04-20 00:07:53,695 - SplitNNClient - INFO - 13456 - phase=validation acc=0.6817 loss=76.92510586977005 epoch=20 and step=79
2026-04-20 00:07:55,852 - SplitNNClient - INFO - 23932 - phase=validation acc=0.6826 loss=76.97884690761566 epoch=20 and step=79
2026-04-20 00:08:33,805 - SplitNNClient - INFO - 3180 - phase=train acc=0.75625 loss=6.57684201002121 epoch=21 and step=10
2026-04-20 00:08:35,938 - SplitNNClient - INFO - 23172 - phase=train acc=0.7875 loss=6.07420739531517 epoch=21 and step=10
2026-04-20 00:08:36,997 - SplitNNClient - INFO - 14632 - phase=train acc=0.68359375 loss=8.54367345571518 epoch=21 and step=10
2026-04-20 00:08:45,603 - SplitNNClient - INFO - 13456 - phase=train acc=0.7921875 loss=6.625835627317429 epoch=21 and step=10
2026-04-20 00:08:48,753 - SplitNNClient - INFO - 23932 - phase=train acc=0.75859375 loss=7.299626022577286 epoch=21 and step=10
2026-04-20 00:09:27,242 - SplitNNClient - INFO - 3180 - phase=train acc=0.78046875 loss=12.269954323768616 epoch=21 and step=20
2026-04-20 00:09:29,347 - SplitNNClient - INFO - 23172 - phase=train acc=0.7890625 loss=11.818620949983597 epoch=21 and step=20
2026-04-20 00:09:30,441 - SplitNNClient - INFO - 14632 - phase=train acc=0.690625 loss=16.247571051120758 epoch=21 and step=20
2026-04-20 00:09:39,060 - SplitNNClient - INFO - 13456 - phase=train acc=0.80703125 loss=11.869592785835266 epoch=21 and step=20
2026-04-20 00:09:42,257 - SplitNNClient - INFO - 23932 - phase=train acc=0.771875 loss=13.53685948252678 epoch=21 and step=20
2026-04-20 00:10:20,825 - SplitNNClient - INFO - 3180 - phase=train acc=0.7856770833333333 loss=18.38329815864563 epoch=21 and step=30
2026-04-20 00:10:22,862 - SplitNNClient - INFO - 23172 - phase=train acc=0.79453125 loss=17.564049750566483 epoch=21 and step=30
2026-04-20 00:10:23,959 - SplitNNClient - INFO - 14632 - phase=train acc=0.7052083333333333 loss=23.762504160404205 epoch=21 and step=30
2026-04-20 00:10:32,461 - SplitNNClient - INFO - 13456 - phase=train acc=0.8072916666666666 loss=17.496040850877762 epoch=21 and step=30
2026-04-20 00:10:35,624 - SplitNNClient - INFO - 23932 - phase=train acc=0.7809895833333333 loss=19.73916032910347 epoch=21 and step=30
2026-04-20 00:11:14,057 - SplitNNClient - INFO - 3180 - phase=train acc=0.7919921875 loss=24.042541652917862 epoch=21 and step=40
2026-04-20 00:11:16,134 - SplitNNClient - INFO - 23172 - phase=train acc=0.798046875 loss=23.02712655067444 epoch=21 and step=40
2026-04-20 00:11:17,204 - SplitNNClient - INFO - 14632 - phase=train acc=0.7080078125 loss=31.17527949810028 epoch=21 and step=40
2026-04-20 00:11:25,751 - SplitNNClient - INFO - 13456 - phase=train acc=0.805078125 loss=23.306260138750076 epoch=21 and step=40
2026-04-20 00:11:28,954 - SplitNNClient - INFO - 23932 - phase=train acc=0.778515625 loss=26.38528773188591 epoch=21 and step=40
2026-04-20 00:12:07,245 - SplitNNClient - INFO - 3180 - phase=train acc=0.7884375 loss=30.5153691470623 epoch=21 and step=50
2026-04-20 00:12:09,403 - SplitNNClient - INFO - 23172 - phase=train acc=0.8 loss=28.46354576945305 epoch=21 and step=50
2026-04-20 00:12:10,468 - SplitNNClient - INFO - 14632 - phase=train acc=0.71125 loss=38.46440523862839 epoch=21 and step=50
2026-04-20 00:12:18,864 - SplitNNClient - INFO - 13456 - phase=train acc=0.805 loss=29.117706924676895 epoch=21 and step=50
2026-04-20 00:12:22,077 - SplitNNClient - INFO - 23932 - phase=train acc=0.779375 loss=32.801113694906235 epoch=21 and step=50
2026-04-20 00:12:55,226 - SplitNNClient - INFO - 3180 - phase=train acc=0.7884114583333334 loss=36.61641985177994 epoch=21 and step=60
2026-04-20 00:12:57,369 - SplitNNClient - INFO - 23172 - phase=train acc=0.8002604166666667 loss=34.17949232459068 epoch=21 and step=60
2026-04-20 00:13:05,072 - SplitNNClient - INFO - 13456 - phase=train acc=0.8052083333333333 loss=34.62741219997406 epoch=21 and step=60
2026-04-20 00:13:07,242 - SplitNNClient - INFO - 23932 - phase=train acc=0.776953125 loss=39.44094589352608 epoch=21 and step=60
2026-04-20 00:13:40,535 - SplitNNClient - INFO - 13456 - phase=train acc=0.8063616071428571 loss=39.996749460697174 epoch=21 and step=70
2026-04-20 00:13:41,629 - SplitNNClient - INFO - 23932 - phase=train acc=0.7796875 loss=45.540258795022964 epoch=21 and step=70
2026-04-20 00:13:59,237 - SplitNNClient - INFO - 13456 - phase=train acc=0.80615234375 loss=45.45044302940369 epoch=21 and step=80
2026-04-20 00:14:11,274 - SplitNNClient - INFO - 13456 - phase=train acc=0.8048611111111111 loss=51.07630208134651 epoch=21 and step=90
2026-04-20 00:14:23,347 - SplitNNClient - INFO - 13456 - phase=train acc=0.80546875 loss=56.367377042770386 epoch=21 and step=100
2026-04-20 00:14:35,270 - SplitNNClient - INFO - 13456 - phase=train acc=0.8064630681818182 loss=61.8344948887825 epoch=21 and step=110
2026-04-20 00:14:47,438 - SplitNNClient - INFO - 13456 - phase=train acc=0.8057291666666667 loss=67.70597648620605 epoch=21 and step=120
2026-04-20 00:14:49,881 - FedServerManager - INFO - 19484 - get all model params ---- from rank 6
2026-04-20 00:15:00,796 - SplitNNClient - INFO - 3180 - phase=validation acc=0.6805 loss=78.16641813516617 epoch=21 and step=79
2026-04-20 00:15:00,833 - SplitNNClient - INFO - 14632 - phase=validation acc=0.6805 loss=78.16641813516617 epoch=21 and step=79
2026-04-20 00:15:04,320 - SplitNNClient - INFO - 13456 - phase=validation acc=0.6808 loss=77.77391415834427 epoch=21 and step=79
2026-04-20 00:15:05,427 - SplitNNClient - INFO - 23172 - phase=validation acc=0.6806 loss=77.56195396184921 epoch=21 and step=79
2026-04-20 00:15:05,460 - SplitNNClient - INFO - 23932 - phase=validation acc=0.6806 loss=77.56195396184921 epoch=21 and step=79
2026-04-20 00:15:45,984 - SplitNNClient - INFO - 3180 - phase=train acc=0.7765625 loss=6.517509192228317 epoch=22 and step=10
2026-04-20 00:15:49,303 - SplitNNClient - INFO - 14632 - phase=train acc=0.66328125 loss=8.661595165729523 epoch=22 and step=10
2026-04-20 00:15:55,824 - SplitNNClient - INFO - 13456 - phase=train acc=0.8046875 loss=5.680645912885666 epoch=22 and step=10
2026-04-20 00:15:57,936 - SplitNNClient - INFO - 23172 - phase=train acc=0.76171875 loss=6.886438816785812 epoch=22 and step=10
2026-04-20 00:15:58,974 - SplitNNClient - INFO - 23932 - phase=train acc=0.74453125 loss=7.21380889415741 epoch=22 and step=10
2026-04-20 00:16:39,569 - SplitNNClient - INFO - 3180 - phase=train acc=0.793359375 loss=11.809381812810898 epoch=22 and step=20
2026-04-20 00:16:42,787 - SplitNNClient - INFO - 14632 - phase=train acc=0.6953125 loss=15.80445271730423 epoch=22 and step=20
2026-04-20 00:16:49,275 - SplitNNClient - INFO - 13456 - phase=train acc=0.813671875 loss=10.900112807750702 epoch=22 and step=20
2026-04-20 00:16:51,408 - SplitNNClient - INFO - 23172 - phase=train acc=0.78125 loss=12.366277664899826 epoch=22 and step=20
2026-04-20 00:16:52,475 - SplitNNClient - INFO - 23932 - phase=train acc=0.760546875 loss=13.890308022499084 epoch=22 and step=20
2026-04-20 00:17:33,205 - SplitNNClient - INFO - 3180 - phase=train acc=0.790625 loss=17.98030862212181 epoch=22 and step=30
2026-04-20 00:17:36,375 - SplitNNClient - INFO - 14632 - phase=train acc=0.7049479166666667 loss=23.091855883598328 epoch=22 and step=30
2026-04-20 00:17:42,729 - SplitNNClient - INFO - 13456 - phase=train acc=0.81328125 loss=16.117788165807724 epoch=22 and step=30
2026-04-20 00:17:44,886 - SplitNNClient - INFO - 23172 - phase=train acc=0.7861979166666667 loss=17.998023450374603 epoch=22 and step=30
2026-04-20 00:17:45,951 - SplitNNClient - INFO - 23932 - phase=train acc=0.7640625 loss=20.57855075597763 epoch=22 and step=30
2026-04-20 00:18:26,578 - SplitNNClient - INFO - 3180 - phase=train acc=0.7865234375 loss=24.345140874385834 epoch=22 and step=40
2026-04-20 00:18:29,786 - SplitNNClient - INFO - 14632 - phase=train acc=0.7103515625 loss=30.454088151454926 epoch=22 and step=40
2026-04-20 00:18:36,277 - SplitNNClient - INFO - 13456 - phase=train acc=0.812890625 loss=21.379840463399887 epoch=22 and step=40
2026-04-20 00:18:38,406 - SplitNNClient - INFO - 23172 - phase=train acc=0.7908203125 loss=23.388691037893295 epoch=22 and step=40
2026-04-20 00:18:39,440 - SplitNNClient - INFO - 23932 - phase=train acc=0.7681640625 loss=27.132868707180023 epoch=22 and step=40
2026-04-20 00:19:20,108 - SplitNNClient - INFO - 3180 - phase=train acc=0.79015625 loss=30.20539826154709 epoch=22 and step=50
2026-04-20 00:19:23,314 - SplitNNClient - INFO - 14632 - phase=train acc=0.71625 loss=37.39339196681976 epoch=22 and step=50
2026-04-20 00:19:29,770 - SplitNNClient - INFO - 13456 - phase=train acc=0.81296875 loss=27.039335072040558 epoch=22 and step=50
2026-04-20 00:19:31,914 - SplitNNClient - INFO - 23172 - phase=train acc=0.78890625 loss=29.221059501171112 epoch=22 and step=50
2026-04-20 00:19:32,981 - SplitNNClient - INFO - 23932 - phase=train acc=0.77125 loss=33.78773421049118 epoch=22 and step=50
2026-04-20 00:20:08,473 - SplitNNClient - INFO - 3180 - phase=train acc=0.7904947916666667 loss=36.1195909678936 epoch=22 and step=60
2026-04-20 00:20:15,974 - SplitNNClient - INFO - 13456 - phase=train acc=0.8123697916666667 loss=32.381246984004974 epoch=22 and step=60
2026-04-20 00:20:18,105 - SplitNNClient - INFO - 23172 - phase=train acc=0.791015625 loss=34.78834134340286 epoch=22 and step=60
2026-04-20 00:20:19,167 - SplitNNClient - INFO - 23932 - phase=train acc=0.7755208333333333 loss=39.64380472898483 epoch=22 and step=60
2026-04-20 00:20:54,338 - SplitNNClient - INFO - 13456 - phase=train acc=0.8149553571428572 loss=37.260045915842056 epoch=22 and step=70
2026-04-20 00:20:55,433 - SplitNNClient - INFO - 23932 - phase=train acc=0.77734375 loss=45.770389676094055 epoch=22 and step=70
2026-04-20 00:21:12,960 - SplitNNClient - INFO - 13456 - phase=train acc=0.81220703125 loss=43.13571718335152 epoch=22 and step=80
2026-04-20 00:21:25,080 - SplitNNClient - INFO - 13456 - phase=train acc=0.8128472222222223 loss=48.31058233976364 epoch=22 and step=90
2026-04-20 00:21:37,031 - SplitNNClient - INFO - 13456 - phase=train acc=0.8140625 loss=53.56505858898163 epoch=22 and step=100
2026-04-20 00:21:48,966 - SplitNNClient - INFO - 13456 - phase=train acc=0.8130681818181819 loss=59.169416308403015 epoch=22 and step=110
2026-04-20 00:22:00,847 - SplitNNClient - INFO - 13456 - phase=train acc=0.8139322916666667 loss=64.1805129647255 epoch=22 and step=120
2026-04-20 00:22:03,264 - FedServerManager - INFO - 19484 - get all model params ---- from rank 6
2026-04-20 00:22:13,744 - SplitNNClient - INFO - 3180 - phase=validation acc=0.6722 loss=82.26094317436218 epoch=22 and step=79
2026-04-20 00:22:13,803 - SplitNNClient - INFO - 13456 - phase=validation acc=0.6722 loss=82.26094317436218 epoch=22 and step=79
2026-04-20 00:22:14,988 - SplitNNClient - INFO - 23932 - phase=validation acc=0.6723 loss=82.16805440187454 epoch=22 and step=79
2026-04-20 00:22:14,995 - SplitNNClient - INFO - 14632 - phase=validation acc=0.6723 loss=82.16805440187454 epoch=22 and step=79
2026-04-20 00:22:19,351 - SplitNNClient - INFO - 23172 - phase=validation acc=0.673 loss=81.87104117870331 epoch=22 and step=79
2026-04-20 00:23:02,571 - SplitNNClient - INFO - 3180 - phase=train acc=0.78984375 loss=6.077123731374741 epoch=23 and step=10
2026-04-20 00:23:03,606 - SplitNNClient - INFO - 13456 - phase=train acc=0.81796875 loss=5.485336482524872 epoch=23 and step=10
2026-04-20 00:23:04,640 - SplitNNClient - INFO - 23932 - phase=train acc=0.76796875 loss=6.746209383010864 epoch=23 and step=10
2026-04-20 00:23:05,711 - SplitNNClient - INFO - 14632 - phase=train acc=0.690625 loss=8.02246481180191 epoch=23 and step=10
2026-04-20 00:23:12,110 - SplitNNClient - INFO - 23172 - phase=train acc=0.78359375 loss=5.873051971197128 epoch=23 and step=10
2026-04-20 00:23:55,782 - SplitNNClient - INFO - 3180 - phase=train acc=0.803125 loss=11.447404354810715 epoch=23 and step=20
2026-04-20 00:23:56,812 - SplitNNClient - INFO - 13456 - phase=train acc=0.818359375 loss=10.912716388702393 epoch=23 and step=20
2026-04-20 00:23:57,881 - SplitNNClient - INFO - 23932 - phase=train acc=0.79296875 loss=12.184839278459549 epoch=23 and step=20
2026-04-20 00:23:58,884 - SplitNNClient - INFO - 14632 - phase=train acc=0.71171875 loss=15.065963983535767 epoch=23 and step=20
2026-04-20 00:24:05,273 - SplitNNClient - INFO - 23172 - phase=train acc=0.79609375 loss=11.160771161317825 epoch=23 and step=20
2026-04-20 00:24:48,681 - SplitNNClient - INFO - 3180 - phase=train acc=0.8036458333333333 loss=16.84401124715805 epoch=23 and step=30
2026-04-20 00:24:49,718 - SplitNNClient - INFO - 13456 - phase=train acc=0.8223958333333333 loss=15.870959728956223 epoch=23 and step=30
2026-04-20 00:24:50,786 - SplitNNClient - INFO - 23932 - phase=train acc=0.7921875 loss=18.50678613781929 epoch=23 and step=30
2026-04-20 00:24:51,848 - SplitNNClient - INFO - 14632 - phase=train acc=0.7221354166666667 loss=22.101259350776672 epoch=23 and step=30
2026-04-20 00:24:58,245 - SplitNNClient - INFO - 23172 - phase=train acc=0.8005208333333333 loss=16.36853250861168 epoch=23 and step=30
2026-04-20 00:25:41,667 - SplitNNClient - INFO - 3180 - phase=train acc=0.8025390625 loss=22.621729969978333 epoch=23 and step=40
2026-04-20 00:25:42,700 - SplitNNClient - INFO - 13456 - phase=train acc=0.81796875 loss=21.42467588186264 epoch=23 and step=40
2026-04-20 00:25:43,764 - SplitNNClient - INFO - 23932 - phase=train acc=0.794921875 loss=24.125766783952713 epoch=23 and step=40
2026-04-20 00:25:44,829 - SplitNNClient - INFO - 14632 - phase=train acc=0.72421875 loss=29.32570791244507 epoch=23 and step=40
2026-04-20 00:25:51,224 - SplitNNClient - INFO - 23172 - phase=train acc=0.803125 loss=21.763620764017105 epoch=23 and step=40
2026-04-20 00:26:34,889 - SplitNNClient - INFO - 3180 - phase=train acc=0.805625 loss=28.023625135421753 epoch=23 and step=50
2026-04-20 00:26:35,991 - SplitNNClient - INFO - 13456 - phase=train acc=0.81796875 loss=26.589145004749298 epoch=23 and step=50
2026-04-20 00:26:36,993 - SplitNNClient - INFO - 23932 - phase=train acc=0.79578125 loss=30.16926035284996 epoch=23 and step=50
2026-04-20 00:26:38,064 - SplitNNClient - INFO - 14632 - phase=train acc=0.72296875 loss=36.583976686000824 epoch=23 and step=50
2026-04-20 00:26:44,403 - SplitNNClient - INFO - 23172 - phase=train acc=0.80296875 loss=27.069981515407562 epoch=23 and step=50
2026-04-20 00:27:22,750 - SplitNNClient - INFO - 3180 - phase=train acc=0.803515625 loss=33.65379670262337 epoch=23 and step=60
2026-04-20 00:27:23,821 - SplitNNClient - INFO - 13456 - phase=train acc=0.815234375 loss=32.29361701011658 epoch=23 and step=60
2026-04-20 00:27:24,890 - SplitNNClient - INFO - 23932 - phase=train acc=0.7966145833333333 loss=35.989921659231186 epoch=23 and step=60
2026-04-20 00:27:30,114 - SplitNNClient - INFO - 23172 - phase=train acc=0.8033854166666666 loss=32.67106360197067 epoch=23 and step=60
2026-04-20 00:28:03,944 - SplitNNClient - INFO - 13456 - phase=train acc=0.8166294642857143 loss=37.5592160820961 epoch=23 and step=70
2026-04-20 00:28:05,009 - SplitNNClient - INFO - 23932 - phase=train acc=0.7952008928571429 loss=42.33290821313858 epoch=23 and step=70
2026-04-20 00:28:22,364 - SplitNNClient - INFO - 13456 - phase=train acc=0.8162109375 loss=42.836838096380234 epoch=23 and step=80
2026-04-20 00:28:34,232 - SplitNNClient - INFO - 13456 - phase=train acc=0.8151041666666666 loss=48.36423724889755 epoch=23 and step=90
2026-04-20 00:28:46,094 - SplitNNClient - INFO - 13456 - phase=train acc=0.814921875 loss=53.52920415997505 epoch=23 and step=100
2026-04-20 00:28:58,005 - SplitNNClient - INFO - 13456 - phase=train acc=0.8155539772727273 loss=58.76354205608368 epoch=23 and step=110
2026-04-20 00:29:09,819 - SplitNNClient - INFO - 13456 - phase=train acc=0.816015625 loss=64.14982849359512 epoch=23 and step=120
2026-04-20 00:29:12,290 - FedServerManager - INFO - 19484 - get all model params ---- from rank 6
2026-04-20 00:29:22,939 - SplitNNClient - INFO - 13456 - phase=validation acc=0.6502 loss=85.71585988998413 epoch=23 and step=79
2026-04-20 00:29:24,251 - SplitNNClient - INFO - 3180 - phase=validation acc=0.6502 loss=85.68861222267151 epoch=23 and step=79
2026-04-20 00:29:24,254 - SplitNNClient - INFO - 14632 - phase=validation acc=0.6502 loss=85.68861222267151 epoch=23 and step=79
2026-04-20 00:29:29,893 - SplitNNClient - INFO - 23932 - phase=validation acc=0.651 loss=85.47550892829895 epoch=23 and step=79
2026-04-20 00:29:32,030 - SplitNNClient - INFO - 23172 - phase=validation acc=0.6508 loss=85.29193478822708 epoch=23 and step=79
2026-04-20 00:30:08,045 - SplitNNClient - INFO - 13456 - phase=train acc=0.82421875 loss=5.331251263618469 epoch=24 and step=10
2026-04-20 00:30:10,199 - SplitNNClient - INFO - 14632 - phase=train acc=0.68125 loss=8.73285061120987 epoch=24 and step=10
2026-04-20 00:30:12,326 - SplitNNClient - INFO - 3180 - phase=train acc=0.7765625 loss=6.642541587352753 epoch=24 and step=10
2026-04-20 00:30:22,085 - SplitNNClient - INFO - 23932 - phase=train acc=0.75625 loss=7.208387553691864 epoch=24 and step=10
2026-04-20 00:30:25,339 - SplitNNClient - INFO - 23172 - phase=train acc=0.7859375 loss=5.7536488473415375 epoch=24 and step=10
2026-04-20 00:31:02,183 - SplitNNClient - INFO - 13456 - phase=train acc=0.8203125 loss=10.55803382396698 epoch=24 and step=20
2026-04-20 00:31:04,317 - SplitNNClient - INFO - 14632 - phase=train acc=0.69765625 loss=16.105797827243805 epoch=24 and step=20
2026-04-20 00:31:06,450 - SplitNNClient - INFO - 3180 - phase=train acc=0.77734375 loss=12.87765520811081 epoch=24 and step=20
2026-04-20 00:31:16,177 - SplitNNClient - INFO - 23932 - phase=train acc=0.76875 loss=13.5717151761055 epoch=24 and step=20
2026-04-20 00:31:19,432 - SplitNNClient - INFO - 23172 - phase=train acc=0.795703125 loss=10.901803135871887 epoch=24 and step=20
2026-04-20 00:31:55,804 - SplitNNClient - INFO - 13456 - phase=train acc=0.8213541666666667 loss=15.937654495239258 epoch=24 and step=30
2026-04-20 00:31:57,866 - SplitNNClient - INFO - 14632 - phase=train acc=0.7046875 loss=23.226134598255157 epoch=24 and step=30
2026-04-20 00:32:00,057 - SplitNNClient - INFO - 3180 - phase=train acc=0.7869791666666667 loss=18.53441795706749 epoch=24 and step=30
2026-04-20 00:32:09,668 - SplitNNClient - INFO - 23932 - phase=train acc=0.7833333333333333 loss=19.160871505737305 epoch=24 and step=30
2026-04-20 00:32:12,913 - SplitNNClient - INFO - 23172 - phase=train acc=0.8002604166666667 loss=16.128672689199448 epoch=24 and step=30
2026-04-20 00:32:49,216 - SplitNNClient - INFO - 13456 - phase=train acc=0.8185546875 loss=21.482878804206848 epoch=24 and step=40
2026-04-20 00:32:51,308 - SplitNNClient - INFO - 14632 - phase=train acc=0.7189453125 loss=29.770153880119324 epoch=24 and step=40
2026-04-20 00:32:53,409 - SplitNNClient - INFO - 3180 - phase=train acc=0.796875 loss=23.73049646615982 epoch=24 and step=40
2026-04-20 00:33:03,265 - SplitNNClient - INFO - 23932 - phase=train acc=0.7865234375 loss=25.21103185415268 epoch=24 and step=40
2026-04-20 00:33:06,476 - SplitNNClient - INFO - 23172 - phase=train acc=0.8052734375 loss=21.37858483195305 epoch=24 and step=40
2026-04-20 00:33:42,782 - SplitNNClient - INFO - 13456 - phase=train acc=0.8184375 loss=26.757747650146484 epoch=24 and step=50
2026-04-20 00:33:44,953 - SplitNNClient - INFO - 14632 - phase=train acc=0.72625 loss=36.551760733127594 epoch=24 and step=50
2026-04-20 00:33:47,081 - SplitNNClient - INFO - 3180 - phase=train acc=0.799375 loss=29.14829021692276 epoch=24 and step=50
2026-04-20 00:33:56,633 - SplitNNClient - INFO - 23932 - phase=train acc=0.7875 loss=31.07697296142578 epoch=24 and step=50
2026-04-20 00:33:59,735 - SplitNNClient - INFO - 23172 - phase=train acc=0.809375 loss=26.664297848939896 epoch=24 and step=50
2026-04-20 00:34:30,530 - SplitNNClient - INFO - 13456 - phase=train acc=0.8186197916666667 loss=32.093003302812576 epoch=24 and step=60
2026-04-20 00:34:33,731 - SplitNNClient - INFO - 3180 - phase=train acc=0.8022135416666667 loss=34.74870818853378 epoch=24 and step=60
2026-04-20 00:34:41,161 - SplitNNClient - INFO - 23932 - phase=train acc=0.7885416666666667 loss=37.35574096441269 epoch=24 and step=60
2026-04-20 00:34:44,380 - SplitNNClient - INFO - 23172 - phase=train acc=0.8098958333333334 loss=31.923601299524307 epoch=24 and step=60
2026-04-20 00:35:13,196 - SplitNNClient - INFO - 13456 - phase=train acc=0.8176339285714286 loss=37.32474562525749 epoch=24 and step=70
2026-04-20 00:35:19,648 - SplitNNClient - INFO - 23932 - phase=train acc=0.7909598214285715 loss=43.21216794848442 epoch=24 and step=70
2026-04-20 00:35:34,864 - SplitNNClient - INFO - 13456 - phase=train acc=0.81923828125 loss=41.974492371082306 epoch=24 and step=80
2026-04-20 00:35:46,856 - SplitNNClient - INFO - 13456 - phase=train acc=0.8215277777777777 loss=46.89863905310631 epoch=24 and step=90
2026-04-20 00:35:58,957 - SplitNNClient - INFO - 13456 - phase=train acc=0.8203125 loss=52.14023953676224 epoch=24 and step=100
2026-04-20 00:36:11,072 - SplitNNClient - INFO - 13456 - phase=train acc=0.8189630681818182 loss=57.590291768312454 epoch=24 and step=110
2026-04-20 00:36:23,026 - SplitNNClient - INFO - 13456 - phase=train acc=0.818359375 loss=62.888639718294144 epoch=24 and step=120
2026-04-20 00:36:25,533 - FedServerManager - INFO - 19484 - get all model params ---- from rank 6
2026-04-20 00:36:35,388 - SplitNNClient - INFO - 3180 - phase=validation acc=0.7001 loss=77.37499421834946 epoch=24 and step=79
2026-04-20 00:36:35,481 - SplitNNClient - INFO - 14632 - phase=validation acc=0.7001 loss=77.37499421834946 epoch=24 and step=79
2026-04-20 00:36:35,481 - SplitNNClient - INFO - 13456 - phase=validation acc=0.7001 loss=77.37499421834946 epoch=24 and step=79
2026-04-20 00:36:35,733 - SplitNNClient - INFO - 23932 - phase=validation acc=0.7001 loss=77.37499421834946 epoch=24 and step=79
2026-04-20 00:36:35,757 - SplitNNClient - INFO - 23172 - phase=validation acc=0.7001 loss=77.37499421834946 epoch=24 and step=79
2026-04-20 00:36:36,332 - CommBreakdown - INFO - 3180 - tensor_distribution rank=4 node_type=client phase=train epoch=25 sample=middle tensor=activations[0] shape=(128, 64, 16, 16) mean=0.641601 std=1.03598 min=0 max=25.9913 mean_abs=0.641601 max_abs=25.9913 p95_abs=2.53547 p99_abs=4.61357 skewness=3.40068 kurtosis=25.6212 mean_channel_std=0.859085 std_channel_std=0.397073 max_channel_scale_over_min_channel_scale=21.0336 spread=high spread_score=1.61468 outliers=medium outlier_score=2.47805 near_zero=medium near_zero_fraction=0.45224
2026-04-20 00:36:36,416 - CommBreakdown - INFO - 14632 - tensor_distribution rank=2 node_type=client phase=train epoch=25 sample=middle tensor=activations[0] shape=(128, 64, 16, 16) mean=0.643855 std=1.03223 min=0 max=26.1524 mean_abs=0.643855 max_abs=26.1524 p95_abs=2.56084 p99_abs=4.5921 skewness=3.29411 kurtosis=23.6499 mean_channel_std=0.853663 std_channel_std=0.394823 max_channel_scale_over_min_channel_scale=15.1864 spread=high spread_score=1.6032 outliers=medium outlier_score=2.44406 near_zero=medium near_zero_fraction=0.450583
2026-04-20 00:36:36,427 - CommBreakdown - INFO - 13456 - tensor_distribution rank=1 node_type=client phase=train epoch=25 sample=middle tensor=activations[0] shape=(128, 64, 16, 16) mean=0.640924 std=1.0315 min=0 max=26.7787 mean_abs=0.640924 max_abs=26.7787 p95_abs=2.51468 p99_abs=4.59466 skewness=3.34838 kurtosis=24.2613 mean_channel_std=0.85445 std_channel_std=0.395284 max_channel_scale_over_min_channel_scale=13.1944 spread=high spread_score=1.60939 outliers=medium outlier_score=2.47524 near_zero=medium near_zero_fraction=0.451391
2026-04-20 00:36:36,681 - CommBreakdown - INFO - 23172 - tensor_distribution rank=3 node_type=client phase=train epoch=25 sample=middle tensor=activations[0] shape=(128, 64, 16, 16) mean=0.638542 std=1.02923 min=0 max=31.0625 mean_abs=0.638542 max_abs=31.0625 p95_abs=2.54056 p99_abs=4.58362 skewness=3.35525 kurtosis=24.8269 mean_channel_std=0.850583 std_channel_std=0.394576 max_channel_scale_over_min_channel_scale=25.6224 spread=high spread_score=1.61185 outliers=medium outlier_score=2.46708 near_zero=medium near_zero_fraction=0.450215
2026-04-20 00:36:36,684 - CommBreakdown - INFO - 23932 - tensor_distribution rank=5 node_type=client phase=train epoch=25 sample=middle tensor=activations[0] shape=(128, 64, 16, 16) mean=0.638828 std=1.03825 min=0 max=25.3258 mean_abs=0.638828 max_abs=25.3258 p95_abs=2.55628 p99_abs=4.59509 skewness=3.47816 kurtosis=26.4831 mean_channel_std=0.859244 std_channel_std=0.399939 max_channel_scale_over_min_channel_scale=22.0908 spread=high spread_score=1.62524 outliers=medium outlier_score=2.47839 near_zero=medium near_zero_fraction=0.451588
2026-04-20 00:37:29,809 - SplitNNClient - INFO - 3180 - phase=train acc=0.77265625 loss=6.7136576771736145 epoch=25 and step=10
2026-04-20 00:37:30,960 - SplitNNClient - INFO - 13456 - phase=train acc=0.81640625 loss=5.432251006364822 epoch=25 and step=10
2026-04-20 00:37:32,088 - SplitNNClient - INFO - 14632 - phase=train acc=0.69140625 loss=8.559747397899628 epoch=25 and step=10
2026-04-20 00:37:33,236 - SplitNNClient - INFO - 23172 - phase=train acc=0.81796875 loss=5.514731198549271 epoch=25 and step=10
2026-04-20 00:37:34,446 - SplitNNClient - INFO - 23932 - phase=train acc=0.7609375 loss=6.809997916221619 epoch=25 and step=10
2026-04-20 00:38:26,965 - SplitNNClient - INFO - 3180 - phase=train acc=0.796484375 loss=11.732225120067596 epoch=25 and step=20
2026-04-20 00:38:28,124 - SplitNNClient - INFO - 13456 - phase=train acc=0.82109375 loss=10.42671525478363 epoch=25 and step=20
2026-04-20 00:38:29,310 - SplitNNClient - INFO - 14632 - phase=train acc=0.71875 loss=15.462111830711365 epoch=25 and step=20
2026-04-20 00:38:30,399 - SplitNNClient - INFO - 23172 - phase=train acc=0.823828125 loss=10.411242306232452 epoch=25 and step=20
2026-04-20 00:38:31,498 - SplitNNClient - INFO - 23932 - phase=train acc=0.780859375 loss=12.745960921049118 epoch=25 and step=20
2026-04-20 00:39:23,864 - SplitNNClient - INFO - 3180 - phase=train acc=0.7955729166666666 loss=17.292086511850357 epoch=25 and step=30
2026-04-20 00:39:25,023 - SplitNNClient - INFO - 13456 - phase=train acc=0.8255208333333334 loss=15.677828311920166 epoch=25 and step=30
2026-04-20 00:39:26,182 - SplitNNClient - INFO - 14632 - phase=train acc=0.72578125 loss=22.059014976024628 epoch=25 and step=30
2026-04-20 00:39:27,308 - SplitNNClient - INFO - 23172 - phase=train acc=0.8192708333333333 loss=15.555062353610992 epoch=25 and step=30
2026-04-20 00:39:28,428 - SplitNNClient - INFO - 23932 - phase=train acc=0.7940104166666667 loss=18.271316707134247 epoch=25 and step=30
2026-04-20 00:40:20,917 - SplitNNClient - INFO - 3180 - phase=train acc=0.7984375 loss=22.702278822660446 epoch=25 and step=40
2026-04-20 00:40:22,042 - SplitNNClient - INFO - 13456 - phase=train acc=0.8279296875 loss=20.3416505753994 epoch=25 and step=40
2026-04-20 00:40:23,164 - SplitNNClient - INFO - 14632 - phase=train acc=0.7255859375 loss=29.103554844856262 epoch=25 and step=40
2026-04-20 00:40:24,317 - SplitNNClient - INFO - 23172 - phase=train acc=0.8185546875 loss=20.96116665005684 epoch=25 and step=40
2026-04-20 00:40:25,477 - SplitNNClient - INFO - 23932 - phase=train acc=0.800390625 loss=23.741997748613358 epoch=25 and step=40
2026-04-20 00:41:19,154 - SplitNNClient - INFO - 3180 - phase=train acc=0.8 loss=28.308010458946228 epoch=25 and step=50
2026-04-20 00:41:20,284 - SplitNNClient - INFO - 13456 - phase=train acc=0.8290625 loss=25.150086492300034 epoch=25 and step=50
2026-04-20 00:41:21,530 - SplitNNClient - INFO - 14632 - phase=train acc=0.72796875 loss=35.979943692684174 epoch=25 and step=50
2026-04-20 00:41:22,682 - SplitNNClient - INFO - 23172 - phase=train acc=0.816875 loss=26.35566395521164 epoch=25 and step=50
2026-04-20 00:41:23,871 - SplitNNClient - INFO - 23932 - phase=train acc=0.801875 loss=29.386753499507904 epoch=25 and step=50
2026-04-20 00:42:11,734 - SplitNNClient - INFO - 3180 - phase=train acc=0.80234375 loss=33.36623093485832 epoch=25 and step=60
2026-04-20 00:42:12,886 - SplitNNClient - INFO - 13456 - phase=train acc=0.829296875 loss=29.962007999420166 epoch=25 and step=60
2026-04-20 00:42:14,104 - SplitNNClient - INFO - 23172 - phase=train acc=0.8182291666666667 loss=31.223896592855453 epoch=25 and step=60
2026-04-20 00:42:15,315 - SplitNNClient - INFO - 23932 - phase=train acc=0.8 loss=35.5250908434391 epoch=25 and step=60
2026-04-20 00:42:55,277 - SplitNNClient - INFO - 13456 - phase=train acc=0.8282366071428572 loss=34.92486959695816 epoch=25 and step=70
2026-04-20 00:42:56,398 - SplitNNClient - INFO - 23932 - phase=train acc=0.7986607142857143 loss=42.00524318218231 epoch=25 and step=70
2026-04-20 00:43:16,866 - SplitNNClient - INFO - 13456 - phase=train acc=0.83046875 loss=39.6637117266655 epoch=25 and step=80
2026-04-20 00:43:35,601 - SplitNNClient - INFO - 13456 - phase=train acc=0.8287326388888889 loss=44.94842380285263 epoch=25 and step=90
2026-04-20 00:43:54,249 - SplitNNClient - INFO - 13456 - phase=train acc=0.82859375 loss=49.60785686969757 epoch=25 and step=100
2026-04-20 00:44:12,765 - SplitNNClient - INFO - 13456 - phase=train acc=0.82734375 loss=55.0434485077858 epoch=25 and step=110
2026-04-20 00:44:31,111 - SplitNNClient - INFO - 13456 - phase=train acc=0.8270833333333333 loss=60.257540851831436 epoch=25 and step=120
2026-04-20 00:44:34,845 - FedServerManager - INFO - 19484 - get all model params ---- from rank 6
2026-04-20 00:44:44,439 - SplitNNClient - INFO - 14632 - phase=validation acc=0.7022 loss=73.90502685308456 epoch=25 and step=79
2026-04-20 00:44:44,469 - SplitNNClient - INFO - 3180 - phase=validation acc=0.7022 loss=73.90502685308456 epoch=25 and step=79
2026-04-20 00:44:45,657 - SplitNNClient - INFO - 13456 - phase=validation acc=0.7022 loss=73.87527078390121 epoch=25 and step=79
2026-04-20 00:44:49,010 - SplitNNClient - INFO - 23172 - phase=validation acc=0.7024 loss=73.56178617477417 epoch=25 and step=79
2026-04-20 00:44:54,554 - SplitNNClient - INFO - 23932 - phase=validation acc=0.7038 loss=72.81095352768898 epoch=25 and step=79
2026-04-20 00:45:30,113 - SplitNNClient - INFO - 14632 - phase=train acc=0.71796875 loss=7.35402512550354 epoch=26 and step=10
2026-04-20 00:45:32,235 - SplitNNClient - INFO - 3180 - phase=train acc=0.78515625 loss=6.229411214590073 epoch=26 and step=10
2026-04-20 00:45:33,329 - SplitNNClient - INFO - 13456 - phase=train acc=0.82890625 loss=5.329194098711014 epoch=26 and step=10
2026-04-20 00:45:39,783 - SplitNNClient - INFO - 23172 - phase=train acc=0.803125 loss=5.697616785764694 epoch=26 and step=10
2026-04-20 00:45:47,431 - SplitNNClient - INFO - 23932 - phase=train acc=0.759375 loss=7.429541230201721 epoch=26 and step=10
2026-04-20 00:46:23,702 - SplitNNClient - INFO - 14632 - phase=train acc=0.733984375 loss=14.048641324043274 epoch=26 and step=20
2026-04-20 00:46:25,828 - SplitNNClient - INFO - 3180 - phase=train acc=0.809375 loss=10.869420021772385 epoch=26 and step=20
2026-04-20 00:46:26,891 - SplitNNClient - INFO - 13456 - phase=train acc=0.834375 loss=10.005121678113937 epoch=26 and step=20
2026-04-20 00:46:33,375 - SplitNNClient - INFO - 23172 - phase=train acc=0.81015625 loss=10.792887717485428 epoch=26 and step=20
2026-04-20 00:46:40,944 - SplitNNClient - INFO - 23932 - phase=train acc=0.78046875 loss=13.153935670852661 epoch=26 and step=20
2026-04-20 00:47:17,261 - SplitNNClient - INFO - 14632 - phase=train acc=0.7450520833333333 loss=20.23829275369644 epoch=26 and step=30
2026-04-20 00:47:19,392 - SplitNNClient - INFO - 3180 - phase=train acc=0.8140625 loss=16.31699448823929 epoch=26 and step=30
2026-04-20 00:47:20,490 - SplitNNClient - INFO - 13456 - phase=train acc=0.8359375 loss=15.021518588066101 epoch=26 and step=30
2026-04-20 00:47:26,965 - SplitNNClient - INFO - 23172 - phase=train acc=0.8200520833333333 loss=15.490223973989487 epoch=26 and step=30
2026-04-20 00:47:34,510 - SplitNNClient - INFO - 23932 - phase=train acc=0.7973958333333333 loss=18.513416290283203 epoch=26 and step=30
2026-04-20 00:48:11,084 - SplitNNClient - INFO - 14632 - phase=train acc=0.7431640625 loss=27.33017873764038 epoch=26 and step=40
2026-04-20 00:48:13,206 - SplitNNClient - INFO - 3180 - phase=train acc=0.815625 loss=21.351843267679214 epoch=26 and step=40
2026-04-20 00:48:14,270 - SplitNNClient - INFO - 13456 - phase=train acc=0.8353515625 loss=19.90979841351509 epoch=26 and step=40
2026-04-20 00:48:20,721 - SplitNNClient - INFO - 23172 - phase=train acc=0.81953125 loss=20.59550768136978 epoch=26 and step=40
2026-04-20 00:48:28,164 - SplitNNClient - INFO - 23932 - phase=train acc=0.797265625 loss=24.570059061050415 epoch=26 and step=40
2026-04-20 00:49:04,268 - SplitNNClient - INFO - 14632 - phase=train acc=0.73828125 loss=34.78109747171402 epoch=26 and step=50
2026-04-20 00:49:06,431 - SplitNNClient - INFO - 3180 - phase=train acc=0.81609375 loss=26.566973716020584 epoch=26 and step=50
2026-04-20 00:49:07,500 - SplitNNClient - INFO - 13456 - phase=train acc=0.8321875 loss=25.20194712281227 epoch=26 and step=50
2026-04-20 00:49:13,977 - SplitNNClient - INFO - 23172 - phase=train acc=0.82015625 loss=25.596429854631424 epoch=26 and step=50
2026-04-20 00:49:21,461 - SplitNNClient - INFO - 23932 - phase=train acc=0.80109375 loss=30.196958005428314 epoch=26 and step=50
2026-04-20 00:49:53,585 - SplitNNClient - INFO - 3180 - phase=train acc=0.8145833333333333 loss=31.898801922798157 epoch=26 and step=60
2026-04-20 00:49:54,619 - SplitNNClient - INFO - 13456 - phase=train acc=0.8303385416666667 loss=30.248508393764496 epoch=26 and step=60
2026-04-20 00:49:59,936 - SplitNNClient - INFO - 23172 - phase=train acc=0.820703125 loss=30.51798564195633 epoch=26 and step=60
2026-04-20 00:50:05,308 - SplitNNClient - INFO - 23932 - phase=train acc=0.8002604166666667 loss=36.08554404973984 epoch=26 and step=60
2026-04-20 00:50:35,173 - SplitNNClient - INFO - 13456 - phase=train acc=0.8310267857142857 loss=34.97660115361214 epoch=26 and step=70
2026-04-20 00:50:40,475 - SplitNNClient - INFO - 23932 - phase=train acc=0.7995535714285714 loss=42.254081070423126 epoch=26 and step=70
2026-04-20 00:50:55,622 - SplitNNClient - INFO - 13456 - phase=train acc=0.83154296875 loss=39.90815418958664 epoch=26 and step=80
2026-04-20 00:51:07,424 - SplitNNClient - INFO - 13456 - phase=train acc=0.8305555555555556 loss=44.87892904877663 epoch=26 and step=90
2026-04-20 00:51:19,336 - SplitNNClient - INFO - 13456 - phase=train acc=0.828515625 loss=50.134314864873886 epoch=26 and step=100
2026-04-20 00:51:31,667 - SplitNNClient - INFO - 13456 - phase=train acc=0.8279829545454546 loss=55.215130656957626 epoch=26 and step=110
2026-04-20 00:51:44,228 - SplitNNClient - INFO - 13456 - phase=train acc=0.8287109375 loss=59.95819714665413 epoch=26 and step=120
2026-04-20 00:51:46,801 - FedServerManager - INFO - 19484 - get all model params ---- from rank 6
2026-04-20 00:51:56,923 - SplitNNClient - INFO - 14632 - phase=validation acc=0.7044 loss=72.53001183271408 epoch=26 and step=79
2026-04-20 00:51:59,547 - SplitNNClient - INFO - 13456 - phase=validation acc=0.7046 loss=72.2211257815361 epoch=26 and step=79
2026-04-20 00:51:59,638 - SplitNNClient - INFO - 3180 - phase=validation acc=0.7052 loss=72.07845109701157 epoch=26 and step=79
2026-04-20 00:52:07,455 - SplitNNClient - INFO - 23172 - phase=validation acc=0.7051 loss=72.27759927511215 epoch=26 and step=79
2026-04-20 00:52:07,456 - SplitNNClient - INFO - 23932 - phase=validation acc=0.7051 loss=72.27759927511215 epoch=26 and step=79
2026-04-20 00:52:35,393 - SplitNNClient - INFO - 14632 - phase=train acc=0.69140625 loss=8.807790219783783 epoch=27 and step=10
2026-04-20 00:52:43,983 - SplitNNClient - INFO - 13456 - phase=train acc=0.8203125 loss=5.2933856546878815 epoch=27 and step=10
2026-04-20 00:52:47,217 - SplitNNClient - INFO - 3180 - phase=train acc=0.76953125 loss=7.143324136734009 epoch=27 and step=10
2026-04-20 00:52:58,952 - SplitNNClient - INFO - 23172 - phase=train acc=0.79375 loss=5.9048044085502625 epoch=27 and step=10
2026-04-20 00:53:01,163 - SplitNNClient - INFO - 23932 - phase=train acc=0.7625 loss=6.704553961753845 epoch=27 and step=10
2026-04-20 00:53:29,325 - SplitNNClient - INFO - 14632 - phase=train acc=0.725390625 loss=15.510908544063568 epoch=27 and step=20
2026-04-20 00:53:37,818 - SplitNNClient - INFO - 13456 - phase=train acc=0.8328125 loss=9.765399396419525 epoch=27 and step=20
2026-04-20 00:53:41,007 - SplitNNClient - INFO - 3180 - phase=train acc=0.79140625 loss=12.38126128911972 epoch=27 and step=20
2026-04-20 00:53:52,804 - SplitNNClient - INFO - 23172 - phase=train acc=0.810546875 loss=10.696349918842316 epoch=27 and step=20
2026-04-20 00:53:54,930 - SplitNNClient - INFO - 23932 - phase=train acc=0.793359375 loss=11.790520966053009 epoch=27 and step=20
2026-04-20 00:54:22,940 - SplitNNClient - INFO - 14632 - phase=train acc=0.73046875 loss=22.455996870994568 epoch=27 and step=30
2026-04-20 00:54:31,347 - SplitNNClient - INFO - 13456 - phase=train acc=0.82578125 loss=14.942203521728516 epoch=27 and step=30
2026-04-20 00:54:34,546 - SplitNNClient - INFO - 3180 - phase=train acc=0.8005208333333333 loss=17.530298799276352 epoch=27 and step=30
2026-04-20 00:54:46,523 - SplitNNClient - INFO - 23172 - phase=train acc=0.8153645833333333 loss=15.672915518283844 epoch=27 and step=30
2026-04-20 00:54:48,650 - SplitNNClient - INFO - 23932 - phase=train acc=0.8026041666666667 loss=17.265965342521667 epoch=27 and step=30
2026-04-20 00:55:16,446 - SplitNNClient - INFO - 14632 - phase=train acc=0.7373046875 loss=28.832153469324112 epoch=27 and step=40
2026-04-20 00:55:24,957 - SplitNNClient - INFO - 13456 - phase=train acc=0.82578125 loss=19.84031194448471 epoch=27 and step=40
2026-04-20 00:55:28,190 - SplitNNClient - INFO - 3180 - phase=train acc=0.8033203125 loss=22.878282874822617 epoch=27 and step=40
2026-04-20 00:55:40,105 - SplitNNClient - INFO - 23172 - phase=train acc=0.81875 loss=20.557054936885834 epoch=27 and step=40
2026-04-20 00:55:42,237 - SplitNNClient - INFO - 23932 - phase=train acc=0.8005859375 loss=23.12449648976326 epoch=27 and step=40
2026-04-20 00:56:09,950 - SplitNNClient - INFO - 14632 - phase=train acc=0.735 loss=35.83732935786247 epoch=27 and step=50
2026-04-20 00:56:18,622 - SplitNNClient - INFO - 13456 - phase=train acc=0.82546875 loss=25.01380831003189 epoch=27 and step=50
2026-04-20 00:56:21,816 - SplitNNClient - INFO - 3180 - phase=train acc=0.8065625 loss=28.10175198316574 epoch=27 and step=50
2026-04-20 00:56:33,431 - SplitNNClient - INFO - 23172 - phase=train acc=0.820625 loss=25.369989812374115 epoch=27 and step=50
2026-04-20 00:56:35,596 - SplitNNClient - INFO - 23932 - phase=train acc=0.8021875 loss=28.552249282598495 epoch=27 and step=50
2026-04-20 00:57:05,093 - SplitNNClient - INFO - 13456 - phase=train acc=0.8302083333333333 loss=29.579028606414795 epoch=27 and step=60
2026-04-20 00:57:07,219 - SplitNNClient - INFO - 3180 - phase=train acc=0.806640625 loss=33.762667536735535 epoch=27 and step=60
2026-04-20 00:57:16,855 - SplitNNClient - INFO - 23172 - phase=train acc=0.8204427083333333 loss=30.552671551704407 epoch=27 and step=60
2026-04-20 00:57:19,011 - SplitNNClient - INFO - 23932 - phase=train acc=0.802734375 loss=34.35606262087822 epoch=27 and step=60
2026-04-20 00:57:47,832 - SplitNNClient - INFO - 13456 - phase=train acc=0.8308035714285714 loss=34.47372841835022 epoch=27 and step=70
2026-04-20 00:57:55,288 - SplitNNClient - INFO - 23932 - phase=train acc=0.8047991071428572 loss=39.97758427262306 epoch=27 and step=70
2026-04-20 00:58:09,185 - SplitNNClient - INFO - 13456 - phase=train acc=0.8322265625 loss=39.00646159052849 epoch=27 and step=80
2026-04-20 00:58:20,982 - SplitNNClient - INFO - 13456 - phase=train acc=0.8321180555555555 loss=43.77716380357742 epoch=27 and step=90
2026-04-20 00:58:32,809 - SplitNNClient - INFO - 13456 - phase=train acc=0.8340625 loss=48.361217707395554 epoch=27 and step=100
2026-04-20 00:58:44,719 - SplitNNClient - INFO - 13456 - phase=train acc=0.8331676136363636 loss=53.417560160160065 epoch=27 and step=110
2026-04-20 00:58:56,623 - SplitNNClient - INFO - 13456 - phase=train acc=0.8318359375 loss=58.69490420818329 epoch=27 and step=120
2026-04-20 00:58:59,027 - FedServerManager - INFO - 19484 - get all model params ---- from rank 6
2026-04-20 00:59:09,396 - SplitNNClient - INFO - 14632 - phase=validation acc=0.7156 loss=73.870325922966 epoch=27 and step=79
2026-04-20 00:59:10,740 - SplitNNClient - INFO - 3180 - phase=validation acc=0.7159 loss=73.6876425743103 epoch=27 and step=79
2026-04-20 00:59:10,834 - SplitNNClient - INFO - 23172 - phase=validation acc=0.7161 loss=73.59509491920471 epoch=27 and step=79
2026-04-20 00:59:17,428 - SplitNNClient - INFO - 13456 - phase=validation acc=0.7176 loss=73.0456235408783 epoch=27 and step=79
2026-04-20 00:59:25,005 - SplitNNClient - INFO - 23932 - phase=validation acc=0.7191 loss=72.53315970301628 epoch=27 and step=79
2026-04-20 00:59:48,778 - SplitNNClient - INFO - 14632 - phase=train acc=0.7140625 loss=8.204570353031158 epoch=28 and step=10
2026-04-20 00:59:55,277 - SplitNNClient - INFO - 3180 - phase=train acc=0.78984375 loss=5.944396078586578 epoch=28 and step=10
2026-04-20 00:59:58,522 - SplitNNClient - INFO - 23172 - phase=train acc=0.80546875 loss=5.267349928617477 epoch=28 and step=10
2026-04-20 01:00:08,324 - SplitNNClient - INFO - 13456 - phase=train acc=0.8046875 loss=5.720957696437836 epoch=28 and step=10
2026-04-20 01:00:18,010 - SplitNNClient - INFO - 23932 - phase=train acc=0.79609375 loss=6.085476279258728 epoch=28 and step=10
2026-04-20 01:00:42,511 - SplitNNClient - INFO - 14632 - phase=train acc=0.73828125 loss=14.718473136425018 epoch=28 and step=20
2026-04-20 01:00:49,002 - SplitNNClient - INFO - 3180 - phase=train acc=0.81796875 loss=10.67961037158966 epoch=28 and step=20
2026-04-20 01:00:52,181 - SplitNNClient - INFO - 23172 - phase=train acc=0.825 loss=9.54494160413742 epoch=28 and step=20
2026-04-20 01:01:01,707 - SplitNNClient - INFO - 13456 - phase=train acc=0.82265625 loss=10.34448429942131 epoch=28 and step=20
2026-04-20 01:01:11,294 - SplitNNClient - INFO - 23932 - phase=train acc=0.8140625 loss=11.29747748374939 epoch=28 and step=20
2026-04-20 01:01:35,538 - SplitNNClient - INFO - 14632 - phase=train acc=0.7421875 loss=21.00512206554413 epoch=28 and step=30
2026-04-20 01:01:41,816 - SplitNNClient - INFO - 3180 - phase=train acc=0.81953125 loss=15.699376940727234 epoch=28 and step=30
2026-04-20 01:01:45,011 - SplitNNClient - INFO - 23172 - phase=train acc=0.8221354166666667 loss=14.726188361644745 epoch=28 and step=30
2026-04-20 01:01:54,641 - SplitNNClient - INFO - 13456 - phase=train acc=0.8231770833333333 loss=15.393129616975784 epoch=28 and step=30
2026-04-20 01:02:04,202 - SplitNNClient - INFO - 23932 - phase=train acc=0.8143229166666667 loss=16.714650452136993 epoch=28 and step=30
2026-04-20 01:02:28,661 - SplitNNClient - INFO - 14632 - phase=train acc=0.7404296875 loss=28.036552727222443 epoch=28 and step=40
2026-04-20 01:02:34,997 - SplitNNClient - INFO - 3180 - phase=train acc=0.821875 loss=20.419156581163406 epoch=28 and step=40
2026-04-20 01:02:38,147 - SplitNNClient - INFO - 23172 - phase=train acc=0.8228515625 loss=19.561673998832703 epoch=28 and step=40
2026-04-20 01:02:47,683 - SplitNNClient - INFO - 13456 - phase=train acc=0.8333984375 loss=19.4530228972435 epoch=28 and step=40
2026-04-20 01:02:57,288 - SplitNNClient - INFO - 23932 - phase=train acc=0.811328125 loss=22.547237664461136 epoch=28 and step=40
2026-04-20 01:03:21,934 - SplitNNClient - INFO - 14632 - phase=train acc=0.74609375 loss=34.40601068735123 epoch=28 and step=50
2026-04-20 01:03:28,331 - SplitNNClient - INFO - 3180 - phase=train acc=0.81828125 loss=25.843605756759644 epoch=28 and step=50
2026-04-20 01:03:31,529 - SplitNNClient - INFO - 23172 - phase=train acc=0.82375 loss=24.485232442617416 epoch=28 and step=50
2026-04-20 01:03:41,102 - SplitNNClient - INFO - 13456 - phase=train acc=0.83515625 loss=24.068466931581497 epoch=28 and step=50
2026-04-20 01:03:49,636 - SplitNNClient - INFO - 23932 - phase=train acc=0.81328125 loss=28.11688295006752 epoch=28 and step=50
2026-04-20 01:04:14,108 - SplitNNClient - INFO - 3180 - phase=train acc=0.8212239583333333 loss=30.905541867017746 epoch=28 and step=60
2026-04-20 01:04:17,364 - SplitNNClient - INFO - 23172 - phase=train acc=0.8239583333333333 loss=29.428282886743546 epoch=28 and step=60
2026-04-20 01:04:24,799 - SplitNNClient - INFO - 13456 - phase=train acc=0.8337239583333333 loss=29.190936595201492 epoch=28 and step=60
2026-04-20 01:04:32,233 - SplitNNClient - INFO - 23932 - phase=train acc=0.8114583333333333 loss=34.180188447237015 epoch=28 and step=60
2026-04-20 01:04:59,897 - SplitNNClient - INFO - 13456 - phase=train acc=0.8353794642857143 loss=33.76515683531761 epoch=28 and step=70
2026-04-20 01:05:03,029 - SplitNNClient - INFO - 23932 - phase=train acc=0.8119419642857143 loss=39.69405245780945 epoch=28 and step=70
2026-04-20 01:05:19,252 - SplitNNClient - INFO - 13456 - phase=train acc=0.83623046875 loss=38.023558020591736 epoch=28 and step=80
2026-04-20 01:05:31,168 - SplitNNClient - INFO - 13456 - phase=train acc=0.8364583333333333 loss=42.94153878092766 epoch=28 and step=90
2026-04-20 01:05:42,973 - SplitNNClient - INFO - 13456 - phase=train acc=0.838828125 loss=47.37902057170868 epoch=28 and step=100
2026-04-20 01:05:55,034 - SplitNNClient - INFO - 13456 - phase=train acc=0.8377130681818182 loss=52.48334586620331 epoch=28 and step=110
2026-04-20 01:06:06,934 - SplitNNClient - INFO - 13456 - phase=train acc=0.8358723958333333 loss=57.760303884744644 epoch=28 and step=120
2026-04-20 01:06:09,486 - FedServerManager - INFO - 19484 - get all model params ---- from rank 6
2026-04-20 01:06:19,671 - SplitNNClient - INFO - 14632 - phase=validation acc=0.7103 loss=71.59875696897507 epoch=28 and step=79
2026-04-20 01:06:22,168 - SplitNNClient - INFO - 3180 - phase=validation acc=0.7106 loss=71.43366128206253 epoch=28 and step=79

2026-04-20 01:06:25,668 - SplitNNClient - INFO - 23932 - phase=validation acc=0.7108 loss=71.22586542367935 epoch=28 and step=79
2026-04-20 01:06:25,669 - SplitNNClient - INFO - 23172 - phase=validation acc=0.7108 loss=71.22586542367935 epoch=28 and step=79
2026-04-20 01:07:03,342 - SplitNNClient - INFO - 14632 - phase=train acc=0.69375 loss=8.233032584190369 epoch=29 and step=10
2026-04-20 01:07:09,786 - SplitNNClient - INFO - 3180 - phase=train acc=0.8203125 loss=5.159873306751251 epoch=29 and step=10
2026-04-20 01:07:10,850 - SplitNNClient - INFO - 13456 - phase=train acc=0.8578125 loss=4.513493031263351 epoch=29 and step=10
2026-04-20 01:07:17,271 - SplitNNClient - INFO - 23172 - phase=train acc=0.78984375 loss=5.712447643280029 epoch=29 and step=10
2026-04-20 01:07:18,392 - SplitNNClient - INFO - 23932 - phase=train acc=0.80390625 loss=6.1619516015052795 epoch=29 and step=10
2026-04-20 01:07:56,765 - SplitNNClient - INFO - 14632 - phase=train acc=0.731640625 loss=14.019704759120941 epoch=29 and step=20
2026-04-20 01:08:03,147 - SplitNNClient - INFO - 3180 - phase=train acc=0.820703125 loss=10.207857578992844 epoch=29 and step=20
2026-04-20 01:08:04,213 - SplitNNClient - INFO - 13456 - phase=train acc=0.85234375 loss=8.931955218315125 epoch=29 and step=20
2026-04-20 01:08:10,667 - SplitNNClient - INFO - 23172 - phase=train acc=0.81171875 loss=10.550184518098831 epoch=29 and step=20
2026-04-20 01:08:11,760 - SplitNNClient - INFO - 23932 - phase=train acc=0.812109375 loss=11.721568644046783 epoch=29 and step=20
2026-04-20 01:08:50,340 - SplitNNClient - INFO - 14632 - phase=train acc=0.7369791666666666 loss=20.584853887557983 epoch=29 and step=30
2026-04-20 01:08:56,730 - SplitNNClient - INFO - 3180 - phase=train acc=0.828125 loss=14.69699227809906 epoch=29 and step=30
2026-04-20 01:08:57,797 - SplitNNClient - INFO - 13456 - phase=train acc=0.8502604166666666 loss=13.532125502824783 epoch=29 and step=30
2026-04-20 01:09:04,250 - SplitNNClient - INFO - 23172 - phase=train acc=0.8197916666666667 loss=15.291379481554031 epoch=29 and step=30
2026-04-20 01:09:05,283 - SplitNNClient - INFO - 23932 - phase=train acc=0.8151041666666666 loss=16.94476655125618 epoch=29 and step=30
2026-04-20 01:09:43,968 - SplitNNClient - INFO - 14632 - phase=train acc=0.742578125 loss=27.03953868150711 epoch=29 and step=40
2026-04-20 01:09:50,384 - SplitNNClient - INFO - 3180 - phase=train acc=0.8275390625 loss=19.51785546541214 epoch=29 and step=40
2026-04-20 01:09:51,448 - SplitNNClient - INFO - 13456 - phase=train acc=0.8466796875 loss=18.002758860588074 epoch=29 and step=40
2026-04-20 01:09:57,830 - SplitNNClient - INFO - 23172 - phase=train acc=0.8263671875 loss=19.804818868637085 epoch=29 and step=40
2026-04-20 01:09:58,900 - SplitNNClient - INFO - 23932 - phase=train acc=0.8169921875 loss=21.934710085392 epoch=29 and step=40
2026-04-20 01:10:37,707 - SplitNNClient - INFO - 14632 - phase=train acc=0.74234375 loss=33.66490453481674 epoch=29 and step=50
2026-04-20 01:10:44,173 - SplitNNClient - INFO - 3180 - phase=train acc=0.82609375 loss=24.63304391503334 epoch=29 and step=50
2026-04-20 01:10:45,266 - SplitNNClient - INFO - 13456 - phase=train acc=0.8453125 loss=22.535844951868057 epoch=29 and step=50
2026-04-20 01:10:51,595 - SplitNNClient - INFO - 23172 - phase=train acc=0.82953125 loss=24.397246152162552 epoch=29 and step=50
2026-04-20 01:10:52,656 - SplitNNClient - INFO - 23932 - phase=train acc=0.8109375 loss=27.81995266675949 epoch=29 and step=50
2026-04-20 01:11:30,321 - SplitNNClient - INFO - 3180 - phase=train acc=0.823828125 loss=29.85162180662155 epoch=29 and step=60
2026-04-20 01:11:31,385 - SplitNNClient - INFO - 13456 - phase=train acc=0.8473958333333333 loss=26.92888706922531 epoch=29 and step=60
2026-04-20 01:11:36,635 - SplitNNClient - INFO - 23172 - phase=train acc=0.8305989583333333 loss=28.78261610865593 epoch=29 and step=60
2026-04-20 01:11:37,703 - SplitNNClient - INFO - 23932 - phase=train acc=0.8140625 loss=33.10261669754982 epoch=29 and step=60
2026-04-20 01:12:11,787 - SplitNNClient - INFO - 13456 - phase=train acc=0.8463169642857142 loss=31.58296799659729 epoch=29 and step=70
2026-04-20 01:12:15,012 - SplitNNClient - INFO - 23932 - phase=train acc=0.8129464285714286 loss=38.362455397844315 epoch=29 and step=70
2026-04-20 01:12:31,332 - SplitNNClient - INFO - 13456 - phase=train acc=0.8451171875 loss=36.49417641758919 epoch=29 and step=80
2026-04-20 01:12:43,245 - SplitNNClient - INFO - 13456 - phase=train acc=0.8448784722222222 loss=41.1905372440815 epoch=29 and step=90
2026-04-20 01:12:55,084 - SplitNNClient - INFO - 13456 - phase=train acc=0.8453125 loss=45.88753640651703 epoch=29 and step=100
2026-04-20 01:13:06,956 - SplitNNClient - INFO - 13456 - phase=train acc=0.84609375 loss=50.33805164694786 epoch=29 and step=110
2026-04-20 01:13:18,844 - SplitNNClient - INFO - 13456 - phase=train acc=0.845703125 loss=55.07898300886154 epoch=29 and step=120
2026-04-20 01:13:21,246 - FedServerManager - INFO - 19484 - get all model params ---- from rank 6
2026-04-20 01:13:31,275 - SplitNNClient - INFO - 3180 - phase=validation acc=0.718 loss=74.58482313156128 epoch=29 and step=79
2026-04-20 01:13:32,535 - SplitNNClient - INFO - 23932 - phase=validation acc=0.718 loss=74.49992710351944 epoch=29 and step=79
2026-04-20 01:13:32,592 - SplitNNClient - INFO - 14632 - phase=validation acc=0.7182 loss=74.456249833107 epoch=29 and step=79
2026-04-20 01:13:33,757 - SplitNNClient - INFO - 13456 - phase=validation acc=0.7183 loss=74.33690577745438 epoch=29 and step=79
2026-04-20 01:13:38,139 - SplitNNClient - INFO - 23172 - phase=validation acc=0.7189 loss=73.98526448011398 epoch=29 and step=79
2026-04-20 01:14:17,950 - SplitNNClient - INFO - 3180 - phase=train acc=0.8046875 loss=5.65314120054245 epoch=30 and step=10
2026-04-20 01:14:21,173 - SplitNNClient - INFO - 23932 - phase=train acc=0.7921875 loss=6.188907325267792 epoch=30 and step=10
2026-04-20 01:14:22,268 - SplitNNClient - INFO - 14632 - phase=train acc=0.7296875 loss=7.462533235549927 epoch=30 and step=10
2026-04-20 01:14:24,462 - SplitNNClient - INFO - 13456 - phase=train acc=0.83046875 loss=4.83254536986351 epoch=30 and step=10
2026-04-20 01:14:30,877 - SplitNNClient - INFO - 23172 - phase=train acc=0.81796875 loss=5.375758528709412 epoch=30 and step=10
2026-04-20 01:15:11,329 - SplitNNClient - INFO - 3180 - phase=train acc=0.814453125 loss=10.617879658937454 epoch=30 and step=20
2026-04-20 01:15:14,589 - SplitNNClient - INFO - 23932 - phase=train acc=0.815625 loss=11.050136476755142 epoch=30 and step=20
2026-04-20 01:15:15,652 - SplitNNClient - INFO - 14632 - phase=train acc=0.7484375 loss=13.617634981870651 epoch=30 and step=20
2026-04-20 01:15:17,752 - SplitNNClient - INFO - 13456 - phase=train acc=0.83359375 loss=9.3484266102314 epoch=30 and step=20
2026-04-20 01:15:24,101 - SplitNNClient - INFO - 23172 - phase=train acc=0.833203125 loss=9.81918403506279 epoch=30 and step=20
2026-04-20 01:16:04,730 - SplitNNClient - INFO - 3180 - phase=train acc=0.8205729166666667 loss=15.54946094751358 epoch=30 and step=30
2026-04-20 01:16:07,904 - SplitNNClient - INFO - 23932 - phase=train acc=0.8247395833333333 loss=15.838086932897568 epoch=30 and step=30
2026-04-20 01:16:08,996 - SplitNNClient - INFO - 14632 - phase=train acc=0.7609375 loss=19.499511301517487 epoch=30 and step=30
2026-04-20 01:16:11,128 - SplitNNClient - INFO - 13456 - phase=train acc=0.8393229166666667 loss=13.740431278944016 epoch=30 and step=30
2026-04-20 01:16:17,433 - SplitNNClient - INFO - 23172 - phase=train acc=0.8356770833333333 loss=14.285262316465378 epoch=30 and step=30
2026-04-20 01:16:57,986 - SplitNNClient - INFO - 3180 - phase=train acc=0.8279296875 loss=19.967713534832 epoch=30 and step=40
2026-04-20 01:17:01,193 - SplitNNClient - INFO - 23932 - phase=train acc=0.822265625 loss=20.992261856794357 epoch=30 and step=40
2026-04-20 01:17:02,230 - SplitNNClient - INFO - 14632 - phase=train acc=0.763671875 loss=25.32661807537079 epoch=30 and step=40
2026-04-20 01:17:04,363 - SplitNNClient - INFO - 13456 - phase=train acc=0.841015625 loss=18.37633839249611 epoch=30 and step=40
2026-04-20 01:17:10,737 - SplitNNClient - INFO - 23172 - phase=train acc=0.8384765625 loss=18.68136277794838 epoch=30 and step=40
2026-04-20 01:17:51,731 - SplitNNClient - INFO - 3180 - phase=train acc=0.8309375 loss=24.498569071292877 epoch=30 and step=50
2026-04-20 01:17:54,956 - SplitNNClient - INFO - 23932 - phase=train acc=0.82171875 loss=26.40833157300949 epoch=30 and step=50
2026-04-20 01:17:56,021 - SplitNNClient - INFO - 14632 - phase=train acc=0.76296875 loss=31.892578661441803 epoch=30 and step=50
2026-04-20 01:17:58,185 - SplitNNClient - INFO - 13456 - phase=train acc=0.84171875 loss=23.004692256450653 epoch=30 and step=50
2026-04-20 01:18:04,633 - SplitNNClient - INFO - 23172 - phase=train acc=0.83734375 loss=23.234963327646255 epoch=30 and step=50
2026-04-20 01:18:39,811 - SplitNNClient - INFO - 3180 - phase=train acc=0.8315104166666667 loss=29.33576598763466 epoch=30 and step=60
2026-04-20 01:18:43,065 - SplitNNClient - INFO - 23932 - phase=train acc=0.8225260416666667 loss=31.70761740207672 epoch=30 and step=60
2026-04-20 01:18:45,216 - SplitNNClient - INFO - 13456 - phase=train acc=0.8447916666666667 loss=27.168520480394363 epoch=30 and step=60
2026-04-20 01:18:50,587 - SplitNNClient - INFO - 23172 - phase=train acc=0.8373697916666667 loss=27.869170308113098 epoch=30 and step=60
2026-04-20 01:19:23,864 - SplitNNClient - INFO - 23932 - phase=train acc=0.82578125 loss=36.39677283167839 epoch=30 and step=70
2026-04-20 01:19:24,954 - SplitNNClient - INFO - 13456 - phase=train acc=0.8453125 loss=31.651171684265137 epoch=30 and step=70
2026-04-20 01:19:42,539 - SplitNNClient - INFO - 13456 - phase=train acc=0.8458984375 loss=36.1320895254612 epoch=30 and step=80
2026-04-20 01:19:54,611 - SplitNNClient - INFO - 13456 - phase=train acc=0.8452256944444444 loss=40.71488717198372 epoch=30 and step=90
2026-04-20 01:20:06,489 - SplitNNClient - INFO - 13456 - phase=train acc=0.843828125 loss=45.45042836666107 epoch=30 and step=100
2026-04-20 01:20:18,454 - SplitNNClient - INFO - 13456 - phase=train acc=0.8443181818181819 loss=49.99587827920914 epoch=30 and step=110
2026-04-20 01:20:30,332 - SplitNNClient - INFO - 13456 - phase=train acc=0.8434244791666666 loss=54.69977965950966 epoch=30 and step=120
2026-04-20 01:20:32,795 - FedServerManager - INFO - 19484 - get all model params ---- from rank 6
2026-04-20 01:20:42,389 - SplitNNClient - INFO - 23172 - phase=validation acc=0.7366 loss=68.64401799440384 epoch=30 and step=79
2026-04-20 01:20:42,392 - SplitNNClient - INFO - 14632 - phase=validation acc=0.7366 loss=68.64401799440384 epoch=30 and step=79
2026-04-20 01:20:45,878 - SplitNNClient - INFO - 3180 - phase=validation acc=0.7371 loss=68.4669446349144 epoch=30 and step=79
2026-04-20 01:20:46,939 - SplitNNClient - INFO - 23932 - phase=validation acc=0.7383 loss=68.29087990522385 epoch=30 and step=79
2026-04-20 01:20:46,971 - SplitNNClient - INFO - 13456 - phase=validation acc=0.7378 loss=68.33961397409439 epoch=30 and step=79
2026-04-20 01:21:26,886 - SplitNNClient - INFO - 14632 - phase=train acc=0.74375 loss=7.021887898445129 epoch=31 and step=10
2026-04-20 01:21:29,075 - SplitNNClient - INFO - 23172 - phase=train acc=0.8015625 loss=5.366745799779892 epoch=31 and step=10
2026-04-20 01:21:36,639 - SplitNNClient - INFO - 3180 - phase=train acc=0.82265625 loss=5.28115251660347 epoch=31 and step=10
2026-04-20 01:21:38,789 - SplitNNClient - INFO - 23932 - phase=train acc=0.79296875 loss=5.876680552959442 epoch=31 and step=10
2026-04-20 01:21:40,877 - SplitNNClient - INFO - 13456 - phase=train acc=0.8453125 loss=4.478355526924133 epoch=31 and step=10
2026-04-20 01:22:20,302 - SplitNNClient - INFO - 14632 - phase=train acc=0.750390625 loss=13.120654940605164 epoch=31 and step=20
2026-04-20 01:22:22,432 - SplitNNClient - INFO - 23172 - phase=train acc=0.819921875 loss=10.069798856973648 epoch=31 and step=20
2026-04-20 01:22:29,913 - SplitNNClient - INFO - 3180 - phase=train acc=0.8296875 loss=9.847749173641205 epoch=31 and step=20
2026-04-20 01:22:32,038 - SplitNNClient - INFO - 23932 - phase=train acc=0.803125 loss=11.105588167905807 epoch=31 and step=20
2026-04-20 01:22:34,171 - SplitNNClient - INFO - 13456 - phase=train acc=0.84453125 loss=9.147529423236847 epoch=31 and step=20
2026-04-20 01:23:13,767 - SplitNNClient - INFO - 14632 - phase=train acc=0.7518229166666667 loss=19.22710508108139 epoch=31 and step=30
2026-04-20 01:23:15,897 - SplitNNClient - INFO - 23172 - phase=train acc=0.8229166666666666 loss=14.911513030529022 epoch=31 and step=30
2026-04-20 01:23:23,474 - SplitNNClient - INFO - 3180 - phase=train acc=0.8265625 loss=14.635578155517578 epoch=31 and step=30
2026-04-20 01:23:25,609 - SplitNNClient - INFO - 23932 - phase=train acc=0.8091145833333333 loss=16.37234789133072 epoch=31 and step=30
2026-04-20 01:23:27,738 - SplitNNClient - INFO - 13456 - phase=train acc=0.8393229166666667 loss=13.83060759305954 epoch=31 and step=30
2026-04-20 01:24:07,164 - SplitNNClient - INFO - 14632 - phase=train acc=0.75390625 loss=25.30333060026169 epoch=31 and step=40
2026-04-20 01:24:09,294 - SplitNNClient - INFO - 23172 - phase=train acc=0.82734375 loss=19.545691400766373 epoch=31 and step=40
2026-04-20 01:24:16,866 - SplitNNClient - INFO - 3180 - phase=train acc=0.8240234375 loss=19.689063131809235 epoch=31 and step=40
2026-04-20 01:24:19,025 - SplitNNClient - INFO - 23932 - phase=train acc=0.8123046875 loss=21.499733835458755 epoch=31 and step=40
2026-04-20 01:24:21,152 - SplitNNClient - INFO - 13456 - phase=train acc=0.84296875 loss=18.151540517807007 epoch=31 and step=40
2026-04-20 01:25:00,879 - SplitNNClient - INFO - 14632 - phase=train acc=0.75390625 loss=31.96592938899994 epoch=31 and step=50
2026-04-20 01:25:03,064 - SplitNNClient - INFO - 23172 - phase=train acc=0.82984375 loss=23.953181743621826 epoch=31 and step=50
2026-04-20 01:25:10,565 - SplitNNClient - INFO - 3180 - phase=train acc=0.8259375 loss=24.320340126752853 epoch=31 and step=50
2026-04-20 01:25:12,759 - SplitNNClient - INFO - 23932 - phase=train acc=0.81203125 loss=26.924548983573914 epoch=31 and step=50
2026-04-20 01:25:14,855 - SplitNNClient - INFO - 13456 - phase=train acc=0.845 loss=22.348041117191315 epoch=31 and step=50
2026-04-20 01:25:49,952 - SplitNNClient - INFO - 23172 - phase=train acc=0.828515625 loss=28.741790682077408 epoch=31 and step=60
2026-04-20 01:25:56,434 - SplitNNClient - INFO - 3180 - phase=train acc=0.82734375 loss=29.225203424692154 epoch=31 and step=60
2026-04-20 01:25:57,501 - SplitNNClient - INFO - 23932 - phase=train acc=0.8140625 loss=32.10886934399605 epoch=31 and step=60
2026-04-20 01:25:59,623 - SplitNNClient - INFO - 13456 - phase=train acc=0.8477864583333333 loss=26.574178338050842 epoch=31 and step=60
2026-04-20 01:26:34,906 - SplitNNClient - INFO - 23932 - phase=train acc=0.8165178571428572 loss=36.87528145313263 epoch=31 and step=70
2026-04-20 01:26:35,908 - SplitNNClient - INFO - 13456 - phase=train acc=0.8484375 loss=30.830750793218613 epoch=31 and step=70
2026-04-20 01:26:53,414 - SplitNNClient - INFO - 13456 - phase=train acc=0.84794921875 loss=35.09336417913437 epoch=31 and step=80
2026-04-20 01:27:05,315 - SplitNNClient - INFO - 13456 - phase=train acc=0.8486979166666667 loss=39.46397486329079 epoch=31 and step=90
2026-04-20 01:27:17,245 - SplitNNClient - INFO - 13456 - phase=train acc=0.848671875 loss=43.90369117259979 epoch=31 and step=100
2026-04-20 01:27:29,134 - SplitNNClient - INFO - 13456 - phase=train acc=0.8475852272727272 loss=48.42107692360878 epoch=31 and step=110
2026-04-20 01:27:41,085 - SplitNNClient - INFO - 13456 - phase=train acc=0.8475260416666667 loss=52.61161649227142 epoch=31 and step=120
2026-04-20 01:27:43,430 - FedServerManager - INFO - 19484 - get all model params ---- from rank 6
2026-04-20 01:27:53,643 - SplitNNClient - INFO - 23172 - phase=validation acc=0.7259 loss=70.45652359724045 epoch=31 and step=79
2026-04-20 01:27:53,674 - SplitNNClient - INFO - 14632 - phase=validation acc=0.7259 loss=70.45652359724045 epoch=31 and step=79
2026-04-20 01:27:57,056 - SplitNNClient - INFO - 13456 - phase=validation acc=0.7265 loss=70.45971095561981 epoch=31 and step=79
2026-04-20 01:27:58,232 - SplitNNClient - INFO - 3180 - phase=validation acc=0.7269 loss=70.4580397605896 epoch=31 and step=79
2026-04-20 01:28:03,717 - SplitNNClient - INFO - 23932 - phase=validation acc=0.7265 loss=70.67873793840408 epoch=31 and step=79
2026-04-20 01:28:37,230 - SplitNNClient - INFO - 23172 - phase=train acc=0.82734375 loss=5.223122030496597 epoch=32 and step=10
2026-04-20 01:28:39,385 - SplitNNClient - INFO - 14632 - phase=train acc=0.74296875 loss=7.308127462863922 epoch=32 and step=10
2026-04-20 01:28:46,832 - SplitNNClient - INFO - 13456 - phase=train acc=0.8359375 loss=4.906732380390167 epoch=32 and step=10
2026-04-20 01:28:48,996 - SplitNNClient - INFO - 3180 - phase=train acc=0.803125 loss=5.8798604011535645 epoch=32 and step=10
2026-04-20 01:28:56,468 - SplitNNClient - INFO - 23932 - phase=train acc=0.7953125 loss=5.744646191596985 epoch=32 and step=10
2026-04-20 01:29:30,684 - SplitNNClient - INFO - 23172 - phase=train acc=0.846484375 loss=9.266276150941849 epoch=32 and step=20
2026-04-20 01:29:32,807 - SplitNNClient - INFO - 14632 - phase=train acc=0.758984375 loss=12.994054079055786 epoch=32 and step=20
2026-04-20 01:29:40,225 - SplitNNClient - INFO - 13456 - phase=train acc=0.846484375 loss=9.148823022842407 epoch=32 and step=20
2026-04-20 01:29:42,349 - SplitNNClient - INFO - 3180 - phase=train acc=0.823046875 loss=10.171667963266373 epoch=32 and step=20
2026-04-20 01:29:49,896 - SplitNNClient - INFO - 23932 - phase=train acc=0.810546875 loss=10.813353568315506 epoch=32 and step=20
2026-04-20 01:30:23,891 - SplitNNClient - INFO - 23172 - phase=train acc=0.8427083333333333 loss=13.800924897193909 epoch=32 and step=30
2026-04-20 01:30:25,989 - SplitNNClient - INFO - 14632 - phase=train acc=0.7578125 loss=19.557776749134064 epoch=32 and step=30
2026-04-20 01:30:33,410 - SplitNNClient - INFO - 13456 - phase=train acc=0.8432291666666667 loss=13.922220349311829 epoch=32 and step=30
2026-04-20 01:30:35,509 - SplitNNClient - INFO - 3180 - phase=train acc=0.8234375 loss=15.223772555589676 epoch=32 and step=30
2026-04-20 01:30:43,026 - SplitNNClient - INFO - 23932 - phase=train acc=0.8140625 loss=15.98187205195427 epoch=32 and step=30
2026-04-20 01:31:17,126 - SplitNNClient - INFO - 23172 - phase=train acc=0.842578125 loss=18.28639778494835 epoch=32 and step=40
2026-04-20 01:31:19,252 - SplitNNClient - INFO - 14632 - phase=train acc=0.765234375 loss=25.144391238689423 epoch=32 and step=40
2026-04-20 01:31:26,576 - SplitNNClient - INFO - 13456 - phase=train acc=0.8470703125 loss=17.89784410595894 epoch=32 and step=40
2026-04-20 01:31:28,681 - SplitNNClient - INFO - 3180 - phase=train acc=0.8291015625 loss=19.49952346086502 epoch=32 and step=40
2026-04-20 01:31:36,073 - SplitNNClient - INFO - 23932 - phase=train acc=0.8205078125 loss=20.59396207332611 epoch=32 and step=40
2026-04-20 01:32:10,054 - SplitNNClient - INFO - 23172 - phase=train acc=0.83859375 loss=23.109278678894043 epoch=32 and step=50
2026-04-20 01:32:12,181 - SplitNNClient - INFO - 14632 - phase=train acc=0.760625 loss=31.427956998348236 epoch=32 and step=50
2026-04-20 01:32:19,802 - SplitNNClient - INFO - 13456 - phase=train acc=0.84921875 loss=22.002216950058937 epoch=32 and step=50
2026-04-20 01:32:21,958 - SplitNNClient - INFO - 3180 - phase=train acc=0.82875 loss=24.134571611881256 epoch=32 and step=50
2026-04-20 01:32:29,462 - SplitNNClient - INFO - 23932 - phase=train acc=0.82015625 loss=25.651087820529938 epoch=32 and step=50
2026-04-20 01:32:58,550 - SplitNNClient - INFO - 23172 - phase=train acc=0.837890625 loss=27.686187267303467 epoch=32 and step=60
2026-04-20 01:33:06,095 - SplitNNClient - INFO - 13456 - phase=train acc=0.8498697916666667 loss=26.04052595794201 epoch=32 and step=60
2026-04-20 01:33:08,220 - SplitNNClient - INFO - 3180 - phase=train acc=0.833203125 loss=28.178248465061188 epoch=32 and step=60
2026-04-20 01:33:13,561 - SplitNNClient - INFO - 23932 - phase=train acc=0.8209635416666666 loss=30.967976599931717 epoch=32 and step=60
2026-04-20 01:33:44,639 - SplitNNClient - INFO - 13456 - phase=train acc=0.8511160714285714 loss=30.377000346779823 epoch=32 and step=70
2026-04-20 01:33:47,854 - SplitNNClient - INFO - 23932 - phase=train acc=0.8229910714285714 loss=35.86405450105667 epoch=32 and step=70
2026-04-20 01:34:04,271 - SplitNNClient - INFO - 13456 - phase=train acc=0.8505859375 loss=34.84115578234196 epoch=32 and step=80
2026-04-20 01:34:16,274 - SplitNNClient - INFO - 13456 - phase=train acc=0.8512152777777777 loss=38.94829584658146 epoch=32 and step=90
2026-04-20 01:34:28,279 - SplitNNClient - INFO - 13456 - phase=train acc=0.85265625 loss=43.1815794557333 epoch=32 and step=100
2026-04-20 01:34:40,215 - SplitNNClient - INFO - 13456 - phase=train acc=0.854190340909091 loss=47.24069111049175 epoch=32 and step=110
2026-04-20 01:34:52,204 - SplitNNClient - INFO - 13456 - phase=train acc=0.8550130208333333 loss=51.23919413983822 epoch=32 and step=120
2026-04-20 01:34:54,652 - FedServerManager - INFO - 19484 - get all model params ---- from rank 6
2026-04-20 01:35:04,513 - SplitNNClient - INFO - 14632 - phase=validation acc=0.7345 loss=71.36717611551285 epoch=32 and step=79
2026-04-20 01:35:05,823 - SplitNNClient - INFO - 3180 - phase=validation acc=0.7346 loss=71.20055967569351 epoch=32 and step=79
2026-04-20 01:35:05,830 - SplitNNClient - INFO - 23172 - phase=validation acc=0.7346 loss=71.20055967569351 epoch=32 and step=79
2026-04-20 01:35:08,163 - SplitNNClient - INFO - 13456 - phase=validation acc=0.7346 loss=71.00821447372437 epoch=32 and step=79
2026-04-20 01:35:09,289 - SplitNNClient - INFO - 23932 - phase=validation acc=0.7347 loss=70.95505732297897 epoch=32 and step=79
2026-04-20 01:35:48,325 - SplitNNClient - INFO - 14632 - phase=train acc=0.71640625 loss=7.145480155944824 epoch=33 and step=10
2026-04-20 01:35:55,876 - SplitNNClient - INFO - 3180 - phase=train acc=0.83515625 loss=5.218141168355942 epoch=33 and step=10
2026-04-20 01:35:58,037 - SplitNNClient - INFO - 23172 - phase=train acc=0.834375 loss=4.67696139216423 epoch=33 and step=10
2026-04-20 01:36:00,228 - SplitNNClient - INFO - 13456 - phase=train acc=0.85234375 loss=4.326259613037109 epoch=33 and step=10
2026-04-20 01:36:02,389 - SplitNNClient - INFO - 23932 - phase=train acc=0.80234375 loss=5.88059601187706 epoch=33 and step=10
2026-04-20 01:36:41,835 - SplitNNClient - INFO - 14632 - phase=train acc=0.744921875 loss=13.240012347698212 epoch=33 and step=20
2026-04-20 01:36:49,269 - SplitNNClient - INFO - 3180 - phase=train acc=0.84375 loss=9.668481290340424 epoch=33 and step=20
2026-04-20 01:36:51,329 - SplitNNClient - INFO - 23172 - phase=train acc=0.83671875 loss=9.17450413107872 epoch=33 and step=20
2026-04-20 01:36:53,542 - SplitNNClient - INFO - 13456 - phase=train acc=0.858984375 loss=8.102418422698975 epoch=33 and step=20
2026-04-20 01:36:55,704 - SplitNNClient - INFO - 23932 - phase=train acc=0.823046875 loss=10.68351885676384 epoch=33 and step=20
2026-04-20 01:37:35,417 - SplitNNClient - INFO - 14632 - phase=train acc=0.7510416666666667 loss=19.573177337646484 epoch=33 and step=30
2026-04-20 01:37:42,893 - SplitNNClient - INFO - 3180 - phase=train acc=0.84453125 loss=14.268313109874725 epoch=33 and step=30
2026-04-20 01:37:45,020 - SplitNNClient - INFO - 23172 - phase=train acc=0.8421875 loss=13.250856846570969 epoch=33 and step=30
2026-04-20 01:37:47,175 - SplitNNClient - INFO - 13456 - phase=train acc=0.8559895833333333 loss=12.1002958714962 epoch=33 and step=30
2026-04-20 01:37:49,300 - SplitNNClient - INFO - 23932 - phase=train acc=0.82890625 loss=15.582195580005646 epoch=33 and step=30
2026-04-20 01:38:28,981 - SplitNNClient - INFO - 14632 - phase=train acc=0.7533203125 loss=25.597605884075165 epoch=33 and step=40
2026-04-20 01:38:36,524 - SplitNNClient - INFO - 3180 - phase=train acc=0.8421875 loss=18.973566383123398 epoch=33 and step=40
2026-04-20 01:38:38,645 - SplitNNClient - INFO - 23172 - phase=train acc=0.846484375 loss=17.45577785372734 epoch=33 and step=40
2026-04-20 01:38:40,776 - SplitNNClient - INFO - 13456 - phase=train acc=0.856640625 loss=16.229443550109863 epoch=33 and step=40
2026-04-20 01:38:42,869 - SplitNNClient - INFO - 23932 - phase=train acc=0.8287109375 loss=20.60075670480728 epoch=33 and step=40
2026-04-20 01:39:22,478 - SplitNNClient - INFO - 14632 - phase=train acc=0.7571875 loss=31.53672295808792 epoch=33 and step=50
2026-04-20 01:39:30,067 - SplitNNClient - INFO - 3180 - phase=train acc=0.84140625 loss=23.518925607204437 epoch=33 and step=50
2026-04-20 01:39:32,191 - SplitNNClient - INFO - 23172 - phase=train acc=0.84765625 loss=21.432757318019867 epoch=33 and step=50
2026-04-20 01:39:34,349 - SplitNNClient - INFO - 13456 - phase=train acc=0.85484375 loss=20.81156125664711 epoch=33 and step=50
2026-04-20 01:39:36,472 - SplitNNClient - INFO - 23932 - phase=train acc=0.828125 loss=25.93777161836624 epoch=33 and step=50
2026-04-20 01:40:16,088 - SplitNNClient - INFO - 3180 - phase=train acc=0.8395833333333333 loss=28.18848967552185 epoch=33 and step=60
2026-04-20 01:40:18,246 - SplitNNClient - INFO - 23172 - phase=train acc=0.8470052083333334 loss=25.812980949878693 epoch=33 and step=60
2026-04-20 01:40:19,308 - SplitNNClient - INFO - 13456 - phase=train acc=0.8557291666666667 loss=25.07086655497551 epoch=33 and step=60
2026-04-20 01:40:21,471 - SplitNNClient - INFO - 23932 - phase=train acc=0.82890625 loss=30.628099650144577 epoch=33 and step=60
2026-04-20 01:40:57,681 - SplitNNClient - INFO - 13456 - phase=train acc=0.8559151785714286 loss=29.44673129916191 epoch=33 and step=70
2026-04-20 01:40:58,747 - SplitNNClient - INFO - 23932 - phase=train acc=0.8282366071428572 loss=35.97586479783058 epoch=33 and step=70
2026-04-20 01:41:16,302 - SplitNNClient - INFO - 13456 - phase=train acc=0.85556640625 loss=33.7280056476593 epoch=33 and step=80
2026-04-20 01:41:28,316 - SplitNNClient - INFO - 13456 - phase=train acc=0.8553819444444445 loss=38.064450204372406 epoch=33 and step=90
2026-04-20 01:41:40,299 - SplitNNClient - INFO - 13456 - phase=train acc=0.85515625 loss=42.45889925956726 epoch=33 and step=100
2026-04-20 01:41:52,165 - SplitNNClient - INFO - 13456 - phase=train acc=0.8549005681818181 loss=46.71455818414688 epoch=33 and step=110
2026-04-20 01:42:03,986 - SplitNNClient - INFO - 13456 - phase=train acc=0.8535807291666667 loss=51.03063389658928 epoch=33 and step=120
2026-04-20 01:42:06,358 - FedServerManager - INFO - 19484 - get all model params ---- from rank 6
2026-04-20 01:42:16,061 - SplitNNClient - INFO - 14632 - phase=validation acc=0.7426 loss=65.43023473024368 epoch=33 and step=79
2026-04-20 01:42:18,723 - SplitNNClient - INFO - 3180 - phase=validation acc=0.7431 loss=65.21520894765854 epoch=33 and step=79
2026-04-20 01:42:22,201 - SplitNNClient - INFO - 23172 - phase=validation acc=0.7434 loss=65.19675546884537 epoch=33 and step=79
2026-04-20 01:42:23,301 - SplitNNClient - INFO - 13456 - phase=validation acc=0.7426 loss=65.31338757276535 epoch=33 and step=79
2026-04-20 01:42:25,489 - SplitNNClient - INFO - 23932 - phase=validation acc=0.7424 loss=65.41418242454529 epoch=33 and step=79
2026-04-20 01:42:54,738 - SplitNNClient - INFO - 14632 - phase=train acc=0.73046875 loss=7.407918453216553 epoch=34 and step=10
2026-04-20 01:43:03,404 - SplitNNClient - INFO - 3180 - phase=train acc=0.80234375 loss=5.733057051897049 epoch=34 and step=10
2026-04-20 01:43:12,001 - SplitNNClient - INFO - 23172 - phase=train acc=0.79921875 loss=5.760360836982727 epoch=34 and step=10
2026-04-20 01:43:15,259 - SplitNNClient - INFO - 13456 - phase=train acc=0.87421875 loss=3.8351188600063324 epoch=34 and step=10
2026-04-20 01:43:18,498 - SplitNNClient - INFO - 23932 - phase=train acc=0.78671875 loss=6.349085420370102 epoch=34 and step=10
2026-04-20 01:43:48,337 - SplitNNClient - INFO - 14632 - phase=train acc=0.75703125 loss=13.312815189361572 epoch=34 and step=20
2026-04-20 01:43:56,934 - SplitNNClient - INFO - 3180 - phase=train acc=0.820703125 loss=10.208609759807587 epoch=34 and step=20
2026-04-20 01:44:05,396 - SplitNNClient - INFO - 23172 - phase=train acc=0.829296875 loss=9.470463544130325 epoch=34 and step=20
2026-04-20 01:44:08,585 - SplitNNClient - INFO - 13456 - phase=train acc=0.866796875 loss=8.31019389629364 epoch=34 and step=20
2026-04-20 01:44:11,844 - SplitNNClient - INFO - 23932 - phase=train acc=0.8203125 loss=10.991937309503555 epoch=34 and step=20
2026-04-20 01:44:41,894 - SplitNNClient - INFO - 14632 - phase=train acc=0.765625 loss=19.121517181396484 epoch=34 and step=30
2026-04-20 01:44:50,491 - SplitNNClient - INFO - 3180 - phase=train acc=0.8221354166666667 loss=15.083739757537842 epoch=34 and step=30
2026-04-20 01:44:59,099 - SplitNNClient - INFO - 23172 - phase=train acc=0.834375 loss=13.954251676797867 epoch=34 and step=30
2026-04-20 01:45:02,295 - SplitNNClient - INFO - 13456 - phase=train acc=0.8614583333333333 loss=12.924013912677765 epoch=34 and step=30
2026-04-20 01:45:05,545 - SplitNNClient - INFO - 23932 - phase=train acc=0.8263020833333333 loss=15.592944830656052 epoch=34 and step=30
2026-04-20 01:45:33,566 - SplitNNClient - INFO - 14632 - phase=train acc=0.7708984375 loss=24.873688459396362 epoch=34 and step=40
2026-04-20 01:45:42,158 - SplitNNClient - INFO - 3180 - phase=train acc=0.82890625 loss=19.38397040963173 epoch=34 and step=40
2026-04-20 01:45:50,783 - SplitNNClient - INFO - 23172 - phase=train acc=0.84140625 loss=17.605534687638283 epoch=34 and step=40
2026-04-20 01:45:54,015 - SplitNNClient - INFO - 13456 - phase=train acc=0.8625 loss=17.013994127511978 epoch=34 and step=40
2026-04-20 01:45:57,273 - SplitNNClient - INFO - 23932 - phase=train acc=0.8251953125 loss=20.777254313230515 epoch=34 and step=40
2026-04-20 01:46:27,363 - SplitNNClient - INFO - 14632 - phase=train acc=0.7746875 loss=30.60940659046173 epoch=34 and step=50
2026-04-20 01:46:36,027 - SplitNNClient - INFO - 3180 - phase=train acc=0.83171875 loss=23.938926190137863 epoch=34 and step=50
2026-04-20 01:46:44,691 - SplitNNClient - INFO - 23172 - phase=train acc=0.8428125 loss=21.99524898827076 epoch=34 and step=50
2026-04-20 01:46:47,948 - SplitNNClient - INFO - 13456 - phase=train acc=0.86078125 loss=21.381334096193314 epoch=34 and step=50
2026-04-20 01:46:51,157 - SplitNNClient - INFO - 23932 - phase=train acc=0.82546875 loss=25.90331470966339 epoch=34 and step=50
2026-04-20 01:47:22,182 - SplitNNClient - INFO - 3180 - phase=train acc=0.834765625 loss=28.257368355989456 epoch=34 and step=60
2026-04-20 01:47:28,610 - SplitNNClient - INFO - 23172 - phase=train acc=0.8436197916666667 loss=26.42827580869198 epoch=34 and step=60
2026-04-20 01:47:31,839 - SplitNNClient - INFO - 13456 - phase=train acc=0.859765625 loss=25.706955015659332 epoch=34 and step=60
2026-04-20 01:47:33,968 - SplitNNClient - INFO - 23932 - phase=train acc=0.825 loss=31.21413564682007 epoch=34 and step=60
2026-04-20 01:48:08,600 - SplitNNClient - INFO - 13456 - phase=train acc=0.859375 loss=29.935279816389084 epoch=34 and step=70
2026-04-20 01:48:09,659 - SplitNNClient - INFO - 23932 - phase=train acc=0.8255580357142858 loss=36.15619993209839 epoch=34 and step=70
2026-04-20 01:48:27,399 - SplitNNClient - INFO - 13456 - phase=train acc=0.858984375 loss=34.32049626111984 epoch=34 and step=80
2026-04-20 01:48:39,446 - SplitNNClient - INFO - 13456 - phase=train acc=0.8583333333333333 loss=38.59749302268028 epoch=34 and step=90
2026-04-20 01:48:51,438 - SplitNNClient - INFO - 13456 - phase=train acc=0.857734375 loss=42.927977949380875 epoch=34 and step=100
2026-04-20 01:49:03,379 - SplitNNClient - INFO - 13456 - phase=train acc=0.8568892045454546 loss=47.140697568655014 epoch=34 and step=110
2026-04-20 01:49:15,319 - SplitNNClient - INFO - 13456 - phase=train acc=0.8557942708333334 loss=51.72156348824501 epoch=34 and step=120
2026-04-20 01:49:17,716 - FedServerManager - INFO - 19484 - get all model params ---- from rank 6
2026-04-20 01:49:27,725 - SplitNNClient - INFO - 14632 - phase=validation acc=0.7422 loss=66.60153764486313 epoch=34 and step=79
2026-04-20 01:49:27,727 - SplitNNClient - INFO - 13456 - phase=validation acc=0.7422 loss=66.60153764486313 epoch=34 and step=79
2026-04-20 01:49:27,824 - SplitNNClient - INFO - 23172 - phase=validation acc=0.7422 loss=66.60153764486313 epoch=34 and step=79
2026-04-20 01:49:27,851 - SplitNNClient - INFO - 23932 - phase=validation acc=0.7422 loss=66.60153764486313 epoch=34 and step=79
2026-04-20 01:49:30,068 - SplitNNClient - INFO - 3180 - phase=validation acc=0.7422 loss=66.64362409710884 epoch=34 and step=79
2026-04-20 01:50:16,496 - SplitNNClient - INFO - 14632 - phase=train acc=0.73203125 loss=7.149623930454254 epoch=35 and step=10
2026-04-20 01:50:18,684 - SplitNNClient - INFO - 13456 - phase=train acc=0.86328125 loss=4.159568637609482 epoch=35 and step=10
2026-04-20 01:50:19,748 - SplitNNClient - INFO - 23172 - phase=train acc=0.82890625 loss=4.905619382858276 epoch=35 and step=10
2026-04-20 01:50:20,810 - SplitNNClient - INFO - 23932 - phase=train acc=0.8078125 loss=5.598984122276306 epoch=35 and step=10
2026-04-20 01:50:22,960 - SplitNNClient - INFO - 3180 - phase=train acc=0.81875 loss=5.343792647123337 epoch=35 and step=10
2026-04-20 01:51:10,201 - SplitNNClient - INFO - 14632 - phase=train acc=0.756640625 loss=12.910825490951538 epoch=35 and step=20
2026-04-20 01:51:12,334 - SplitNNClient - INFO - 13456 - phase=train acc=0.8671875 loss=8.118470251560211 epoch=35 and step=20
2026-04-20 01:51:13,341 - SplitNNClient - INFO - 23172 - phase=train acc=0.8484375 loss=8.656025230884552 epoch=35 and step=20
2026-04-20 01:51:14,379 - SplitNNClient - INFO - 23932 - phase=train acc=0.828125 loss=10.250659972429276 epoch=35 and step=20
2026-04-20 01:51:16,503 - SplitNNClient - INFO - 3180 - phase=train acc=0.837109375 loss=9.547127395868301 epoch=35 and step=20
2026-04-20 01:52:03,652 - SplitNNClient - INFO - 14632 - phase=train acc=0.7630208333333334 loss=18.66036808490753 epoch=35 and step=30
2026-04-20 01:52:05,811 - SplitNNClient - INFO - 13456 - phase=train acc=0.8666666666666667 loss=12.192469954490662 epoch=35 and step=30
2026-04-20 01:52:06,879 - SplitNNClient - INFO - 23172 - phase=train acc=0.8546875 loss=12.487358331680298 epoch=35 and step=30
2026-04-20 01:52:07,940 - SplitNNClient - INFO - 23932 - phase=train acc=0.83203125 loss=14.962232679128647 epoch=35 and step=30
2026-04-20 01:52:10,138 - SplitNNClient - INFO - 3180 - phase=train acc=0.8403645833333333 loss=13.991469025611877 epoch=35 and step=30
2026-04-20 01:52:57,217 - SplitNNClient - INFO - 14632 - phase=train acc=0.7671875 loss=24.237857460975647 epoch=35 and step=40
2026-04-20 01:52:59,346 - SplitNNClient - INFO - 13456 - phase=train acc=0.8658203125 loss=16.11544069647789 epoch=35 and step=40
2026-04-20 01:53:00,413 - SplitNNClient - INFO - 23172 - phase=train acc=0.853125 loss=16.747200548648834 epoch=35 and step=40
2026-04-20 01:53:01,472 - SplitNNClient - INFO - 23932 - phase=train acc=0.8384765625 loss=19.41008511185646 epoch=35 and step=40
2026-04-20 01:53:03,605 - SplitNNClient - INFO - 3180 - phase=train acc=0.8427734375 loss=18.148060083389282 epoch=35 and step=40
2026-04-20 01:53:50,854 - SplitNNClient - INFO - 14632 - phase=train acc=0.77234375 loss=29.876850306987762 epoch=35 and step=50
2026-04-20 01:53:53,012 - SplitNNClient - INFO - 13456 - phase=train acc=0.863125 loss=20.269955068826675 epoch=35 and step=50
2026-04-20 01:53:54,072 - SplitNNClient - INFO - 23172 - phase=train acc=0.85484375 loss=20.437950134277344 epoch=35 and step=50
2026-04-20 01:53:55,110 - SplitNNClient - INFO - 23932 - phase=train acc=0.83609375 loss=24.41288784146309 epoch=35 and step=50
2026-04-20 01:53:57,255 - SplitNNClient - INFO - 3180 - phase=train acc=0.844375 loss=22.425765067338943 epoch=35 and step=50
2026-04-20 01:54:39,999 - SplitNNClient - INFO - 13456 - phase=train acc=0.8630208333333333 loss=24.335543036460876 epoch=35 and step=60
2026-04-20 01:54:41,066 - SplitNNClient - INFO - 23172 - phase=train acc=0.8552083333333333 loss=24.538678735494614 epoch=35 and step=60
2026-04-20 01:54:42,128 - SplitNNClient - INFO - 23932 - phase=train acc=0.8385416666666666 loss=28.948830783367157 epoch=35 and step=60
2026-04-20 01:54:43,185 - SplitNNClient - INFO - 3180 - phase=train acc=0.8424479166666666 loss=27.164140313863754 epoch=35 and step=60
2026-04-20 01:55:20,541 - SplitNNClient - INFO - 13456 - phase=train acc=0.8619419642857142 loss=28.45218488574028 epoch=35 and step=70
2026-04-20 01:55:21,573 - SplitNNClient - INFO - 23932 - phase=train acc=0.8393973214285714 loss=33.766198962926865 epoch=35 and step=70
2026-04-20 01:55:39,195 - SplitNNClient - INFO - 13456 - phase=train acc=0.8619140625 loss=32.526411563158035 epoch=35 and step=80
2026-04-20 01:55:51,225 - SplitNNClient - INFO - 13456 - phase=train acc=0.8627604166666667 loss=36.32760974764824 epoch=35 and step=90
2026-04-20 01:56:03,219 - SplitNNClient - INFO - 13456 - phase=train acc=0.861640625 loss=40.522924065589905 epoch=35 and step=100
2026-04-20 01:56:15,172 - SplitNNClient - INFO - 13456 - phase=train acc=0.8605823863636364 loss=45.161526679992676 epoch=35 and step=110
2026-04-20 01:56:27,035 - SplitNNClient - INFO - 13456 - phase=train acc=0.8604166666666667 loss=49.756188720464706 epoch=35 and step=120
2026-04-20 01:56:29,512 - FedServerManager - INFO - 19484 - get all model params ---- from rank 6
2026-04-20 01:56:39,568 - SplitNNClient - INFO - 3180 - phase=validation acc=0.7432 loss=61.53698456287384 epoch=35 and step=79
2026-04-20 01:56:39,657 - SplitNNClient - INFO - 14632 - phase=validation acc=0.7432 loss=61.53698456287384 epoch=35 and step=79
2026-04-20 01:56:39,659 - SplitNNClient - INFO - 13456 - phase=validation acc=0.7432 loss=61.53698456287384 epoch=35 and step=79
2026-04-20 01:56:40,822 - SplitNNClient - INFO - 23172 - phase=validation acc=0.7432 loss=61.495865285396576 epoch=35 and step=79
2026-04-20 01:56:46,415 - SplitNNClient - INFO - 23932 - phase=validation acc=0.7437 loss=61.26788032054901 epoch=35 and step=79
2026-04-20 01:57:27,466 - SplitNNClient - INFO - 3180 - phase=train acc=0.82578125 loss=4.984250009059906 epoch=36 and step=10
2026-04-20 01:57:29,626 - SplitNNClient - INFO - 14632 - phase=train acc=0.7625 loss=6.106567442417145 epoch=36 and step=10
2026-04-20 01:57:30,723 - SplitNNClient - INFO - 13456 - phase=train acc=0.86015625 loss=4.040964245796204 epoch=36 and step=10
2026-04-20 01:57:31,788 - SplitNNClient - INFO - 23172 - phase=train acc=0.853125 loss=4.2431685626506805 epoch=36 and step=10
2026-04-20 01:57:39,239 - SplitNNClient - INFO - 23932 - phase=train acc=0.84921875 loss=4.7943859696388245 epoch=36 and step=10
2026-04-20 01:58:20,890 - SplitNNClient - INFO - 3180 - phase=train acc=0.8453125 loss=8.765231788158417 epoch=36 and step=20
2026-04-20 01:58:23,055 - SplitNNClient - INFO - 14632 - phase=train acc=0.7796875 loss=11.3880235850811 epoch=36 and step=20
2026-04-20 01:58:24,152 - SplitNNClient - INFO - 13456 - phase=train acc=0.868359375 loss=7.788408070802689 epoch=36 and step=20
2026-04-20 01:58:25,221 - SplitNNClient - INFO - 23172 - phase=train acc=0.853515625 loss=8.279825806617737 epoch=36 and step=20
2026-04-20 01:58:32,753 - SplitNNClient - INFO - 23932 - phase=train acc=0.851953125 loss=9.288683533668518 epoch=36 and step=20
2026-04-20 01:59:14,300 - SplitNNClient - INFO - 3180 - phase=train acc=0.85234375 loss=12.733473777770996 epoch=36 and step=30
2026-04-20 01:59:16,430 - SplitNNClient - INFO - 14632 - phase=train acc=0.7828125 loss=16.764723509550095 epoch=36 and step=30
2026-04-20 01:59:17,500 - SplitNNClient - INFO - 13456 - phase=train acc=0.8671875 loss=11.591560900211334 epoch=36 and step=30
2026-04-20 01:59:18,627 - SplitNNClient - INFO - 23172 - phase=train acc=0.853125 loss=12.381566166877747 epoch=36 and step=30
2026-04-20 01:59:26,116 - SplitNNClient - INFO - 23932 - phase=train acc=0.8471354166666667 loss=13.931241542100906 epoch=36 and step=30
2026-04-20 02:00:07,705 - SplitNNClient - INFO - 3180 - phase=train acc=0.8484375 loss=17.313877910375595 epoch=36 and step=40
2026-04-20 02:00:09,862 - SplitNNClient - INFO - 14632 - phase=train acc=0.7802734375 loss=22.85883715748787 epoch=36 and step=40
2026-04-20 02:00:10,993 - SplitNNClient - INFO - 13456 - phase=train acc=0.867578125 loss=15.532694816589355 epoch=36 and step=40
2026-04-20 02:00:12,060 - SplitNNClient - INFO - 23172 - phase=train acc=0.8583984375 loss=16.05767221748829 epoch=36 and step=40
2026-04-20 02:00:19,641 - SplitNNClient - INFO - 23932 - phase=train acc=0.84453125 loss=18.888035506010056 epoch=36 and step=40
2026-04-20 02:01:01,187 - SplitNNClient - INFO - 3180 - phase=train acc=0.8496875 loss=21.466407984495163 epoch=36 and step=50
2026-04-20 02:01:03,408 - SplitNNClient - INFO - 14632 - phase=train acc=0.7803125 loss=28.37236899137497 epoch=36 and step=50
2026-04-20 02:01:04,447 - SplitNNClient - INFO - 13456 - phase=train acc=0.86515625 loss=19.647835314273834 epoch=36 and step=50
2026-04-20 02:01:05,515 - SplitNNClient - INFO - 23172 - phase=train acc=0.858125 loss=20.017576977610588 epoch=36 and step=50
2026-04-20 02:01:12,918 - SplitNNClient - INFO - 23932 - phase=train acc=0.8453125 loss=23.47673824429512 epoch=36 and step=50
2026-04-20 02:01:49,192 - SplitNNClient - INFO - 3180 - phase=train acc=0.850390625 loss=25.690627843141556 epoch=36 and step=60
2026-04-20 02:01:51,292 - SplitNNClient - INFO - 13456 - phase=train acc=0.8634114583333333 loss=23.655351877212524 epoch=36 and step=60
2026-04-20 02:01:52,328 - SplitNNClient - INFO - 23172 - phase=train acc=0.8567708333333334 loss=24.390108570456505 epoch=36 and step=60
2026-04-20 02:01:58,808 - SplitNNClient - INFO - 23932 - phase=train acc=0.8453125 loss=28.227274775505066 epoch=36 and step=60
2026-04-20 02:02:30,927 - SplitNNClient - INFO - 13456 - phase=train acc=0.8630580357142857 loss=27.408131629228592 epoch=36 and step=70
2026-04-20 02:02:34,091 - SplitNNClient - INFO - 23932 - phase=train acc=0.84609375 loss=32.71168726682663 epoch=36 and step=70
2026-04-20 02:02:50,304 - SplitNNClient - INFO - 13456 - phase=train acc=0.86416015625 loss=31.140527546405792 epoch=36 and step=80
2026-04-20 02:03:02,353 - SplitNNClient - INFO - 13456 - phase=train acc=0.8631076388888889 loss=35.69128605723381 epoch=36 and step=90
2026-04-20 02:03:14,395 - SplitNNClient - INFO - 13456 - phase=train acc=0.861875 loss=39.93213573098183 epoch=36 and step=100
2026-04-20 02:03:26,309 - SplitNNClient - INFO - 13456 - phase=train acc=0.8628551136363637 loss=43.87211757898331 epoch=36 and step=110
2026-04-20 02:03:38,391 - SplitNNClient - INFO - 13456 - phase=train acc=0.862109375 loss=48.080838561058044 epoch=36 and step=120
2026-04-20 02:03:40,848 - FedServerManager - INFO - 19484 - get all model params ---- from rank 6
2026-04-20 02:03:50,660 - SplitNNClient - INFO - 23172 - phase=validation acc=0.7392 loss=68.71932888031006 epoch=36 and step=79
2026-04-20 02:03:50,753 - SplitNNClient - INFO - 3180 - phase=validation acc=0.7392 loss=68.71932888031006 epoch=36 and step=79
2026-04-20 02:03:50,756 - SplitNNClient - INFO - 14632 - phase=validation acc=0.7392 loss=68.71932888031006 epoch=36 and step=79
2026-04-20 02:03:58,414 - SplitNNClient - INFO - 13456 - phase=validation acc=0.7404 loss=68.14602291584015 epoch=36 and step=79
2026-04-20 02:04:03,820 - SplitNNClient - INFO - 23932 - phase=validation acc=0.741 loss=67.89279800653458 epoch=36 and step=79
2026-04-20 02:04:32,973 - SplitNNClient - INFO - 23172 - phase=train acc=0.8546875 loss=4.1236657202243805 epoch=37 and step=10
2026-04-20 02:04:36,166 - SplitNNClient - INFO - 14632 - phase=train acc=0.7578125 loss=6.179408580064774 epoch=37 and step=10
2026-04-20 02:04:37,258 - SplitNNClient - INFO - 3180 - phase=train acc=0.8296875 loss=4.948918551206589 epoch=37 and step=10
2026-04-20 02:04:50,139 - SplitNNClient - INFO - 13456 - phase=train acc=0.8546875 loss=4.246675461530685 epoch=37 and step=10
2026-04-20 02:04:56,653 - SplitNNClient - INFO - 23932 - phase=train acc=0.81484375 loss=5.873356729745865 epoch=37 and step=10
2026-04-20 02:05:26,681 - SplitNNClient - INFO - 23172 - phase=train acc=0.8546875 loss=8.07113167643547 epoch=37 and step=20
2026-04-20 02:05:29,925 - SplitNNClient - INFO - 14632 - phase=train acc=0.771484375 loss=11.870435923337936 epoch=37 and step=20
2026-04-20 02:05:30,993 - SplitNNClient - INFO - 3180 - phase=train acc=0.838671875 loss=9.294388949871063 epoch=37 and step=20
2026-04-20 02:05:43,738 - SplitNNClient - INFO - 13456 - phase=train acc=0.862890625 loss=7.950324863195419 epoch=37 and step=20
2026-04-20 02:05:50,265 - SplitNNClient - INFO - 23932 - phase=train acc=0.826953125 loss=10.461887538433075 epoch=37 and step=20
2026-04-20 02:06:20,258 - SplitNNClient - INFO - 23172 - phase=train acc=0.85859375 loss=11.943921327590942 epoch=37 and step=30
2026-04-20 02:06:23,450 - SplitNNClient - INFO - 14632 - phase=train acc=0.7786458333333334 loss=17.366876006126404 epoch=37 and step=30
2026-04-20 02:06:24,542 - SplitNNClient - INFO - 3180 - phase=train acc=0.8434895833333333 loss=13.606918662786484 epoch=37 and step=30
2026-04-20 02:06:37,584 - SplitNNClient - INFO - 13456 - phase=train acc=0.8622395833333333 loss=11.836692303419113 epoch=37 and step=30
2026-04-20 02:06:44,008 - SplitNNClient - INFO - 23932 - phase=train acc=0.8302083333333333 loss=15.363387614488602 epoch=37 and step=30
2026-04-20 02:07:13,844 - SplitNNClient - INFO - 23172 - phase=train acc=0.8587890625 loss=15.825223445892334 epoch=37 and step=40
2026-04-20 02:07:17,071 - SplitNNClient - INFO - 14632 - phase=train acc=0.780859375 loss=22.987122923135757 epoch=37 and step=40
2026-04-20 02:07:18,137 - SplitNNClient - INFO - 3180 - phase=train acc=0.8421875 loss=18.17401084303856 epoch=37 and step=40
2026-04-20 02:07:30,877 - SplitNNClient - INFO - 13456 - phase=train acc=0.8615234375 loss=15.535632133483887 epoch=37 and step=40
2026-04-20 02:07:37,332 - SplitNNClient - INFO - 23932 - phase=train acc=0.8330078125 loss=20.26274201273918 epoch=37 and step=40
2026-04-20 02:08:07,454 - SplitNNClient - INFO - 23172 - phase=train acc=0.8590625 loss=19.903129816055298 epoch=37 and step=50
2026-04-20 02:08:10,650 - SplitNNClient - INFO - 14632 - phase=train acc=0.78421875 loss=28.450895965099335 epoch=37 and step=50
2026-04-20 02:08:11,776 - SplitNNClient - INFO - 3180 - phase=train acc=0.8440625 loss=22.43968665599823 epoch=37 and step=50
2026-04-20 02:08:24,757 - SplitNNClient - INFO - 13456 - phase=train acc=0.86203125 loss=19.64004772901535 epoch=37 and step=50
2026-04-20 02:08:31,049 - SplitNNClient - INFO - 23932 - phase=train acc=0.8359375 loss=24.806512117385864 epoch=37 and step=50
2026-04-20 02:08:55,598 - SplitNNClient - INFO - 23172 - phase=train acc=0.8610677083333333 loss=23.819220811128616 epoch=37 and step=60
2026-04-20 02:08:58,841 - SplitNNClient - INFO - 3180 - phase=train acc=0.844140625 loss=26.780062288045883 epoch=37 and step=60
2026-04-20 02:09:09,498 - SplitNNClient - INFO - 13456 - phase=train acc=0.862890625 loss=23.550462424755096 epoch=37 and step=60
2026-04-20 02:09:14,816 - SplitNNClient - INFO - 23932 - phase=train acc=0.8376302083333333 loss=29.307725995779037 epoch=37 and step=60
2026-04-20 02:09:42,682 - SplitNNClient - INFO - 13456 - phase=train acc=0.8620535714285714 loss=27.52590388059616 epoch=37 and step=70
2026-04-20 02:09:45,875 - SplitNNClient - INFO - 23932 - phase=train acc=0.8371651785714286 loss=34.3155412375927 epoch=37 and step=70
2026-04-20 02:10:02,226 - SplitNNClient - INFO - 13456 - phase=train acc=0.86064453125 loss=31.91966673731804 epoch=37 and step=80
2026-04-20 02:10:14,155 - SplitNNClient - INFO - 13456 - phase=train acc=0.8613715277777778 loss=35.773442685604095 epoch=37 and step=90
2026-04-20 02:10:26,174 - SplitNNClient - INFO - 13456 - phase=train acc=0.85921875 loss=40.29951032996178 epoch=37 and step=100
2026-04-20 02:10:38,254 - SplitNNClient - INFO - 13456 - phase=train acc=0.8615767045454545 loss=43.92807027697563 epoch=37 and step=110
2026-04-20 02:10:50,179 - SplitNNClient - INFO - 13456 - phase=train acc=0.8621744791666667 loss=47.64228355884552 epoch=37 and step=120
2026-04-20 02:10:52,727 - FedServerManager - INFO - 19484 - get all model params ---- from rank 6
2026-04-20 02:11:02,458 - SplitNNClient - INFO - 13456 - phase=validation acc=0.7149 loss=80.98277050256729 epoch=37 and step=79
2026-04-20 02:11:05,028 - SplitNNClient - INFO - 14632 - phase=validation acc=0.7153 loss=80.90845853090286 epoch=37 and step=79
2026-04-20 02:11:05,120 - SplitNNClient - INFO - 3180 - phase=validation acc=0.7156 loss=80.87493115663528 epoch=37 and step=79
2026-04-20 02:11:09,529 - SplitNNClient - INFO - 23172 - phase=validation acc=0.7154 loss=80.59238243103027 epoch=37 and step=79
2026-04-20 02:11:20,359 - SplitNNClient - INFO - 23932 - phase=validation acc=0.7172 loss=79.34254258871078 epoch=37 and step=79
2026-04-20 02:11:39,720 - SplitNNClient - INFO - 13456 - phase=train acc=0.859375 loss=3.7998389303684235 epoch=38 and step=10
2026-04-20 02:11:49,388 - SplitNNClient - INFO - 14632 - phase=train acc=0.75859375 loss=6.456094533205032 epoch=38 and step=10
2026-04-20 02:11:52,606 - SplitNNClient - INFO - 3180 - phase=train acc=0.82890625 loss=4.950028777122498 epoch=38 and step=10
2026-04-20 02:11:59,025 - SplitNNClient - INFO - 23172 - phase=train acc=0.84140625 loss=4.375213176012039 epoch=38 and step=10
2026-04-20 02:12:12,935 - SplitNNClient - INFO - 23932 - phase=train acc=0.83359375 loss=5.038767725229263 epoch=38 and step=10
2026-04-20 02:12:33,405 - SplitNNClient - INFO - 13456 - phase=train acc=0.87578125 loss=7.1411038637161255 epoch=38 and step=20
2026-04-20 02:12:42,903 - SplitNNClient - INFO - 14632 - phase=train acc=0.785546875 loss=11.758250802755356 epoch=38 and step=20
2026-04-20 02:12:46,156 - SplitNNClient - INFO - 3180 - phase=train acc=0.83984375 loss=9.080807507038116 epoch=38 and step=20
2026-04-20 02:12:52,583 - SplitNNClient - INFO - 23172 - phase=train acc=0.84921875 loss=8.145720154047012 epoch=38 and step=20
2026-04-20 02:13:06,554 - SplitNNClient - INFO - 23932 - phase=train acc=0.83984375 loss=9.6086365878582 epoch=38 and step=20
2026-04-20 02:13:26,574 - SplitNNClient - INFO - 13456 - phase=train acc=0.8791666666666667 loss=10.781997561454773 epoch=38 and step=30
2026-04-20 02:13:36,232 - SplitNNClient - INFO - 14632 - phase=train acc=0.7885416666666667 loss=17.269230246543884 epoch=38 and step=30
2026-04-20 02:13:39,454 - SplitNNClient - INFO - 3180 - phase=train acc=0.8450520833333334 loss=13.085997313261032 epoch=38 and step=30
2026-04-20 02:13:45,885 - SplitNNClient - INFO - 23172 - phase=train acc=0.8484375 loss=12.357761055231094 epoch=38 and step=30
2026-04-20 02:13:59,883 - SplitNNClient - INFO - 23932 - phase=train acc=0.8375 loss=14.294618785381317 epoch=38 and step=30
2026-04-20 02:14:20,217 - SplitNNClient - INFO - 13456 - phase=train acc=0.88125 loss=14.34861820936203 epoch=38 and step=40
2026-04-20 02:14:29,896 - SplitNNClient - INFO - 14632 - phase=train acc=0.791796875 loss=22.666447043418884 epoch=38 and step=40
2026-04-20 02:14:33,095 - SplitNNClient - INFO - 3180 - phase=train acc=0.851171875 loss=17.215957760810852 epoch=38 and step=40
2026-04-20 02:14:39,465 - SplitNNClient - INFO - 23172 - phase=train acc=0.8505859375 loss=16.397072941064835 epoch=38 and step=40
2026-04-20 02:14:53,405 - SplitNNClient - INFO - 23932 - phase=train acc=0.838671875 loss=18.91666892170906 epoch=38 and step=40
2026-04-20 02:15:13,868 - SplitNNClient - INFO - 13456 - phase=train acc=0.8796875 loss=17.827723413705826 epoch=38 and step=50
2026-04-20 02:15:23,551 - SplitNNClient - INFO - 14632 - phase=train acc=0.7921875 loss=28.347581565380096 epoch=38 and step=50
2026-04-20 02:15:26,773 - SplitNNClient - INFO - 3180 - phase=train acc=0.8503125 loss=21.475217014551163 epoch=38 and step=50
2026-04-20 02:15:33,232 - SplitNNClient - INFO - 23172 - phase=train acc=0.85015625 loss=20.66724219918251 epoch=38 and step=50
2026-04-20 02:15:47,024 - SplitNNClient - INFO - 23932 - phase=train acc=0.83796875 loss=23.781671911478043 epoch=38 and step=50
2026-04-20 02:16:03,161 - SplitNNClient - INFO - 13456 - phase=train acc=0.876171875 loss=21.755729526281357 epoch=38 and step=60
2026-04-20 02:16:13,933 - SplitNNClient - INFO - 3180 - phase=train acc=0.85234375 loss=25.75478395819664 epoch=38 and step=60
2026-04-20 02:16:19,266 - SplitNNClient - INFO - 23172 - phase=train acc=0.8505208333333333 loss=25.121158480644226 epoch=38 and step=60
2026-04-20 02:16:30,068 - SplitNNClient - INFO - 23932 - phase=train acc=0.8380208333333333 loss=28.724342077970505 epoch=38 and step=60
2026-04-20 02:16:46,167 - SplitNNClient - INFO - 13456 - phase=train acc=0.8728794642857143 loss=25.924450427293777 epoch=38 and step=70
2026-04-20 02:17:03,220 - SplitNNClient - INFO - 23932 - phase=train acc=0.8370535714285714 loss=33.45153418183327 epoch=38 and step=70
2026-04-20 02:17:10,712 - SplitNNClient - INFO - 13456 - phase=train acc=0.8720703125 loss=29.896594166755676 epoch=38 and step=80
2026-04-20 02:17:25,643 - SplitNNClient - INFO - 13456 - phase=train acc=0.8719618055555556 loss=33.79607990384102 epoch=38 and step=90
2026-04-20 02:17:37,631 - SplitNNClient - INFO - 13456 - phase=train acc=0.871171875 loss=37.86314254999161 epoch=38 and step=100
2026-04-20 02:17:49,701 - SplitNNClient - INFO - 13456 - phase=train acc=0.8701704545454545 loss=41.53096729516983 epoch=38 and step=110
2026-04-20 02:18:01,696 - SplitNNClient - INFO - 13456 - phase=train acc=0.8697265625 loss=45.47661407291889 epoch=38 and step=120
2026-04-20 02:18:04,159 - FedServerManager - INFO - 19484 - get all model params ---- from rank 6
2026-04-20 02:18:14,549 - SplitNNClient - INFO - 14632 - phase=validation acc=0.7335 loss=69.67223900556564 epoch=38 and step=79
2026-04-20 02:18:14,556 - SplitNNClient - INFO - 13456 - phase=validation acc=0.7335 loss=69.67223900556564 epoch=38 and step=79
2026-04-20 02:18:18,263 - SplitNNClient - INFO - 3180 - phase=validation acc=0.7338 loss=69.5712776184082 epoch=38 and step=79
2026-04-20 02:18:21,549 - SplitNNClient - INFO - 23932 - phase=validation acc=0.7345 loss=69.49887835979462 epoch=38 and step=79
2026-04-20 02:18:26,997 - SplitNNClient - INFO - 23172 - phase=validation acc=0.7343 loss=69.21540635824203 epoch=38 and step=79
2026-04-20 02:18:57,229 - SplitNNClient - INFO - 14632 - phase=train acc=0.76015625 loss=6.594388097524643 epoch=39 and step=10
2026-04-20 02:18:59,426 - SplitNNClient - INFO - 13456 - phase=train acc=0.87734375 loss=3.6976354122161865 epoch=39 and step=10
2026-04-20 02:19:05,980 - SplitNNClient - INFO - 3180 - phase=train acc=0.84140625 loss=4.567009061574936 epoch=39 and step=10
2026-04-20 02:19:12,429 - SplitNNClient - INFO - 23932 - phase=train acc=0.81796875 loss=5.243116229772568 epoch=39 and step=10
2026-04-20 02:19:19,996 - SplitNNClient - INFO - 23172 - phase=train acc=0.84765625 loss=4.257282167673111 epoch=39 and step=10
2026-04-20 02:19:51,223 - SplitNNClient - INFO - 14632 - phase=train acc=0.77578125 loss=12.110251188278198 epoch=39 and step=20
2026-04-20 02:19:53,414 - SplitNNClient - INFO - 13456 - phase=train acc=0.878125 loss=7.294505149126053 epoch=39 and step=20
2026-04-20 02:19:59,937 - SplitNNClient - INFO - 3180 - phase=train acc=0.8546875 loss=8.343463152647018 epoch=39 and step=20
2026-04-20 02:20:06,313 - SplitNNClient - INFO - 23932 - phase=train acc=0.825 loss=10.150003910064697 epoch=39 and step=20
2026-04-20 02:20:13,729 - SplitNNClient - INFO - 23172 - phase=train acc=0.853125 loss=8.22495722770691 epoch=39 and step=20
2026-04-20 02:20:45,125 - SplitNNClient - INFO - 14632 - phase=train acc=0.7791666666666667 loss=17.6137472987175 epoch=39 and step=30
2026-04-20 02:20:47,349 - SplitNNClient - INFO - 13456 - phase=train acc=0.8796875 loss=10.847950011491776 epoch=39 and step=30
2026-04-20 02:20:53,763 - SplitNNClient - INFO - 3180 - phase=train acc=0.8567708333333334 loss=12.301365315914154 epoch=39 and step=30
2026-04-20 02:21:00,320 - SplitNNClient - INFO - 23932 - phase=train acc=0.8315104166666667 loss=14.609911382198334 epoch=39 and step=30
2026-04-20 02:21:07,773 - SplitNNClient - INFO - 23172 - phase=train acc=0.8578125 loss=12.16332522034645 epoch=39 and step=30
2026-04-20 02:21:38,802 - SplitNNClient - INFO - 14632 - phase=train acc=0.7861328125 loss=22.657990843057632 epoch=39 and step=40
2026-04-20 02:21:40,932 - SplitNNClient - INFO - 13456 - phase=train acc=0.8796875 loss=14.387093037366867 epoch=39 and step=40
2026-04-20 02:21:47,370 - SplitNNClient - INFO - 3180 - phase=train acc=0.8576171875 loss=16.15909892320633 epoch=39 and step=40
2026-04-20 02:21:53,682 - SplitNNClient - INFO - 23932 - phase=train acc=0.83515625 loss=18.80874401330948 epoch=39 and step=40
2026-04-20 02:22:01,230 - SplitNNClient - INFO - 23172 - phase=train acc=0.8611328125 loss=15.846446305513382 epoch=39 and step=40
2026-04-20 02:22:32,378 - SplitNNClient - INFO - 14632 - phase=train acc=0.7865625 loss=28.712784200906754 epoch=39 and step=50
2026-04-20 02:22:34,475 - SplitNNClient - INFO - 13456 - phase=train acc=0.87578125 loss=18.304659843444824 epoch=39 and step=50
2026-04-20 02:22:40,925 - SplitNNClient - INFO - 3180 - phase=train acc=0.85671875 loss=20.012062698602676 epoch=39 and step=50
2026-04-20 02:22:47,398 - SplitNNClient - INFO - 23932 - phase=train acc=0.83625 loss=23.357545763254166 epoch=39 and step=50
2026-04-20 02:22:54,963 - SplitNNClient - INFO - 23172 - phase=train acc=0.8571875 loss=20.314263105392456 epoch=39 and step=50
2026-04-20 02:23:21,720 - SplitNNClient - INFO - 13456 - phase=train acc=0.8760416666666667 loss=22.009556859731674 epoch=39 and step=60
2026-04-20 02:23:27,057 - SplitNNClient - INFO - 3180 - phase=train acc=0.8552083333333333 loss=24.21703079342842 epoch=39 and step=60
2026-04-20 02:23:32,476 - SplitNNClient - INFO - 23932 - phase=train acc=0.8369791666666667 loss=27.873068928718567 epoch=39 and step=60
2026-04-20 02:23:37,912 - SplitNNClient - INFO - 23172 - phase=train acc=0.86015625 loss=23.963676869869232 epoch=39 and step=60
2026-04-20 02:24:04,623 - SplitNNClient - INFO - 13456 - phase=train acc=0.8754464285714286 loss=26.17469957470894 epoch=39 and step=70
2026-04-20 02:24:12,131 - SplitNNClient - INFO - 23932 - phase=train acc=0.8368303571428571 loss=32.643162071704865 epoch=39 and step=70
2026-04-20 02:24:27,342 - SplitNNClient - INFO - 13456 - phase=train acc=0.87255859375 loss=30.2916961312294 epoch=39 and step=80
2026-04-20 02:24:39,310 - SplitNNClient - INFO - 13456 - phase=train acc=0.8720486111111111 loss=34.098495215177536 epoch=39 and step=90
2026-04-20 02:24:51,288 - SplitNNClient - INFO - 13456 - phase=train acc=0.87125 loss=37.95158852636814 epoch=39 and step=100
2026-04-20 02:25:03,406 - SplitNNClient - INFO - 13456 - phase=train acc=0.8701704545454545 loss=41.95694197714329 epoch=39 and step=110
2026-04-20 02:25:15,385 - SplitNNClient - INFO - 13456 - phase=train acc=0.8697916666666666 loss=45.7884146720171 epoch=39 and step=120
2026-04-20 02:25:17,847 - FedServerManager - INFO - 19484 - get all model params ---- from rank 6
2026-04-20 02:25:28,157 - SplitNNClient - INFO - 14632 - phase=validation acc=0.7648 loss=61.17553269863129 epoch=39 and step=79
2026-04-20 02:25:28,215 - SplitNNClient - INFO - 23172 - phase=validation acc=0.7648 loss=61.17553269863129 epoch=39 and step=79
2026-04-20 02:25:28,221 - SplitNNClient - INFO - 3180 - phase=validation acc=0.7648 loss=61.17553269863129 epoch=39 and step=79
2026-04-20 02:25:31,624 - SplitNNClient - INFO - 13456 - phase=validation acc=0.7651 loss=61.11092793941498 epoch=39 and step=79
2026-04-20 02:25:37,131 - SplitNNClient - INFO - 23932 - phase=validation acc=0.7655 loss=60.96869081258774 epoch=39 and step=79
2026-04-20 02:26:14,766 - SplitNNClient - INFO - 14632 - phase=train acc=0.76953125 loss=6.140893846750259 epoch=40 and step=10
2026-04-20 02:26:15,797 - SplitNNClient - INFO - 23172 - phase=train acc=0.8734375 loss=3.668353408575058 epoch=40 and step=10
2026-04-20 02:26:17,991 - SplitNNClient - INFO - 3180 - phase=train acc=0.840625 loss=4.680509686470032 epoch=40 and step=10
2026-04-20 02:26:22,298 - SplitNNClient - INFO - 13456 - phase=train acc=0.87109375 loss=3.6752929240465164 epoch=40 and step=10
2026-04-20 02:26:29,774 - SplitNNClient - INFO - 23932 - phase=train acc=0.85859375 loss=4.394856542348862 epoch=40 and step=10
2026-04-20 02:27:08,484 - SplitNNClient - INFO - 14632 - phase=train acc=0.775 loss=11.963889628648758 epoch=40 and step=20
2026-04-20 02:27:09,580 - SplitNNClient - INFO - 23172 - phase=train acc=0.869921875 loss=7.4225097596645355 epoch=40 and step=20
2026-04-20 02:27:11,760 - SplitNNClient - INFO - 3180 - phase=train acc=0.844140625 loss=8.793061584234238 epoch=40 and step=20
2026-04-20 02:27:16,083 - SplitNNClient - INFO - 13456 - phase=train acc=0.8734375 loss=7.462355241179466 epoch=40 and step=20
2026-04-20 02:27:23,514 - SplitNNClient - INFO - 23932 - phase=train acc=0.853125 loss=8.728273421525955 epoch=40 and step=20
2026-04-20 02:28:02,316 - SplitNNClient - INFO - 14632 - phase=train acc=0.7822916666666667 loss=17.19601708650589 epoch=40 and step=30
2026-04-20 02:28:03,404 - SplitNNClient - INFO - 23172 - phase=train acc=0.8674479166666667 loss=11.19537478685379 epoch=40 and step=30
2026-04-20 02:28:05,557 - SplitNNClient - INFO - 3180 - phase=train acc=0.8427083333333333 loss=13.14762431383133 epoch=40 and step=30
2026-04-20 02:28:09,875 - SplitNNClient - INFO - 13456 - phase=train acc=0.87109375 loss=11.216297671198845 epoch=40 and step=30
2026-04-20 02:28:17,314 - SplitNNClient - INFO - 23932 - phase=train acc=0.8502604166666666 loss=13.207242608070374 epoch=40 and step=30
2026-04-20 02:28:55,892 - SplitNNClient - INFO - 14632 - phase=train acc=0.785546875 loss=22.57483360171318 epoch=40 and step=40
2026-04-20 02:28:56,931 - SplitNNClient - INFO - 23172 - phase=train acc=0.871484375 loss=14.455794751644135 epoch=40 and step=40
2026-04-20 02:28:59,095 - SplitNNClient - INFO - 3180 - phase=train acc=0.846875 loss=17.31340256333351 epoch=40 and step=40
2026-04-20 02:29:03,393 - SplitNNClient - INFO - 13456 - phase=train acc=0.874609375 loss=14.89230066537857 epoch=40 and step=40
2026-04-20 02:29:10,925 - SplitNNClient - INFO - 23932 - phase=train acc=0.8498046875 loss=17.353894382715225 epoch=40 and step=40
2026-04-20 02:29:49,443 - SplitNNClient - INFO - 14632 - phase=train acc=0.78859375 loss=27.840644240379333 epoch=40 and step=50
2026-04-20 02:29:50,511 - SplitNNClient - INFO - 23172 - phase=train acc=0.871875 loss=18.05583256483078 epoch=40 and step=50
2026-04-20 02:29:52,729 - SplitNNClient - INFO - 3180 - phase=train acc=0.85015625 loss=20.868176460266113 epoch=40 and step=50
2026-04-20 02:29:56,982 - SplitNNClient - INFO - 13456 - phase=train acc=0.87359375 loss=18.61570355296135 epoch=40 and step=50
2026-04-20 02:30:04,457 - SplitNNClient - INFO - 23932 - phase=train acc=0.8478125 loss=21.92163199186325 epoch=40 and step=50
2026-04-20 02:30:37,393 - SplitNNClient - INFO - 23172 - phase=train acc=0.8697916666666666 loss=21.844584435224533 epoch=40 and step=60
2026-04-20 02:30:39,556 - SplitNNClient - INFO - 3180 - phase=train acc=0.8502604166666666 loss=24.983978778123856 epoch=40 and step=60
2026-04-20 02:30:42,717 - SplitNNClient - INFO - 13456 - phase=train acc=0.871484375 loss=22.531533807516098 epoch=40 and step=60
2026-04-20 02:30:49,154 - SplitNNClient - INFO - 23932 - phase=train acc=0.8489583333333334 loss=25.932891964912415 epoch=40 and step=60
2026-04-20 02:31:20,170 - SplitNNClient - INFO - 13456 - phase=train acc=0.8693080357142857 loss=26.512678146362305 epoch=40 and step=70
2026-04-20 02:31:23,384 - SplitNNClient - INFO - 23932 - phase=train acc=0.8489955357142858 loss=30.234055936336517 epoch=40 and step=70
2026-04-20 02:31:39,697 - SplitNNClient - INFO - 13456 - phase=train acc=0.8685546875 loss=30.461381196975708 epoch=40 and step=80
2026-04-20 02:31:51,778 - SplitNNClient - INFO - 13456 - phase=train acc=0.8693576388888888 loss=34.22548148036003 epoch=40 and step=90
2026-04-20 02:32:03,773 - SplitNNClient - INFO - 13456 - phase=train acc=0.86921875 loss=38.15755406022072 epoch=40 and step=100
2026-04-20 02:32:15,753 - SplitNNClient - INFO - 13456 - phase=train acc=0.8701704545454545 loss=41.882282227277756 epoch=40 and step=110
2026-04-20 02:32:27,797 - SplitNNClient - INFO - 13456 - phase=train acc=0.8696614583333333 loss=45.77017104625702 epoch=40 and step=120
2026-04-20 02:32:30,265 - FedServerManager - INFO - 19484 - get all model params ---- from rank 6
2026-04-20 02:32:40,388 - SplitNNClient - INFO - 3180 - phase=validation acc=0.7537 loss=66.93503230810165 epoch=40 and step=79
2026-04-20 02:32:41,659 - SplitNNClient - INFO - 14632 - phase=validation acc=0.7537 loss=66.87142318487167 epoch=40 and step=79
2026-04-20 02:32:41,719 - SplitNNClient - INFO - 13456 - phase=validation acc=0.7538 loss=66.82855480909348 epoch=40 and step=79
2026-04-20 02:32:49,492 - SplitNNClient - INFO - 23172 - phase=validation acc=0.7543 loss=66.41537570953369 epoch=40 and step=79
2026-04-20 02:32:51,715 - SplitNNClient - INFO - 23932 - phase=validation acc=0.7547 loss=66.28945007920265 epoch=40 and step=79
2026-04-20 02:33:22,428 - SplitNNClient - INFO - 3180 - phase=train acc=0.84765625 loss=4.379290968179703 epoch=41 and step=10
2026-04-20 02:33:26,803 - SplitNNClient - INFO - 14632 - phase=train acc=0.75234375 loss=6.627162903547287 epoch=41 and step=10
2026-04-20 02:33:30,003 - SplitNNClient - INFO - 13456 - phase=train acc=0.86953125 loss=3.8055374920368195 epoch=41 and step=10
2026-04-20 02:33:41,805 - SplitNNClient - INFO - 23172 - phase=train acc=0.84453125 loss=4.31272828578949 epoch=41 and step=10
2026-04-20 02:33:45,051 - SplitNNClient - INFO - 23932 - phase=train acc=0.8296875 loss=4.9800193309783936 epoch=41 and step=10
2026-04-20 02:34:16,167 - SplitNNClient - INFO - 3180 - phase=train acc=0.859765625 loss=8.266539096832275 epoch=41 and step=20
2026-04-20 02:34:20,450 - SplitNNClient - INFO - 14632 - phase=train acc=0.772265625 loss=11.909161061048508 epoch=41 and step=20
2026-04-20 02:34:23,670 - SplitNNClient - INFO - 13456 - phase=train acc=0.880859375 loss=6.795529067516327 epoch=41 and step=20
2026-04-20 02:34:35,472 - SplitNNClient - INFO - 23172 - phase=train acc=0.862890625 loss=7.819875165820122 epoch=41 and step=20
2026-04-20 02:34:38,674 - SplitNNClient - INFO - 23932 - phase=train acc=0.85 loss=8.911895632743835 epoch=41 and step=20
2026-04-20 02:35:10,023 - SplitNNClient - INFO - 3180 - phase=train acc=0.86796875 loss=11.546951025724411 epoch=41 and step=30
2026-04-20 02:35:14,360 - SplitNNClient - INFO - 14632 - phase=train acc=0.7830729166666667 loss=17.273327261209488 epoch=41 and step=30
2026-04-20 02:35:17,611 - SplitNNClient - INFO - 13456 - phase=train acc=0.8783854166666667 loss=10.38557904958725 epoch=41 and step=30
2026-04-20 02:35:29,463 - SplitNNClient - INFO - 23172 - phase=train acc=0.8611979166666667 loss=11.757224187254906 epoch=41 and step=30
2026-04-20 02:35:32,745 - SplitNNClient - INFO - 23932 - phase=train acc=0.8526041666666667 loss=12.794379383325577 epoch=41 and step=30
2026-04-20 02:36:04,032 - SplitNNClient - INFO - 3180 - phase=train acc=0.8638671875 loss=15.542540073394775 epoch=41 and step=40
2026-04-20 02:36:08,372 - SplitNNClient - INFO - 14632 - phase=train acc=0.7859375 loss=22.421175211668015 epoch=41 and step=40
2026-04-20 02:36:11,592 - SplitNNClient - INFO - 13456 - phase=train acc=0.876171875 loss=14.393871515989304 epoch=41 and step=40
2026-04-20 02:36:23,512 - SplitNNClient - INFO - 23172 - phase=train acc=0.8609375 loss=15.804191395640373 epoch=41 and step=40
2026-04-20 02:36:26,709 - SplitNNClient - INFO - 23932 - phase=train acc=0.8560546875 loss=16.672981292009354 epoch=41 and step=40
2026-04-20 02:36:58,003 - SplitNNClient - INFO - 3180 - phase=train acc=0.86390625 loss=19.439361542463303 epoch=41 and step=50
2026-04-20 02:37:02,351 - SplitNNClient - INFO - 14632 - phase=train acc=0.789375 loss=27.805040627717972 epoch=41 and step=50
2026-04-20 02:37:05,499 - SplitNNClient - INFO - 13456 - phase=train acc=0.8759375 loss=17.97197926044464 epoch=41 and step=50
2026-04-20 02:37:17,392 - SplitNNClient - INFO - 23172 - phase=train acc=0.8625 loss=19.668364956974983 epoch=41 and step=50
2026-04-20 02:37:20,586 - SplitNNClient - INFO - 23932 - phase=train acc=0.85484375 loss=21.03719851374626 epoch=41 and step=50
2026-04-20 02:37:46,218 - SplitNNClient - INFO - 3180 - phase=train acc=0.86171875 loss=23.551289707422256 epoch=41 and step=60
2026-04-20 02:37:52,607 - SplitNNClient - INFO - 13456 - phase=train acc=0.8735677083333333 loss=21.8171409368515 epoch=41 and step=60
2026-04-20 02:38:02,226 - SplitNNClient - INFO - 23172 - phase=train acc=0.8631510416666667 loss=23.229492470622063 epoch=41 and step=60
2026-04-20 02:38:04,387 - SplitNNClient - INFO - 23932 - phase=train acc=0.8545572916666667 loss=25.51141196489334 epoch=41 and step=60
2026-04-20 02:38:33,585 - SplitNNClient - INFO - 13456 - phase=train acc=0.8723214285714286 loss=25.471579015254974 epoch=41 and step=70
2026-04-20 02:38:38,884 - SplitNNClient - INFO - 23932 - phase=train acc=0.8542410714285714 loss=29.871477037668228 epoch=41 and step=70
2026-04-20 02:38:54,157 - SplitNNClient - INFO - 13456 - phase=train acc=0.872265625 loss=29.40610560774803 epoch=41 and step=80
2026-04-20 02:39:06,195 - SplitNNClient - INFO - 13456 - phase=train acc=0.8730034722222222 loss=32.999102383852005 epoch=41 and step=90
2026-04-20 02:39:18,296 - SplitNNClient - INFO - 13456 - phase=train acc=0.873515625 loss=36.66795176267624 epoch=41 and step=100
2026-04-20 02:39:30,158 - SplitNNClient - INFO - 13456 - phase=train acc=0.8725142045454546 loss=40.663788586854935 epoch=41 and step=110
2026-04-20 02:39:42,154 - SplitNNClient - INFO - 13456 - phase=train acc=0.8719401041666667 loss=44.38389766216278 epoch=41 and step=120
2026-04-20 02:39:44,633 - FedServerManager - INFO - 19484 - get all model params ---- from rank 6
2026-04-20 02:39:54,134 - SplitNNClient - INFO - 14632 - phase=validation acc=0.7595 loss=65.73251903057098 epoch=41 and step=79
2026-04-20 02:39:56,686 - SplitNNClient - INFO - 3180 - phase=validation acc=0.7597 loss=65.54678642749786 epoch=41 and step=79
2026-04-20 02:39:56,747 - SplitNNClient - INFO - 13456 - phase=validation acc=0.7601 loss=65.42749458551407 epoch=41 and step=79
2026-04-20 02:39:59,002 - SplitNNClient - INFO - 23932 - phase=validation acc=0.7604 loss=65.22305816411972 epoch=41 and step=79
2026-04-20 02:40:35,918 - SplitNNClient - INFO - 14632 - phase=train acc=0.79609375 loss=5.637200862169266 epoch=42 and step=10
2026-04-20 02:40:45,556 - SplitNNClient - INFO - 3180 - phase=train acc=0.853125 loss=4.470450311899185 epoch=42 and step=10
2026-04-20 02:40:48,812 - SplitNNClient - INFO - 23172 - phase=train acc=0.8609375 loss=4.1396613121032715 epoch=42 and step=10
2026-04-20 02:40:49,934 - SplitNNClient - INFO - 13456 - phase=train acc=0.88046875 loss=3.4291753470897675 epoch=42 and step=10
2026-04-20 02:40:53,189 - SplitNNClient - INFO - 23932 - phase=train acc=0.8 loss=5.732897251844406 epoch=42 and step=10
2026-04-20 02:41:29,651 - SplitNNClient - INFO - 14632 - phase=train acc=0.7953125 loss=11.505858212709427 epoch=42 and step=20
2026-04-20 02:41:39,271 - SplitNNClient - INFO - 3180 - phase=train acc=0.85546875 loss=8.396958768367767 epoch=42 and step=20
2026-04-20 02:41:42,465 - SplitNNClient - INFO - 23172 - phase=train acc=0.873046875 loss=7.50506728887558 epoch=42 and step=20
2026-04-20 02:41:43,527 - SplitNNClient - INFO - 13456 - phase=train acc=0.884375 loss=6.585403144359589 epoch=42 and step=20
2026-04-20 02:41:46,660 - SplitNNClient - INFO - 23932 - phase=train acc=0.820703125 loss=10.344230324029922 epoch=42 and step=20
2026-04-20 02:42:23,204 - SplitNNClient - INFO - 14632 - phase=train acc=0.7942708333333334 loss=16.737889379262924 epoch=42 and step=30
2026-04-20 02:42:32,797 - SplitNNClient - INFO - 3180 - phase=train acc=0.8611979166666667 loss=12.127357691526413 epoch=42 and step=30
2026-04-20 02:42:36,014 - SplitNNClient - INFO - 23172 - phase=train acc=0.8713541666666667 loss=11.314389020204544 epoch=42 and step=30
2026-04-20 02:42:37,139 - SplitNNClient - INFO - 13456 - phase=train acc=0.88359375 loss=10.028391897678375 epoch=42 and step=30
2026-04-20 02:42:40,263 - SplitNNClient - INFO - 23932 - phase=train acc=0.8411458333333334 loss=13.988795012235641 epoch=42 and step=30
2026-04-20 02:43:16,885 - SplitNNClient - INFO - 14632 - phase=train acc=0.79453125 loss=21.84606832265854 epoch=42 and step=40
2026-04-20 02:43:26,494 - SplitNNClient - INFO - 3180 - phase=train acc=0.861328125 loss=16.169976383447647 epoch=42 and step=40
2026-04-20 02:43:29,566 - SplitNNClient - INFO - 23172 - phase=train acc=0.871875 loss=14.82670646905899 epoch=42 and step=40
2026-04-20 02:43:30,686 - SplitNNClient - INFO - 13456 - phase=train acc=0.883203125 loss=13.892585381865501 epoch=42 and step=40
2026-04-20 02:43:33,941 - SplitNNClient - INFO - 23932 - phase=train acc=0.8423828125 loss=18.2686006128788 epoch=42 and step=40
2026-04-20 02:44:10,490 - SplitNNClient - INFO - 14632 - phase=train acc=0.8 loss=26.82593947649002 epoch=42 and step=50
2026-04-20 02:44:20,153 - SplitNNClient - INFO - 3180 - phase=train acc=0.86171875 loss=20.261822819709778 epoch=42 and step=50
2026-04-20 02:44:23,375 - SplitNNClient - INFO - 23172 - phase=train acc=0.87015625 loss=18.58218714594841 epoch=42 and step=50
2026-04-20 02:44:24,438 - SplitNNClient - INFO - 13456 - phase=train acc=0.8821875 loss=17.667948737740517 epoch=42 and step=50
2026-04-20 02:44:27,631 - SplitNNClient - INFO - 23932 - phase=train acc=0.84265625 loss=22.897322684526443 epoch=42 and step=50
2026-04-20 02:45:06,040 - SplitNNClient - INFO - 3180 - phase=train acc=0.8619791666666666 loss=24.09684059023857 epoch=42 and step=60
2026-04-20 02:45:08,175 - SplitNNClient - INFO - 23172 - phase=train acc=0.8703125 loss=22.330193370580673 epoch=42 and step=60
2026-04-20 02:45:09,270 - SplitNNClient - INFO - 13456 - phase=train acc=0.8813802083333333 loss=21.37731572985649 epoch=42 and step=60
2026-04-20 02:45:11,405 - SplitNNClient - INFO - 23932 - phase=train acc=0.845703125 loss=26.756258249282837 epoch=42 and step=60
2026-04-20 02:45:47,918 - SplitNNClient - INFO - 13456 - phase=train acc=0.8792410714285714 loss=25.191173434257507 epoch=42 and step=70
2026-04-20 02:45:48,986 - SplitNNClient - INFO - 23932 - phase=train acc=0.8459821428571429 loss=31.190635532140732 epoch=42 and step=70
2026-04-20 02:46:06,511 - SplitNNClient - INFO - 13456 - phase=train acc=0.8771484375 loss=29.198180437088013 epoch=42 and step=80
2026-04-20 02:46:18,500 - SplitNNClient - INFO - 13456 - phase=train acc=0.8776041666666666 loss=32.62400242686272 epoch=42 and step=90
2026-04-20 02:46:30,562 - SplitNNClient - INFO - 13456 - phase=train acc=0.87609375 loss=36.47611749172211 epoch=42 and step=100
2026-04-20 02:46:42,471 - SplitNNClient - INFO - 13456 - phase=train acc=0.8745028409090909 loss=40.76197952032089 epoch=42 and step=110
2026-04-20 02:46:54,598 - SplitNNClient - INFO - 13456 - phase=train acc=0.8746744791666666 loss=44.38996464014053 epoch=42 and step=120
2026-04-20 02:46:57,012 - FedServerManager - INFO - 19484 - get all model params ---- from rank 6
2026-04-20 02:47:06,913 - SplitNNClient - INFO - 14632 - phase=validation acc=0.7451 loss=70.38405960798264 epoch=42 and step=79
2026-04-20 02:47:06,975 - SplitNNClient - INFO - 23172 - phase=validation acc=0.7451 loss=70.38405960798264 epoch=42 and step=79
2026-04-20 02:47:09,349 - SplitNNClient - INFO - 3180 - phase=validation acc=0.7452 loss=70.21232286095619 epoch=42 and step=79
2026-04-20 02:47:09,354 - SplitNNClient - INFO - 13456 - phase=validation acc=0.7451 loss=70.32356855273247 epoch=42 and step=79
2026-04-20 02:47:18,058 - SplitNNClient - INFO - 23932 - phase=validation acc=0.7457 loss=69.95124524831772 epoch=42 and step=79
2026-04-20 02:47:51,575 - SplitNNClient - INFO - 14632 - phase=train acc=0.74921875 loss=7.061445593833923 epoch=43 and step=10
2026-04-20 02:47:55,857 - SplitNNClient - INFO - 23172 - phase=train acc=0.85546875 loss=4.0759193897247314 epoch=43 and step=10
2026-04-20 02:47:58,074 - SplitNNClient - INFO - 3180 - phase=train acc=0.825 loss=5.2213921546936035 epoch=43 and step=10
2026-04-20 02:47:59,108 - SplitNNClient - INFO - 13456 - phase=train acc=0.8671875 loss=4.225827366113663 epoch=43 and step=10
2026-04-20 02:48:10,861 - SplitNNClient - INFO - 23932 - phase=train acc=0.8375 loss=4.631434798240662 epoch=43 and step=10
2026-04-20 02:48:45,710 - SplitNNClient - INFO - 14632 - phase=train acc=0.764453125 loss=12.6843022108078 epoch=43 and step=20
2026-04-20 02:48:50,034 - SplitNNClient - INFO - 23172 - phase=train acc=0.8671875 loss=7.454332411289215 epoch=43 and step=20
2026-04-20 02:48:52,193 - SplitNNClient - INFO - 3180 - phase=train acc=0.84921875 loss=8.993895083665848 epoch=43 and step=20
2026-04-20 02:48:53,261 - SplitNNClient - INFO - 13456 - phase=train acc=0.871484375 loss=7.803899824619293 epoch=43 and step=20
2026-04-20 02:49:05,135 - SplitNNClient - INFO - 23932 - phase=train acc=0.853125 loss=8.463444232940674 epoch=43 and step=20
2026-04-20 02:49:39,837 - SplitNNClient - INFO - 14632 - phase=train acc=0.7739583333333333 loss=17.982601314783096 epoch=43 and step=30
2026-04-20 02:49:44,168 - SplitNNClient - INFO - 23172 - phase=train acc=0.8682291666666667 loss=11.358680307865143 epoch=43 and step=30
2026-04-20 02:49:46,301 - SplitNNClient - INFO - 3180 - phase=train acc=0.8541666666666666 loss=12.810473844408989 epoch=43 and step=30
2026-04-20 02:49:47,399 - SplitNNClient - INFO - 13456 - phase=train acc=0.8734375 loss=11.239751920104027 epoch=43 and step=30
2026-04-20 02:49:59,314 - SplitNNClient - INFO - 23932 - phase=train acc=0.8638020833333333 loss=12.367436081171036 epoch=43 and step=30
2026-04-20 02:50:33,560 - SplitNNClient - INFO - 14632 - phase=train acc=0.783203125 loss=23.186701387166977 epoch=43 and step=40
2026-04-20 02:50:37,876 - SplitNNClient - INFO - 23172 - phase=train acc=0.87109375 loss=14.91395714879036 epoch=43 and step=40
2026-04-20 02:50:39,953 - SplitNNClient - INFO - 3180 - phase=train acc=0.85625 loss=16.670032635331154 epoch=43 and step=40
2026-04-20 02:50:41,015 - SplitNNClient - INFO - 13456 - phase=train acc=0.876953125 loss=14.644298031926155 epoch=43 and step=40
2026-04-20 02:50:52,910 - SplitNNClient - INFO - 23932 - phase=train acc=0.8625 loss=16.488745629787445 epoch=43 and step=40
2026-04-20 02:51:27,299 - SplitNNClient - INFO - 14632 - phase=train acc=0.78796875 loss=28.26795780658722 epoch=43 and step=50
2026-04-20 02:51:31,563 - SplitNNClient - INFO - 23172 - phase=train acc=0.8684375 loss=19.115072160959244 epoch=43 and step=50
2026-04-20 02:51:33,749 - SplitNNClient - INFO - 3180 - phase=train acc=0.858125 loss=20.66428129374981 epoch=43 and step=50
2026-04-20 02:51:34,842 - SplitNNClient - INFO - 13456 - phase=train acc=0.87421875 loss=18.383346393704414 epoch=43 and step=50
2026-04-20 02:51:46,737 - SplitNNClient - INFO - 23932 - phase=train acc=0.86203125 loss=20.660470873117447 epoch=43 and step=50
2026-04-20 02:52:18,969 - SplitNNClient - INFO - 23172 - phase=train acc=0.86875 loss=22.896441370248795 epoch=43 and step=60
2026-04-20 02:52:20,034 - SplitNNClient - INFO - 3180 - phase=train acc=0.8572916666666667 loss=24.605109229683876 epoch=43 and step=60
2026-04-20 02:52:21,102 - SplitNNClient - INFO - 13456 - phase=train acc=0.8779947916666667 loss=21.550379410386086 epoch=43 and step=60
2026-04-20 02:52:30,706 - SplitNNClient - INFO - 23932 - phase=train acc=0.8604166666666667 loss=24.996748596429825 epoch=43 and step=60
2026-04-20 02:52:59,657 - SplitNNClient - INFO - 13456 - phase=train acc=0.8777901785714286 loss=25.133683040738106 epoch=43 and step=70
2026-04-20 02:53:04,940 - SplitNNClient - INFO - 23932 - phase=train acc=0.8598214285714286 loss=29.57750028371811 epoch=43 and step=70
2026-04-20 02:53:20,159 - SplitNNClient - INFO - 13456 - phase=train acc=0.8775390625 loss=28.58098290860653 epoch=43 and step=80
2026-04-20 02:53:32,285 - SplitNNClient - INFO - 13456 - phase=train acc=0.878125 loss=32.07781967520714 epoch=43 and step=90
2026-04-20 02:53:44,314 - SplitNNClient - INFO - 13456 - phase=train acc=0.876796875 loss=35.812115758657455 epoch=43 and step=100
2026-04-20 02:53:56,362 - SplitNNClient - INFO - 13456 - phase=train acc=0.8768465909090909 loss=39.29008783400059 epoch=43 and step=110
2026-04-20 02:54:08,438 - SplitNNClient - INFO - 13456 - phase=train acc=0.875 loss=43.17910908162594 epoch=43 and step=120
2026-04-20 02:54:10,889 - FedServerManager - INFO - 19484 - get all model params ---- from rank 6
2026-04-20 02:54:20,740 - SplitNNClient - INFO - 23172 - phase=validation acc=0.761 loss=69.61461609601974 epoch=43 and step=79
2026-04-20 02:54:20,771 - SplitNNClient - INFO - 3180 - phase=validation acc=0.761 loss=69.61461609601974 epoch=43 and step=79
2026-04-20 02:54:20,857 - SplitNNClient - INFO - 14632 - phase=validation acc=0.761 loss=69.61461609601974 epoch=43 and step=79
2026-04-20 02:54:22,011 - SplitNNClient - INFO - 13456 - phase=validation acc=0.761 loss=69.55564695596695 epoch=43 and step=79
2026-04-20 02:54:33,033 - SplitNNClient - INFO - 23932 - phase=validation acc=0.7627 loss=68.6040512919426 epoch=43 and step=79
2026-04-20 02:55:07,552 - SplitNNClient - INFO - 23172 - phase=train acc=0.828125 loss=4.683259665966034 epoch=44 and step=10
2026-04-20 02:55:08,677 - SplitNNClient - INFO - 3180 - phase=train acc=0.8296875 loss=4.8722741305828094 epoch=44 and step=10
2026-04-20 02:55:10,810 - SplitNNClient - INFO - 14632 - phase=train acc=0.759375 loss=6.470115005970001 epoch=44 and step=10
2026-04-20 02:55:11,904 - SplitNNClient - INFO - 13456 - phase=train acc=0.8796875 loss=3.368467926979065 epoch=44 and step=10
2026-04-20 02:55:25,982 - SplitNNClient - INFO - 23932 - phase=train acc=0.81953125 loss=5.626385420560837 epoch=44 and step=10
2026-04-20 02:56:01,419 - SplitNNClient - INFO - 23172 - phase=train acc=0.847265625 loss=8.273863837122917 epoch=44 and step=20
2026-04-20 02:56:02,516 - SplitNNClient - INFO - 3180 - phase=train acc=0.845703125 loss=8.46223022043705 epoch=44 and step=20
2026-04-20 02:56:04,644 - SplitNNClient - INFO - 14632 - phase=train acc=0.777734375 loss=12.052441358566284 epoch=44 and step=20
2026-04-20 02:56:05,711 - SplitNNClient - INFO - 13456 - phase=train acc=0.88984375 loss=6.235424503684044 epoch=44 and step=20
2026-04-20 02:56:19,701 - SplitNNClient - INFO - 23932 - phase=train acc=0.84140625 loss=9.613444834947586 epoch=44 and step=20
2026-04-20 02:56:55,026 - SplitNNClient - INFO - 23172 - phase=train acc=0.8552083333333333 loss=11.73018179833889 epoch=44 and step=30
2026-04-20 02:56:56,117 - SplitNNClient - INFO - 3180 - phase=train acc=0.8552083333333333 loss=12.166609302163124 epoch=44 and step=30
2026-04-20 02:56:58,303 - SplitNNClient - INFO - 14632 - phase=train acc=0.7893229166666667 loss=17.052818328142166 epoch=44 and step=30
2026-04-20 02:56:59,397 - SplitNNClient - INFO - 13456 - phase=train acc=0.8848958333333333 loss=10.136885806918144 epoch=44 and step=30
2026-04-20 02:57:13,364 - SplitNNClient - INFO - 23932 - phase=train acc=0.84453125 loss=13.993664890527725 epoch=44 and step=30
2026-04-20 02:57:48,738 - SplitNNClient - INFO - 23172 - phase=train acc=0.8599609375 loss=15.362828806042671 epoch=44 and step=40
2026-04-20 02:57:49,776 - SplitNNClient - INFO - 3180 - phase=train acc=0.8599609375 loss=15.761592999100685 epoch=44 and step=40
2026-04-20 02:57:52,025 - SplitNNClient - INFO - 14632 - phase=train acc=0.791796875 loss=22.667123943567276 epoch=44 and step=40
2026-04-20 02:57:53,088 - SplitNNClient - INFO - 13456 - phase=train acc=0.88515625 loss=13.480209842324257 epoch=44 and step=40
2026-04-20 02:58:07,010 - SplitNNClient - INFO - 23932 - phase=train acc=0.8490234375 loss=18.332034021615982 epoch=44 and step=40
2026-04-20 02:58:42,128 - SplitNNClient - INFO - 23172 - phase=train acc=0.8646875 loss=18.777343049645424 epoch=44 and step=50
2026-04-20 02:58:43,222 - SplitNNClient - INFO - 3180 - phase=train acc=0.864375 loss=19.25221411883831 epoch=44 and step=50
2026-04-20 02:58:45,351 - SplitNNClient - INFO - 14632 - phase=train acc=0.794375 loss=27.556346535682678 epoch=44 and step=50
2026-04-20 02:58:46,419 - SplitNNClient - INFO - 13456 - phase=train acc=0.88125 loss=17.113622710108757 epoch=44 and step=50
2026-04-20 02:59:00,308 - SplitNNClient - INFO - 23932 - phase=train acc=0.850625 loss=22.518384605646133 epoch=44 and step=50
2026-04-20 02:59:30,284 - SplitNNClient - INFO - 23172 - phase=train acc=0.866015625 loss=22.468169793486595 epoch=44 and step=60
2026-04-20 02:59:31,344 - SplitNNClient - INFO - 3180 - phase=train acc=0.8626302083333334 loss=23.27954901754856 epoch=44 and step=60
2026-04-20 02:59:33,436 - SplitNNClient - INFO - 13456 - phase=train acc=0.876953125 loss=20.99264781177044 epoch=44 and step=60
2026-04-20 02:59:45,187 - SplitNNClient - INFO - 23932 - phase=train acc=0.8529947916666667 loss=26.50513617694378 epoch=44 and step=60
2026-04-20 03:00:11,850 - SplitNNClient - INFO - 13456 - phase=train acc=0.8776785714285714 loss=24.35314877331257 epoch=44 and step=70
2026-04-20 03:00:17,233 - SplitNNClient - INFO - 23932 - phase=train acc=0.8532366071428571 loss=30.81185831129551 epoch=44 and step=70
2026-04-20 03:00:32,307 - SplitNNClient - INFO - 13456 - phase=train acc=0.878125 loss=27.92707307636738 epoch=44 and step=80
2026-04-20 03:00:44,317 - SplitNNClient - INFO - 13456 - phase=train acc=0.8768229166666667 loss=31.658946380019188 epoch=44 and step=90
2026-04-20 03:00:56,459 - SplitNNClient - INFO - 13456 - phase=train acc=0.876328125 loss=35.214378863573074 epoch=44 and step=100
2026-04-20 03:01:08,399 - SplitNNClient - INFO - 13456 - phase=train acc=0.8774147727272728 loss=38.53181028366089 epoch=44 and step=110
2026-04-20 03:01:20,117 - SplitNNClient - INFO - 13456 - phase=train acc=0.878125 loss=42.16704781353474 epoch=44 and step=120
2026-04-20 03:01:22,595 - FedServerManager - INFO - 19484 - get all model params ---- from rank 6
2026-04-20 03:01:32,569 - SplitNNClient - INFO - 14632 - phase=validation acc=0.7536 loss=70.5114506483078 epoch=44 and step=79
2026-04-20 03:01:35,162 - SplitNNClient - INFO - 3180 - phase=validation acc=0.7541 loss=70.1371049284935 epoch=44 and step=79
2026-04-20 03:01:38,630 - SplitNNClient - INFO - 23932 - phase=validation acc=0.7557 loss=69.38058432936668 epoch=44 and step=79
2026-04-20 03:01:38,638 - SplitNNClient - INFO - 13456 - phase=validation acc=0.7557 loss=69.38058432936668 epoch=44 and step=79
2026-04-20 03:02:12,113 - SplitNNClient - INFO - 14632 - phase=train acc=0.74296875 loss=7.415527582168579 epoch=45 and step=10
2026-04-20 03:02:21,687 - SplitNNClient - INFO - 3180 - phase=train acc=0.84453125 loss=4.624217838048935 epoch=45 and step=10
2026-04-20 03:02:29,213 - SplitNNClient - INFO - 23172 - phase=train acc=0.8640625 loss=3.8290363401174545 epoch=45 and step=10
2026-04-20 03:02:30,241 - SplitNNClient - INFO - 13456 - phase=train acc=0.8671875 loss=3.7882709205150604 epoch=45 and step=10
2026-04-20 03:02:31,310 - SplitNNClient - INFO - 23932 - phase=train acc=0.8375 loss=4.889358371496201 epoch=45 and step=10
2026-04-20 03:03:05,716 - SplitNNClient - INFO - 14632 - phase=train acc=0.768359375 loss=12.614267230033875 epoch=45 and step=20
2026-04-20 03:03:15,367 - SplitNNClient - INFO - 3180 - phase=train acc=0.858203125 loss=8.320887267589569 epoch=45 and step=20
2026-04-20 03:03:22,838 - SplitNNClient - INFO - 23172 - phase=train acc=0.86953125 loss=7.404560938477516 epoch=45 and step=20
2026-04-20 03:03:23,906 - SplitNNClient - INFO - 13456 - phase=train acc=0.873828125 loss=7.041455507278442 epoch=45 and step=20
2026-04-20 03:03:24,912 - SplitNNClient - INFO - 23932 - phase=train acc=0.854296875 loss=8.516101360321045 epoch=45 and step=20
2026-04-20 03:03:59,708 - SplitNNClient - INFO - 14632 - phase=train acc=0.7830729166666667 loss=17.638742208480835 epoch=45 and step=30
2026-04-20 03:04:09,448 - SplitNNClient - INFO - 3180 - phase=train acc=0.86015625 loss=12.126885622739792 epoch=45 and step=30
2026-04-20 03:04:17,068 - SplitNNClient - INFO - 23172 - phase=train acc=0.8734375 loss=10.995538055896759 epoch=45 and step=30
2026-04-20 03:04:18,137 - SplitNNClient - INFO - 13456 - phase=train acc=0.8768229166666667 loss=10.37618863582611 epoch=45 and step=30
2026-04-20 03:04:19,168 - SplitNNClient - INFO - 23932 - phase=train acc=0.8580729166666666 loss=12.34555670619011 epoch=45 and step=30
2026-04-20 03:04:53,628 - SplitNNClient - INFO - 14632 - phase=train acc=0.7880859375 loss=22.854299396276474 epoch=45 and step=40
2026-04-20 03:05:03,361 - SplitNNClient - INFO - 3180 - phase=train acc=0.8634765625 loss=15.618161216378212 epoch=45 and step=40
2026-04-20 03:05:10,948 - SplitNNClient - INFO - 23172 - phase=train acc=0.870703125 loss=15.014191597700119 epoch=45 and step=40
2026-04-20 03:05:12,010 - SplitNNClient - INFO - 13456 - phase=train acc=0.8791015625 loss=13.928509846329689 epoch=45 and step=40
2026-04-20 03:05:13,039 - SplitNNClient - INFO - 23932 - phase=train acc=0.86015625 loss=16.34275034070015 epoch=45 and step=40
2026-04-20 03:05:47,661 - SplitNNClient - INFO - 14632 - phase=train acc=0.79140625 loss=27.95623803138733 epoch=45 and step=50
2026-04-20 03:05:57,358 - SplitNNClient - INFO - 3180 - phase=train acc=0.863125 loss=19.436397805809975 epoch=45 and step=50
2026-04-20 03:06:04,869 - SplitNNClient - INFO - 23172 - phase=train acc=0.87203125 loss=18.48710161447525 epoch=45 and step=50
2026-04-20 03:06:05,937 - SplitNNClient - INFO - 13456 - phase=train acc=0.8759375 loss=17.591882541775703 epoch=45 and step=50
2026-04-20 03:06:07,032 - SplitNNClient - INFO - 23932 - phase=train acc=0.86 loss=20.618280559778214 epoch=45 and step=50
2026-04-20 03:06:43,336 - SplitNNClient - INFO - 3180 - phase=train acc=0.8661458333333333 loss=23.126334831118584 epoch=45 and step=60
2026-04-20 03:06:48,687 - SplitNNClient - INFO - 23172 - phase=train acc=0.8725260416666667 loss=22.0834638774395 epoch=45 and step=60
2026-04-20 03:06:49,747 - SplitNNClient - INFO - 13456 - phase=train acc=0.8782552083333334 loss=20.938508570194244 epoch=45 and step=60
2026-04-20 03:06:50,781 - SplitNNClient - INFO - 23932 - phase=train acc=0.8592447916666667 loss=24.992961168289185 epoch=45 and step=60
2026-04-20 03:07:27,051 - SplitNNClient - INFO - 13456 - phase=train acc=0.8790178571428572 loss=24.370184034109116 epoch=45 and step=70
2026-04-20 03:07:28,170 - SplitNNClient - INFO - 23932 - phase=train acc=0.8607142857142858 loss=29.23257687687874 epoch=45 and step=70
2026-04-20 03:07:45,791 - SplitNNClient - INFO - 13456 - phase=train acc=0.87958984375 loss=27.839682787656784 epoch=45 and step=80
2026-04-20 03:07:57,793 - SplitNNClient - INFO - 13456 - phase=train acc=0.8793402777777778 loss=31.014320224523544 epoch=45 and step=90
2026-04-20 03:08:09,760 - SplitNNClient - INFO - 13456 - phase=train acc=0.88109375 loss=34.30765490233898 epoch=45 and step=100
2026-04-20 03:08:21,776 - SplitNNClient - INFO - 13456 - phase=train acc=0.8807528409090909 loss=37.83500622212887 epoch=45 and step=110
2026-04-20 03:08:33,887 - SplitNNClient - INFO - 13456 - phase=train acc=0.88046875 loss=41.43098683655262 epoch=45 and step=120
2026-04-20 03:08:36,354 - FedServerManager - INFO - 19484 - get all model params ---- from rank 6
2026-04-20 03:08:46,479 - SplitNNClient - INFO - 3180 - phase=validation acc=0.7577 loss=68.28085994720459 epoch=45 and step=79
2026-04-20 03:08:46,510 - SplitNNClient - INFO - 14632 - phase=validation acc=0.7577 loss=68.28085994720459 epoch=45 and step=79
2026-04-20 03:08:48,764 - SplitNNClient - INFO - 23932 - phase=validation acc=0.7577 loss=68.11587119102478 epoch=45 and step=79
2026-04-20 03:08:49,858 - SplitNNClient - INFO - 13456 - phase=validation acc=0.7581 loss=67.86901593208313 epoch=45 and step=79
2026-04-20 03:08:52,083 - SplitNNClient - INFO - 23172 - phase=validation acc=0.7584 loss=67.52871161699295 epoch=45 and step=79
2026-04-20 03:09:32,094 - SplitNNClient - INFO - 3180 - phase=train acc=0.85234375 loss=4.215757489204407 epoch=46 and step=10
2026-04-20 03:09:35,343 - SplitNNClient - INFO - 14632 - phase=train acc=0.790625 loss=5.773787975311279 epoch=46 and step=10
2026-04-20 03:09:38,535 - SplitNNClient - INFO - 23932 - phase=train acc=0.8703125 loss=3.797230839729309 epoch=46 and step=10
2026-04-20 03:09:41,853 - SplitNNClient - INFO - 13456 - phase=train acc=0.87578125 loss=3.4149929881095886 epoch=46 and step=10
2026-04-20 03:09:45,132 - SplitNNClient - INFO - 23172 - phase=train acc=0.87109375 loss=3.5332936346530914 epoch=46 and step=10
2026-04-20 03:10:25,943 - SplitNNClient - INFO - 3180 - phase=train acc=0.861328125 loss=7.932396173477173 epoch=46 and step=20
2026-04-20 03:10:29,145 - SplitNNClient - INFO - 14632 - phase=train acc=0.80703125 loss=10.497075110673904 epoch=46 and step=20
2026-04-20 03:10:32,345 - SplitNNClient - INFO - 23932 - phase=train acc=0.870703125 loss=7.616752237081528 epoch=46 and step=20
2026-04-20 03:10:35,565 - SplitNNClient - INFO - 13456 - phase=train acc=0.875390625 loss=6.8553624749183655 epoch=46 and step=20
2026-04-20 03:10:38,756 - SplitNNClient - INFO - 23172 - phase=train acc=0.874609375 loss=6.883700430393219 epoch=46 and step=20
2026-04-20 03:11:19,770 - SplitNNClient - INFO - 3180 - phase=train acc=0.8651041666666667 loss=11.74409368634224 epoch=46 and step=30
2026-04-20 03:11:23,034 - SplitNNClient - INFO - 14632 - phase=train acc=0.81171875 loss=15.389050453901291 epoch=46 and step=30
2026-04-20 03:11:26,229 - SplitNNClient - INFO - 23932 - phase=train acc=0.86484375 loss=11.991367667913437 epoch=46 and step=30
2026-04-20 03:11:29,493 - SplitNNClient - INFO - 13456 - phase=train acc=0.88125 loss=10.092663437128067 epoch=46 and step=30
2026-04-20 03:11:32,697 - SplitNNClient - INFO - 23172 - phase=train acc=0.87734375 loss=10.167985394597054 epoch=46 and step=30
2026-04-20 03:12:13,623 - SplitNNClient - INFO - 3180 - phase=train acc=0.867578125 loss=15.647880986332893 epoch=46 and step=40
2026-04-20 03:12:16,818 - SplitNNClient - INFO - 14632 - phase=train acc=0.8111328125 loss=20.50031778216362 epoch=46 and step=40
2026-04-20 03:12:20,049 - SplitNNClient - INFO - 23932 - phase=train acc=0.8658203125 loss=15.88131707906723 epoch=46 and step=40
2026-04-20 03:12:23,310 - SplitNNClient - INFO - 13456 - phase=train acc=0.8775390625 loss=13.678452476859093 epoch=46 and step=40
2026-04-20 03:12:26,562 - SplitNNClient - INFO - 23172 - phase=train acc=0.8787109375 loss=13.51797004044056 epoch=46 and step=40
2026-04-20 03:13:07,483 - SplitNNClient - INFO - 3180 - phase=train acc=0.86703125 loss=19.287067756056786 epoch=46 and step=50
2026-04-20 03:13:10,809 - SplitNNClient - INFO - 14632 - phase=train acc=0.813125 loss=25.168087273836136 epoch=46 and step=50
2026-04-20 03:13:14,032 - SplitNNClient - INFO - 23932 - phase=train acc=0.865625 loss=19.940430119633675 epoch=46 and step=50
2026-04-20 03:13:17,268 - SplitNNClient - INFO - 13456 - phase=train acc=0.87953125 loss=16.660152569413185 epoch=46 and step=50
2026-04-20 03:13:20,500 - SplitNNClient - INFO - 23172 - phase=train acc=0.88046875 loss=16.727468565106392 epoch=46 and step=50
2026-04-20 03:13:56,174 - SplitNNClient - INFO - 3180 - phase=train acc=0.867578125 loss=22.797076538205147 epoch=46 and step=60
2026-04-20 03:14:01,445 - SplitNNClient - INFO - 23932 - phase=train acc=0.862890625 loss=24.219108000397682 epoch=46 and step=60
2026-04-20 03:14:03,611 - SplitNNClient - INFO - 13456 - phase=train acc=0.8791666666666667 loss=20.109894022345543 epoch=46 and step=60
2026-04-20 03:14:06,844 - SplitNNClient - INFO - 23172 - phase=train acc=0.878125 loss=20.408410117030144 epoch=46 and step=60
2026-04-20 03:14:41,458 - SplitNNClient - INFO - 23932 - phase=train acc=0.8618303571428572 loss=28.261670663952827 epoch=46 and step=70
2026-04-20 03:14:42,560 - SplitNNClient - INFO - 13456 - phase=train acc=0.8787946428571428 loss=23.746492490172386 epoch=46 and step=70
2026-04-20 03:15:00,397 - SplitNNClient - INFO - 13456 - phase=train acc=0.87998046875 loss=27.019967675209045 epoch=46 and step=80
2026-04-20 03:15:12,338 - SplitNNClient - INFO - 13456 - phase=train acc=0.8817708333333333 loss=30.252801537513733 epoch=46 and step=90
2026-04-20 03:15:24,461 - SplitNNClient - INFO - 13456 - phase=train acc=0.881484375 loss=33.867205053567886 epoch=46 and step=100
2026-04-20 03:15:36,544 - SplitNNClient - INFO - 13456 - phase=train acc=0.8808948863636363 loss=37.58532574772835 epoch=46 and step=110
2026-04-20 03:15:48,639 - SplitNNClient - INFO - 13456 - phase=train acc=0.8803385416666667 loss=41.400217175483704 epoch=46 and step=120
2026-04-20 03:15:51,104 - FedServerManager - INFO - 19484 - get all model params ---- from rank 6
2026-04-20 03:16:01,038 - SplitNNClient - INFO - 14632 - phase=validation acc=0.7687 loss=62.446343779563904 epoch=46 and step=79
2026-04-20 03:16:02,389 - SplitNNClient - INFO - 3180 - phase=validation acc=0.7689 loss=62.29958599805832 epoch=46 and step=79
2026-04-20 03:16:04,694 - SplitNNClient - INFO - 13456 - phase=validation acc=0.7692 loss=62.12140643596649 epoch=46 and step=79
2026-04-20 03:16:06,957 - SplitNNClient - INFO - 23172 - phase=validation acc=0.7702 loss=61.8756138086319 epoch=46 and step=79
2026-04-20 03:16:08,079 - SplitNNClient - INFO - 23932 - phase=validation acc=0.7706 loss=61.6714848279953 epoch=46 and step=79
2026-04-20 03:16:41,749 - SplitNNClient - INFO - 14632 - phase=train acc=0.78671875 loss=5.627437144517899 epoch=47 and step=10
2026-04-20 03:16:50,429 - SplitNNClient - INFO - 3180 - phase=train acc=0.8546875 loss=4.17854380607605 epoch=47 and step=10
2026-04-20 03:16:53,745 - SplitNNClient - INFO - 13456 - phase=train acc=0.884375 loss=3.3528455793857574 epoch=47 and step=10
2026-04-20 03:17:00,174 - SplitNNClient - INFO - 23172 - phase=train acc=0.871875 loss=3.801784247159958 epoch=47 and step=10
2026-04-20 03:17:02,283 - SplitNNClient - INFO - 23932 - phase=train acc=0.8609375 loss=4.176006585359573 epoch=47 and step=10
2026-04-20 03:17:35,748 - SplitNNClient - INFO - 14632 - phase=train acc=0.802734375 loss=10.615714430809021 epoch=47 and step=20
2026-04-20 03:17:44,294 - SplitNNClient - INFO - 3180 - phase=train acc=0.862890625 loss=7.842571407556534 epoch=47 and step=20
2026-04-20 03:17:47,562 - SplitNNClient - INFO - 13456 - phase=train acc=0.880859375 loss=6.8187612891197205 epoch=47 and step=20
2026-04-20 03:17:54,035 - SplitNNClient - INFO - 23172 - phase=train acc=0.880859375 loss=7.028111487627029 epoch=47 and step=20
2026-04-20 03:17:56,171 - SplitNNClient - INFO - 23932 - phase=train acc=0.855859375 loss=8.526577353477478 epoch=47 and step=20
2026-04-20 03:18:29,450 - SplitNNClient - INFO - 14632 - phase=train acc=0.81015625 loss=15.202415227890015 epoch=47 and step=30
2026-04-20 03:18:38,040 - SplitNNClient - INFO - 3180 - phase=train acc=0.8653645833333333 loss=11.417602986097336 epoch=47 and step=30
2026-04-20 03:18:41,507 - SplitNNClient - INFO - 13456 - phase=train acc=0.88046875 loss=10.113110810518265 epoch=47 and step=30
2026-04-20 03:18:47,960 - SplitNNClient - INFO - 23172 - phase=train acc=0.8786458333333333 loss=10.482666909694672 epoch=47 and step=30
2026-04-20 03:18:50,087 - SplitNNClient - INFO - 23932 - phase=train acc=0.8591145833333333 loss=12.541734039783478 epoch=47 and step=30
2026-04-20 03:19:23,499 - SplitNNClient - INFO - 14632 - phase=train acc=0.8126953125 loss=19.98976421356201 epoch=47 and step=40
2026-04-20 03:19:32,127 - SplitNNClient - INFO - 3180 - phase=train acc=0.8685546875 loss=14.949768006801605 epoch=47 and step=40
2026-04-20 03:19:35,351 - SplitNNClient - INFO - 13456 - phase=train acc=0.8783203125 loss=13.545540183782578 epoch=47 and step=40
2026-04-20 03:19:41,916 - SplitNNClient - INFO - 23172 - phase=train acc=0.8806640625 loss=13.891536951065063 epoch=47 and step=40
2026-04-20 03:19:44,014 - SplitNNClient - INFO - 23932 - phase=train acc=0.862109375 loss=16.079023510217667 epoch=47 and step=40
2026-04-20 03:20:17,259 - SplitNNClient - INFO - 14632 - phase=train acc=0.81421875 loss=24.901501536369324 epoch=47 and step=50
2026-04-20 03:20:25,845 - SplitNNClient - INFO - 3180 - phase=train acc=0.86953125 loss=18.693871200084686 epoch=47 and step=50
2026-04-20 03:20:29,074 - SplitNNClient - INFO - 13456 - phase=train acc=0.88 loss=16.984007984399796 epoch=47 and step=50
2026-04-20 03:20:35,499 - SplitNNClient - INFO - 23172 - phase=train acc=0.88046875 loss=17.24101074039936 epoch=47 and step=50
2026-04-20 03:20:37,568 - SplitNNClient - INFO - 23932 - phase=train acc=0.86171875 loss=20.212194800376892 epoch=47 and step=50
2026-04-20 03:21:11,891 - SplitNNClient - INFO - 3180 - phase=train acc=0.867578125 loss=22.633654356002808 epoch=47 and step=60
2026-04-20 03:21:14,050 - SplitNNClient - INFO - 13456 - phase=train acc=0.8791666666666667 loss=20.596751034259796 epoch=47 and step=60
2026-04-20 03:21:19,465 - SplitNNClient - INFO - 23172 - phase=train acc=0.8770833333333333 loss=20.911979749798775 epoch=47 and step=60
2026-04-20 03:21:21,594 - SplitNNClient - INFO - 23932 - phase=train acc=0.86171875 loss=24.216283693909645 epoch=47 and step=60
2026-04-20 03:21:54,929 - SplitNNClient - INFO - 13456 - phase=train acc=0.8819196428571429 loss=23.712772578001022 epoch=47 and step=70
2026-04-20 03:21:58,186 - SplitNNClient - INFO - 23932 - phase=train acc=0.8646205357142858 loss=27.69313319027424 epoch=47 and step=70
2026-04-20 03:22:14,492 - SplitNNClient - INFO - 13456 - phase=train acc=0.884375 loss=26.785356506705284 epoch=47 and step=80
2026-04-20 03:22:26,608 - SplitNNClient - INFO - 13456 - phase=train acc=0.8860243055555556 loss=29.918150648474693 epoch=47 and step=90
2026-04-20 03:22:38,683 - SplitNNClient - INFO - 13456 - phase=train acc=0.884765625 loss=33.47502155601978 epoch=47 and step=100
2026-04-20 03:22:50,812 - SplitNNClient - INFO - 13456 - phase=train acc=0.8838778409090909 loss=37.32688723504543 epoch=47 and step=110
2026-04-20 03:23:02,863 - SplitNNClient - INFO - 13456 - phase=train acc=0.8829427083333333 loss=41.14308272302151 epoch=47 and step=120
2026-04-20 03:23:05,399 - FedServerManager - INFO - 19484 - get all model params ---- from rank 6
2026-04-20 03:23:15,418 - SplitNNClient - INFO - 14632 - phase=validation acc=0.7383 loss=77.90052562952042 epoch=47 and step=79
2026-04-20 03:23:16,672 - SplitNNClient - INFO - 3180 - phase=validation acc=0.7383 loss=77.83027935028076 epoch=47 and step=79
2026-04-20 03:23:16,731 - SplitNNClient - INFO - 23932 - phase=validation acc=0.7386 loss=77.71779865026474 epoch=47 and step=79
2026-04-20 03:23:19,008 - SplitNNClient - INFO - 23172 - phase=validation acc=0.7388 loss=77.52846479415894 epoch=47 and step=79
2026-04-20 03:24:00,429 - SplitNNClient - INFO - 14632 - phase=train acc=0.7921875 loss=5.507216393947601 epoch=48 and step=10
2026-04-20 03:24:08,053 - SplitNNClient - INFO - 3180 - phase=train acc=0.87265625 loss=3.6226097494363785 epoch=48 and step=10
2026-04-20 03:24:09,115 - SplitNNClient - INFO - 13456 - phase=train acc=0.87109375 loss=3.5275664925575256 epoch=48 and step=10
2026-04-20 03:24:10,176 - SplitNNClient - INFO - 23932 - phase=train acc=0.85078125 loss=3.99266716837883 epoch=48 and step=10
2026-04-20 03:24:12,333 - SplitNNClient - INFO - 23172 - phase=train acc=0.890625 loss=3.104623019695282 epoch=48 and step=10
2026-04-20 03:24:54,145 - SplitNNClient - INFO - 14632 - phase=train acc=0.80390625 loss=10.166493892669678 epoch=48 and step=20
2026-04-20 03:25:01,734 - SplitNNClient - INFO - 3180 - phase=train acc=0.87421875 loss=7.036019548773766 epoch=48 and step=20
2026-04-20 03:25:02,796 - SplitNNClient - INFO - 13456 - phase=train acc=0.889453125 loss=6.311608672142029 epoch=48 and step=20
2026-04-20 03:25:03,830 - SplitNNClient - INFO - 23932 - phase=train acc=0.859765625 loss=7.707167595624924 epoch=48 and step=20
2026-04-20 03:25:05,994 - SplitNNClient - INFO - 23172 - phase=train acc=0.895703125 loss=6.08165642619133 epoch=48 and step=20
2026-04-20 03:25:47,878 - SplitNNClient - INFO - 14632 - phase=train acc=0.81015625 loss=15.077737510204315 epoch=48 and step=30
2026-04-20 03:25:55,368 - SplitNNClient - INFO - 3180 - phase=train acc=0.8822916666666667 loss=10.386421620845795 epoch=48 and step=30
2026-04-20 03:25:56,432 - SplitNNClient - INFO - 13456 - phase=train acc=0.8869791666666667 loss=9.624549210071564 epoch=48 and step=30
2026-04-20 03:25:57,467 - SplitNNClient - INFO - 23932 - phase=train acc=0.8575520833333333 loss=11.868290930986404 epoch=48 and step=30
2026-04-20 03:25:59,627 - SplitNNClient - INFO - 23172 - phase=train acc=0.8880208333333334 loss=9.643452987074852 epoch=48 and step=30
2026-04-20 03:26:41,438 - SplitNNClient - INFO - 14632 - phase=train acc=0.8158203125 loss=19.50239536166191 epoch=48 and step=40
2026-04-20 03:26:48,887 - SplitNNClient - INFO - 3180 - phase=train acc=0.8810546875 loss=13.697467565536499 epoch=48 and step=40
2026-04-20 03:26:49,952 - SplitNNClient - INFO - 13456 - phase=train acc=0.881640625 loss=13.336992412805557 epoch=48 and step=40
2026-04-20 03:26:51,020 - SplitNNClient - INFO - 23932 - phase=train acc=0.861328125 loss=15.665265768766403 epoch=48 and step=40
2026-04-20 03:26:53,186 - SplitNNClient - INFO - 23172 - phase=train acc=0.889453125 loss=12.660651475191116 epoch=48 and step=40
2026-04-20 03:27:35,004 - SplitNNClient - INFO - 14632 - phase=train acc=0.819375 loss=24.162309408187866 epoch=48 and step=50
2026-04-20 03:27:42,441 - SplitNNClient - INFO - 3180 - phase=train acc=0.8790625 loss=17.3320110142231 epoch=48 and step=50
2026-04-20 03:27:43,535 - SplitNNClient - INFO - 13456 - phase=train acc=0.8834375 loss=16.4679913520813 epoch=48 and step=50
2026-04-20 03:27:44,595 - SplitNNClient - INFO - 23932 - phase=train acc=0.8634375 loss=19.35588788986206 epoch=48 and step=50
2026-04-20 03:27:46,732 - SplitNNClient - INFO - 23172 - phase=train acc=0.8875 loss=15.792772337794304 epoch=48 and step=50
2026-04-20 03:28:28,676 - SplitNNClient - INFO - 3180 - phase=train acc=0.8770833333333333 loss=21.123129576444626 epoch=48 and step=60
2026-04-20 03:28:29,739 - SplitNNClient - INFO - 13456 - phase=train acc=0.8825520833333333 loss=19.922585785388947 epoch=48 and step=60
2026-04-20 03:28:30,831 - SplitNNClient - INFO - 23932 - phase=train acc=0.8627604166666667 loss=23.45664992928505 epoch=48 and step=60
2026-04-20 03:28:31,864 - SplitNNClient - INFO - 23172 - phase=train acc=0.8858072916666667 loss=19.60194219648838 epoch=48 and step=60
2026-04-20 03:29:09,333 - SplitNNClient - INFO - 13456 - phase=train acc=0.8832589285714286 loss=23.27706465125084 epoch=48 and step=70
2026-04-20 03:29:10,362 - SplitNNClient - INFO - 23932 - phase=train acc=0.8606026785714286 loss=27.759317219257355 epoch=48 and step=70
2026-04-20 03:29:27,868 - SplitNNClient - INFO - 13456 - phase=train acc=0.8818359375 loss=27.142949640750885 epoch=48 and step=80
2026-04-20 03:29:39,818 - SplitNNClient - INFO - 13456 - phase=train acc=0.88125 loss=30.69869539141655 epoch=48 and step=90
2026-04-20 03:29:51,804 - SplitNNClient - INFO - 13456 - phase=train acc=0.881171875 loss=34.09078900516033 epoch=48 and step=100
2026-04-20 03:30:03,851 - SplitNNClient - INFO - 13456 - phase=train acc=0.8821732954545455 loss=37.4357478171587 epoch=48 and step=110
2026-04-20 03:30:15,988 - SplitNNClient - INFO - 13456 - phase=train acc=0.8818359375 loss=40.902215734124184 epoch=48 and step=120
2026-04-20 03:30:18,498 - FedServerManager - INFO - 19484 - get all model params ---- from rank 6
2026-04-20 03:30:28,667 - SplitNNClient - INFO - 14632 - phase=validation acc=0.7647 loss=67.33065384626389 epoch=48 and step=79
2026-04-20 03:30:29,133 - SplitNNClient - INFO - 13456 - phase=validation acc=0.7647 loss=67.33065384626389 epoch=48 and step=79
2026-04-20 03:30:29,226 - SplitNNClient - INFO - 3180 - phase=validation acc=0.7647 loss=67.33065384626389 epoch=48 and step=79
2026-04-20 03:30:29,288 - SplitNNClient - INFO - 23172 - phase=validation acc=0.7647 loss=67.33065384626389 epoch=48 and step=79
2026-04-20 03:30:29,381 - SplitNNClient - INFO - 23932 - phase=validation acc=0.7647 loss=67.33065384626389 epoch=48 and step=79
2026-04-20 03:30:29,608 - CommBreakdown - INFO - 14632 - tensor_distribution rank=2 node_type=client phase=train epoch=49 sample=late tensor=activations[0] shape=(128, 64, 16, 16) mean=0.638347 std=1.06824 min=0 max=28.8767 mean_abs=0.638347 max_abs=28.8767 p95_abs=2.60723 p99_abs=4.76279 skewness=3.5737 kurtosis=27.3641 mean_channel_std=0.8515 std_channel_std=0.432368 max_channel_scale_over_min_channel_scale=13.7842 spread=high spread_score=1.67344 outliers=medium outlier_score=2.57735 near_zero=medium near_zero_fraction=0.471634
2026-04-20 03:30:30,085 - CommBreakdown - INFO - 13456 - tensor_distribution rank=1 node_type=client phase=train epoch=49 sample=late tensor=activations[0] shape=(128, 64, 16, 16) mean=0.638417 std=1.07235 min=0 max=29.1399 mean_abs=0.638417 max_abs=29.1399 p95_abs=2.5497 p99_abs=4.82605 skewness=3.66832 kurtosis=29.4738 mean_channel_std=0.85601 std_channel_std=0.438749 max_channel_scale_over_min_channel_scale=15.1475 spread=high spread_score=1.6797 outliers=medium outlier_score=2.56936 near_zero=medium near_zero_fraction=0.47215
2026-04-20 03:30:30,161 - CommBreakdown - INFO - 3180 - tensor_distribution rank=4 node_type=client phase=train epoch=49 sample=late tensor=activations[0] shape=(128, 64, 16, 16) mean=0.635858 std=1.07196 min=0 max=28.0092 mean_abs=0.635858 max_abs=28.0092 p95_abs=2.59148 p99_abs=4.79043 skewness=3.68307 kurtosis=29.1978 mean_channel_std=0.855824 std_channel_std=0.436703 max_channel_scale_over_min_channel_scale=13.9384 spread=high spread_score=1.68584 outliers=medium outlier_score=2.60089 near_zero=medium near_zero_fraction=0.472307
2026-04-20 03:30:30,235 - CommBreakdown - INFO - 23172 - tensor_distribution rank=3 node_type=client phase=train epoch=49 sample=late tensor=activations[0] shape=(128, 64, 16, 16) mean=0.634478 std=1.07135 min=0 max=24.9175 mean_abs=0.634478 max_abs=24.9175 p95_abs=2.60231 p99_abs=4.78235 skewness=3.65169 kurtosis=28.6733 mean_channel_std=0.853867 std_channel_std=0.436743 max_channel_scale_over_min_channel_scale=13.4561 spread=high spread_score=1.68855 outliers=medium outlier_score=2.58466 near_zero=medium near_zero_fraction=0.472826
2026-04-20 03:30:30,371 - CommBreakdown - INFO - 23932 - tensor_distribution rank=5 node_type=client phase=train epoch=49 sample=late tensor=activations[0] shape=(128, 64, 16, 16) mean=0.640709 std=1.06949 min=0 max=25.1272 mean_abs=0.640709 max_abs=25.1272 p95_abs=2.61828 p99_abs=4.74506 skewness=3.53167 kurtosis=26.6345 mean_channel_std=0.852554 std_channel_std=0.434179 max_channel_scale_over_min_channel_scale=13.7392 spread=high spread_score=1.66922 outliers=medium outlier_score=2.55372 near_zero=medium near_zero_fraction=0.471161
2026-04-20 03:31:22,365 - SplitNNClient - INFO - 14632 - phase=train acc=0.79296875 loss=5.516712546348572 epoch=49 and step=10
2026-04-20 03:31:23,551 - SplitNNClient - INFO - 13456 - phase=train acc=0.88984375 loss=3.1841722428798676 epoch=49 and step=10
2026-04-20 03:31:24,673 - SplitNNClient - INFO - 3180 - phase=train acc=0.86171875 loss=3.9249044209718704 epoch=49 and step=10
2026-04-20 03:31:25,775 - SplitNNClient - INFO - 23172 - phase=train acc=0.87109375 loss=3.540323704481125 epoch=49 and step=10
2026-04-20 03:31:26,904 - SplitNNClient - INFO - 23932 - phase=train acc=0.8671875 loss=3.9678273797035217 epoch=49 and step=10
2026-04-20 03:32:19,680 - SplitNNClient - INFO - 14632 - phase=train acc=0.80390625 loss=10.196634232997894 epoch=49 and step=20
2026-04-20 03:32:20,805 - SplitNNClient - INFO - 13456 - phase=train acc=0.903515625 loss=5.695212036371231 epoch=49 and step=20
2026-04-20 03:32:22,021 - SplitNNClient - INFO - 3180 - phase=train acc=0.8828125 loss=6.65626659989357 epoch=49 and step=20
2026-04-20 03:32:23,148 - SplitNNClient - INFO - 23172 - phase=train acc=0.877734375 loss=6.73831444978714 epoch=49 and step=20
2026-04-20 03:32:24,302 - SplitNNClient - INFO - 23932 - phase=train acc=0.871875 loss=7.556542158126831 epoch=49 and step=20
2026-04-20 03:33:17,044 - SplitNNClient - INFO - 14632 - phase=train acc=0.80859375 loss=15.008841007947922 epoch=49 and step=30
2026-04-20 03:33:18,171 - SplitNNClient - INFO - 13456 - phase=train acc=0.896875 loss=9.011577397584915 epoch=49 and step=30
2026-04-20 03:33:19,296 - SplitNNClient - INFO - 3180 - phase=train acc=0.8815104166666666 loss=10.046309903264046 epoch=49 and step=30
2026-04-20 03:33:20,450 - SplitNNClient - INFO - 23172 - phase=train acc=0.8799479166666667 loss=10.04659415781498 epoch=49 and step=30
2026-04-20 03:33:21,578 - SplitNNClient - INFO - 23932 - phase=train acc=0.8736979166666666 loss=11.19501343369484 epoch=49 and step=30
2026-04-20 03:34:15,123 - SplitNNClient - INFO - 14632 - phase=train acc=0.8158203125 loss=19.529355108737946 epoch=49 and step=40
2026-04-20 03:34:16,244 - SplitNNClient - INFO - 13456 - phase=train acc=0.8974609375 loss=12.059168055653572 epoch=49 and step=40
2026-04-20 03:34:17,394 - SplitNNClient - INFO - 3180 - phase=train acc=0.8775390625 loss=13.633811071515083 epoch=49 and step=40
2026-04-20 03:34:18,553 - SplitNNClient - INFO - 23172 - phase=train acc=0.8806640625 loss=13.749682694673538 epoch=49 and step=40
2026-04-20 03:34:19,675 - SplitNNClient - INFO - 23932 - phase=train acc=0.8677734375 loss=15.30200183391571 epoch=49 and step=40
2026-04-20 03:35:11,827 - SplitNNClient - INFO - 14632 - phase=train acc=0.8153125 loss=24.330849766731262 epoch=49 and step=50
2026-04-20 03:35:13,012 - SplitNNClient - INFO - 13456 - phase=train acc=0.89609375 loss=15.10189189016819 epoch=49 and step=50
2026-04-20 03:35:14,135 - SplitNNClient - INFO - 3180 - phase=train acc=0.8759375 loss=17.26020358502865 epoch=49 and step=50
2026-04-20 03:35:15,234 - SplitNNClient - INFO - 23172 - phase=train acc=0.88296875 loss=16.93288065493107 epoch=49 and step=50
2026-04-20 03:35:16,450 - SplitNNClient - INFO - 23932 - phase=train acc=0.87 loss=18.844958871603012 epoch=49 and step=50
2026-04-20 03:36:03,134 - SplitNNClient - INFO - 13456 - phase=train acc=0.893359375 loss=18.587752148509026 epoch=49 and step=60
2026-04-20 03:36:04,286 - SplitNNClient - INFO - 3180 - phase=train acc=0.875 loss=20.87475709617138 epoch=49 and step=60
2026-04-20 03:36:05,381 - SplitNNClient - INFO - 23172 - phase=train acc=0.882421875 loss=20.36391817033291 epoch=49 and step=60
2026-04-20 03:36:06,537 - SplitNNClient - INFO - 23932 - phase=train acc=0.86953125 loss=22.650518506765366 epoch=49 and step=60
2026-04-20 03:36:46,490 - SplitNNClient - INFO - 13456 - phase=train acc=0.8902901785714286 loss=22.08619086444378 epoch=49 and step=70
2026-04-20 03:36:47,708 - SplitNNClient - INFO - 23932 - phase=train acc=0.8703125 loss=26.24907723069191 epoch=49 and step=70
2026-04-20 03:37:08,007 - SplitNNClient - INFO - 13456 - phase=train acc=0.89248046875 loss=25.01935748755932 epoch=49 and step=80
2026-04-20 03:37:26,542 - SplitNNClient - INFO - 13456 - phase=train acc=0.8925347222222222 loss=28.142057791352272 epoch=49 and step=90
2026-04-20 03:37:45,012 - SplitNNClient - INFO - 13456 - phase=train acc=0.89171875 loss=31.57923212647438 epoch=49 and step=100
2026-04-20 03:38:03,488 - SplitNNClient - INFO - 13456 - phase=train acc=0.8913352272727273 loss=34.76742681860924 epoch=49 and step=110
2026-04-20 03:38:21,884 - SplitNNClient - INFO - 13456 - phase=train acc=0.8897135416666667 loss=38.4482027888298 epoch=49 and step=120
2026-04-20 03:38:25,574 - FedServerManager - INFO - 19484 - get all model params ---- from rank 6
2026-04-20 03:38:35,840 - SplitNNClient - INFO - 14632 - phase=validation acc=0.7822 loss=61.734189227223396 epoch=49 and step=79
2026-04-20 03:38:35,872 - CommBreakdown - INFO - 14632 - rank=2 node_type=client total_send=55457817074 total_receive=22683561900 send_by_category={'ACTS': 55426153950, 'MODEL': 31662900, 'OTHER': 224} recv_by_category={'GRADS': 22651901400, 'MODEL': 31660500} send_by_type={2: 55426153950, 7: 31662900, 5: 224} recv_by_type={1: 22651901400, 8: 31660500} mm_send_by_type={2: 55425967750, 7: 31661500, 5: 168} mm_recv_by_type={1: 22651901400, 8: 31660500}
2026-04-20 03:38:35,872 - SplitNNClient - INFO - 3180 - phase=validation acc=0.7822 loss=61.734189227223396 epoch=49 and step=79
2026-04-20 03:38:35,902 - init_client - INFO - 14632 - Client 2 run end
2026-04-20 03:38:35,904 - CommBreakdown - INFO - 3180 - rank=4 node_type=client total_send=61750278824 total_receive=28975315650 send_by_category={'ACTS': 61718615700, 'MODEL': 31662900, 'OTHER': 224} recv_by_category={'GRADS': 28943655150, 'MODEL': 31660500} send_by_type={2: 61718615700, 7: 31662900, 5: 224} recv_by_type={1: 28943655150, 8: 31660500} mm_send_by_type={2: 61718408500, 7: 31661500, 5: 168} mm_recv_by_type={1: 28943655150, 8: 31660500}
2026-04-20 03:38:35,934 - init_client - INFO - 3180 - Client 4 run end
2026-04-20 03:38:36,002 - SplitNNClient - INFO - 23172 - phase=validation acc=0.7822 loss=61.734189227223396 epoch=49 and step=79
2026-04-20 03:38:36,034 - CommBreakdown - INFO - 23172 - rank=3 node_type=client total_send=60911283924 total_receive=28136415150 send_by_category={'ACTS': 60879620800, 'MODEL': 31662900, 'OTHER': 224} recv_by_category={'GRADS': 28104754650, 'MODEL': 31660500} send_by_type={2: 60879620800, 7: 31662900, 5: 224} recv_by_type={1: 28104754650, 8: 31660500} mm_send_by_type={2: 60879416400, 7: 31661500, 5: 168} mm_recv_by_type={1: 28104754650, 8: 31660500}
2026-04-20 03:38:36,063 - init_client - INFO - 23172 - Client 3 run end
2026-04-20 03:38:36,096 - SplitNNClient - INFO - 13456 - phase=validation acc=0.7822 loss=61.734189227223396 epoch=49 and step=79
2026-04-20 03:38:36,117 - CommBreakdown - INFO - 13456 - rank=1 node_type=client total_send=83983643674 total_receive=51206178900 send_by_category={'ACTS': 83951980550, 'MODEL': 31662900, 'OTHER': 224} recv_by_category={'GRADS': 51174518400, 'MODEL': 31660500} send_by_type={2: 83951980550, 7: 31662900, 5: 224} recv_by_type={1: 51174518400, 8: 31660500} mm_send_by_type={2: 83951699150, 7: 31661500, 5: 168} mm_recv_by_type={1: 51174518400, 8: 31660500}
2026-04-20 03:38:36,146 - init_client - INFO - 13456 - Client 1 run end
2026-04-20 03:38:36,307 - SplitNNClient - INFO - 23932 - phase=validation acc=0.7822 loss=61.734189227223396 epoch=49 and step=79
2026-04-20 03:38:36,324 - CommBreakdown - INFO - 19484 - rank=6 node_type=server total_send=158302500 total_receive=158315060 send_by_category={'MODEL': 158302500} recv_by_category={'MODEL': 158314500, 'OTHER': 560} send_by_type={8: 158302500} recv_by_type={7: 158314500, 5: 560} mm_send_by_type={8: 158295500} mm_recv_by_type={7: 158314500, 5: 560}
2026-04-20 03:38:36,328 - CommBreakdown - INFO - 23932 - rank=5 node_type=client total_send=64686760974 total_receive=31911467400 send_by_category={'ACTS': 64655097850, 'MODEL': 31662900, 'OTHER': 224} recv_by_category={'GRADS': 31879806900, 'MODEL': 31660500} send_by_type={2: 64655097850, 7: 31662900, 5: 224} recv_by_type={1: 31879806900, 8: 31660500} mm_send_by_type={2: 64654880850, 7: 31661500, 5: 168} mm_recv_by_type={1: 31879806900, 8: 31660500}
2026-04-20 03:38:36,326 - CommBreakdown - INFO - 21576 - rank=0 node_type=server total_send=162754636500 total_receive=326631469410 send_by_category={'GRADS': 162754636500} recv_by_category={'ACTS': 326631468850, 'OTHER': 560} send_by_type={1: 162754636500} recv_by_type={2: 326631468850, 5: 560} mm_send_by_type={1: 162753540300} mm_recv_by_type={2: 326631468850, 5: 560}
2026-04-20 03:38:36,354 - init_fed_server - INFO - 19484 - FedServer run end
2026-04-20 03:38:36,357 - init_client - INFO - 23932 - Client 5 run end
2026-04-20 03:38:36,364 - init_server - INFO - 21576 - Server run end
